カテゴリ,施設名,郵便番号,所在地,住所,番地,電話番号,営業者氏名,確認・許可年月日,種別,旧種別,登録期限,保健所,出典ファイル
理容所,Ａｍｂｅｒ Ｊａｃｋ,520-3037,栗東市北中小路,栗東市北中小路４１３－１,４１３－１,077-551-0852,西出 隆秀,H17/03/30,,,,草津,5627913.pdf
理容所,ａｔｔｅｎ ｄｒｉｒ,520-2416,野洲市堤,野洲市堤２０６０－２,２０６０－２,077-589-6777,谷口 正雄,H17/06/21,,,,草津,5627913.pdf
理容所,ＢＡＲ ＢＥＲ 井上,520-3015,栗東市安養寺六丁目,栗東市安養寺六丁目６－３７,６－３７,52-0086,井上 忠志,S60/12/12,,,,草津,5627913.pdf
理容所,Ｂａｒ Ｂｅｒ ＧＯＬＬＹ,525-0055,草津市野路町,草津市野路町１５４５,１５４５,077-565-2932,小林 広宣,H14/03/20,,,,草津,5627913.pdf
理容所,ＢＡＲ ＢＥＲ ＳＨＯＰ 梅,524-0044,守山市古高町,守山市古高町４５１－１,４５１－１,077-581-3628,梅津 俊樹,H17/11/03,,,,草津,5627913.pdf
理容所,Ｂａｒ Ｂｅｒ ＹＡＭＡＭＯＴＯ,525-0032,草津市大路一丁目,草津市大路一丁目４－２８,４－２８,077-562-0023,山本 優,S37/04/07,,,,草津,5627913.pdf
理容所,ＢＡＲＢＥＲ ＧＬＡＤ,525-0027,草津市野村八丁目,草津市野村八丁目６－２２,６－２２,077-564-1599,山田 和人,H18/11/10,,,,草津,5627913.pdf
理容所,Ｂａｒｂｅｒ 壱,525-0061,草津市北山田町,草津市北山田町５８－４,５８－４,077-562-3782,宇野 一生,H20/07/08,,,,草津,5627913.pdf
理容所,ＣＲＡＺＥ Ｈａｉｒ,525-0061,草津市北山田町,草津市北山田町２８６,２８６,077-514-7051,清水 健太郎,H20/03/20,,,,草津,5627913.pdf
理容所,ＣＵＴ ＢＯＸ ＴＡＫＡ,525-0054,草津市東矢倉一丁目,草津市東矢倉一丁目２－２,２－２,077-565-3445,高岡 賢嗣,H14/09/10,,,,草津,5627913.pdf
理容所,ＥＴＳＵＫＯ ＨＡＩＲ ＭＡＫＥ,525-0037,草津市西大路町,草津市西大路町４－３２ エストピアプラザ ２Ｆ,４－３２ エストピアプラザ ２Ｆ,077-561-7233,大川 悦子,H14/10/11,,,,草津,5627913.pdf
理容所,Ｈａｉｒ ＆ Ｆａｃｅ ａｒｔｅｍｉ ｓ,525-0027,草津市野村一丁目,草津市野村一丁目２６－１１ パステルエイト ２,２６－１１ パステルエイト ２,077-561-7383,村居 克哉,H16/05/29,,,,草津,5627913.pdf
理容所,ＨＡＩＲ ＣＨＡＮＧＥ Ｔ’,520-2323,野洲市三上,野洲市三上４６０－２,４６０－２,077-588-0679,田中 則行,H07/11/02,,,,草津,5627913.pdf
理容所,ＨＡＩＲ ＭＡＫＥ Ｉ’Ｓ,520-2304,野洲市永原,野洲市永原１０１８－３,１０１８－３,077-587-2369,今在家 富子,S45/01/20,,,,草津,5627913.pdf
理容所,ｈａｉｒ ｍｏｄｅ ニシデ,524-0012,守山市播磨田町,守山市播磨田町１１３８－１,１１３８－１,077-582-2498,西出 俊二,S58/01/11,,,,草津,5627913.pdf
理容所,ＨＡＩＲ ＳＡＬＯＮ オンリー１,524-0041,守山市勝部五丁目,守山市勝部五丁目３－３６,３－３６,077-582-1521,奥村 騰,H18/10/20,,,,草津,5627913.pdf
理容所,Ｈａｉｒ Ｔａｎｉｇｕｃｈｉ,524-0011,守山市今市町,守山市今市町２９－４,２９－４,83-0204,谷口 武,S52/10/21,,,,草津,5627913.pdf
理容所,ＩＢＩＺＡ,524-0043,守山市二町町,守山市二町町３０－４８,３０－４８,077-582-1549,黒木 康弘,H19/12/18,,,,草津,5627913.pdf
理容所,ｉｍｐｒｅｓｓ,525-0066,草津市矢橋町,草津市矢橋町３０６－１,３０６－１,077-565-3233,有川 健一,H13/09/14,,,,草津,5627913.pdf
理容所,ＬＥＡＦ,520-3045,栗東市高野,栗東市高野５０３－３,５０３－３,077-553-5770,木村 貴幸,H16/01/13,,,,草津,5627913.pdf
理容所,ＬｏｏＰ（ループ）,525-0023,草津市平井六丁目,草津市平井六丁目８－３１,８－３１,566-0195,西尾 道明,H12/10/20,,,,草津,5627913.pdf
理容所,ＱＢハウス アルプラザ野洲店,520-2331,野洲市小篠原,野洲市小篠原１０００ アルプラザ野洲１ Ｆ,１０００ アルプラザ野洲１ Ｆ,0120-585-919,キュービーネット株式会社,R06/10/18,,,,草津,5627913.pdf
理容所,ＳｉＳｉｍｕｏａ（シシムーア）,525-0035,草津市西草津二丁目,草津市西草津二丁目３－１３,３－１３,077-563-9075,坂口 肇,H12/11/24,,,,草津,5627913.pdf
理容所,ＳＷＩＴＣＨ ＯＮ,520-3031,栗東市綣九丁目,栗東市綣九丁目１２－１４,１２－１４,077-575-1442,林田 吉春,H19/09/28,,,,草津,5627913.pdf
理容所,ＴＩＭＮＡＲ ティンナール,524-0022,守山市守山六丁目,守山市守山六丁目１０－７３,１０－７３,077-582-1017,五十嵐 貴義,H20/07/01,,,,草津,5627913.pdf
理容所,ＥＲｄｅ Ｔｓｕｊｉ,524-0104,守山市木浜町,守山市木浜町１８５６－１,１８５６－１,077-585-3288,有限会社おしゃれサロンツ ジ,S60/03/26,,,,草津,5627913.pdf
理容所,おしゃれの館 カズ,524-0061,守山市赤野井町,守山市赤野井町２４４－２,２４４－２,85-4978,山中 一男,H03/12/11,,,,草津,5627913.pdf
理容所,おしゃれの館 ツヂ,524-0022,守山市守山三丁目,守山市守山三丁目２４－１５,２４－１５,82-3722,有限会社おしゃれの館グル －プ,S61/09/12,,,,草津,5627913.pdf
理容所,髪のＷＡ タナカ,520-2352,野洲市冨波乙,野洲市冨波乙６８１－４２,６８１－４２,077-586-1423,田中 俊樹,H07/08/01,,,,草津,5627913.pdf
理容所,オダ理容,525-0063,草津市南山田町,草津市南山田町８２８,８２８,62-4091,小田 秀雄,S47/04/01,,,,草津,5627913.pdf
理容所,カット ハウス ムラキ,525-0014,草津市駒井沢町,草津市駒井沢町７０－４,７０－４,077-568-1151,村城 光男,H07/12/06,,,,草津,5627913.pdf
理容所,カット・プラザ にしうら,525-0054,草津市東矢倉二丁目,草津市東矢倉二丁目８－３,８－３,077-562-7615,西浦 秀人,H02/12/15,,,,草津,5627913.pdf
理容所,カットサロン カタヤマ,524-0102,守山市水保町,守山市水保町１２６９－６,１２６９－６,82-3311,片山 茂一,S56/11/09,,,,草津,5627913.pdf
理容所,カットサロン コスモー,520-2361,野洲市北野一丁目,野洲市北野一丁目１５－３３,１５－３３,077-586-2687,本間 美紀,H20/06/10,,,,草津,5627913.pdf
理容所,カットサロン タニムラ,520-2313,野洲市大篠原,野洲市大篠原１７４４－３,１７４４－３,077-588-0289,谷村 誠喜,S54/05/15,,,,草津,5627913.pdf
理容所,カットサロン フジタ,525-0034,草津市草津二丁目,草津市草津二丁目５－１７,５－１７,077-562-2220,藤田 良平,S43/06/29,,,,草津,5627913.pdf
理容所,カットハウス Ｂｉｌｌｙ Ｈｏｌｌｙ,524-0011,守山市今市町,守山市今市町１１３－５,１１３－５,077-583-2359,清家 一幸,H15/03/07,,,,草津,5627913.pdf
理容所,カットハウス キャッツ,525-0034,草津市草津四丁目,草津市草津四丁目８－１９,８－１９,077-566-4154,山内 久世,H15/03/18,,,,草津,5627913.pdf
理容所,カットハウス クイーン,520-3031,栗東市綣二丁目,栗東市綣二丁目２－３４ ウイングビュー１ Ｆ,２－３４ ウイングビュー１ Ｆ,077-554-4568,日置 陽子,H19/09/01,,,,草津,5627913.pdf
理容所,カットハウス とんぼ,524-0015,守山市矢島町,守山市矢島町１２００,１２００,85-0330,野洲 きみえ,H06/07/12,,,,草津,5627913.pdf
理容所,カットハウス ホラグチ,520-3047,栗東市手原二丁目,栗東市手原二丁目７－３,７－３,077-553-8787,有限会社ヘアーサロン ホ ラグチ,H10/12/02,,,,草津,5627913.pdf
理容所,カットハウス 山次,524-0012,守山市播磨田町,守山市播磨田町１１５－５,１１５－５,077-583-7197,川向 幸子,H20/06/04,,,,草津,5627913.pdf
理容所,keren hair’s matahari,520-3015,栗東市安養寺一丁目,栗東市安養寺一丁目１－１１,１－１１,077-554-5438,松下 保宏,H19/03/15,,,,草津,5627913.pdf
理容所,カット倶楽部 ＴＷＩＳＴ,520-3005,栗東市御園,栗東市御園１８６４－１,１８６４－１,58-3006,園山 隆,H06/04/05,,,,草津,5627913.pdf
理容所,カツベ理容,524-0041,守山市勝部一丁目,守山市勝部一丁目１２－４３,１２－４３,077-582-3222,山本 良夫,S54/10/31,,,,草津,5627913.pdf
理容所,キシモト,524-0015,守山市矢島町,守山市矢島町１２２４,１２２４,85-0849,岸本 美代子,S51/11/25,,,,草津,5627913.pdf
理容所,グランドビューティプラザナガタ理容室,525-0033,草津市東草津三丁目,草津市東草津三丁目３－１４,３－１４,62-4546,長田 浩,H08/05/29,,,,草津,5627913.pdf
理容所,さんぱつのお店 よこた,525-0011,草津市片岡町,草津市片岡町２２１－１,２２１－１,68-2282,横田 博,H01/04/11,,,,草津,5627913.pdf
理容所,とこや ハーフポテト,525-0066,草津市矢橋町,草津市矢橋町１２７－１,１２７－１,65-2490,山澤 茂行,S62/03/20,,,,草津,5627913.pdf
理容所,ナショナル理容店,525-0058,草津市野路東五丁目,草津市野路東五丁目２６－３８,２６－３８,077-562-5603,吉崎 寿,S48/06/19,,,,草津,5627913.pdf
理容所,バーバー オン ベルベット,525-0071,草津市南笠東二丁目,草津市南笠東二丁目７－７ ＹＫＳビル３Ｆ,７－７ ＹＫＳビル３Ｆ,077-567-1790,吉川 智幸,H11/09/09,,,,草津,5627913.pdf
理容所,ハジメちゃんの館,525-0061,草津市北山田町,草津市北山田町８１９,８１９,077-563-3434,宇野 臣一,H22/12/28,,,,草津,5627913.pdf
理容所,ハチヤ理容所,520-3021,栗東市蜂屋,栗東市蜂屋２０４－１,２０４－１,52-1290,濱本 続,S41/08/10,,,,草津,5627913.pdf
理容所,ひさいずみ理容店,525-0063,草津市南山田町,草津市南山田町３７０,３７０,62-3727,久泉 貢,S40/04/15,,,,草津,5627913.pdf
理容所,ファミリーサロン いぐち,525-0023,草津市平井一丁目,草津市平井一丁目４－２３,４－２３,077-563-6244,井口 吉次,S54/07/28,,,,草津,5627913.pdf
理容所,ヘアー ドゥ フェリオ,525-0023,草津市平井二丁目,草津市平井二丁目１－３,１－３,561-6856,倉田 治,H13/03/02,,,,草津,5627913.pdf
理容所,ヘアーサロン ＯＰＡＳ,524-0043,守山市二町町,守山市二町町１９０－１,１９０－１,077-507-0556,小出 克則,H19/11/16,,,,草津,5627913.pdf
理容所,ヘアーサロン あひる,525-0071,草津市南笠東一丁目,草津市南笠東一丁目６－３３,６－３３,077-563-5318,前場 和美,H14/01/29,,,,草津,5627913.pdf
理容所,ヘアーサロン アレジ,524-0102,守山市水保町,守山市水保町１２５５－７０,１２５５－７０,85-3833,山口 賀史,H07/10/20,,,,草津,5627913.pdf
理容所,ヘアーサロン イシカワ,520-2300,野洲市近江富士二丁目,野洲市近江富士二丁目１５－１６,１５－１６,077-587-2138,石川 清,H07/05/10,,,,草津,5627913.pdf
理容所,ヘアーサロン かたやま,520-3041,栗東市出庭,栗東市出庭１５０８,１５０８,077-553-1675,片山 浩,H18/06/06,,,,草津,5627913.pdf
理容所,ヘアーサロン グー,520-3031,栗東市綣二丁目,栗東市綣二丁目５－４－１－２,５－４－１－２,077-552-6745,嶋本 康成,H11/01/28,,,,草津,5627913.pdf
理容所,ヘアー＆ビューティサロン ナカガワ,520-3031,栗東市綣七丁目,栗東市綣七丁目７－１３,７－１３,077-552-2930,中川 敏,S47/04/10,,,,草津,5627913.pdf
理容所,ヘアーサロン レビュー,525-0027,草津市野村二丁目,草津市野村二丁目１－９ グランシティー西大 路１Ｆ,１－９ グランシティー西大 路１Ｆ,077-567-4445,岡田 章,H11/07/07,,,,草津,5627913.pdf
理容所,ヘアーサロン 村田,525-0014,草津市駒井沢町,草津市駒井沢町１８６－５,１８６－５,077-568-3496,村田 吉宏,H11/10/04,,,,草津,5627913.pdf
理容所,ヘアーサロン岸,524-0022,守山市守山一丁目,守山市守山一丁目９－８,９－８,583-4555,岸 俊弘,S63/10/29,,,,草津,5627913.pdf
理容所,ヘアーズ・さくらい,520-2351,野洲市冨波甲,野洲市冨波甲１１７３－１１,１１７３－１１,077-587-5519,櫻井 忠行,H11/10/01,,,,草津,5627913.pdf
理容所,ヘアードレッサー ゆかり,525-0053,草津市矢倉二丁目,草津市矢倉二丁目２－５,２－５,077-566-1049,上田 剛三,H06/05/02,,,,草津,5627913.pdf
理容所,ヘアークリエイトサロン クロダ,525-0066,草津市矢橋町,草津市矢橋町１８－９,１８－９,64-6113,黒田 公人,S54/07/17,,,,草津,5627913.pdf
理容所,ｈａｉｒ ｓｐｏｔ ＵＥＭＵＲＡ,520-2331,野洲市小篠原,野洲市小篠原８２６－６,８２６－６,077-587-3947,上村 武史,S60/12/12,,,,草津,5627913.pdf
理容所,ヘアーサロン ウメノ,524-0053,守山市横江町,守山市横江町２２２－２２,２２２－２２,82-6361,梅野 幸夫,S63/04/24,,,,草津,5627913.pdf
理容所,ヘアーサロン さかがみ,525-0066,草津市矢橋町,草津市矢橋町２３－５０,２３－５０,64-2716,坂上 勝,H02/03/20,,,,草津,5627913.pdf
理容所,ヘアーサロン ユウメン,525-0035,草津市西草津一丁目,草津市西草津一丁目７－６,７－６,63-1773,遊免 清,S60/07/22,,,,草津,5627913.pdf
理容所,ヘアーサロン 河合,520-3015,栗東市安養寺二丁目,栗東市安養寺二丁目１２－２７,１２－２７,077-553-5908,河合 良夫,S52/09/06,,,,草津,5627913.pdf
理容所,ヘアーサロン アラガ,525-0055,草津市野路町,草津市野路町１０８２－７,１０８２－７,63-0421,荒賀 忠夫,H20/08/21,,,,草津,5627913.pdf
理容所,ヘアサロン オクムラ,524-0031,守山市立入町,守山市立入町２５６－２,２５６－２,582-3977,奥村 光子,H12/07/10,,,,草津,5627913.pdf
理容所,ヘアーサロン さわ,520-2341,野洲市行畑二丁目,野洲市行畑二丁目１１－１９,１１－１９,077-586-0038,澤 幸雄,S57/12/14,,,,草津,5627913.pdf
理容所,ヘアーサロン たにぐち,525-0065,草津市橋岡町,草津市橋岡町２３－２５,２３－２５,64-3984,谷口 勝秀,S59/11/09,,,,草津,5627913.pdf
理容所,ヘアーサロン ダンヒル,525-0028,草津市上笠二丁目,草津市上笠二丁目６－２１上笠ハイツ１－３号,６－２１上笠ハイツ１－３号,077-565-3937,武田 忠清,S60/07/02,,,,草津,5627913.pdf
理容所,ヘアーサロン とこちょう,525-0032,草津市大路一丁目,草津市大路一丁目１－１－１１４,１－１－１１４,077-564-0930,山本 カヨ子,H05/03/08,,,,草津,5627913.pdf
理容所,ヘアーサロン トモ,525-0023,草津市平井四丁目,草津市平井四丁目３－３２,３－３２,64-7956,永通 保男,S52/07/19,,,,草津,5627913.pdf
理容所,ヘアーサロン ニシムラ,525-0026,草津市渋川一丁目,草津市渋川一丁目６－９,６－９,077-562-2241,西村 徹,H05/02/10,,,,草津,5627913.pdf
理容所,ヘアーサロン ノムラ,520-2342,野洲市野洲,野洲市野洲２９１,２９１,87-0744,野村 義博,S60/03/30,,,,草津,5627913.pdf
理容所,ヘアーサロン ふじおか,520-3024,栗東市小柿一丁目,栗東市小柿一丁目４－５,４－５,53-8609,藤岡 信章,H04/10/09,,,,草津,5627913.pdf
理容所,ヘアーサロン フジタ,525-0034,草津市草津一丁目,草津市草津一丁目４－３０,４－３０,077-562-0771,藤田 紀夫,S55/09/30,,,,草津,5627913.pdf
理容所,ヘアーサロン ヨシダ,525-0034,草津市草津一丁目,草津市草津一丁目８－１０,８－１０,62-0659,吉田 美喜子,S34/02/01,,,,草津,5627913.pdf
理容所,ヘアーサロン 松山,525-0054,草津市東矢倉二丁目,草津市東矢倉二丁目１－１,１－１,63-3005,松山 誠一,S52/02/22,,,,草津,5627913.pdf
理容所,ヘアーサロン 日進,520-2333,野洲市栄,野洲市栄２９－２３,２９－２３,87-2550,南部谷 晃,S58/08/04,,,,草津,5627913.pdf
理容所,ヘアーサロン 利帆,520-2361,野洲市北野一丁目,野洲市北野一丁目６－２,６－２,077-586-0763,木本 謙一,S54/03/28,,,,草津,5627913.pdf
理容所,ヘアスタジオ ポラリス,524-0021,守山市吉身三丁目,守山市吉身三丁目１１－１５ 南貸ビル１－Ｃ,１１－１５ 南貸ビル１－Ｃ,077-582-0559,櫻木 裕士,H19/03/28,,,,草津,5627913.pdf
理容所,ヘアーデザイン 戸嶋,520-3005,栗東市御園,栗東市御園１０２８ トレセンショップ 内,１０２８ トレセンショップ 内,077-558-2048,戸嶋 貞彦,S60/09/24,,,,草津,5627913.pdf
理容所,ヘアープラザ ニシ,525-0054,草津市東矢倉二丁目,草津市東矢倉二丁目９－１４,９－１４,65-1277,西 良二,S60/04/24,,,,草津,5627913.pdf
理容所,ヘヤーサロン ナカガワ,525-0006,草津市志那中町,草津市志那中町３６４－３,３６４－３,077-568-0814,中川 倉之助,S36/06/05,,,,草津,5627913.pdf
理容所,みずほ理容所,524-0102,守山市水保町,守山市水保町４７５－１,４７５－１,85-0909,辻 憲三,S50/09/01,,,,草津,5627913.pdf
理容所,めんず るーむ はぶ,525-0055,草津市野路町,草津市野路町６６８－１０,６６８－１０,64-1608,羽生 哲美,H07/11/01,,,,草津,5627913.pdf
理容所,メンズサロンブルート,525-0000,草津市笠山一丁目,草津市笠山一丁目８－３４,８－３４,564-0011,青木 亘,H17/03/09,,,,草津,5627913.pdf
理容所,ラルジュ,525-0066,草津市矢橋町,草津市矢橋町１６６０（草津総合病院内２ Ｆ）,１６６０（草津総合病院内２ Ｆ）,077-563-8866,有限会社ラルジュ,H19/03/30,,,,草津,5627913.pdf
理容所,リーフ理容赤坂店,520-3016,栗東市小野,栗東市小野１０４２,１０４２,077-553-4356,西田 要子,S62/04/13,,,,草津,5627913.pdf
理容所,わしだ理容院,520-3023,栗東市坊袋,栗東市坊袋２,２,077-552-0698,鷲田 清一,S42/04/25,,,,草津,5627913.pdf
理容所,浦山理容所,520-2351,野洲市冨波甲,野洲市冨波甲８７７－１,８７７－１,87-0729,浦山 芳正,S53/10/17,,,,草津,5627913.pdf
理容所,永尾理容所,524-0104,守山市木浜町,守山市木浜町１８３７－１,１８３７－１,077-585-1940,永尾 一夫,S37/11/10,,,,草津,5627913.pdf
理容所,横田理容所,525-0029,草津市下笠町,草津市下笠町１０４３,１０４３,68-0340,横田 政昭,S47/12/25,,,,草津,5627913.pdf
理容所,岡田理容院,525-0028,草津市上笠二丁目,草津市上笠二丁目２８－１５,２８－１５,077-563-6222,岡田 晄明,H11/07/26,,,,草津,5627913.pdf
理容所,高林理容,520-2421,野洲市野田,野洲市野田１６５４－１,１６５４－１,89-2810,高林 敬三,H06/01/26,,,,草津,5627913.pdf
理容所,済生会滋賀病院,520-3046,栗東市大橋二丁目,栗東市大橋二丁目４－１,４－１,52-1221,（社福）済生会滋賀県病院,S56/05/02,,,,草津,5627913.pdf
理容所,散髪屋 さんきち 守山店,524-0022,守山市守山六丁目,守山市守山六丁目１２－１２,１２－１２,077-582-7679,有限会社ラルジュ,H15/04/07,,,,草津,5627913.pdf
理容所,小林理容所,520-3031,栗東市綣七丁目,栗東市綣七丁目８－１３,８－１３,077-553-1625,小林 崇男,S52/12/03,,,,草津,5627913.pdf
理容所,西村理容所,524-0211,守山市小浜町,守山市小浜町１３２２－１,１３２２－１,85-2140,西村 政幸,H07/02/07,,,,草津,5627913.pdf
理容所,石井理容所,520-2331,野洲市小篠原,野洲市小篠原３８６－３,３８６－３,077-587-0464,石井 康夫,H07/11/21,,,,草津,5627913.pdf
理容所,石田理容院,525-0004,草津市上寺町,草津市上寺町３５０,３５０,68-2520,石田 義隆,S50/07/30,,,,草津,5627913.pdf
理容所,草津合同庁舎内 理容室,525-0034,草津市草津三丁目,草津市草津三丁目１４－７５,１４－７５,65-0909,山田 知一,S63/09/28,,,,草津,5627913.pdf
理容所,太田理容,520-3004,栗東市上砥山,栗東市上砥山１４５２,１４５２,58-0301,太田 岩千代,S43/01/19,,,,草津,5627913.pdf
理容所,竹村理容所,520-2423,野洲市西河原,野洲市西河原３１３－２,３１３－２,89-2282,竹村 明子,H06/06/13,,,,草津,5627913.pdf
理容所,中井理容所,525-0027,草津市野村二丁目,草津市野村二丁目４－６,４－６,62-7092,中井 俊哲,S45/10/28,,,,草津,5627913.pdf
理容所,中川理容所,525-0059,草津市野路五丁目,草津市野路五丁目９－５,９－５,62-1689,中川 時江,H07/05/09,,,,草津,5627913.pdf
理容所,中川理容店,525-0041,草津市青地町,草津市青地町４７９－２,４７９－２,62-2564,中川 順平,S53/07/18,,,,草津,5627913.pdf
理容所,日進理容店,524-0021,守山市吉身一丁目,守山市吉身一丁目４－１,４－１,077-582-2651,西村 俊彦,S51/06/15,,,,草津,5627913.pdf
理容所,髪スタジオ・ホラグチ,524-0021,守山市吉身二丁目,守山市吉身二丁目８－２１,８－２１,077-582-4097,有限会社髪スタジオ・ホラ グチ,H16/04/26,,,,草津,5627913.pdf
理容所,髪切屋 くわがた,525-0054,草津市東矢倉四丁目,草津市東矢倉四丁目２－７,２－７,077-563-4903,桑形 博一,H20/03/31,,,,草津,5627913.pdf
理容所,有限会社ヘアーサロン ノムラ,520-2342,野洲市野洲,野洲市野洲９４１－３,９４１－３,077-586-2400,野村 義博,H03/12/14,,,,草津,5627913.pdf
理容所,有限会社ヘアーサロン ホラグチ,525-0027,草津市野村六丁目,草津市野村六丁目３－２２,３－２２,077-563-3838,有限会社ヘアーサロン ホ ラグチ,H05/03/22,,,,草津,5627913.pdf
理容所,理容 中沢,524-0004,守山市笠原町,守山市笠原町７０６,７０６,82-2856,中沢 定,H08/11/28,,,,草津,5627913.pdf
理容所,理容・アキナガ,524-0002,守山市小島町,守山市小島町１５６４－３,１５６４－３,077-582-2735,秋永 一也,S55/07/01,,,,草津,5627913.pdf
理容所,理容ＩＮ理栄,525-0071,草津市南笠東四丁目,草津市南笠東四丁目９－６９,９－６９,62-1485,田村 理栄,H06/01/06,,,,草津,5627913.pdf
理容所,理容アキラ,524-0046,守山市今宿一丁目,守山市今宿一丁目２－１７,２－１７,583-8179,本田 しづ子,S62/11/24,,,,草津,5627913.pdf
理容所,理容いこい,520-3005,栗東市御園,栗東市御園４７０－１,４７０－１,58-1554,西村 修,H02/10/23,,,,草津,5627913.pdf
理容所,理容イマエ,524-0103,守山市洲本町,守山市洲本町１３５６－２,１３５６－２,077-585-1258,今江 正次,S46/12/21,,,,草津,5627913.pdf
理容所,Ｃｕｔ Ｃｌｕｂ ＤＲＩＦＴ,520-2401,野洲市吉川,野洲市吉川３６００－３,３６００－３,077-589-5362,大西 浩志,H05/10/28,,,,草津,5627913.pdf
理容所,理容キムラ,524-0215,守山市幸津川町,守山市幸津川町１３８２－３,１３８２－３,077-585-2257,木村 龍助,S23/07/01,,,,草津,5627913.pdf
理容所,理容サービス,524-0037,守山市梅田町,守山市梅田町２１５－１守山駅前プラザ２ Ｆ,２１５－１守山駅前プラザ２ Ｆ,82-8441,白石 睦子,H03/05/11,,,,草津,5627913.pdf
理容所,理容スギタ,525-0054,草津市東矢倉二丁目,草津市東矢倉二丁目４－３８,４－３８,077-565-3313,杉田 光隆,H11/06/25,,,,草津,5627913.pdf
理容所,理容たむら,525-0066,草津市矢橋町,草津市矢橋町８８４－７,８８４－７,077-563-2380,田村 和子,S59/11/16,,,,草津,5627913.pdf
理容所,理容とみ,525-0037,草津市西大路町,草津市西大路町６－２４,６－２４,64-2651,山本 富藏,S50/05/17,,,,草津,5627913.pdf
理容所,理容プラーナ イオン野洲店,520-2435,野洲市乙窪,野洲市乙窪４８０－１ イオン野洲店内,４８０－１ イオン野洲店内,077-589-6064,新屋 鉄次,H22/07/30,,,,草津,5627913.pdf
理容所,理容プラージュ草津店,525-0032,草津市大路一丁目,草津市大路一丁目１１－８ ジュンビル１Ｆ,１１－８ ジュンビル１Ｆ,077-565-8838,阪南理美容株式会社,H16/05/17,,,,草津,5627913.pdf
理容所,理容ホリイ,525-0034,草津市草津四丁目,草津市草津四丁目３－２４,３－２４,077-562-4871,堀井 京三,S45/09/19,,,,草津,5627913.pdf
理容所,理容ホンダ,524-0037,守山市梅田町,守山市梅田町９８－６,９８－６,077-582-2627,本田 秀雄,S53/01/13,,,,草津,5627913.pdf
理容所,理容マツイ,525-0016,草津市北大萱町,草津市北大萱町４７９,４７９,68-0736,松井 金滋,S51/09/25,,,,草津,5627913.pdf
理容所,理容ミウラ,524-0061,守山市赤野井町,守山市赤野井町１２６－１,１２６－１,077-585-0819,三浦 馨,H12/03/29,,,,草津,5627913.pdf
理容所,理容みやぎ,520-3047,栗東市手原四丁目,栗東市手原四丁目５－３,５－３,077-552-0310,宮城 豊治郎,S52/06/21,,,,草津,5627913.pdf
理容所,理容ミヤハラ,520-2351,野洲市冨波甲,野洲市冨波甲１１７３－１１,１１７３－１１,077-587-5350,宮原 道男,H03/09/11,,,,草津,5627913.pdf
理容所,理容ヤス,520-2412,野洲市六条,野洲市六条４８５－１２,４８５－１２,89-2604,野洲 三郎,S55/09/09,,,,草津,5627913.pdf
理容所,理容ヤマダ,520-2413,野洲市吉地,野洲市吉地１３２５,１３２５,89-4618,山田 辰夫,H01/11/02,,,,草津,5627913.pdf
理容所,理容金田,525-0046,草津市追分町,草津市追分町７８４－１２３,７８４－１２３,62-1252,金田 勝治,S51/10/29,,,,草津,5627913.pdf
理容所,理容山口,520-3012,栗東市岡,栗東市岡１９４－７,１９４－７,077-553-2603,山口 英雄,S51/07/21,,,,草津,5627913.pdf
理容所,理容室 若竹,525-0026,草津市渋川一丁目,草津市渋川一丁目８－１７,８－１７,077-563-4705,吉田 富夫,H13/10/31,,,,草津,5627913.pdf
理容所,理容室タナカ,520-2304,野洲市永原,野洲市永原５８４,５８４,077-588-3838,田中 征子,H01/02/13,,,,草津,5627913.pdf
理容所,理容室テラダ,524-0021,守山市吉身一丁目,守山市吉身一丁目１－４,１－４,82-2062,寺田 雅治,S59/11/21,,,,草津,5627913.pdf
理容所,Ｈａｉｒ＆Ｆａｃｅ ｓａｌｏｎ Ｏｈ ｍａｅ,520-2353,野洲市久野部,野洲市久野部１５０－２２,１５０－２２,077-587-0537,大前 信晴,S43/10/07,,,,草津,5627913.pdf
理容所,理容池田,524-0022,守山市守山二丁目,守山市守山二丁目５－１１,５－１１,077-582-5441,池田 和彦,S49/02/01,,,,草津,5627913.pdf
理容所,理容長野,525-0028,草津市上笠三丁目,草津市上笠三丁目１７－７,１７－７,63-2588,長野 進,S51/08/10,,,,草津,5627913.pdf
理容所,理容店 ざ座,525-0000,草津市笠山三丁目,草津市笠山三丁目２－６,２－６,077-565-0610,川越 豊和,H16/09/22,,,,草津,5627913.pdf
理容所,理容田中,525-0034,草津市草津一丁目,草津市草津一丁目３－１２,３－１２,62-1637,田中 伸芳,S50/02/26,,,,草津,5627913.pdf
理容所,ヘアーデザイン Ｗｉｌｌ－Ｂ,524-0012,守山市播磨田町,守山市播磨田町１３０２－８,１３０２－８,077-583-7788,森 和之,H21/05/01,,,,草津,5627913.pdf
理容所,ヘアーサロンＭＯＲＩ,524-0046,守山市今宿一丁目,守山市今宿一丁目３－１６,３－１６,077-582-4714,森 幸子,H21/08/19,,,,草津,5627913.pdf
理容所,Ｇｒｅｅｎ Ｈａｉｒ,525-0034,草津市草津二丁目,草津市草津二丁目１６－１７,１６－１７,532-2468,鵜飼 浩幸,H21/10/07,,,,草津,5627913.pdf
理容所,ｉｎｎａ ＨＡＩＲ ＤＥＳＩＧＮ Ｙ ＡＭＡＤＡ,525-0029,草津市下笠町,草津市下笠町１０２７－７,１０２７－７,077-532-4277,山田 浩次,H22/02/04,,,,草津,5627913.pdf
理容所,カットサロン ヤマナカ,523-0044,近江八幡市篠原町一丁 目,近江八幡市篠原町一丁 目１１－４,１１－４,34-6223,山中 昭二,S57/01/06,,,,東近江,5627913.pdf
理容所,カットスペース たけむら,527-0025,東近江市八日市東本町,東近江市八日市東本町３－２３,３－２３,22-2480,竹村 幸之助,H06/09/20,,,,東近江,5627913.pdf
理容所,カットハウス ＲＩＫＩ,523-0005,近江八幡市末広町,近江八幡市末広町３６２,３６２,0748-37-5758,清田 力,H14/04/04,,,,東近江,5627913.pdf
理容所,カットハウス しゃぼん,521-1222,東近江市佐野町,東近江市佐野町５６－９,５６－９,0748-42-7759,秋山 博文,H13/09/19,,,,東近江,5627913.pdf
理容所,カットハウス スズキ,527-0046,東近江市妙法寺町,東近江市妙法寺町大林６９３－２,大林６９３－２,23-0793,鈴木 泰一,H05/05/18,,,,東近江,5627913.pdf
理容所,カットハウス ハシノ,521-1311,近江八幡市安土町下豊 浦,近江八幡市安土町下豊 浦４５９３－２,４５９３－２,46-4985,橋野 浩一,S63/02/16,,,,東近江,5627913.pdf
理容所,カットハウス フジイ,527-0013,東近江市東中野町,東近江市東中野町７－３０,７－３０,22-4526,藤井 眞澄,H06/01/13,,,,東近江,5627913.pdf
理容所,カットハウス 髪風船,521-1222,東近江市佐野町,東近江市佐野町４２０－４,４２０－４,42-7585,清水 哲司,H05/01/05,,,,東近江,5627913.pdf
理容所,カットハウスアカザワ,529-1603,蒲生郡日野町大窪,蒲生郡日野町大窪１０２２,１０２２,0748-52-0434,赤澤 尚樹,H20/09/26,,,,東近江,5627913.pdf
理容所,カットハウスこいずみ,527-0231,東近江市山上町,東近江市山上町１２４８－１,１２４８－１,27-0631,小泉 健次,H07/02/08,,,,東近江,5627913.pdf
理容所,カットハウス床龍,523-0877,近江八幡市池田町四丁 目,近江八幡市池田町四丁 目１８,１８,0748-33-4335,田村 成久,H11/09/28,,,,東近江,5627913.pdf
理容所,キムラ理容院,520-2561,蒲生郡竜王町須惠,蒲生郡竜王町須惠１０６５,１０６５,58-0865,木村 廣次,H09/01/28,,,,東近江,5627913.pdf
理容所,キムラ理容所,527-0212,東近江市永源寺高野町,東近江市永源寺高野町２８６,２８６,27-0665,木村 住夫,H06/04/06,,,,東近江,5627913.pdf
理容所,こにし理容店,523-0806,近江八幡市北之庄町,近江八幡市北之庄町１１６１,１１６１,32-2793,小西 正男,S45/05/21,,,,東近江,5627913.pdf
理容所,サカエ理容室,520-2531,蒲生郡竜王町山之上,蒲生郡竜王町山之上２４７６,２４７６,0748-57-0061,石井 雄介,H11/03/30,,,,東近江,5627913.pdf
理容所,サロン ド ジョイ,523-0075,近江八幡市野村町,近江八幡市野村町３０７－４,３０７－４,36-8644,仲江 孝彦,S62/09/24,,,,東近江,5627913.pdf
理容所,サワムラ理容所,527-0039,東近江市青葉町,東近江市青葉町１－２７,１－２７,22-5106,澤村 隆司,S44/04/28,,,,東近江,5627913.pdf
理容所,しが理容 のと川店,521-1231,東近江市能登川町,東近江市能登川町５０－４,５０－４,0748-42-6428,西岡 龍治,H14/04/17,,,,東近江,5627913.pdf
理容所,スオウ理容院,523-0887,近江八幡市西元町,近江八幡市西元町５,５,33-2079,周防 功司,H03/12/06,,,,東近江,5627913.pdf
理容所,たけだ理容店,521-1311,近江八幡市安土町下豊 浦,近江八幡市安土町下豊 浦５０９６ Ｋマート前,５０９６ Ｋマート前,46-4687,竹田 久子,S53/07/27,,,,東近江,5627913.pdf
理容所,タニ理容所,527-0025,東近江市八日市東本町,東近江市八日市東本町５－３２,５－３２,22-3145,谷 初江,S47/11/27,,,,東近江,5627913.pdf
理容所,トメサ理容院,521-1351,近江八幡市安土町常楽 寺,近江八幡市安土町常楽 寺３００,３００,46-4331,福井 邦治,S51/06/23,,,,東近江,5627913.pdf
理容所,パーラー ラムセス,527-0055,東近江市瓜生津町,東近江市瓜生津町１３－１６,１３－１６,22-0053,布川 史晶,H05/07/14,,,,東近江,5627913.pdf
理容所,ひかり理容所,529-1628,蒲生郡日野町西大路,蒲生郡日野町西大路２１１６－４,２１１６－４,52-3132,奥田 光治郎,S44/07/01,,,,東近江,5627913.pdf
理容所,ひかり理容所,523-0058,近江八幡市加茂町,近江八幡市加茂町２９６５,２９６５,34-8181,高橋 寿三夫,S39/11/02,,,,東近江,5627913.pdf
理容所,ヒナガ理容所,529-1537,東近江市市子殿町,東近江市市子殿町３０３,３０３,55-0518,日永 啓一,S43/12/01,,,,東近江,5627913.pdf
理容所,ビューティーセクション チャウズ,529-1601,蒲生郡日野町松尾,蒲生郡日野町松尾３－７ ２Ｆ,３－７ ２Ｆ,53-2117,川東 勉,S63/11/22,,,,東近江,5627913.pdf
理容所,ファミリーサロン ヨネクラ,523-0031,近江八幡市堀上町,近江八幡市堀上町１７０,１７０,0748-33-8148,米倉 育夫,H18/09/29,,,,東近江,5627913.pdf
理容所,ファミリーヘアーサロン いわさき,527-0063,東近江市大森町,東近江市大森町１５５５,１５５５,22-3284,岩﨑 量平,S58/12/16,,,,東近江,5627913.pdf
理容所,フィール,523-0857,近江八幡市八幡町,近江八幡市八幡町４８－１６,４８－１６,0748-32-3273,須山 房子,H14/11/28,,,,東近江,5627913.pdf
理容所,ふじた理容,527-0103,東近江市湯屋町,東近江市湯屋町１２７８,１２７８,45-2131,藤田 一枝,S60/10/01,,,,東近江,5627913.pdf
理容所,プラージュ八幡理容,523-0894,近江八幡市中村町,近江八幡市中村町１－２ 山添ビル１Ｆ,１－２ 山添ビル１Ｆ,32-6708,阪南理美容株式会社,H04/07/31,,,,東近江,5627913.pdf
理容所,ヘアー モリキ,529-1601,蒲生郡日野町松尾,蒲生郡日野町松尾１５７８,１５７８,0748-52-1541,森木 ミキ子,H17/03/22,,,,東近江,5627913.pdf
理容所,ヘアーサロン Ｍ おく井,521-1311,近江八幡市安土町下豊 浦,近江八幡市安土町下豊 浦十七５０９６－１２７,十七５０９６－１２７,46-2356,奥井 道夫,H04/03/18,,,,東近江,5627913.pdf
理容所,ヘアーサロン いしばし,529-1402,東近江市五個荘七里町,東近江市五個荘七里町６５－７,６５－７,48-3121,石橋 正男,S58/07/04,,,,東近江,5627913.pdf
理容所,ヘアーサロン カワバタ,523-0877,近江八幡市池田町四丁 目,近江八幡市池田町四丁 目３１,３１,33-3653,五島 猛,S49/02/08,,,,東近江,5627913.pdf
理容所,ヘアーサロン キタムラ,529-1413,東近江市五個荘簗瀬町,東近江市五個荘簗瀬町８４８－３,８４８－３,48-2363,北村 絹江,H01/09/19,,,,東近江,5627913.pdf
理容所,ヘアーサロン クシダ,521-1225,東近江市山路町,東近江市山路町６９２,６９２,42-1655,櫛田 美奈子,H06/03/29,,,,東近江,5627913.pdf
理容所,ヘアーサロン コダマ,529-1541,東近江市蒲生堂町,東近江市蒲生堂町３４０－１２３,３４０－１２３,55-2344,児玉 忍,H01/12/08,,,,東近江,5627913.pdf
理容所,ヘアーサロン コバヤシ,523-0037,近江八幡市東町,近江八幡市東町３１１,３１１,37-7600,小林 健,H02/05/30,,,,東近江,5627913.pdf
理容所,ヘアーサロン コマイ,523-0004,近江八幡市西生来町,近江八幡市西生来町９３１－８,９３１－８,37-7907,駒井 繁樹,H02/04/10,,,,東近江,5627913.pdf
理容所,ヘアーサロン シミズ,521-1222,東近江市佐野町,東近江市佐野町１９７,１９７,42-1248,清水 敏男,H06/03/08,,,,東近江,5627913.pdf
理容所,ヘアーサロン スヤマ,523-0856,近江八幡市音羽町,近江八幡市音羽町１９－９,１９－９,34-6331,須山 藤好,S57/02/24,,,,東近江,5627913.pdf
理容所,ヘアーサロン ソノダ,520-2573,蒲生郡竜王町鏡,蒲生郡竜王町鏡１１８５,１１８５,58-0287,園田 美代子,S60/11/18,,,,東近江,5627913.pdf
理容所,ヘアーサロン タカハシ,529-1404,東近江市宮荘町,東近江市宮荘町６３１－５,６３１－５,48-2448,髙橋 澄子,S46/08/06,,,,東近江,5627913.pdf
理容所,ヘアーサロン なえむら,527-0018,東近江市八日市清水二 丁目,東近江市八日市清水二 丁目９－１,９－１,22-0709,苗村 淳,S42/03/05,,,,東近江,5627913.pdf
理容所,ヘアーサロン ナカムラ,521-1341,近江八幡市安土町上豊 浦,近江八幡市安土町上豊 浦１１１０－８,１１１０－８,46-5014,中村 守,S53/07/22,,,,東近江,5627913.pdf
理容所,ヘアーサロン にしだ,523-0048,近江八幡市緑町二丁目,近江八幡市緑町二丁目１１０５－２７,１１０５－２７,34-6760,西田 里美,H05/11/04,,,,東近江,5627913.pdf
理容所,ヘアーサロン ファミリー,523-0015,近江八幡市上田町,近江八幡市上田町１２５７－２０,１２５７－２０,37-1289,平田 邦昭,S57/09/04,,,,東近江,5627913.pdf
理容所,ヘアーサロン フクチ,523-0004,近江八幡市西生来町,近江八幡市西生来町１２０３,１２０３,37-7537,福地 信子,S58/11/05,,,,東近江,5627913.pdf
理容所,ヘアーサロン フジオ,527-0005,東近江市建部南町,東近江市建部南町２３５－１,２３５－１,22-2439,日浦 富士雄,H08/05/20,,,,東近江,5627913.pdf
理容所,ヘアーサロン ムライ,523-0022,近江八幡市馬淵町,近江八幡市馬淵町１６５２－１,１６５２－１,37-7375,村居 二三夫,S49/03/22,,,,東近江,5627913.pdf
理容所,ヘアーサロン ムラタ,520-2521,蒲生郡竜王町川守,蒲生郡竜王町川守４５０－１,４５０－１,57-0646,村田 巌,H06/09/26,,,,東近江,5627913.pdf
理容所,ヘアーサロン ヤスイ,521-1243,東近江市栗見新田町,東近江市栗見新田町７４１,７４１,45-0095,安居 しか代,S44/04/06,,,,東近江,5627913.pdf
理容所,ヘアーサロン やまぐち,527-0231,東近江市山上町,東近江市山上町１１７６,１１７６,27-1417,山口 郁夫,S56/11/24,,,,東近江,5627913.pdf
理容所,ヘアーサロン よこやま,529-1603,蒲生郡日野町大窪,蒲生郡日野町大窪５７９,５７９,52-1453,横山 昇,S53/10/16,,,,東近江,5627913.pdf
理容所,ヘアーサロン ヨネヤマ,523-0031,近江八幡市堀上町,近江八幡市堀上町１４２－４１,１４２－４１,33-0065,米山 貞夫,S51/08/11,,,,東近江,5627913.pdf
理容所,ヘアーサロン 松村,527-0227,東近江市石谷町,東近江市石谷町５５８－５,５５８－５,0748-27-1826,松村 秋代,H17/03/16,,,,東近江,5627913.pdf
理容所,ヘアーサロン 川島,529-1571,東近江市川合町,東近江市川合町１０６６－１,１０６６－１,55-0372,川島 恒己,S47/01/12,,,,東近江,5627913.pdf
理容所,ヘアーサロン 大砲館,529-1601,蒲生郡日野町松尾,蒲生郡日野町松尾１４９４,１４９４,52-1295,高倉 善三郎,S53/12/12,,,,東近江,5627913.pdf
理容所,ヘアーサロン 達川,527-0033,東近江市東沖野一丁目,東近江市東沖野一丁目７－４８,７－４８,22-1319,達川 保健,H02/10/08,,,,東近江,5627913.pdf
理容所,ヘアーサロン 池田,527-0012,東近江市八日市本町,東近江市八日市本町１７－９,１７－９,22-5171,池田 誠弘,S50/03/01,,,,東近江,5627913.pdf
理容所,ヘアーサロン 髪切屋 バル,527-0033,東近江市東沖野三丁目,東近江市東沖野三丁目２－１７,２－１７,23-5880,林 成男,S53/02/28,,,,東近江,5627913.pdf
理容所,ヘアーサロンいちい,529-1431,東近江市五個荘山本町,東近江市五個荘山本町７８－１,７８－１,48-2695,市井 善蔵,S57/12/01,,,,東近江,5627913.pdf
理容所,ヘアーサロンタニダ,527-0102,東近江市平柳町,東近江市平柳町６１０,６１０,45-1709,谷田 信一,H01/08/03,,,,東近江,5627913.pdf
理容所,ヘアーサロン久松,523-0013,近江八幡市長光寺町,近江八幡市長光寺町９０,９０,37-7175,久松 英夫,S48/11/16,,,,東近江,5627913.pdf
理容所,ヘアーサロン川崎,523-0892,近江八幡市出町,近江八幡市出町４９３,４９３,32-3560,川崎 雅夫,H13/03/27,,,,東近江,5627913.pdf
理容所,ヘアースタジオ フィット,529-1631,蒲生郡日野町鎌掛,蒲生郡日野町鎌掛２８４７,２８４７,0748-53-2328,竹村 達幸,H13/06/25,,,,東近江,5627913.pdf
理容所,ヘアーハウス 燦,527-0034,東近江市沖野二丁目,東近江市沖野二丁目１０－３,１０－３,23-6190,吉見 一夫,S57/07/05,,,,東近江,5627913.pdf
理容所,ヘアーファッションサロンタイナカ,523-0084,近江八幡市船木町,近江八幡市船木町１１２８－１,１１２８－１,33-4423,田井中 町男,S59/10/28,,,,東近江,5627913.pdf
理容所,ヘアーモード 床龍,523-0891,近江八幡市鷹飼町,近江八幡市鷹飼町６７４－１,６７４－１,0748-32-2806,中村 進,H14/04/09,,,,東近江,5627913.pdf
理容所,ヘアーリラクゼーション Ｉ－ｔｓ,529-1431,東近江市五個荘山本町,東近江市五個荘山本町１０３,１０３,0748-48-5201,市井 保伸,H19/05/07,,,,東近江,5627913.pdf
理容所,ヘアーワーク おおたに,527-0045,東近江市中小路町,東近江市中小路町５５１－１ アートＳＨＵＮ ２１ １Ｆ,５５１－１ アートＳＨＵＮ ２１ １Ｆ,0748-25-7168,大谷 和彦,H15/03/26,,,,東近江,5627913.pdf
理容所,ヘアーワークス Ｙ’ｓ,523-0819,近江八幡市西本郷町西,近江八幡市西本郷町西１－２,１－２,0748-37-8003,小林 庸子,H07/11/24,,,,東近江,5627913.pdf
理容所,ヘアサロン やすむら,521-1235,東近江市伊庭町,東近江市伊庭町２３３１,２３３１,0748-42-1667,安村 重幸,H13/04/13,,,,東近江,5627913.pdf
理容所,ヘアーサロン高倉,520-2531,蒲生郡竜王町山之上,蒲生郡竜王町山之上１２０４－３,１２０４－３,57-0915,高倉 健治,H07/11/21,,,,東近江,5627913.pdf
理容所,ヘアーファッション ナカジマ,527-0113,東近江市池庄町,東近江市池庄町１５２１,１５２１,0749-45-0472,中島 宏,H12/05/10,,,,東近江,5627913.pdf
理容所,ヘブンズ ヘアー,521-1221,東近江市垣見町,東近江市垣見町５５３－３,５５３－３,0748-42-2056,井上 嘉美,H15/02/21,,,,東近江,5627913.pdf
理容所,マツバラ理容院,523-0063,近江八幡市十王町,近江八幡市十王町３７０,３７０,36-8163,松原 繁,S39/08/19,,,,東近江,5627913.pdf
理容所,ミッチー,527-0046,東近江市妙法寺町,東近江市妙法寺町８８３－５,８８３－５,23-3883,肥夏 清美,S49/12/14,,,,東近江,5627913.pdf
理容所,ミフネ理容所,523-0813,近江八幡市西本郷町,近江八幡市西本郷町４０１,４０１,37-7387,奥谷 潔,S43/07/04,,,,東近江,5627913.pdf
理容所,ムッシュ リュウマ,523-0015,近江八幡市上田町,近江八幡市上田町１７６－６,１７６－６,0748-37-0438,有限会社ムッシュリュウマ,H18/12/22,,,,東近江,5627913.pdf
理容所,メンズ＆レディースサロン タマミズ,527-0076,東近江市野口町,東近江市野口町１－２８,１－２８,0748-23-0576,玉水 龍太郎,H11/05/20,,,,東近江,5627913.pdf
理容所,ユアーズ,529-1421,東近江市五個荘竜田町,東近江市五個荘竜田町６３４,６３４,48-3881,市田 茂輔,H04/04/23,,,,東近江,5627913.pdf
理容所,ラルジュ神崎中央病院店,529-1445,東近江市五個荘清水鼻 町,東近江市五個荘清水鼻 町９５神崎中央病院内,９５神崎中央病院内,0748-48-5555,有限会社ラルジュ,H19/05/07,,,,東近江,5627913.pdf
理容所,リビーブ ひろ,529-1501,東近江市石塔町,東近江市石塔町９６２,９６２,0748-55-1902,森 ひさみ,H10/05/21,,,,東近江,5627913.pdf
理容所,阿部理容,523-0043,近江八幡市池田本町,近江八幡市池田本町１１０１－９,１１０１－９,33-3422,阿部 武,S49/09/04,,,,東近江,5627913.pdf
理容所,河島美容院,527-0155,東近江市大林町,東近江市大林町６２１,６２１,46-1322,河島 正明,S41/06/28,,,,東近江,5627913.pdf
理容所,橋本理容,523-0085,近江八幡市南津田町,近江八幡市南津田町１８４,１８４,33-7424,橋本 新一,S29/03/01,,,,東近江,5627913.pdf
理容所,近江鉄道グループ弥栄会,527-0025,東近江市八日市東本町,東近江市八日市東本町１１－３,１１－３,22-5511,高木 久次,H09/07/11,,,,東近江,5627913.pdf
理容所,高倉理容所,529-1572,東近江市桜川西町,東近江市桜川西町８４,８４,55-0919,高倉 雄治,S41/11/30,,,,東近江,5627913.pdf
理容所,散髪屋のさんきち,523-0893,近江八幡市桜宮町,近江八幡市桜宮町２１５－１,２１５－１,,有限会社ラルジュ,H12/04/07,,,,東近江,5627913.pdf
理容所,四谷理容院,523-0075,近江八幡市野村町,近江八幡市野村町１５３９－３,１５３９－３,36-8306,四谷 深雪,S31/03/06,,,,東近江,5627913.pdf
理容所,小澤理容所,527-0125,東近江市小田苅町,東近江市小田苅町２６８,２６８,45-0370,小澤 富美代,S57/11/01,,,,東近江,5627913.pdf
理容所,床栄,523-0877,近江八幡市池田町二丁 目,近江八幡市池田町二丁 目６,６,33-4365,川端 隆夫,S56/12/10,,,,東近江,5627913.pdf
理容所,床屋 天海,529-1541,東近江市蒲生堂町,東近江市蒲生堂町３２９－６６,３２９－６６,0748-55-2251,天海 俊夫,H20/05/02,,,,東近江,5627913.pdf
理容所,床熊,521-1221,東近江市垣見町,東近江市垣見町７１９,７１９,0748-42-1528,田井中 正喜,H20/03/06,,,,東近江,5627913.pdf
理容所,上川理容店,527-0172,東近江市鯰江町,東近江市鯰江町１４２３－１,１４２３－１,46-1857,上川 早苗,S37/09/02,,,,東近江,5627913.pdf
理容所,森野理容院,521-1212,東近江市種町,東近江市種町９５５,９５５,42-5443,森野 正男,S33/12/01,,,,東近江,5627913.pdf
理容所,西村理容所,529-1442,東近江市五個荘塚本町,東近江市五個荘塚本町２５７－３,２５７－３,48-2835,西村 ツル子,S34/01/10,,,,東近江,5627913.pdf
理容所,西堀理容所,527-0131,東近江市勝堂町,東近江市勝堂町１１２３,１１２３,45-2145,西堀 富子,H07/03/09,,,,東近江,5627913.pdf
理容所,赤尾理容院,523-0892,近江八幡市出町,近江八幡市出町６３１,６３１,32-4628,赤尾 勇,S45/05/08,,,,東近江,5627913.pdf
理容所,川口理容店,529-1653,蒲生郡日野町三十坪,蒲生郡日野町三十坪１２５２－１,１２５２－１,0748-52-1454,川口 武男,H13/07/31,,,,東近江,5627913.pdf
理容所,大林理容店,529-1405,東近江市五個荘金堂町,東近江市五個荘金堂町５１０,５１０,48-3118,大林 英三郎,S63/12/15,,,,東近江,5627913.pdf
理容所,谷 理容店,527-0071,東近江市今堀町,東近江市今堀町６８７－１,６８７－１,22-5532,谷 正己,H01/09/18,,,,東近江,5627913.pdf
理容所,短長,527-0223,東近江市高木町,東近江市高木町１１５,１１５,0748-27-1288,小西 隆司,H18/06/01,,,,東近江,5627913.pdf
理容所,男の美容室カットハウス 戸嶋,527-0029,東近江市八日市町,東近江市八日市町１１－１２,１１－１２,22-1323,戸嶋 吉明,S60/03/20,,,,東近江,5627913.pdf
理容所,中村理容所,529-1654,蒲生郡日野町小谷,蒲生郡日野町小谷６,６,52-1605,中村 隆,S57/06/08,,,,東近江,5627913.pdf
理容所,中村理容所,529-1627,蒲生郡日野町仁本木,蒲生郡日野町仁本木６０３－１,６０３－１,52-2537,中村 とく,S55/06/20,,,,東近江,5627913.pdf
理容所,長屋,529-1605,蒲生郡日野町小井口,蒲生郡日野町小井口６４－３８,６４－３８,0748-53-2056,長 則男,H13/12/14,,,,東近江,5627913.pdf
理容所,田井中理容所,521-1242,東近江市福堂町,東近江市福堂町３４３５－１,３４３５－１,42-0929,田井中 信次,S34/03/19,,,,東近江,5627913.pdf
理容所,田中理容店,523-0811,近江八幡市長田町,近江八幡市長田町１２５３－３,１２５３－３,33-4681,田中 昭恵,H02/05/22,,,,東近江,5627913.pdf
理容所,ヘアーサロン フジイ,527-0115,東近江市下里町,東近江市下里町１４７,１４７,45-1426,藤井 和幸,S30/03/30,,,,東近江,5627913.pdf
理容所,髪工房Ｐｏｌｉｓｈ 清和館,527-0127,東近江市南清水町,東近江市南清水町１９５－２,１９５－２,0749-45-0903,坪田 和宏,H10/02/20,,,,東近江,5627913.pdf
理容所,髪細工 やま,529-1642,蒲生郡日野町上野田,蒲生郡日野町上野田８５６,８５６,0748-52-1616,山 豊志,H15/01/20,,,,東近江,5627913.pdf
理容所,髪整形,529-1651,蒲生郡日野町山本,蒲生郡日野町山本７８８－３２９,７８８－３２９,53-0330,水口 隆博,H14/06/07,,,,東近江,5627913.pdf
理容所,髪切屋 Ｃｏｏｌｓ,529-1414,東近江市五個荘中町,東近江市五個荘中町１３５－１４,１３５－１４,48-6472,田嶋 清徳,H06/06/24,,,,東近江,5627913.pdf
理容所,髪道楽,523-0891,近江八幡市鷹飼町,近江八幡市鷹飼町１３１９－１スピカ２１１号 室,１３１９－１スピカ２１１号 室,0748-33-0816,平田 孝治,H11/05/28,,,,東近江,5627913.pdf
理容所,苗村理容所,527-0028,東近江市八日市金屋二 丁目,東近江市八日市金屋二 丁目２－６,２－６,22-0829,苗村 定男,S44/10/20,,,,東近江,5627913.pdf
理容所,富田理容,523-0801,近江八幡市沖島町,近江八幡市沖島町,,,富田 光夫,S34/11/20,,,,東近江,5627913.pdf
理容所,望田理容所,529-1664,蒲生郡日野町蓮花寺,蒲生郡日野町蓮花寺８５４－５,８５４－５,53-2961,望田 まり子,H04/01/07,,,,東近江,5627913.pdf
理容所,北川理容室,527-0085,東近江市下羽田町,東近江市下羽田町１４６,１４６,22-4535,北川 進,H14/05/07,,,,東近江,5627913.pdf
理容所,堀口理容所,527-0023,東近江市八日市緑町,東近江市八日市緑町７－２３ 東近江地域振興局 内,７－２３ 東近江地域振興局 内,25-1682,堀口 豊司,S58/03/01,,,,東近江,5627913.pdf
理容所,堀江理容室,529-1603,蒲生郡日野町大窪,蒲生郡日野町大窪５８９,５８９,52-1817,堀江 廣司,S46/02/06,,,,東近江,5627913.pdf
理容所,矢田理容所,523-0084,近江八幡市船木町,近江八幡市船木町１１１１,１１１１,33-4403,矢田 幹治,S49/02/25,,,,東近江,5627913.pdf
理容所,理髪館,523-0813,近江八幡市西本郷町,近江八幡市西本郷町３０５,３０５,0748-38-0515,中村 次男,H18/08/18,,,,東近江,5627913.pdf
理容所,理髪館,523-0813,近江八幡市西本郷町,近江八幡市西本郷町３０５,３０５,0748-38-0515,中村 次男,H10/05/15,,,,東近江,5627913.pdf
理容所,理容 オカモト,527-0012,東近江市八日市本町,東近江市八日市本町１１－６,１１－６,23-6400,岡本 俊造,S55/05/03,,,,東近江,5627913.pdf
理容所,理容 オクダ,529-1628,蒲生郡日野町西大路,蒲生郡日野町西大路１２３９,１２３９,52-1159,奥田 美代子,S60/01/10,,,,東近江,5627913.pdf
理容所,理容 オクムラ,529-1643,蒲生郡日野町里口,蒲生郡日野町里口２２６,２２６,52-4626,奥村 正八,S51/08/21,,,,東近江,5627913.pdf
理容所,理容 キタサガミ,527-0015,東近江市中野町,東近江市中野町７４３－２,７４３－２,0748-22-5581,北相模 近子,S45/12/10,,,,東近江,5627913.pdf
理容所,理容 サガワ,529-1522,東近江市鋳物師町,東近江市鋳物師町１２７８－２,１２７８－２,55-1743,中村 百合子,S60/07/20,,,,東近江,5627913.pdf
理容所,理容 スギウラ,529-1617,蒲生郡日野町中之郷,蒲生郡日野町中之郷４５２－１,４５２－１,52-0299,杉浦 安彰,S48/05/19,,,,東近江,5627913.pdf
理容所,理容 すず,529-1513,東近江市田井町,東近江市田井町２５８,２５８,55-2200,奥村 満津子,S50/04/11,,,,東近江,5627913.pdf
理容所,理容 すずらん,527-0018,東近江市八日市清水一 丁目,東近江市八日市清水一 丁目６－４,６－４,0748-23-2664,安達 あゆみ,H16/11/15,,,,東近江,5627913.pdf
理容所,理容 まつば,527-0023,東近江市八日市緑町,東近江市八日市緑町５－２５,５－２５,22-1369,大洞 共一,S61/12/10,,,,東近江,5627913.pdf
理容所,理容 モロト,527-0086,東近江市上平木町,東近江市上平木町８１２－１,８１２－１,22-3138,諸頭 勲,H08/06/19,,,,東近江,5627913.pdf
理容所,理容 やまなか,529-1604,蒲生郡日野町村井,蒲生郡日野町村井１０９４,１０９４,52-1929,山中 久子,S58/07/20,,,,東近江,5627913.pdf
理容所,理容 ユカ,521-1221,東近江市垣見町,東近江市垣見町１５３－５,１５３－５,42-4119,平松 秀教,S60/08/19,,,,東近江,5627913.pdf
理容所,理容 大洞,529-1511,東近江市桜川東町,東近江市桜川東町４２９,４２９,55-0145,大洞 定治,S61/11/07,,,,東近江,5627913.pdf
理容所,理容 田中,521-1231,東近江市能登川町,東近江市能登川町３１５－１,３１５－１,42-3627,田中 正幸,S50/07/01,,,,東近江,5627913.pdf
理容所,理容アカイ天,521-1351,近江八幡市安土町常楽 寺,近江八幡市安土町常楽 寺４２１,４２１,46-2752,堀北 徳とし,S49/03/05,,,,東近江,5627913.pdf
理容所,理容あかお,523-0062,近江八幡市丸の内町,近江八幡市丸の内町６－５１,６－５１,36-7158,赤尾 誠六,S59/12/06,,,,東近江,5627913.pdf
理容所,理容オクモト,523-0814,近江八幡市南本郷町一 丁目,近江八幡市南本郷町一 丁目６４－１９,６４－１９,37-1003,奥本 正和,S48/12/11,,,,東近江,5627913.pdf
理容所,理容こばた,523-0087,近江八幡市北津田町,近江八幡市北津田町３９６,３９６,32-5529,小畑 孝親,S42/11/20,,,,東近江,5627913.pdf
理容所,理容サロンひねの,527-0034,東近江市沖野三丁目,東近江市沖野三丁目８－１４,８－１４,23-6895,日根野 隆之,H09/05/01,,,,東近江,5627913.pdf
理容所,理容ジャングル,523-0893,近江八幡市桜宮町,近江八幡市桜宮町２０６－２１,２０６－２１,36-5144,八木 宗寿,H14/05/24,,,,東近江,5627913.pdf
理容所,理容セツ,523-0072,近江八幡市牧町,近江八幡市牧町７０６,７０６,33-6786,東 節子,S43/02/12,,,,東近江,5627913.pdf
理容所,理容タナベ,527-0091,東近江市小脇町,東近江市小脇町１４０４,１４０４,23-1347,田邉 輝子,S34/06/08,,,,東近江,5627913.pdf
理容所,理容トコスエ,527-0011,東近江市八日市浜野町,東近江市八日市浜野町３－８,３－８,0748-22-1641,堤 栄次,H10/04/23,,,,東近江,5627913.pdf
理容所,理容ニシムラ,521-1202,東近江市阿弥陀堂町,東近江市阿弥陀堂町１６７,１６７,42-2992,西村 信夫,S44/11/11,,,,東近江,5627913.pdf
理容所,理容フィンガー,523-0893,近江八幡市桜宮町,近江八幡市桜宮町２０２－１ダイエ－近江八幡 ３Ｆ,２０２－１ダイエ－近江八幡 ３Ｆ,33-2385,株式会社テシマ,H08/04/25,,,,東近江,5627913.pdf
理容所,理容プラージュ日野店,529-1601,蒲生郡日野町松尾,蒲生郡日野町松尾１１９０－３,１１９０－３,0748-53-1938,阪南理美容株式会社,H18/07/07,,,,東近江,5627913.pdf
理容所,ＭｏＬｉｔＡ ＢＡＳＥ,523-0031,近江八幡市堀上町,近江八幡市堀上町３５０－４,３５０－４,33-2963,森田 光宏,S63/12/06,,,,東近江,5627913.pdf
理容所,理容原田,523-0843,近江八幡市慈恩寺町上,近江八幡市慈恩寺町上１２,１２,32-2832,原田 幸雄,S37/09/10,,,,東近江,5627913.pdf
理容所,理容白井,520-2522,蒲生郡竜王町岩井,蒲生郡竜王町岩井５８４,５８４,57-1031,白井 茂,S62/03/30,,,,東近江,5627913.pdf
理容所,ＲＯＯＴＳ,521-1334,近江八幡市安土町西老 蘇,近江八幡市安土町西老 蘇９５４,９５４,46-5173,廣田 繁雄,H09/02/01,,,,東近江,5627913.pdf
理容所,ムラヤマヘアーサロン,527-0125,東近江市小田苅町,東近江市小田苅町３０４－２,３０４－２,0749-45-0284,村山 訓久,H21/06/02,,,,東近江,5627913.pdf
理容所,眞空庵,527-0104,東近江市読合堂町,東近江市読合堂町７１８,７１８,0749-45-1018,川瀬 真広,H21/06/08,,,,東近江,5627913.pdf
理容所,frontier hair & face,523-0015,近江八幡市上田町,近江八幡市上田町１２４９－１６,１２４９－１６,0748-37-3131,駒井 拓郎,H21/07/08,,,,東近江,5627913.pdf
理容所,hair & face resort lux ～ルクス～ ohishi,529-1531,東近江市市子川原町,東近江市市子川原町７２５,７２５,0748-55-0343,大石 忠則,H21/09/25,,,,東近江,5627913.pdf
理容所,あさひ,529-1610,蒲生郡日野町奥之池,蒲生郡日野町奥之池８２２,８２２,,宝亀 喜吉,H22/10/27,,,,東近江,5627913.pdf
理容所,ＧＲＡＮＴ ＨＡＩＲ,523-0057,近江八幡市田中江町,近江八幡市田中江町５８５－１,５８５－１,0748-36-8245,諸頭 浩之,H23/01/30,,,,東近江,5627913.pdf
理容所,ヘアーアレンジ．DEEP,523-0042,近江八幡市大森町,近江八幡市大森町１３９－２０,１３９－２０,,木村 剛,H23/05/02,,,,東近江,5627913.pdf
理容所,カットコムズ近江八幡,523-0893,近江八幡市桜宮町,近江八幡市桜宮町２０２－１ アルプラザ近江 八幡店２階,２０２－１ アルプラザ近江 八幡店２階,,前川 政光,H23/12/01,,,,東近江,5627913.pdf
理容所,ネオスヘアーリアン,523-0891,近江八幡市鷹飼町北三 丁目,近江八幡市鷹飼町北三 丁目１８－６,１８－６,0748-32-6523,駒井 俊郎,H24/01/28,,,,東近江,5627913.pdf
理容所,ちょきちょきはうす,523-0012,近江八幡市武佐町,近江八幡市武佐町４４７－２,４４７－２,0748-37-5758,清田 力,H25/01/08,,,,東近江,5627913.pdf
理容所,リズムヘアー＆スパ,523-0056,近江八幡市古川町,近江八幡市古川町１１８０－１０,１１８０－１０,0748-33-8008,中越 秀明,H25/02/13,,,,東近江,5627913.pdf
理容所,クイックカットＢＢ イオン近江八幡店,523-0891,近江八幡市鷹飼町南三 丁目,近江八幡市鷹飼町南三 丁目７,７,0748-37-5873,株式会社ＮＣＮＬジャパン,H25/07/05,,,,東近江,5627913.pdf
理容所,理容カワシマ湖東支店,527-0135,東近江市横溝町,東近江市横溝町２２７,２２７,0749-45-3444,河島 正人,H25/11/01,,,,東近江,5627913.pdf
理容所,ヘアーサロン溪,529-1601,蒲生郡日野町松尾五丁 目,蒲生郡日野町松尾五丁 目１０,１０,0748-52-3472,小谷 真史,H25/12/03,,,,東近江,5627913.pdf
理容所,Ｒｕｓｈ,523-0892,近江八幡市出町,近江八幡市出町４２９－１,４２９－１,0748-43-2565,矢田 武司,H26/04/28,,,,東近江,5627913.pdf
理容所,Ｃｕｔ師 ＳＵＧＩＵＲＡ＋Ｃ,529-1617,蒲生郡日野町中之郷,蒲生郡日野町中之郷４５２－８,４５２－８,0748-52-0299,杉浦 勝利,H26/11/26,,,,東近江,5627913.pdf
理容所,トータル・サロン Ｒ・Ｐ,523-0005,近江八幡市末広町,近江八幡市末広町４０６－１５,４０６－１５,,川島 珠実,H27/03/26,,,,東近江,5627913.pdf
理容所,理容カットエー,523-0891,近江八幡市鷹飼町,近江八幡市鷹飼町１７９ イオン近江八幡 ショッピングセンター２Ｆ,１７９ イオン近江八幡 ショッピングセンター２Ｆ,0748-37-8538,株式会社カットツイン,H28/05/12,,,,東近江,5627913.pdf
理容所,kamikiriya ごえん,523-0802,近江八幡市大中町,近江八幡市大中町６５－２,６５－２,0748-31-3399,横山 友紀子,H28/07/29,,,,東近江,5627913.pdf
理容所,Ｙ－ｓｔｙｌｅ ＢＡＲＢＥＲ ＹＡＳ ＵＤＡ,529-1566,東近江市葛巻町,東近江市葛巻町２７５－４,２７５－４,0748-55-0824,安田 誠,H28/09/21,,,,東近江,5627913.pdf
理容所,ヘアサロンかわさき,523-0061,近江八幡市江頭町,近江八幡市江頭町４４０－４,４４０－４,0748-36-6677,川﨑 靖之,H28/12/02,,,,東近江,5627913.pdf
理容所,ＦＡＭＩＬＹ ＨＡＩＲ ＳＡＬＯＮ Ｍｉｌｋ,529-1541,東近江市蒲生堂町,東近江市蒲生堂町５４３,５４３,0748-55-5210,望月 敦子,H28/12/26,,,,東近江,5627913.pdf
理容所,プライベートヘアサロン ｔｏｃｏ ｔ ｏｃｏ,523-0894,近江八幡市中村町,近江八幡市中村町４６－１８,４６－１８,0748-36-1654,桑原 美幸,H29/03/23,,,,東近江,5627913.pdf
理容所,ＢＵＺＺ ｃｕｔ ｃｌｕｂ,527-0047,東近江市野村町,東近江市野村町５１１－６,５１１－６,0748-56-1337,上野 竜司,H29/08/07,,,,東近江,5627913.pdf
理容所,Ｂａｒｂｅｒ Ｆｒｅｅ Ｓｔｙｌｅ,520-2531,蒲生郡竜王町山之上,蒲生郡竜王町山之上７１０４－１,７１０４－１,0748-57-8118,西川 丈裕,H29/09/13,,,,東近江,5627913.pdf
理容所,ヘアーサロン イースト,527-0012,東近江市八日市本町,東近江市八日市本町２－１０ アルザー柳屋１Ｆ,２－１０ アルザー柳屋１Ｆ,0748-23-8777,山本 宏貴,H29/10/18,,,,東近江,5627913.pdf
理容所,カットコムズ ドンキ近江八幡,523-0891,近江八幡市鷹飼町,近江八幡市鷹飼町２２３－３,２２３－３,,前川 政光,H30/03/06,,,,東近江,5627913.pdf
理容所,ＲＯＯＴＳ,521-1311,近江八幡市安土町下豊 浦,近江八幡市安土町下豊 浦５０７０－４,５０７０－４,0748-43-2229,廣田 雄介,H30/04/23,,,,東近江,5627913.pdf
理容所,ＣＵＴ ＣＬＵＢ ＴＡＫＥＩ,527-0051,東近江市林田町,東近江市林田町１２２１－４,１２２１－４,0748-25-0076,武井 繁一,H30/07/17,,,,東近江,5627913.pdf
理容所,ヘアーサロン イチダ,529-1443,東近江市五個荘北町屋 町,東近江市五個荘北町屋 町１２－２,１２－２,0748-48-2113,市田 努,H30/10/31,,,,東近江,5627913.pdf
理容所,カットコムズ ドンキ東近江,527-0016,東近江市今崎町,東近江市今崎町１６３,１６３,,前川 政光,H31/04/23,,,,東近江,5627913.pdf
理容所,理容イチダ,521-1223,東近江市猪子町,東近江市猪子町２８７－４,２８７－４,0748-42-3768,市田 正人,H31/04/24,,,,東近江,5627913.pdf
理容所,ヘア＆ビューティスパ ＲＡＶＩＲ,527-0232,東近江市青野町,東近江市青野町４４７６－２,４４７６－２,0748-27-0048,株式会社タベヨシ,R01/10/30,,,,東近江,5627913.pdf
理容所,Ｂａｒｂｅｒ＆Ｂｅａｕｔｙ ＲＢＫ,527-0011,東近江市八日市浜野町,東近江市八日市浜野町３－１ アピア専門店街２Ｆ,３－１ アピア専門店街２Ｆ,0748-24-1786,小澤 俊介,R02/04/17,,,,東近江,5627913.pdf
理容所,理容アップカット,527-0012,東近江市八日市本町,東近江市八日市本町１５－１１,１５－１１,0748-20-2424,合同会社アップカット,R05/05/19,,,,東近江,5627913.pdf
理容所,エイト ハンズ,523-0805,近江八幡市円山町,近江八幡市円山町７２１‐４,７２１‐４,0748-32-5558,北林 祐次,R05/11/10,,,,東近江,5627913.pdf
理容所,Ｌ．Ａ ＢＡＲＢＥＲ ＳＨＯＰ,523-0041,近江八幡市中小森町,近江八幡市中小森町３２８－６,３２８－６,,Ｌ．Ａ株式会社,R05/11/29,,,,東近江,5627913.pdf
理容所,ＢＡＲＢＥＲ ＴＡＫＥ,527-0023,東近江市八日市緑町,東近江市八日市緑町１７－１１－１,１７－１１－１,,武村 祐輝,R05/12/21,,,,東近江,5627913.pdf
理容所,ＰＯＭ ＢＯＹＳ ＢＡＲＢＥＲ ＳＨ ＯＰ,523-0816,近江八幡市西庄町,近江八幡市西庄町１２７１－５,１２７１－５,,奥田 那瑠帆,R06/02/29,,,,東近江,5627913.pdf
理容所,Ｈａｉｒ Ｒｅｌａｘａｔｉｏｎ Ｎｅ ｕｆ,527-0074,東近江市市辺町,東近江市市辺町２３８４－３,２３８４－３,0748-22-2670,安田 隆一郎,R07/03/28,,,,東近江,5627913.pdf
理容所,カットサロン雪野山,520-2511,蒲生郡竜王町林,蒲生郡竜王町林４０６,４０６,0748-40-0128,門 康輔,R07/08/07,,,,東近江,5627913.pdf
理容所,ＦＬＡＰＣＨＯＰ,521-1211,東近江市今町,東近江市今町４２１－４,４２１－４,0748-34-3384,寺村 友来,R08/02/05,,,,東近江,5627913.pdf
理容所,ろっきー,527-0033,東近江市東沖野四丁目,東近江市東沖野四丁目２－１,２－１,,山本 智広,R08/06/29,,,,東近江,5627913.pdf
理容所,ＢＡＲ ＢＡＲ ＫＩＲＡＫＵ,522-0041,彦根市平田町,彦根市平田町７２－２,７２－２,0749-22-8010,仁保 勝美,H12/03/13,,,,彦根,5627913.pdf
理容所,ＳＨＵ,521-1112,彦根市金沢町,彦根市金沢町１１５５－５,１１５５－５,0749-43-4888,西山 厚志,H04/12/11,,,,彦根,5627913.pdf
理容所,ＢＡＲＢＥＲ こんどう,522-0064,彦根市本町三丁目,彦根市本町三丁目１－３７,１－３７,0749-22-6686,近藤 幸一郎,H10/03/24,,,,彦根,5627913.pdf
理容所,ＢａｒＢｅｒＳｈｏｐＳｏｒｉｍａｃｈ ｉ,529-1156,彦根市清崎町,彦根市清崎町１７５９－２,１７５９－２,28-0666,反町 千鶴,H10/01/13,,,,彦根,5627913.pdf
理容所,ＣＵＴ ＨＯＵＳＥ たにがわ,522-0029,彦根市地蔵町,彦根市地蔵町９０－５,９０－５,0749-23-1607,谷川 吉史,H17/07/07,,,,彦根,5627913.pdf
理容所,ＣｕＴ倶楽部 Ｎａｇａｓａｋｉ,522-0086,彦根市後三条町,彦根市後三条町４８３－２,４８３－２,22-5565,長崎 美徳,H06/03/07,,,,彦根,5627913.pdf
理容所,ＥＤＳＥＬ ｈａｉｒ,522-0052,彦根市長曽根南町,彦根市長曽根南町５６３－１０,５６３－１０,0749-23-7904,針崎 尚久,S55/03/31,,,,彦根,5627913.pdf
理容所,ＵＴＧ,525-0067,草津市新浜町,草津市新浜町３００ イオンモール草津ス ポーツ＆レジャー棟,３００ イオンモール草津ス ポーツ＆レジャー棟,077-565-4133,金子 淳,H22/04/22,,,,草津,5627913.pdf
理容所,Ｈａｉｒ Ｓａｌｏｎ 笑,520-2331,野洲市小篠原,野洲市小篠原１２５７－５,１２５７－５,077-588-1638,竹田 幸広,H22/10/19,,,,草津,5627913.pdf
理容所,ＲＥＧＡＬＯ,524-0101,守山市今浜町,守山市今浜町２２２７－８,２２２７－８,077-535-0809,松本 学,H22/12/24,,,,草津,5627913.pdf
理容所,ｉｓａｓａ,525-0031,草津市若竹町,草津市若竹町４－２２,４－２２,077-535-1571,横久保 賢悟,H23/03/01,,,,草津,5627913.pdf
理容所,ｇｒａｎ－ＢＡＲＢＥＲ＆ｂｅａｕｔｙ ｒｏｏｍ－,524-0034,守山市千代町,守山市千代町１５１－４,１５１－４,077-583-8652,目黒 誠,H23/10/11,,,,草津,5627913.pdf
理容所,ｍｅｎ’ｓ ｈａｉｒ ＳＰＬＥＮＤＯ,520-2361,野洲市北野一丁目,野洲市北野一丁目１１－４,１１－４,077-535-4214,橋本 稔,H23/12/19,,,,草津,5627913.pdf
理容所,ヘアーサロン サイトウ,525-0023,草津市平井一丁目,草津市平井一丁目４－２４,４－２４,077-563-5663,齊藤 嘉啓,H23/12/14,,,,草津,5627913.pdf
理容所,ヘアーサロン ダイヤ,520-3045,栗東市高野,栗東市高野７９４－２,７９４－２,077-554-4098,澤田 智子,H24/04/19,,,,草津,5627913.pdf
理容所,ＢａｒＢｅｒ’ｓ ｓｋｅｌｔｅｒ,520-2341,野洲市行畑二丁目,野洲市行畑二丁目２－３４,２－３４,077-586-5282,山本 正樹,H24/05/07,,,,草津,5627913.pdf
理容所,ヘアーサロン マオ,524-0033,守山市浮気町,守山市浮気町３００－１５ グランドメゾ ン２棟１０８,３００－１５ グランドメゾ ン２棟１０８,,杉本 幸隆,H24/05/28,,,,草津,5627913.pdf
理容所,リビラブ草津ラウンジ,525-0037,草津市西大路町,草津市西大路町９－１８,９－１８,077-565-3562,株式会社ハートサービス,H24/11/30,,,,草津,5627913.pdf
理容所,髪ショップ マコト,524-0012,守山市播磨田町,守山市播磨田町９９２,９９２,077-582-2718,西村 誠,H24/11/28,,,,草津,5627913.pdf
理容所,ヘアークラブ ホワイト２１,520-3042,栗東市辻,栗東市辻５２６－１,５２６－１,077-554-3551,杉本 宏幸,H25/01/17,,,,草津,5627913.pdf
理容所,カットサロン マルシアン,524-0022,守山市守山二丁目,守山市守山二丁目１５－５６,１５－５６,077-583-3166,篠原 小百合,H25/03/06,,,,草津,5627913.pdf
理容所,ＨＡＩＲ ＳＡＬＯＮ 憩－ｉｋｏｉ－,525-0047,草津市追分三丁目,草津市追分三丁目１４－２,１４－２,077-599-3667,出﨑 伸也,H25/03/25,,,,草津,5627913.pdf
理容所,美のくうかん 千雅,525-0027,草津市野村六丁目,草津市野村六丁目１－３ コンフォーレＴ１,１－３ コンフォーレＴ１,077-562-8802,原田 ちか子,H25/05/21,,,,草津,5627913.pdf
理容所,理容海下,525-0041,草津市青地町,草津市青地町６９２－３,６９２－３,077-562-5771,海下 範之,H25/07/04,,,,草津,5627913.pdf
理容所,ｈａｉｒ’ｓ ＭＯＭＯＴＡＲＯ ＣＬ ＵＢ,525-0046,草津市追分町,草津市追分町１００８－５,１００８－５,077-564-5811,川瀬 直孝,H25/09/09,,,,草津,5627913.pdf
理容所,ねいびい－,525-0036,草津市草津町,草津市草津町１５１２ セジュール１号,１５１２ セジュール１号,077-567-7077,伊藤 鐘壱,H25/11/21,,,,草津,5627913.pdf
理容所,ＲＥＧＯＬＩＴＨ,524-0063,守山市欲賀町,守山市欲賀町２０３２,２０３２,077-575-5499,廣瀬 真澄,H26/03/24,,,,草津,5627913.pdf
理容所,理容ハセガワ,520-3004,栗東市上砥山,栗東市上砥山３１０５,３１０５,558-3588,太田垣 茂樹,H26/04/22,,,,草津,5627913.pdf
理容所,Ｒｅｌａｘ ｓｐａｃｅ Ｌａｌａｍｉ ｕ,525-0011,草津市片岡町,草津市片岡町２１３－１,２１３－１,,鳥越 信子,H26/05/27,,,,草津,5627913.pdf
理容所,リンコップ,520-3024,栗東市小柿十丁目,栗東市小柿十丁目１６－１,１６－１,077-599-5992,寺田 竜弘,H26/10/02,,,,草津,5627913.pdf
理容所,ナナロクバーバー,525-0048,草津市追分南三丁目,草津市追分南三丁目２６－２５,２６－２５,077-561-4111,堂本 浩二,H27/01/07,,,,草津,5627913.pdf
理容所,ＨＡＩＲ’Ｓ ＹＡＮＯ,520-3035,栗東市霊仙寺三丁目,栗東市霊仙寺三丁目６－２８,６－２８,077-554-2338,矢野 友啓,H27/03/02,,,,草津,5627913.pdf
理容所,ＨＡＩＲ ＳＡＬＯＮ Ｅ－ｓｐａｃｅ 髪タナカ,520-2362,野洲市市三宅,野洲市市三宅８４４,８４４,077-575-8575,田中 徹也,H27/03/19,,,,草津,5627913.pdf
理容所,シンズバーバー,524-0014,守山市石田町,守山市石田町６６２－８,６６２－８,077-598-1204,杉本 真也,H27/11/10,,,,草津,5627913.pdf
理容所,ＴＨＥ－Ｏ,525-0028,草津市上笠四丁目,草津市上笠四丁目１－１０－２,１－１０－２,077-563-1755,山田 悟士,H28/01/21,,,,草津,5627913.pdf
理容所,となりのトコヤ,525-0059,草津市野路一丁目,草津市野路一丁目１２－１１－１０５号,１２－１１－１０５号,077-562-8616,西川 智也,H28/03/17,,,,草津,5627913.pdf
理容所,フタバ理容 髙橋,525-0028,草津市上笠三丁目,草津市上笠三丁目２－１０ プラザ上笠１－２,２－１０ プラザ上笠１－２,077-563-2326,高橋 政行,H28/06/20,,,,草津,5627913.pdf
理容所,髪空間 心,520-3027,栗東市野尻,栗東市野尻４１７－３,４１７－３,077-554-4813,吉村 育朗,H28/09/21,,,,草津,5627913.pdf
理容所,散髪屋 ｓｏｃｉｏ,524-0022,守山市守山四丁目,守山市守山四丁目１３－３２,１３－３２,077-576-5140,松浦 真吾,H28/10/04,,,,草津,5627913.pdf
理容所,Ｌａ ｖｉｅ Ｂｅｌｌｅ（理容所）,524-0002,守山市小島町,守山市小島町１６６２－３ １Ｆ,１６６２－３ １Ｆ,077-509-9821,石井 康雄,H28/10/14,,,,草津,5627913.pdf
理容所,バーバ 男髪,520-2333,野洲市栄,野洲市栄３４－１５,３４－１５,077-587-3181,川口 浩治,H28/10/17,,,,草津,5627913.pdf
理容所,ＢＯＤＹ ＫＩＴＣＨＥＮ（理容所）,525-0027,草津市野村一丁目,草津市野村一丁目３－７ １Ｆ,３－７ １Ｆ,077-569-5552,上原 里恵子,H28/10/17,,,,草津,5627913.pdf
理容所,ＢａｒＢｅｒ ＯＯＥ,524-0042,守山市焔魔堂町,守山市焔魔堂町６１－３,６１－３,077-582-2991,大江 哲雄,H29/02/08,,,,草津,5627913.pdf
理容所,ＢａｒＢｅｒ Ｋａｗａｓｅ,520-2423,野洲市西河原,野洲市西河原２６３４－１,２６３４－１,077-589-4770,河瀬 稔大,H29/02/28,,,,草津,5627913.pdf
理容所,ヘアールーム シュ・シュ,525-0032,草津市大路一丁目,草津市大路一丁目１７－７ アトリエ２号館,１７－７ アトリエ２号館,077-562-3907,小嶋 大輔,H29/03/07,,,,草津,5627913.pdf
理容所,理容 カットエー,525-0032,草津市大路一丁目,草津市大路一丁目７－１,７－１,077-566-1600,株式会社カットツイン,H29/03/24,,,,草津,5627913.pdf
理容所,Ｂａｒｂｅｒ ＧＯＮＺＯ,525-0055,草津市野路町,草津市野路町２４８,２４８,077-575-1866,古川 勝也,H29/03/31,,,,草津,5627913.pdf
理容所,ヘアーサロン イケモト,525-0054,草津市東矢倉二丁目,草津市東矢倉二丁目３５－６,３５－６,077-562-1839,池本 充男,H29/08/10,,,,草津,5627913.pdf
理容所,Ｖａｌｅｕｒ,525-0032,草津市大路一丁目,草津市大路一丁目４－３２,４－３２,077-561-7595,江口 進,H29/09/07,,,,草津,5627913.pdf
理容所,髪処 ＨＡＹＡＳＨＩ,524-0013,守山市下之郷三丁目,守山市下之郷三丁目１４－１５,１４－１５,077-582-3296,林 伸也,H30/03/30,,,,草津,5627913.pdf
理容所,Ｍｕｌｅ,525-0031,草津市若竹町,草津市若竹町５－１０ マイネブルク １ Ｆ－Ｂ,５－１０ マイネブルク １ Ｆ－Ｂ,077-598-5114,松村 康平,H30/06/19,,,,草津,5627913.pdf
理容所,ＢＡＲＢＥＲ Ｌｉｎｋ,525-0072,草津市笠山四丁目,草津市笠山四丁目３－３３,３－３３,,髙日 純太,H30/09/05,,,,草津,5627913.pdf
理容所,Ｌ．Ａ ＢＡＲ ＢＥＲ ＳＨＯＰ,525-0041,草津市青地町,草津市青地町７４３ １Ｆ,７４３ １Ｆ,077-509-7586,岡野 将也,H30/10/19,,,,草津,5627913.pdf
理容所,髪座,524-0101,守山市今浜町,守山市今浜町２６２０－５,２６２０－５,077-599-1124,西川 智也,H31/02/13,,,,草津,5627913.pdf
理容所,ＢＡＲＢＥＲＳＨＯＰ ＫＡＭＩＮＡＲ ＩＹＡ,525-0055,草津市野路町,草津市野路町１７１－７６,１７１－７６,,山本 卓,R01/06/05,,,,草津,5627913.pdf
理容所,とこよし,520-3015,栗東市安養寺一丁目,栗東市安養寺一丁目１３－３７ Ｋビル２Ｆ,１３－３７ Ｋビル２Ｆ,077-552-5610,出口 芳,R01/07/17,,,,草津,5627913.pdf
理容所,ビューティーフェイスグランデ近鉄百貨 店草津店,525-0026,草津市渋川一丁目,草津市渋川一丁目１－５０ 近鉄百貨店草津店 ４Ｆ,１－５０ 近鉄百貨店草津店 ４Ｆ,077-516-4698,株式会社リビアス,R01/08/28,,,,草津,5627913.pdf
理容所,カット 四季彩,524-0021,守山市吉身四丁目,守山市吉身四丁目５－２０ ほたるの湯内,５－２０ ほたるの湯内,,清水 治雄,R01/11/22,,,,草津,5627913.pdf
理容所,淡海美人（お顔そり）,525-0023,草津市平井四丁目,草津市平井四丁目８－１,８－１,050-5373-3170,森木 立子,R01/11/29,,,,草津,5627913.pdf
理容所,カットコムズ 近鉄草津店,525-0026,草津市渋川一丁目,草津市渋川一丁目１－５０ 近鉄百貨店草津店 ２階,１－５０ 近鉄百貨店草津店 ２階,,前川 政光,R02/02/21,,,,草津,5627913.pdf
理容所,総合病院内理容室,524-0022,守山市守山五丁目,守山市守山五丁目４－３０,４－３０,,池田 英則,R02/03/10,,,,草津,5627913.pdf
理容所,日替サロンＴａｌｌｙ,525-0055,草津市野路町,草津市野路町３００１ めるべーゆ杉１０ １号室,３００１ めるべーゆ杉１０ １号室,077-566-3456,株式会社タリー,R02/04/21,,,,草津,5627913.pdf
理容所,ＢＡＲ ＢＥＲ ＲＯＸ,525-0029,草津市下笠町,草津市下笠町７７－１１,７７－１１,,山本 晶久,R02/08/07,,,,草津,5627913.pdf
理容所,理容タイガー,524-0022,守山市守山一丁目,守山市守山一丁目１－１０,１－１０,077-582-8518,山本 隆巳,R02/09/29,,,,草津,5627913.pdf
理容所,Ｒｉｖｏｒｏ,524-0021,守山市吉身六丁目,守山市吉身六丁目４－１３,４－１３,077-599-1352,梅野 幸夫,R02/09/29,,,,草津,5627913.pdf
理容所,しあわせフェィス創造委員会,524-0012,守山市播磨田町,守山市播磨田町２０－５,２０－５,077-583-7197,川向 幸子,R02/12/15,,,,草津,5627913.pdf
理容所,ｃｕｔ ｓａｌｏｎ ＩＴＯ,524-0043,守山市二町町,守山市二町町２３１－３１,２３１－３１,077-582-9833,伊藤 守,R02/11/05,,,,草津,5627913.pdf
理容所,ＫＩＲＥＩ,525-0025,草津市西渋川一丁目,草津市西渋川一丁目１－４ マルウチ３０３,１－４ マルウチ３０３,077-563-7760,株式会社ＪＡＭ,R03/02/18,,,,草津,5627913.pdf
理容所,カットハウス クイーン,520-3031,栗東市綣二丁目,栗東市綣二丁目２－３４ ウイングビュー１ Ｆ,２－３４ ウイングビュー１ Ｆ,077-554-4568,中西 秀和,R03/02/24,,,,草津,5627913.pdf
理容所,かみきり屋 成,525-0061,草津市北山田町,草津市北山田町８４９,８４９,,横江 鈴江,R03/04/21,,,,草津,5627913.pdf
理容所,ＣＵＴ ＳＰＡＣＥ ［Ｓｉ：］－ｇｅ ｔ,520-2301,野洲市小南,野洲市小南１３２４－１,１３２４－１,077-587-2010,重田 真希,R03/06/30,,,,草津,5627913.pdf
理容所,Ｈａｉｒ ｓｐａｃｅ 凛,524-0022,守山市守山五丁目,守山市守山五丁目１－７,１－７,077-532-9475,池田 美香,R03/10/28,,,,草津,5627913.pdf
理容所,サロン ＴＯＭＯ,524-0043,守山市二町町,守山市二町町１４０－１１,１４０－１１,,佐伯 知子,R04/02/17,,,,草津,5627913.pdf
理容所,お剃サロン えん,525-0029,草津市下笠町,草津市下笠町１１９９,１１９９,,中島 沙織,R04/06/27,,,,草津,5627913.pdf
理容所,理容サービス 守山店,524-0012,守山市播磨田町,守山市播磨田町３０９３,３０９３,077-596-5616,株式会社ＷＡＫＡＭＡＴＳ Ｕ,R04/11/30,,,,草津,5627913.pdf
理容所,髪剪處,525-0067,草津市新浜町,草津市新浜町３００ イオンモール草津ス ポーツ＆レジャー棟,３００ イオンモール草津ス ポーツ＆レジャー棟,077-565-4133,勇上 貢,R05/06/28,,,,草津,5627913.pdf
理容所,Ｈａｉｒ Ｄｅｓｉｇｎ Ｌｉｂｒｅ,525-0068,草津市南草津プリムタ ウン,草津市南草津プリムタ ウン二丁目１－３ Ｓｔｙｌｅ ＢＬＤ．１０３号室,二丁目１－３ Ｓｔｙｌｅ ＢＬＤ．１０３号室,077-566-5133,日花 梓,R05/08/04,,,,草津,5627913.pdf
理容所,エステａｎｄお剃りＨａｎａｋｏ,525-0027,草津市野村一丁目,草津市野村一丁目１６－１４ アンジュール２ Ｆ,１６－１４ アンジュール２ Ｆ,077-567-5129,久米 富佐江,R05/11/08,,,,草津,5627913.pdf
理容所,サロン 結,520-3024,栗東市小柿十丁目,栗東市小柿十丁目１０－３８,１０－３８,,谷口 多枝子,R06/04/26,,,,草津,5627913.pdf
理容所,Ｍａｓｔｅｒｓ Ｈｉｄｅｏｕｔ 結人,525-0063,草津市南山田町,草津市南山田町１１２１－２２,１１２１－２２,,有限会社結人,R06/06/26,,,,草津,5627913.pdf
理容所,散髪屋 ｓｏｃｉｏ 野洲店,520-2343,野洲市大畑,野洲市大畑１４－９,１４－９,077-587-5785,松浦 真吾,R06/07/05,,,,草津,5627913.pdf
理容所,理容 ヤマナカ,524-0034,守山市千代町,守山市千代町１０８－５,１０８－５,,山中 功,R06/10/02,,,,草津,5627913.pdf
理容所,理容 カットプロ,524-0102,守山市水保町,守山市水保町２２２１－１,２２２１－１,,織田 裕行,R06/11/26,,,,草津,5627913.pdf
理容所,Ｍｅｎ’ｓ Ｓａｌｏｎ ＳＴＡＲＴ,525-0023,草津市平井一丁目,草津市平井一丁目１３－１０,１３－１０,077-558-6668,齊藤 嘉啓,R07/06/02,,,,草津,5627913.pdf
理容所,理容カットエー守山店,524-0012,守山市播磨田町,守山市播磨田町３０４０,３０４０,072-685-0767,株式会社カットツイン,R07/06/27,,,,草津,5627913.pdf
理容所,Ｂｉｊｏｕ,525-0066,草津市矢橋町,草津市矢橋町１０５－１ カーサソラッ ツォ壱番館３１６号室,１０５－１ カーサソラッ ツォ壱番館３１６号室,,林山 真理,R07/12/24,,,,草津,5627913.pdf
理容所,ＯＳ．Ｋ （おしゃれサロンカワグチ）,524-0021,守山市吉身三丁目,守山市吉身三丁目１－３９,１－３９,077-583-4176,川口 豊和,R08/05/12,,,,草津,5627913.pdf
理容所,大江断髪倶楽部,524-0044,守山市古高町,守山市古高町２４６－３,２４６－３,,大江 周平,R08/06/12,,,,草津,5627913.pdf
理容所,ＡＺＵ・ＭＡＸ（アズ・マックス）,528-0063,甲賀市水口町下山,甲賀市水口町下山６９４－１６８,６９４－１６８,63-2768,東 修二,H18/03/05,,,,甲賀,5627913.pdf
理容所,髪結床 かわなみ,520-3107,湖南市石部東八丁目,湖南市石部東八丁目１－５,１－５,0748-77-2328,川浪 一洋,H05/02/12,,,,甲賀,5627913.pdf
理容所,Ｃｕｔ ｓｈｏｐ ｃａｃｔｕｓさ・ ぼ・て・ん,528-0067,甲賀市水口町山,甲賀市水口町山２６５４－１５,２６５４－１５,62-6739,伴 久光,H08/09/08,,,,甲賀,5627913.pdf
理容所,ｃｕｔ ｓｐａｃｅ Ｌｏｏｐ,528-0056,甲賀市水口町泉,甲賀市水口町泉６－２,６－２,0748-62-5308,谷 靖幸,H16/10/22,,,,甲賀,5627913.pdf
理容所,ＣＵＴ ＳＰＡＣＥ ＱＵＥ,520-3221,湖南市三雲,湖南市三雲４３１,４３１,0748-72-1504,福井 十九治,H12/08/29,,,,甲賀,5627913.pdf
理容所,ＣＵＴＨＯＵＳＥ ａｇｉａｔｏ （カットハウス・アジアート）,520-3221,湖南市三雲,湖南市三雲９００－１１,９００－１１,0748-72-8593,飯田 広成,H15/09/17,,,,甲賀,5627913.pdf
理容所,ＨＡＩＲ ＣＵＴ ＬＵＭＩＥＲＥ,520-3102,湖南市宮の森二丁目,湖南市宮の森二丁目１０－１２,１０－１２,0748-77-5859,中村 イク子,H16/12/01,,,,甲賀,5627913.pdf
理容所,Ｈａｉｒ Ｆａｃｔｏｒｙ ＴＯＳＨＩ,520-3242,湖南市菩提寺,湖南市菩提寺北二丁目１－１,北二丁目１－１,74-4033,武村俊明,H17/10/07,,,,甲賀,5627913.pdf
理容所,Ｈａｉｒ Ｓｐａｃｅ Ｓｈｏｒｅ,528-0063,甲賀市水口町下山,甲賀市水口町下山６９３－３２０,６９３－３２０,0748-63-2150,亀和田 賢司,H15/06/02,,,,甲賀,5627913.pdf
理容所,ＨＡＩＲ’Ｓ ＭＯＭＯ,520-3108,湖南市石部南二丁目,湖南市石部南二丁目３－７,３－７,0748-77-4946,藤田 圭一,H11/07/02,,,,甲賀,5627913.pdf
理容所,Ｋ’ｓ ｈｏｕｓｅ,520-3242,湖南市菩提寺,湖南市菩提寺東一丁目４－１１,東一丁目４－１１,0748-74-4577,中島 清彦,H14/11/25,,,,甲賀,5627913.pdf
理容所,ｍａｄｅ ｉｎ ｈａｉｒ ＴＡＫＡＱ,520-3231,湖南市針,湖南市針３０２－３,３０２－３,72-8659,田口隆久,H17/12/14,,,,甲賀,5627913.pdf
理容所,ｓａｍａ－ｓａｍａ ｈａｉｒ（サマ サマ・ヘアー）,520-3301,甲賀市甲南町寺庄,甲賀市甲南町寺庄４１０,４１０,0748-86-3680,井関 数貞,H15/10/27,,,,甲賀,5627913.pdf
理容所,Ｙ’ｓ ＨＡＩＲ,528-0000,甲賀市水口町南林口,甲賀市水口町南林口２５,２５,0748-63-1991,大西 豊,H12/11/14,,,,甲賀,5627913.pdf
理容所,オオホラ理容室,528-0035,甲賀市水口町名坂,甲賀市水口町名坂１９３,１９３,62-9954,大洞 昌司,S55/01/14,,,,甲賀,5627913.pdf
理容所,オクダ理容店,529-1835,甲賀市信楽町長野,甲賀市信楽町長野８６０,８６０,82-1138,村瀬 順子,H02/07/25,,,,甲賀,5627913.pdf
理容所,かたた理容,520-3414,甲賀市甲賀町大久保,甲賀市甲賀町大久保２２７－７,２２７－７,88-5381,堅田 千代乃,S51/07/29,,,,甲賀,5627913.pdf
理容所,カット イイダ,520-3321,甲賀市甲南町葛木,甲賀市甲南町葛木１３６７番地１,１３６７番地１,0748-86-5791,飯田 学,H13/06/26,,,,甲賀,5627913.pdf
理容所,カット ステージ パオ,520-3201,湖南市下田,湖南市下田４１８３－２,４１８３－２,0748-75-4470,秋成 諭,H12/09/18,,,,甲賀,5627913.pdf
理容所,カットスタジオ ＲＯＤＥＯ,528--006,甲賀市水口町城東,甲賀市水口町城東４－９,４－９,62-1413,中村 学,H17/09/06,,,,甲賀,5627913.pdf
理容所,カットスタジオ げんの,529-1804,甲賀市信楽町勅旨,甲賀市信楽町勅旨５８７－１,５８７－１,83-0870,源野 義明,H01/08/08,,,,甲賀,5627913.pdf
理容所,カットゾーン ナナ,528-0058,甲賀市水口町北泉一丁 目,甲賀市水口町北泉一丁 目５０－１ ノールフォンテー ヌ２番館１０１,５０－１ ノールフォンテー ヌ２番館１０１,0748-62-0677,石橋 佳典,H18/11/16,,,,甲賀,5627913.pdf
理容所,カットハウス おくだ,520-3322,甲賀市甲南町深川,甲賀市甲南町深川２２３８,２２３８,86-3741,奥田 克明,H01/10/31,,,,甲賀,5627913.pdf
理容所,カットハウス キタダ,529-1803,甲賀市信楽町牧,甲賀市信楽町牧７７７－５,７７７－５,83-0456,北田 美枝子,H02/09/18,,,,甲賀,5627913.pdf
理容所,カットハウス ビギ,528-0032,甲賀市水口町八坂,甲賀市水口町八坂２－２,２－２,62-1476,岡村 英樹,S61/04/23,,,,甲賀,5627913.pdf
理容所,カットハウス みきお,520-3201,湖南市下田,湖南市下田１３５１－２,１３５１－２,75-0984,植西 幹男,S59/04/05,,,,甲賀,5627913.pdf
理容所,カットハウス・リッツ,528-0067,甲賀市水口町山,甲賀市水口町山６７８－１３８,６７８－１３８,0748-63-1630,佐々木 幸夫,H12/06/26,,,,甲賀,5627913.pdf
理容所,カットメイク コダマ,520-3301,甲賀市甲南町寺庄,甲賀市甲南町寺庄９９３－３,９９３－３,86-4759,児玉 裕志,S62/09/01,,,,甲賀,5627913.pdf
理容所,クラタ理容,528-0024,甲賀市水口町中邸,甲賀市水口町中邸１－５２,１－５２,62-4426,倉田 耕司,S42/02/28,,,,甲賀,5627913.pdf
理容所,サロン・ド・泉,520-3223,湖南市夏見,湖南市夏見１４３７,１４３７,72-0048,泉 正典,H08/06/22,,,,甲賀,5627913.pdf
理容所,シズカ理容院,528-0017,甲賀市水口町京町,甲賀市水口町京町９－１５,９－１５,62-4657,依田 隆子,S45/04/09,,,,甲賀,5627913.pdf
理容所,ちょきちょき はうすＡＫＩＲＡ,520-3332,甲賀市甲南町希望ケ丘 本町九丁目,甲賀市甲南町希望ケ丘 本町九丁目４２１－３４,４２１－３４,86-0880,谷口 章,H08/04/15,,,,甲賀,5627913.pdf
理容所,ブルックス オーセンティック ヘアー ズ,520-3254,湖南市岩根中央三丁目,湖南市岩根中央三丁目４８,４８,0748-72-7755,山本 栄治,H10/08/18,,,,甲賀,5627913.pdf
理容所,ヘアークラフト（髪細工）,520-3333,甲賀市甲南町希望ケ丘 五丁目,甲賀市甲南町希望ケ丘 五丁目３３０－１１,３３０－１１,0748-86-5860,吉村 忠雄,H14/03/05,,,,甲賀,5627913.pdf
理容所,ヘアーサロン ＭＯＢＯ,520-3234,湖南市中央五丁目,湖南市中央五丁目１６８中央ビル内 １Ｆ,１６８中央ビル内 １Ｆ,72-5591,中井 勉,H01/07/15,,,,甲賀,5627913.pdf
理容所,ヘアーサロン アート,528-0235,甲賀市土山町大野,甲賀市土山町大野４４２,４４２,67-0213,中村 良雄,H01/11/14,,,,甲賀,5627913.pdf
理容所,ヘアーサロン カワサキ,520-3431,甲賀市甲賀町大原中,甲賀市甲賀町大原中６６５,６６５,88-3637,川崎 友子,S54/12/15,,,,甲賀,5627913.pdf
理容所,ヘアーサロン こばやし,520-3332,甲賀市甲南町希望ケ丘 本町一丁目,甲賀市甲南町希望ケ丘 本町一丁目２６０６－６１,２６０６－６１,86-6879,小林 貞信,S61/07/26,,,,甲賀,5627913.pdf
理容所,ヘアーサロン サワダ,528-0211,甲賀市土山町北土山,甲賀市土山町北土山７８４－２,７８４－２,66-0880,澤田 好章,H02/04/09,,,,甲賀,5627913.pdf
理容所,ヘアーサロン シバタ,528-0234,甲賀市土山町徳原,甲賀市土山町徳原１５８－１,１５８－１,67-0773,柴田 潤一,H03/01/17,,,,甲賀,5627913.pdf
理容所,ヘアーサロン シミズ,520-3433,甲賀市甲賀町大原市場,甲賀市甲賀町大原市場１５７－１１,１５７－１１,88-2244,清水 靖信,S50/01/13,,,,甲賀,5627913.pdf
理容所,ヘアーサロン タモリ,528-0212,甲賀市土山町南土山,甲賀市土山町南土山７２３－２,７２３－２,66-1331,田守 久司,S63/10/19,,,,甲賀,5627913.pdf
理容所,ヘアーサロン トム,520-3222,湖南市吉永,湖南市吉永１９３－３,１９３－３,72-6555,村井 経雄,H08/06/11,,,,甲賀,5627913.pdf
理容所,ヘアーサロン ハットリ,520-3107,湖南市石部東三丁目,湖南市石部東三丁目１０－５,１０－５,0748-77-3258,服部 誠一,H10/11/18,,,,甲賀,5627913.pdf
理容所,ヘアーサロン フクイ,520-3221,湖南市三雲,湖南市三雲１２５０－９,１２５０－９,72-3444,福井 哲也,S53/02/13,,,,甲賀,5627913.pdf
理容所,ヘアーサロン フクモト,528-0046,甲賀市水口町三大寺,甲賀市水口町三大寺２３,２３,62-1360,福本 浩一,S53/07/25,,,,甲賀,5627913.pdf
理容所,ヘアーサロン ミナミ,528-0006,甲賀市水口町元町,甲賀市水口町元町８－１３,８－１３,62-0864,南 正次,S45/08/05,,,,甲賀,5627913.pdf
理容所,ヘアーサロン ヤナガ,520-3234,湖南市中央二丁目,湖南市中央二丁目８６,８６,72-3255,弥永 茂太郎,S51/11/25,,,,甲賀,5627913.pdf
理容所,ヘアーサロン ヤマナカ,528-0067,甲賀市水口町山,甲賀市水口町山３９２４－７,３９２４－７,63-3166,山中 みどり,H08/11/30,,,,甲賀,5627913.pdf
理容所,ヘアーサロン 上西,520-3201,湖南市下田,湖南市下田１４７５,１４７５,0748-75-0037,上西 直輝,S44/08/06,,,,甲賀,5627913.pdf
理容所,ヘアーサロン 朝日舘,520-3201,湖南市下田,湖南市下田４６９,４６９,75-2114,谷口 雄一,H08/11/25,,,,甲賀,5627913.pdf
理容所,ヘアーサロン・キダ,520-3323,甲賀市甲南町深川市場,甲賀市甲南町深川市場８３－１,８３－１,86-4608,木田 明,S50/03/30,,,,甲賀,5627913.pdf
理容所,ヘアーステイション ザ・トコヤ,520-3216,湖南市若竹町,湖南市若竹町８－２４,８－２４,75-1031,脇野 靖博,H02/07/31,,,,甲賀,5627913.pdf
理容所,ヘアサロン コスギ,528-0005,甲賀市水口町水口,甲賀市水口町水口５５６８,５５６８,62-2133,小杉 穂,S58/11/19,,,,甲賀,5627913.pdf
理容所,ヘアマジック,528-0031,甲賀市水口町本町二丁 目,甲賀市水口町本町二丁 目３－２０,３－２０,0748-62-0861,松下 覚,H10/06/18,,,,甲賀,5627913.pdf
理容所,マツムラ理容店,529-1835,甲賀市信楽町長野,甲賀市信楽町長野５９５,５９５,82-2511,内海 義孝,H05/11/08,,,,甲賀,5627913.pdf
理容所,モトミ理容店,529-1835,甲賀市信楽町長野,甲賀市信楽町長野８８０－１,８８０－１,82-0541,奥田 美代子,S55/12/04,,,,甲賀,5627913.pdf
理容所,伊東理容,529-1835,甲賀市信楽町長野,甲賀市信楽町長野５１６－７,５１６－７,82-2203,伊東 三男,S43/01/30,,,,甲賀,5627913.pdf
理容所,国立療養所紫香楽病院理髪室,529-1803,甲賀市信楽町牧,甲賀市信楽町牧９９７,９９７,83-0101,国立療養所紫香楽病院病院 協会長伊藤 元彦,H06/02/18,,,,甲賀,5627913.pdf
理容所,佐々木理容室,520-3326,甲賀市甲南町耕心四丁 目,甲賀市甲南町耕心四丁 目１０７８－２０,１０７８－２０,86-5465,佐々木 孝蔵,S52/10/17,,,,甲賀,5627913.pdf
理容所,山口理容所,520-3401,甲賀市甲賀町岩室,甲賀市甲賀町岩室９４５,９４５,88-3691,山口 きよ子,S50/07/25,,,,甲賀,5627913.pdf
理容所,水口理容院,529-1841,甲賀市信楽町上朝宮,甲賀市信楽町上朝宮７９４,７９４,84-0187,水口 ふくゑ,S27/04/01,,,,甲賀,5627913.pdf
理容所,谷口理容店,520-3101,湖南市石部,湖南市石部４５６６－１,４５６６－１,77-2451,谷口 ふみ子,H03/08/23,,,,甲賀,5627913.pdf
理容所,美髪倶楽部,520-3242,湖南市菩提寺,湖南市菩提寺１５９６,１５９６,74-2501,坂梨 光輝,H02/08/07,,,,甲賀,5627913.pdf
理容所,理容 おおはら,528-0212,甲賀市土山町南土山,甲賀市土山町南土山３１８－２,３１８－２,66-0692,大原 利男,S38/09/28,,,,甲賀,5627913.pdf
理容所,理容 すぎの,520-3402,甲賀市甲賀町小佐治,甲賀市甲賀町小佐治２５４５－３,２５４５－３,88-4432,杉野 良一,S56/03/24,,,,甲賀,5627913.pdf
理容所,理容 イマムラ,528-0064,甲賀市水口町伴中山,甲賀市水口町伴中山２３６８－１,２３６８－１,62-5426,今村 弘,S52/04/12,,,,甲賀,5627913.pdf
理容所,理容 カワベ,528-0038,甲賀市水口町新町一丁 目,甲賀市水口町新町一丁 目３－１８,３－１８,62-0419,川辺 実,S42/12/07,,,,甲賀,5627913.pdf
理容所,理容 こだま,520-3322,甲賀市甲南町深川,甲賀市甲南町深川２１８３,２１８３,0748-86-3684,小玉 一喜,H20/06/04,,,,甲賀,5627913.pdf
理容所,理容 たかはし,528-0006,甲賀市水口町元町,甲賀市水口町元町５－５,５－５,62-1254,高橋 幸一,H09/03/05,,,,甲賀,5627913.pdf
理容所,理容 タナカ,528-0049,甲賀市水口町貴生川,甲賀市水口町貴生川３９０－４,３９０－４,62-2107,田中 久義,H02/03/03,,,,甲賀,5627913.pdf
理容所,理容 たにぐち,520-3242,湖南市菩提寺,湖南市菩提寺１３０３,１３０３,74-1208,谷口 博史,S48/03/14,,,,甲賀,5627913.pdf
理容所,理容 とのむら,528-0052,甲賀市水口町宇川,甲賀市水口町宇川２０６－７,２０６－７,62-7955,外村 隆俊,S55/12/13,,,,甲賀,5627913.pdf
理容所,理容 なかにし,529-1803,甲賀市信楽町牧,甲賀市信楽町牧８９１－４,８９１－４,83-0437,中西 一詞,S55/05/19,,,,甲賀,5627913.pdf
理容所,理容 はしもと,520-3251,湖南市朝国,湖南市朝国２６４,２６４,,橋本 弥一,S47/12/14,,,,甲賀,5627913.pdf
理容所,理容 ヒサオカ,520-3231,湖南市針,湖南市針５９１,５９１,72-0438,久岡義彦,S38/10/29,,,,甲賀,5627913.pdf
理容所,Ｃｕｔ Ｓｐａｃｅ ひらお,529-1835,甲賀市信楽町長野,甲賀市信楽町長野４７９－１５,４７９－１５,82-0370,平尾 ・技,H04/07/28,,,,甲賀,5627913.pdf
理容所,理容 みなくち,529-1812,甲賀市信楽町神山,甲賀市信楽町神山５０６－１,５０６－１,82-2204,水口 つさ子,S35/10/01,,,,甲賀,5627913.pdf
理容所,理容 ミナミヤマ,528-0049,甲賀市水口町貴生川,甲賀市水口町貴生川３８８－１,３８８－１,62-4070,南山 宣昭,H02/07/26,,,,甲賀,5627913.pdf
理容所,理容 ムラキ,528-0202,甲賀市土山町鮎河,甲賀市土山町鮎河１０８４,１０８４,69-0038,村木 重嘉,S50/05/30,,,,甲賀,5627913.pdf
理容所,理容 ユキ,529-1835,甲賀市信楽町長野,甲賀市信楽町長野１３８９,１３８９,82-2304,奥田 幸正,S48/11/29,,,,甲賀,5627913.pdf
理容所,理容 増岡,529-1835,甲賀市信楽町長野,甲賀市信楽町長野４６２－７,４６２－７,82-1709,増岡 博史,H03/11/08,,,,甲賀,5627913.pdf
理容所,理容 中村,528-0231,甲賀市土山町頓宮,甲賀市土山町頓宮２１９,２１９,67-0212,中村 満,H01/10/03,,,,甲賀,5627913.pdf
理容所,理容ＫＡＯＲＵ,529-1841,甲賀市信楽町上朝宮,甲賀市信楽町上朝宮５１０,５１０,0748-84-0111,植田 英朗,H13/06/27,,,,甲賀,5627913.pdf
理容所,理容カットエー,528-0033,甲賀市水口町綾野,甲賀市水口町綾野６９１－１,６９１－１,62-4638,株式会社カットツイン,H17/11/18,,,,甲賀,5627913.pdf
理容所,理容ビッグ 甲西店,520-3252,湖南市岩根,湖南市岩根８８６－１,８８６－１,75-4601,日置 陽子,H19/09/03,,,,甲賀,5627913.pdf
理容所,理容フクイ,528-0056,甲賀市水口町泉,甲賀市水口町泉５０７,５０７,0748-62-7833,福井 十九治,H12/09/05,,,,甲賀,5627913.pdf
理容所,理容プラージュ水口店,528-0033,甲賀市水口町綾野,甲賀市水口町綾野３－５８,３－５８,0748-62-8860,阪南理美容株式会社,H13/03/13,,,,甲賀,5627913.pdf
理容所,理容室 イシノ,529-1851,甲賀市信楽町長野,甲賀市信楽町長野９７５－１,９７５－１,82-0095,石野 智彦,R06/01/01,,,,甲賀,5627913.pdf
理容所,ｈａｉｒ ｓｐａｃｅ ＪＵＫＥ,520-3313,甲賀市甲南町新治,甲賀市甲南町新治１４２０－１,１４２０－１,0748-86-1981,山内 孝則,H21/02/19,,,,甲賀,5627913.pdf
理容所,ＱＢハウス アルプラザ水口店,528-0037,甲賀市水口町本綾野,甲賀市水口町本綾野５６６－１アルプラザ水口２ Ｆ,５６６－１アルプラザ水口２ Ｆ,0120-585-919,キュービーネット株式会社,H22/07/14,,,,甲賀,5627913.pdf
理容所,ＨＡＩＲ ＵＰ,528-0063,甲賀市水口町下山,甲賀市水口町下山６９３－２８９,６９３－２８９,0748-63-3057,服部 吉起,H24/08/17,,,,甲賀,5627913.pdf
理容所,ｆａｍｉｌｌｅ×阿星,520-3108,湖南市石部南四丁目,湖南市石部南四丁目５－６,５－６,0748-77-4511,竹内 たず子,H25/01/15,,,,甲賀,5627913.pdf
理容所,公立甲賀病院内理容室,528-0074,甲賀市水口町松尾,甲賀市水口町松尾１２５６,１２５６,0748-62-0234,木村 三千代,H25/04/02,,,,甲賀,5627913.pdf
理容所,ヘアーサロン・ヤマシタ,520-3426,甲賀市甲賀町田堵野,甲賀市甲賀町田堵野９２５－２,９２５－２,0748-88-3734,山下 貢,H25/09/02,,,,甲賀,5627913.pdf
理容所,ｃａｒｄｉｎａｌ,520-3254,湖南市岩根中央二丁目,湖南市岩根中央二丁目４９,４９,0748-72-1111,林 義人,H25/10/30,,,,甲賀,5627913.pdf
理容所,８０’Ｓ ＨＡＩＲ,528-0056,甲賀市水口町泉,甲賀市水口町泉６－２０,６－２０,0748-62-3008,森地 聡,H26/08/18,,,,甲賀,5627913.pdf
理容所,髪心 ＯＣＨＡＲＡ,520-3333,甲賀市甲南町希望ケ丘 一丁目,甲賀市甲南町希望ケ丘 一丁目９番地２,９番地２,0748-86-5740,長田 信孝,H26/09/02,,,,甲賀,5627913.pdf
理容所,ＥＩＧＨＴ ＨＡＩＲ ＰＬＡＣＥ,528-0005,甲賀市水口町水口,甲賀市水口町水口５６８７－７,５６８７－７,0748-69-6888,辻 得三郎,H27/12/21,,,,甲賀,5627913.pdf
理容所,カットコムズ石部,520-3106,湖南市石部中央六丁目,湖南市石部中央六丁目１－３１ 平和堂石部店内１ Ｆ,１－３１ 平和堂石部店内１ Ｆ,,前川 政光,H28/06/06,,,,甲賀,5627913.pdf
理容所,カットサロン スピナー,520-3214,湖南市梅影町,湖南市梅影町３－１３ ジョイキュアビル １Ｆ,３－１３ ジョイキュアビル １Ｆ,0748-75-8353,佐々木 雅人,H28/09/14,,,,甲賀,5627913.pdf
理容所,カットサロン ささゆり,528-0005,甲賀市水口町水口,甲賀市水口町水口５５７２ 水口温泉つばきの 湯内,５５７２ 水口温泉つばきの 湯内,0748-65-1126,田中 久義,H28/11/28,,,,甲賀,5627913.pdf
理容所,Ｌｏｔｕｓ,528-0032,甲賀市水口町八坂,甲賀市水口町八坂５－１９,５－１９,0748-78-0155,長谷川 一信,H28/12/07,,,,甲賀,5627913.pdf
理容所,ヘアーサロン おがた,528-0032,甲賀市水口町八坂,甲賀市水口町八坂３－２８,３－２８,0748-62-1987,緒方 幸子,H28/12/21,,,,甲賀,5627913.pdf
理容所,カットサロン ＳＵＷＡ,520-3102,湖南市宮の森一丁目,湖南市宮の森一丁目９－１２,９－１２,0748-77-5021,諏訪 真邦,H29/01/25,,,,甲賀,5627913.pdf
理容所,床屋,520-3308,甲賀市甲南町野田,甲賀市甲南町野田５９０,５９０,0748-86-5656,山村 大,H29/04/27,,,,甲賀,5627913.pdf
理容所,散髪屋さん,520-3235,湖南市平松北三丁目,湖南市平松北三丁目５,５,0748-72-6628,三好 友和,H30/01/30,,,,甲賀,5627913.pdf
理容所,カットハウス Ｙ＆Ｍ,520-3243,湖南市菩提寺北三丁目,湖南市菩提寺北三丁目２－１９,２－１９,0748-74-0397,諏訪 由美,H30/03/02,,,,甲賀,5627913.pdf
理容所,ＭＯＪＯ ＨＡＮＤ’Ｓ ＢＡＲＢＥＲ ＳＨＯＰ,520-3311,甲賀市甲南町竜法師,甲賀市甲南町竜法師７９２,７９２,0748-60-4280,三添 大地,R01/11/19,,,,甲賀,5627913.pdf
理容所,ヘアーサロン さかがみ,520-3323,甲賀市甲南町深川市場,甲賀市甲南町深川市場６２,６２,,牧野 伸一,R01/12/24,,,,甲賀,5627913.pdf
理容所,ヘアーサロン オカモト,520-3431,甲賀市甲賀町大原中,甲賀市甲賀町大原中１１１３,１１１３,0748-88-5707,岡本 万壽美,R02/01/16,,,,甲賀,5627913.pdf
理容所,結,528-0051,甲賀市水口町北内貴,甲賀市水口町北内貴５６８,５６８,0748-62-7310,若林 則子,R02/06/02,,,,甲賀,5627913.pdf
理容所,理容ビッグ 甲西店,520-3252,湖南市岩根,湖南市岩根８８６－１,８８６－１,0748-75-4601,松原 克,R04/03/25,,,,甲賀,5627913.pdf
理容所,理容サービス イオンタウン湖南店,520-3252,湖南市岩根,湖南市岩根４５８０,４５８０,0748-72-8395,株式会社ＷＡＫＡＭＡＴＳ Ｕ,R04/09/30,,,,甲賀,5627913.pdf
理容所,ピノキオ,520-3104,湖南市岡出二丁目,湖南市岡出二丁目２－１,２－１,0748-77-2221,山内 清次,R04/10/28,,,,甲賀,5627913.pdf
理容所,ヘアーサロン モリチ,528-0056,甲賀市水口町泉,甲賀市水口町泉１５－４０,１５－４０,0748-63-0225,森地 満治,R05/02/17,,,,甲賀,5627913.pdf
理容所,Ａｚｕ（あず）,521-1212,東近江市種町,東近江市種町１６８０－４６,１６８０－４６,0748-42-3455,辻 智実,H18/02/14,,,,東近江,5627913.pdf
理容所,ＢＡＲ ＢＡＲ 髪道楽,527-0023,東近江市八日市緑町,東近江市八日市緑町１４－４,１４－４,22-1156,川嶋 康文,H06/11/28,,,,東近江,5627913.pdf
理容所,ＢＡＲＢＥＲ ＳＨＯＰ Ｋ,527-0018,東近江市八日市清水一 丁目,東近江市八日市清水一 丁目９－７,９－７,22-2430,小菅 利裕,S60/10/01,,,,東近江,5627913.pdf
理容所,ＢａｒＢｅｒ ツツミ,527-0006,東近江市建部日吉町,東近江市建部日吉町３４１,３４１,22-2789,堤 保廣,S52/02/10,,,,東近江,5627913.pdf
理容所,ＢＳＴ（ビースト）,529-1658,蒲生郡日野町中山,蒲生郡日野町中山６２６－１２,６２６－１２,53-1771,杉浦 哲也,H11/10/07,,,,東近江,5627913.pdf
理容所,ＣＵＲＡＲＥ さわむら,527-0105,東近江市中里町,東近江市中里町６１６,６１６,0749-45-2836,澤村 久治,H18/01/31,,,,東近江,5627913.pdf
理容所,ＣＵＴ ＳＨＯＰ Ｋ’Ｚ,521-1222,東近江市佐野町,東近江市佐野町７９２,７９２,42-5009,王 和平,H07/02/25,,,,東近江,5627913.pdf
理容所,Ｈａｉｒ ｃａｔｃｈ ｃｏｎａｎ（天 下）,521-1311,近江八幡市安土町下豊 浦,近江八幡市安土町下豊 浦３１０２－１,３１０２－１,0748-46-3603,小南 昭治郎,H14/04/08,,,,東近江,5627913.pdf
理容所,Ｈａｉｒ Ｗａｌｋ,527-0011,東近江市八日市浜野町,東近江市八日市浜野町９－１８,９－１８,23-3819,中島 宏,H17/01/31,,,,東近江,5627913.pdf
理容所,ＨＡＩＲ ＷＡＬＫ －２００８－,527-0006,東近江市建部日吉町,東近江市建部日吉町４６４－７,４６４－７,0748-23-3819,中島 敏,H20/02/01,,,,東近江,5627913.pdf
理容所,ＨＥＡＲＴＹ ＨＡＩＲ ＨＥＡＶＥＮ,527-0022,東近江市八日市上之町,東近江市八日市上之町２－７ ウイング八日市１０ ４,２－７ ウイング八日市１０ ４,22-6601,小西 康之,H14/07/10,,,,東近江,5627913.pdf
理容所,Ｋ’ｓ ＩＫＥＤＡ ＨＡＩＲ ＳＡＬ ＯＮ,520-2564,蒲生郡竜王町山面,蒲生郡竜王町山面３５－１６７,３５－１６７,58-1980,池田 崇,S60/08/20,,,,東近江,5627913.pdf
理容所,ＭＥＮ’Ｓ ＣＬＵＢ ＨＡＳＨＩＮＯ,529-1551,東近江市宮川町,東近江市宮川町６８８－１２６,６８８－１２６,55-4008,橋野 涼一,H04/12/17,,,,東近江,5627913.pdf
理容所,ＳＡＬＯＮ ＤＥ ＣＯＩＦＦＥＵＲ Ｌｅ Ｃｏｕｒｓ,523-0875,近江八幡市小幡町上,近江八幡市小幡町上３８,３８,33-2580,五島 猛,H07/10/04,,,,東近江,5627913.pdf
理容所,ＳＡＬＯＮ ＤＥ ＣＯＩＦＦＵＲ Ｃ ＨＡＲＭＡＮＴ ＴＡＫＥＭＵＲＡ,529-1628,蒲生郡日野町西大路,蒲生郡日野町西大路２１６２,２１６２,0748-52-0204,竹村 良和,H13/07/16,,,,東近江,5627913.pdf
理容所,ＳＡＮＰＡＴＵ ひらい,527-0071,東近江市今堀町,東近江市今堀町７９７－８,７９７－８,23-2338,平井 久夫,S49/11/20,,,,東近江,5627913.pdf
理容所,Ｓｔｙｌｉｎｇ ｓｐａｃｅＺＡＫＵ,529-1601,蒲生郡日野町松尾,蒲生郡日野町松尾１２００グランドールソシア,１２００グランドールソシア,52-0475,杉浦 彰利,H08/05/23,,,,東近江,5627913.pdf
理容所,ＳＵＰＥＲ ＨＡＩＲ まほうの手,523-0816,近江八幡市西庄町,近江八幡市西庄町１２５－２,１２５－２,34-7051,野田 光徳,H09/06/01,,,,東近江,5627913.pdf
理容所,アイ理容,523-0055,近江八幡市柳町一丁目,近江八幡市柳町一丁目５８４―１４,５８４―１４,34-7312,大原 邁,S48/06/28,,,,東近江,5627913.pdf
理容所,エイ理容所,527-0012,東近江市八日市本町,東近江市八日市本町８－１７,８－１７,22-1187,山田 隆司,S37/11/18,,,,東近江,5627913.pdf
理容所,オオクボ理容所,529-1647,蒲生郡日野町別所,蒲生郡日野町別所１２,１２,52-0924,大久保 豊,S51/06/14,,,,東近江,5627913.pdf
理容所,オンジョウ理容所,529-1644,蒲生郡日野町内池,蒲生郡日野町内池８１９,８１９,52-1651,園城 静子,S61/12/02,,,,東近江,5627913.pdf
理容所,かすが理容,527-0161,東近江市中戸町,東近江市中戸町３５９,３５９,,西川 宏,S39/11/08,,,,東近江,5627913.pdf
理容所,カットサロン ウエノ,527-0047,東近江市野村町,東近江市野村町５１１－５,５１１－５,23-2157,上野 洋,S61/04/26,,,,東近江,5627913.pdf
理容所,カットサロン チョキちゃん,523-0082,近江八幡市土田町,近江八幡市土田町１３７９番地 近江八幡医療 センター ４階,１３７９番地 近江八幡医療 センター ４階,0748-31-1272,中村 進,H18/09/28,,,,東近江,5627913.pdf
理容所,カットサロン ヒロ,527-0033,東近江市東沖野五丁目,東近江市東沖野五丁目２８－１５,２８－１５,23-8158,永井 光広,H13/06/18,,,,東近江,5627913.pdf
理容所,カットサロン ヤマナカ,520-2552,蒲生郡竜王町小口,蒲生郡竜王町小口１６１－２,１６１－２,58-0230,山中 利和,S61/09/30,,,,東近江,5627913.pdf
理容所,Ｈａｉｒ ＢＡＧＵＳ,522-0043,彦根市小泉町,彦根市小泉町１０３９－１６,１０３９－１６,0749-27-6553,株式会社Ｂａｇｕｒａｔｏ ｒｙ,H20/11/04,,,,彦根,5627913.pdf
理容所,Ｈａｉｒ Ｒｅｎａｉｓｓａｎｃｅ モ モ,522-0047,彦根市日夏町,彦根市日夏町７１３－１９,７１３－１９,0749-25-3930,池山 美重子,H28/08/10,,,,彦根,5627913.pdf
理容所,Ｈａｉｒ＆Ｆａｃｅ ＮＡＴＵＲＡＬ,522-0026,彦根市大堀町,彦根市大堀町９４７－８,９４７－８,0749-22-4938,塚本 晃大,H11/10/14,,,,彦根,5627913.pdf
理容所,ｄｒｅｓｓ ｈａｉｒ,522-0222,彦根市南川瀬町,彦根市南川瀬町１６５１－５,１６５１－５,0749-25-2112,上田 明弘,H15/09/03,,,,彦根,5627913.pdf
理容所,ｉ－ｈｏｐｅ．．,529-1311,愛知郡愛荘町石橋,愛知郡愛荘町石橋６４８,６４８,0749-42-7307,中田 滋,H28/04/21,,,,彦根,5627913.pdf
理容所,Ｍｅｎ’ｓ Ｈａｉｒ ＳＴＥＭ,522-0042,彦根市戸賀町,彦根市戸賀町９５－１７,９５－１７,0749-22-0114,針崎 正男,H11/04/06,,,,彦根,5627913.pdf
理容所,ｎａｔｕｒａｌ ｈａｉｒ ｆｅｅｌ,522-0051,彦根市中藪町,彦根市中藪町６３１－２,６３１－２,0749-22-5875,小島 正嗣,H12/06/28,,,,彦根,5627913.pdf
理容所,ｗｉｔｈ ａ ｓｍｉｌｅ Ｈａｉｒ Ｐａｒｋ Ｓｉｏｎ,521-1147,彦根市薩摩町,彦根市薩摩町１２２９－１,１２２９－１,43-5331,福原 祐介,H15/04/25,,,,彦根,5627913.pdf
理容所,アウラ,521-1123,彦根市肥田町,彦根市肥田町１００８,１００８,0749-43-7011,粢田 裕之,H18/10/10,,,,彦根,5627913.pdf
理容所,アトリエ ぷち,522-0066,彦根市栄町一丁目,彦根市栄町一丁目１２－２,１２－２,0749-27-5528,伊藤 春美,H16/08/13,,,,彦根,5627913.pdf
理容所,おしゃれサロン ツジ,529-1166,犬上郡豊郷町上枝,犬上郡豊郷町上枝３３９,３３９,0749-35-3367,有限会社 ツジ,H08/09/30,,,,彦根,5627913.pdf
理容所,カット＆パーマ サロンプラザ,522-0038,彦根市西沼波町,彦根市西沼波町１２８－１,１２８－１,24-4459,宮川 喜司,S58/11/12,,,,彦根,5627913.pdf
理容所,カットサロン ダラス,529-1167,犬上郡豊郷町杉,犬上郡豊郷町杉２１５－５,２１５－５,0749-35-4454,河合 定義,H07/08/17,,,,彦根,5627913.pdf
理容所,カットステージ Ｂｅ・シュアー,521-1125,彦根市稲枝町,彦根市稲枝町２９２,２９２,43-4644,増田 勇二,H08/09/30,,,,彦根,5627913.pdf
理容所,かっとすぺーす 山本,521-1103,彦根市上岡部町,彦根市上岡部町４８３－３,４８３－３,0749-43-2324,山本 秀樹,H13/07/04,,,,彦根,5627913.pdf
理容所,カットハウス リヴィット,521-1124,彦根市野良田町,彦根市野良田町１７６－１,１７６－１,43-4696,小林 旭,H02/12/12,,,,彦根,5627913.pdf
理容所,カットハウス 髪屋,522-0074,彦根市大東町,彦根市大東町１３－１０泉ビル１Ｆ,１３－１０泉ビル１Ｆ,23-2000,辻本 清,H07/11/08,,,,彦根,5627913.pdf
理容所,カットハウス宇野,529-1206,愛知郡愛荘町蚊野,愛知郡愛荘町蚊野２９４７－３,２９４７－３,0749-37-2756,宇野 晴道,H09/04/14,,,,彦根,5627913.pdf
理容所,クリニック ヘアーサロン シゲ,522-0027,彦根市東沼波町,彦根市東沼波町７８３－３,７８３－３,22-6732,能城 易繁,H03/06/03,,,,彦根,5627913.pdf
理容所,デジ理容店,521-1125,彦根市稲枝町,彦根市稲枝町３２１,３２１,0749-43-2010,出路 博,S43/05/01,,,,彦根,5627913.pdf
理容所,ノア理容,522-0081,彦根市京町三丁目,彦根市京町三丁目２－２３,２－２３,22-4052,曹 一男,H03/02/22,,,,彦根,5627913.pdf
理容所,バーバー ワタナベ,522-0053,彦根市大藪町,彦根市大藪町２４５８－１,２４５８－１,24-1240,渡邉 一夫,H09/11/11,,,,彦根,5627913.pdf
理容所,ひかり理容院,522-0263,犬上郡甲良町法養寺,犬上郡甲良町法養寺１８５－１１４,１８５－１１４,38-3704,宮川 昭子,S61/08/26,,,,彦根,5627913.pdf
理容所,プラージュ 彦根理容,522-0073,彦根市旭町,彦根市旭町９－１,９－１,0749-23-9108,阪南理美容株式会社,H05/11/26,,,,彦根,5627913.pdf
理容所,ヘアー・カット・コダマ,522-0201,彦根市高宮町,彦根市高宮町２１３２－１９,２１３２－１９,22-2377,今村 浩行,H20/03/24,,,,彦根,5627913.pdf
理容所,ヘアーオアシス アルル,529-1331,愛知郡愛荘町愛知川,愛知郡愛荘町愛知川１６１９－３,１６１９－３,0749-42-5944,田中 高廣,H17/10/18,,,,彦根,5627913.pdf
理容所,ヘアーカットサロン ヤスダ,529-1174,犬上郡豊郷町下枝,犬上郡豊郷町下枝６３－１,６３－１,35-3532,安田 誠雄,H02/03/06,,,,彦根,5627913.pdf
理容所,ヘアーサロン ・ ツダ,522-0047,彦根市日夏町,彦根市日夏町２６１９,２６１９,0749-25-0780,津田 吉彦,H15/06/05,,,,彦根,5627913.pdf
理容所,へあーさろん うの,522-0053,彦根市大藪町,彦根市大藪町２１８４,２１８４,24-6168,宇野 幸生,H01/11/02,,,,彦根,5627913.pdf
理容所,ヘアーサロン オカダ,522-0063,彦根市中央町,彦根市中央町５－２４,５－２４,0749-22-5112,岡田 昭三郎,S53/05/04,,,,彦根,5627913.pdf
理容所,ヘアーサロン おがわ,522-0261,犬上郡甲良町長寺,犬上郡甲良町長寺１１００－３,１１００－３,0749-38-3234,小川 藤勝,S57/11/13,,,,彦根,5627913.pdf
理容所,ヘアーサロン オモト,522-0053,彦根市大藪町,彦根市大藪町１８６５－２,１８６５－２,0749-22-2073,尾本 真吾,S57/08/06,,,,彦根,5627913.pdf
理容所,ヘアーサロン カシハラ,522-0241,犬上郡甲良町呉竹,犬上郡甲良町呉竹３２５－５,３２５－５,28-0502,柏原 紀浩,S62/06/08,,,,彦根,5627913.pdf
理容所,ヘアーサロン かつまさ,522-0053,彦根市大藪町,彦根市大藪町１６３－２５,１６３－２５,23-8543,竹林 薫,S52/08/10,,,,彦根,5627913.pdf
理容所,ヘアーサロン シロー,522-0043,彦根市小泉町,彦根市小泉町３００－１９,３００－１９,24-2101,北川 清朗,S52/08/25,,,,彦根,5627913.pdf
理容所,ヘアーサロン センダ,522-0002,彦根市松原一丁目,彦根市松原一丁目２－１１,２－１１,0749-22-6782,千田 一人,H10/03/04,,,,彦根,5627913.pdf
理容所,ヘアーサロン タカダ,521-1102,彦根市下岡部町,彦根市下岡部町山ノ脇７２－４,山ノ脇７２－４,43-6035,高田 敏一,S52/10/11,,,,彦根,5627913.pdf
理容所,ヘアーサロン テライ,522-0066,彦根市栄町二丁目,彦根市栄町二丁目１－３７,１－３７,22-6932,寺居 映子,H05/09/07,,,,彦根,5627913.pdf
理容所,ヘアーサロン フジツカ,522-0088,彦根市銀座町,彦根市銀座町２－３１,２－３１,0749-22-2652,藤塚 利雄,S49/06/20,,,,彦根,5627913.pdf
理容所,ヘアーサロン フタムラ,522-0002,彦根市松原町,彦根市松原町千原１７５９,千原１７５９,24-2715,二村 智弘,S53/04/26,,,,彦根,5627913.pdf
理容所,ヘアーサロン モリ,522-0057,彦根市八坂町,彦根市八坂町１３３７,１３３７,0749-28-1635,森 光代,S41/12/05,,,,彦根,5627913.pdf
理容所,ヘアーサロン ローズ,522-0223,彦根市川瀬馬場町,彦根市川瀬馬場町８８３－２,８８３－２,28-1159,辻田 守,H16/02/01,,,,彦根,5627913.pdf
理容所,ヘアーサロン 光,522-0041,彦根市平田町,彦根市平田町６７３－１第３那須ビル,６７３－１第３那須ビル,23-3967,西澤 佳光,H01/06/17,,,,彦根,5627913.pdf
理容所,ヘアーサロン 八重子,522-0023,彦根市原町,彦根市原町８０８－２５,８０８－２５,23-1204,矢野 八重子,H06/02/21,,,,彦根,5627913.pdf
理容所,ヘアーサロン・マメヒコ,522-0201,彦根市高宮町,彦根市高宮町１９８３,１９８３,24-1046,北川 和彦,H09/09/29,,,,彦根,5627913.pdf
理容所,ヘアーサロン・ラブ,522-0041,彦根市平田町,彦根市平田町８０５,８０５,0749-22-5066,有限会社ラブ,H07/03/09,,,,彦根,5627913.pdf
理容所,ヘアーサロン タカハシ,522-0342,犬上郡多賀町敏満寺,犬上郡多賀町敏満寺１３０５,１３０５,0749-48-0232,高橋 成幸,H12/02/04,,,,彦根,5627913.pdf
理容所,Ｍｅｎ’ｓ Ｇｒｏｏｍｉｎｇ Ｂａｒ Ｂｅｒ Ｓａｌｏｎ ＧＥＮＴ’Ｓ,529-1321,愛知郡愛荘町豊満,愛知郡愛荘町豊満４８８－４,４８８－４,0749-42-3329,西沢 博文,H12/04/19,,,,彦根,5627913.pdf
理容所,ヘアサロン 西居,522-0087,彦根市芹橋二丁目,彦根市芹橋二丁目４－４,４－４,24-3828,西居 新時,H05/12/06,,,,彦根,5627913.pdf
理容所,ヘアーサロン山田,522-0261,犬上郡甲良町長寺,犬上郡甲良町長寺５４６,５４６,0749-38-3800,山田 清一,H12/03/06,,,,彦根,5627913.pdf
理容所,まさき理容,522-0084,彦根市橋向町,彦根市橋向町２４,２４,24-4541,正木 国男,S55/04/24,,,,彦根,5627913.pdf
理容所,ミムラ理容室,522-0025,彦根市野田山町,彦根市野田山町１０６４－２０,１０６４－２０,23-4160,三村 久男,S61/04/29,,,,彦根,5627913.pdf
理容所,メンズヘアー フジツカ,522-0089,彦根市錦町,彦根市錦町５－２２,５－２２,0749-22-6716,藤塚 幸利,S41/03/10,,,,彦根,5627913.pdf
理容所,やすらぎ髪細工 Ｗａ,522-0054,彦根市西今町,彦根市西今町９２２－１０,９２２－１０,0749-26-6262,山本 正,H17/10/05,,,,彦根,5627913.pdf
理容所,ラルジュ 彦根市立病院店,522-0057,彦根市八坂町,彦根市八坂町１８８２ 彦根市立病院内 地下１階,１８８２ 彦根市立病院内 地下１階,0749-22-6050 （0680）,株式会社フィール,H19/03/08,,,,彦根,5627913.pdf
理容所,ＭＥＮ'Ｓ ＢＥＡＵＴＹ ＲＥＤ ＣＯ ＯＬ,522-0074,彦根市大東町,彦根市大東町２－３３,２－３３,22-8495,ｒｙｕ－ｚｕ株式会社,H06/06/27,,,,彦根,5627913.pdf
理容所,宇水理髪館,522-0083,彦根市河原三丁目,彦根市河原三丁目２－２３,２－２３,22-3934,宇水 勇,S55/02/27,,,,彦根,5627913.pdf
理容所,芹橋理容,522-0084,彦根市橋向町,彦根市橋向町４７,４７,22-4536,趙 家慶,S20/05/06,,,,彦根,5627913.pdf
理容所,近江鉄道グループ弥栄会,522-0074,彦根市大東町,彦根市大東町４－１７,４－１７,23-4021,近江鉄道グループ弥栄会,S55/09/23,,,,彦根,5627913.pdf
理容所,元持理容店,522-0066,彦根市栄町一丁目,彦根市栄町一丁目５－２３,５－２３,0749-22-8521,元持 悟,S48/11/01,,,,彦根,5627913.pdf
理容所,広瀬理容所,529-1315,愛知郡愛荘町沓掛,愛知郡愛荘町沓掛５７０,５７０,42-3561,広瀬 大一,S12/10/01,,,,彦根,5627913.pdf
理容所,山崎理容所,522-0261,犬上郡甲良町長寺,犬上郡甲良町長寺西３７４,西３７４,38-3691,山崎 鉄蔵,S41/04/05,,,,彦根,5627913.pdf
理容所,山本理容店,522-0088,彦根市銀座町,彦根市銀座町７－１０,７－１０,23-0290,山本 武,H07/03/28,,,,彦根,5627913.pdf
理容所,小杉理容,522-0064,彦根市本町一丁目,彦根市本町一丁目７－３８,７－３８,23-6865,小杉 貞尾,H04/12/07,,,,彦根,5627913.pdf
理容所,針崎理容,522-0064,彦根市本町二丁目,彦根市本町二丁目１－２７,１－２７,22-6881,針崎 正男,S45/02/04,,,,彦根,5627913.pdf
理容所,仁保理容院,522-0031,彦根市芹中町,彦根市芹中町５２,５２,22-3912,仁保 晃,S44/05/27,,,,彦根,5627913.pdf
理容所,西川理容院,522-0261,犬上郡甲良町長寺,犬上郡甲良町長寺西４００,西４００,38-2790,西川 春見,S37/07/10,,,,彦根,5627913.pdf
理容所,西澤理容所,529-1322,愛知郡愛荘町平居,愛知郡愛荘町平居２８６,２８６,42-5410,西澤 信一,S62/02/03,,,,彦根,5627913.pdf
理容所,多美理容室,522-0201,彦根市高宮町,彦根市高宮町８５８,８５８,0749-22-2076,堤 多美子,S38/11/18,,,,彦根,5627913.pdf
理容所,茶木理容所,529-1172,犬上郡豊郷町安食南,犬上郡豊郷町安食南２５４－１,２５４－１,35-2689,茶木 ハナ,S55/09/17,,,,彦根,5627913.pdf
理容所,中島理容所,522-0083,彦根市河原三丁目,彦根市河原三丁目４－２８,４－２８,22-6592,中島 孝一,S60/03/28,,,,彦根,5627913.pdf
理容所,堤 ＢＡＲ ＢＡＲ,529-1206,愛知郡愛荘町蚊野,愛知郡愛荘町蚊野１５７１,１５７１,0749-37-2467,堤 正治,H02/12/18,,,,彦根,5627913.pdf
理容所,田中理容所,529-1235,愛知郡愛荘町目加田,愛知郡愛荘町目加田２００２－１,２００２－１,37-2260,田中 忠七,S07/05/01,,,,彦根,5627913.pdf
理容所,田中理容所,522-0063,彦根市中央町,彦根市中央町６－２５,６－２５,22-0233,田中 茂,S55/10/21,,,,彦根,5627913.pdf
理容所,白木理容所,522-0029,彦根市地蔵町,彦根市地蔵町５１９,５１９,22-4761,白木 正一,S50/06/02,,,,彦根,5627913.pdf
理容所,髪ｉｎｇ ＢＥＬＩＥＶＥ,522-0054,彦根市西今町,彦根市西今町４０５－４,４０５－４,26-1583,由田 安弘,H05/03/10,,,,彦根,5627913.pdf
理容所,髪工房 ＴＡＫＡＨＡＳＨＩ,522-0341,犬上郡多賀町多賀,犬上郡多賀町多賀３３０－１,３３０－１,0749-48-0211,高橋 美代子,H10/09/04,,,,彦根,5627913.pdf
理容所,髪細工 サロン・ド・Ｋ,522-0081,彦根市京町三丁目,彦根市京町三丁目７－４０,７－４０,23-7015,近藤 秀男,S58/12/01,,,,彦根,5627913.pdf
理容所,福本理容店,522-0009,彦根市外町,彦根市外町１８４,１８４,0749-22-7146,福本 秀子,S38/03/20,,,,彦根,5627913.pdf
理容所,平塚理容店,522-0333,犬上郡多賀町萱原,犬上郡多賀町萱原１２８３,１２８３,47-1520,平塚 サヨ子,S47/08/08,,,,彦根,5627913.pdf
理容所,北川理髪店,522-0222,彦根市南川瀬町,彦根市南川瀬町８１０,８１０,0749-25-0466,北川 哲司,H17/10/11,,,,彦根,5627913.pdf
理容所,北川理容所,529-1162,犬上郡豊郷町八町,犬上郡豊郷町八町９４５,９４５,35-3504,北川 貞吉,S39/12/19,,,,彦根,5627913.pdf
理容所,理髪屋 Ｒａ・Ｃｏｏｎ,522-0047,彦根市日夏町,彦根市日夏町１１２－６,１１２－６,0749-25-3626,疋田 清孝,H16/08/05,,,,彦根,5627913.pdf
理容所,理容 ＮＩＳＨＩＭＵＲＡ,522-0056,彦根市開出今町,彦根市開出今町１２９,１２９,0749-28-0382,西村 邦子,H18/04/24,,,,彦根,5627913.pdf
理容所,理容 いのうえ,522-0324,犬上郡多賀町川相,犬上郡多賀町川相６０３－５,６０３－５,47-1117,井上 龍子,S48/06/25,,,,彦根,5627913.pdf
理容所,理容 うえの,522-0254,犬上郡甲良町池寺,犬上郡甲良町池寺６４２,６４２,38-3919,上野 実枝子,H13/09/25,,,,彦根,5627913.pdf
理容所,理容 おがわ,529-1223,愛知郡愛荘町島川,愛知郡愛荘町島川６６８,６６８,0749-42-3453,小川 一郎,H07/03/01,,,,彦根,5627913.pdf
理容所,理容 オックス,522-0201,彦根市高宮町,彦根市高宮町２９２６,２９２６,28-0046,金澤 誠一,S49/08/17,,,,彦根,5627913.pdf
理容所,理容 くら,522-0047,彦根市日夏町,彦根市日夏町３８７１,３８７１,0749-28-3970,田中 章人,H16/03/29,,,,彦根,5627913.pdf
理容所,理容 コンドー,522-0063,彦根市中央町,彦根市中央町５－５,５－５,0749-22-5801,近藤 正彦,S49/09/20,,,,彦根,5627913.pdf
理容所,理容 シミズ,522-0069,彦根市馬場二丁目,彦根市馬場二丁目３－３２,３－３２,22-4458,清水 幸造,H09/10/14,,,,彦根,5627913.pdf
理容所,理容 たつみ,522-0041,彦根市平田町,彦根市平田町９２０,９２０,0749-22-2458,松川 辰巳,S55/01/07,,,,彦根,5627913.pdf
理容所,理容 たなか,522-0201,彦根市高宮町,彦根市高宮町１４４１－２０,１４４１－２０,24-0646,田中 久雄,S50/06/30,,,,彦根,5627913.pdf
理容所,理容 トム,522-0022,彦根市里根町,彦根市里根町２０７－１,２０７－１,0749-24-3925,土田 勉,H05/02/22,,,,彦根,5627913.pdf
理容所,理容 ひきた,522-0263,犬上郡甲良町法養寺,犬上郡甲良町法養寺２３－１,２３－１,0749-38-2880,疋田 勇眞,S59/03/20,,,,彦根,5627913.pdf
理容所,理容 ヒロシ,521-1123,彦根市肥田町,彦根市肥田町９７２－５,９７２－５,43-5903,山本 宏,S54/05/22,,,,彦根,5627913.pdf
理容所,Ｈａｉｒ Ｐｌａｃｅ Ｆｕｊｉｎｏ,521-1123,彦根市肥田町,彦根市肥田町２８２,２８２,0749-43-2402,藤野 眞理,S56/07/21,,,,彦根,5627913.pdf
理容所,理容 ホルン,522-0086,彦根市後三条町,彦根市後三条町３６５－７,３６５－７,23-0257,西沢 一子,S47/12/15,,,,彦根,5627913.pdf
理容所,理容 やまだ,529-1325,愛知郡愛荘町東円堂,愛知郡愛荘町東円堂１４３７,１４３７,42-4032,茶谷 由美,H16/03/23,,,,彦根,5627913.pdf
理容所,理容 やまぢ,522-0041,彦根市平田町,彦根市平田町２０９－４,２０９－４,23-4417,山内 芳隆,H07/02/27,,,,彦根,5627913.pdf
理容所,理容 安澤,522-0271,犬上郡甲良町下之郷,犬上郡甲良町下之郷１５５０－１,１５５０－１,0749-38-3482,安澤 善己,H10/03/19,,,,彦根,5627913.pdf
理容所,理容 山田,521-1101,彦根市石寺町,彦根市石寺町１３３１,１３３１,43-2587,山田 喜代子,S45/11/04,,,,彦根,5627913.pdf
理容所,理容 松田,522-0072,彦根市船町,彦根市船町１－１７,１－１７,22-7190,松田 昭次郎,S56/12/14,,,,彦根,5627913.pdf
理容所,理容ＭＡＲＵＹＡＭＡ,522-0021,彦根市幸町,彦根市幸町１５－１,１５－１,0749-23-8985,丸山 国広,H12/11/02,,,,彦根,5627913.pdf
理容所,理容サミット 南彦根店,522-0201,彦根市高宮町,彦根市高宮町１５５１－４,１５５１－４,0749-26-6677,渡部 敦史,H13/04/25,,,,彦根,5627913.pdf
理容所,理容にしかわ,529-1224,愛知郡愛荘町長塚,愛知郡愛荘町長塚１９４－１,１９４－１,37-3136,西川 健次,S30/03/25,,,,彦根,5627913.pdf
理容所,理容ハネダ,529-1314,愛知郡愛荘町中宿,愛知郡愛荘町中宿１０４－１,１０４－１,0749-42-3376,羽田 康雄,H06/01/17,,,,彦根,5627913.pdf
理容所,理容木村,522-0201,彦根市高宮町,彦根市高宮町２２８４,２２８４,0749-22-3612,木村 一夫,S50/04/28,,,,彦根,5627913.pdf
理容所,和田理容店,522-0201,彦根市高宮町,彦根市高宮町２２３７－１,２２３７－１,0749-22-1827,和田 兼吾,H13/02/09,,,,彦根,5627913.pdf
理容所,脇坂理容所,522-0068,彦根市城町一丁目,彦根市城町一丁目７－３３,７－３３,22-3782,脇坂 敏一,S41/05/23,,,,彦根,5627913.pdf
理容所,脇坂理容店,522-0004,彦根市鳥居本町,彦根市鳥居本町１８４５,１８４５,24-1556,脇坂 忠雄,H14/04/02,,,,彦根,5627913.pdf
理容所,ＮＯＶＩＴＡカット,522-0052,彦根市長曽根南町,彦根市長曽根南町５５０－３,５５０－３,,森園 芳樹,H21/09/01,,,,彦根,5627913.pdf
理容所,ｎｅａｒ,522-0007,彦根市古沢町,彦根市古沢町彦根駅土地区画整理１２街区 ７,彦根駅土地区画整理１２街区 ７,0749-24-7755,田中 一成,H22/05/13,,,,彦根,5627913.pdf
理容所,バーバー・モダンタイムス,522-0041,彦根市平田町,彦根市平田町７０７－２,７０７－２,,濵田 昌樹,H22/05/28,,,,彦根,5627913.pdf
理容所,ヘアーサロン プリンス,529-1233,愛知郡愛荘町東出,愛知郡愛荘町東出４０２－２,４０２－２,0749-37-2338,上林 善治,H23/02/09,,,,彦根,5627913.pdf
理容所,しが理容 ベルロード店,522-0053,彦根市大藪町,彦根市大藪町２１－２２,２１－２２,0749-27-2641,港屋ハウジング株式会社,H23/04/26,,,,彦根,5627913.pdf
理容所,しが理容 日夏店,522-0047,彦根市日夏町,彦根市日夏町１７１１－２６,１７１１－２６,0749-28-4451,港屋ハウジング株式会社,H23/04/27,,,,彦根,5627913.pdf
理容所,１１４０ ＨＡＩＲ,522-0055,彦根市野瀬町,彦根市野瀬町５１－３,５１－３,0749-30-1140,石川 幸宏,H23/07/08,,,,彦根,5627913.pdf
理容所,理容ＡＢＣ６,522-0047,彦根市日夏町,彦根市日夏町８１０－２６,８１０－２６,0749-28-3766,増田 敬,H23/12/02,,,,彦根,5627913.pdf
理容所,ハンズ,522-0047,彦根市日夏町,彦根市日夏町２６８６－４,２６８６－４,0749-25-4919,白井 ヒロミ,H23/12/01,,,,彦根,5627913.pdf
理容所,春 うらら,522-0244,犬上郡甲良町在士,犬上郡甲良町在士６０２－４,６０２－４,0749-20-9328,小嶋 喜美子,H24/03/13,,,,彦根,5627913.pdf
理容所,Ａ’ｓ １０３,522-0241,犬上郡甲良町呉竹,犬上郡甲良町呉竹３４７,３４７,0749-20-4991,山田 知美,H24/10/16,,,,彦根,5627913.pdf
理容所,ＧＲＡＮＤＩＲ,522-0041,彦根市平田町,彦根市平田町１３６－５,１３６－５,0749-20-5181,エイチ・アイ株式会社,H24/10/19,,,,彦根,5627913.pdf
理容所,ヘアーサロン Ｈａｉｒ’ｓ ＫＩＤ キッド,529-1325,愛知郡愛荘町東円堂,愛知郡愛荘町東円堂１０７５－１,１０７５－１,,繁田 利男,H25/06/24,,,,彦根,5627913.pdf
理容所,ＡＲＲＯＷＳ,522-0023,彦根市原町,彦根市原町８０２－１４,８０２－１４,0749-23-1204,矢野 世才,H25/08/19,,,,彦根,5627913.pdf
理容所,ｅｓ ｈａｉｒ ｄｅｓｉｇｎ,529-1313,愛知郡愛荘町市,愛知郡愛荘町市６９７－２２,６９７－２２,0749-29-1677,谷田 司,H26/01/15,,,,彦根,5627913.pdf
理容所,理容カットエー,522-0027,彦根市東沼波町,彦根市東沼波町１３３－２,１３３－２,0749-47-6278,株式会社カットツイン,H26/03/20,,,,彦根,5627913.pdf
理容所,理容サミット 彦根店,522-0009,彦根市外町,彦根市外町１４０－５ エースシティー,１４０－５ エースシティー,0749-24-5252,有限会社理容サミット,H26/09/24,,,,彦根,5627913.pdf
理容所,Ｃｕｔ Ｈａｌｌジュネス愛知店,529-1325,愛知郡愛荘町東円堂,愛知郡愛荘町東円堂２５１１－１６,２５１１－１６,0749-47-6558,株式会社武真アビリティ,H27/10/29,,,,彦根,5627913.pdf
理容所,カットコムズ彦根,522-0044,彦根市竹ケ鼻町,彦根市竹ケ鼻町４３－２ビバシティ彦根店内 １Ｆ,４３－２ビバシティ彦根店内 １Ｆ,,前川 政光,H28/03/22,,,,彦根,5627913.pdf
理容所,アートネイチャー彦根店（理容）,522-0074,彦根市大東町,彦根市大東町５－１２ ＵＫＡＩビル３階,５－１２ ＵＫＡＩビル３階,0749-24-5100,株式会社アートネイチャー,H29/01/24,,,,彦根,5627913.pdf
理容所,カットコムズ ザ・ビッグ豊郷店,529-1173,犬上郡豊郷町高野瀬,犬上郡豊郷町高野瀬１９７－１ ザ・ビッグ豊郷 店内,１９７－１ ザ・ビッグ豊郷 店内,,前川 政光,H29/03/01,,,,彦根,5627913.pdf
理容所,Ｒｉｒａｋｕ,522-0054,彦根市西今町,彦根市西今町３８４－１,３８４－１,0749-23-0294,北川 裕康,H29/12/05,,,,彦根,5627913.pdf
理容所,ヘアーサロン タナカ,521-1133,彦根市本庄町,彦根市本庄町２４２２－２,２４２２－２,0749-43-3727,田中 正幸,H31/02/20,,,,彦根,5627913.pdf
理容所,平塚理容,522-0025,彦根市野田山町,彦根市野田山町７０７－５,７０７－５,,平塚 富雄,H31/04/03,,,,彦根,5627913.pdf
理容所,ｔｏｉ,522-0054,彦根市西今町,彦根市西今町８７６－２,８７６－２,,秋山 里香,R01/11/01,,,,彦根,5627913.pdf
理容所,ＢＥＥＴ ＨＡＩＲ イオンタウン彦根 店,522-0007,彦根市古沢町,彦根市古沢町２５５－１ イオンタウン彦 根１Ｆ,２５５－１ イオンタウン彦 根１Ｆ,0749-49-2766,株式会社Ｌ＆Ｂホールディ ングス,R02/09/01,,,,彦根,5627913.pdf
理容所,絵歩越楠,529-1176,犬上郡豊郷町大町,犬上郡豊郷町大町３０１０－１,３０１０－１,0749-35-5288,中村 浩明,R02/11/24,,,,彦根,5627913.pdf
理容所,ＨＡＩＲ Ｇｒａｚｉｅ,522-0057,彦根市八坂町,彦根市八坂町３１１１－１,３１１１－１,0749-25-0468,西村 友規美,R02/11/26,,,,彦根,5627913.pdf
理容所,チヤキ理容,522-0213,彦根市西葛籠町,彦根市西葛籠町４７０－１,４７０－１,0749-25-0336,茶木 初枝,R02/11/27,,,,彦根,5627913.pdf
理容所,ＣＵＴ・ＭＫ,522-0054,彦根市西今町,彦根市西今町８５０－５７ 尾本ハイツ１ ０１,８５０－５７ 尾本ハイツ１ ０１,0749-23-6625,大久保 六男,R03/03/11,,,,彦根,5627913.pdf
理容所,理容プラーナ 彦根ベルロード店,522-0052,彦根市長曽根南町,彦根市長曽根南町４４８－７,４４８－７,0749-49-2291,株式会社ハマ,R03/12/10,,,,彦根,5627913.pdf
理容所,ｃｕｔ ｏｎｌｙ ｉｎｏ,522-0081,彦根市京町三丁目,彦根市京町三丁目４－４８,４－４８,,井上 徹,R06/03/12,,,,彦根,5627913.pdf
理容所,ＢＡＲＢＥＲ ＲＩＶＥＲ,526-0823,長浜市常喜町,長浜市常喜町５４８－１,５４８－１,0749-63-2521,北村 謹子,H17/05/17,,,,長浜,5627913.pdf
理容所,ＢＡＲＢＥＲ ツジ,521-0022,米原市樋口,米原市樋口４５１,４５１,54-0878,辻 春樹,H13/06/08,,,,長浜,5627913.pdf
理容所,ＣＵＴ－ＩＮ ＨＡＬ,529-0412,長浜市木之本町石道,長浜市木之本町石道７２２－２,７２２－２,82-3765,吉田 治幸,S60/06/18,,,,長浜,5627913.pdf
理容所,Ｈａｉｒ Ｆａｃｔｏｒｙ ｈｄ’ｓ,521-0072,米原市顔戸,米原市顔戸６２７－１,６２７－１,0749-52-3266,城市 享洋,H15/03/17,,,,長浜,5627913.pdf
理容所,Ｈａｉｒ Ｏａｋ,521-0202,米原市柏原,米原市柏原９０９,９０９,0749-57-0133,川瀬 博信,H10/11/25,,,,長浜,5627913.pdf
理容所,ＨＡＩＲ ＰＲＯＤＵＣＥ ＡＲＴ,529-0426,長浜市木之本町黒田,長浜市木之本町黒田９７１,９７１,,布施 貢,H13/01/05,,,,長浜,5627913.pdf
理容所,ＨＡＩＲ’Ｓ ＣＬＵＢ Ｅ’（イー ダッシュ）,529-0431,長浜市木之本町大音,長浜市木之本町大音１７５－６,１７５－６,82-5519,清水 勝彦,H13/06/12,,,,長浜,5627913.pdf
理容所,ＨＡＩＲＳＡＬＯＮＫＡＷＡＢＥ,521-0014,米原市梅ケ原栄,米原市梅ケ原栄４２,４２,52-3766,川部 邦彦,H09/03/13,,,,長浜,5627913.pdf
理容所,ＭＥＮ’Ｓ ＳＴＵＤＩＯＰＯＳＨ,521-0242,米原市長岡,米原市長岡９７４－１,９７４－１,55-0841,押谷 睦,H08/04/11,,,,長浜,5627913.pdf
理容所,Ｓａｌｏｎ ｄｅ ＳＯＲＡ,526-0834,長浜市大辰巳町,長浜市大辰巳町２２５－６,２２５－６,65-3859,小川 信一,H18/12/12,,,,長浜,5627913.pdf
理容所,ＳｈｉｍｉＺＺ,529-0241,長浜市高月町高月,長浜市高月町高月１７－２,１７－２,0749-85-3531,清水 政治,H19/10/05,,,,長浜,5627913.pdf
理容所,Ｔｒｅａｓｕｒｅ,526-0817,長浜市七条町,長浜市七条町４９,４９,0749-62-9843,河崎 剛,H19/12/19,,,,長浜,5627913.pdf
理容所,ＴＵ ＤＯ ｈａｉｒ ｍａｋｅ,526-0056,長浜市朝日町,長浜市朝日町５－３,５－３,0749-62-6148,中村 宰典,H13/11/09,,,,長浜,5627913.pdf
理容所,Ｗｉｓｈ ｈａｉｒ,526-0021,長浜市八幡中山町,長浜市八幡中山町５１４－６,５１４－６,0749-65-8777,富岡 吉樹,H15/11/07,,,,長浜,5627913.pdf
理容所,アオキ理容,526-0059,長浜市元浜町,長浜市元浜町１８－５,１８－５,62-5951,青木 謹一,S57/11/30,,,,長浜,5627913.pdf
理容所,アサヒ理容所,526-0033,長浜市平方町,長浜市平方町８８１－１,８８１－１,62-6473,久保 務,S44/11/06,,,,長浜,5627913.pdf
理容所,オリオン理容所,526-0024,長浜市三ツ矢元町,長浜市三ツ矢元町１１－２１,１１－２１,62-5039,周 弘明,S33/12/01,,,,長浜,5627913.pdf
理容所,かをり理容,529-0701,長浜市西浅井町塩津浜,長浜市西浅井町塩津浜８５８,８５８,88-0043,建部 正一郎,S34/02/13,,,,長浜,5627913.pdf
理容所,かけい理容室,529-0341,長浜市湖北町速水,長浜市湖北町速水１２５５－２,１２５５－２,78-2389,筧 幸雄,S60/04/05,,,,長浜,5627913.pdf
理容所,カツト 杉中,526-0126,長浜市安養寺町,長浜市安養寺町３５０,３５０,0749-72-4338,杉中 美智男,S53/04/19,,,,長浜,5627913.pdf
理容所,カットイン ありかわ,526-0033,長浜市平方町,長浜市平方町１１３１－６,１１３１－６,64-1098,有川 昭雄,S56/10/29,,,,長浜,5627913.pdf
理容所,カットスタジオ きたやま,529-0223,長浜市高月町馬上,長浜市高月町馬上１２８８－３,１２８８－３,85-4301,北山 正博,S63/09/09,,,,長浜,5627913.pdf
理容所,カットハウス ＫＩＴＡＭＵＲＡ,526-0043,長浜市大戌亥町,長浜市大戌亥町７９０－１９,７９０－１９,65-2318,北村 和重,S63/12/09,,,,長浜,5627913.pdf
理容所,カットハウス すずらん,521-0214,米原市大鹿,米原市大鹿６９－５,６９－５,55-0210,中島 巌,S52/12/26,,,,長浜,5627913.pdf
理容所,カットハウス ノバ,526-0032,長浜市南高田町,長浜市南高田町１２６,１２６,64-0487,伊吹 豊,S58/12/03,,,,長浜,5627913.pdf
理容所,カットハウス ひかり,521-0012,米原市米原,米原市米原１１８４,１１８４,0749-52-0099,深田 平助,H20/01/22,,,,長浜,5627913.pdf
理容所,カットハウス フジタ,529-0231,長浜市高月町森本,長浜市高月町森本２５４－８,２５４－８,85-5296,藤田 俊一,S58/03/31,,,,長浜,5627913.pdf
理容所,カツトハウス ヤマモト,529-0354,長浜市湖北町山本,長浜市湖北町山本１３２３－２,１３２３－２,79-0356,山本 龍司,S59/11/19,,,,長浜,5627913.pdf
理容所,カットハウス 田中,529-0521,長浜市余呉町下余呉,長浜市余呉町下余呉１０７２,１０７２,86-2949,田中 常子,S61/03/25,,,,長浜,5627913.pdf
理容所,くもでのとこや,526-0014,長浜市口分田町,長浜市口分田町９８０,９８０,62-3757,吉田 忍,H05/12/22,,,,長浜,5627913.pdf
理容所,クリハラ理容店,526-0263,長浜市小室町,長浜市小室町３６７,３６７,0749-74-0463,栗原 一雄,S51/10/12,,,,長浜,5627913.pdf
理容所,クレールバーンたちばな,526-0021,長浜市八幡中山町,長浜市八幡中山町４８３,４８３,65-3986,石井 良和,H11/11/18,,,,長浜,5627913.pdf
理容所,サロンド カヨ,526-0015,長浜市神照町,長浜市神照町６８３－８,６８３－８,62-4028,山内 賢治,S61/02/24,,,,長浜,5627913.pdf
理容所,サン理容,529-0201,長浜市高月町横山,長浜市高月町横山５－７ ファストビル１階２ 号,５－７ ファストビル１階２ 号,0749-85-5313,永留 博毅,H15/07/31,,,,長浜,5627913.pdf
理容所,スズラン理容,521-0023,米原市三吉,米原市三吉１０４７,１０４７,54-2066,澤田 定,S46/08/03,,,,長浜,5627913.pdf
理容所,ｒｅｉｆ ＴＫＤ,526-0058,長浜市南呉服町,長浜市南呉服町１１－２１,１１－２１,63-5630,武田 眞幸,H06/12/02,,,,長浜,5627913.pdf
理容所,たにむら理容店,521-0062,米原市宇賀野,米原市宇賀野９２０,９２０,0749-52-0918,池野 由子,H06/01/12,,,,長浜,5627913.pdf
理容所,デラックス ヨシダ,529-0414,長浜市木之本町川合,長浜市木之本町川合３９０,３９０,82-3196,吉田 貴代江,S60/04/03,,,,長浜,5627913.pdf
理容所,ノセ理髪店,521-0202,米原市柏原,米原市柏原８５３,８５３,57-0749,能政 信雄,S43/08/12,,,,長浜,5627913.pdf
理容所,バーバー かつら,521-0016,米原市下多良,米原市下多良一丁目１５４－２,一丁目１５４－２,52-0085,桂 真一,S56/08/07,,,,長浜,5627913.pdf
理容所,バーバー タニグチ,526-0841,長浜市新栄町,長浜市新栄町６０２－２,６０２－２,62-6511,谷口 清紀,S48/08/03,,,,長浜,5627913.pdf
理容所,はさみ小僧,529-0241,長浜市高月町高月,長浜市高月町高月９５７－１,９５７－１,85-5852,川上 尚昭,H13/04/24,,,,長浜,5627913.pdf
理容所,ひとつや理容,529-0141,長浜市五村,長浜市五村３０８－４,３０８－４,73-3178,一ツ矢 清,S44/07/05,,,,長浜,5627913.pdf
理容所,ビューティ・ソシアル たちばな,526-0053,長浜市宮前町,長浜市宮前町１５－１,１５－１,0749-62-8798,石井 良江,H19/12/12,,,,長浜,5627913.pdf
理容所,ファンシーヘア ハンズ,526-0843,長浜市南小足町,長浜市南小足町１０－２,１０－２,63-2832,松居 正,H01/06/12,,,,長浜,5627913.pdf
理容所,理容サミット長浜駅前店,526-0057,長浜市北船町,長浜市北船町３－２,３－２,64-2189,渡部 敦史,H07/11/17,,,,長浜,5627913.pdf
理容所,プライム ザ たちばな,526-0031,長浜市八幡東町,長浜市八幡東町９－１ 長浜楽市生活サービ ス館１Ｆ,９－１ 長浜楽市生活サービ ス館１Ｆ,63-7525,石井 良和,H13/03/09,,,,長浜,5627913.pdf
理容所,ヘアーカット尾羽梨,529-0241,長浜市高月町高月,長浜市高月町高月５５９,５５９,85-3231,久保 旬子,H03/11/22,,,,長浜,5627913.pdf
理容所,ヘアークラブ ブーム,529-0212,長浜市高月町井口,長浜市高月町井口１３１４－３９,１３１４－３９,85-6126,大谷 加寿人,H06/12/01,,,,長浜,5627913.pdf
理容所,ヘアーサロン かわさき,526-0841,長浜市新栄町,長浜市新栄町５０－５,５０－５,64-1214,河崎 伊兵衛,S57/04/08,,,,長浜,5627913.pdf
理容所,ヘアーサロン しばた,526-0015,長浜市神照町,長浜市神照町７４５－３,７４５－３,63-8368,柴田 孝夫,H02/11/07,,,,長浜,5627913.pdf
理容所,ヘアーサロン ミノウラ,526-0828,長浜市加田町,長浜市加田町２５０７－１,２５０７－１,62-5812,箕浦 廣信,S62/10/27,,,,長浜,5627913.pdf
理容所,ヘアーサロン ヨコタ,526-0843,長浜市南小足町,長浜市南小足町３７５－６,３７５－６,64-1780,横田 伸作,S55/07/29,,,,長浜,5627913.pdf
理容所,ヘアーサロン ヨシダ,521-0035,米原市醒井,米原市醒井６０４,６０４,54-0416,吉田 冨雄,S53/12/08,,,,長浜,5627913.pdf
理容所,ヘアーサロン イトー,526-0033,長浜市平方町,長浜市平方町１１８８－６,１１８８－６,63-1602,伊藤 敏夫,S53/11/14,,,,長浜,5627913.pdf
理容所,ヘアーサロン イブキ,526-0052,長浜市神前町,長浜市神前町７－１２,７－１２,63-2457,伊吹 研一,S53/07/29,,,,長浜,5627913.pdf
理容所,ヘアーサロン きたがわ,521-0022,米原市樋口,米原市樋口４４６,４４６,54-0544,北川 泰彦,S45/05/21,,,,長浜,5627913.pdf
理容所,ヘアーサロン しみず,526-0831,長浜市宮司町,長浜市宮司町４４３,４４３,63-3135,清水 栄治,S48/06/01,,,,長浜,5627913.pdf
理容所,ヘアーサロン タカノ,529-0133,長浜市新旭町,長浜市新旭町７６,７６,73-4040,野瀬 邦夫,S54/08/03,,,,長浜,5627913.pdf
理容所,ヘアーサロン つだ,529-0205,長浜市高月町唐川,長浜市高月町唐川５２７－４,５２７－４,85-4970,津田 士郎,S59/03/30,,,,長浜,5627913.pdf
理容所,ｈａｉｒ ｓａｌｏｎ ｎａｋａｈａｓ ｈｉ × ｆｒｏｍ ａｒｔｓ,526-0024,長浜市三ツ矢元町,長浜市三ツ矢元町５－８,５－８,0749-62-3828,中橋 勇喜,S56/10/19,,,,長浜,5627913.pdf
理容所,ヘアーサロン ヒサダ,521-0242,米原市長岡,米原市長岡１２１２－３,１２１２－３,0749-55-0578,久田 佳代,H10/08/06,,,,長浜,5627913.pdf
理容所,ヘアーサロン ベスト,529-0721,長浜市西浅井町大浦,長浜市西浅井町大浦６９－１,６９－１,89-0813,島内 覚,H03/12/12,,,,長浜,5627913.pdf
理容所,ヘアーサロン ホソカワ,526-0847,長浜市山階町,長浜市山階町６４７－１,６４７－１,63-6643,細川 民明,S54/06/01,,,,長浜,5627913.pdf
理容所,ヘアーサロン ミヤタ,526-0062,長浜市列見町,長浜市列見町１７５－２,１７５－２,62-4816,宮田 重成,S55/01/08,,,,長浜,5627913.pdf
理容所,ヘアーサロン ムラタ,521-0314,米原市春照,米原市春照４４６,４４６,0749-58-0182,村田 美奈子,H03/09/11,,,,長浜,5627913.pdf
理容所,ヘアーサロン ムラヤマ,521-0083,米原市新庄,米原市新庄１１３,１１３,0749-52-1382,村山 玲子,H16/12/02,,,,長浜,5627913.pdf
理容所,ヘヤー オーシャン,521-0001,米原市朝妻筑摩,米原市朝妻筑摩１７７１,１７７１,52-2220,田邉 繁信,H04/11/27,,,,長浜,5627913.pdf
理容所,ヘアーサロンなかがわ,526-0021,長浜市八幡中山町,長浜市八幡中山町１５６－１５,１５６－１５,62-1154,中川 秀明,H12/02/07,,,,長浜,5627913.pdf
理容所,ヘアーサロンまえだ＆ＳＨＥＲＰＡ,526-0023,長浜市三ツ矢町,長浜市三ツ矢町４－１６,４－１６,62-2818,前田 忠雄,H14/04/24,,,,長浜,5627913.pdf
理容所,ヘアーサロン小川,529-0354,長浜市湖北町山本,長浜市湖北町山本４５５２－２,４５５２－２,79-0251,小川 信一,H01/11/21,,,,長浜,5627913.pdf
理容所,ヘアーサロン北川,526-0059,長浜市元浜町,長浜市元浜町８－２７,８－２７,0749-62-6631,北川 邦裕,H10/06/08,,,,長浜,5627913.pdf
理容所,ヘアースタジオ ふくなが,521-0243,米原市万願寺,米原市万願寺１０８－１,１０８－１,0749-55-0087,福永 文吾,S33/10/09,,,,長浜,5627913.pdf
理容所,ヘアースタジオ オガワ,529-0425,長浜市木之本町木之本,長浜市木之本町木之本１２９３,１２９３,82-2771,小川 悟,H06/09/20,,,,長浜,5627913.pdf
理容所,へあーず倶楽部 髪工房,526-0067,長浜市港町,長浜市港町４－９,４－９,0749-62-0864,浅田 光男,H17/03/15,,,,長浜,5627913.pdf
理容所,ヘアーブランド ニューヨーク,529-0331,長浜市湖北町八日市,長浜市湖北町八日市７５３－２,７５３－２,0749-78-2282,黒川 浩,S63/12/01,,,,長浜,5627913.pdf
理容所,ヘヤーサロン ヤマニ,529-0425,長浜市木之本町木之本,長浜市木之本町木之本１２７２,１２７２,82-4864,北川 正弘,S47/09/06,,,,長浜,5627913.pdf
理容所,ホープ理容室,526-0052,長浜市神前町,長浜市神前町１０－２１,１０－２１,62-5775,藤居 久子,S60/03/18,,,,長浜,5627913.pdf
理容所,メンズヘアーグラムス,521-0233,米原市野一色,米原市野一色４８１－１,４８１－１,55-3514,北川 泰彦,H03/09/07,,,,長浜,5627913.pdf
理容所,やまなか理容所,529-0402,長浜市木之本町杉野,長浜市木之本町杉野１１６７,１１６７,84-0325,山中 幸子,S53/08/09,,,,長浜,5627913.pdf
理容所,ユゲ理容院,529-0275,長浜市高月町重則,長浜市高月町重則４０７,４０７,85-3072,弓削 幹男,S38/04/01,,,,長浜,5627913.pdf
理容所,ゆたか理容,526-0052,長浜市神前町,長浜市神前町４－１,４－１,62-0254,居川 豊子,S34/03/31,,,,長浜,5627913.pdf
理容所,ヨコタ理容室,521-0063,米原市飯,米原市飯６０７,６０７,0749-52-2165,横田 勝,S44/07/30,,,,長浜,5627913.pdf
理容所,加代理容院,526-0043,長浜市大戌亥町,長浜市大戌亥町３１３市立長浜病院内,３１３市立長浜病院内,68-2300,藤實 加代子,H08/05/01,,,,長浜,5627913.pdf
理容所,河原林理容店,529-0721,長浜市西浅井町大浦,長浜市西浅井町大浦８２４,８２４,89-2275,河原林 たけ,S54/02/15,,,,長浜,5627913.pdf
理容所,関理髪店,526-0108,長浜市難波町,長浜市難波町１２３,１２３,0749-72-3591,関 二三夫,H09/12/16,,,,長浜,5627913.pdf
理容所,岩根理容店,529-0212,長浜市高月町井口,長浜市高月町井口１１７,１１７,85-4796,大橋 美代子,H01/03/09,,,,長浜,5627913.pdf
理容所,宮川理容院,521-0202,米原市柏原,米原市柏原２１０７,２１０７,57-0057,宮川 利郎,H05/12/22,,,,長浜,5627913.pdf
理容所,宮前理容所,529-0515,長浜市余呉町中之郷,長浜市余呉町中之郷１６６９,１６６９,86-2716,中山 貞登美,S53/11/24,,,,長浜,5627913.pdf
理容所,饗場理容,526-0244,長浜市内保町,長浜市内保町１１７６－１,１１７６－１,0749-74-0364,饗場 昭,H06/02/01,,,,長浜,5627913.pdf
理容所,湖岸理容さの,521-0064,米原市世継,米原市世継８０８－７,８０８－７,0749-52-0664,佐野 竜治,H12/03/01,,,,長浜,5627913.pdf
理容所,今川理容所,521-0012,米原市米原,米原市米原２８６－８,２８６－８,52-0416,今川 雄吉,H13/03/27,,,,長浜,5627913.pdf
理容所,三宅理容院,526-0111,長浜市川道町,長浜市川道町２５７１,２５７１,0749-72-2170,三宅 ふさえ,S47/09/09,,,,長浜,5627913.pdf
理容所,山中理美容院,521-0231,米原市村居田,米原市村居田８５１,８５１,55-0892,山中 よし子,S33/12/01,,,,長浜,5627913.pdf
理容所,山東理容院,521-0224,米原市夫馬,米原市夫馬７２９,７２９,55-1027,沢頭 政則,S47/04/08,,,,長浜,5627913.pdf
理容所,散髪屋ｇｒｏｗ,529-0425,長浜市木之本町木之本,長浜市木之本町木之本２７８－２,２７８－２,82-2296,田中 稔,H09/03/31,,,,長浜,5627913.pdf
理容所,松本理容院,529-0721,長浜市西浅井町大浦,長浜市西浅井町大浦１３６１－２,１３６１－２,89-0723,松本 了,S60/10/16,,,,長浜,5627913.pdf
理容所,松本理容院,526-0814,長浜市石田町,長浜市石田町６８２,６８２,62-6282,松本 武雄,S39/10/13,,,,長浜,5627913.pdf
理容所,上田理容館,521-0063,米原市飯,米原市飯６４８－１,６４８－１,0749-52-2102,上田 嘉壽,S39/12/10,,,,長浜,5627913.pdf
理容所,水田理容店,526-0244,長浜市内保町,長浜市内保町１３０７－１,１３０７－１,0749-74-0030,水田 徳男,S46/11/22,,,,長浜,5627913.pdf
理容所,西川理容,521-0314,米原市春照,米原市春照１８６０,１８６０,58-1289,西川 勝太郎,S53/09/30,,,,長浜,5627913.pdf
理容所,造 ｚｏ,521-0236,米原市間田,米原市間田１４５－２,１４５－２,55-4533,福永 栄造,H14/08/08,,,,長浜,5627913.pdf
理容所,大久保理容店,521-0307,米原市大久保,米原市大久保８４４,８４４,58-1147,中田 新七,S54/08/01,,,,長浜,5627913.pdf
理容所,池田理髪店,529-0721,長浜市西浅井町大浦,長浜市西浅井町大浦２１０－１,２１０－１,89-0365,池田 誠三,H05/10/26,,,,長浜,5627913.pdf
理容所,池田理容,521-0232,米原市坂口,米原市坂口１０６,１０６,55-1184,池田 鐵夫,S34/03/07,,,,長浜,5627913.pdf
理容所,中西理容店,521-0012,米原市米原,米原市米原５６７,５６７,52-2617,中西 美智子,S45/01/20,,,,長浜,5627913.pdf
理容所,中川理髪店,521-0241,米原市西山,米原市西山１９７－１,１９７－１,55-0703,中川 保,S57/11/09,,,,長浜,5627913.pdf
理容所,中川理容所,529-0144,長浜市大寺町,長浜市大寺町１０６０,１０６０,73-2646,中川 千潮,S57/12/08,,,,長浜,5627913.pdf
理容所,中嶌理容所,529-0112,長浜市宮部町,長浜市宮部町１６６７,１６６７,73-2377,中嶌 英美,S44/12/15,,,,長浜,5627913.pdf
理容所,長谷理容館,529-0426,長浜市木之本町黒田,長浜市木之本町黒田７０６,７０６,82-2745,長谷 正次,S34/07/08,,,,長浜,5627913.pdf
理容所,長浜赤十字病院内 理髪店,526-0053,長浜市宮前町,長浜市宮前町１４－７,１４－７,0749-62-2111,堀川久子,H17/11/18,,,,長浜,5627913.pdf
理容所,田中理容室,529-0512,長浜市余呉町上丹生,長浜市余呉町上丹生２８９１,２８９１,86-2666,田中 実,S36/08/04,,,,長浜,5627913.pdf
理容所,田中理容店,526-0801,長浜市千草町,長浜市千草町６３,６３,0749-63-3744,田中 正之,H18/03/16,,,,長浜,5627913.pdf
理容所,藤田理容室,529-0423,長浜市木之本町千田,長浜市木之本町千田８６５－３,８６５－３,82-4429,藤田 次男,S51/12/05,,,,長浜,5627913.pdf
理容所,柏原理髪店,526-0802,長浜市東上坂町,長浜市東上坂町８００－１,８００－１,64-1278,柏原 きよ子,S56/10/06,,,,長浜,5627913.pdf
理容所,髪きりま専科 床外 ＴＯＫＯＳＯＴＯ,526-0057,長浜市北船町,長浜市北船町８－１２,８－１２,0749-62-8649,浅野 彌壽雪,H10/10/06,,,,長浜,5627913.pdf
理容所,富田理髪店,526-0055,長浜市三和町,長浜市三和町４－１３,４－１３,62-1300,富田 文子,S13/10/18,,,,長浜,5627913.pdf
理容所,北びわこ農業協同組合浅井北理容所,526-0276,長浜市田川町,長浜市田川町２８１,２８１,0749-74-0039,北びわこ農業協同組合,S46/06/28,,,,長浜,5627913.pdf
理容所,北川理容院,529-0341,長浜市湖北町速水,長浜市湖北町速水１０４９,１０４９,78-0120,北川 薫,S41/08/24,,,,長浜,5627913.pdf
理容所,堀江理容所,521-0312,米原市上野,米原市上野１０４１,１０４１,55-0644,堀江 亮次,S37/03/08,,,,長浜,5627913.pdf
理容所,理容 イナガワ,526-0017,長浜市相撲町,長浜市相撲町２７８－３,２７８－３,62-0393,稲川 忠光,H03/04/23,,,,長浜,5627913.pdf
理容所,理容 ウメムラ,526-0817,長浜市七条町,長浜市七条町１２８１－４,１２８１－４,63-8243,梅村 賢二,S50/09/08,,,,長浜,5627913.pdf
理容所,理容 シミズ,521-0244,米原市大野木,米原市大野木１０６８－１,１０６８－１,57-0188,清水 弘道,S49/09/10,,,,長浜,5627913.pdf
理容所,理容 つぼい,521-0003,米原市入江,米原市入江１３４３,１３４３,52-5615,坪井 一子,S62/09/07,,,,長浜,5627913.pdf
理容所,理容 にしぐち,526-0031,長浜市八幡東町,長浜市八幡東町１１６－１,１１６－１,0749-63-0426,西口 滋,S47/03/13,,,,長浜,5627913.pdf
理容所,理容 ふたば,526-0032,長浜市南高田町,長浜市南高田町５－１３,５－１３,63-3494,嶌 光吉,S47/12/12,,,,長浜,5627913.pdf
理容所,理容 フルタ,526-0025,長浜市分木町,長浜市分木町６－２１,６－２１,62-8997,古田 幸子,S58/11/29,,,,長浜,5627913.pdf
理容所,理容 メルシー,526-0845,長浜市小堀町,長浜市小堀町２２１－６,２２１－６,64-0887,真杉 弘邦,S61/12/02,,,,長浜,5627913.pdf
理容所,理容 西口南店,529-0231,長浜市高月町森本,長浜市高月町森本２４４－３,２４４－３,0749-85-4435,西口 利夫,S49/03/01,,,,長浜,5627913.pdf
理容所,理容 竹中,521-0016,米原市下多良二丁目,米原市下多良二丁目１１,１１,52-4371,竹中 清三,S62/06/03,,,,長浜,5627913.pdf
理容所,理容 藤田,529-0425,長浜市木之本町木之本,長浜市木之本町木之本８９４,８９４,82-3104,藤田 俊夫,S43/02/26,,,,長浜,5627913.pdf
理容所,理容 ツジ,526-0831,長浜市宮司町,長浜市宮司町４３３,４３３,62-2580,辻 明美,S48/01/12,,,,長浜,5627913.pdf
理容所,理容 ナカジマ,529-0701,長浜市西浅井町塩津浜,長浜市西浅井町塩津浜９４９,９４９,88-0382,中嶋 守治,S38/07/04,,,,長浜,5627913.pdf
理容所,理容 よこい,529-0425,長浜市木之本町木之本,長浜市木之本町木之本１３１４－１,１３１４－１,82-2428,横井 武士,S60/08/10,,,,長浜,5627913.pdf
理容所,理容 大阪館,529-0425,長浜市木之本町木之本,長浜市木之本町木之本１１９３,１１９３,82-3271,髙橋 裕子,S60/01/26,,,,長浜,5627913.pdf
理容所,理容 不二屋,526-0056,長浜市朝日町,長浜市朝日町５－３,５－３,0749-62-2234,中村 宰典,H19/03/27,,,,長浜,5627913.pdf
理容所,理容 野口,529-0535,長浜市余呉町今市,長浜市余呉町今市２３２,２３２,86-3919,野口 紀美雄,S34/02/26,,,,長浜,5627913.pdf
理容所,理容カワズ,526-0053,長浜市宮前町,長浜市宮前町８－１７,８－１７,63-0421,河津 敏克,H12/09/27,,,,長浜,5627913.pdf
理容所,理容サミット長浜店,526-0831,長浜市宮司町,長浜市宮司町１１４２－２,１１４２－２,64-3118,渡部 藤重,H13/08/03,,,,長浜,5627913.pdf
理容所,理容ナカムラ,529-0411,長浜市木之本町古橋,長浜市木之本町古橋４２２,４２２,0749-82-6202,中村 光男,H15/09/24,,,,長浜,5627913.pdf
理容所,理容めぐみ,529-0424,長浜市木之本町廣瀬,長浜市木之本町廣瀬５－１,５－１,0749-82-4928,上田 晃一,S57/11/16,,,,長浜,5627913.pdf
理容所,理容院 畑野,529-0535,長浜市余呉町今市,長浜市余呉町今市１３２,１３２,86-3470,畑野 和夫,S49/12/01,,,,長浜,5627913.pdf
理容所,立木理容店,526-0015,長浜市神照町,長浜市神照町２－２０,２－２０,62-7161,立木 浜子,S40/12/11,,,,長浜,5627913.pdf
理容所,林 理容所,521-0004,米原市磯,米原市磯２１４７,２１４７,52-0709,林 良江,S38/09/01,,,,長浜,5627913.pdf
理容所,カット・ＺＡＣ,521-0233,米原市野一色,米原市野一色１０９２－１,１０９２－１,0749-55-0013,奥村 一将,H22/02/24,,,,長浜,5627913.pdf
理容所,理容プラス１Ｃ,526-0252,長浜市八島町,長浜市八島町１５７４,１５７４,0749-50-3103,吉田 富之,H22/09/27,,,,長浜,5627913.pdf
理容所,リベルタ ネオ ヘアー,526-0021,長浜市八幡中山町,長浜市八幡中山町４７７,４７７,0749-62-5555,北川 昭彦,H23/01/07,,,,長浜,5627913.pdf
理容所,ｈａｉｒ ｓａｌｏｎ ｌｅａｆ,526-0817,長浜市七条町,長浜市七条町３７５－１,３７５－１,0749-62-1046,吉居 宏晃,H23/06/24,,,,長浜,5627913.pdf
理容所,髪切床 Ｉｔ[一途],526-0015,長浜市神照町,長浜市神照町８８６－２,８８６－２,0749-53-2200,北川 吉洋,H24/03/12,,,,長浜,5627913.pdf
理容所,ヘア・ミズタニ,526-0052,長浜市神前町,長浜市神前町３－１６,３－１６,0749-62-5139,水谷 政義,H24/04/23,,,,長浜,5627913.pdf
理容所,Ｍｅｎ’ｓ Ｈａｉｒ ＡＴＲＥ,526-0055,長浜市三和町,長浜市三和町５－３５,５－３５,0749-65-6033,水谷 修義,H24/04/24,,,,長浜,5627913.pdf
理容所,ルシードスタイル バレッタ,526-0031,長浜市八幡東町,長浜市八幡東町１９３ ワイエフビル２６ １Ｆ,１９３ ワイエフビル２６ １Ｆ,0749-65-1238,前田 園子,H24/05/10,,,,長浜,5627913.pdf
理容所,オグル理容,529-0241,長浜市高月町高月,長浜市高月町高月１６００－４,１６００－４,0749-85-2828,小畔 君子,H25/02/21,,,,長浜,5627913.pdf
理容所,Ｃ．,526-0042,長浜市勝町,長浜市勝町５５２－１,５５２－１,0749-50-7234,山田 裕一郎,H25/08/20,,,,長浜,5627913.pdf
理容所,カットハウス ひらつか,526-0059,長浜市元浜町,長浜市元浜町２９－３８,２９－３８,0749-62-8799,平塚 左知子,H25/12/13,,,,長浜,5627913.pdf
理容所,メンズグルーミングサロン ＺＥＸＩＡ,526-0058,長浜市南呉服町,長浜市南呉服町９－３０ ホテルイエス長浜 駅前館１Ｆ,９－３０ ホテルイエス長浜 駅前館１Ｆ,0749-50-3366,平塚 左知子,H26/04/09,,,,長浜,5627913.pdf
理容所,Ｅｃｒｕ ｐｒｉｖａｔｅ,521-0062,米原市宇賀野,米原市宇賀野２３９－１８,２３９－１８,,・田 多世,H28/01/12,,,,長浜,5627913.pdf
理容所,ｉｒｏｈａ＿ｃｏｕｐｅ,526-0065,長浜市公園町,長浜市公園町２－５５,２－５５,0749-59-3899,松下 哲平,H29/11/09,,,,長浜,5627913.pdf
理容所,ヘアースペースヒーロー,526-0056,長浜市朝日町,長浜市朝日町２４－３１,２４－３１,0749-63-2310,野村 英雄,H30/05/15,,,,長浜,5627913.pdf
理容所,街の理美容室ぷらっと,526-0021,長浜市八幡中山町,長浜市八幡中山町３６１,３６１,0749-65-3856,岩永 真吾,R01/10/15,,,,長浜,5627913.pdf
理容所,ｈａｉｒ’ｓ ｃｒｅａｔｉｏｎ ｓｈ ｏｐ ＯＷＬ,526-0829,長浜市田村町,長浜市田村町１５８３－１６,１５８３－１６,,伊藤 貫二,R02/03/23,,,,長浜,5627913.pdf
理容所,ｈａｉｒ ｆｉ－ｋａ,526-0829,長浜市田村町,長浜市田村町６２５－９,６２５－９,0749-65-5052,小八木 翔太,R03/04/26,,,,長浜,5627913.pdf
理容所,床屋,526-0015,長浜市神照町,長浜市神照町４８９-１０,４８９-１０,0749-63-3405,久我谷 友子,R03/07/01,,,,長浜,5627913.pdf
理容所,Ｈａｉｒ ＲＩＳＥ,526-0024,長浜市三ツ矢元町,長浜市三ツ矢元町１５-２４,１５-２４,,中西 一,R03/08/06,,,,長浜,5627913.pdf
理容所,カットハウス キョウノ,529-0304,長浜市小谷丁野町,長浜市小谷丁野町３８８－２,３８８－２,,教野 昌彦,R03/10/06,,,,長浜,5627913.pdf
理容所,ヘアーサロン宮川,526-0059,長浜市元浜町,長浜市元浜町２７－１６,２７－１６,0749-62-9317,宮川 貴司,R03/11/29,,,,長浜,5627913.pdf
理容所,びようしつ乃々,529-0527,長浜市余呉町東野,長浜市余呉町東野１７１,１７１,,西尾 瞳,R03/12/16,,,,長浜,5627913.pdf
理容所,ｍｅｎ’ｓ ｓａｌｏｎ Ｒｅ：ｂｏｏ ｔ,521-0072,米原市顔戸,米原市顔戸１４２３－１１ バイキング １Ｆ北,１４２３－１１ バイキング １Ｆ北,0749-53-2393,清川 祐介,R04/10/17,,,,長浜,5627913.pdf
理容所,理容カットエー,526-0031,長浜市八幡東町,長浜市八幡東町２２０,２２０,0749-57-6738,株式会社カットツイン,R05/08/03,,,,長浜,5627913.pdf
理容所,Ｃｈｏｏｓｅ ｅｙｅｌａｓｈ ｓａｌ ｏｎ,526-0057,長浜市北船町,長浜市北船町６－２,６－２,,北村 友美,R05/12/19,,,,長浜,5627913.pdf
理容所,ＧＡＲＤｅＮ Ｈａｉｒ Ｄｅｓｉｇｎ,526-0044,長浜市下坂中町,長浜市下坂中町２３０－３,２３０－３,,松井 浩之,R06/01/19,,,,長浜,5627913.pdf
理容所,Ｈａｉｒ Ｓｐａｃｅ ＲＥＭＯＲＥ＋,526-0061,長浜市祇園町,長浜市祇園町６９９－３０,６９９－３０,,松居 篤,R06/03/29,,,,長浜,5627913.pdf
理容所,脱毛サロン とぅるん,526-0016,長浜市十里町,長浜市十里町１１６－１ ディアス十里１ ０２,１１６－１ ディアス十里１ ０２,050-8884-8924,仲谷 由美子,R06/10/29,,,,長浜,5627913.pdf
理容所,ＢＡＲ ＢＥＲ ＩＫＵＴＡ,520-1221,高島市安曇川町青柳,高島市安曇川町青柳１１１６,１１１６,0740-32-3115,幾田 一子,H06/04/18,,,,高島,5627913.pdf
理容所,Ｃｕｔ Ｈｏｕｓｅ ポプリ,520-1217,高島市安曇川町田中,高島市安曇川町田中４０６,４０６,32-1667,中村 頼之,S63/04/26,,,,高島,5627913.pdf
理容所,ウエハラ理容室,520-1655,高島市今津町日置前,高島市今津町日置前３１８－１,３１８－１,0740-22-0382,上原 寿一郎,H04/03/31,,,,高島,5627913.pdf
理容所,サロン ウエマエ,520-1401,高島市朽木市場,高島市朽木市場８１５,８１５,0740-38-2457,上前 美恵子,H11/12/06,,,,高島,5627913.pdf
理容所,おしゃれサロン センス,520-1501,高島市新旭町旭一丁目,高島市新旭町旭一丁目６－３,６－３,25-2214,井上 長利,H14/09/18,,,,高島,5627913.pdf
理容所,カット Ａ＆Ａ,520-1632,高島市今津町桜町二丁 目,高島市今津町桜町二丁 目５－１,５－１,22-1341,内藤 飛雄馬,H03/04/22,,,,高島,5627913.pdf
理容所,カットサロン コスモ,520-1522,高島市新旭町新庄,高島市新旭町新庄１３０２－３,１３０２－３,25-4130,北野 清治,S62/12/19,,,,高島,5627913.pdf
理容所,カットスペース イタミ,520-1605,高島市今津町南新保,高島市今津町南新保４８２－２,４８２－２,22-0531,伊丹 晃一,H07/07/18,,,,高島,5627913.pdf
理容所,カットハウス １１０番,520-1233,高島市安曇川町南船木,高島市安曇川町南船木２０６,２０６,34-1238,山名田 隆,H02/12/04,,,,高島,5627913.pdf
理容所,カットハウス セリーヌ,520-1501,高島市新旭町旭,高島市新旭町旭１０５２－２,１０５２－２,0740-25-7407,金子 徹也,H09/03/18,,,,高島,5627913.pdf
理容所,カットハウス ふるかわ,520-1621,高島市今津町今津,高島市今津町今津３０５,３０５,22-0396,古川 喜代美,H06/06/02,,,,高島,5627913.pdf
理容所,Ｃａｌｍ,520-1214,高島市安曇川町末広四 丁目,高島市安曇川町末広四 丁目６,６,0740-32-1138,金子 育子,S62/10/27,,,,高島,5627913.pdf
理容所,スズキ理容所,520-1605,高島市今津町南新保,高島市今津町南新保１９５,１９５,22-1214,鈴木 丈太郎,S46/10/28,,,,高島,5627913.pdf
理容所,トリップ,520-1511,高島市新旭町藁園,高島市新旭町藁園２９８３,２９８３,25-5327,北野 俊也,H06/08/30,,,,高島,5627913.pdf
理容所,ナイスカットメルシー,520-1216,高島市安曇川町中央四 丁目,高島市安曇川町中央四 丁目６－１５,６－１５,0740-32-0362,菅浪 耕司,H10/06/23,,,,高島,5627913.pdf
理容所,バーバー ヒライ,520-1216,高島市安曇川町中央四 丁目,高島市安曇川町中央四 丁目６－３０,６－３０,32-2155,平井 良明,H08/11/07,,,,高島,5627913.pdf
理容所,パルレ・スザキ,520-1604,高島市今津町浜分,高島市今津町浜分１７４,１７４,0740-22-1027,有限会社洲崎,H17/09/14,,,,高島,5627913.pdf
理容所,髪処 おかもと,520-1833,高島市マキノ町蛭口,高島市マキノ町蛭口１３５９－１,１３５９－１,27-0131,岡本 勇,S61/08/22,,,,高島,5627913.pdf
理容所,ヘアー・ファクトリー リュー,520-1131,高島市音羽,高島市音羽４１３－１,４１３－１,0740-36-0629,中江 眞人,H13/04/05,,,,高島,5627913.pdf
理容所,ヘアーサロン カノウ,520-1811,高島市マキノ町海津,高島市マキノ町海津２２４０,２２４０,0740-28-0219,加納 敏一,H11/11/17,,,,高島,5627913.pdf
理容所,ヘアーサロン イワマツ,520-1811,高島市マキノ町海津,高島市マキノ町海津２３１５－１,２３１５－１,28-0137,岩松 由隆,H08/04/26,,,,高島,5627913.pdf
理容所,ヘアーサロン そね,520-1531,高島市新旭町饗庭,高島市新旭町饗庭４９７,４９７,25-2166,曽根 寛弥,H08/04/10,,,,高島,5627913.pdf
理容所,ヘアーサロン ユーガミ,520-1623,高島市今津町住吉二丁 目,高島市今津町住吉二丁 目１２－３,１２－３,22-2252,有限会社ヘアーサロンユー ガミ,H07/03/29,,,,高島,5627913.pdf
理容所,ヘアーサロン カツラダ,520-1621,高島市今津町今津,高島市今津町今津１５４９－７,１５４９－７,22-2678,桂田 千佳資,S58/02/14,,,,高島,5627913.pdf
理容所,ヘアーサロン にしかわ,520-1421,高島市朽木岩瀬,高島市朽木岩瀬１６９,１６９,38-2078,西川 雅久,S46/02/16,,,,高島,5627913.pdf
理容所,ヘアーサロン フジモト,520-1652,高島市今津町福岡,高島市今津町福岡９０８－９,９０８－９,22-0453,藤本 幸司,H05/09/15,,,,高島,5627913.pdf
理容所,ヘアーサロン大正館,520-1121,高島市勝野,高島市勝野１３４６－３,１３４６－３,36-0835,外輪 繁夫,H01/04/01,,,,高島,5627913.pdf
理容所,鞍口理容所,520-1611,高島市今津町弘川,高島市今津町弘川２５３－２,２５３－２,22-0472,鞍口 孝夫,S34/02/16,,,,高島,5627913.pdf
理容所,森永理容店,520-1823,高島市マキノ町中庄,高島市マキノ町中庄４５７－２,４５７－２,27-1681,森永 米子,H08/04/10,,,,高島,5627913.pdf
理容所,西村理容室,520-1121,高島市勝野,高島市勝野１１９５,１１９５,,西村 久代,S58/12/27,,,,高島,5627913.pdf
理容所,青谷理容所,520-1833,高島市マキノ町蛭口,高島市マキノ町蛭口８３３－４,８３３－４,27-0953,青谷 光子,S34/11/13,,,,高島,5627913.pdf
理容所,谷沢理容室,520-1621,高島市今津町今津,高島市今津町今津２５４,２５４,22-4138,谷沢 昭,S59/12/25,,,,高島,5627913.pdf
理容所,田中理容店,520-1121,高島市勝野,高島市勝野１７０４－２,１７０４－２,36-0820,田中 重雄,H11/09/28,,,,高島,5627913.pdf
理容所,藤野理容所,520-1621,高島市今津町今津,高島市今津町今津１６４４,１６４４,,有限会社藤野理容所,S35/02/19,,,,高島,5627913.pdf
理容所,髪ｉｎｇ（カミング）,520-1631,高島市今津町名小路一 丁目,高島市今津町名小路一 丁目８－５,８－５,22-6115,宮内 盛博,H24/09/05,,,,高島,5627913.pdf
理容所,髪処 玉垣,520-1401,高島市朽木市場,高島市朽木市場８６９－１,８６９－１,,玉垣 慎也,H18/12/21,,,,高島,5627913.pdf
理容所,有限会社おしゃれの館ミツヤ,520-1111,高島市鴨,高島市鴨１４７３－２,１４７３－２,36-0543,有限会社おしゃれの館ミツ ヤ,H08/11/07,,,,高島,5627913.pdf
理容所,有田理容所,520-1621,高島市今津町今津,高島市今津町今津１９７９－１１,１９７９－１１,22-2653,有田 新次,S45/03/04,,,,高島,5627913.pdf
理容所,理容 しげる,520-1111,高島市鴨,高島市鴨１７０３,１７０３,0740-36-0889,久保 繁,H11/08/31,,,,高島,5627913.pdf
理容所,理容 井川,520-1501,高島市新旭町旭,高島市新旭町旭９２－２,９２－２,0740-25-2520,井川 雅喜,H17/04/20,,,,高島,5627913.pdf
理容所,理容ウキタ,520-1401,高島市朽木市場,高島市朽木市場５９４,５９４,38-2269,浮田 保,H08/04/04,,,,高島,5627913.pdf
理容所,理容プラージュ今津店,520-1621,高島市今津町今津,高島市今津町今津１６８８ショッピングセン ターリプル,１６８８ショッピングセン ターリプル,0740-22-5178,阪南理美容株式会社,H18/03/14,,,,高島,5627913.pdf
理容所,ほうじょう,520-1612,高島市今津町下弘部,高島市今津町下弘部２６２－２,２６２－２,22-2382,北條 利幸,H08/10/01,,,,高島,5627913.pdf
理容所,よろずバーバー,520-1212,高島市安曇川町西万木,高島市安曇川町西万木１２２６－１,１２２６－１,,小林 ひさ代,H22/07/15,,,,高島,5627913.pdf
理容所,大江理容,520-1522,高島市新旭町新庄,高島市新旭町新庄４５６－５,４５６－５,0740-25-2171,大江 由加子,H25/01/31,,,,高島,5627913.pdf
理容所,ヘアーズ・ヒロ,520-1501,高島市新旭町旭,高島市新旭町旭810-15,810-15,0740-33-7772,立石 弘嗣,H25/03/15,,,,高島,5627913.pdf
理容所,hairdresser 阿ＵＮ,520-1812,高島市マキノ町西浜,高島市マキノ町西浜748-6,748-6,,南部 幹彦,H25/08/26,,,,高島,5627913.pdf
理容所,I’s,520-1522,高島市新旭町新庄,高島市新旭町新庄661,661,0740-25-3625,井上 裕康,H26/03/11,,,,高島,5627913.pdf
理容所,ヘアーサロン 秀,520-1216,高島市安曇川町中央二 丁目,高島市安曇川町中央二 丁目２－１０,２－１０,0740-32-2026,井伊 友子,H30/12/05,,,,高島,5627913.pdf
理容所,髪処おかもと 今津駐屯地支店,520-1621,高島市今津町今津,高島市今津町今津平郷国有地,平郷国有地,0740-22-2581,岡本 拓馬,R01/11/26,,,,高島,5627913.pdf
理容所,理容プラーナ 安曇川,520-1212,高島市安曇川町西万木,高島市安曇川町西万木３８４－６,３８４－６,0740-32-3545,株式会社ハマ,R05/06/15,,,,高島,5627913.pdf
美容所,アレンジ小篠原店,520-2331,野洲市小篠原,野洲市小篠原９０２－１,９０２－１,077-586-6456,株式会社アレンジ,H16/04/21,,,,草津,5627921.pdf
美容所,アレンジ野洲本店,520-2342,野洲市野洲,野洲市野洲９３１,９３１,077-586-6814,株式会社アレンジ,H16/04/21,,,,草津,5627921.pdf
美容所,イイダ美容室,520-3005,栗東市御園,栗東市御園９８０－１,９８０－１,58-0168,飯田 君代,S55/07/17,,,,草津,5627921.pdf
美容所,ウチガキ美容院,520-2343,野洲市大畑,野洲市大畑７－７,７－７,86-1107,内垣 喜美子,S56/12/11,,,,草津,5627921.pdf
美容所,エステルーム マンダリンダックス,520-3044,栗東市伊勢落,栗東市伊勢落６３３－５８,６３３－５８,53-5185,前田 加代子,H01/12/04,,,,草津,5627921.pdf
美容所,エトワール美容室,525-0028,草津市上笠二丁目,草津市上笠二丁目３２－２,３２－２,077-566-3693,辻内 志げ子,H11/05/31,,,,草津,5627921.pdf
美容所,エリカ美容室,524-0033,守山市浮気町,守山市浮気町３７０－１,３７０－１,82-3273,北口 節子,S46/12/02,,,,草津,5627921.pdf
美容所,える美容室,524-0012,守山市播磨田町,守山市播磨田町１５０３－５,１５０３－５,83-0019,迎 豊子,S51/03/27,,,,草津,5627921.pdf
美容所,オカモト美容室,520-2422,野洲市比留田,野洲市比留田８２－７,８２－７,89-2845,岡本 明子,S58/06/07,,,,草津,5627921.pdf
美容所,おぐらともの店,520-2351,野洲市冨波甲,野洲市冨波甲１１６０－３,１１６０－３,077-588-1559,上島 俊和,H17/12/05,,,,草津,5627921.pdf
美容所,ＥＲｄｅ Ｔｓｕｊｉ,524-0104,守山市木浜町,守山市木浜町１８５６－１,１８５６－１,077-585-3288,有限会社おしゃれサロンツジ,S60/03/26,,,,草津,5627921.pdf
美容所,おしゃれ髪工房 ＢＥＮ,524-0022,守山市守山六丁目,守山市守山六丁目１０－６６ リカーフォレストビル２０１,１０－６６ リカーフォレストビル２０１,077-581-0678,中川 勉,H10/03/11,,,,草津,5627921.pdf
美容所,カオル美容室,520-3045,栗東市高野,栗東市高野４９８－３,４９８－３,53-9282,坂口 登代子,S56/10/28,,,,草津,5627921.pdf
美容所,カズエ美容室,524-0104,守山市木浜町,守山市木浜町１９４３,１９４３,85-1065,寺田 一枝,S62/11/24,,,,草津,5627921.pdf
美容所,カット・ハウス享子,525-0066,草津市矢橋町,草津市矢橋町１２９８－１,１２９８－１,565-2878,山口 享子,H13/01/31,,,,草津,5627921.pdf
美容所,ヘアクリニック ヴァン ドゥ,520-2352,野洲市冨波乙,野洲市冨波乙６９０－６カルチャーセンターモリ ２Ｆ,６９０－６カルチャーセンターモリ ２Ｆ,87-5180,北村 重光,H07/02/27,,,,草津,5627921.pdf
美容所,カットハウス ウィズヘアー,524-0046,守山市今宿町,守山市今宿町７０－３,７０－３,583-8264,臼井 ひとみ,H08/03/06,,,,草津,5627921.pdf
美容所,２６４,525-0000,草津市笠山二丁目,草津市笠山二丁目１－２８グローバルビル１Ｆ,１－２８グローバルビル１Ｆ,077-567-3194,安部 隆宏,H11/11/05,,,,草津,5627921.pdf
美容所,ＡＣＣＯＬＥ’ ｍｉｌｉｅｕ,525-0055,草津市野路町,草津市野路町４６９－１,４６９－１,077-516-6621,有限会社レガロ,H19/09/19,,,,草津,5627921.pdf
美容所,Ａｉ’ｓ ｈａｉｒ,525-0051,草津市木川町,草津市木川町９６５,９６５,561-9535,佐々木 菜穂子,H16/07/21,,,,草津,5627921.pdf
美容所,ａｉｒ ｐｕｔｉｈ,520-3026,栗東市下鈎,栗東市下鈎９２７,９２７,552-2110,伊藤 満,H18/03/17,,,,草津,5627921.pdf
美容所,ａｎａｔｅｌｉｅｒ,520-3031,栗東市綣四丁目,栗東市綣四丁目１２－１６ アクアリンピア１－Ａ,１２－１６ アクアリンピア１－Ａ,077-552-5675,南 京吾,H19/11/22,,,,草津,5627921.pdf
美容所,Ｂｅａｕｔｙ Ｓａｌｏｎ フィット,525-0066,草津市矢橋町,草津市矢橋町１５０９番地の２,１５０９番地の２,077-565-3972,門脇 由美,H10/03/30,,,,草津,5627921.pdf
美容所,ＢＥＡＵＴＹＳＡＬＯＮ ＭＩＺＵＭＡＣＨ Ｉ,520-2302,野洲市高木,野洲市高木２０５,２０５,88-4483,水町 つや子,S61/12/01,,,,草津,5627921.pdf
美容所,ｃａｈａｎａ ｋｅｒａｎｇ,525-0055,草津市野路町,草津市野路町２１１１番地,２１１１番地,,中原 桜子,H20/06/13,,,,草津,5627921.pdf
美容所,ＣＥＮＩ ＣＥＹＯ セニセヨ,524-0022,守山市守山三丁目,守山市守山三丁目２４－３０ カーサフェリスビエント１Ｆ,２４－３０ カーサフェリスビエント１Ｆ,077-583-4451,西出 さつき,H13/05/15,,,,草津,5627921.pdf
美容所,ｃｈｅｅｒ,520-2413,野洲市吉地,野洲市吉地三丁目１３４７番１,三丁目１３４７番１,077-589-4196,大橋 弘子,H18/07/05,,,,草津,5627921.pdf
美容所,Ｃｈｒｙｓｏ Ｑｕｏｌｌａ（クリソコー ラ）,525-0055,草津市野路一丁目,草津市野路一丁目３－１８ クレアトゥーレ２１,３－１８ クレアトゥーレ２１,077-562-9667,千葉 洋一,H13/05/25,,,,草津,5627921.pdf
美容所,Ｃｉｃｃａ,524-0102,守山市水保町,守山市水保町１２２３－１５,１２２３－１５,077-532-3321,山本 裕子,H20/04/28,,,,草津,5627921.pdf
美容所,ＣＯＭＯＤＯ,525-0034,草津市草津三丁目,草津市草津三丁目７－８ オクダビル１ＦＣ,７－８ オクダビル１ＦＣ,563-0034,上田亜由美,H12/07/28,,,,草津,5627921.pdf
美容所,ＣＲＥＷ ＨＡＩＲ,520-2362,野洲市市三宅,野洲市市三宅９４８－１ 岩井ビル１Ｆ,９４８－１ 岩井ビル１Ｆ,077-586-6879,株式会社クルー,H29/02/20,,,,草津,5627921.pdf
美容所,Ｄｉｏｓ,525-0055,草津市野路一丁目,草津市野路一丁目４－１５,４－１５,077-562-6540,楠神 規正,H20/01/31,,,,草津,5627921.pdf
美容所,Ｄｏｌｃｅ,525-0032,草津市大路一丁目,草津市大路一丁目２－８,２－８,077-565-7788,株式会社ドルチェ,H12/05/25,,,,草津,5627921.pdf
美容所,Ｄｏｌｃｅ （栗東店）,520-3027,栗東市野尻,栗東市野尻４５９－１ ルネス・ピース栗東ステー ションスクエア１Ｆ,４５９－１ ルネス・ピース栗東ステー ションスクエア１Ｆ,554-5454,株式会社ドルチェ,H12/12/07,,,,草津,5627921.pdf
美容所,Ｄｏｌｃｅ Ｓｏｒｅｌｌｅ,525-0025,草津市西渋川一丁目,草津市西渋川一丁目１－３,１－３,077-565-0007,株式会社ドルチェ,H14/12/16,,,,草津,5627921.pdf
美容所,ｅｍｏｔｉｏｎ,525-0046,草津市追分町,草津市追分町１２２９ えんビル２Ｆ,１２２９ えんビル２Ｆ,077-561-7307,田中 陽一,H19/05/10,,,,草津,5627921.pdf
美容所,ＦＬＡＶＯＲ,520-3042,栗東市辻,栗東市辻４４７－１ 晃コーポレーションＣ－２,４４７－１ 晃コーポレーションＣ－２,077-552-5434,阪上 美和,H19/10/12,,,,草津,5627921.pdf
美容所,ＧＯＯＤ ＬＵＣＫ,524-0022,守山市守山一丁目,守山市守山一丁目２－３ コスモ守山３番館１Ｆ,２－３ コスモ守山３番館１Ｆ,077-583-0880,尾曲 剛征,H19/04/13,,,,草津,5627921.pdf
美容所,Ｈａｉｒ ＆ Ｆａｃｅ ａｒｔｅｍｉｓ,525-0027,草津市野村一丁目,草津市野村一丁目２６－１１ パステルエイト２,２６－１１ パステルエイト２,077-561-7383,村居 克哉,H19/10/16,,,,草津,5627921.pdf
美容所,ｈａｉｒ ａｎｄ ｍａｋｅ ａｍｅ,525-0000,草津市笠山五丁目,草津市笠山五丁目１０６－４,１０６－４,077-564-7514,洞 美乃里,H15/12/02,,,,草津,5627921.pdf
美容所,Ｈａｉｒ Ａｒｔ Ｓａｒａｎ,524-0012,守山市播磨田町,守山市播磨田町１６６－１４,１６６－１４,82-8646,辻 百合子,H08/11/21,,,,草津,5627921.pdf
美容所,ＨＡＩＲ ＡＳＳＩＳＴ,520-3027,栗東市野尻,栗東市野尻４６５ グレーシィー栗東エクサーブ１Ｆ,４６５ グレーシィー栗東エクサーブ１Ｆ,077-552-7125,吉田 幸史,H13/04/06,,,,草津,5627921.pdf
美容所,Ｈａｉｒ Ｂｒａｎｄ ＥＮＣＨＡＮＴＥ,524-0022,守山市守山五丁目,守山市守山五丁目８－１１－１ フォレスト仁王,８－１１－１ フォレスト仁王,077-514-3228,上杉 茂也,H13/06/26,,,,草津,5627921.pdf
美容所,ＨＡＩＲ ＣＨＡＮＧＥ Ｔ’,520-2323,野洲市三上,野洲市三上４６０－２,４６０－２,077-588-0679,田中 則行,H07/11/02,,,,草津,5627921.pdf
美容所,ＨＡＩＲ ＣＬＡＩＲ,520-3043,栗東市林,栗東市林７５－２,７５－２,077-552-3354,青木 里美,H14/06/03,,,,草津,5627921.pdf
美容所,ｈａｉｒ ＣＬＡＳＳ,524-0022,守山市守山四丁目,守山市守山四丁目１３－３５－１,１３－３５－１,077-582-8838,横田 洋一,H17/04/20,,,,草津,5627921.pdf
美容所,ＨＡＩＲ ＤＥＳＩＧＮ ＧＬＯＳＳ,520-3031,栗東市綣,栗東市綣３－１５－１９ サンロイヤル栗東 店舗 １,３－１５－１９ サンロイヤル栗東 店舗 １,077-554-1172,四塚 健二,H18/09/08,,,,草津,5627921.pdf
美容所,Ｈａｉｒ Ｄｅｓｉｇｎ Ｊａｍ,520-2331,野洲市小篠原,野洲市小篠原１１１１－１－１０５,１１１１－１－１０５,077-586-2300,遠藤 康司,H17/06/07,,,,草津,5627921.pdf
美容所,Ｈａｉｒ Ｄｅｕｘ Ｚｅｎｎｏ,524-0002,守山市小島町,守山市小島町１４４６,１４４６,077-582-8558,善野 忍,H13/08/10,,,,草津,5627921.pdf
美容所,ＦＲＥＹＪＡ,524-0012,守山市播磨田町,守山市播磨田町３０１７－２,３０１７－２,077-583-9000,福島 千予,H15/01/14,,,,草津,5627921.pdf
美容所,Ｈａｉｒ Ｆａｃｔｏｒｙ ＦＲＥＥ ＦＬ ＡＰ,525-0055,草津市野路町,草津市野路町６５９－１アベニール１Ｆ,６５９－１アベニール１Ｆ,077-563-3937,細川 圭造,H15/03/07,,,,草津,5627921.pdf
美容所,ＨＡＩＲ ＦＡＣＴＯＲＹ ＲＯＯＭ,524-0013,守山市下之郷町,守山市下之郷町１７－１,１７－１,583-7938,柏 義兼,H16/07/21,,,,草津,5627921.pdf
美容所,ＨＡＩＲ ＬＵＥＫ,524-0037,守山市梅田町,守山市梅田町５－１－１３７－２ 藤和ハイタウン守山 １０３,５－１－１３７－２ 藤和ハイタウン守山 １０３,077-582-2851,田野 真一,H17/01/21,,,,草津,5627921.pdf
美容所,ＨＡＩＲ ＭＡＫＥ Ｃａｒｅ ヘアーメイ ク ケア,524-0012,守山市播磨田町,守山市播磨田町３０４１ リバティーハウス１Ｆ,３０４１ リバティーハウス１Ｆ,077-514-0667,中島 康博,H15/07/04,,,,草津,5627921.pdf
美容所,ｈａｉｒ ｍａｋｅ Ｃｒｏｗ,525-0055,草津市野路町,草津市野路町１８２８－７,１８２８－７,077-561-9464,前田 寅昌,H15/10/03,,,,草津,5627921.pdf
美容所,ＨＡＩＲ ＳＴＵＤＩＯ ＧＥＴ,525-0027,草津市野村八丁目,草津市野村八丁目９－９,９－９,62-8729,床尾 鈴香,H21/03/10,,,,草津,5627921.pdf
美容所,Ｈａｉｒ Ｓｗａｎｋｙ,520-3022,栗東市上鈎,栗東市上鈎９８ ヴィラ栗東１－Ａ,９８ ヴィラ栗東１－Ａ,077-554-2630,田崎 学,H16/03/15,,,,草津,5627921.pdf
美容所,ｈａｉｒ ｗｏｒｋ Ｍ’ｓ,524-0041,守山市勝部二丁目,守山市勝部二丁目４－１,４－１,077-582-0557,太田 郷子,H18/12/08,,,,草津,5627921.pdf
美容所,ｈａｉｒ’ｓ ＨＥＡＣＨ,525-0046,草津市追分町,草津市追分町７７５－５８,７７５－５８,077-566-3003,大嶽 竜介,H19/10/15,,,,草津,5627921.pdf
美容所,Ｈａｉｒ物語,525-0025,草津市西渋川一丁目,草津市西渋川一丁目２３－３０アルプラザ草津２Ｆ,２３－３０アルプラザ草津２Ｆ,077-567-8498,株式会社カトレア,H08/03/26,,,,草津,5627921.pdf
美容所,ＩＢＩＺＡ,524-0043,守山市二町町,守山市二町町３０－４８,３０－４８,077-582-1549,黒木 千世子,H18/03/27,,,,草津,5627921.pdf
美容所,ｉｄｅａ,525-0014,草津市駒井沢町,草津市駒井沢町２２１－７,２２１－７,077-568-4141,駒井 恵美,H15/06/19,,,,草津,5627921.pdf
美容所,ｉｆ．．．,525-0066,草津市矢橋町,草津市矢橋町１１５－７,１１５－７,077-565-8813,奥井 康,H20/02/28,,,,草津,5627921.pdf
美容所,ＩＬ ＮＥＩＧＥ Ｆｉｌｓ,524-0022,守山市守山二丁目,守山市守山二丁目３－７ アスティ上芝野１Ｆ,３－７ アスティ上芝野１Ｆ,077-581-0038,有限会社イルネージュ,H15/04/10,,,,草津,5627921.pdf
美容所,ｉｎｇ,524-0013,守山市下之郷町,守山市下之郷町２１８－１,２１８－１,077-514-1077,田中 守,H17/12/01,,,,草津,5627921.pdf
美容所,Ｊａａｍ ｒｅｋ,524-0033,守山市浮気町,守山市浮気町３００－１９ 近江守山光ビル１Ｆ,３００－１９ 近江守山光ビル１Ｆ,077-581-8977,安達 真由美,H15/05/06,,,,草津,5627921.pdf
美容所,ＫＩＤ’Ｓ ＆ ＬＡＤＹ’Ｓ ＨＡＩＲ Ｂ＆Ｒ ＰＬＡＣＥ ＴＡＫＡ,525-0033,草津市東草津二丁目,草津市東草津二丁目６－１－２８,６－１－２８,077-562-3417,稲林 優子,H19/05/10,,,,草津,5627921.pdf
美容所,ＫＩＳＨＩＧＡＭＩ栗東店,520-3031,栗東市綣三丁目,栗東市綣三丁目９－１８ グレーシィ栗東オーブ１Ｆ,９－１８ グレーシィ栗東オーブ１Ｆ,077-551-0606,有限会社岸上,H14/12/04,,,,草津,5627921.pdf
美容所,ＫＩＳＨＩＧＡＭＩ草津店,525-0037,草津市西大路町,草津市西大路町８－１３,８－１３,077-562-0010,有限会社岸上,H14/12/04,,,,草津,5627921.pdf
美容所,Ｋｕｃｈａ,520-3022,栗東市上鈎,栗東市上鈎３６９ 上鈎荘５号室,３６９ 上鈎荘５号室,077-553-2498,鈎 香織,H20/10/01,,,,草津,5627921.pdf
美容所,Ｌｕｘｅ ｆｏｒ ｈａｉｒ,525-0055,草津市野路一丁目,草津市野路一丁目７－１３－１０１,７－１３－１０１,077-566-2368,長谷 卓,H18/09/21,,,,草津,5627921.pdf
美容所,ｍａｏｌｉ,524-0022,守山市守山四丁目,守山市守山四丁目７－２０ 辻田ビル,７－２０ 辻田ビル,077-582-8813,武田 洋輝,H21/11/13,,,,草津,5627921.pdf
美容所,Ｍｏｒｅ ぐれいす美容室,525-0032,草津市大路一丁目,草津市大路一丁目１６－６,１６－６,077-564-6200,千代 誠,H14/12/10,,,,草津,5627921.pdf
美容所,ｎｅｏｓ,525-0050,草津市南草津一丁目,草津市南草津一丁目３－２ 太陽プラザ南草津駅前,３－２ 太陽プラザ南草津駅前,077-569-5039,株式会社ｎｅｏｓ,H19/10/11,,,,草津,5627921.pdf
美容所,ＯＮＥＵＰ,525-0067,草津市新浜町,草津市新浜町３００ イオンモール草津１Ｆ,３００ イオンモール草津１Ｆ,077-599-5138,株式会社西洋舎,H20/11/17,,,,草津,5627921.pdf
美容所,ＯＮＥＵＰ,525-0023,草津市平井一丁目,草津市平井一丁目１１－１,１１－１,077-566-0136,株式会社西洋舎,H20/03/19,,,,草津,5627921.pdf
美容所,ＰＬＡＺＡ ＣＯＬＯＲ 南草津店,525-0055,草津市野路一丁目,草津市野路一丁目１５－５フェリエ南草津４Ｆ,１５－５フェリエ南草津４Ｆ,077-569-3188,株式会社オカ林,H14/07/18,,,,草津,5627921.pdf
美容所,ＱＢハウス ＪＲ草津駅店,525-0026,草津市渋川一丁目,草津市渋川一丁目１ ＪＲ草津駅構内,１ ＪＲ草津駅構内,0570-011-919,キュービーネット株式会社,R06/07/25,,,,草津,5627921.pdf
美容所,Ｒｉｔｍｏ,520-3024,栗東市小柿五丁目,栗東市小柿五丁目１１－３－１２ １Ｆ,１１－３－１２ １Ｆ,077-552-7012,松本 教彦,H20/03/24,,,,草津,5627921.pdf
美容所,ＲＯＪＥＳ ＨＡＩＲ ＤＥＳＩＧＮ,524-0045,守山市金森町,守山市金森町１０００,１０００,077-583-1118,迎 詠子,H19/07/25,,,,草津,5627921.pdf
美容所,Ｒｕｄｅ ｇ－ｂｏｘ,525-0055,草津市野路町,草津市野路町１１１０－３,１１１０－３,077-564-4285,渡辺 正子,H16/06/04,,,,草津,5627921.pdf
美容所,ｓａｌｏｎ ｄｅ Ｔｏｗｅｒｎｙ,520-3014,栗東市川辺,栗東市川辺５０７－１２,５０７－１２,077-554-2139,宇野 称子,H17/08/18,,,,草津,5627921.pdf
美容所,Ｓｃｈｏｎ シャン美容室（２Ｆ）,520-2331,野洲市小篠原,野洲市小篠原３８６－３,３８６－３,87-0464,石井 淑恵,H07/11/21,,,,草津,5627921.pdf
美容所,Ｓｏ－Ｌａ,524-0041,守山市勝部一丁目,守山市勝部一丁目１６－４サンシャインコーポ１０３,１６－４サンシャインコーポ１０３,077-582-1008,戸嶋 元康,H16/09/29,,,,草津,5627921.pdf
美容所,ｓｗｅｌｌ ！！,524-0045,守山市金森町,守山市金森町６５０－５,６５０－５,077-582-3946,田中 俊和,H16/01/28,,,,草津,5627921.pdf
美容所,Ｓｗｉｎｇｙ Ｈａｉｒ Ｇ・,524-0013,守山市下之郷町,守山市下之郷町１３６－６,１３６－６,81-3213,石田 武史,H07/08/04,,,,草津,5627921.pdf
美容所,ｔｉｐｓ ｗｅｓｔｅｒｎ 草津,525-0037,草津市西大路町,草津市西大路町４－３３シャルムシャトレ１０２,４－３３シャルムシャトレ１０２,077-569-5710,有限会社ＭＩＲＡＣＬＥ ＭＩＬＥ,H17/09/10,,,,草津,5627921.pdf
美容所,ｔｉｐｓ カーム 草津,525-0037,草津市西大路町,草津市西大路町３－８ ジュモオネティ１Ｆ,３－８ ジュモオネティ１Ｆ,077-569-4774,有限会社ＭＩＲＡＣＬＥ ＭＩＬＥ,H19/11/30,,,,草津,5627921.pdf
美容所,Ｔｏ－Ｍａ,525-0000,草津市笠山五丁目,草津市笠山五丁目３－３１,３－３１,077-535-5951,津田 祐子,H19/06/27,,,,草津,5627921.pdf
美容所,ＴＲＥＡＴ,525-0014,草津市駒井沢町,草津市駒井沢町３２６,３２６,077-568-1202,仲井 博道,H15/09/18,,,,草津,5627921.pdf
美容所,ＷＩＳＨ ＰＥＲＦＥＣＴＩＯＮ,525-0055,草津市野路町,草津市野路町一丁目３－１１,一丁目３－１１,077-566-8220,有限会社ケイ．ダブリュ．コーポレーション,H16/04/09,,,,草津,5627921.pdf
美容所,Ｗｏｎｄｅｒ Ｗｏｒｋｓ,525-0055,草津市野路一丁目,草津市野路一丁目１４－３アトレー南草津１Ｆ,１４－３アトレー南草津１Ｆ,077-567-7039,宮生 太郎,H17/09/20,,,,草津,5627921.pdf
美容所,Ｙ’ｓ コウメ,524-0052,守山市大門町,守山市大門町２９－５,２９－５,077-582-5181,中島 よし江,H02/11/09,,,,草津,5627921.pdf
美容所,美容室 リンナ,525-0067,草津市新浜町,草津市新浜町４６０－１６,４６０－１６,077-565-2699,弥永 尚美,H13/05/30,,,,草津,5627921.pdf
美容所,あい美容室,525-0041,草津市青地町,草津市青地町７２５－１,７２５－１,63-2848,今西 栄子,S54/12/26,,,,草津,5627921.pdf
美容所,あい美容室,520-3024,栗東市小柿十丁目,栗東市小柿十丁目４－１３,４－１３,52-0277,近藤 生子,S54/10/06,,,,草津,5627921.pdf
美容所,アケミ美容室,525-0027,草津市野村二丁目,草津市野村二丁目２２－１１,２２－１１,62-3736,坂東 三重子,S52/06/30,,,,草津,5627921.pdf
美容所,アトリエ ｐｕｒｅ ｖａｎｉｓｈ,524-0046,守山市今宿二丁目,守山市今宿二丁目１０－２８－１０１,１０－２８－１０１,,谷川 郁子,H09/10/23,,,,草津,5627921.pdf
美容所,アトリエ・ルース,520-3046,栗東市大橋五丁目,栗東市大橋五丁目６－６,６－６,,牛田 恵美子,H16/02/02,,,,草津,5627921.pdf
美容所,アメリカン ヘアースタジオ ヒロ’ズ ク ラブ,525-0011,草津市片岡町,草津市片岡町２９２番地の２,２９２番地の２,077-568-1640,入江 雅彦,H10/05/29,,,,草津,5627921.pdf
美容所,アレンジ 守山店,524-0013,守山市下之郷二丁目,守山市下之郷二丁目１５－３５,１５－３５,077-582-0859,株式会社アレンジ,H20/02/23,,,,草津,5627921.pdf
美容所,カットワン,525-0054,草津市東矢倉三丁目,草津市東矢倉三丁目３５－４０,３５－４０,65-3952,城戸 宇佐子,S59/07/04,,,,草津,5627921.pdf
美容所,キィアロ,525-0054,草津市東矢倉四丁目,草津市東矢倉四丁目８－５２,８－５２,077-564-9013,有限会社ファイ,H15/03/28,,,,草津,5627921.pdf
美容所,キミ美容室,525-0031,草津市若竹町,草津市若竹町９－４１,９－４１,62-2869,石橋 百合子,S62/08/31,,,,草津,5627921.pdf
美容所,クボタ美容室,520-2351,野洲市冨波甲,野洲市冨波甲１１６１－５０,１１６１－５０,88-2817,太田 静代,H07/07/05,,,,草津,5627921.pdf
美容所,グラン リゼール 美容室,524-0046,守山市今宿四丁目,守山市今宿四丁目１８－１７,１８－１７,583-3199,高田 美江,H07/10/13,,,,草津,5627921.pdf
美容所,グレース美容室,524-0033,守山市浮気町,守山市浮気町３８１－２,３８１－２,077-583-3794,辻 佳子,S59/12/20,,,,草津,5627921.pdf
美容所,コイ美容室,524-0004,守山市笠原町,守山市笠原町１８９,１８９,82-5546,小井 靖子,S47/05/02,,,,草津,5627921.pdf
美容所,こくま美容室,520-3037,栗東市北中小路,栗東市北中小路６４－１,６４－１,52-0096,小熊 芳子,S51/11/22,,,,草津,5627921.pdf
美容所,コトブキ美容室,524-0052,守山市大門町,守山市大門町２９９－１２,２９９－１２,077-582-4571,宇野 百恵,H20/04/07,,,,草津,5627921.pdf
美容所,サザエ美容院,525-0053,草津市矢倉二丁目,草津市矢倉二丁目４－３５,４－３５,077-562-0683,田中 啓子,H13/07/13,,,,草津,5627921.pdf
美容所,サフラン美容室,520-3012,栗東市岡,栗東市岡３０３－１,３０３－１,077-552-8229,山田 恵美子,H02/11/02,,,,草津,5627921.pdf
美容所,サロン ケイコ,524-0053,守山市杉江町,守山市杉江町６０６,６０６,85-3675,鳥居 佳子,H04/12/25,,,,草津,5627921.pdf
美容所,サロン ド エヴ,524-0043,守山市二町町,守山市二町町２３１－４,２３１－４,514-1188,土屋 恵美子,H12/04/21,,,,草津,5627921.pdf
美容所,サロン・ドウ・鹿取,524-0022,守山市守山一丁目,守山市守山一丁目２－２－２０１,２－２－２０１,83-6048,鹿取 喜美江,S54/04/04,,,,草津,5627921.pdf
美容所,サロンド・ヌーヴ,525-0027,草津市野村六丁目,草津市野村六丁目１－１６,１－１６,077-564-8711,有限会社オフィスナカジマ,H07/09/10,,,,草津,5627921.pdf
美容所,サロン岡田,524-0046,守山市今宿町,守山市今宿町２６１－７,２６１－７,82-3649,岡田 千代子,S53/07/21,,,,草津,5627921.pdf
美容所,サン美容室,520-2341,野洲市行畑二丁目,野洲市行畑二丁目５－４,５－４,077-587-2139,松本 ゆかり,S53/03/23,,,,草津,5627921.pdf
美容所,シスター美容室,525-0029,草津市下笠町,草津市下笠町２８９－２,２８９－２,077-568-0717,山田 アイ子,H14/10/10,,,,草津,5627921.pdf
美容所,シャルル,520-2331,野洲市小篠原,野洲市小篠原１０９３－４,１０９３－４,88-1375,田畑 豊,H06/08/26,,,,草津,5627921.pdf
美容所,シャローム美容室,520-2305,野洲市北,野洲市北７５４,７５４,88-0546,井川 サチ子,S47/09/30,,,,草津,5627921.pdf
美容所,ジャンヌ美容室,520-2352,野洲市冨波乙,野洲市冨波乙７２０－４８,７２０－４８,077-588-0956,田畑 豊,S61/10/14,,,,草津,5627921.pdf
美容所,ジュンコ,525-0028,草津市上笠三丁目,草津市上笠三丁目３－６,３－６,63-0771,水野 淳子,H03/05/02,,,,草津,5627921.pdf
美容所,しらゆき姫,525-0027,草津市野村八丁目,草津市野村八丁目６－４１,６－４１,64-9083,アサヒ開発株式会社,H02/09/15,,,,草津,5627921.pdf
美容所,シルキ美容室,520-3015,栗東市安養寺七丁目,栗東市安養寺七丁目３－７－２,３－７－２,53-9608,中村 八重子,S57/07/28,,,,草津,5627921.pdf
美容所,ズイール,520-2352,野洲市冨波乙,野洲市冨波乙７９４－７,７９４－７,077-586-0070,山内 智浩,H13/02/23,,,,草津,5627921.pdf
美容所,スペース たんぽぽの国,520-2361,野洲市北野一丁目,野洲市北野一丁目１３－１１,１３－１１,077-586-6496,外村 由利子,H16/08/12,,,,草津,5627921.pdf
美容所,セ・シュー,520-3031,栗東市綣六丁目,栗東市綣六丁目９－１３,９－１３,077-552-2422,多田 幸恵,H13/10/09,,,,草津,5627921.pdf
美容所,ダイヤ美容室,524-0022,守山市守山六丁目,守山市守山六丁目３－１４,３－１４,82-2881,宮川 幸子,S51/10/09,,,,草津,5627921.pdf
美容所,たえ美容室,524-0013,守山市下之郷町,守山市下之郷町１１－６,１１－６,83-1317,今井 妙子,S55/09/24,,,,草津,5627921.pdf
美容所,タク美容室,525-0037,草津市西大路町,草津市西大路町５７４－１３シャルマンコ－ポ,５７４－１３シャルマンコ－ポ,65-0968,今井 弘美,S58/05/02,,,,草津,5627921.pdf
美容所,タケコ・陽子 美容室,524-0104,守山市木浜町,守山市木浜町５４０,５４０,077-585-1253,山本 武子,H11/10/07,,,,草津,5627921.pdf
美容所,タケタニ美容室,525-0054,草津市東矢倉一丁目,草津市東矢倉一丁目８－２,８－２,62-0387,竹谷 清子,S48/06/18,,,,草津,5627921.pdf
美容所,タマ美容,525-0023,草津市平井一丁目,草津市平井一丁目１－１３,１－１３,63-1567,塩田 タマ子,H08/09/11,,,,草津,5627921.pdf
美容所,タムラ美容室,525-0053,草津市矢倉二丁目,草津市矢倉二丁目２－５２,２－５２,62-2593,田村 勢津子,S40/02/18,,,,草津,5627921.pdf
美容所,チャーム美容室,524-0033,守山市浮気町,守山市浮気町３４６－１１,３４６－１１,83-1068,三品 美奈子,S53/03/30,,,,草津,5627921.pdf
美容所,つじ美容室,520-3045,栗東市高野,栗東市高野３４２－６,３４２－６,52-2739,吉岡 肇子,S48/11/01,,,,草津,5627921.pdf
美容所,つや子美容室,525-0066,草津市矢橋町,草津市矢橋町６９－３９,６９－３９,64-7780,北野 つや子,S63/12/09,,,,草津,5627921.pdf
美容所,ツリートップ美容室,524-0022,守山市守山一丁目,守山市守山一丁目２－１－１０４,２－１－１０４,83-2863,北野 さよ子,H03/01/30,,,,草津,5627921.pdf
美容所,ティエラ,524-0102,守山市水保町,守山市水保町１４９０,１４９０,077-585-6698,松井 綾子,H12/03/10,,,,草津,5627921.pdf
美容所,テール美容室,525-0027,草津市野村四丁目,草津市野村四丁目４－１,４－１,64-2562,中城 照子,S58/04/12,,,,草津,5627921.pdf
美容所,トキワ美容室,525-0011,草津市片岡町,草津市片岡町２１３,２１３,68-1195,前田 鈴枝,S36/03/31,,,,草津,5627921.pdf
美容所,ＮＯＡ,525-0025,草津市西渋川一丁目,草津市西渋川一丁目７５０－１ コア２５渋川１Ｆ,７５０－１ コア２５渋川１Ｆ,077-567-8388,株式会社ＳＨＵ,H21/07/21,,,,草津,5627921.pdf
美容所,トミ美容院,524-0102,守山市水保町,守山市水保町１１７,１１７,85-1202,今井 富子,H02/08/17,,,,草津,5627921.pdf
美容所,ナカムラ美容室,520-2302,野洲市高木,野洲市高木１３３３,１３３３,88-2353,中村 すみ子,S60/03/20,,,,草津,5627921.pdf
美容所,ニシムラ美粧院,524-0103,守山市洲本町,守山市洲本町１４８７,１４８７,85-1139,西村 美津枝,S50/12/25,,,,草津,5627921.pdf
美容所,ぱぁーま はうす ＭＩＬＫ,525-0051,草津市木川町,草津市木川町２３３－１,２３３－１,077-564-2852,竹枝 由香,H12/03/07,,,,草津,5627921.pdf
美容所,ぱーまやさん,525-0041,草津市青地町,草津市青地町８６４－６,８６４－６,077-561-7845,久保 良洋,H15/08/20,,,,草津,5627921.pdf
美容所,ハガ美容室,520-3047,栗東市手原一丁目,栗東市手原一丁目１－８,１－８,52-0214,羽賀 静子,S62/06/18,,,,草津,5627921.pdf
美容所,はしもと美容室,520-2423,野洲市西河原,野洲市西河原二丁目２３２２－１,二丁目２３２２－１,077-589-2666,橋本 光子,H10/08/07,,,,草津,5627921.pdf
美容所,はすみ美容室,520-3026,栗東市下鈎,栗東市下鈎１０４６,１０４６,077-554-0358,中村 弘子,H01/04/05,,,,草津,5627921.pdf
美容所,ぱぴよん美容室,520-3015,栗東市安養寺八丁目,栗東市安養寺八丁目７－９,７－９,53-2597,岸本 君野,S52/11/10,,,,草津,5627921.pdf
美容所,パーマショップ美美（ビビ）,520-2323,野洲市三上,野洲市三上１９２２－２,１９２２－２,077-588-1758,堀 八千代,S61/03/12,,,,草津,5627921.pdf
美容所,パーマハウス Ａ＆Ｙ,524-0053,守山市横江町,守山市横江町１２５－１,１２５－１,82-9262,泉 由美子,H03/12/12,,,,草津,5627921.pdf
美容所,パーマハウス すずらん,525-0041,草津市青地町,草津市青地町３８２－７,３８２－７,65-8070,今井 清子,S60/11/25,,,,草津,5627921.pdf
美容所,パーマハウス 綺沙羅,525-0055,草津市野路町,草津市野路町１０６４,１０６４,67-3312,箕浦 一夫,H05/03/29,,,,草津,5627921.pdf
美容所,パーミングハウス ロゼ,525-0034,草津市草津一丁目,草津市草津一丁目８－１７タウンコ－ト高岡１Ｆ,８－１７タウンコ－ト高岡１Ｆ,65-2775,北川 千栄子,H03/02/21,,,,草津,5627921.pdf
美容所,ハラ美容室,520-3031,栗東市綣,栗東市綣９０３,９０３,52-2304,原 こと,S50/02/20,,,,草津,5627921.pdf
美容所,ひかり美容室,525-0028,草津市上笠四丁目,草津市上笠四丁目２９－１－１,２９－１－１,077-565-8974,馬場 知美,H12/03/10,,,,草津,5627921.pdf
美容所,ヒサ美容室,525-0063,草津市南山田町,草津市南山田町４２０－１,４２０－１,62-3725,松尾 恵子,S60/07/08,,,,草津,5627921.pdf
美容所,ビューティー ターフ,520-3025,栗東市中沢,栗東市中沢２２５－１１,２２５－１１,53-4737,勇川 冨久子,H09/04/09,,,,草津,5627921.pdf
美容所,ビューティーサロン アン,525-0054,草津市東矢倉二丁目,草津市東矢倉二丁目３５－１３,３５－１３,077-563-6358,村上 安子,H17/01/28,,,,草津,5627921.pdf
美容所,ビューティーサロン エイビ,520-3011,栗東市下戸山,栗東市下戸山１３５０－４３,１３５０－４３,077-553-3470,古市 信子,H18/12/27,,,,草津,5627921.pdf
美容所,ビューティールーム四季,520-2300,野洲市近江富士二丁目,野洲市近江富士二丁目１－２４,１－２４,077-588-2307,鷹羽 忠和,H17/06/21,,,,草津,5627921.pdf
美容所,ビューティクリニックサロン エメラルド,525-0000,草津市笠山二丁目,草津市笠山二丁目４－３１,４－３１,077-563-8963,駒井 京子,H07/08/07,,,,草津,5627921.pdf
美容所,ビューティサロン ファン守山店,524-0022,守山市守山六丁目,守山市守山六丁目１－１－１０３,１－１－１０３,82-1561,有限会社ビューティサロン ファン,H08/04/30,,,,草津,5627921.pdf
美容所,ビューティサロン山本,525-0066,草津市矢橋町,草津市矢橋町１１５１,１１５１,62-7526,山本 操,H09/12/12,,,,草津,5627921.pdf
美容所,ビューティスペース ＮＡＧＥ（ナージ）,520-3035,栗東市霊仙寺二丁目,栗東市霊仙寺二丁目８－１３,８－１３,077-553-6255,西田 享代,H16/06/24,,,,草津,5627921.pdf
美容所,ビューティ美咲き,524-0102,守山市水保町,守山市水保町１３３６－３２,１３３６－３２,077-585-2440,大塚 明美,H08/06/05,,,,草津,5627921.pdf
美容所,ビューティ トップ,525-0045,草津市若草五丁目,草津市若草五丁目８ シャンテモ－ル若草Ｂ１,８ シャンテモ－ル若草Ｂ１,077-564-5836,渡辺 啓市,S61/06/18,,,,草津,5627921.pdf
美容所,ビューティ あけみ,525-0061,草津市北山田町,草津市北山田町８４５－１４,８４５－１４,63-7149,横江 明美,S63/03/05,,,,草津,5627921.pdf
美容所,ビューティＨａＮａ,525-0056,草津市南笠町,草津市南笠町１４５９－８３,１４５９－８３,077-566-4017,中西 寿美子,H04/04/27,,,,草津,5627921.pdf
美容所,ビューティーサロン おかだ,525-0004,草津市上寺町,草津市上寺町３８４,３８４,68-0170,岡田 和子,S58/01/19,,,,草津,5627921.pdf
美容所,ビューティサロン カール,525-0066,草津市矢橋町,草津市矢橋町２３－４１,２３－４１,63-4364,高木 るみ子,S58/03/25,,,,草津,5627921.pdf
美容所,ビューティサロン ゆう,525-0054,草津市東矢倉二丁目,草津市東矢倉二丁目９－１３,９－１３,63-4646,北村 好子,H02/11/30,,,,草津,5627921.pdf
美容所,ビューティーサロン ＺＥＮＮＯ,524-0012,守山市播磨田町,守山市播磨田町６８４－３２,６８４－３２,82-7262,善野 忍,H01/03/23,,,,草津,5627921.pdf
美容所,ビューティーサロン アキ,520-3024,栗東市小柿五丁目,栗東市小柿五丁目７－１８,７－１８,53-6232,林 千春,S62/04/10,,,,草津,5627921.pdf
美容所,ビューティーサロン アート,524-0021,守山市吉身二丁目,守山市吉身二丁目９－２７伊勢屋ビル１Ｆ,９－２７伊勢屋ビル１Ｆ,82-0131,上田 寿久,S62/07/01,,,,草津,5627921.pdf
美容所,ビューティーサロン イチムラ,524-0042,守山市焔魔堂町,守山市焔魔堂町２５４,２５４,83-0888,市村 つや子,S63/11/24,,,,草津,5627921.pdf
美容所,ビューティーサロン うえさと,524-0054,守山市大林町,守山市大林町２３８－６,２３８－６,83-5371,上里 清美,S63/11/02,,,,草津,5627921.pdf
美容所,ビューティサロン ウェーブ,524-0021,守山市吉身三丁目,守山市吉身三丁目５－３３,５－３３,83-6553,奥野 よしえ,H04/05/18,,,,草津,5627921.pdf
美容所,ビューティーサロン エツコ,524-0021,守山市吉身五丁目,守山市吉身五丁目７－１７,７－１７,83-5803,岩村 恵津子,H02/10/01,,,,草津,5627921.pdf
美容所,ビューティーサロン かをり,525-0071,草津市南笠東一丁目,草津市南笠東一丁目６－３７,６－３７,562-0755,疋田 清子,S52/04/15,,,,草津,5627921.pdf
美容所,ビューティーサロン ケイコ,525-0051,草津市木川町,草津市木川町１１１８－５３,１１１８－５３,64-2991,堀田 恵子,S57/08/04,,,,草津,5627921.pdf
美容所,ビューティサロン サカイ,520-2331,野洲市小篠原,野洲市小篠原９０２－１,９０２－１,077-586-6145,酒井 貞子,H05/11/30,,,,草津,5627921.pdf
美容所,ビューティサロン さち,524-0042,守山市焔魔堂町,守山市焔魔堂町２３７－１,２３７－１,83-4757,村山 幸子,H05/07/22,,,,草津,5627921.pdf
美容所,ビューティーサロン サン,525-0067,草津市新浜町,草津市新浜町５８１－１,５８１－１,64-6228,前川 すが,S55/11/04,,,,草津,5627921.pdf
美容所,ビューティサロン たがや,525-0028,草津市上笠二丁目,草津市上笠二丁目２７－１８,２７－１８,64-1571,多賀谷 実,S53/11/02,,,,草津,5627921.pdf
美容所,ビューティーサロン ニシムラ,524-0211,守山市小浜町,守山市小浜町１３２２,１３２２,077-585-2140,西村 高志,H23/02/02,,,,草津,5627921.pdf
美容所,ビューティーサロン ハッピー,524-0215,守山市幸津川町,守山市幸津川町１３７７,１３７７,85-3622,野洲 幸子,S51/12/20,,,,草津,5627921.pdf
美容所,ビューティーサロン ヒラオ,524-0022,守山市守山二丁目,守山市守山二丁目１２－２８－１,１２－２８－１,82-2225,平尾 きよみ,S60/06/21,,,,草津,5627921.pdf
美容所,ビューティーサロン ポピー,525-0033,草津市東草津一丁目,草津市東草津一丁目６－５,６－５,63-2139,谷口 光代,S63/08/08,,,,草津,5627921.pdf
美容所,ビューティーサロン ゆっ子,524-0031,守山市立入町,守山市立入町２５８－２,２５８－２,83-5021,松田 由紀子,S52/05/24,,,,草津,5627921.pdf
美容所,ビューティーハウス シロー,525-0066,草津市矢橋町,草津市矢橋町１２２３－５,１２２３－５,62-6685,家倉 節子,S58/02/10,,,,草津,5627921.pdf
美容所,ビューティーハウス ライブ,524-0045,守山市金森町,守山市金森町１４０－１４６,１４０－１４６,077-583-8691,瀬戸川 治美,S57/10/29,,,,草津,5627921.pdf
美容所,ヒロ美容室,525-0029,草津市下笠町,草津市下笠町８１６－２９,８１６－２９,68-2233,多賀谷 寿子,S51/04/02,,,,草津,5627921.pdf
美容所,ヒロ美容室,525-0029,草津市下笠町,草津市下笠町６８６－６,６８６－６,077-568-1611,多賀谷 昌由,H12/02/14,,,,草津,5627921.pdf
美容所,ビワ美容室,524-0012,守山市播磨田町,守山市播磨田町１２７６－８,１２７６－８,82-3771,小梶 初美,S45/10/20,,,,草津,5627921.pdf
美容所,ファイ,525-0054,草津市東矢倉二丁目,草津市東矢倉二丁目３５－１３,３５－１３,077-563-7173,有限会社ファイ,H22/03/24,,,,草津,5627921.pdf
美容所,ふみ美容室,520-3047,栗東市手原三丁目,栗東市手原三丁目３－４,３－４,552-0046,谷口 直子,H16/03/11,,,,草津,5627921.pdf
美容所,ヘア＆フェイスサロン エーデル,520-2341,野洲市行畑,野洲市行畑４８２－４４・４５,４８２－４４・４５,077-587-3336,川端 キヨ,H14/11/18,,,,草津,5627921.pdf
美容所,ヘア・ウェーブ ポイントワン,525-0066,草津市矢橋町,草津市矢橋町１０－３４,１０－３４,077-563-4415,澤村 敏子,S58/07/30,,,,草津,5627921.pdf
美容所,ヘアー リラクゼーション スパ ラピス,524-0102,守山市水保町,守山市水保町北川１２９４－４,北川１２９４－４,077-584-3000,堀江 永江,H18/07/27,,,,草津,5627921.pdf
美容所,ヘアー・アトリエ レティシア,520-3035,栗東市霊仙寺二丁目,栗東市霊仙寺二丁目１－３０,１－３０,077-552-6696,扇谷 哲也,H08/07/26,,,,草津,5627921.pdf
美容所,ヘアーエステ Ｙｏｓｉｍｉ,525-0041,草津市青地町,草津市青地町１１８－５,１１８－５,077-566-7502,橋本 好美,H14/07/10,,,,草津,5627921.pdf
美容所,ヘアーギャラリー アッシュ,520-2331,野洲市小篠原,野洲市小篠原１２３６,１２３６,077-587-3626,廣幡 弘美,H20/05/02,,,,草津,5627921.pdf
美容所,ヘアークラブ アドウマンシャイ,524-0037,守山市梅田町,守山市梅田町２－１セルバ１Ｆ １０７,２－１セルバ１Ｆ １０７,82-1253,有限会社おしゃれの館グル－プ,H08/06/19,,,,草津,5627921.pdf
美容所,ヘアークラブ クレイン,524-0016,守山市荒見町,守山市荒見町４１－３,４１－３,83-3870,山本 敦子,H08/02/16,,,,草津,5627921.pdf
美容所,ヘアークリニック ヴァン・ドウ,525-0028,草津市上笠三丁目,草津市上笠三丁目２１－９,２１－９,077-565-3780,北村 重光,H10/11/02,,,,草津,5627921.pdf
美容所,ヘアーサロン岸,524-0022,守山市守山一丁目,守山市守山一丁目９－８,９－８,583-4555,岸 俊弘,H17/10/25,,,,草津,5627921.pdf
美容所,ヘアースタジオ エクリュー,520-3015,栗東市安養寺一丁目,栗東市安養寺一丁目４－８,４－８,077-552-4531,岡原 百合子,H10/03/06,,,,草津,5627921.pdf
美容所,ヘアースタジオ シーナ,520-3026,栗東市下鈎,栗東市下鈎１１９５－４３,１１９５－４３,077-553-9596,目黒 誠一,H17/04/13,,,,草津,5627921.pdf
美容所,ヘアーチェンジＴ’,520-2333,野洲市栄,野洲市栄３４－１５,３４－１５,077-588-2132,田中 忠雄,H14/07/01,,,,草津,5627921.pdf
美容所,ヘアーフィールド ＢｅＳｔｅｐ,525-0046,草津市追分町,草津市追分町５３－１ ルネス・アン,５３－１ ルネス・アン,077-567-9221,奥村 正人,H11/04/12,,,,草津,5627921.pdf
美容所,ヘアーメイク ＮＡＴＳＵ ＆ＨＥＲＯ,520-3045,栗東市高野,栗東市高野５９６Ｕ 遊アイランド内,５９６Ｕ 遊アイランド内,077-551-2266,株式会社ウエルト,H07/11/07,,,,草津,5627921.pdf
美容所,Ｔ ｗｉｔｈ Ｄ ｃｏｌｌｅｃｔｉｏｎ,525-0058,草津市野路東五丁目,草津市野路東五丁目２５－２３－１０３,２５－２３－１０３,077-561-1163,大谷 照雄,H14/03/01,,,,草津,5627921.pdf
美容所,ヘアーメイク ラ・リヴィエール,525-0071,草津市南笠東三丁目,草津市南笠東三丁目１７－２４,１７－２４,61-7718,福井 留美子,H09/05/08,,,,草津,5627921.pdf
美容所,ヘアーカッター ウィンズ,520-3024,栗東市小柿七丁目,栗東市小柿七丁目９－１４,９－１４,077-554-1051,西沢 光平,S62/12/10,,,,草津,5627921.pdf
美容所,ヘアーギャラリー アッシュ,525-0028,草津市上笠四丁目,草津市上笠四丁目２－２８,２－２８,66-0345,谷 弘美,H03/05/17,,,,草津,5627921.pdf
美容所,ヘアスタジオ ポラリス,524-0021,守山市吉身三丁目,守山市吉身三丁目１１－１５ 南貸ビル１－Ｃ,１１－１５ 南貸ビル１－Ｃ,077-582-0559,小嶌 征子,H19/06/01,,,,草津,5627921.pdf
美容所,ヘアースペース ユウ,525-0034,草津市草津三丁目,草津市草津三丁目３－６,３－６,62-2371,佐野 恵美子,H01/04/20,,,,草津,5627921.pdf
美容所,ヘアスペース あみんぐ,520-3024,栗東市小柿十丁目,栗東市小柿十丁目１－７ ルミエ－ル１Ｆ,１－７ ルミエ－ル１Ｆ,077-554-3302,岡川 美幸,H01/11/10,,,,草津,5627921.pdf
美容所,ヘアーハウス なないろ,520-3024,栗東市小柿一丁目,栗東市小柿一丁目２－３５,２－３５,51-1516,山田 玲子,H07/01/10,,,,草津,5627921.pdf
美容所,ｔａｕ,525-0045,草津市若草八丁目,草津市若草八丁目４－７,４－７,,古山 亜希子,R08/02/09,,,,草津,5627921.pdf
美容所,ｂｅａｕｔｙ ｓａｌｏｎ ＰＯＩＳＳＯＮ,525-0031,草津市若竹町,草津市若竹町２－２８－３ 若竹テナントＤ号地Ｌ ２ Ｆ,２－２８－３ 若竹テナントＤ号地Ｌ ２ Ｆ,0775-16-8255,株式会社アンジージャパン,R08/02/20,,,,草津,5627921.pdf
美容所,ｃｉｌｕｍｉｅ,525-0028,草津市上笠一丁目,草津市上笠一丁目３０－６０,３０－６０,,永池 ちひろ,R08/03/06,,,,草津,5627921.pdf
美容所,Ｓｕｚｕ ｂｙ Ｌｉｍｉｅｒ,524-0013,守山市下之郷一丁目,守山市下之郷一丁目３－５１ セルフィーユ下之郷１０２,３－５１ セルフィーユ下之郷１０２,,中島 智子,R08/03/06,,,,草津,5627921.pdf
美容所,ＬｏｏｓＥＮ,525-0053,草津市矢倉二丁目,草津市矢倉二丁目５－３１,５－３１,,中谷 光,R08/03/11,,,,草津,5627921.pdf
美容所,ＳＥＥＫ,525-0032,草津市大路三丁目,草津市大路三丁目４－５２,４－５２,,白樫 裕子,R08/03/30,,,,草津,5627921.pdf
美容所,ＡＬＬＤＡＹＨＥＬＬＯ‘Ｓ 草津駅前,525-0037,草津市西大路町,草津市西大路町４－３３ シャルムシャトレ１階,４－３３ シャルムシャトレ１階,077-567-1181,株式会社Ｂ＆Ｃ,R08/03/30,,,,草津,5627921.pdf
美容所,Ｅｙｅｌａｓｈ Ｂｅａｕｔｙ Ｓａｌｏｎ ｉｍｅ アイミー 南草津駅店,525-0059,草津市野路一丁目,草津市野路一丁目１６－１ アメニティ南草津ⅤIII １０ ４,１６－１ アメニティ南草津ⅤIII １０ ４,,株式会社ＭＯＲＥ,R08/04/06,,,,草津,5627921.pdf
美容所,ｏｃａｏ,524-0035,守山市阿村町,守山市阿村町１６８－８,１６８－８,,久保 淳二,R08/04/08,,,,草津,5627921.pdf
美容所,ビューティーカラープラス,525-0026,草津市渋川一丁目,草津市渋川一丁目１－５０ ４Ｆ,１－５０ ４Ｆ,077-514-9200,株式会社リビアス,R08/04/14,,,,草津,5627921.pdf
美容所,Ｌｕｃｈeａ,520-3015,栗東市安養寺七丁目,栗東市安養寺七丁目２－１２ ２ＦーＣ,２－１２ ２ＦーＣ,,久松 杏奈,R08/05/19,,,,草津,5627921.pdf
美容所,ＣＬＡＭＰ,524-0002,守山市小島町,守山市小島町１４４７－１７,１４４７－１７,,佐藤 美由紀,R08/05/28,,,,草津,5627921.pdf
美容所,ＴＨＲＥＥ,525-0034,草津市草津三丁目,草津市草津三丁目７－８ オクダビル１階 Ｂ号室,７－８ オクダビル１階 Ｂ号室,,松岡 伶衣,R08/06/05,,,,草津,5627921.pdf
美容所,Ｍａｖｉｅ,525-0072,草津市笠山一丁目,草津市笠山一丁目６－６ ラヴィニア北村Ⅱ １Ｆ,６－６ ラヴィニア北村Ⅱ １Ｆ,,針木 エリカ,R08/07/02,,,,草津,5627921.pdf
美容所,ロレインブロウ守山店,524-0041,守山市勝部一丁目,守山市勝部一丁目２－２６ アフロディテ２Ｂ,２－２６ アフロディテ２Ｂ,077-599-3606,合同会社アルシェスタイル,R08/06/16,,,,草津,5627921.pdf
美容所,Ｐｌｕｉｅ,525-0051,草津市木川町,草津市木川町８９６－４,８９６－４,,福田 美砂,R08/07/08,,,,草津,5627921.pdf
美容所,ｎｕ Ｎｏｅｌｌａ,525-0050,草津市南草津一丁目,草津市南草津一丁目１－８－１０２,１－８－１０２,077-599-1102,株式会社Ｎｏｅｌｌａ,R08/07/17,,,,草津,5627921.pdf
美容所,ＢＬＵＥ,528-0067,甲賀市水口町山,甲賀市水口町山２６３０－２,２６３０－２,63-3690,杉本 忠志,H06/11/15,,,,甲賀,5627921.pdf
美容所,ｃｏｍｏｄｏ,528-0000,甲賀市水口町的場,甲賀市水口町的場６１,６１,62-8169,奥山 亜由美,H18/12/25,,,,甲賀,5627921.pdf
美容所,Ｆｉｎｏ Ｈａｉｒ＆Ｈｅａｌｉｎｇ （フィーノ ヘアーアンドヒーリング）,528-0005,甲賀市水口町水口,甲賀市水口町水口６４４－２３,６４４－２３,0748-65-3333,藤井 明弘,H15/07/07,,,,甲賀,5627921.pdf
美容所,ＨＡＩＲ ’ＯＬｉ ’ＯＬｉ,528-0066,甲賀市水口町八田,甲賀市水口町八田３２９－５,３２９－５,0748-65-0901,宮路 めぐみ,H15/02/25,,,,甲賀,5627921.pdf
美容所,ＨＡＩＲ ＢＡＮＫ,520-3221,湖南市三雲,湖南市三雲２８２番地１,２８２番地１,72-4994,株式会社仏羅栖館,H17/10/21,,,,甲賀,5627921.pdf
美容所,ｈａｉｒ ｍａｋｅ ＭＡＴＡＨＡＲＩ,520-3308,甲賀市甲南町野田,甲賀市甲南町野田１０４－５,１０４－５,86-7720,粂田 幸一,H19/02/19,,,,甲賀,5627921.pdf
美容所,ＨＡＩＲ ＲＥＶＩＶＥＰＩＸＹ,528-0063,甲賀市水口町下山,甲賀市水口町下山６９３－３２０,６９３－３２０,63-3434,吉田 正志,H07/12/09,,,,甲賀,5627921.pdf
美容所,ＨＡＩＲ ＳＡＬＯＮ ＮＩＳＨＩＷＡＫＩ,528-0049,甲賀市水口町貴生川,甲賀市水口町貴生川８７９,８７９,0748-62-4160,西脇 芳子,H16/12/07,,,,甲賀,5627921.pdf
美容所,ｈａｉｒ＆ｂｒｉｄｅｓ ＥＩＧＨＴ,528-0057,甲賀市水口町北脇,甲賀市水口町北脇６４３－３,６４３－３,0748-62-7770,磯川 英,H16/05/26,,,,甲賀,5627921.pdf
美容所,ｈａｉｒ’ｓ ＢＥＡＵ ｅｉｇｈｔ ｐｒ ｏｄｕｃｅ,528-0000,甲賀市水口町的場,甲賀市水口町的場１番地,１番地,63-0100,有限会社エイト,H17/09/07,,,,甲賀,5627921.pdf
美容所,ＪＡＭ Ｈａｉｒ Ｓａｌｏｎ,528-0042,甲賀市水口町虫生野中 央,甲賀市水口町虫生野中 央１０６ 鹿深一番館２Ｆ,１０６ 鹿深一番館２Ｆ,0748-63-7226,金子 丈味,H15/01/10,,,,甲賀,5627921.pdf
美容所,Ｋｏｙｏ－ｈａｉｒ （コーヨーヘアー）,520-3242,湖南市菩提寺,湖南市菩提寺３３０－６３２,３３０－６３２,0748-74-2030,山下 輝,H16/02/06,,,,甲賀,5627921.pdf
美容所,ＬＡＲＫ ＨＯＵＳＥ,520-3252,湖南市岩根,湖南市岩根６７８－３２０,６７８－３２０,75-4569,吉中 裕美,H06/06/13,,,,甲賀,5627921.pdf
美容所,Ｍｉｌｋｙ,520-3232,湖南市平松,湖南市平松１０４－２２,１０４－２２,0748-72-7014,西尾 直美,H13/03/21,,,,甲賀,5627921.pdf
美容所,Ｐｅａｋ ｈａｉｒ ｍａｋｅ,528-0035,甲賀市水口町名坂,甲賀市水口町名坂１２５５－５,１２５５－５,0748-63-6170,津川 浩一,H13/07/13,,,,甲賀,5627921.pdf
美容所,ＰＵＰＡ（ピューパ）,528-0037,甲賀市水口町本綾野,甲賀市水口町本綾野５６６－１,５６６－１,0748-63-1158,中村 浩,H12/11/24,,,,甲賀,5627921.pdf
美容所,ＱＢハウス西友水口店,528-0005,甲賀市水口町水口,甲賀市水口町水口６０８４－１,６０８４－１,06-6648-0021,キュービーネット株式会社,H18/06/29,,,,甲賀,5627921.pdf
美容所,Ｒｅ：ＫＡＺＵ,520-3433,甲賀市甲賀町大原市場,甲賀市甲賀町大原市場１７,１７,88-3739,中島 照一,H20/01/28,,,,甲賀,5627921.pdf
美容所,Ｒｏｂｏｔ,520-3221,湖南市三雲,湖南市三雲８８１－１２,８８１－１２,72-7733,岩井 実希,H18/06/29,,,,甲賀,5627921.pdf
美容所,Ｓａｌｏｎ’ｓ Ｔｉｋａ,520-3254,湖南市岩根中央二丁目,湖南市岩根中央二丁目１３ ＭＡＴＳＵＢＡビル１Ｆ,１３ ＭＡＴＳＵＢＡビル１Ｆ,72-6213,小西ちぐさ,H19/06/01,,,,甲賀,5627921.pdf
美容所,ＳＥＥＫＳ,520-3426,甲賀市甲賀町田堵野,甲賀市甲賀町田堵野８３４－２,８３４－２,0748-88-3336,立川 美恵子,H13/08/27,,,,甲賀,5627921.pdf
美容所,Ｓｗａｌｌｏｗ ｔａｉｌ,520-3106,湖南市石部中央四丁目,湖南市石部中央四丁目８－５２ ロイヤルガーデン弐番館１Ｆ－ Ｃ号,８－５２ ロイヤルガーデン弐番館１Ｆ－ Ｃ号,0748-77-8248,中須 勝也,H18/11/01,,,,甲賀,5627921.pdf
美容所,ＴＯＭＯＴＯＭＯ美容室,528-0041,甲賀市水口町虫生野,甲賀市水口町虫生野１０５８－３,１０５８－３,0748-63-1439,冨田 清美,H18/07/25,,,,甲賀,5627921.pdf
美容所,ＴＯＮ ＴＯＮ Ｈａｉｒ Ｓａｌｏｎ,520-3252,湖南市岩根,湖南市岩根４９９－５１１,４９９－５１１,,倍田優子,H16/12/28,,,,甲賀,5627921.pdf
美容所,Ｔｕｔｔｉ（トゥッティー）,520-3254,湖南市岩根中央三丁目,湖南市岩根中央三丁目５５ ルミエール雅１階,５５ ルミエール雅１階,72-7472,滝沢友紀,H17/12/15,,,,甲賀,5627921.pdf
美容所,アールトゥー,520-3211,湖南市高松町,湖南市高松町１０８－２ ５号,１０８－２ ５号,0748-75-5521,山田理奈,H16/08/09,,,,甲賀,5627921.pdf
美容所,アオチ美容室,520-3322,甲賀市甲南町深川,甲賀市甲南町深川２８１６,２８１６,,青地 和博,H07/08/09,,,,甲賀,5627921.pdf
美容所,あざみ美容室,520-3221,湖南市三雲,湖南市三雲１１１５－１,１１１５－１,72-7215,上田 幸子,H04/01/20,,,,甲賀,5627921.pdf
美容所,アトリエ ＬＩＴＴＬＥ ＴＲＥＥ,520-3421,甲賀市甲賀町上野,甲賀市甲賀町上野１８０－１１９,１８０－１１９,0748-88-4248,髙木 聰,H13/02/27,,,,甲賀,5627921.pdf
美容所,アムール美容室,520-3242,湖南市菩提寺,湖南市菩提寺１４９２－３５４,１４９２－３５４,74-2769,谷川 清子,H04/12/22,,,,甲賀,5627921.pdf
美容所,いぬい美容室,528-0024,甲賀市水口町中邸,甲賀市水口町中邸１－４４,１－４４,62-6331,犬井 とみ子,H02/06/20,,,,甲賀,5627921.pdf
美容所,ウエダ美容室,529-1841,甲賀市信楽町上朝宮,甲賀市信楽町上朝宮７７３－４,７７３－４,0748-84-0030,黒田 須賀子,H14/11/19,,,,甲賀,5627921.pdf
美容所,エリカ美容室,520-3242,湖南市菩提寺,湖南市菩提寺１０５０－１,１０５０－１,0748-74-1484,藤岡 久子,H18/11/06,,,,甲賀,5627921.pdf
美容所,エルテ美容室,520-3101,湖南市石部,湖南市石部２８００,２８００,77-6378,吉川 ふさえ,H03/03/30,,,,甲賀,5627921.pdf
美容所,エンゼル美容院,529-1835,甲賀市信楽町長野,甲賀市信楽町長野５９４－１,５９４－１,82-2020,平尾 啓子,S53/12/19,,,,甲賀,5627921.pdf
美容所,美容かたた,520-3414,甲賀市甲賀町大久保,甲賀市甲賀町大久保２２７－７,２２７－７,88-5381,堅田 悦子,S51/07/29,,,,甲賀,5627921.pdf
美容所,カオル美容院,520-3107,湖南市石部東三丁目,湖南市石部東三丁目１０－１５,１０－１５,77-2683,横江 みね,H07/11/21,,,,甲賀,5627921.pdf
美容所,カオル美容室,528-0021,甲賀市水口町八光,甲賀市水口町八光３－４５,３－４５,62-0875,森田 薫,S38/03/14,,,,甲賀,5627921.pdf
美容所,カット＆フェイス ラ・セーヌ,520-3104,湖南市岡出一丁目,湖南市岡出一丁目１－３５,１－３５,77-3671,村瀬 眞智子,S61/12/16,,,,甲賀,5627921.pdf
美容所,カットスタジオ 亜土里絵,528-0002,甲賀市水口町今郷,甲賀市水口町今郷７７６－２,７７６－２,62-9437,日宅 修,S55/07/01,,,,甲賀,5627921.pdf
美容所,カットゾーン ナナ,528-0058,甲賀市水口町北泉一丁 目,甲賀市水口町北泉一丁 目５０－１ ノールフォンテーヌ２番館１０ １,５０－１ ノールフォンテーヌ２番館１０ １,0748-62-0677,石橋 佳典,H18/11/16,,,,甲賀,5627921.pdf
美容所,カットハウス ＡＺＡ（アズア）,520-3333,甲賀市甲南町希望ケ丘 一丁目,甲賀市甲南町希望ケ丘 一丁目５－１０,５－１０,86-1581,中村亜有弥,H18/03/23,,,,甲賀,5627921.pdf
美容所,カットハウス ジュネス,520-3233,湖南市柑子袋,湖南市柑子袋１０９１－１５,１０９１－１５,72-4103,山元 行美,H09/02/24,,,,甲賀,5627921.pdf
美容所,カマダ美容室,520-3101,湖南市石部,湖南市石部１２９４－３,１２９４－３,77-2072,鎌田 俊子,H05/11/30,,,,甲賀,5627921.pdf
美容所,くらた美容室,528-0051,甲賀市水口町北内貴,甲賀市水口町北内貴５６７,５６７,62-4834,倉田 光枝,H06/02/01,,,,甲賀,5627921.pdf
美容所,サチー美容室,528-0012,甲賀市水口町暁,甲賀市水口町暁１－２,１－２,62-0383,藤井 幸子,S46/08/06,,,,甲賀,5627921.pdf
美容所,サロン・ド・すずか,520-3411,甲賀市甲賀町神,甲賀市甲賀町神１６１７,１６１７,0748-88-5918,粂田 早苗,H13/11/30,,,,甲賀,5627921.pdf
美容所,サロンド ピュア,520-3254,湖南市岩根中央三丁目,湖南市岩根中央三丁目２７－１サンハイツⅡ１０３,２７－１サンハイツⅡ１０３,72-7037,小林 智加,H08/11/30,,,,甲賀,5627921.pdf
美容所,サロンドまゆみ,528-0037,甲賀市水口町本綾野,甲賀市水口町本綾野５６６－１ アル・プラザ水口店２Ｆ カ ルチャーセンターＮｏ．２,５６６－１ アル・プラザ水口店２Ｆ カ ルチャーセンターＮｏ．２,,辰巳 隆,H20/10/17,,,,甲賀,5627921.pdf
美容所,スーパーヘア モア 長岡,520-3215,湖南市水戸町,湖南市水戸町１－７近江マンション１Ｆ,１－７近江マンション１Ｆ,75-1116,長岡 喜代美,S55/12/19,,,,甲賀,5627921.pdf
美容所,スマイル美容室,529-1835,甲賀市信楽町長野,甲賀市信楽町長野４３０－３,４３０－３,82-2026,奥田 明美,S61/07/18,,,,甲賀,5627921.pdf
美容所,セントラルスタジオ衣裳館,520-3234,湖南市中央四丁目,湖南市中央四丁目８０,８０,60-2880,有限会社園田写真スタジオ,H19/11/26,,,,甲賀,5627921.pdf
美容所,ちぇすまん美容室,520-3106,湖南市石部中央四丁目,湖南市石部中央四丁目２－２４,２－２４,77-2994,園 恵子,H03/12/04,,,,甲賀,5627921.pdf
美容所,ティアラ美容室,528-0007,甲賀市水口町新城,甲賀市水口町新城７９８－１,７９８－１,63-2360,山本 隆幸,H02/02/28,,,,甲賀,5627921.pdf
美容所,トータルフォトスタジオ オリーブ,528-0015,甲賀市水口町松栄,甲賀市水口町松栄３－２４,３－２４,62-0563,株式会社フジタ写真,H20/03/03,,,,甲賀,5627921.pdf
美容所,ナカムラ美容室,520-3308,甲賀市甲南町野田,甲賀市甲南町野田５９７－１,５９７－１,86-5670,中村 ふみ,H01/11/08,,,,甲賀,5627921.pdf
美容所,のぶ美容室,520-3435,甲賀市甲賀町相模,甲賀市甲賀町相模３９５,３９５,0748-88-5091,川田 信枝,S45/10/27,,,,甲賀,5627921.pdf
美容所,のぶ美容室,528-0212,甲賀市土山町南土山,甲賀市土山町南土山２３６－１,２３６－１,66-0496,後藤 延,S34/02/12,,,,甲賀,5627921.pdf
美容所,パーマハウス けいこ,520-3234,湖南市中央四丁目,湖南市中央四丁目６,６,72-4000,山本 梅尾,S60/11/13,,,,甲賀,5627921.pdf
美容所,パーマハウス ドリーム,520-3242,湖南市菩提寺,湖南市菩提寺１４９１－２５０,１４９１－２５０,74-1855,植西 敏孝,S62/10/19,,,,甲賀,5627921.pdf
美容所,パーミングハウス くれよん,520-3333,甲賀市甲南町希望ケ丘 五丁目,甲賀市甲南町希望ケ丘 五丁目６－２,６－２,86-7061,湯浅 ゆうこ,S63/11/05,,,,甲賀,5627921.pdf
美容所,パール美容,520-3332,甲賀市甲南町希望ケ丘 本町二丁目,甲賀市甲南町希望ケ丘 本町二丁目２５０１－８７,２５０１－８７,86-5972,宮下 美恵子,S56/06/01,,,,甲賀,5627921.pdf
美容所,ハセ美容室,528-0021,甲賀市水口町八光,甲賀市水口町八光１－７,１－７,0748-62-0428,中野 幸枝,H14/12/03,,,,甲賀,5627921.pdf
美容所,ハマ美容室,529-1811,甲賀市信楽町江田,甲賀市信楽町江田４８１,４８１,0748-82-3224,濱口 明代,H10/05/19,,,,甲賀,5627921.pdf
美容所,バンビ美容室,528-0037,甲賀市水口町本綾野,甲賀市水口町本綾野５６６－１平和堂水口店多目的教室,５６６－１平和堂水口店多目的教室,0748-62-7109,株式会社二条丸八,H10/10/30,,,,甲賀,5627921.pdf
美容所,ひとみ美容室,528-0211,甲賀市土山町北土山,甲賀市土山町北土山２１９８－４,２１９８－４,66-0397,平子 照代,S52/10/27,,,,甲賀,5627921.pdf
美容所,ビューティー サロン よねやま,528-0031,甲賀市水口町本町三丁 目,甲賀市水口町本町三丁 目２－１２,２－１２,0748-62-0438,米山 小百合,H11/01/13,,,,甲賀,5627921.pdf
美容所,ビューティー ミニー・ハウス,520-3242,湖南市菩提寺,湖南市菩提寺３３０－６１３,３３０－６１３,74-2350,高坂 歌子,S59/04/03,,,,甲賀,5627921.pdf
美容所,ビューティーサロン ダイアナ,520-3215,湖南市水戸町,湖南市水戸町２２－２０,２２－２０,75-1715,上西 さとみ,S60/10/11,,,,甲賀,5627921.pdf
美容所,ビューティーサロン ポプリ,520-3234,湖南市中央四丁目,湖南市中央四丁目２０,２０,72-3369,飯沼 鮎子,S58/10/01,,,,甲賀,5627921.pdf
美容所,癒しのスペース１０１,528-0034,甲賀市水口町日電,甲賀市水口町日電１－２０,１－２０,0748-62-5005,北川 文代,H05/10/12,,,,甲賀,5627921.pdf
美容所,ビューティーハウス ボンニー,528-0043,甲賀市水口町杣中,甲賀市水口町杣中３５７,３５７,62-5927,黄瀬 理美,S62/05/27,,,,甲賀,5627921.pdf
美容所,Ｂｅａｕｔｙ Ｋ,520-3107,湖南市石部東六丁目,湖南市石部東六丁目６－３５,６－３５,0748-77-5747,東出 喜久子,S60/11/22,,,,甲賀,5627921.pdf
美容所,ビューティサロン アムール,528-0056,甲賀市水口町泉,甲賀市水口町泉１－１,１－１,62-7217,成宮 せき,H01/02/15,,,,甲賀,5627921.pdf
美容所,ビューティサロン かずこ,520-3322,甲賀市甲南町深川,甲賀市甲南町深川２０２３,２０２３,86-5338,神山 和子,S57/10/02,,,,甲賀,5627921.pdf
美容所,ビューティサロン カワサキ,520-3431,甲賀市甲賀町大原中,甲賀市甲賀町大原中６６５,６６５,88-3637,川崎 友子,S54/12/15,,,,甲賀,5627921.pdf
美容所,ビューティサロン すぎもと,520-3421,甲賀市甲賀町上野,甲賀市甲賀町上野１３９４－１,１３９４－１,88-5557,杉本 義照,S53/07/27,,,,甲賀,5627921.pdf
美容所,ビューティサロン とくだ,528-0022,甲賀市水口町梅が丘,甲賀市水口町梅が丘６－３６,６－３６,62-1410,徳田 壽子,S53/04/11,,,,甲賀,5627921.pdf
美容所,ビューティサロン ヒロオカ,520-3433,甲賀市甲賀町大原市場,甲賀市甲賀町大原市場９－２,９－２,88-5793,廣岡 みゆき,S56/06/20,,,,甲賀,5627921.pdf
美容所,ビューティサロン ヨシフク,520-3322,甲賀市甲南町深川,甲賀市甲南町深川１７２９,１７２９,86-2254,吉福 美保子,S56/12/08,,,,甲賀,5627921.pdf
美容所,ビューティサロン 辻,520-3301,甲賀市甲南町寺庄,甲賀市甲南町寺庄６７４－１２,６７４－１２,86-3064,辻 清美,S54/10/20,,,,甲賀,5627921.pdf
美容所,ビューティサロン都,528-0211,甲賀市土山町北土山,甲賀市土山町北土山１４３９番地７,１４３９番地７,0748-66-1319,西田 みや子,H14/06/25,,,,甲賀,5627921.pdf
美容所,ビュティーサロン よぐーる,520-3307,甲賀市甲南町野尻,甲賀市甲南町野尻１０４－１,１０４－１,86-6028,山口 道子,H06/11/11,,,,甲賀,5627921.pdf
美容所,ヒロ美容室,528-0212,甲賀市土山町南土山,甲賀市土山町南土山４４１,４４１,66-0308,寺西 久美子,S56/07/21,,,,甲賀,5627921.pdf
美容所,ヒロ美容室,520-3221,湖南市三雲,湖南市三雲１２８２－１,１２８２－１,72-0185,奥村 容子,H20/03/01,,,,甲賀,5627921.pdf
美容所,フジ美容室,529-1835,甲賀市信楽町長野,甲賀市信楽町長野４７７－４,４７７－４,82-0338,平尾 藤子,S49/12/19,,,,甲賀,5627921.pdf
美容所,フローレンス 歩,528-0067,甲賀市水口町山,甲賀市水口町山３３５０－９１,３３５０－９１,63-5097,山下 史子,H05/03/24,,,,甲賀,5627921.pdf
美容所,ヘアーサロン ＮＡＫＡＭＯＲＩ,529-1811,甲賀市信楽町江田,甲賀市信楽町江田７１８－２,７１８－２,82-1735,中森瑞穂,H17/06/07,,,,甲賀,5627921.pdf
美容所,ヘアーサロン シャルム,520-3101,湖南市石部,湖南市石部１５５０－１,１５５０－１,77-6680,長井 安子,H06/10/13,,,,甲賀,5627921.pdf
美容所,ヘアースタジオ Ｂａｏｂａｂ,520-3231,湖南市針,湖南市針３０５－９,３０５－９,72-5418,上田 順義,H19/10/09,,,,甲賀,5627921.pdf
美容所,ヘアーブティック 綺羅,520-3223,湖南市夏見,湖南市夏見１５９９,１５９９,72-4047,芦田 ひとみ,S61/05/08,,,,甲賀,5627921.pdf
美容所,ヘアーメイク アズ,520-3242,湖南市菩提寺,湖南市菩提寺２０９３－５０,２０９３－５０,0748-74-9339,芝田絹代,H14/09/17,,,,甲賀,5627921.pdf
美容所,ヘアーメイク ピカソ,528-0042,甲賀市水口町虫生野中 央,甲賀市水口町虫生野中 央４５,４５,0748-63-8480,川島 哲也,H13/05/30,,,,甲賀,5627921.pdf
美容所,ベル美容室,528--006,甲賀市水口町城東,甲賀市水口町城東５－５６,５－５６,62-3834,徳田 早苗,H01/04/08,,,,甲賀,5627921.pdf
美容所,まき美容室,520-3201,湖南市下田,湖南市下田１４９５,１４９５,,脇畑 真紀子,H11/07/01,,,,甲賀,5627921.pdf
美容所,マスミ美容院,529-1835,甲賀市信楽町長野,甲賀市信楽町長野５１６－１２,５１６－１２,82-0108,松井 征次,S63/12/19,,,,甲賀,5627921.pdf
美容所,まもる美容室,528-0049,甲賀市水口町貴生川二 丁目,甲賀市水口町貴生川二 丁目３６８－１,３６８－１,62-6655,薮中 衛,S59/04/03,,,,甲賀,5627921.pdf
美容所,マルエー美容室,520-3322,甲賀市甲南町深川,甲賀市甲南町深川２１７８,２１７８,86-3649,国本 恵美子,S28/07/01,,,,甲賀,5627921.pdf
美容所,マルミ,528-0031,甲賀市水口町本町一丁 目,甲賀市水口町本町一丁 目５－２５,５－２５,62-0502,村上 栄子,S49/09/03,,,,甲賀,5627921.pdf
美容所,ミエ美容室,528-0031,甲賀市水口町本町二丁 目,甲賀市水口町本町二丁 目５－７,５－７,62-1944,植村ミエ,H07/11/24,,,,甲賀,5627921.pdf
美容所,ミサ美容室,528-0234,甲賀市土山町徳原,甲賀市土山町徳原２０９,２０９,67-0950,浦川 みさを,S59/05/08,,,,甲賀,5627921.pdf
美容所,みどり美容室,520-3422,甲賀市甲賀町和田,甲賀市甲賀町和田５００,５００,88-2969,樫野 みどり,S54/12/07,,,,甲賀,5627921.pdf
美容所,ムーラン美容室,529-1835,甲賀市信楽町長野,甲賀市信楽町長野１１５８,１１５８,82-1061,杉本 智穂,H03/12/13,,,,甲賀,5627921.pdf
美容所,やすい美容室,528-0017,甲賀市水口町京町,甲賀市水口町京町１－３３,１－３３,62-3653,安井 富美子,S57/12/16,,,,甲賀,5627921.pdf
美容所,ゆうき美容室,528-0035,甲賀市水口町名坂,甲賀市水口町名坂１２６１－１３,１２６１－１３,62-1002,森川 千代子,S52/09/13,,,,甲賀,5627921.pdf
美容所,ゆき美容室,520-3201,湖南市下田,湖南市下田２７５８－３０,２７５８－３０,75-2878,有村 キイ子,S53/11/13,,,,甲賀,5627921.pdf
美容所,ユキ美容室,520-3106,湖南市石部中央四丁目,湖南市石部中央四丁目４－１７,４－１７,77-2464,西村 由紀子,H06/05/10,,,,甲賀,5627921.pdf
美容所,ライム美容室,520-3313,甲賀市甲南町新治,甲賀市甲南町新治１４７９－８,１４７９－８,86-6510,杉本 正子,S58/10/20,,,,甲賀,5627921.pdf
美容所,リリー美容室,520-3201,湖南市下田,湖南市下田１５４３,１５４３,75-0354,谷 邦子,S43/07/30,,,,甲賀,5627921.pdf
美容所,ワゴン,520-3242,湖南市菩提寺,湖南市菩提寺１５３０－４,１５３０－４,74-8000,長瀬 なつみ,H19/11/22,,,,甲賀,5627921.pdf
美容所,ワタベファミリークラブ株式会社,528-0037,甲賀市水口町本綾野,甲賀市水口町本綾野５６６－１,５６６－１,0748-62-7127,岩井 和人,H13/10/22,,,,甲賀,5627921.pdf
美容所,栄美容室,528-0012,甲賀市水口町暁,甲賀市水口町暁３－５６,３－５６,62-0491,冨永 晴美,S41/10/13,,,,甲賀,5627921.pdf
美容所,加代,529-1804,甲賀市信楽町勅旨,甲賀市信楽町勅旨１８５４,１８５４,,徳地 かよ子,S47/08/10,,,,甲賀,5627921.pdf
美容所,銀星美容室,528-0073,甲賀市水口町古城が丘,甲賀市水口町古城が丘３－３４,３－３４,62-1452,芥川 君代,S41/08/02,,,,甲賀,5627921.pdf
美容所,結美容室,529-1836,甲賀市信楽町柞原,甲賀市信楽町柞原２３３－１,２３３－１,82-3132,瀬野 幸子,H01/11/24,,,,甲賀,5627921.pdf
美容所,山中美容室,528-0066,甲賀市水口町八田,甲賀市水口町八田３６８,３６８,62-2982,山中 正代,H02/10/12,,,,甲賀,5627921.pdf
美容所,渚美容室,528-0231,甲賀市土山町頓宮,甲賀市土山町頓宮２６３－１,２６３－１,67-0225,小池 洋子,S49/06/11,,,,甲賀,5627921.pdf
美容所,松岡美容室,528-0208,甲賀市土山町黒川,甲賀市土山町黒川２３１８,２３１８,68-0326,松岡 さゆり,H20/01/07,,,,甲賀,5627921.pdf
美容所,上田美容室,529-1835,甲賀市信楽町長野,甲賀市信楽町長野８８２－５,８８２－５,0748-82-1047,上田 晶子,H12/11/06,,,,甲賀,5627921.pdf
美容所,千歳美容室,520-3223,湖南市夏見,湖南市夏見１５５１－１,１５５１－１,72-2885,北岩 和子,S52/02/22,,,,甲賀,5627921.pdf
美容所,オオヤ美容室,520-3323,甲賀市甲南町深川市場,甲賀市甲南町深川市場１０２－１,１０２－１,86-2373,大矢 頼子,S49/02/22,,,,甲賀,5627921.pdf
美容所,池田美容室,520-3221,湖南市三雲,湖南市三雲８５－９,８５－９,72-0029,池田 洋子,S45/06/01,,,,甲賀,5627921.pdf
美容所,ａｌｌａｙ,528-0049,甲賀市水口町貴生川,甲賀市水口町貴生川３１７－９,３１７－９,62-2096,浅野 英俊,H13/01/30,,,,甲賀,5627921.pdf
美容所,梅の花,520-3332,甲賀市甲南町希望ケ丘 本町八丁目,甲賀市甲南町希望ケ丘 本町八丁目８５７－２７５,８５７－２７５,0748-60-7535,松岡 康,H20/04/10,,,,甲賀,5627921.pdf
美容所,半谷・ＣＩＤＡ,520-3222,湖南市吉永,湖南市吉永３５１番地寿苑ビル１階,３５１番地寿苑ビル１階,0748-71-2970,Ｈａｎｇａｉ Ｍａｒｉａ Ａｐａｒｅｃｉｄ ａ,H16/06/21,,,,甲賀,5627921.pdf
美容所,美装,528-0037,甲賀市水口町本綾野,甲賀市水口町本綾野５６６－１平和堂２Ｆ多目的教室,５６６－１平和堂２Ｆ多目的教室,62-7101,辻 輝美,H08/11/02,,,,甲賀,5627921.pdf
美容所,美容 むらき,528-0202,甲賀市土山町鮎河,甲賀市土山町鮎河１０８４,１０８４,69-0038,村木 重嘉,S53/06/01,,,,甲賀,5627921.pdf
美容所,美容 岸上,529-1803,甲賀市信楽町牧,甲賀市信楽町牧６１４－２,６１４－２,0748-83-1059,有限会社岸上,H14/12/11,,,,甲賀,5627921.pdf
美容所,美容 桃代,528-0014,甲賀市水口町鹿深,甲賀市水口町鹿深１－３５,１－３５,62-2135,松西 百栄,S62/02/08,,,,甲賀,5627921.pdf
美容所,美容ＫＡＯＲＵ,529-1841,甲賀市信楽町上朝宮,甲賀市信楽町上朝宮５１０,５１０,0748-84-0111,植田 英朗,H13/06/27,,,,甲賀,5627921.pdf
美容所,美容プラージュ水口店,528-0033,甲賀市水口町綾野,甲賀市水口町綾野３－５８,３－５８,0748-62-4252,阪南理美容株式会社,H13/03/13,,,,甲賀,5627921.pdf
美容所,美容室 オブラン,520-3252,湖南市岩根,湖南市岩根８６６－１ マルエスＡＮＮＥＸ ２Ｆ,８６６－１ マルエスＡＮＮＥＸ ２Ｆ,75-5151,吉田 安雄,H04/04/30,,,,甲賀,5627921.pdf
美容所,美容室 Ｍ’ｓ,529-1801,甲賀市信楽町宮町,甲賀市信楽町宮町６５５,６５５,0748-83-1212,中川 美也子,H20/07/07,,,,甲賀,5627921.pdf
美容所,美容室 ＶＥＮＵＳ,528-0034,甲賀市水口町日電,甲賀市水口町日電１－６ Ｋー２８ １Ｆ,１－６ Ｋー２８ １Ｆ,0748-63-7778,米山 耕司,H20/03/11,,,,甲賀,5627921.pdf
美容所,美容室 あそう,520-3233,湖南市柑子袋,湖南市柑子袋１４９７－２１,１４９７－２１,72-4231,麻生 摩利子,H08/12/01,,,,甲賀,5627921.pdf
美容所,美容室 いしだ,528-0211,甲賀市土山町北土山,甲賀市土山町北土山１５９９－３,１５９９－３,66-0988,石田 幸子,S51/11/30,,,,甲賀,5627921.pdf
美容所,美容室 ヴィーナス プラス,528-0033,甲賀市水口町綾野,甲賀市水口町綾野６２８ Ｋ－２５ ２Ｆ,６２８ Ｋ－２５ ２Ｆ,0748-63-7100,清家 伯天,H10/05/06,,,,甲賀,5627921.pdf
美容所,美容室 ヴィヴィアン,528-0063,甲賀市水口町下山,甲賀市水口町下山６２０－１,６２０－１,63-0687,木下 具子,H04/11/30,,,,甲賀,5627921.pdf
美容所,美容室 おーにし,529-1802,甲賀市信楽町黄瀬,甲賀市信楽町黄瀬８４２,８４２,83-0582,大西 美代江,S53/11/07,,,,甲賀,5627921.pdf
美容所,美容室 クレアール,520-3252,湖南市岩根,湖南市岩根３３６０－１,３３６０－１,72-6330,吉塚 知恵美,H08/11/01,,,,甲賀,5627921.pdf
美容所,美容室 クロワッサン,520-3216,湖南市若竹町,湖南市若竹町１－６,１－６,75-3338,坂下 嘉苗,S59/12/08,,,,甲賀,5627921.pdf
美容所,美容室 はしもと,520-3106,湖南市石部中央四丁目,湖南市石部中央四丁目１－１４,１－１４,77-3372,橋本 さつき,H08/06/28,,,,甲賀,5627921.pdf
美容所,美容室 ビートル ジャック,520-3233,湖南市柑子袋,湖南市柑子袋２８７サンシャイン甲西別館,２８７サンシャイン甲西別館,0748-71-4671,有限会社デザインスペース,H16/11/16,,,,甲賀,5627921.pdf
美容所,美容室 フォレット,520-3216,湖南市若竹町,湖南市若竹町７－２２,７－２２,75-5857,奥田 比路美,H19/11/07,,,,甲賀,5627921.pdf
美容所,美容室３３７,520-3433,甲賀市甲賀町大原市場,甲賀市甲賀町大原市場５０６－１,５０６－１,0748-88-3370,井用 政美,H14/12/10,,,,甲賀,5627921.pdf
美容所,美容室Ａ２,520-3232,湖南市平松北三丁目,湖南市平松北三丁目２１,２１,0748-72-6460,古谷 篤史,H14/01/22,,,,甲賀,5627921.pdf
美容所,美容室グディ,528-0005,甲賀市水口町水口,甲賀市水口町水口６０８４－１ 西友水口店１Ｆ,６０８４－１ 西友水口店１Ｆ,0748-65-4303,株式会社ビューティスピカ,H11/06/22,,,,甲賀,5627921.pdf
美容所,美容室スタイル,528-0007,甲賀市水口町新城,甲賀市水口町新城１４４４,１４４４,62-0912,前出 洋子,H09/05/03,,,,甲賀,5627921.pdf
美容所,美容室ポニー,528-0038,甲賀市水口町新町一丁 目,甲賀市水口町新町一丁 目３－１４,３－１４,0748-62-9105,山本 由紀子,H16/02/24,,,,甲賀,5627921.pdf
美容所,北川美容室,528-0031,甲賀市水口町本町二丁 目,甲賀市水口町本町二丁 目３－１３,３－１３,62-6262,塚本 恵子,S58/12/19,,,,甲賀,5627921.pdf
美容所,陽光美容室,528-0026,甲賀市水口町東林口,甲賀市水口町東林口１－６３,１－６３,62-6971,井口 洋子,S51/06/10,,,,甲賀,5627921.pdf
美容所,Ｌｉｅｎ－ｈａｉｒ,520-3234,湖南市中央二丁目,湖南市中央二丁目２９－２,２９－２,0748-72-7780,中島 亜希子,H21/02/02,,,,甲賀,5627921.pdf
美容所,Ｃｈｅｖｅｕｘ ｒｅｖｅ〈シュヴー レー ヴ〉,528-0208,甲賀市土山町黒川,甲賀市土山町黒川１９６９,１９６９,0748-60-1017,岸上 久美子,H21/04/06,,,,甲賀,5627921.pdf
美容所,ｎａｌｕ,528-0034,甲賀市水口町日電,甲賀市水口町日電１－６ ２Ｆ,１－６ ２Ｆ,0748-63-0600,末永 眞啓,H21/05/22,,,,甲賀,5627921.pdf
美容所,Ｈａｉｒ Ｍａｋｅ 円舞曲,520-3308,甲賀市甲南町野田,甲賀市甲南町野田８６３－１,８６３－１,0748-86-6079,森田 治,H21/06/24,,,,甲賀,5627921.pdf
美容所,ａｔｔｉｃ,520-3232,湖南市平松北一丁目,湖南市平松北一丁目４６番地美松プラザ１Ｆ,４６番地美松プラザ１Ｆ,0748-72-7261,山 薫,H21/09/16,,,,甲賀,5627921.pdf
美容所,美容室 Ｎａｔｕｒｅ,520-3242,湖南市菩提寺,湖南市菩提寺１４９２－１３５,１４９２－１３５,0748-74-3001,三浦 慎也,H21/10/13,,,,甲賀,5627921.pdf
美容所,ミキ,529-1851,甲賀市信楽町長野,甲賀市信楽町長野６８６－８,６８６－８,0748-82-2849,奥田 勉,H22/02/08,,,,甲賀,5627921.pdf
美容所,Ｇｌｏｗ,528-0034,甲賀市水口町日電,甲賀市水口町日電１－１６,１－１６,0748-63-3937,三好 逸美,H22/03/02,,,,甲賀,5627921.pdf
美容所,ヒーリングストーンスパ 美の癒し 水口店,528-0032,甲賀市水口町八坂,甲賀市水口町八坂８－４０,８－４０,0748-65-3744,大野 梨香,H22/02/15,,,,甲賀,5627921.pdf
美容所,サンテラボ,520-3214,湖南市梅影町,湖南市梅影町３－１３ ２Ｆ,３－１３ ２Ｆ,0748-75-4686,池村 由美,H22/03/01,,,,甲賀,5627921.pdf
美容所,Ａｂｏｕｔ,520-3234,湖南市中央五丁目,湖南市中央五丁目６９番地,６９番地,0748-72-2663,山村 秀男,H22/04/13,,,,甲賀,5627921.pdf
美容所,ロマン美容室,520-3252,湖南市岩根,湖南市岩根９７２－３,９７２－３,0748-75-0203,盛田 智子,H22/06/21,,,,甲賀,5627921.pdf
美容所,カットハウス おくだ,520-3322,甲賀市甲南町深川,甲賀市甲南町深川２２３８,２２３８,0748-86-3741,奥田 克明,H22/09/06,,,,甲賀,5627921.pdf
美容所,順風満帆堂,528-0211,甲賀市土山町北土山,甲賀市土山町北土山１０５０－４５,１０５０－４５,0748-66-0090,濱田 尚人,H22/11/25,,,,甲賀,5627921.pdf
美容所,Ａ Ｂａｌａｎｃｅ,520-3242,湖南市菩提寺,湖南市菩提寺１５３０－４,１５３０－４,0748-60-2375,飯星 幸志郎,H22/12/24,,,,甲賀,5627921.pdf
美容所,ヘアーサロン 山元,520-3201,湖南市下田,湖南市下田２２３５－５６,２２３５－５６,0748-75-0877,山元 啓衣,H23/01/01,,,,甲賀,5627921.pdf
美容所,ｈａｉｒｓａｌｏｎ ｋｏｔｏｒｉｉ,520-3201,湖南市下田,湖南市下田２２３５－１４１,２２３５－１４１,0748-60-2575,足立 江美,H23/06/21,,,,甲賀,5627921.pdf
美容所,ビューティーサロンルノール,528-0034,甲賀市水口町日電,甲賀市水口町日電１－２０,１－２０,0748-62-5005,北川 文代,H23/10/18,,,,甲賀,5627921.pdf
美容所,ＲＩＳＥ ＨＡＩＲ,528-0233,甲賀市土山町市場,甲賀市土山町市場３６２－２光陽テナント１Ｆ１号室,３６２－２光陽テナント１Ｆ１号室,0748-60-2871,川嶋 善也,H23/11/15,,,,甲賀,5627921.pdf
美容所,Ｒｅｊｏｉｃｅ,520-3201,湖南市下田,湖南市下田６３８－４６,６３８－４６,,野村 恵子,H24/03/30,,,,甲賀,5627921.pdf
美容所,ｂｕｌｂ ｈａｉｒ,528-0024,甲賀市水口町中邸,甲賀市水口町中邸５－４８,５－４８,0748-62-6222,奥田 敦子,H24/04/06,,,,甲賀,5627921.pdf
美容所,クリエイションハウスミレー,528-0035,甲賀市水口町名坂,甲賀市水口町名坂８９,８９,0748-62-3750,粟田 直樹,H24/09/06,,,,甲賀,5627921.pdf
美容所,ｆａｍｉｌｌｅ×阿星,520-3108,湖南市石部南四丁目,湖南市石部南四丁目５－６,５－６,0748-77-4511,竹内 たず子,H25/01/15,,,,甲賀,5627921.pdf
美容所,ｃｏｕ ｃｏｕ,520-3221,湖南市三雲,湖南市三雲８３０－３１,８３０－３１,,青木 裕子,H25/01/24,,,,甲賀,5627921.pdf
美容所,ｓａｌｏｎ ｄｅ ｓｏｉｎ,520-3241,湖南市北山台一丁目,湖南市北山台一丁目１８－７,１８－７,0748-74-1573,川田 佳苗,H25/02/25,,,,甲賀,5627921.pdf
美容所,ｍｉｎｏ‘ａｋａ,520-3248,湖南市菩提寺西二丁目,湖南市菩提寺西二丁目１０－４６,１０－４６,0748-74-2868,上田 翔,H25/02/27,,,,甲賀,5627921.pdf
美容所,ｈａｉｒ’ｓ ＢＥＡＵ ａＲｃ,528-0015,甲賀市水口町松栄,甲賀市水口町松栄３－２０,３－２０,0748-62-8880,有限会社エイト,H25/06/03,,,,甲賀,5627921.pdf
美容所,美容室 ビートルジャック,520-3233,湖南市柑子袋,湖南市柑子袋２８７ サンシャイン甲西別館,２８７ サンシャイン甲西別館,0748-71-4671,株式会社ｈ＆ｂ,H25/05/24,,,,甲賀,5627921.pdf
美容所,ｈａｉｒ ｓａｌｏｎ ＲａＬｕ,520-3313,甲賀市甲南町新治,甲賀市甲南町新治２０２３,２０２３,0748-60-1282,正木 喜子,H25/06/25,,,,甲賀,5627921.pdf
美容所,Ｋｏｔｉ,520-3105,湖南市石部西三丁目,湖南市石部西三丁目２－７０－３,２－７０－３,0748-60-8211,中川 夕子,H25/11/01,,,,甲賀,5627921.pdf
美容所,山脇美容室,520-3107,湖南市石部東八丁目,湖南市石部東八丁目８－１３,８－１３,0748-77-3353,山脇 ちひろ,H25/12/09,,,,甲賀,5627921.pdf
美容所,いつわ美容院,520-3221,湖南市三雲,湖南市三雲３６８－１,３６８－１,0748-72-1331,井上 末,H25/12/06,,,,甲賀,5627921.pdf
美容所,Ｓｗｉｔｃｈ,520-3216,湖南市若竹町,湖南市若竹町２５－１５,２５－１５,0748-75-2422,秋道 勝人,H26/02/05,,,,甲賀,5627921.pdf
美容所,ＲＩＴＯ,528-0058,甲賀市水口町北泉一丁 目,甲賀市水口町北泉一丁 目１－１１,１－１１,0748-60-2004,中嶋 稔紀,H26/03/06,,,,甲賀,5627921.pdf
美容所,美容室 さくら,520-3247,湖南市菩提寺東二丁目,湖南市菩提寺東二丁目２－１７,２－１７,0748-74-3084,市川 祐子,H26/04/28,,,,甲賀,5627921.pdf
美容所,ｈａｉｒ ｂｌａｎ ｎｏｉｒ,520-3106,湖南市石部中央四丁目,湖南市石部中央四丁目３－２８,３－２８,0748-70-3106,谷村 亮介,H26/05/19,,,,甲賀,5627921.pdf
美容所,マーブルマーブル,528-0056,甲賀市水口町泉,甲賀市水口町泉１４０５,１４０５,0748-62-6112,田中 秀明,H26/08/06,,,,甲賀,5627921.pdf
美容所,アレンジ イオン湖南店,520-3252,湖南市岩根,湖南市岩根４５８０,４５８０,0748-69-5120,株式会社アレンジ,H27/02/27,,,,甲賀,5627921.pdf
美容所,Ｋａｔｓｉｎａ,520-3232,湖南市平松北二丁目,湖南市平松北二丁目８６メゾンドＷＩＮⅡ,８６メゾンドＷＩＮⅡ,0748-69-6134,山本 悠右,H27/03/13,,,,甲賀,5627921.pdf
美容所,ｃｒａｗｌ,520-3233,湖南市柑子袋,湖南市柑子袋１４１－１,１４１－１,,山北 文子,H27/07/07,,,,甲賀,5627921.pdf
美容所,ＰＥＣＯＳ,520-3214,湖南市梅影町,湖南市梅影町１－８７,１－８７,0748-69-5573,掛田 貴弘,H27/07/16,,,,甲賀,5627921.pdf
美容所,Ｂｉｔｏｈ’ｓ,520-3222,湖南市吉永,湖南市吉永２２３－４４,２２３－４４,0748-72-9725,尾藤 ゆき,H27/09/15,,,,甲賀,5627921.pdf
美容所,ｆｒｏｌｉｃ ｈａｉｒ,528-0031,甲賀市水口町本町三丁 目,甲賀市水口町本町三丁 目２－３２,２－３２,0748-65-4811,米山 龍右,H27/12/24,,,,甲賀,5627921.pdf
美容所,ＳＯＬＭＯＮＥ ｈａｉｒ ＆ ｅｙｅ ｅ ｘｔｅｎｓｉｏｎ,528-0031,甲賀市水口町本町三丁 目,甲賀市水口町本町三丁 目２４２８－１ 水口スクエア１号館２Ｆ,２４２８－１ 水口スクエア１号館２Ｆ,,靖安株式会社,H28/01/26,,,,甲賀,5627921.pdf
美容所,カットコムズ石部,520-3106,湖南市石部中央六丁目,湖南市石部中央六丁目１－３１ 平和堂石部店内１Ｆ,１－３１ 平和堂石部店内１Ｆ,,前川 政光,H28/06/06,,,,甲賀,5627921.pdf
美容所,さくら 三重８３０さ２４２５,,,滋賀県一円（大津市を除く）,滋賀県一円（大津市を除く）,059-237-3939,丸山 恵美香,H28/11/25,,,,甲賀,5627921.pdf
美容所,Ｓｗｉｔｃｈ,520-3216,湖南市若竹町,湖南市若竹町２５－１５,２５－１５,0748-75-2422,辻久 和也,H29/03/03,,,,甲賀,5627921.pdf
美容所,ヘアーショップ ライカ・カンパニー,528-0031,甲賀市水口町本町二丁 目,甲賀市水口町本町二丁 目２－２１,２－２１,0748-63-3040,中村 浩,H29/03/23,,,,甲賀,5627921.pdf
美容所,Ｌａ ｐｅｒｌｅ,528-0064,甲賀市水口町伴中山,甲賀市水口町伴中山２３７６－６,２３７６－６,0748-70-2026,水谷 好智,H29/03/30,,,,甲賀,5627921.pdf
美容所,ｅｙｅｌａｓｈ ｓａｌｏｎ ＬＯＳＩＳ,528-0007,甲賀市水口町新城,甲賀市水口町新城１１－４,１１－４,,安井 あすか,H29/04/10,,,,甲賀,5627921.pdf
美容所,コクア ビューティー ギャラリー,528-0072,甲賀市水口町朝日が丘,甲賀市水口町朝日が丘６－１７,６－１７,0748-60-8512,西村 愛,H29/04/27,,,,甲賀,5627921.pdf
美容所,バシャール,528-0042,甲賀市水口町虫生野中 央,甲賀市水口町虫生野中 央４３ ライトシティビル１Ｆ,４３ ライトシティビル１Ｆ,0748-69-5122,川島 哲也,H29/04/28,,,,甲賀,5627921.pdf
美容所,Ｃｉｅｌ,528-0049,甲賀市水口町貴生川,甲賀市水口町貴生川２３３－２,２３３－２,0748-62-8884,有限会社エイト,H29/06/09,,,,甲賀,5627921.pdf
美容所,髪染本舗 水口店,528-0013,甲賀市水口町宮の前,甲賀市水口町宮の前１－４８６６－３,１－４８６６－３,0748-60-6549,ハングアウト株式会社,H29/07/10,,,,甲賀,5627921.pdf
美容所,ロロ,528-0055,甲賀市水口町植,甲賀市水口町植３８５－３,３８５－３,0748-69-7629,西村 光司,H30/02/01,,,,甲賀,5627921.pdf
美容所,ヘアメイク ティーズ,525-0054,草津市東矢倉二丁目,草津市東矢倉二丁目５－２４アメニティ草津１階,５－２４アメニティ草津１階,077-561-7056,大谷 照雄,H10/02/03,,,,草津,5627921.pdf
美容所,ポイント ワン,525-0055,草津市野路町,草津市野路町４６７－１７,４６７－１７,63-4415,田中 紀佐子,H06/07/12,,,,草津,5627921.pdf
美容所,ポニー美容室,524-0021,守山市吉身三丁目,守山市吉身三丁目１７－８,１７－８,83-1992,八幡 松美,S57/08/31,,,,草津,5627921.pdf
美容所,ミエ美容室,520-3015,栗東市安養寺七丁目,栗東市安養寺七丁目２－４,２－４,077-552-0248,中野 美栄子,S54/11/19,,,,草津,5627921.pdf
美容所,ミエ美容室 トレセン店,520-3005,栗東市御園,栗東市御園１０２８トレセン コ－ラル内,１０２８トレセン コ－ラル内,077-558-0252,中野 美栄子,H04/12/22,,,,草津,5627921.pdf
美容所,ムゼオ,525-0028,草津市上笠二丁目,草津市上笠二丁目１７－６ アーバス草津１Ｆ,１７－６ アーバス草津１Ｆ,077-567-2436,水谷 享,H15/02/07,,,,草津,5627921.pdf
美容所,めぐみ美容室,525-0056,草津市南笠町,草津市南笠町１４７２－３１,１４７２－３１,63-8087,小島 美智恵,S60/07/22,,,,草津,5627921.pdf
美容所,ユキ美容室,524-0013,守山市下之郷町,守山市下之郷町５０３－４,５０３－４,83-1374,西村 ゆき枝,S43/11/18,,,,草津,5627921.pdf
美容所,よこ絵 美容室,524-0002,守山市小島町,守山市小島町１４７６－９,１４７６－９,077-583-1507,横江 寿美子,H11/05/18,,,,草津,5627921.pdf
美容所,よしこ美容室,520-0201,野洲市吉川,野洲市吉川１１９２,１１９２,89-3975,吉川 よし子,H05/12/07,,,,草津,5627921.pdf
美容所,ヨシミ美容室,525-0033,草津市東草津一丁目,草津市東草津一丁目２－３７,２－３７,077-562-6518,吉見 愛子,S45/02/17,,,,草津,5627921.pdf
美容所,ライラック,524-0102,守山市水保町,守山市水保町１２３２－１１,１２３２－１１,585-6789,三崎 千明,H17/10/14,,,,草津,5627921.pdf
美容所,りんず美容室,525-0061,草津市北山田町,草津市北山田町５８－４,５８－４,077-536-6557,宇野 昌兵,H19/05/25,,,,草津,5627921.pdf
美容所,ルミ美容室,525-0052,草津市西矢倉三丁目,草津市西矢倉三丁目１５－４,１５－４,63-8779,瀬野 瑠美子,S53/01/07,,,,草津,5627921.pdf
美容所,レイメイ美容室,525-0026,草津市渋川二丁目,草津市渋川二丁目４－２５,４－２５,077-564-7907,富田 劭子,S61/08/28,,,,草津,5627921.pdf
美容所,レビュー,525-0027,草津市野村二丁目,草津市野村二丁目１－９グランシティ西大路１Ｆ,１－９グランシティ西大路１Ｆ,077-567-4445,岡田 章,H15/09/22,,,,草津,5627921.pdf
美容所,ローレル美容室,520-3015,栗東市安養寺一丁目,栗東市安養寺一丁目１－１１－２２サンワードビル２Ｆ,１－１１－２２サンワードビル２Ｆ,077-552-5085,五十嵐 喜一,H08/02/02,,,,草津,5627921.pdf
美容所,ローズ美容室,525-0028,草津市上笠四丁目,草津市上笠四丁目４－２０,４－２０,62-4548,奥村 陽子,S51/07/08,,,,草津,5627921.pdf
美容所,ロマン美容室,520-3004,栗東市上砥山,栗東市上砥山２１３３－２,２１３３－２,077-558-2286,服部 紀美子,H07/08/23,,,,草津,5627921.pdf
美容所,ワタベファミリークラブ株式会社,525-0025,草津市西渋川一丁目,草津市西渋川一丁目２３－３０ 平和堂アルプラザ草津店内,２３－３０ 平和堂アルプラザ草津店内,077-561-6360,岩井 和人,H13/10/22,,,,草津,5627921.pdf
美容所,宇野美容所,525-0061,草津市北山田町,草津市北山田町８１９,８１９,63-3434,宇野 るり子,S54/12/13,,,,草津,5627921.pdf
美容所,永理美容室,525-0065,草津市橋岡町,草津市橋岡町８０－２,８０－２,63-1440,中川 幸子,S63/12/15,,,,草津,5627921.pdf
美容所,岡本美容室,520-3014,栗東市川辺,栗東市川辺４９０－１０,４９０－１０,52-4358,岡本 ハツエ,S64/01/04,,,,草津,5627921.pdf
美容所,河西美粧院,524-0003,守山市中町,守山市中町２７６,２７６,82-3122,川嶋 静江,S41/03/10,,,,草津,5627921.pdf
美容所,岸本美容室,525-0034,草津市草津四丁目,草津市草津四丁目１－８,１－８,62-0632,岸本 依久子,S53/04/17,,,,草津,5627921.pdf
美容所,吉川美容院,520-2423,野洲市西河原,野洲市西河原７０３,７０３,89-2177,吉川 夫沙子,S46/12/10,,,,草津,5627921.pdf
美容所,三宅美容室,524-0051,守山市三宅町,守山市三宅町７３８,７３８,077-583-6679,三宅 恵美子,H10/12/22,,,,草津,5627921.pdf
美容所,山元美容院,525-0029,草津市下笠町,草津市下笠町１２９２－３,１２９２－３,68-0372,山元 美江,S42/07/09,,,,草津,5627921.pdf
美容所,寺田美容室,524-0214,守山市立田町,守山市立田町１５１５－６,１５１５－６,85-2048,寺田 三代子,H08/04/03,,,,草津,5627921.pdf
美容所,滋賀 創寫舘,524-0101,守山市今浜町,守山市今浜町２５７４－４,２５７４－４,077-584-3155,株式会社醍醐,H20/10/07,,,,草津,5627921.pdf
美容所,寿美容室,524-0021,守山市吉身六丁目,守山市吉身六丁目２－３,２－３,83-4627,池田 敏子,S51/04/02,,,,草津,5627921.pdf
美容所,小さな美容室,524-0101,守山市今浜町,守山市今浜町３３８,３３８,077-585-8783,今江 典子,H14/12/04,,,,草津,5627921.pdf
美容所,松本美容室,524-0051,守山市三宅町,守山市三宅町７６６,７６６,82-2569,松本 弘子,S40/01/27,,,,草津,5627921.pdf
美容所,森美容室,520-3021,栗東市蜂屋,栗東市蜂屋８５３,８５３,52-1507,森 千代野,S56/08/06,,,,草津,5627921.pdf
美容所,草津マスミ美容室,525-0071,草津市南笠東四丁目,草津市南笠東四丁目８－６,８－６,563-3801,清水 節子,S51/01/31,,,,草津,5627921.pdf
美容所,村上美容室,520-2304,野洲市永原,野洲市永原７０７－１,７０７－１,077-587-0683,村上 信子,H16/01/20,,,,草津,5627921.pdf
美容所,中沢美容室,520-3035,栗東市霊仙寺一丁目,栗東市霊仙寺一丁目３－２３,３－２３,53-2629,中澤 光生,S57/09/20,,,,草津,5627921.pdf
美容所,髪結 愛,525-0051,草津市木川町,草津市木川町９７０,９７０,64-2464,佐々木 和子,H02/11/16,,,,草津,5627921.pdf
美容所,髪結～風雅～,520-2300,野洲市近江富士五丁目,野洲市近江富士五丁目３－１３,３－１３,,藤田 真由美,H17/11/27,,,,草津,5627921.pdf
美容所,髪処 風雅,525-0027,草津市野村二丁目,草津市野村二丁目１９－４ Ｓビル１Ｆ,１９－４ Ｓビル１Ｆ,077-565-6118,岡田 綾子,H15/10/08,,,,草津,5627921.pdf
美容所,美・ルネッサンス,524-0101,守山市今浜町,守山市今浜町十軒家２８７６ラフォーレ琵琶湖Ｂ１,十軒家２８７６ラフォーレ琵琶湖Ｂ１,85-5553,有限会社おしゃれの館グル－プ,H07/12/01,,,,草津,5627921.pdf
美容所,美容カットエー草津店,525-0032,草津市大路一丁目,草津市大路一丁目１４－３,１４－３,077-564-7961,株式会社カットツイン,H17/02/14,,,,草津,5627921.pdf
美容所,美容 中沢,524-0004,守山市笠原町,守山市笠原町７０６,７０６,82-2856,中沢 澄子,H08/11/28,,,,草津,5627921.pdf
美容所,美容プラージュ 草津駅前店,525-0032,草津市大路一丁目,草津市大路一丁目１２－１,１２－１,077-565-0920,阪南理美容株式会社,H09/10/13,,,,草津,5627921.pdf
美容所,美容室 ｍｅｒｒｙ,520-3015,栗東市安養寺三丁目,栗東市安養寺三丁目５－５,５－５,077-552-0007,川中 伸彦,H15/06/16,,,,草津,5627921.pdf
美容所,美容室 Ｍｅｔｅｏｒｅ,525-0055,草津市野路町,草津市野路町６６４－１７,６６４－１７,077-563-9974,三崎 正美,H14/02/15,,,,草津,5627921.pdf
美容所,美容室 ｎｏｂ,525-0037,草津市西大路町,草津市西大路町９－１３,９－１３,077-564-7989,齋藤 ふじ子,H18/05/11,,,,草津,5627921.pdf
美容所,美容室ｓａｋｕｒａ,520-3025,栗東市中沢二丁目,栗東市中沢二丁目５－５８－１０１号,５－５８－１０１号,077-551-1366,竹田 豊,H13/04/06,,,,草津,5627921.pdf
美容所,美容室 ウッドペッカー,524-0002,守山市小島町,守山市小島町１６４８－３,１６４８－３,077-582-1836,森田 泰彦,H14/02/27,,,,草津,5627921.pdf
美容所,美容室 ガラスのくつ,525-0057,草津市桜ケ丘五丁目,草津市桜ケ丘五丁目２－１３,２－１３,077-565-0505,秋道 誠,H09/10/30,,,,草津,5627921.pdf
美容所,美容室 ティアラ,525-0028,草津市上笠三丁目,草津市上笠三丁目３１－２２－３,３１－２２－３,563-7530,木戸 京子,H09/11/25,,,,草津,5627921.pdf
美容所,美容室 パルフェ,525-0025,草津市西渋川二丁目,草津市西渋川二丁目９－５,９－５,64-7973,桑山 ひとみ,H06/11/11,,,,草津,5627921.pdf
美容所,美容室 ふうせん,525-0023,草津市平井一丁目,草津市平井一丁目１９－４,１９－４,566-1225,山中 けえ子,H12/12/13,,,,草津,5627921.pdf
美容所,美容室 フェリーチェ,525-0025,草津市西渋川一丁目,草津市西渋川一丁目４－６,４－６,077-561-1097,有限会社ヒロミ企画,H13/12/03,,,,草津,5627921.pdf
美容所,美容室 プラス,520-2333,野洲市栄,野洲市栄１－２ 大村ハイツ２Ｆ,１－２ 大村ハイツ２Ｆ,077-586-3623,内山 敏子,H20/04/25,,,,草津,5627921.pdf
美容所,美容室 フローラ,520-2351,野洲市冨波甲,野洲市冨波甲８５６－１,８５６－１,86-6371,多田 紀子,H06/04/27,,,,草津,5627921.pdf
美容所,ＰＡＬＥＴＴＥ ｈａｉｒ,525-0037,草津市西大路町,草津市西大路町４番１号 ＹＡＯ－Ｑビル１Ｆ,４番１号 ＹＡＯ－Ｑビル１Ｆ,077-564-8010,北村 久雄,H09/10/09,,,,草津,5627921.pdf
美容所,美容室ＫＡＺＵＫＯ,520-3004,栗東市上砥山,栗東市上砥山３１８－２,３１８－２,58-3954,奥村 和子,H04/06/15,,,,草津,5627921.pdf
美容所,美容室アリエス,520-3024,栗東市小柿六丁目,栗東市小柿六丁目１番２２－２－２,１番２２－２－２,53-0008,鍋田 雄三,S56/02/18,,,,草津,5627921.pdf
美容所,美容室エストピア,525-0037,草津市西大路町,草津市西大路町４－３２,４－３２,67-0001,株式会社ビューティスピカ,H04/06/22,,,,草津,5627921.pdf
美容所,美容室カミング,525-0015,草津市集町,草津市集町４６０－１,４６０－１,077-568-1419,有限会社カミング,H16/06/01,,,,草津,5627921.pdf
美容所,美容室サキ,525-0027,草津市野村七丁目,草津市野村七丁目３－１４,３－１４,62-2716,深田 さき,S48/07/26,,,,草津,5627921.pdf
美容所,美容室シャンポワン,524-0002,守山市小島町,守山市小島町１０７９,１０７９,82-8025,佐山 一英,H03/12/25,,,,草津,5627921.pdf
美容所,美容室ジョージ,525-0023,草津市平井四丁目,草津市平井四丁目７－２５,７－２５,65-0957,細野 譲治,S63/12/07,,,,草津,5627921.pdf
美容所,美容室タカノ,520-3031,栗東市綣,栗東市綣９９３,９９３,52-2233,高野 喜代枝,S59/02/17,,,,草津,5627921.pdf
美容所,美容室ティアラ,520-3027,栗東市野尻,栗東市野尻３５１,３５１,077-553-1586,加藤 恵美子,H11/10/08,,,,草津,5627921.pdf
美容所,美容室ハツコ,520-2412,野洲市六条,野洲市六条３８９,３８９,89-5869,二宮 初子,H02/11/18,,,,草津,5627921.pdf
美容所,美容室ビートル野洲店,520-2362,野洲市市三宅,野洲市市三宅１０１３ デイスターモール野洲内,１０１３ デイスターモール野洲内,077-586-7759,株式会社ｈ＆ｂ,H11/04/06,,,,草津,5627921.pdf
美容所,美容室ひろこ,520-3024,栗東市小柿九丁目,栗東市小柿九丁目３－２４,３－２４,53-0703,岡本 廣子,S55/04/12,,,,草津,5627921.pdf
美容所,美容室ヘアーセッションルード,525-0055,草津市野路町,草津市野路町９５９－２ エランビタールⅢ２０１号,９５９－２ エランビタールⅢ２０１号,077-567-5887,渡辺 啓市,H10/10/01,,,,草津,5627921.pdf
美容所,美容室ぺあぺあ,525-0028,草津市上笠四丁目,草津市上笠四丁目３２－８－１,３２－８－１,077-565-0974,弘中 文雄,H01/02/25,,,,草津,5627921.pdf
美容所,美容室レーク パレット,524-0041,守山市勝部一丁目,守山市勝部一丁目１６番２７－１０１号,１６番２７－１０１号,077-583-5151,北村 久雄,H03/06/01,,,,草津,5627921.pdf
美容所,仏羅栖館シャトー,524-0037,守山市梅田町,守山市梅田町５－１,５－１,077-582-9998,株式会社仏羅栖館,H07/08/25,,,,草津,5627921.pdf
美容所,仏羅栖館ファミーユ,524-0021,守山市吉身六丁目,守山市吉身六丁目１５６,１５６,077-583-5554,株式会社仏羅栖館,H11/07/27,,,,草津,5627921.pdf
美容所,米田美容室,520-2304,野洲市永原,野洲市永原９４５,９４５,87-2162,米田 孝子,S44/11/21,,,,草津,5627921.pdf
美容所,房美容室,520-3005,栗東市御園,栗東市御園８１７－１,８１７－１,077-558-1226,下田 房子,S47/08/02,,,,草津,5627921.pdf
美容所,有限会社美容室 ルネ,525-0023,草津市平井二丁目,草津市平井二丁目１－１６,１－１６,077-562-4065,有限会社美容室ルネ,H11/07/02,,,,草津,5627921.pdf
美容所,有限会社サロン・ド・マヤ,525-0066,草津市矢橋町,草津市矢橋町７－１３,７－１３,077-563-2401,有限会社サロン・ド・マヤ,H14/03/29,,,,草津,5627921.pdf
美容所,有限会社ブライダル・ポート,525-0055,草津市野路一丁目,草津市野路一丁目１２－１１－１０７,１２－１１－１０７,077-565-0427,有限会社ブライダル・ポート,H15/03/27,,,,草津,5627921.pdf
美容所,陽ノ丘美容所,525-0051,草津市木川町,草津市木川町１１５４－７,１１５４－７,62-0649,山田 ひで子,S49/09/03,,,,草津,5627921.pdf
美容所,黎明美容室,524-0041,守山市勝部町,守山市勝部町２２１－２,２２１－２,83-8428,富田 劭子,S57/04/24,,,,草津,5627921.pdf
美容所,サロン・ド・パル,520-2362,野洲市市三宅,野洲市市三宅２５６０,２５６０,077-586-7161,有限会社サロン・ド・パル,H21/02/02,,,,草津,5627921.pdf
美容所,ａ：ｒ（あーる）,520-3031,栗東市綣六丁目,栗東市綣六丁目９－１０,９－１０,077-558-7755,石井 孝治,H21/02/25,,,,草津,5627921.pdf
美容所,ＧＡＬＡＸＹ 守山店,524-0037,守山市梅田町,守山市梅田町２－１セルバ守山１１３,２－１セルバ守山１１３,581-0770,小西 功孫,H21/04/01,,,,草津,5627921.pdf
美容所,ｈａｉｒ’ｓ Ｔｉａｍｏ,525-0055,草津市野路一丁目,草津市野路一丁目１６－１ アメニティ南草津Ⅷ１０５,１６－１ アメニティ南草津Ⅷ１０５,077-562-2300,吉川 延慶,H21/04/01,,,,草津,5627921.pdf
美容所,ＲＩＣＯ ＨＡＩＲ,525-0059,草津市野路九丁目,草津市野路九丁目１－２９ アフロディーテⅡ１０１号室,１－２９ アフロディーテⅡ１０１号室,077-598-1088,中西 考宏,H21/04/28,,,,草津,5627921.pdf
美容所,ヘアーデザイン Ｗｉｌｌ－Ｂ,524-0012,守山市播磨田町,守山市播磨田町１３０２－８,１３０２－８,077-583-7788,森 和之,H21/05/01,,,,草津,5627921.pdf
美容所,たかだ美容室,525-0034,草津市草津二丁目,草津市草津二丁目４－５,４－５,077-562-1813,髙田 ひろみ,H21/05/25,,,,草津,5627921.pdf
美容所,Ｈａｉｒ ＫＬＡＸＯＮ,520-3012,栗東市岡,栗東市岡１９３－１,１９３－１,077-598-1988,福田 準,H21/07/01,,,,草津,5627921.pdf
美容所,ａｉｒ ｐｕｔｉｈ ＥＬＬＥＭ,520-3015,栗東市安養寺八丁目,栗東市安養寺八丁目３－４,３－４,077-554-3777,伊藤 満,H21/10/16,,,,草津,5627921.pdf
美容所,ＪＡＰ ｉｎｔｅｒｎａｔｉｏｎａｌ Ｒ ｓａｌｏｎ,525-0055,草津市野路一丁目,草津市野路一丁目１４－３８ サンマール南草津１０１,１４－３８ サンマール南草津１０１,077-569-6778,國谷 弘和,H21/11/18,,,,草津,5627921.pdf
美容所,シエル,525-0050,草津市南草津一丁目,草津市南草津一丁目１－８ レガーロ南草津Ｆ号室,１－８ レガーロ南草津Ｆ号室,077-598-0549,海士元 昭宏,H21/12/01,,,,草津,5627921.pdf
美容所,Ｃｉｅｌ,525-0045,草津市若草一丁目,草津市若草一丁目６－９ウイルステージビル１階 Ｂ部分,６－９ウイルステージビル１階 Ｂ部分,077-566-3645,藤崎 武志,H21/12/08,,,,草津,5627921.pdf
美容所,Ｌｅｇｅｎｄ レジャンド滋賀店,525-0055,草津市野路一丁目,草津市野路一丁目１２－１１ アメニティ南草津Ⅳ１０６,１２－１１ アメニティ南草津Ⅳ１０６,077-567-0192,日本総合美容株式会社,H21/12/14,,,,草津,5627921.pdf
美容所,ロハスサロン,520-2362,野洲市市三宅,野洲市市三宅２５３１ アルテールななのい１階,２５３１ アルテールななのい１階,077-586-6082,Ｒ＆Ｈ株式会社,H22/01/21,,,,草津,5627921.pdf
美容所,ＡＮＮＯＮ,520-2341,野洲市行畑一丁目,野洲市行畑一丁目８－３８ ベルエーヌⅡＢ号室,８－３８ ベルエーヌⅡＢ号室,077-588-1700,水町 貴年,H22/02/09,,,,草津,5627921.pdf
美容所,ユィー プラス,524-0042,守山市焔魔堂町,守山市焔魔堂町２３８－８,２３８－８,,島尾 泰寛,H22/03/29,,,,草津,5627921.pdf
美容所,美容室 ＮＩＲＶＡＮＡ,524-0013,守山市下之郷三丁目,守山市下之郷三丁目６－１９,６－１９,077-582-8228,山田 耕一,H22/04/14,,,,草津,5627921.pdf
美容所,ｅｘ－ｆａヘアーガーデン,525-0050,草津市南草津三丁目,草津市南草津三丁目１２－９,１２－９,077-566-3767,有限会社ラ・リヴィエール,H22/04/21,,,,草津,5627921.pdf
美容所,Ｅｙｅｌａｓｈ Ｓａｌｏｎ Ｂｌａｎｃ 守山店,524-0013,守山市下之郷一丁目,守山市下之郷一丁目１１－１ アーバンビル守山１Ｆ,１１－１ アーバンビル守山１Ｆ,077-582-5558,株式会社Ｂｌａｎｃ,H22/05/28,,,,草津,5627921.pdf
美容所,ｎｆ,524-0022,守山市守山五丁目,守山市守山五丁目１－１０,１－１０,077-598-5160,野間 智哲,H22/07/05,,,,草津,5627921.pdf
美容所,ＨＡＩＲ ＭＡＫＥ－ＩＮＧ ＥＡＲＴＨ,525-0071,草津市南笠東二丁目,草津市南笠東二丁目７－１５,７－１５,077-564-6276,辻 仁志,H22/07/23,,,,草津,5627921.pdf
美容所,ｉｌｍａｒｅ Ｈａｉｒ,520-3015,栗東市安養寺五丁目,栗東市安養寺五丁目２－３４－１０３,２－３４－１０３,,齊藤 静江,H22/08/05,,,,草津,5627921.pdf
美容所,ｕｎｉｔｅｄ～ＨＡＩＲ ＲＥＬＡＸＡＴＩ ＯＮ,525-0055,草津市野路町,草津市野路町６８６ ラフラ１Ｆ,６８６ ラフラ１Ｆ,077-567-8011,小島 修平,H22/07/29,,,,草津,5627921.pdf
美容所,hair’s BEAU LiEn,520-3031,栗東市綣,栗東市綣５丁目７－２,５丁目７－２,077-552-2727,有限会社エイト,H22/09/08,,,,草津,5627921.pdf
美容所,ＮＹＣＯＬＡ,525-0032,草津市大路一丁目,草津市大路一丁目７－１ ＴＯＷＥＲ・１１１－１０７号室,７－１ ＴＯＷＥＲ・１１１－１０７号室,,橋本 暁人,H22/10/15,,,,草津,5627921.pdf
美容所,Ｈａｉｒ Ｍａｋｅ Ｊｏｈｎｎｙ,524-0022,守山市守山一丁目,守山市守山一丁目１３－３,１３－３,077-598-5570,上坂 聡,H22/10/08,,,,草津,5627921.pdf
美容所,アトリエ ＷＡ・ｏ・ｎｅ,520-2341,野洲市行畑,野洲市行畑５３９－２,５３９－２,077-535-1897,米田 めぐみ,H22/11/02,,,,草津,5627921.pdf
美容所,ａｌａｋａｉ,525-0025,草津市西渋川一丁目,草津市西渋川一丁目１７－２０ ２Ｆ,１７－２０ ２Ｆ,077-566-3118,武田 洋輝,H22/11/02,,,,草津,5627921.pdf
美容所,ＣＡＳＡ ＢＯＮＩＴＡ,525-0032,草津市大路三丁目,草津市大路三丁目４－５２,４－５２,,與世田 純,H22/11/25,,,,草津,5627921.pdf
美容所,Ｒｉｃｈｅ,525-0055,草津市野路一丁目,草津市野路一丁目５－２４ サンシャインＥ号,５－２４ サンシャインＥ号,077-562-9818,小林 豊,H22/12/03,,,,草津,5627921.pdf
美容所,想 ｏｆ ｈａｉｒ,525-0055,草津市野路一丁目,草津市野路一丁目１６－１３ アメニティー南草津Ⅴ１０５ －２,１６－１３ アメニティー南草津Ⅴ１０５ －２,077-598-1030,髙橋 剛,H23/01/27,,,,草津,5627921.pdf
美容所,アングル・シー,520-2351,野洲市冨波甲,野洲市冨波甲１０８８,１０８８,077-586-0888,古嶋 秀平,H23/01/26,,,,草津,5627921.pdf
美容所,グリンヘアー,520-3047,栗東市手原五丁目,栗東市手原五丁目１３１６－１,１３１６－１,077-535-4036,安田 恭子,H23/04/04,,,,草津,5627921.pdf
美容所,ｆｒｅａｋ ＧＲＡＮＤ,525-0050,草津市南草津二丁目,草津市南草津二丁目２－４ パデシオン南草津１Ｆ,２－４ パデシオン南草津１Ｆ,077-566-2600,山本 吉智,H28/05/19,,,,草津,5627921.pdf
美容所,美容室 ｅａｒｔｈ,525-0055,草津市野路一丁目,草津市野路一丁目１０－１８－１０３号,１０－１８－１０３号,077-598-6902,中山 将行,H23/05/09,,,,草津,5627921.pdf
美容所,ひかり美容室,524-0022,守山市守山一丁目,守山市守山一丁目１３－１７,１３－１７,077-582-1623,村田 良子,H23/05/18,,,,草津,5627921.pdf
美容所,Ｉｃｈｉｃａ ｈａｉｒ,524-0101,守山市今浜町,守山市今浜町３３６－３,３３６－３,,寺田 純子,H23/06/16,,,,草津,5627921.pdf
美容所,Ｈａｉｒ ｓｐａｃｅ 凛,524-0022,守山市守山五丁目,守山市守山五丁目１－７,１－７,077-532-9475,池田 美香,H23/07/04,,,,草津,5627921.pdf
美容所,ｃａｓａ ｍａｒ,525-0028,草津市上笠二丁目,草津市上笠二丁目５－６ ＳＥＶＥＬＩＡＬＯ １階,５－６ ＳＥＶＥＬＩＡＬＯ １階,077-565-8505,廣田 貴之,H23/07/04,,,,草津,5627921.pdf
美容所,ＰＩＳＴ,525-0066,草津市矢橋町,草津市矢橋町１０－３５,１０－３５,077-564-9389,小井 亨一,H23/08/26,,,,草津,5627921.pdf
美容所,ＬＡＫＥ ＬＯＶＥＲＳ,520-3047,栗東市手原二丁目,栗東市手原二丁目２－２,２－２,077-552-2367,山中 和馬,H23/09/21,,,,草津,5627921.pdf
美容所,Ｄｅａｒｓ 守山店,524-0022,守山市守山四丁目,守山市守山四丁目２－１３ サンティーユＡＳＡＨＩ１０１,２－１３ サンティーユＡＳＡＨＩ１０１,077-582-5563,板谷 晴子,H23/10/26,,,,草津,5627921.pdf
美容所,ｐａｎａｒｉ,520-3025,栗東市中沢三丁目,栗東市中沢三丁目２－４－１１１号,２－４－１１１号,077-553-8808,宮森 宏実,H23/10/12,,,,草津,5627921.pdf
美容所,中村美容室,520-2411,野洲市安治,野洲市安治２７７,２７７,077-589-2067,中村 一江,H23/10/03,,,,草津,5627921.pdf
美容所,ぱーまやさん ペア,524-0012,守山市播磨田町,守山市播磨田町７０５－１７,７０５－１７,077-583-7987,大田 たづ子,H23/10/17,,,,草津,5627921.pdf
美容所,ｌｕＣＣｅ,525-0059,草津市野路八丁目,草津市野路八丁目２２－６ クレストビル１F,２２－６ クレストビル１F,077-562-1376,山口 聡,H23/10/26,,,,草津,5627921.pdf
美容所,ＪＡＰ international Ｓ salon,520-3035,栗東市霊仙寺一丁目,栗東市霊仙寺一丁目１－４３,１－４３,077-552-0282,有限会社ジャップインターナショナル,H23/10/28,,,,草津,5627921.pdf
美容所,ヘアーズ カムデン,525-0055,草津市野路町,草津市野路町７９３－７,７９３－７,077-564-8583,髙取 薫,H24/01/05,,,,草津,5627921.pdf
美容所,ＡＮＧＥＥ,524-0043,守山市二町町,守山市二町町２３１－６ 宮本テナント１Ｆ,２３１－６ 宮本テナント１Ｆ,077-582-8130,久保 紘兵,H24/02/27,,,,草津,5627921.pdf
美容所,美容室 優芽 ～ｙｕｍｅ～,520-2353,野洲市久野部,野洲市久野部１９０－１,１９０－１,077-587-1788,吉田 祥二,H24/03/21,,,,草津,5627921.pdf
美容所,XANADU（ザナドゥ）,525-0034,草津市草津三丁目,草津市草津三丁目７－８ 奥田ビル１－A,７－８ 奥田ビル１－A,077-566-3866,北浦 直也,H24/04/19,,,,草津,5627921.pdf
美容所,haus（ハオス）,520-2435,野洲市乙窪,野洲市乙窪３９３－７,３９３－７,077-535-1120,井上 泰伸,H24/04/26,,,,草津,5627921.pdf
美容所,美ＦＲＥＹＪＡ,524-0037,守山市梅田町,守山市梅田町１０－３ 服部工業ビルⅡ １Ｆ,１０－３ 服部工業ビルⅡ １Ｆ,077-582-0009,福島 千予,H24/05/10,,,,草津,5627921.pdf
美容所,ｈａｉｒ ｄｅｓｉｇｎ Ｒｅ：ｖｉｎｇ,525-0059,草津市野路六丁目,草津市野路六丁目２－４ タケヤマビル１F,２－４ タケヤマビル１F,077-535-7775,川上 秋幸,H24/06/06,,,,草津,5627921.pdf
美容所,ＢＡＭＢＯＯ,525-0029,草津市下笠町,草津市下笠町８７－５,８７－５,077-535-6757,大津 智子,H24/06/27,,,,草津,5627921.pdf
美容所,Ｘａｒｉｔｅｓ,525-0026,草津市渋川一丁目,草津市渋川一丁目２－２６ ザ・草津タワー２０５,２－２６ ザ・草津タワー２０５,077-563-1030,株式会社ｎｅｏｓ,H24/07/10,,,,草津,5627921.pdf
美容所,Ｈａｉｒ ｓａｌｏｎ Ｌｅａｆ,528-0036,甲賀市水口町東名坂,甲賀市水口町東名坂１５７－２,１５７－２,0748-89-9083,石田 真也,H30/02/22,,,,甲賀,5627921.pdf
美容所,Ｔｏｔａｌ Ｂｅａｕｔｙ ＣＲＥＡ－ＣＲ ＥＡ,528-0031,甲賀市水口町本町三丁 目,甲賀市水口町本町三丁 目１－１２,１－１２,0748-69-5803,橋本 恵,H30/03/16,,,,甲賀,5627921.pdf
美容所,Ｌｏｍｉｅｒｅ,520-3433,甲賀市甲賀町大原市場,甲賀市甲賀町大原市場２２－４ エールコナン３－Ｄ,２２－４ エールコナン３－Ｄ,,荒川 祐愛,H30/03/19,,,,甲賀,5627921.pdf
美容所,リラ 水口店,528-0035,甲賀市水口町名坂,甲賀市水口町名坂９０,９０,0748-76-3323,株式会社リラ,H30/06/08,,,,甲賀,5627921.pdf
美容所,ｔｓｕｍｕｇｕ,528-0212,甲賀市土山町南土山,甲賀市土山町南土山７８－２９,７８－２９,0748-60-4967,安井 奈緒,H30/06/29,,,,甲賀,5627921.pdf
美容所,ヘアサロンｃｏｒｅ,520-3241,湖南市北山台四丁目,湖南市北山台四丁目３－９,３－９,0748-60-2344,松尾 雅子,H30/08/20,,,,甲賀,5627921.pdf
美容所,ＡＲｕｒｕ,528-0042,甲賀市水口町虫生野中 央,甲賀市水口町虫生野中 央３７,３７,0748-63-2580,里見 こず絵,H30/09/28,,,,甲賀,5627921.pdf
美容所,ｈａｉｒ ＣＯＶＯ,520-3234,湖南市中央二丁目,湖南市中央二丁目９４－１ ハイネスマグノリア２号室,９４－１ ハイネスマグノリア２号室,0748-72-2400,本田 情子,H30/10/24,,,,甲賀,5627921.pdf
美容所,カットコムズ カインズ甲賀水口店,528-0056,甲賀市水口町泉,甲賀市水口町泉１４０５,１４０５,,前川 政光,H30/12/11,,,,甲賀,5627921.pdf
美容所,ｏｎｅｔｔ ｒｏｏｍｓ,520-3105,湖南市石部西二丁目,湖南市石部西二丁目５－３５,５－３５,,青木 一騎,H31/03/04,,,,甲賀,5627921.pdf
美容所,Ｂａｒｂｅｒ２６４,529-1802,甲賀市信楽町黄瀬,甲賀市信楽町黄瀬２４５４－２,２４５４－２,0748-64-0370,安部 隆宏,R01/05/10,,,,甲賀,5627921.pdf
美容所,リラ 甲西店,520-3235,湖南市平松北二丁目,湖南市平松北二丁目８６ メゾンドＷＩＮⅡ３号,８６ メゾンドＷＩＮⅡ３号,0748-69-5760,株式会社ＯＲＥＳＳ,R01/08/05,,,,甲賀,5627921.pdf
美容所,ＥＳＰＯＩＲ,528-0014,甲賀市水口町鹿深,甲賀市水口町鹿深５－３３－２８号,５－３３－２８号,,中井 麻美,R01/09/20,,,,甲賀,5627921.pdf
美容所,ｃｉｉｃａ,520-3248,湖南市菩提寺西三丁目,湖南市菩提寺西三丁目６－８,６－８,0748-78-0661,鹿島 実,R01/09/26,,,,甲賀,5627921.pdf
美容所,Ｍａｒｒｙ ｈａｉｒ ｗｏｒｋｓ,528-0071,甲賀市水口町秋葉,甲賀市水口町秋葉１－２８,１－２８,0748-64-4878,薗部 修也,R01/11/05,,,,甲賀,5627921.pdf
美容所,ＡＲＲＯＷＺ －ＯＲＩＧＩＮＡＬ－,520-3243,湖南市菩提寺北一丁目,湖南市菩提寺北一丁目２－８,２－８,0748-60-6699,藤井 俊希,R02/02/05,,,,甲賀,5627921.pdf
美容所,ｔｅｔоｔｅ,529-1804,甲賀市信楽町勅旨,甲賀市信楽町勅旨２２０７－８,２２０７－８,,平尾 拓寛,R02/02/18,,,,甲賀,5627921.pdf
美容所,ｈａｉｒ ｐｏｓｈ,520-3301,甲賀市甲南町寺庄,甲賀市甲南町寺庄１５７８,１５７８,0748-89-9095,細井 さゆり,R02/03/27,,,,甲賀,5627921.pdf
美容所,結,528-0051,甲賀市水口町北内貴,甲賀市水口町北内貴５６８,５６８,0748-62-7310,若林 則子,R02/05/15,,,,甲賀,5627921.pdf
美容所,ＬＯＭＩＥＲＥ,528-0005,甲賀市水口町水口,甲賀市水口町水口５７４３－３ 和ｖｉｌｌａｇｅ２０３,５７４３－３ 和ｖｉｌｌａｇｅ２０３,,荒川 祐愛,R02/05/21,,,,甲賀,5627921.pdf
美容所,ｈａｉｒ ｓａｌｏｎ ＣＨＡ－ＣＨＡ,528-0036,甲賀市水口町東名坂,甲賀市水口町東名坂４９－２,４９－２,0748-62-5666,中村 圭吾,R02/07/07,,,,甲賀,5627921.pdf
美容所,Ｈａｉｒ Ｓａｌｏｎ Ｐａｒａｄｉｓ,528-0032,甲賀市水口町八坂,甲賀市水口町八坂４－３１,４－３１,0748-60-9499,内門 譲司,R02/08/07,,,,甲賀,5627921.pdf
美容所,Ｅｙｅｌａｓｈ Ｓａｌｏｎ Ｒｉｇｅｎｅ ｒａｔｉｏｎ,528-0035,甲賀市水口町名坂,甲賀市水口町名坂３９ ２Ｆ,３９ ２Ｆ,,金澤 万姫,R02/10/16,,,,甲賀,5627921.pdf
美容所,ｒｅｃｉｔ ｅｙｅｌａｓｈ,520-3242,湖南市菩提寺,湖南市菩提寺３３０－１５５,３３０－１５５,,奥村 彩香,R02/12/25,,,,甲賀,5627921.pdf
美容所,ｈａｉｒ ｓａｌｏｎ ＣＨＡ－ＣＨＡ,528-0036,甲賀市水口町東名坂,甲賀市水口町東名坂４９－２,４９－２,0748-62-5666,株式会社ＣＨＡ－ＣＨＡ ＨＯＵＳＥ,R03/02/10,,,,甲賀,5627921.pdf
美容所,ｉｒｏｄｏｒｉ ｈａｉｒ,520-3308,甲賀市甲南町野田,甲賀市甲南町野田５４６,５４６,0748-86-5790,登本 聡,R03/02/18,,,,甲賀,5627921.pdf
美容所,美容室 エスポアール,528-0234,甲賀市土山町徳原,甲賀市土山町徳原３６５,３６５,0748-67-0631,中村 順子,R03/03/11,,,,甲賀,5627921.pdf
美容所,Ｂ．Ａ．Ｓ．Ｋ ＨＡＩＲ,520-3252,湖南市岩根,湖南市岩根２２３３－１,２２３３－１,0748-78-0081,谷村 真規,R03/03/31,,,,甲賀,5627921.pdf
美容所,ｑｕｏｎ ｈａｉｒ ｗｏｒｋｓ,520-3235,湖南市平松北三丁目,湖南市平松北三丁目１６ ミルラフィーネⅡ,１６ ミルラフィーネⅡ,0748-72-6022,奥野 健史,R03/04/01,,,,甲賀,5627921.pdf
美容所,Ｉｒｉｅ,520-3201,湖南市下田,湖南市下田１７５９,１７５９,,谷 真弓,R03/04/05,,,,甲賀,5627921.pdf
美容所,ｓｐｉｃａ,520-3301,甲賀市甲南町寺庄,甲賀市甲南町寺庄１２４４－２,１２４４－２,0748-60-8308,馬野 ともこ,R03/04/08,,,,甲賀,5627921.pdf
美容所,ｈａｉｒ ＆ ｅｙｅｌａｓｈ Ｋｕｐｕａ,520-3102,湖南市宮の森二丁目,湖南市宮の森二丁目８－２６,８－２６,0748-76-3883,小島 佳奈,R03/04/15,,,,甲賀,5627921.pdf
美容所,ｅ´ｃｌａｔ,528--006,甲賀市水口町城東,甲賀市水口町城東３－１８,３－１８,,岡田 尚子,R03/04/21,,,,甲賀,5627921.pdf
美容所,ｓｏｐｏ,528-0027,甲賀市水口町城内,甲賀市水口町城内２２０１－１,２２０１－１,,山下 僚太,R03/04/30,,,,甲賀,5627921.pdf
美容所,ＣＯＣＯ ｂｙ ＢＥＡＵ ＥＹＥ Ｌａｓ ｈ,528-0049,甲賀市水口町貴生川,甲賀市水口町貴生川２３３－２,２３３－２,,有限会社エイト,R03/04/30,,,,甲賀,5627921.pdf
美容所,ｅｙｅｌａｓｈ ｓａｌｏｎ ＲＯＲＯ,520-3332,甲賀市甲南町希望ケ丘 本町十丁目,甲賀市甲南町希望ケ丘 本町十丁目１８３８－５２,１８３８－５２,,吉田 郁美,R03/05/27,,,,甲賀,5627921.pdf
美容所,ｏｍｏｙｏ,520-3307,甲賀市甲南町野尻,甲賀市甲南町野尻９１７,９１７,,上延 理子,R03/06/17,,,,甲賀,5627921.pdf
美容所,ＨＡＩＲ’Ｓ ＭＯＭＯ,520-3108,湖南市石部南二丁目,湖南市石部南二丁目６－６,６－６,0748-77-7424,森 弘子,R03/07/12,,,,甲賀,5627921.pdf
美容所,Ｓｕａｙ（スワイ）,520-3113,湖南市石部北一丁目,湖南市石部北一丁目６－１０－３７,６－１０－３７,,外賀 美由紀,R03/09/08,,,,甲賀,5627921.pdf
美容所,Ｙｓ，ｉ－ｎｅｕｆ,520-3107,湖南市石部東七丁目,湖南市石部東七丁目４－３,４－３,0748-60-7567,安井 勇夫,R03/09/10,,,,甲賀,5627921.pdf
美容所,Ｔｕｔｔｉ ｂｅａｕｔｙｓａｌｏｎ,520-3254,湖南市岩根中央三丁目,湖南市岩根中央三丁目１１１－３,１１１－３,,滝沢 友紀,R03/09/08,,,,甲賀,5627921.pdf
美容所,Ｌａ Ｃｌａｒｔｅ,520-3313,甲賀市甲南町新治,甲賀市甲南町新治２０８８,２０８８,0748-70-3661,藤田 智之,R03/09/28,,,,甲賀,5627921.pdf
美容所,Ｒｏｓｅｔｔａ,520-3221,湖南市三雲,湖南市三雲３４２－２,３４２－２,0748-76-2323,蘆田 加寿美,R03/10/11,,,,甲賀,5627921.pdf
美容所,ヘアーサロン イワサキ,528-0058,甲賀市水口町北泉一丁 目,甲賀市水口町北泉一丁 目３０,３０,,株式会社ハクブン,R03/10/19,,,,甲賀,5627921.pdf
美容所,Ｇｒａｃｅ（グレイス）,520-3332,甲賀市甲南町希望ケ丘 本町七丁目,甲賀市甲南町希望ケ丘 本町七丁目２７４５－２９,２７４５－２９,,中西 恵,R03/12/02,,,,甲賀,5627921.pdf
美容所,ＥＭＵＲ,528-0058,甲賀市水口町北泉二丁 目,甲賀市水口町北泉二丁 目７４ ドリームスクエアＡ１０１,７４ ドリームスクエアＡ１０１,,𠮷川 あかね,R04/01/17,,,,甲賀,5627921.pdf
美容所,ｃｏｃｏｒｕｌｕ,520-3411,甲賀市甲賀町神,甲賀市甲賀町神１１８１,１１８１,,竹島 博子,R04/01/19,,,,甲賀,5627921.pdf
美容所,優好美容室,520-3254,湖南市岩根中央三丁目,湖南市岩根中央三丁目５５ ルミエール雅テナント１０１,５５ ルミエール雅テナント１０１,,北村 恵美,R04/03/09,,,,甲賀,5627921.pdf
美容所,ｃｉｉｃａ,520-3248,湖南市菩提寺西三丁目,湖南市菩提寺西三丁目６－８,６－８,0748-78-0661,株式会社ｔｅｔｏ,R04/07/01,,,,甲賀,5627921.pdf
美容所,ｚｏｕ,520-3248,湖南市菩提寺西一丁目,湖南市菩提寺西一丁目９－２３ フェリーチェ菩提寺１０３号,９－２３ フェリーチェ菩提寺１０３号,,株式会社ｔｅｔｏ,R04/07/01,,,,甲賀,5627921.pdf
美容所,ＡＵＢＥ ＨＡＩＲ ｍｉｎｔ 甲賀店,528-0005,甲賀市水口町水口,甲賀市水口町水口６０３８－１ かふかビルディング１階３ 号室,６０３８－１ かふかビルディング１階３ 号室,0748-76-4522,株式会社Ａ’Ｇｒｏｕｐ,R04/07/26,,,,甲賀,5627921.pdf
美容所,ＡＡＬＴＯ Ｈａｉｒ Ｍａｋｅ Ａｔｅｌ ｉｅｒ,520-3233,湖南市柑子袋,湖南市柑子袋１０５９－３,１０５９－３,,木村 弥生,R04/08/08,,,,甲賀,5627921.pdf
美容所,ｅｈｅｕ．ｓ ｐｒｉｖａｔｅ ｅｙｅ ＆ ｂｒｏｗ ｓａｌｏｎ,520-3105,湖南市石部西二丁目,湖南市石部西二丁目７－２５ラフィネ１０６号,７－２５ラフィネ１０６号,,三宅 翔子,R04/11/09,,,,甲賀,5627921.pdf
美容所,さくら美容室,528-0234,甲賀市土山町徳原,甲賀市土山町徳原４５６,４５６,0748-60-6899,川上 美保,R04/11/11,,,,甲賀,5627921.pdf
美容所,ＨＡＬＥ,520-3246,湖南市菩提寺北二丁目,湖南市菩提寺北二丁目５－１３,５－１３,,岡本 文子,R04/11/24,,,,甲賀,5627921.pdf
美容所,Ｐｅｌｓｏｎａ,520-3221,湖南市三雲,湖南市三雲１３６５－２,１３６５－２,,野村 希実,R04/12/09,,,,甲賀,5627921.pdf
美容所,Ｃｈａｉｎｏｎ,528-0063,甲賀市水口町下山,甲賀市水口町下山７４３－６４,７４３－６４,0748-80-1268,中村 志伸,R04/12/12,,,,甲賀,5627921.pdf
美容所,Ｍｉｓｔｏａ ｂｅａｕｔｙ ｓａｌｏｎ,528-0035,甲賀市水口町名坂,甲賀市水口町名坂９０,９０,,前田 美咲希,R05/01/05,,,,甲賀,5627921.pdf
美容所,Ｌｉｍ ｈａｉｒ,520-3234,湖南市中央五丁目,湖南市中央五丁目１６８－１０７,１６８－１０７,0748-69-7771,北垣 雄作,R05/02/28,,,,甲賀,5627921.pdf
美容所,ＬＯＬ ｓａｌｏｎ,528-0049,甲賀市水口町貴生川,甲賀市水口町貴生川１０４,１０４,0748-60-2104,株式会社ＬＯＬ,R05/03/17,,,,甲賀,5627921.pdf
美容所,サロン・ド・イヴ,528-0005,甲賀市水口町水口,甲賀市水口町水口５５９５－１,５５９５－１,0748-62-1149,安達 貞美,R05/05/10,,,,甲賀,5627921.pdf
美容所,ＰＲＩＶＡＴＥ ＳＡＬＯＮ ＥＭＭＡ,520-3201,湖南市下田,湖南市下田２７４４－１１,２７４４－１１,,川北 絵摩,R05/06/08,,,,甲賀,5627921.pdf
美容所,夢屋,529-1836,甲賀市信楽町柞原,甲賀市信楽町柞原４４４,４４４,0748-82-0843,中島 幸,R05/06/14,,,,甲賀,5627921.pdf
美容所,ＣＡＳＡ ＣＯＬＯＲ アルプラザ水口,528-0037,甲賀市水口町本綾野,甲賀市水口町本綾野５６６－１ アルプラザ水口２Ｆ,５６６－１ アルプラザ水口２Ｆ,0748-69-5799,ＣＵホールディングス株式会社,R05/09/28,,,,甲賀,5627921.pdf
美容所,ＡＲＧＨＡ,528-0003,甲賀市水口町和野,甲賀市水口町和野４８５－１,４８５－１,,村木 典子,R05/12/01,,,,甲賀,5627921.pdf
美容所,ｋｉｋｉ ｈａｉｒ ｓａｌｏｎ,520-3322,甲賀市甲南町深川,甲賀市甲南町深川２１７９－１,２１７９－１,,小玉 貴哉,R05/12/05,,,,甲賀,5627921.pdf
美容所,ａｄａ ｈａｉｒ,528-0007,甲賀市水口町新城,甲賀市水口町新城５０７,５０７,0748-62-0062,福田 新,R06/01/31,,,,甲賀,5627921.pdf
美容所,Ｌｕａｎａ ｎｏｕ Ｐｏｎｏ,528-0063,甲賀市水口町下山,甲賀市水口町下山４６０－２,４６０－２,0748-80-1390,井上 沙季子,R06/03/04,,,,甲賀,5627921.pdf
美容所,ＭＡＱＵＩＡ 甲賀甲南店,520-3313,甲賀市甲南町新治,甲賀市甲南町新治１４８５－１ センチュリープラザ １番 館Ｃ号室,１４８５－１ センチュリープラザ １番 館Ｃ号室,050-5530-1127,株式会社ＭＡＱＵＩＡ,R06/04/25,,,,甲賀,5627921.pdf
美容所,ＣＯＬＯＲＦＵＬ,520-3307,甲賀市甲南町野尻,甲賀市甲南町野尻５５８,５５８,0748-69-6830,ＳＡＳＡＴｅｃ合同会社,R06/05/20,,,,甲賀,5627921.pdf
美容所,Ｌｕｎ,528-0063,甲賀市水口町下山,甲賀市水口町下山６９３－２０６,６９３－２０６,,岡部 薫,R06/06/20,,,,甲賀,5627921.pdf
美容所,ＬＡＬＡ ｈａｉｒ ＆ ｇａｒａｇｅ,520-3201,湖南市下田,湖南市下田５１５－２,５１５－２,0748-69-7797,谷 惇多,R06/08/16,,,,甲賀,5627921.pdf
美容所,ｔｏｉｒｏ～わたしの美容室～,528-0026,甲賀市水口町東林口,甲賀市水口町東林口５－６ 藤井ビル１０３,５－６ 藤井ビル１０３,,伊藤 裕美,R07/03/18,,,,甲賀,5627921.pdf
美容所,ＮＯＶＯ ＶＩＳＵＡＬ ＢＥＡＵＴＹ Ｓ ＡＬＯＮ,520-3201,湖南市下田,湖南市下田３３６５－４,３３６５－４,0748-76-3680,ＪＥＳＳＩＣＡ ＡＹＵＭＩ ＲＯＳＡ ＨＡＳＥ ＢＥ,R07/04/02,,,,甲賀,5627921.pdf
美容所,ｍｉｍｉ ｈａｉｒ,520-3248,湖南市菩提寺西四丁目,湖南市菩提寺西四丁目１２－６,１２－６,,村川 美亜,R07/05/27,,,,甲賀,5627921.pdf
美容所,ｐｏｋａ ｌａｓｈ,528-0061,甲賀市水口町笹が丘,甲賀市水口町笹が丘１－１８ リーブス笹が丘Ⅰ ４０１号,１－１８ リーブス笹が丘Ⅰ ４０１号,,奥村 南月,R07/06/23,,,,甲賀,5627921.pdf
美容所,美容室 Ｄｅａｒ．．．,520-3308,甲賀市甲南町野田,甲賀市甲南町野田６００－３,６００－３,0748-86-5075,岸 裕介,R07/08/28,,,,甲賀,5627921.pdf
美容所,ｈａｉｒ ｓａｌｏｎ ｍｕ－ｍｕ,520-3231,湖南市針,湖南市針２２７ ２Ｆ,２２７ ２Ｆ,0748-76-1333,株式会社ＣＨＡ－ＣＨＡ ＨＯＵＳＥ,R07/09/24,,,,甲賀,5627921.pdf
美容所,Ｌａｓｈｉｃａ,528-0038,甲賀市水口町新町一丁 目,甲賀市水口町新町一丁 目５－２９ サンリットコート２０２号,５－２９ サンリットコート２０２号,,内藤 茜,R07/10/07,,,,甲賀,5627921.pdf
美容所,ＫＯＮＯＭＥ,528-0007,甲賀市水口町新城,甲賀市水口町新城５０７,５０７,0748-62-0062,福田 新,R07/10/22,,,,甲賀,5627921.pdf
美容所,Ｅｅｌ,520-3308,甲賀市甲南町野田,甲賀市甲南町野田３１９－４,３１９－４,,松下 千広,R07/11/19,,,,甲賀,5627921.pdf
美容所,ＳＴＵＤＩＯ Ｌｅ ｌｉｅｎ 甲賀店,528-0036,甲賀市水口町東名坂,甲賀市水口町東名坂２７９,２７９,0748-78-0315,谷義産業株式会社,R07/11/27,,,,甲賀,5627921.pdf
美容所,ｍａｒ,520-3223,湖南市夏見,湖南市夏見９６５,９６５,,島田 紬,R07/12/22,,,,甲賀,5627921.pdf
美容所,のばら,520-3426,甲賀市甲賀町田堵野,甲賀市甲賀町田堵野９２２－６,９２２－６,,田中 琴美,R08/01/21,,,,甲賀,5627921.pdf
美容所,いやし処らく 守山店,524-0037,守山市梅田町,守山市梅田町１０－２－２０１,１０－２－２０１,077-535-5890,宮川 竜児,H24/07/26,,,,草津,5627921.pdf
美容所,ａｕｒａ,525-0037,草津市西大路町,草津市西大路町２－３３,２－３３,077-562-2210,株式会社長谷美容室,H24/08/21,,,,草津,5627921.pdf
美容所,ｓｃｈｉｆｆｏｎ,525-0055,草津市野路一丁目,草津市野路一丁目１６－１ アメニティ南草津Ⅷ１Ｆ,１６－１ アメニティ南草津Ⅷ１Ｆ,077-535-8795,前田 潤一,H24/08/31,,,,草津,5627921.pdf
美容所,ｍｏｎ ｃｈｏｕ ｃｈｏｕ,520-2342,野洲市野洲,野洲市野洲１４６３－４ ジャン・ロシェ１０１,１４６３－４ ジャン・ロシェ１０１,077-516-4639,杉村 辰己,H24/09/03,,,,草津,5627921.pdf
美容所,ビューティサロン アコ,525-0005,草津市志那町,草津市志那町３２１,３２１,077-568-1450,吉川 敦子,H24/09/06,,,,草津,5627921.pdf
美容所,リビラブ草津ラウンジ,525-0037,草津市西大路町,草津市西大路町９－１８,９－１８,077-565-3562,株式会社ハートサービス,H24/09/11,,,,草津,5627921.pdf
美容所,Ｓｎｏｂ Ａｎｇｅｌａ,525-0050,草津市南草津一丁目,草津市南草津一丁目２ シャリエパークナード南草津１０１－ Ｂ,２ シャリエパークナード南草津１０１－ Ｂ,077-562-1453,株式会社Ｓｎｏｂ Ｃｏｍｒａｄｅ,H24/09/25,,,,草津,5627921.pdf
美容所,美容室 Ｍｅｒｃｉ,524-0013,守山市下之郷一丁目,守山市下之郷一丁目１３－１８,１３－１８,077-582-3738,泉本 多美江,H24/10/01,,,,草津,5627921.pdf
美容所,加圧トレーニングスタジオ Ｂｏｄｙ ｇｏ ｏ ｌａｂｏ,520-2331,野洲市小篠原,野洲市小篠原２３２１,２３２１,077-575-0179,立田 安弘,H24/09/21,,,,草津,5627921.pdf
美容所,Ｈａｉｒ Ｃｌｏｖｅｒ（ヘアークロー バー）,525-0034,草津市草津四丁目,草津市草津四丁目７－７２,７－７２,077-564-3722,神子 聖子,H24/10/16,,,,草津,5627921.pdf
美容所,Ｌｕｔｅｌｌａ,525-0041,草津市青地町,草津市青地町２３４－６,２３４－６,077-575-0873,小楠 千尋,H24/11/09,,,,草津,5627921.pdf
美容所,美容室ジュリアン,525-0047,草津市追分四丁目,草津市追分四丁目２－９,２－９,077-562-6252,横川 純子,H24/12/12,,,,草津,5627921.pdf
美容所,ｃｌａｓｉｃｏ,520-2333,野洲市栄,野洲市栄５－５ ＯＮビル Ｃ号,５－５ ＯＮビル Ｃ号,077-588-3330,戸田 佳明,H24/12/28,,,,草津,5627921.pdf
美容所,アクティヘアクリニック滋賀ＯＣ,525-0032,草津市大路一丁目,草津市大路一丁目８－１ 南洋軒ビル６Ｆ,８－１ 南洋軒ビル６Ｆ,077-566-1070,株式会社フェミニン,H25/03/25,,,,草津,5627921.pdf
美容所,Ｈａｉｒ Ｍａｋｅ Ｌｉｂｅｒｔｅ,525-0067,草津市新浜町,草津市新浜町３９４－３ エメラルドタウン２－Ｃ,３９４－３ エメラルドタウン２－Ｃ,077-561-1653,髙田 昌明,H25/03/29,,,,草津,5627921.pdf
美容所,Ｈａｉｒ ＋ Ｃａｆｅ しふぉん,524-0102,守山市水保町,守山市水保町１３５５－２８,１３５５－２８,077-585-3501,阪上 千恵,H25/04/30,,,,草津,5627921.pdf
美容所,ｍｅｌｌｏｗ,525-0023,草津市平井一丁目,草津市平井一丁目１９－７ エクセレントＵ １Ｆ,１９－７ エクセレントＵ １Ｆ,077-599-0511,野田 陽,H25/05/09,,,,草津,5627921.pdf
美容所,ｄｉｐｔｙｃｈ,525-0046,草津市追分町,草津市追分町１０９２－１,１０９２－１,077-532-8143,秋道 勝人,H25/06/03,,,,草津,5627921.pdf
美容所,美容室 はなれ野洲,520-2331,野洲市小篠原,野洲市小篠原１０００ アルプラザ野洲１Ｆ,１０００ アルプラザ野洲１Ｆ,077-587-2401,有限会社ランズ,H25/06/12,,,,草津,5627921.pdf
美容所,ｆａｎｆａｒｅ ｈａｉｒ ｄｅｓｉｎｇ,520-2361,野洲市北野一丁目,野洲市北野一丁目８－２３－１０２,８－２３－１０２,077-574-8066,柴田 裕樹,H25/08/02,,,,草津,5627921.pdf
美容所,Ｃｈａｒｍ,524-0037,守山市梅田町,守山市梅田町１０－２－２０２,１０－２－２０２,077-575-3671,合同会社ＬＵＭＥＲＩＥ,H25/08/08,,,,草津,5627921.pdf
美容所,ｏｉｓｅａｕ,525-0071,草津市南笠東一丁目,草津市南笠東一丁目５－１１,５－１１,077-564-5288,河原 恵子,H25/08/12,,,,草津,5627921.pdf
美容所,ヘアー＆エステ ここあ,524-0041,守山市勝部三丁目,守山市勝部三丁目１０－３４,１０－３４,077-582-8556,株式会社近畿予防医学研究所,H25/08/20,,,,草津,5627921.pdf
美容所,美容室サンローズ,525-0066,草津市矢橋町,草津市矢橋町５５１－２,５５１－２,077-516-1230,古賀 茂樹,H25/09/24,,,,草津,5627921.pdf
美容所,ＴｉＴｉ,525-0023,草津市平井一丁目,草津市平井一丁目１４－２２,１４－２２,077-575-3766,竹内 康裕,H25/10/04,,,,草津,5627921.pdf
美容所,ｈａｉｒ ｓａｌｏｎ Ｍａｎｉ,520-3035,栗東市霊仙寺一丁目,栗東市霊仙寺一丁目１０－５ コパンＲ１０３,１０－５ コパンＲ１０３,077-553-6011,日比 幸子,H25/10/29,,,,草津,5627921.pdf
美容所,Ｃｈａｒｉｓ ｈａｉｒ ｄｅｓｉｇｎ,525-0054,草津市東矢倉三丁目,草津市東矢倉三丁目４２－１６ １Ｆ,４２－１６ １Ｆ,077-575-3860,藤原 誠,H25/11/05,,,,草津,5627921.pdf
美容所,ｈａｉｒ ｍａｋｅ ｇｉｖｅ ｃｈａｒｍ,524-0022,守山市守山三丁目,守山市守山三丁目１１－４６ ラ・ベルジュールⅡ１０１,１１－４６ ラ・ベルジュールⅡ１０１,077-532-8295,垂水 美香,H25/11/10,,,,草津,5627921.pdf
美容所,ＦＬｅｕＲｉｒ,524-0002,守山市小島町,守山市小島町８４２－９,８４２－９,077-574-8116,福永 富士子,H25/11/19,,,,草津,5627921.pdf
美容所,ｃｏｌｌｅｃｔｉｏｎ ｃｕｒｅ ｇａｒｄ ｅｎ,525-0059,草津市野路一丁目,草津市野路一丁目１３－３６ 西友南草津店１Ｆ東側,１３－３６ 西友南草津店１Ｆ東側,077-516-1313,竹村 真実子,H25/12/10,,,,草津,5627921.pdf
美容所,Ｈａｉｒ Ｄｅｓｉｇｎ Ｒｕｈｅ,525-0066,草津市矢橋町,草津市矢橋町６５３－７,６５３－７,,堺 勝利,H26/01/27,,,,草津,5627921.pdf
美容所,ＴＲＡＮ９ＵＩＬ ｇｒａｐｈ,525-0037,草津市西大路町,草津市西大路町２－５ 陽好ビル２Ｆ,２－５ 陽好ビル２Ｆ,077-567-8200,株式会社クレステージ,H26/02/26,,,,草津,5627921.pdf
美容所,ＨＥＲＯ 南草津店,525-0055,草津市野路町,草津市野路町６８６ ラフラ館２Ｆ,６８６ ラフラ館２Ｆ,077-564-8872,大池 将貴,H26/03/17,,,,草津,5627921.pdf
美容所,ＨＡＩＲ ＭＡＫＥ ＵＥ２ ＦＬＩＧＨＴ,525-0059,草津市野路一丁目,草津市野路一丁目８－１８ ＥＥビルディング１Ｆ,８－１８ ＥＥビルディング１Ｆ,077-561-7454,有限会社上二美容室,H26/03/20,,,,草津,5627921.pdf
美容所,美容室ピコ,520-2413,野洲市吉地,野洲市吉地１４１６,１４１６,077-589-4645,中島 澄子,H26/03/24,,,,草津,5627921.pdf
美容所,ＯＮＥＵＰ 野洲店,520-2413,野洲市吉地,野洲市吉地６６０－１,６６０－１,077-589-8001,株式会社西洋舎,H26/03/24,,,,草津,5627921.pdf
美容所,ｍａｉｓｏｎ ｄｅ ｌａ ｐａｉｘ,525-0029,草津市下笠町,草津市下笠町６１９－３,６１９－３,077-575-3949,松﨑 麻利,H26/03/28,,,,草津,5627921.pdf
美容所,ヘナ髪質改善（白髪染め・ハイライト・縮毛 矯正)専門店南草津ブラウン・ブラウン,525-0071,草津市南笠東二丁目,草津市南笠東二丁目６－６－２０３,６－６－２０３,077-564-2516,樋口 佳則,H26/03/31,,,,草津,5627921.pdf
美容所,スキャルプケアサロン ビートル守山店,524-0021,守山市吉身一丁目,守山市吉身一丁目３－１３,３－１３,077-574-8853,有限会社デザインスペース,H26/04/03,,,,草津,5627921.pdf
美容所,ＴＨＥ ＳＰＥＣｉＡＬ,520-2423,野洲市西河原,野洲市西河原３１５－１５,３１５－１５,077-575-5233,湯浅 章弘,H26/04/07,,,,草津,5627921.pdf
美容所,美色館ｐｌｕｓ,520-3031,栗東市綣,栗東市綣二丁目４－５ ウイングプラザ１Ｆ,二丁目４－５ ウイングプラザ１Ｆ,077-575-6229,松村 吉成,H26/05/09,,,,草津,5627921.pdf
美容所,Ｅｌｖｉｔａ,520-3026,栗東市下鈎,栗東市下鈎９２７ 大栄建設１Ｆ－Ｂ,９２７ 大栄建設１Ｆ－Ｂ,077-551-0556,株式会社ＩＲＥ,H26/05/23,,,,草津,5627921.pdf
美容所,Ｈａｉｒ＆Ｍａｋｅ ＮＹＮＹ 南草津店,525-0059,草津市野路一丁目,草津市野路一丁目１１－１０ レジデンス壽１階,１１－１０ レジデンス壽１階,077-569-4744,株式会社Aphrodite,H26/06/05,,,,草津,5627921.pdf
美容所,ラ・ボニータ インプルーブ,525-0059,草津市野路一丁目,草津市野路一丁目８－１８ ｅｅビル２Ｆ,８－１８ ｅｅビル２Ｆ,077-567-5557,有限会社トップグレース,H26/06/12,,,,草津,5627921.pdf
美容所,ヒカリ美容室,520-3014,栗東市川辺,栗東市川辺２９４－２３,２９４－２３,077-553-7918,川上 隆,H26/06/20,,,,草津,5627921.pdf
美容所,アリエル,525-0042,草津市山寺町,草津市山寺町１１５４－１９,１１５４－１９,,西村 優子,H26/06/23,,,,草津,5627921.pdf
美容所,Ｍａｅｌ,525-0032,草津市大路一丁目,草津市大路一丁目１６－３４,１６－３４,077-567-5117,安田 雅,H26/07/07,,,,草津,5627921.pdf
美容所,Ｃｕｏｒａ ｂｙ ｇａｎｅｓｈａ,525-0031,草津市若竹町,草津市若竹町８－４１,８－４１,077-599-0812,株式会社ＯＲＥＳＳホールディングス,H26/08/22,,,,草津,5627921.pdf
美容所,ＧＩＲＭＡ,524-0022,守山市守山六丁目,守山市守山六丁目９－８３,９－８３,077-583-2500,山本 浩太,H26/08/29,,,,草津,5627921.pdf
美容所,ｆｅｅｌ ａｕｒａ,525-0032,草津市大路二丁目,草津市大路二丁目１－４１ 太田ビル１Ｆ,１－４１ 太田ビル１Ｆ,077-569-5730,小林 昭雄,H26/09/01,,,,草津,5627921.pdf
美容所,Ｅｙｅｌａｓｈ Ｓａｌｏｎ ＦＥＥＲＩＲ Ｅ,525-0058,草津市野路東六丁目,草津市野路東六丁目３－１ Ｓａｍ１ ２Ｆ,３－１ Ｓａｍ１ ２Ｆ,077-599-0724,トマ（味間） 香代子,H26/09/17,,,,草津,5627921.pdf
美容所,Ｈａｉｒ’ｓ ＫＩＫＫＥＲ,520-3024,栗東市小柿四丁目,栗東市小柿四丁目１３－１６,１３－１６,077-575-7673,宮永 加代子,H26/09/26,,,,草津,5627921.pdf
美容所,Ａｄｄｉｅ,520-2362,野洲市市三宅,野洲市市三宅２３５６,２３５６,077-586-1155,檜田 玲,H26/10/07,,,,草津,5627921.pdf
美容所,ヘアー アトリエ Ａｓｔｅｒｅａ,525-0058,草津市野路東五丁目,草津市野路東五丁目２５－１９ ルーツⅡ ２Ｆ,２５－１９ ルーツⅡ ２Ｆ,077-567-0311,疋田 和樹,H26/10/09,,,,草津,5627921.pdf
美容所,Ｈａａｒ,525-0058,草津市野路東六丁目,草津市野路東六丁目３－１,３－１,077-599-3767,久保 徹弥,H26/12/18,,,,草津,5627921.pdf
美容所,ｇｌｏｉｒｅ ｊｏｕｅｒ,524-0022,守山市守山二丁目,守山市守山二丁目３－７ アスティ上芝野１０１,３－７ アスティ上芝野１０１,077-581-1835,杉本 紘一,H26/12/26,,,,草津,5627921.pdf
美容所,Ｂｌａｎｃｌｉｓ,525-0055,草津市野路町,草津市野路町６８６ ラフラ館３Ｆ,６８６ ラフラ館３Ｆ,077-563-8008,株式会社ブランリス,H29/09/15,,,,草津,5627921.pdf
美容所,ＨＡＩＲＳＡＬＯＮ ＭＡＫＩＮＧ,525-0032,草津市大路一丁目,草津市大路一丁目１７－４１ ファインフラッツ草津ザ・フ ロント１階１０１号室,１７－４１ ファインフラッツ草津ザ・フ ロント１階１０１号室,077-585-9339,木村 太志,H27/01/05,,,,草津,5627921.pdf
美容所,ＰＡＯ ＰＡＯ ｃｕｔ ｈｏｕｓｅ,524-0037,守山市梅田町,守山市梅田町１４－１３ 旭駅前ビル１０２号,１４－１３ 旭駅前ビル１０２号,077-585-9668,早川 操,H27/01/16,,,,草津,5627921.pdf
美容所,サラ かがやき通店,525-0048,草津市追分南六丁目,草津市追分南六丁目２０－１２,２０－１２,077-596-5570,有限会社イマジン,H27/01/26,,,,草津,5627921.pdf
美容所,エフル ｅｆｆｌｅ,520-3034,栗東市小平井三丁目,栗東市小平井三丁目３－２４,３－２４,077-552-2450,奥谷 麻貴,H27/03/20,,,,草津,5627921.pdf
美容所,Ｂｌｕｅ Ｈａｉｒ,525-0066,草津市矢橋町,草津市矢橋町８８４－７,８８４－７,,田村 弓美,H27/03/31,,,,草津,5627921.pdf
美容所,トータルビューティ パーチェ,524-0044,守山市古高町,守山市古高町３９１－３,３９１－３,077-596-3123,桂 浩美,H27/04/10,,,,草津,5627921.pdf
美容所,ＬＩＢＥＲＯ,524-0102,守山市水保町,守山市水保町１３５５－３６,１３５５－３６,077-599-3204,阿部 那津子,H27/04/17,,,,草津,5627921.pdf
美容所,髪剪處,525-0059,草津市野路五丁目,草津市野路五丁目３－３０ 極楽湯内,３－３０ 極楽湯内,077-565-7706,上前 昌之,H27/04/17,,,,草津,5627921.pdf
美容所,Ｅｍｍａ,525-0054,草津市東矢倉一丁目,草津市東矢倉一丁目３－１９,３－１９,077-596-3580,田邉 良,H27/04/21,,,,草津,5627921.pdf
美容所,Ｈａｉｒ＆Ｒｅｌａｘａｔｉｏｎ Ｈａｌｅ ａ,520-3045,栗東市高野,栗東市高野８０５ ビバリーマンション５ １０４号 室,８０５ ビバリーマンション５ １０４号 室,,五十嵐 曉広,H27/04/28,,,,草津,5627921.pdf
美容所,Ａｓｈｌｅｙ,525-0054,草津市東矢倉二丁目,草津市東矢倉二丁目６－８ エンゼルプラザＥａｓｔⅡ ４０ １,６－８ エンゼルプラザＥａｓｔⅡ ４０ １,,谷口 明日香,H27/05/13,,,,草津,5627921.pdf
美容所,ｅｌｌｆ ｈａｉｒ,520-2304,野洲市永原,野洲市永原１１１５－１７,１１１５－１７,077-586-7530,清水 和弘,H27/05/15,,,,草津,5627921.pdf
美容所,パリス・デ・スキン ピエリ守山店,524-0101,守山市今浜町,守山市今浜町２６２０－５ ピエリ守山２Ｆ,２６２０－５ ピエリ守山２Ｆ,077-584-3553,平澤 勝宏,H28/09/02,,,,草津,5627921.pdf
美容所,ＡＬＩＣＥ,525-0023,草津市平井一丁目,草津市平井一丁目１１－６,１１－６,077-596-5344,米谷 祐亮,H27/06/10,,,,草津,5627921.pdf
美容所,マナーハウス写風舘,524-0101,守山市今浜町,守山市今浜町２５７４－４,２５７４－４,077-584-3322,株式会社醍醐,H27/07/15,,,,草津,5627921.pdf
美容所,Ｐｕｒｅｌｙ－Ｐｕｒｅｌｙ,520-3024,栗東市小柿四丁目,栗東市小柿四丁目５－９,５－９,077-552-7893,日江井 弘美,H27/07/15,,,,草津,5627921.pdf
美容所,ｃｏｓｓｏｔｔ’ｅ,520-2365,野洲市竹ヶ丘,野洲市竹ヶ丘１０－２０,１０－２０,,石橋 あゆみ,H27/07/29,,,,草津,5627921.pdf
美容所,ＨＡＩＲ ｓｏｉｎ,520-3013,栗東市目川,栗東市目川８４５－１,８４５－１,077-575-8405,笠原 綾子,H27/07/30,,,,草津,5627921.pdf
美容所,ＨＡＩＲ ＳＴＵＤＩＯ ＩＷＡＳＡＫＩ,520-3015,栗東市安養寺八丁目,栗東市安養寺八丁目１－１２ フレンドマート栗東１階,１－１２ フレンドマート栗東１階,077-554-1170,株式会社ハクブン,H27/08/20,,,,草津,5627921.pdf
美容所,Ｒａｆ．ｈａｉｒ,525-0027,草津市野村四丁目,草津市野村四丁目４－２,４－２,077-576-0719,片木 佳奈恵,H27/10/01,,,,草津,5627921.pdf
美容所,髪染本舗 レインボーロード店,520-3041,栗東市出庭,栗東市出庭１８１７－２,１８１７－２,077-575-7697,ハングアウト株式会社,H27/10/23,,,,草津,5627921.pdf
美容所,ｎｏｈｅａ,520-3031,栗東市綣三丁目,栗東市綣三丁目８－２３ グレーシィ栗東セレージュ,８－２３ グレーシィ栗東セレージュ,077-598-1338,株式会社ａｎｕｅｎｕｅ,H27/11/11,,,,草津,5627921.pdf
美容所,Ａｌｉｃｉａ ｈａｉｒ,525-0032,草津市大路二丁目,草津市大路二丁目１６－２２ 中村ハイツ１Ｆ－Ａ,１６－２２ 中村ハイツ１Ｆ－Ａ,077-562-8323,木下 成一,H27/11/19,,,,草津,5627921.pdf
美容所,きれいやプラスワン,520-3045,栗東市高野,栗東市高野５００－１０,５００－１０,077-552-7987,久保 美子,H27/11/24,,,,草津,5627921.pdf
美容所,Ｍ＆Ｐ．ｓ（エムあんどピース）,525-0028,草津市上笠二丁目,草津市上笠二丁目２７－５ ハッピー六原内,２７－５ ハッピー六原内,077-562-2738,安彦 義樹,H27/11/19,,,,草津,5627921.pdf
美容所,ＫＡＩＮＯ イオンモール草津店,525-0067,草津市新浜町,草津市新浜町３００ イオンモール草津１Ｆ,３００ イオンモール草津１Ｆ,077-516-2211,株式会社ＫＡＩＮＯｉｎｔｅｒｎａｔｉｏｎａ ｌ,H27/11/25,,,,草津,5627921.pdf
美容所,Ｓｐｒｅａｄ Ｈａｉｒ ｄｅｓｉｇｎ,520-3031,栗東市綣,栗東市綣一丁目３－６ アメニティ栗東店舗２号,一丁目３－６ アメニティ栗東店舗２号,077-598-0223,岡田 竜介,H27/11/25,,,,草津,5627921.pdf
美容所,Ｒａｉｎｂｏｗ,520-3014,栗東市川辺,栗東市川辺７８－１ カーサ・ソレアードＳ２０２号 室,７８－１ カーサ・ソレアードＳ２０２号 室,,東 涼菜,H27/12/04,,,,草津,5627921.pdf
美容所,ＨＡＩＲ ＳＴＵＤＩＯ ＩＷＡＳＡＫＩ,524-0002,守山市小島町,守山市小島町１３７１－１ バロー守山小島店内,１３７１－１ バロー守山小島店内,077-598-0443,株式会社ハクブン,H27/12/10,,,,草津,5627921.pdf
美容所,ＶＥＲＡＮＯ,520-3024,栗東市小柿八丁目,栗東市小柿八丁目３－９,３－９,050-3559-6669,夏山 智香,H27/12/24,,,,草津,5627921.pdf
美容所,プライベートサロン ティタティタ,520-3016,栗東市小野,栗東市小野２６５－１３,２６５－１３,,株式会社ファミーユ,H27/12/25,,,,草津,5627921.pdf
美容所,ｐｕｒ・ｖｅ,520-3035,栗東市霊仙寺六丁目,栗東市霊仙寺六丁目１１－１,１１－１,,前田 留美,H28/01/13,,,,草津,5627921.pdf
美容所,Ａｃｏ Ｈａｉｒ Ａｔｅｌｉｅｒ,525-0047,草津市追分三丁目,草津市追分三丁目１－１６,１－１６,077-535-0420,雨森 奈未,H28/01/12,,,,草津,5627921.pdf
美容所,Ｒｅｌｉｅｆ Ｈａｉｒ Ｓａｌｏｎ,520-2423,野洲市西河原,野洲市西河原２３３９,２３３９,077-584-4919,井藤 優,H28/02/10,,,,草津,5627921.pdf
美容所,ＨＡＩＲ ＭＡＧＩＣ Ｒｉｎ’,520-3045,栗東市高野,栗東市高野８００ ビバリーマンションⅢ１０２,８００ ビバリーマンションⅢ１０２,077-596-5430,橋元 恵子,H28/02/22,,,,草津,5627921.pdf
美容所,パレット ピエリ守山店,524-0101,守山市今浜町,守山市今浜町２６２０－５,２６２０－５,077-599-3115,北村 精万,H28/02/26,,,,草津,5627921.pdf
美容所,ｔｉｈｉ,520-3025,栗東市中沢二丁目,栗東市中沢二丁目１１－１０,１１－１０,,下元 将悟,H28/03/01,,,,草津,5627921.pdf
美容所,Ｂｅｌｌｅ Ｅ’ｑｕｉｐｅ,525-0058,草津市野路東二丁目,草津市野路東二丁目２－１２ ドーミトゥリィ南草津１Ｆ,２－１２ ドーミトゥリィ南草津１Ｆ,077-567-7201,山下 訓生,H28/03/22,,,,草津,5627921.pdf
美容所,ＡＣＣＯＬＥ ｑｕａｌｉｔｅ,525-0032,草津市大路一丁目,草津市大路一丁目１４－１ 伽羅コート壱番館,１４－１ 伽羅コート壱番館,077-564-7407,有限会社レガロ,H28/03/28,,,,草津,5627921.pdf
美容所,Ａｇｕ ｈａｉｒ ｆｌｅｕｒ,525-0055,草津市野路町,草津市野路町６８６ ラフラ館１Ｆ,６８６ ラフラ館１Ｆ,077-598-5085,株式会社ａｇｉｒ,H28/04/04,,,,草津,5627921.pdf
美容所,Ｌｉｌａ,525-0031,草津市若竹町,草津市若竹町１－３１ ひばりビル４Ｆ,１－３１ ひばりビル４Ｆ,077-599-0813,伊佐治 亜里,H28/04/18,,,,草津,5627921.pdf
美容所,ｅｘ－ｆａヘアーエステαスパ,525-0032,草津市大路二丁目,草津市大路二丁目１１－７ ビレッヂワカバ２Ｆ,１１－７ ビレッヂワカバ２Ｆ,077-596-3530,有限会社ラ・リヴィエール,H28/04/26,,,,草津,5627921.pdf
美容所,小さな美容室 ｕｋａ,520-3016,栗東市小野,栗東市小野２８７－１,２８７－１,,古野 幸佑,H28/04/26,,,,草津,5627921.pdf
美容所,ｂｌｉｎｃ,525-0055,草津市野路町,草津市野路町４４１ サンクリエートムネ１Ｆ－Ａ,４４１ サンクリエートムネ１Ｆ－Ａ,077-509-9741,奥村 隆広,H28/05/12,,,,草津,5627921.pdf
美容所,美容プラージュ イオンタウン野洲店,520-2435,野洲市乙窪,野洲市乙窪４８０－１,４８０－１,077-589-2078,阪南理美容株式会社,H28/05/19,,,,草津,5627921.pdf
美容所,ＰｕＲ Ｂｒｉｌｌｅｒ,524-0102,守山市水保町,守山市水保町１１８７－５,１１８７－５,0775-35-0103,小川 清美,H28/05/23,,,,草津,5627921.pdf
美容所,ｃａｐｒｏ,524-0021,守山市吉身二丁目,守山市吉身二丁目８－１６－１０３,８－１６－１０３,077-599-3470,株式会社ｎｅｏｓ,H28/06/06,,,,草津,5627921.pdf
美容所,ｈａｉｒ ｍａｋｅ ＢＬＵＥ,524-0046,守山市今宿一丁目,守山市今宿一丁目２－８－１,２－８－１,077-596-3550,門林 結香,H28/09/01,,,,草津,5627921.pdf
美容所,Ｒｅｌｉｃ,524-0045,守山市金森町,守山市金森町５６－５,５６－５,077-576-7890,大石 哲也,H28/09/02,,,,草津,5627921.pdf
美容所,ＦＯＵＲＨＡＵＳ＋ｎ,525-0059,草津市野路一丁目,草津市野路一丁目５－１５ アメニティ南草津１階,５－１５ アメニティ南草津１階,077-569-5595,株式会社クレステージ,H28/09/30,,,,草津,5627921.pdf
美容所,ｈａｉｒ ｓｔａｔｉｏｎ ＨａＬｅ’Ｌ． Ａ,525-0054,草津市東矢倉四丁目,草津市東矢倉四丁目１４－６ スチューデントＨＩＲＯＳＥ １Ｆ,１４－６ スチューデントＨＩＲＯＳＥ １Ｆ,077-564-1020,岡野 将也,H28/10/11,,,,草津,5627921.pdf
美容所,Ｌａ ｖｉｅ Ｂｅｌｌｅ（美容所）,524-0002,守山市小島町,守山市小島町１６６２－３ ２Ｆ,１６６２－３ ２Ｆ,077-509-9821,石井 康雄,H28/10/14,,,,草津,5627921.pdf
美容所,Ａｇｕ ｈａｉｒ ｆｌｏｌａ（アグヘアー フローラ）,525-0031,草津市若竹町,草津市若竹町１－５ センタービル１階,１－５ センタービル１階,077-596-5644,株式会社ａｇｉｒ,H28/11/28,,,,草津,5627921.pdf
美容所,ボディ キッチン 美容所,525-0027,草津市野村一丁目,草津市野村一丁目３－７,３－７,077-569-5552,上原 里恵子,H28/11/28,,,,草津,5627921.pdf
美容所,ヘアサロン リノ,520-3005,栗東市御園,栗東市御園１１８９－１,１１８９－１,077-507-2893,三浦 知恵美,H28/12/07,,,,草津,5627921.pdf
美容所,ヘアースペース メイプル,520-3015,栗東市安養寺八丁目,栗東市安養寺八丁目３－１３,３－１３,,宇野 栄子,H29/01/12,,,,草津,5627921.pdf
美容所,請川美容室,525-0034,草津市草津一丁目,草津市草津一丁目２０－４３,２０－４３,077-564-5550,請川 君子,H29/01/31,,,,草津,5627921.pdf
美容所,ｈａｉｒ ｒｏｏｍ ｓｈｉ－ｎｏ,525-0055,草津市野路町,草津市野路町１２３７,１２３７,,青山 しのぶ,H29/01/31,,,,草津,5627921.pdf
美容所,Ｄｏｕｃｅｕｒ,525-0048,草津市追分南一丁目,草津市追分南一丁目１－２６ メゾンエスプリ１０１,１－２６ メゾンエスプリ１０１,077-599-6144,西尾 咲栄,H29/02/03,,,,草津,5627921.pdf
美容所,マイアンジェリーク栗東店,520-3024,栗東市小柿七丁目,栗東市小柿七丁目８－１１ Ｋ佳ビル３０１,８－１１ Ｋ佳ビル３０１,077-552-3187,マイアンジェリーク株式会社,H29/02/14,,,,草津,5627921.pdf
美容所,ｕｒｓｕｓ ｈａｉｒ Ｄｅｓｉｇｎ 南草 津店,525-0059,草津市野路一丁目,草津市野路一丁目４－１９ アメニティ南草津Ⅲ１０１,４－１９ アメニティ南草津Ⅲ１０１,077-565-3070,株式会社ヘッドライト,H29/02/24,,,,草津,5627921.pdf
美容所,ｈａｉｒ ｃａｒｒｅｆｏｕｒ,525-0041,草津市青地町,草津市青地町６２１－１,６２１－１,077-509-8240,東田 英之,H29/03/10,,,,草津,5627921.pdf
美容所,ｈａｉｒ ｍｕ－ｔｅ,520-2331,野洲市小篠原,野洲市小篠原１８００－８,１８００－８,077-587-5517,株式会社ＮＡＲＩＴＡ,H29/03/10,,,,草津,5627921.pdf
美容所,ｆｌｅｕｒｉ,524-0016,守山市荒見町,守山市荒見町３３１－１１,３３１－１１,077-576-8008,草間 康一,H29/03/15,,,,草津,5627921.pdf
美容所,Ｅｘ－Ｃａｍｐｂｅｌｌ 南草津店,525-0055,草津市野路町,草津市野路町６８６ ラフラ館２Ｆ,６８６ ラフラ館２Ｆ,077-567-1260,株式会社ＲＩＣＯ ＬＡＳＨ,H29/03/17,,,,草津,5627921.pdf
美容所,髪染本舗 かがやき店,525-0048,草津市追分南一丁目,草津市追分南一丁目１－２４,１－２４,077-599-0720,ジーズアップ株式会社,H29/03/28,,,,草津,5627921.pdf
美容所,ＭＩＹＡ ｈａｉｒｃｌｉｎｉｃ＆ｄｅｓｉ ｇｎ,525-0055,草津市野路町,草津市野路町４４５６－６ コーポ中嶋１０１,４４５６－６ コーポ中嶋１０１,077-516-4566,有限会社ラ・リヴィエール,H29/03/31,,,,草津,5627921.pdf
美容所,Ａｇｕ ｈａｉｒ ｌｏｒｅｎ,524-0033,守山市浮気町,守山市浮気町３００－１５ グランドメゾン守山１０９ 号室,３００－１５ グランドメゾン守山１０９ 号室,077-596-5790,株式会社ａｇｉｒ,H29/04/07,,,,草津,5627921.pdf
美容所,ＭＡＱＵＩＡ 草津店,525-0032,草津市大路一丁目,草津市大路一丁目１２－１ 星空館２Ｆ,１２－１ 星空館２Ｆ,077-569-5377,株式会社ＭＡＱＵＩＡ,H29/04/07,,,,草津,5627921.pdf
美容所,Ｈａｉｒ ｅｌａｎ,524-0013,守山市下之郷三丁目,守山市下之郷三丁目１－１５－９,１－１５－９,077-514-0075,株式会社エラン,H29/05/01,,,,草津,5627921.pdf
美容所,ピローズ,520-3017,栗東市六地蔵,栗東市六地蔵９９７,９９７,,林 宏美,H29/05/10,,,,草津,5627921.pdf
美容所,ヘアーメイク ピリアー,520-3031,栗東市綣二丁目,栗東市綣二丁目２－３４－１１０,２－３４－１１０,077-554-1607,野洲 聖司,H29/05/09,,,,草津,5627921.pdf
美容所,ＥＡＲＴＨ／Ａ草津エイスクエア店,525-0025,草津市西渋川一丁目,草津市西渋川一丁目２３－３ エイスクエアＳＡＲＡ東館２Ｆ,２３－３ エイスクエアＳＡＲＡ東館２Ｆ,077-574-8669,株式会社Ｌｕｃｅ,H29/06/05,,,,草津,5627921.pdf
美容所,Ｍａｔｓｕｄａ,525-0047,草津市追分三丁目,草津市追分三丁目１０－１５,１０－１５,077-566-5014,松田 明美,H29/06/29,,,,草津,5627921.pdf
美容所,エンジェルハンズ,524-0041,守山市勝部一丁目,守山市勝部一丁目１－１７ 近江鉄道ビル１階,１－１７ 近江鉄道ビル１階,077-583-8466,前岡 ひろ美,H29/07/24,,,,草津,5627921.pdf
美容所,ＲＩＴＵＥＬ ＆ ＭＯＲＩＳ + ｎ,524-0022,守山市守山六丁目,守山市守山六丁目１６－２ フロントパーク守山１Ｆ,１６－２ フロントパーク守山１Ｆ,077-514-2780,株式会社クレステージ,H29/07/31,,,,草津,5627921.pdf
美容所,Ｐｅｏｎｙ Ｂｌｏｏｍｓ,525-0027,草津市野村六丁目,草津市野村六丁目１１－４ コンフォーレＴ３ ２０３,１１－４ コンフォーレＴ３ ２０３,077-596-3668,辻辺 久美子,H29/09/08,,,,草津,5627921.pdf
美容所,ＫＡＮＡＲＩＡＹＡ ２ｎｄ,525-0048,草津市追分南三丁目,草津市追分南三丁目２１－４,２１－４,077-599-3664,城本 尚希,H29/09/14,,,,草津,5627921.pdf
美容所,Ｌｕａｎａ,520-3031,栗東市綣,栗東市綣三丁目１４－１４ ロワイヤル谷１Ｆ,三丁目１４－１４ ロワイヤル谷１Ｆ,050-1225-6897,横山 幸祐,H29/09/29,,,,草津,5627921.pdf
美容所,ラブロ ｓａｌｏｎ,525-0025,草津市西渋川一丁目,草津市西渋川一丁目１６－５１ パステルエイト２Ｆ,１６－５１ パステルエイト２Ｆ,077-599-0110,仲山 ちぇす,H29/10/11,,,,草津,5627921.pdf
美容所,Ｂｒｕｇｇｅ,524-0041,守山市勝部五丁目,守山市勝部五丁目６－２３ 竹中ビル２Ｆ,６－２３ 竹中ビル２Ｆ,077-598-1398,尾花 有希,H29/10/20,,,,草津,5627921.pdf
美容所,Ｒｏｓｅａ ここあ草津,525-0032,草津市大路一丁目,草津市大路一丁目４－２５,４－２５,077-567-7021,株式会社近畿予防医学研究所,H29/10/30,,,,草津,5627921.pdf
美容所,Ｌｉｖｅ’ｓ,525-0044,草津市岡本町,草津市岡本町７６１－３,７６１－３,077-576-7655,中川 百代,H29/10/30,,,,草津,5627921.pdf
美容所,ＬＵＤＡＮ,524-0041,守山市勝部四丁目,守山市勝部四丁目３－１１ マイリーアン１０２,３－１１ マイリーアン１０２,077-515-6139,穴見 千佳,H29/11/02,,,,草津,5627921.pdf
美容所,ＳＯＹＯＮ南草津,525-0050,草津市南草津一丁目,草津市南草津一丁目１－５ アーバンホテル南草津１階,１－５ アーバンホテル南草津１階,077-585-9518,株式会社ａｇｉｒ,H29/11/02,,,,草津,5627921.pdf
美容所,さよさんちの美容室,524-0015,守山市矢島町,守山市矢島町１２３５－１,１２３５－１,077-576-5679,成田 差世,H29/11/02,,,,草津,5627921.pdf
美容所,Ｓｏｉ－ｍｅｍｅ,524-0021,守山市吉身三丁目,守山市吉身三丁目１９－８,１９－８,077-576-7824,松本 崇史,H29/11/17,,,,草津,5627921.pdf
美容所,美容室ボイス,520-2313,野洲市大篠原,野洲市大篠原１８６６－１,１８６６－１,077-586-6333,守川 博敏,H30/02/01,,,,草津,5627921.pdf
美容所,ｓｃａｌｐ ｃａｒｅ ｓａｌｏｎ Ｂｅｅ ｔｌｅ,524-0016,守山市荒見町,守山市荒見町２１９－１５,２１９－１５,077-509-7355,白井 佳代,H30/02/09,,,,草津,5627921.pdf
美容所,ヘアーサロン アトリエ 京,524-0102,守山市水保町,守山市水保町１２５５－２７０,１２５５－２７０,077-585-4196,川上 京子,H30/02/08,,,,草津,5627921.pdf
美容所,ｆｌｅｕｒｉｒ,520-3024,栗東市小柿十丁目,栗東市小柿十丁目１６－６,１６－６,077-596-3016,小野 綾子,H30/02/09,,,,草津,5627921.pdf
美容所,ｈｉｌｅａｌｏ,520-3015,栗東市安養寺七丁目,栗東市安養寺七丁目１－２２ ２Ｆ,１－２２ ２Ｆ,077-553-1183,株式会社ａｎｕｅｎｕｅ,H30/02/20,,,,草津,5627921.pdf
美容所,ｈａｉｒ Ｌｃｉａ,525-0059,草津市野路六丁目,草津市野路六丁目８－２８ ＭＮＫ－２ ２Ｆ,８－２８ ＭＮＫ－２ ２Ｆ,077-564-1877,田中 誠,H30/03/29,,,,草津,5627921.pdf
美容所,ＢＡＳＥ ｏｆ ＸＡＲＩＴＥＳ,525-0032,草津市大路二丁目,草津市大路二丁目１－４３ Ｍ’ｓビルディング大路 ２Ｆ,１－４３ Ｍ’ｓビルディング大路 ２Ｆ,077-599-3373,株式会社ｎｅｏｓ,H30/03/26,,,,草津,5627921.pdf
美容所,Ｌｉｎｎｅ,520-3023,栗東市坊袋,栗東市坊袋１５６－３ ハートフルフィオーレ１０１,１５６－３ ハートフルフィオーレ１０１,077-576-2893,川﨑 莉沙,H30/03/30,,,,草津,5627921.pdf
美容所,Ｂｅａｕｔｙ Ｃｏｌｏｒ Ｐｌｕｓ ア ル・プラザ栗東店,520-3031,栗東市綣二丁目,栗東市綣二丁目３－２２ アル・プラザ栗東店 ２階,３－２２ アル・プラザ栗東店 ２階,077-585-9079,株式会社リビアス,H30/04/06,,,,草津,5627921.pdf
美容所,美容室 ＢＩＪＩＮ,520-3024,栗東市小柿五丁目,栗東市小柿五丁目１７－１０,１７－１０,077-576-0613,小倉 拓也,H30/03/30,,,,草津,5627921.pdf
美容所,ａｔｅｌｉｅｒ,525-0036,草津市草津町,草津市草津町１６６０－３,１６６０－３,077-574-8411,中西 忍,H30/04/13,,,,草津,5627921.pdf
美容所,ａｂｕｓ ａｐａｒｔｍｅｎｔ,525-0059,草津市野路九丁目,草津市野路九丁目９－２８,９－２８,077-566-3171,猿渡 武士,H30/04/10,,,,草津,5627921.pdf
美容所,ＩＬＡＲＩ,520-3016,栗東市小野,栗東市小野９１９－３,９１９－３,,木山 裕子,H30/04/16,,,,草津,5627921.pdf
美容所,ｋｉｋｉ ｈａｉｒ,520-3012,栗東市岡,栗東市岡３７３－１,３７３－１,077-554-0620,株式会社ＫＣＢ－ＰＲＯＪＥＣＴ,H30/05/15,,,,草津,5627921.pdf
美容所,Ｎｅｏｅｓｔ Ｌｏｇ,524-0104,守山市木浜町,守山市木浜町１８６６,１８６６,077-599-0663,竹内 真璃菜,H30/06/06,,,,草津,5627921.pdf
美容所,Ｍｕｌｅ,525-0031,草津市若竹町,草津市若竹町５－１０ マイネブルク １Ｆ－Ｂ,５－１０ マイネブルク １Ｆ－Ｂ,077-598-5114,松村 康平,H30/06/19,,,,草津,5627921.pdf
美容所,ａｏｕｌｉ,525-0054,草津市東矢倉二丁目,草津市東矢倉二丁目５－２４ アメニティ草津１０４,５－２４ アメニティ草津１０４,077-509-7677,八代 賢治,H30/11/01,,,,草津,5627921.pdf
美容所,Ｇｒａｎｄ Ａｒｒａｎｇｅ,520-2342,野洲市野洲,野洲市野洲９３５,９３５,077-586-6814,株式会社アレンジ,H30/07/04,,,,草津,5627921.pdf
美容所,ＨＡＩＲ’Ｓ Ｍ,520-3047,栗東市手原四丁目,栗東市手原四丁目５－１２,５－１２,,有限会社フォレスタ,H30/07/02,,,,草津,5627921.pdf
美容所,ＶＩＡＲＥ（ヴィアル）,524-0045,守山市金森町,守山市金森町４５８,４５８,077-582-1253,合同会社Ｓｙｍｐａｔｈｙ,H30/08/07,,,,草津,5627921.pdf
美容所,ｄ：ｃ Ｒｉｍｕｎｉ,524-0022,守山市守山二丁目,守山市守山二丁目１３－１０,１３－１０,077-599-5454,有限会社ケー・エス・アイ,H30/09/06,,,,草津,5627921.pdf
美容所,ｈａｉｒ ｓａｌｏｎ ｅｎ,524-0022,守山市守山三丁目,守山市守山三丁目９－１１,９－１１,077-599-3801,株式会社ｅｎ,H30/09/07,,,,草津,5627921.pdf
美容所,ビューティラボ 草津店,525-0032,草津市大路一丁目,草津市大路一丁目１１－８ ジュンビル３Ｆ,１１－８ ジュンビル３Ｆ,077-567-8620,株式会社勇気,H30/10/26,,,,草津,5627921.pdf
美容所,美容室ビートル 草津店,525-0029,草津市下笠町,草津市下笠町５４８－３,５４８－３,077-568-4655,株式会社ヒロセホールディングス,H30/10/10,,,,草津,5627921.pdf
美容所,Ｌ．Ａ ＢＡＲ ＢＥＲ ＳＨＯＰ,525-0041,草津市青地町,草津市青地町７４３ １Ｆ,７４３ １Ｆ,077-509-7586,岡野 将也,H30/10/19,,,,草津,5627921.pdf
美容所,美容室 ＣｏＣｏｎ,520-3016,栗東市小野,栗東市小野６８７,６８７,077-554-4177,青木 美恵,H30/10/10,,,,草津,5627921.pdf
美容所,ｈａｉｒ ｍｉｎｋ,520-2352,野洲市冨波乙,野洲市冨波乙６８１－４２,６８１－４２,077-586-1423,奥村 千晴,H30/10/26,,,,草津,5627921.pdf
美容所,ＪＡＰ ｉｎｔｅｒｎａｔｉｏｎａｌ Ｓ ｓａｌｏｎ,520-3035,栗東市霊仙寺一丁目,栗東市霊仙寺一丁目１－４３,１－４３,077-552-0282,株式会社Ｓｕｋｅ,H30/10/22,,,,草津,5627921.pdf
美容所,Ｈａｉｒ Ｌａｕｎａ,524-0014,守山市石田町,守山市石田町２５５－７,２５５－７,077-584-4514,納所 泉,H30/10/30,,,,草津,5627921.pdf
美容所,ＮＯＯＲ,520-3016,栗東市小野,栗東市小野９１９－６,９１９－６,,鎌田 理恵,H30/11/07,,,,草津,5627921.pdf
美容所,ｅｍｏｔｉｏｎ,525-0048,草津市追分南一丁目,草津市追分南一丁目１－１４,１－１４,077-561-7307,田中 陽一,H30/10/26,,,,草津,5627921.pdf
美容所,ヘアーショップ ＰＩＥＧＡ,525-0032,草津市大路一丁目,草津市大路一丁目１８－２３,１８－２３,077-562-1668,大森 王仁,H30/11/07,,,,草津,5627921.pdf
美容所,Ｌｅｓ’ｖｉ’ｃｌａｉｒ,525-0023,草津市平井一丁目,草津市平井一丁目５－５,５－５,077-598-1151,今村 桂子,H30/12/14,,,,草津,5627921.pdf
美容所,Ｌａｎａ,525-0026,草津市渋川一丁目,草津市渋川一丁目７－６ ＬＡスクエアＷＥＳＴ １Ｆ,７－６ ＬＡスクエアＷＥＳＴ １Ｆ,,松宮 三恵,H30/12/27,,,,草津,5627921.pdf
美容所,ｆｒａｎｃｅｓｃａ ｅｙｅｌａｓｈ,525-0071,草津市南笠東一丁目,草津市南笠東一丁目１４－３６ エムズスクエア１０１号室,１４－３６ エムズスクエア１０１号室,077-596-5246,・向 顕子,H30/12/25,,,,草津,5627921.pdf
美容所,Ｈａｉｒ Ｄｅｓｉｇｎ ＲＩＮＡＫＡＭＩ,520-2423,野洲市西河原,野洲市西河原２５１３ 西河原マリーンハイツ１０１,２５１３ 西河原マリーンハイツ１０１,077-585-9929,巽 竜,H31/01/18,,,,草津,5627921.pdf
美容所,ｅｙｅｌａｓｈ ｓａｌｏｎ ａｙ,520-2331,野洲市小篠原,野洲市小篠原１１１１－１ ロイヤルコーポヤス３０５ 号,１１１１－１ ロイヤルコーポヤス３０５ 号,,田 彩香,H30/12/28,,,,草津,5627921.pdf
美容所,Ｅｘ－Ｃａｍｐｂｅｌｌ～ｅｙｅｌａｓｈ～ 草津店,525-0037,草津市西大路町,草津市西大路町６－６ 西川ビル２階,６－６ 西川ビル２階,077-509-7778,株式会社ＲＩＣＯ ＬＡＳＨ,H31/01/08,,,,草津,5627921.pdf
美容所,ｕｌｕｌａ,525-0028,草津市上笠二丁目,草津市上笠二丁目５－６ セベリアーノ２０３,５－６ セベリアーノ２０３,077-599-0636,大菅 三菜美,H31/01/31,,,,草津,5627921.pdf
美容所,カームハウス あんくるトム,524-0016,守山市荒見町,守山市荒見町８８－１０,８８－１０,,荒川 富也,H31/02/05,,,,草津,5627921.pdf
美容所,ｒｏｏｔ,525-0047,草津市追分一丁目,草津市追分一丁目５－１４,５－１４,077-563-5505,株式会社メロメ,H31/02/06,,,,草津,5627921.pdf
美容所,Ｃｈａｒｍ 南草津店,525-0059,草津市野路一丁目,草津市野路一丁目１６－１３ アメニティ南草津Ⅴ１０－５ －１,１６－１３ アメニティ南草津Ⅴ１０－５ －１,077-535-5890,山田 晋也,H31/03/14,,,,草津,5627921.pdf
美容所,ｈｅａｌｉｎｇ ｓｐａｃｅ～癒しの空間～ はる,520-2361,野洲市北野一丁目,野洲市北野一丁目１－１８ アルタンスビル１Ｆ,１－１８ アルタンスビル１Ｆ,077-588-0247,合同会社あい和,H31/03/29,,,,草津,5627921.pdf
美容所,ジュリア・オージェ 近鉄百貨店草津店,525-0026,草津市渋川一丁目,草津市渋川一丁目１－５０ 近鉄百貨店草津店４Ｆ,１－５０ 近鉄百貨店草津店４Ｆ,077-561-3646,株式会社アートネイチャー,H31/04/03,,,,草津,5627921.pdf
美容所,ｃｏｔｏ ｈａｉｒ,520-2361,野洲市北野一丁目,野洲市北野一丁目１２－２６,１２－２６,077-588-0445,川﨑 剛史,H31/04/09,,,,草津,5627921.pdf
美容所,Ａｐｈｒｏｄｉｔｅ,524-0021,守山市吉身一丁目,守山市吉身一丁目３－１３,３－１３,077-599-3663,荒川 七重,H31/04/25,,,,草津,5627921.pdf
美容所,ヘアカラー専門店ｆｕｆｕ モリーブ守山店,524-0012,守山市播磨田町,守山市播磨田町１８５－１ モリーブ守山 ２Ｆ,１８５－１ モリーブ守山 ２Ｆ,077-598-6402,株式会社Ｆａｓｔ Ｂｅａｕｔｙ,H31/04/09,,,,草津,5627921.pdf
美容所,Ｌｉｌａ 草津店,525-0031,草津市若竹町,草津市若竹町１－３１ ひばりビル２Ｆ,１－３１ ひばりビル２Ｆ,077-599-0813,株式会社ＯＲＥＳＳ,R01/05/27,,,,草津,5627921.pdf
美容所,Ｎｉｃｏ ｈａｉｒ ｓａｌｏｎ,524-0046,守山市今宿二丁目,守山市今宿二丁目１１－１９,１１－１９,077-509-7457,株式会社真花,R01/06/11,,,,草津,5627921.pdf
美容所,コネクト,525-0032,草津市大路一丁目,草津市大路一丁目２－１７ ＲｏｏｍｓＯｏｊｉ７０３,２－１７ ＲｏｏｍｓＯｏｊｉ７０３,,北垣 雄作,R01/05/29,,,,草津,5627921.pdf
美容所,Ｅ－ｒｏｏｍ,520-2332,野洲市妙光寺,野洲市妙光寺２４４,２４４,,山田 恵美子,R01/06/11,,,,草津,5627921.pdf
美容所,Ｌａ ｒｅｉｎｅ ｂｙ ＨＡＳＥ,524-0022,守山市守山一丁目,守山市守山一丁目６－１２－１０２,６－１２－１０２,077-582-3153,有限会社長谷美容室守山店,R01/06/21,,,,草津,5627921.pdf
美容所,ｎａｉａ,524-0022,守山市守山四丁目,守山市守山四丁目６－１８ リンデンハイム１Ｆ,６－１８ リンデンハイム１Ｆ,077-582-4567,株式会社ａｎｕｅｎｕｅ,R01/06/26,,,,草津,5627921.pdf
美容所,ＬＵＡＮＡ,525-0059,草津市野路八丁目,草津市野路八丁目２２－１９,２２－１９,598-0012,奥井 康,R01/07/17,,,,草津,5627921.pdf
美容所,Ｓｈｉｎｅ ｂｅａｕｔｙ,525-0059,草津市野路五丁目,草津市野路五丁目６－３８ ＥＭ１０２２ １０５,６－３８ ＥＭ１０２２ １０５,,山本 昌美,R01/07/11,,,,草津,5627921.pdf
美容所,ｈａｉｒｓ ＪＩＫＵ,524-0022,守山市守山六丁目,守山市守山六丁目１７－４６,１７－４６,077-582-8809,藤原 三紀子,R01/07/03,,,,草津,5627921.pdf
美容所,Ｒｉｍ ｈａｉｒ’ｓ ＢＥＡＵ ｇｒｏｕ ｐ,524-0021,守山市吉身二丁目,守山市吉身二丁目８－１６,８－１６,077-599-3377,有限会社エイト,R01/07/31,,,,草津,5627921.pdf
美容所,Ｋｏｋｅｍｕｓ ｈａｉｒ ｗｏｒｋｓ,520-2316,野洲市上屋,野洲市上屋１３４８－１１,１３４８－１１,,福永 由希,R01/09/19,,,,草津,5627921.pdf
美容所,ビューティーアイラッシュ近鉄百貨店草津店,525-0026,草津市渋川一丁目,草津市渋川一丁目１－５０ 近鉄百貨店草津店 ４Ｆ,１－５０ 近鉄百貨店草津店 ４Ｆ,077-516-4699,株式会社リビアス,R01/08/28,,,,草津,5627921.pdf
美容所,タマ美容室,524-0037,守山市梅田町,守山市梅田町４－２６ ジェイグラン守山１Ｆ,４－２６ ジェイグラン守山１Ｆ,077-582-2383,堀池 智裕,R01/10/09,,,,草津,5627921.pdf
美容所,Ｃｈａｒｍ 草津東口店,525-0032,草津市大路二丁目,草津市大路二丁目１－３２１－４ ２Ｆ,１－３２１－４ ２Ｆ,077-535-5890,Ｃｈａｒｍ Ｊａｐａｎ株式会社,R01/09/30,,,,草津,5627921.pdf
美容所,ｒｕｆｕｒｅ ｈａｉｒ,525-0032,草津市大路一丁目,草津市大路一丁目１－１－１１５,１－１－１１５,077-561-0150,本庄 章人,R01/10/03,,,,草津,5627921.pdf
美容所,ｃｏｍｍｅ ｍｏｉ,525-0034,草津市草津三丁目,草津市草津三丁目１３－６６,１３－６６,077-576-6511,美馬 直美,R01/10/03,,,,草津,5627921.pdf
美容所,ヘアークリニック ヴァン・ドウ,520-2352,野洲市冨波乙,野洲市冨波乙６９０－３,６９０－３,077-587-5180,北村 久美子,R01/10/11,,,,草津,5627921.pdf
美容所,ＣＬＡＮ,524-0045,守山市金森町,守山市金森町５９－３ Ｒｉｖｅｒｓｉｄｅ ＢＬＤ １Ｆ,５９－３ Ｒｉｖｅｒｓｉｄｅ ＢＬＤ １Ｆ,077-514-0080,佐治 徳実,R01/11/22,,,,草津,5627921.pdf
美容所,Ｔｈｉｒｄ Ｐｌａｃｅ,524-0022,守山市守山六丁目,守山市守山六丁目１４－１ 北野マンション１－Ｃ,１４－１ 北野マンション１－Ｃ,077-596-3882,新居 直人,R01/11/27,,,,草津,5627921.pdf
美容所,Ｄｅａｒｓ 南草津店,525-0055,草津市野路町,草津市野路町４６８－１ パビヨン南草津Ⅱ １Ｆ,４６８－１ パビヨン南草津Ⅱ １Ｆ,077-598-1232,板谷 晴子,R01/11/27,,,,草津,5627921.pdf
美容所,奏 ｒｅｌａｘａｔｉｏｎ ｂｅａｕｔｙ ｓａｌｏｎ,524-0004,守山市笠原町,守山市笠原町９８３－６,９８３－６,077-535-4870,福岡 真由美,R01/11/29,,,,草津,5627921.pdf
美容所,ＴＨＥ ＧＵＥＳＴ ＣＡＲＥ,520-3024,栗東市小柿六丁目,栗東市小柿六丁目１－２２ ２０３号,１－２２ ２０３号,077-553-3331,佐々木 克和,R01/12/06,,,,草津,5627921.pdf
美容所,Ｌｅ ｐｅｔｉｔ ｂｏｎｈｅｕｒ,520-3026,栗東市下鈎,栗東市下鈎１１９５－１１４,１１９５－１１４,077-553-4022,福山 弘晃,R01/12/27,,,,草津,5627921.pdf
美容所,ＰＬＡＳＴＹ,520-3015,栗東市安養寺二丁目,栗東市安養寺二丁目６－５ ａｐビル１Ｆ,６－５ ａｐビル１Ｆ,077-553-3266,伊藤 満,R02/01/17,,,,草津,5627921.pdf
美容所,ｆｅｌｉｍ 草津店,525-0037,草津市西大路町,草津市西大路町３－８ ジュモオネティ２Ｆ,３－８ ジュモオネティ２Ｆ,077-561-0313,株式会社Ｍ＆Ｋ,R02/01/10,,,,草津,5627921.pdf
美容所,ネイルズココ,525-0048,草津市追分南五丁目,草津市追分南五丁目１５－３７,１５－３７,077-558-8840,株式会社デンタルトラスト,R02/01/22,,,,草津,5627921.pdf
美容所,Ｓｔａｒ,520-2352,野洲市冨波乙,野洲市冨波乙３３５－１２,３３５－１２,,大西 梨紗,R02/01/28,,,,草津,5627921.pdf
美容所,Ｃａｃｈｅｔｔｅ Ｌｉｅｎ,525-0067,草津市新浜町,草津市新浜町４０５－１１,４０５－１１,077-576-5668,中島 亜希子,R02/01/28,,,,草津,5627921.pdf
美容所,Ｒ．Ａ．Ｔ ｈａｉｒ＆ＳＰＡ,520-3031,栗東市綣,栗東市綣七丁目１４－３,七丁目１４－３,077-553-7888,服部 遼,R02/02/10,,,,草津,5627921.pdf
美容所,ｍ－ｌｉｎｋｓ,520-3047,栗東市手原三丁目,栗東市手原三丁目４－３１,４－３１,077-552-0011,株式会社かぎて屋,R02/02/18,,,,草津,5627921.pdf
美容所,ＨＡＩＲ ＮＩＫＯ,520-3025,栗東市中沢二丁目,栗東市中沢二丁目１６－４４,１６－４４,077-532-1280,東 健太,R02/02/21,,,,草津,5627921.pdf
美容所,カットコムズ 近鉄草津店,525-0026,草津市渋川一丁目,草津市渋川一丁目１－５０ 近鉄百貨店草津店２階,１－５０ 近鉄百貨店草津店２階,,前川 政光,R02/02/21,,,,草津,5627921.pdf
美容所,ガーデニア（クリスタル）,525-0050,草津市南草津二丁目,草津市南草津二丁目３－６,３－６,077-565-2222,佐渡山 千尋,R02/02/28,,,,草津,5627921.pdf
美容所,ｈａｉｒ ｓａｌｏｎ ＡＵＲＡ,520-2351,野洲市冨波甲,野洲市冨波甲１０８８－１,１０８８－１,077-575-6544,株式会社ＵＮＯ,R02/03/03,,,,草津,5627921.pdf
美容所,ＲＡＹＭ,525-0032,草津市大路一丁目,草津市大路一丁目１７－７,１７－７,077-516-9772,林 亜妃子,R02/03/10,,,,草津,5627921.pdf
美容所,Ｒｕｔａ,524-0021,守山市吉身二丁目,守山市吉身二丁目９－２７ 伊勢屋ビル １０３,９－２７ 伊勢屋ビル １０３,077-598-1777,鎌田 啓吾,R02/03/31,,,,草津,5627921.pdf
美容所,ｄｏｚｅ ｈａｉｒ ｗｏｒｋｓ,524-0064,守山市森川原町,守山市森川原町２３－３２,２３－３２,077-535-5176,中村 友哉,R02/03/31,,,,草津,5627921.pdf
美容所,ＣＥＮＴＲＡＬ＋ｎ,525-0032,草津市大路一丁目,草津市大路一丁目９－１ クロスアべニュー １Ｆ Ａ１０ ８,９－１ クロスアべニュー １Ｆ Ａ１０ ８,077-565-6755,株式会社クレステージ,R02/04/07,,,,草津,5627921.pdf
美容所,Ｊｕｊｕｒ ｈａｔｉ,520-3003,栗東市荒張,栗東市荒張９９６－１０５,９９６－１０５,077-516-4038,鈴本 玲,R02/03/31,,,,草津,5627921.pdf
美容所,Ｇｒａｃｅ Ｌａｓｈ,525-0055,草津市野路町,草津市野路町４５７－１ ヴィラ・ハーベスト１０５,４５７－１ ヴィラ・ハーベスト１０５,077-599-3711,河村 桂子,R02/04/14,,,,草津,5627921.pdf
美容所,ＬＡＴＥ ｔｏｋｙｏ,525-0037,草津市西大路町,草津市西大路町３－１９ 森川ビル３階,３－１９ 森川ビル３階,077-565-8727,株式会社ＳＯＷ,R02/04/16,,,,草津,5627921.pdf
美容所,Ｒｏｓｅａ,525-0032,草津市大路一丁目,草津市大路一丁目８－１５,８－１５,077-561-0661,株式会社近畿予防医学研究所,R02/04/23,,,,草津,5627921.pdf
美容所,日替サロンＴａｌｌｙ,525-0055,草津市野路町,草津市野路町３００１ めるべーゆ杉１０１号室,３００１ めるべーゆ杉１０１号室,077-566-3456,株式会社タリー,R02/04/21,,,,草津,5627921.pdf
美容所,Ａｔｅｌｉｅｒ Ｃａｌｅｎｄｒｉｅｒ,520-3014,栗東市川辺,栗東市川辺３０８－１７,３０８－１７,077-515-7111,塩田 素子,R02/04/30,,,,草津,5627921.pdf
美容所,Ａｇｕ ｈａｉｒ ｒｅｆｌｅｔ,520-3031,栗東市綣,栗東市綣４－１２－１６ アクアリンピア１Ｆ,４－１２－１６ アクアリンピア１Ｆ,077-574-8070,株式会社ｂ－ｌｉｇｈｔ,R02/06/05,,,,草津,5627921.pdf
美容所,ＣＲＥＡＲ ＢＹ ＴＨＲＥＥ ＥＬＥＰＨ ＡＮＴ,525-0025,草津市西渋川一丁目,草津市西渋川一丁目１－４ マルウチ２０２号室,１－４ マルウチ２０２号室,077-596-3027,株式会社クラシカルサポート,R02/06/12,,,,草津,5627921.pdf
美容所,ｃｈｅｚ ｍｏｉ！,520-3013,栗東市目川,栗東市目川４６５－５ ２階,４６５－５ ２階,,山田 理紗,R02/06/08,,,,草津,5627921.pdf
美容所,Ｌｉｚｏｌａ,524-0201,野洲市吉川,野洲市吉川１４０８,１４０８,077-598-0226,吉川 いづみ,R02/06/17,,,,草津,5627921.pdf
美容所,髪匠 ＭＩＹＡＢＩ,525-0053,草津市矢倉二丁目,草津市矢倉二丁目３５－５,３５－５,077-565-9595,有限会社ＦＩＸ－ＵＰ,R02/07/01,,,,草津,5627921.pdf
美容所,ｓｃｈｉｆｆｏｎ,525-0059,草津市野路一丁目,草津市野路一丁目１６－１ アメニティ南草津８－１０３,１６－１ アメニティ南草津８－１０３,077-535-8795,矢野 淳子,R02/07/01,,,,草津,5627921.pdf
美容所,Ｈａｉｒ Ｓｐａｃｅ いるくじ＋ｏｎｅ,525-0028,草津市上笠四丁目,草津市上笠四丁目３４－３０－９,３４－３０－９,077-535-5387,西田 園子,R02/07/10,,,,草津,5627921.pdf
美容所,ＦＥＸＩＡ ｈａｉｒ ｓｔｏｒｙ,525-0023,草津市平井一丁目,草津市平井一丁目１３－１０,１３－１０,077-569-5528,株式会社ＦＥＸＩＡ,R02/07/31,,,,草津,5627921.pdf
美容所,Ｂｅａｕｔｙ ｓａｌｏｎ Ｅｙｅｄｅａ－,524-0041,守山市勝部五丁目,守山市勝部五丁目３－２９ ２Ｆ,３－２９ ２Ｆ,,齋藤 知世,R02/08/12,,,,草津,5627921.pdf
美容所,女性専用サロン Ａｎｓｕｒ ｍｉｍｉ南草 津店,525-0059,草津市野路五丁目,草津市野路五丁目１－３,１－３,077-562-2263,株式会社ＯＲＥＳＳホールディングス,R02/09/03,,,,草津,5627921.pdf
美容所,ｄｏｔ．ｔｏｋｙｏ南草津店,525-0059,草津市野路一丁目,草津市野路一丁目７－２１ リベリー南草津２０９,７－２１ リベリー南草津２０９,077-564-5664,株式会社ＯＲＥＳＳホールディングス,R02/09/10,,,,草津,5627921.pdf
美容所,Ｒｉｖｏｒｏ,524-0021,守山市吉身六丁目,守山市吉身六丁目４－１３,４－１３,077-599-1352,梅野 博明,R02/09/29,,,,草津,5627921.pdf
美容所,Ｗ ｈａｉｒ＆ｓｐａ,525-0048,草津市追分南五丁目,草津市追分南五丁目１０－１８,１０－１８,077-516-4293,株式会社インフィクス,R02/11/18,,,,草津,5627921.pdf
美容所,ヘアー インフィクス,525-0027,草津市野村二丁目,草津市野村二丁目１－１２ バンジャール西大路,１－１２ バンジャール西大路,077-599-0345,株式会社インフィクス,R02/11/18,,,,草津,5627921.pdf
美容所,ｐｒｕｎｅ,520-3024,栗東市小柿六丁目,栗東市小柿六丁目１－２２ Ｗｉｔｈ ｉｎ Ｂａｍｂｏｏ １０５,１－２２ Ｗｉｔｈ ｉｎ Ｂａｍｂｏｏ １０５,,株式会社ＰＲＵＮＥ,R02/12/03,,,,草津,5627921.pdf
美容所,Ａｍｏｕｒ,524-0101,守山市今浜町,守山市今浜町２２２７－１,２２２７－１,077-532-1895,土田 圭世,R02/11/24,,,,草津,5627921.pdf
美容所,Ｅｍｍｉｅ ｎａｉｌ ａｎｄ ｅｙｅ ｌ ａｓｈ,520-3026,栗東市下鈎,栗東市下鈎２７－１ ＺＥＲＯ ＧＡＴＥ栗東２０１,２７－１ ＺＥＲＯ ＧＡＴＥ栗東２０１,,川 あかね,R02/11/24,,,,草津,5627921.pdf
美容所,Ｌａ ｆｉｔｈ ｈａｉｒ 南草津店,525-0059,草津市野路一丁目,草津市野路一丁目１０－９ エランビタールⅢ テナント２ ０１号,１０－９ エランビタールⅢ テナント２ ０１号,077-598-5083,株式会社Ｄｃｒｅｗｓ,R02/12/04,,,,草津,5627921.pdf
美容所,Ｍａｉｓｏｎ ｍａｍａｎ,524-0033,守山市浮気町,守山市浮気町３００－１５ グランドメゾン３－１２０,３００－１５ グランドメゾン３－１２０,,吉田 まみ,R02/12/09,,,,草津,5627921.pdf
美容所,ｈａｉｒ ｓａｌｏｎ ｅｎ,524-0046,守山市今宿三丁目,守山市今宿三丁目４－２,４－２,077-599-3801,株式会社ｅｎ,R03/02/18,,,,草津,5627921.pdf
美容所,スマートカラーＫｉｒｅｉ アル・プラザ草 津店,525-0025,草津市西渋川一丁目,草津市西渋川一丁目２３－１ アル・プラザ草津２Ｆ,２３－１ アル・プラザ草津２Ｆ,077-596-5460,アイビ株式会社,R02/12/14,,,,草津,5627921.pdf
美容所,リヒトヘアー Ｌｉｃｈｔｈａｉｒ,524-0043,守山市二町町,守山市二町町７－１０,７－１０,077-582-6111,山田 和樹,R03/01/20,,,,草津,5627921.pdf
美容所,ａｉｒ ｐｕｔｉｈ ＥＬＬＥＭ,520-3015,栗東市安養寺八丁目,栗東市安養寺八丁目３－４,３－４,077-554-3777,矢野 友隆,R03/01/01,,,,草津,5627921.pdf
美容所,ＫＩＲＥＩ,525-0025,草津市西渋川一丁目,草津市西渋川一丁目１－４ マルウチ３０１,１－４ マルウチ３０１,077-563-7760,株式会社ＪＡＭ,R03/01/08,,,,草津,5627921.pdf
美容所,Ｎｏｅｌｌａ,525-0055,草津市野路町,草津市野路町６８３－６－１０３,６８３－６－１０３,077-599-1102,株式会社Ｎｏｅｌｌａ,R03/01/12,,,,草津,5627921.pdf
美容所,Ｈａｉｒ ｍａｋｅ ｃ’ｅｓｔ ｃｈｏｕ ｅｔｔｅ,524-0104,守山市木浜町,守山市木浜町１５２－１８,１５２－１８,,宮城 純子,R03/02/15,,,,草津,5627921.pdf
美容所,ｅｄｇｅ ＨＡＩＲ ＷＯＲＫＳ,524-0012,守山市播磨田町,守山市播磨田町３０３８－１,３０３８－１,077-575-2399,吉田 智幸,R03/02/15,,,,草津,5627921.pdf
美容所,ｅｃｌａｔ ｈａｉｒ’ｓ ＢＥＡＵ ｇｒ ｏｕｐ,525-0027,草津市野村二丁目,草津市野村二丁目１０－２３,１０－２３,077-585-9919,有限会社エイト,R03/02/26,,,,草津,5627921.pdf
美容所,ヘアーデザイン ｋｉｚｕｎａ,525-0027,草津市野村四丁目,草津市野村四丁目１０－１６,１０－１６,077-516-0227,株式会社Ｍａｋａｌｏａ,R03/02/25,,,,草津,5627921.pdf
美容所,ＤＩＤＩＥＲ ＋ｎ,524-0041,守山市勝部一丁目,守山市勝部一丁目２－２６,２－２６,077-583-7780,株式会社クレステージ,R03/03/01,,,,草津,5627921.pdf
美容所,ｍａ ｃｈｅｒｉｅ ｂｙ ＨＡＳＥ,525-0032,草津市大路一丁目,草津市大路一丁目６－１３,６－１３,077-562-0259,有限会社ビューティーサロン長谷,R03/03/09,,,,草津,5627921.pdf
美容所,ＨＡＬＥ ｈａｉｒ ｗｏｒｋｓ,524-0052,守山市大門町,守山市大門町２７９－７,２７９－７,077-576-6525,瀧内 真美子,R03/03/12,,,,草津,5627921.pdf
美容所,ｍｕｋｕ －ｏｒｇａｎｉｃ ｈａｉｒ－,525-0065,草津市橋岡町,草津市橋岡町１４４－９,１４４－９,,竹村 夕樹,R03/04/16,,,,草津,5627921.pdf
美容所,笑 ｅｍｉ,525-0025,草津市西渋川二丁目,草津市西渋川二丁目６－８８,６－８８,,大村 郁子,R03/04/15,,,,草津,5627921.pdf
美容所,ｈａｉｒ－ｓａｌｏｎ Ｚｅｒｏ,520-2331,野洲市小篠原,野洲市小篠原２２２０－２ エヌハイム１Ｆ,２２２０－２ エヌハイム１Ｆ,,作田 洸平,R03/04/27,,,,草津,5627921.pdf
美容所,女性専用サロン Ａｎｓｕｒ ｍｉｍｉ 草 津店,525-0037,草津市西大路町,草津市西大路町３－１９ Ｍビル２Ｆ,３－１９ Ｍビル２Ｆ,077-563-2300,株式会社ＯＲＥＳＳホールディングス,R03/04/27,,,,草津,5627921.pdf
美容所,ＥＹＥＬＡＳＨ ＳＡＬＯＮ Ｂｌａｉｒ,520-3015,栗東市安養寺七丁目,栗東市安養寺七丁目２－１２ センチュリー２階Ｂ号室,２－１２ センチュリー２階Ｂ号室,,市田 真琴,R03/04/30,,,,草津,5627921.pdf
美容所,Ａｔｅ ｅｙｅｌａｓｈ,524-0064,守山市森川原町,守山市森川原町２３－３９,２３－３９,,西村 有貴,R03/05/18,,,,草津,5627921.pdf
美容所,ｍｉｃｈｅｌ,524-0041,守山市勝部四丁目,守山市勝部四丁目３－１１ ４０２号室,３－１１ ４０２号室,,服部 早紀,R03/05/18,,,,草津,5627921.pdf
美容所,ｈａｉｒ ｓｔｏｒｙ ＦＥＸＩＡ－ｄｉ,525-0048,草津市追分南四丁目,草津市追分南四丁目２－３ ＫＡＧＡＹＡＫＩテラス１Ｆ－Ｃ Ｄ,２－３ ＫＡＧＡＹＡＫＩテラス１Ｆ－Ｃ Ｄ,077-565-7788,株式会社ＦＥＸＩＡ,R03/05/31,,,,草津,5627921.pdf
美容所,ＮＩＤＩＶＯ,525-0058,草津市野路東五丁目,草津市野路東五丁目１６－１９ サンロイヤルニシヤマ１Ｆ,１６－１９ サンロイヤルニシヤマ１Ｆ,077-564-0001,二宮 大地,R03/06/14,,,,草津,5627921.pdf
美容所,＆,525-0027,草津市野村二丁目,草津市野村二丁目２－１ ソネット草津１０５号室,２－１ ソネット草津１０５号室,077-564-6338,株式会社ｅｍｕｓｅ,R03/06/03,,,,草津,5627921.pdf
美容所,ビューティスタジオ ツジ,524-0201,野洲市吉川,野洲市吉川１２５６,１２５６,077-589-3165,(cid:19292) 恭子,R03/06/30,,,,草津,5627921.pdf
美容所,ｌｉｎｏ 守山店,524-0042,守山市焔魔堂町,守山市焔魔堂町１２１－１,１２１－１,077-599-3813,株式会社ａｎｕｅｎｕｅ,R03/07/15,,,,草津,5627921.pdf
美容所,ａｎｏｎｅ,525-0034,草津市草津三丁目,草津市草津三丁目１３－５６ 辻ビル１０３,１３－５６ 辻ビル１０３,,合同会社ａｎｏｎｅ,R03/07/05,,,,草津,5627921.pdf
美容所,ｓｏｕｒｉｒｅ,525-0031,草津市若竹町,草津市若竹町１－５ センタービル３０５,１－５ センタービル３０５,,川 あかね,R03/07/01,,,,草津,5627921.pdf
美容所,Ｌｉ ｂｏｎｄｓ,524-0022,守山市守山六丁目,守山市守山六丁目１－４４ 元町ビル１ＦＡ,１－４４ 元町ビル１ＦＡ,077-599-0188,荒木 保宏,R03/08/02,,,,草津,5627921.pdf
美容所,ｂｅａｕｔｙ ｓｐａｃｅ Ｌｕｃｉ,520-3031,栗東市綣,栗東市綣二丁目２－３４ ウイング・ビュー２０３,二丁目２－３４ ウイング・ビュー２０３,,小西 里実,R03/07/21,,,,草津,5627921.pdf
美容所,ｕｒｓｕｓ ｂｙ ＨＥＡＤＬＩＧＨＴ 草 津店,525-0032,草津市大路一丁目,草津市大路一丁目１１－８ ジュンビル２階２号室,１１－８ ジュンビル２階２号室,077-564-3220,株式会社ヘッドライト,R03/07/28,,,,草津,5627921.pdf
美容所,ｆｌｏｗｅｒ,520-3024,栗東市小柿七丁目,栗東市小柿七丁目４－７,４－７,077-554-5701,株式会社Ｍａｋａｌｏａ,R03/08/19,,,,草津,5627921.pdf
美容所,Ｗ,525-0034,草津市草津二丁目,草津市草津二丁目１０－２２,１０－２２,,株式会社インフィクス,R03/08/20,,,,草津,5627921.pdf
美容所,Ｈａｉｒ ｒｅｌａｘａｔｉｏｎ Ｐｏｎｏ,520-2331,野洲市小篠原,野洲市小篠原１１７３－２,１１７３－２,077-587-1188,田中 雄一,R03/09/29,,,,草津,5627921.pdf
美容所,ｍａｂｌｅ,525-0033,草津市東草津一丁目,草津市東草津一丁目４－４,４－４,077-509-7302,猿渡 武士,R03/09/02,,,,草津,5627921.pdf
美容所,Ｅｔｏｌ ｂｙ ｇａｎｅｓｈａ,520-2331,野洲市小篠原,野洲市小篠原１５６２－１０ １階,１５６２－１０ １階,077-588-0131,株式会社ＳＯＷ,R03/09/17,,,,草津,5627921.pdf
美容所,エイブル美容室,525-0059,草津市野路一丁目,草津市野路一丁目８－５,８－５,077-567-2828,株式会社ＪＩＮＥＮ,R03/09/15,,,,草津,5627921.pdf
美容所,ｅｌｆ,524-0041,守山市勝部四丁目,守山市勝部四丁目１０８８ ＢＵＢＵＢＵ ２Ｆ,１０８８ ＢＵＢＵＢＵ ２Ｆ,077-574-8358,穴見 千佳,R03/10/04,,,,草津,5627921.pdf
美容所,Ｆｒｅｒｅ ｈａｉｒ,525-0027,草津市野村二丁目,草津市野村二丁目１－１２ バンジャール西大路,１－１２ バンジャール西大路,077-563-8131,加藤 猛,R03/09/22,,,,草津,5627921.pdf
美容所,ｉｍｅ 草津店,525-0023,草津市平井一丁目,草津市平井一丁目８－２ 平井ＢＬＤＧ２Ｆ,８－２ 平井ＢＬＤＧ２Ｆ,077-561-8550,矢野 椎太,R03/10/01,,,,草津,5627921.pdf
美容所,ＴａｔｏｔｅＡ,525-0028,草津市上笠四丁目,草津市上笠四丁目２３－１０,２３－１０,077-598-1488,秋 真弓,R04/04/20,,,,草津,5627921.pdf
美容所,Ｈａｉｒ Ｄｒｅｓｓｅｒ ＴｉＣＡ,524-0001,守山市川田町,守山市川田町４１９－３,４１９－３,077-582-2345,株式会社セレンディピティ,R03/11/04,,,,草津,5627921.pdf
美容所,ＳＥＰＴ ＮＡＩＬ 草津店,525-0025,草津市西渋川一丁目,草津市西渋川一丁目１－１８ イーカムビル３０１号,１－１８ イーカムビル３０１号,077-566-1444,株式会社ＳＥＰＴ,R03/11/02,,,,草津,5627921.pdf
美容所,ｃｈｅｒｉｃｉａ,524-0012,守山市播磨田町,守山市播磨田町３８６－２,３８６－２,,石井 康雄,R03/10/21,,,,草津,5627921.pdf
美容所,スマートカラーＫｉｒｅｉ フェリエ南草津 店,525-0059,草津市野路一丁目,草津市野路一丁目１５－５－１Ｆ,１５－５－１Ｆ,077-599-3388,アイビ株式会社,R03/11/02,,,,草津,5627921.pdf
美容所,スマイルビューティー チャチャ,524-0104,守山市木浜町,守山市木浜町１６３０－１,１６３０－１,077-575-1165,株式会社ウラキュウ,R03/10/25,,,,草津,5627921.pdf
美容所,Ｆａｖｅ,525-0059,草津市野路七丁目,草津市野路七丁目６－２１,６－２１,,田中 優,R03/12/23,,,,草津,5627921.pdf
美容所,ＣＨＥＬＳＥＡ,524-0022,守山市守山六丁目,守山市守山六丁目８－３７,８－３７,077-596-3990,株式会社ｐｅｐｉｎ,R03/11/17,,,,草津,5627921.pdf
美容所,ｅｍｍｙ,525-0066,草津市矢橋町,草津市矢橋町４５２－１,４５２－１,077-596-5166,Ａｍｉ株式会社,R03/12/10,,,,草津,5627921.pdf
美容所,ａｃｏｃｏ,520-2361,野洲市北野一丁目,野洲市北野一丁目１２－１６ ２階,１２－１６ ２階,,大本 朝香,R03/12/01,,,,草津,5627921.pdf
美容所,ＭＩＬＫ,525-0059,草津市野路五丁目,草津市野路五丁目６－４,６－４,077-584-5969,北林 圭介,R03/12/03,,,,草津,5627921.pdf
美容所,土川田８号線,520-2332,野洲市妙光寺,野洲市妙光寺２０５,２０５,077-587-0696,土川 規予子,R03/12/14,,,,草津,5627921.pdf
美容所,株式会社Ｌｕｕ Ｓｔｅｌｌａ,520-3024,栗東市小柿六丁目,栗東市小柿六丁目２－２６,２－２６,,株式会社Ｌｕｕ Ｓｔｅｌｌａ,R04/02/02,,,,草津,5627921.pdf
美容所,＿ＷＨＩＴＥ栗東店,520-3015,栗東市安養寺六丁目,栗東市安養寺六丁目１－４４ エフアイビル１Ａ号室,１－４４ エフアイビル１Ａ号室,050-8883-5844,株式会社アールズ,R04/01/25,,,,草津,5627921.pdf
美容所,Ｒｅ Ｅｙｅｓ ＋,520-3041,栗東市出庭,栗東市出庭１７２－１,１７２－１,,黒﨑 涼太,R04/01/19,,,,草津,5627921.pdf
美容所,Ｌｉｌａ守山店,524-0033,守山市浮気町,守山市浮気町３２１－１６ サンシャインビル１０２,３２１－１６ サンシャインビル１０２,077-598-0904,株式会社ＯＲＥＳＳ,R04/01/31,,,,草津,5627921.pdf
美容所,ビューティーラボ南草津店,525-0050,草津市南草津一丁目,草津市南草津一丁目１－５ Ｇｒａｎｄ Ｍａｒｒｙ Ｂｅｌ ｌｓｔ１０１,１－５ Ｇｒａｎｄ Ｍａｒｒｙ Ｂｅｌ ｌｓｔ１０１,,株式会社勇気,R04/02/21,,,,草津,5627921.pdf
美容所,Ｌｉｌａ南草津店,525-0059,草津市野路一丁目,草津市野路一丁目１２－４１ クレアトゥール２１ １－Ｂ 号室,１２－４１ クレアトゥール２１ １－Ｂ 号室,077-562-3111,株式会社ＯＲＥＳＳ,R04/02/02,,,,草津,5627921.pdf
美容所,Ｍｏｅｉｌ,524-0022,守山市守山四丁目,守山市守山四丁目５－１ セルフィーユ守山１０３号,５－１ セルフィーユ守山１０３号,,中尾 麻衣,R04/02/02,,,,草津,5627921.pdf
美容所,髪質改善専門店．Ｌｉｌｙ,525-0025,草津市西渋川一丁目,草津市西渋川一丁目１－１８ イーカムビル１階１０２号室,１－１８ イーカムビル１階１０２号室,077-598-0556,株式会社Ｙ’ＳＫ．ＤＯＢ,R04/02/07,,,,草津,5627921.pdf
美容所,Ｈａｉｒ＆ｅｙｅｌａｓｈ ＡＭＡＮＤＡ,525-0027,草津市野村一丁目,草津市野村一丁目１－３ ロイヤルハイツ吉田２０２,１－３ ロイヤルハイツ吉田２０２,077-572-9667,神山 安希奈,R04/02/09,,,,草津,5627921.pdf
美容所,ＪＯＷＡ,525-0048,草津市追分南三丁目,草津市追分南三丁目２１－４ ２Ｆ,２１－４ ２Ｆ,,目片 夏実,R04/02/15,,,,草津,5627921.pdf
美容所,ｔ・ｔｅ,525-0025,草津市西渋川一丁目,草津市西渋川一丁目１４－９ ＡＰＥＸ ＦＬＡＴ １－Ａ,１４－９ ＡＰＥＸ ＦＬＡＴ １－Ａ,077-598-6538,株式会社点閃,R04/02/24,,,,草津,5627921.pdf
美容所,ＲＩＰＬＡＹ ｂｙ ｅｘ－ｆａ ｆｏｒ ｍｅｎ,525-0032,草津市大路一丁目,草津市大路一丁目１６－３,１６－３,077-514-8665,株式会社Ｍ．Ｄ ｗｏｒｋｓ,R04/03/07,,,,草津,5627921.pdf
美容所,カットコムズ守山店,524-0012,守山市播磨田町,守山市播磨田町１８５－１ ｍｏｌｉｖｅ ２階,１８５－１ ｍｏｌｉｖｅ ２階,,前川 政光,R04/03/04,,,,草津,5627921.pdf
美容所,ｈａｉｒａｒｉｕｍ,525-0013,草津市新堂町,草津市新堂町３８－１０,３８－１０,,今村 圭悠,R04/03/04,,,,草津,5627921.pdf
美容所,ｃｉｌｕｍｉ,525-0028,草津市上笠四丁目,草津市上笠四丁目２－２８ 疋田ビル ２Ｆ,２－２８ 疋田ビル ２Ｆ,,山本 ちひろ,R04/03/24,,,,草津,5627921.pdf
美容所,ｈａｉｒ ｄｅｓｉｇｎ ｃｈｅｒｉｅｎ,525-0028,草津市上笠四丁目,草津市上笠四丁目４－１８フレンドマート上笠店,４－１８フレンドマート上笠店,077-596-3648,大山 祐子,R04/03/30,,,,草津,5627921.pdf
美容所,Ｃｈａｒｍｅ,520-3041,栗東市出庭,栗東市出庭１６３８－９,１６３８－９,,木澤 君加,R04/03/28,,,,草津,5627921.pdf
美容所,ｎａｎａ,524-0104,守山市木浜町,守山市木浜町１５９－６,１５９－６,,南 麻衣,R04/04/06,,,,草津,5627921.pdf
美容所,Ｎ°１９,525-0032,草津市大路二丁目,草津市大路二丁目１－２７ 伽羅ガーデンスクエア１Ｆ Ｎ ｏ１９,１－２７ 伽羅ガーデンスクエア１Ｆ Ｎ ｏ１９,077-565-4787,株式会社Ｎｏ１９,R04/03/30,,,,草津,5627921.pdf
美容所,ＳＴＯＲＹ,525-0036,草津市草津町,草津市草津町１９０３－１２,１９０３－１２,077-566-0906,喜多下 能成,R04/05/02,,,,草津,5627921.pdf
美容所,ＡＬＬｅ’ＭＥ,525-0031,草津市若竹町,草津市若竹町２－２７－１,２－２７－１,,西村 孝宏,R04/04/19,,,,草津,5627921.pdf
美容所,ｈａｉｒ ｓａｌｏｎ Ａｎｅｌａ,525-0066,草津市矢橋町,草津市矢橋町１０５－１ カーサ・ソラッツオ弐番館 １Ｆ,１０５－１ カーサ・ソラッツオ弐番館 １Ｆ,050-8884-0866,上田 正輝,R04/05/06,,,,草津,5627921.pdf
美容所,Ａｎｎｏｎ Ｐｒｉｖａｔｅｓａｌｏｎ,525-0043,草津市馬場町,草津市馬場町９３０,９３０,077-562-3074,山中 茂樹,R04/05/06,,,,草津,5627921.pdf
美容所,ＨＡＩＲ＆ＭＡＫＥ ＥＡＲＴＨ 南草津店,-,草津市,草津市南草津プリムタウン四丁目１７－３０ ル ビットパーク南草津内,南草津プリムタウン四丁目１７－３０ ル ビットパーク南草津内,077-598-6399,株式会社Ｌｕｃｅ,R04/05/23,,,,草津,5627921.pdf
美容所,ＣＡＳＩＴＡ ｈａｉｒ＆ｃａｒｅ,525-0041,草津市青地町,草津市青地町５２４,５２４,,竹田 法枝,R04/06/02,,,,草津,5627921.pdf
美容所,ｉｏｒｉ ｆｏｒ ｈａｉｒ,525-0027,草津市野村五丁目,草津市野村五丁目5-16,5-16,077-563-6913,株式会社ａｎ,R04/06/22,,,,草津,5627921.pdf
美容所,Ａｍｉｎａ 守山,524-0041,守山市勝部一丁目,守山市勝部一丁目１７－８,１７－８,077-582-9260,ａｗｅｓｏｍｅ ｐｌａｎｓ合同会社,R04/06/22,,,,草津,5627921.pdf
美容所,美容室 ＯＨＡＮＡ,525-0061,草津市北山田町,草津市北山田町２８１－４,２８１－４,077-515-5033,有限会社谷電気設備,R04/06/10,,,,草津,5627921.pdf
美容所,Ｅｙｅ Ｂｒｏｗ，Ｌｕｓｈ Ａｎｅｌａ,525-0071,草津市南笠東二丁目,草津市南笠東二丁目７－４５,７－４５,,上野 沙耶,R04/06/09,,,,草津,5627921.pdf
美容所,ｓｔｏｒｙ,524-0012,守山市播磨田町,守山市播磨田町３００１（Ｃ区画）,３００１（Ｃ区画）,077-582-5527,雁金 祐貴,R04/07/29,,,,草津,5627921.pdf
美容所,Ｌｉｎｋ,524-0037,守山市梅田町,守山市梅田町１４ 旭駅前ビル１Ｆ１０１号室,１４ 旭駅前ビル１Ｆ１０１号室,,中村 朱里,R04/08/02,,,,草津,5627921.pdf
美容所,ＣＯＣＯ栗東 ｂｙ ＢＥＡＵ ｅｙｅｌａ ｓｈ,520-3035,栗東市霊仙寺一丁目,栗東市霊仙寺一丁目１－３２,１－３２,077-599-3022,有限会社エイト,R04/08/05,,,,草津,5627921.pdf
美容所,ｊｕｍｉｌｅｙ,525-0027,草津市野村一丁目,草津市野村一丁目１６－１４ アンジュール１ＦＢ号,１６－１４ アンジュール１ＦＢ号,,米津 葉月,R04/09/05,,,,草津,5627921.pdf
美容所,ＬＡＮＩＡＫＥＡ,520-3024,栗東市小柿七丁目,栗東市小柿七丁目８－１１ Ｋ佳ビル１階,８－１１ Ｋ佳ビル１階,077-596-5022,中尾 武志,R04/09/28,,,,草津,5627921.pdf
美容所,Ｈａｉｒ Ｍａｋｅ Ｒｏｏｔ,525-0035,草津市西草津二丁目,草津市西草津二丁目１－８－１,１－８－１,077-566-5104,山本 歩,R04/09/09,,,,草津,5627921.pdf
美容所,Ｅｙｅ Ｂｒｏｗ，Ｌａｓｈ Ａｎｅｌａ,525-0071,草津市南笠東二丁目,草津市南笠東二丁目７－１２,７－１２,,田中 沙耶,R04/09/14,,,,草津,5627921.pdf
美容所,ｐｒｉｖａｔｅｓａｌｏｎ ｂａＢａ［ｂ ｉｂｉ］,524-0014,守山市石田町,守山市石田町５２３－９,５２３－９,,馬塲 貴満,R04/09/21,,,,草津,5627921.pdf
美容所,Ａｌｉａ,520-2331,野洲市小篠原,野洲市小篠原２１１３－７,２１１３－７,,村田 茜,R04/09/22,,,,草津,5627921.pdf
美容所,ＬＯＭＩＥＲＥ,525-0055,草津市野路町,草津市野路町６６７－５,６６７－５,,荒川 祐愛,R04/10/03,,,,草津,5627921.pdf
美容所,Ｍｅｌｔ,525-0072,草津市笠山五丁目,草津市笠山五丁目１－７０,１－７０,077-567-6336,﨑田 勝伸,R04/10/21,,,,草津,5627921.pdf
美容所,Ａｔｅｌｉｅｒ Ｎｏｅｌｌａ,525-0050,草津市南草津五丁目,草津市南草津五丁目６－８ ｆ９９南草津Ⅱ２０１,６－８ ｆ９９南草津Ⅱ２０１,077-598-1119,株式会社Ｎｏｅｌｌａ,R04/11/01,,,,草津,5627921.pdf
美容所,ｅｎｅ ｅｙｅｌａｓｈ,525-0058,草津市野路東五丁目,草津市野路東五丁目２５－２０ マリーベル南草津 ９０１号 室,２５－２０ マリーベル南草津 ９０１号 室,077-500-9801,猪股 加余子,R04/10/24,,,,草津,5627921.pdf
美容所,Ｂ．ｉ．Ｌ ｈａｉｒ,525-0036,草津市草津町,草津市草津町１５３７－２３ １０５,１５３７－２３ １０５,050-8884-9044,Ａｒｎｙ Ａｕｓｔｉｎ合同会社,R04/11/01,,,,草津,5627921.pdf
美容所,ｍｏｎｎ ｎａｉｌ＆ｅｙｅｌａｓｈ,525-0048,草津市追分南四丁目,草津市追分南四丁目２－３ かがやきテラス ２Ｅ,２－３ かがやきテラス ２Ｅ,077-598-6558,木村 里帆,R04/11/10,,,,草津,5627921.pdf
美容所,Ｎｉｃｏ ｗｉｔｈ,520-2361,野洲市北野一丁目,野洲市北野一丁目１２－３１ ドリームビル２Ｆ,１２－３１ ドリームビル２Ｆ,050-8884-9846,株式会社真花,R04/11/15,,,,草津,5627921.pdf
美容所,ｉＬＬｉ,520-2302,野洲市高木,野洲市高木４８－１,４８－１,,白井 ・也,R04/12/08,,,,草津,5627921.pdf
美容所,Ｃｒｅａ ｌａ Ｌｕｃｅ草津駅前店,525-0032,草津市大路一丁目,草津市大路一丁目１１－１４フロント草津ビル４Ｆ－Ｂ,１１－１４フロント草津ビル４Ｆ－Ｂ,050-8885-3142,株式会社Ｃｒｅａ ｌａ Ｌｕｃｅ,R04/11/18,,,,草津,5627921.pdf
美容所,神威 ＫＡＭ Ｕ．Ｉ,520-2331,野洲市小篠原,野洲市小篠原１１７１－３ ネオクレストエム２Ｆ,１１７１－３ ネオクレストエム２Ｆ,077-598-5891,吉岡 駿,R04/11/30,,,,草津,5627921.pdf
美容所,ＧＩＲＭＡ,524-0022,守山市守山六丁目,守山市守山六丁目９－８３,９－８３,077-583-2500,株式会社バフォグループ,R04/12/21,,,,草津,5627921.pdf
美容所,ｍｅｎ’ｓ ｃｕｔ ＆ ｓｋｉｎ ｓｔｕ ｄｉｏｓ 栗東草津店,520-3015,栗東市安養寺二丁目,栗東市安養寺二丁目４－２０プリズムビル,４－２０プリズムビル,077-596-5280,株式会社ｓｏｌａｋｅ,R04/12/28,,,,草津,5627921.pdf
美容所,ｖｉｖｉ＿,520-3037,栗東市北中小路,栗東市北中小路２０－７,２０－７,077-599-3717,中村 駿也,R05/01/27,,,,草津,5627921.pdf
美容所,Ａｇｎｉｉ,525-0037,草津市西大路町,草津市西大路町１０－２７－１０２,１０－２７－１０２,077-562-6655,株式会社ＳＥＩＫＯＵＤＯ,R05/01/25,,,,草津,5627921.pdf
美容所,Ａｇｎｉｉ キッズルーム,525-0037,草津市西大路町,草津市西大路町１０－２７－１０３,１０－２７－１０３,077-562-6655,株式会社ＳＥＩＫＯＵＤＯ,R05/01/25,,,,草津,5627921.pdf
美容所,女性専用 ヘッドスパサロン ｈａｒｕｒｕ,520-3047,栗東市手原四丁目,栗東市手原四丁目５－１４ メゾン・トレゾール１０１号室,５－１４ メゾン・トレゾール１０１号室,,樺元 千春,R05/02/10,,,,草津,5627921.pdf
美容所,Ｂｅｌｌｍｅ,525-0031,草津市若竹町,草津市若竹町２－３１,２－３１,,湯浅 明美,R05/02/21,,,,草津,5627921.pdf
美容所,ＳＥＮＳＥ ｂｙ ｐｌｕｓｈａｉｒ 草津 駅西口店,525-0037,草津市西大路町,草津市西大路町７－２４ クエスト西大路７０６,７－２４ クエスト西大路７０６,0120-546-796,株式会社ＳＥＮＳＥ,R05/02/06,,,,草津,5627921.pdf
美容所,ロレインブロウ 南草津店,525-0059,草津市野路一丁目,草津市野路一丁目４－１６ ＭＮＫ－３ビル ４０２,４－１６ ＭＮＫ－３ビル ４０２,,合同会社アルシェスタイル,R05/02/27,,,,草津,5627921.pdf
美容所,サラ 南草津店 ２Ｆ,525-0059,草津市野路一丁目,草津市野路一丁目７－１ アイムビル ２Ｆ,７－１ アイムビル ２Ｆ,077-566-5039,有限会社イマジン,R05/02/20,,,,草津,5627921.pdf
美容所,サラ 南草津店 １Ｆ,525-0059,草津市野路一丁目,草津市野路一丁目７－１ アイムビル １Ｆ,７－１ アイムビル １Ｆ,077-566-5039,有限会社イマジン,R05/02/20,,,,草津,5627921.pdf
美容所,Ｌａｎｉ,524-0022,守山市守山一丁目,守山市守山一丁目２－１ コスモ守山１０２,２－１ コスモ守山１０２,,大澤 由美,R05/02/27,,,,草津,5627921.pdf
美容所,Ｍｉｏ,525-0072,草津市笠山一丁目,草津市笠山一丁目７－３７－４,７－３７－４,077-567-7070,株式会社Ｍｉｏ,R05/03/01,,,,草津,5627921.pdf
美容所,ｏＲｅ,520-3005,栗東市御園,栗東市御園１８６７,１８６７,077-585-9844,谷口 雄大,R05/03/14,,,,草津,5627921.pdf
美容所,アートディレクター シルバークロック,524-0041,守山市勝部四丁目,守山市勝部四丁目１０８８ １０２号,１０８８ １０２号,077-514-1088,勝部 大輔,R05/03/23,,,,草津,5627921.pdf
美容所,Ｌｉｌｉｕｍ,520-3017,栗東市六地蔵,栗東市六地蔵１０９３,１０９３,,田島 結莉,R05/04/11,,,,草津,5627921.pdf
美容所,Ａｒｃ－ｅｎ－Ｃｉｅｌ,525-0026,草津市渋川一丁目,草津市渋川一丁目２－２６ ザ・草津タワー１１０２,２－２６ ザ・草津タワー１１０２,, 真理,R05/03/29,,,,草津,5627921.pdf
美容所,Ｎｏëｌ,524-0044,守山市古高町,守山市古高町２６３－３,２６３－３,077-583-8080,梅景 紀子,R05/03/28,,,,草津,5627921.pdf
美容所,ＳＬＯＷ ＨＡＩＲ,524-0041,守山市勝部三丁目,守山市勝部三丁目１０－２２,１０－２２,077-532-9645,琴 勝信,R05/03/29,,,,草津,5627921.pdf
美容所,美容室 秘密基地,525-0033,草津市東草津一丁目,草津市東草津一丁目４－５３ ビワコホンダビル１Ｆ－Ｂ,４－５３ ビワコホンダビル１Ｆ－Ｂ,,堀江 昌博,R05/04/10,,,,草津,5627921.pdf
美容所,Ｅｌｐｉｓ,525-0048,草津市追分南四丁目,草津市追分南四丁目５－１０,５－１０,077-598-5610,株式会社ＦＥＸＩＡ,R05/04/17,,,,草津,5627921.pdf
美容所,ＣＡＭＩＴＯＳ ＨＡＩＲ,520-3004,栗東市上砥山,栗東市上砥山２９２－５,２９２－５,050-1448-5059,奥田 咲乃,R05/04/28,,,,草津,5627921.pdf
美容所,ＣＡＮＡＲＹ,524-0041,守山市勝部三丁目,守山市勝部三丁目１０－８ 新清館Ⅱ１０２,１０－８ 新清館Ⅱ１０２,077-514-0221,株式会社Ｍａｋａｌｏａ,R05/05/24,,,,草津,5627921.pdf
美容所,Ｓｕｕ．ｐｒｉｖａｔｅ ｓａｌｏｎ,520-3037,栗東市北中小路,栗東市北中小路３７７－３２,３７７－３２,,牛田 美和,R05/05/15,,,,草津,5627921.pdf
美容所,ａｌｉｌａ ｅｙｅｌａｓｈ ｓａｌｏｎ,520-2423,野洲市西河原,野洲市西河原６７－１０,６７－１０,,東野 和美,R05/05/29,,,,草津,5627921.pdf
美容所,ａｎｔ．,520-3032,栗東市苅原,栗東市苅原６６－１１,６６－１１,,津々木 健士,R05/05/29,,,,草津,5627921.pdf
美容所,美容室 とんとん,520-2302,野洲市高木,野洲市高木１９４－３３,１９４－３３,,田中 美知子,R05/06/06,,,,草津,5627921.pdf
美容所,アイラッシュサロン ディーニュ,520-2362,野洲市市三宅,野洲市市三宅１８０６－１,１８０６－１,,麻田 梨恵,R05/06/14,,,,草津,5627921.pdf
美容所,シャローム,520-2305,野洲市北,野洲市北７５４,７５４,077-588-0546,阿部 智香子,R05/06/21,,,,草津,5627921.pdf
美容所,Ａｇｕ ｈａｉｒ ｒｉｓｅ,520-2331,野洲市小篠原,野洲市小篠原１１７１－３,１１７１－３,077-599-3532,株式会社Ｎｅｏ,R05/06/26,,,,草津,5627921.pdf
美容所,Ｐｌｕｍｅｒｉａ,525-0032,草津市大路二丁目,草津市大路二丁目２－１９ ｓｔｙｌｅⅡ １０１号,２－１９ ｓｔｙｌｅⅡ １０１号,077-562-1714,市川 稚佳子,R05/07/28,,,,草津,5627921.pdf
美容所,マイアンジェリーク 栗東店,520-3031,栗東市綣,栗東市綣三丁目１５－１６ ヴィエナ栗東５０２,三丁目１５－１６ ヴィエナ栗東５０２,077-596-3373,マイアンジェリーク株式会社,R05/07/03,,,,草津,5627921.pdf
美容所,ｈａｉｒ ｓａｌｏｎ ＬＥＰＯ,524-0014,守山市石田町,守山市石田町２－８,２－８,077-532-8699,德富 祐太朗,R05/07/12,,,,草津,5627921.pdf
美容所,ＴＳＵＮＡＧＵ,520-3025,栗東市中沢三丁目,栗東市中沢三丁目３－７,３－７,077-575-7508,小田 将登,R05/08/01,,,,草津,5627921.pdf
美容所,Ｎｏ１８,525-0032,草津市大路二丁目,草津市大路二丁目２－１９ 大路２丁目Ｓｔｙｌｅビル２ ２０１号室,２－１９ 大路２丁目Ｓｔｙｌｅビル２ ２０１号室,,株式会社Ｎｏ１９,R05/07/26,,,,草津,5627921.pdf
美容所,ｅｙｅｌａｓｈ ｎｕｎｎ,520-2423,野洲市西河原,野洲市西河原２９２－１ ２Ｆ,２９２－１ ２Ｆ,,石原 有衣,R05/08/02,,,,草津,5627921.pdf
美容所,ｆａｃｅ ｆｒａｍｅ ｄｅｓｉｇｎ/ａｎ ｏｎ,520-3031,栗東市綣,栗東市綣二丁目４－５ ウイングプラザ１Ｆ,二丁目４－５ ウイングプラザ１Ｆ,077-584-4211,合同会社Ｐｉｓｔａ Ｃｏｒｐｏｒａｔｉｏｎ,R05/08/04,,,,草津,5627921.pdf
美容所,ＡＥＬＵ ２Ｆ,525-0031,草津市若竹町,草津市若竹町８－３１ 若竹ビル南２Ｆ,８－３１ 若竹ビル南２Ｆ,077-599-0015,株式会社ＫＡＮＡＵ,R05/08/03,,,,草津,5627921.pdf
美容所,ＡＥＬＵ １Ｆ,525-0031,草津市若竹町,草津市若竹町８－３１ 若竹ビル南１Ｆ,８－３１ 若竹ビル南１Ｆ,077-599-0015,株式会社ＫＡＮＡＵ,R05/08/03,,,,草津,5627921.pdf
美容所,ｕｌａｌａ,524-0042,守山市焔魔堂町,守山市焔魔堂町２７２－２,２７２－２,,永井 彩菜,R05/08/28,,,,草津,5627921.pdf
美容所,Ｅｙｅｌａｓｈ ｓａｌｏｎ ｉｍｅ 守山 店,524-0021,守山市吉身二丁目,守山市吉身二丁目９－２７ 伊勢屋ビル１０１,９－２７ 伊勢屋ビル１０１,077-574-8221,矢野 椎太,R05/08/28,,,,草津,5627921.pdf
美容所,Ｃｏｍｍｅ ｓｉ．,520-3022,栗東市上鈎,栗東市上鈎１７５－２ 杉本ビル１Ｆ,１７５－２ 杉本ビル１Ｆ,077-599-1185,期 亮介,R05/09/20,,,,草津,5627921.pdf
美容所,Ｌｏｗｅｌｉ．,524-0031,守山市立入町,守山市立入町１１４６,１１４６,,青木 愛里彩,R05/08/31,,,,草津,5627921.pdf
美容所,スタジオコフレ南草津スタジオ,525-0071,草津市南笠東一丁目,草津市南笠東一丁目３－４８,３－４８,050-1867-7215,株式会社上原フォートスタジオ,R05/09/20,,,,草津,5627921.pdf
美容所,髪質改善＆ハイトーンカラー ＢＡＬＥ,525-0032,草津市大路二丁目,草津市大路二丁目１－７ プレサンスロジェ草津１Ｆ １０ ３,１－７ プレサンスロジェ草津１Ｆ １０ ３,077-596-3890,Ｌｅｍｏｎ Ｆｏｒｅｓｔ株式会社,R05/09/27,,,,草津,5627921.pdf
美容所,ヘアサロン ＫＯＪＩＭＡ,524-0041,守山市勝部五丁目,守山市勝部五丁目６－２５,６－２５,077-582-4692,小嶋 直美,R05/10/27,,,,草津,5627921.pdf
美容所,ｓｉｔｕ,520-3031,栗東市綣一丁目,栗東市綣一丁目１８－３ カーサフェリーチェ淡海１Ｆ,１８－３ カーサフェリーチェ淡海１Ｆ,077-509-9821,株式会社門出,R05/09/20,,,,草津,5627921.pdf
美容所,ＣＡＳＡ ＣＯＬＯＲ ピエリ守山,524-0101,守山市今浜町,守山市今浜町２６２０－５ ピエリ守山１Ｆ,２６２０－５ ピエリ守山１Ｆ,077-596-5444,ＣＵホールディングス株式会社,R05/09/29,,,,草津,5627921.pdf
美容所,ａｎｄ．Ｋ,525-0023,草津市平井一丁目,草津市平井一丁目１１－６ １Ｆ,１１－６ １Ｆ,050-8892-8126,河内 美晴,R05/10/23,,,,草津,5627921.pdf
美容所,Ｃａｆｕｎｅ,520-3015,栗東市安養寺二丁目,栗東市安養寺二丁目５－９ ｙｏｕＢＬＤ １０２,５－９ ｙｏｕＢＬＤ １０２,050-8892-9034,千葉 アキラ,R05/11/06,,,,草津,5627921.pdf
美容所,ＥｌｅＳａｒｉａ,524-0013,守山市下之郷一丁目,守山市下之郷一丁目１１－１ アーバンビル守山 １Ｆ Ｂ号 室,１１－１ アーバンビル守山 １Ｆ Ｂ号 室,,株式会社バフォグループ,R05/10/13,,,,草津,5627921.pdf
美容所,アロマとハーブの香るかくれ家エステ Ｓａ ｌｏｎ ｄｅ Ｍｅｒｃｉ,520-3004,栗東市上砥山,栗東市上砥山２１６６－５,２１６６－５,,大倉 このみ,R05/10/11,,,,草津,5627921.pdf
美容所,Ｓｔｕｄｉｏ Ｎｏｅｌｌａ,525-0050,草津市南草津五丁目,草津市南草津五丁目６－８－１０１,６－８－１０１,077-598-1119,株式会社Ｎｏｅｌｌａ,R05/10/30,,,,草津,5627921.pdf
美容所,ａｌｏｎａ ＮＡＩＬ ＳＡＬＯＮ＆ＳＣＨ ＯＯＬ,525-0032,草津市大路一丁目,草津市大路一丁目１７－５－２Ｆ,１７－５－２Ｆ,077-558-7461,森野 さやか,R05/11/08,,,,草津,5627921.pdf
美容所,ロコズビューティーハウオリ,525-0059,草津市野路一丁目,草津市野路一丁目１２－１１ アメニティ南草津Ⅳ １０６,１２－１１ アメニティ南草津Ⅳ １０６,077-567-0192,上村 淳子,R05/11/01,,,,草津,5627921.pdf
美容所,Ｌｕｐｉｎｕｓ,525-0059,草津市野路一丁目,草津市野路一丁目７－２１ リベリー南草津２０９,７－２１ リベリー南草津２０９,,株式会社ａｃｃｕｍｕｌｅｒ,R05/10/27,,,,草津,5627921.pdf
美容所,ａｍｉｅ,525-0071,草津市南笠東三丁目,草津市南笠東三丁目２２－９７－２１,２２－９７－２１,,久保 鮎美,R05/11/08,,,,草津,5627921.pdf
美容所,ｈａｉｒ ｓｔｏｒｙ ｅｍｉｏ,525-0036,草津市草津町,草津市草津町１６５８－２１,１６５８－２１,,村山 実季,R05/11/21,,,,草津,5627921.pdf
美容所,Ｗ ｂｅａｕｔｙ＆ｒｅｌａｘ,525-0037,草津市西大路町,草津市西大路町４－３２ クサツウエストロイヤルタワー １Ｆ,４－３２ クサツウエストロイヤルタワー １Ｆ,,株式会社インフィクス,R05/11/21,,,,草津,5627921.pdf
美容所,Ｌｅ：ｌｉａｎ,524-0041,守山市勝部二丁目,守山市勝部二丁目１－１８ １Ｆ,１－１８ １Ｆ,,飛田 和彦,R05/11/24,,,,草津,5627921.pdf
美容所,Ｌｉｍ：,524-0041,守山市勝部二丁目,守山市勝部二丁目１－１８ ２Ｆ,１－１８ ２Ｆ,,飛田 和彦,R05/11/24,,,,草津,5627921.pdf
美容所,ＦＲＥＹＪＡ,524-0037,守山市梅田町,守山市梅田町１０－１ 梅田スカイビル２０１,１０－１ 梅田スカイビル２０１,077-583-9000,福島 千予,R05/12/08,,,,草津,5627921.pdf
美容所,ｓｕｒｕｍｅ ｄａｉｚ,525-0027,草津市野村四丁目,草津市野村四丁目１６－１ さつき１階３号室,１６－１ さつき１階３号室,,法村 奈央,R05/12/25,,,,草津,5627921.pdf
美容所,ｓｉｓｕｉ,525-0068,草津市南草津プリムタ ウン,草津市南草津プリムタ ウン三丁目２１－１,三丁目２１－１,,服部 孝雄,R06/01/04,,,,草津,5627921.pdf
美容所,ＭＯＯＫ ＨＡＩＲ／Ｐｏｗｅｒ ｍｏｂｉ ｌｅ ｓａｌｏｎ,524-0102,守山市水保町,守山市水保町１０４８,１０４８,077-585-3330,有限会社滋賀物流建設,R05/12/25,,,,草津,5627921.pdf
美容所,ｖｉｏｌａ,525-0028,草津市上笠四丁目,草津市上笠四丁目２５－１１－１,２５－１１－１,,田 幸操,R06/01/12,,,,草津,5627921.pdf
美容所,Ｔｓｉｋｙ,524-0022,守山市守山六丁目,守山市守山六丁目１６－２ フロントパーク守山２０１,１６－２ フロントパーク守山２０１,077-598-1575,南田 亜矢,R06/01/17,,,,草津,5627921.pdf
美容所,Ｇｌａｒｅ,520-2304,野洲市永原,野洲市永原７１１－３ ＭＩＵＲＡビル １－１号室,７１１－３ ＭＩＵＲＡビル １－１号室,,株式会社Ｇｌａｒｅ,R06/01/29,,,,草津,5627921.pdf
美容所,Ｓｕｎｎｙ ｈａｉｒ ｒｏｏｍ,525-0071,草津市南笠東二丁目,草津市南笠東二丁目１４－１２,１４－１２,077-565-2049,﨑山 富貴,R06/02/02,,,,草津,5627921.pdf
美容所,ｉｌｕｚ,525-0032,草津市大路二丁目,草津市大路二丁目２－１８ ｓｔｙｌｅビルⅡ（２０２）,２－１８ ｓｔｙｌｅビルⅡ（２０２）,,宇野 亜加里,R06/03/07,,,,草津,5627921.pdf
美容所,Ｉｂ ｂｙ ＮＹＮＹ,524-0046,守山市今宿四丁目,守山市今宿四丁目１－１２ ＳＤＧｓ コミュニティガーデ ン１０８,１－１２ ＳＤＧｓ コミュニティガーデ ン１０８,050-8888-2136,株式会社Ｉｂｌｉｓｓ,R06/03/07,,,,草津,5627921.pdf
美容所,Ｔｈｅ Ｈｅａｌｉｎｇ Ｓｐａ ＹＵＲＵ ＲＩ＆心休院ゆるり,525-0047,草津市追分三丁目,草津市追分三丁目１４－９,１４－９,077-563-0600,青山 智栄,R06/02/28,,,,草津,5627921.pdf
美容所,ＲＯＡＮ,525-0050,草津市南草津一丁目,草津市南草津一丁目３－１０ クレストⅡ １Ｆ,３－１０ クレストⅡ １Ｆ,,有限会社ラ・リヴィエール,R06/03/28,,,,草津,5627921.pdf
美容所,ｍａｍｅ,524-0022,守山市守山一丁目,守山市守山一丁目２－８ １Ｆ,２－８ １Ｆ,,園田 紗矢,R06/03/19,,,,草津,5627921.pdf
美容所,瑞々,520-3037,栗東市北中小路,栗東市北中小路７９,７９,,北中 めぐみ,R06/03/08,,,,草津,5627921.pdf
美容所,ｊｕｎ ｂｅａｕｔｙ ｓａｌｏｎ,525-0023,草津市平井五丁目,草津市平井五丁目１６－２１ １階,１６－２１ １階,,照屋 淳子,R06/03/29,,,,草津,5627921.pdf
美容所,Ｌｉｎｏ,525-0066,草津市矢橋町,草津市矢橋町１０５－１ カーサソラッツオ壱番館６０ ６,１０５－１ カーサソラッツオ壱番館６０ ６,,藤澤 乃梨子,R06/04/03,,,,草津,5627921.pdf
美容所,ｗｉｔｈ ａ ｓｍｉｌｅ,525-0072,草津市笠山三丁目,草津市笠山三丁目１４－８,１４－８,077-598-6457,安藤 博信,R06/03/22,,,,草津,5627921.pdf
美容所,美容室 キムラ,525-0031,草津市若竹町,草津市若竹町４－１５ 角三ビル１Ｆ,４－１５ 角三ビル１Ｆ,,木村 友祐,R06/04/22,,,,草津,5627921.pdf
美容所,ＬＯＭＩＥＲＥ 守山店,524-0021,守山市吉身二丁目,守山市吉身二丁目４－１７ 吉身テナント２０１,４－１７ 吉身テナント２０１,,荒川 祐愛,R06/04/03,,,,草津,5627921.pdf
美容所,ＳＴＥＶＩＡ,525-0036,草津市草津町,草津市草津町１４６４－８－Ｂ－２,１４６４－８－Ｂ－２,077-566-0120,入江 かづ子,R06/03/28,,,,草津,5627921.pdf
美容所,ＡＯＲＡ,520-3015,栗東市安養寺一丁目,栗東市安養寺一丁目１２－１ シルクルーム５番館３０２,１２－１ シルクルーム５番館３０２,077-596-5380,上原 美穂,R06/04/08,,,,草津,5627921.pdf
美容所,Ｅｙｅｌａｓｈ ｓａｌｏｎ ｉｍｅ 南草 津店,525-0066,草津市矢橋町,草津市矢橋町１１５－７ 森田ビル１Ｆ １０１,１１５－７ 森田ビル１Ｆ １０１,077-596-5805,矢野 椎太,R06/04/26,,,,草津,5627921.pdf
美容所,Ｗ ｂｅａｕｔｙ＆ｒｅｌａｘ 南草津店,525-0059,草津市野路一丁目,草津市野路一丁目１６－１３ アメニティ南草津Ｖ１０６,１６－１３ アメニティ南草津Ｖ１０６,050-1134-5791,株式会社インフィクス,R06/05/02,,,,草津,5627921.pdf
美容所,Ｌａ ｂｅａｕｎｔｅ,525-0059,草津市野路一丁目,草津市野路一丁目１３－７ Ａｍｏｕｒｅｕｓｅ南草津１０ ２,１３－７ Ａｍｏｕｒｅｕｓｅ南草津１０ ２,,高木 健志,R06/05/10,,,,草津,5627921.pdf
美容所,ＣｕｔＲｏｏｍ ｆｌｅｕｒ～ふるーる～,520-3024,栗東市小柿五丁目,栗東市小柿五丁目７－１８,７－１８,077-553-1289,岩瀬 明美,R06/06/03,,,,草津,5627921.pdf
美容所,ｏｍｉｉ ｓａｌｏｎ 守山店 Ｌｉ ｄｅ ｕｒ,524-0022,守山市守山六丁目,守山市守山六丁目９－８３ 元町橋九１０３号,９－８３ 元町橋九１０３号,,Ｋ－ｈｏｐｅ株式会社,R06/05/28,,,,草津,5627921.pdf
美容所,ＲｉＮ ＨＡＩＲ,525-0061,草津市北山田町,草津市北山田町１１７－１,１１７－１,077-500-6210,船城 彩織,R06/06/03,,,,草津,5627921.pdf
美容所,ｐｌｕｓ ｉｃｏｔｔｏ,525-0025,草津市西渋川一丁目,草津市西渋川一丁目１７－４２,１７－４２,,安田 理恵,R06/06/05,,,,草津,5627921.pdf
美容所,ｈａｉｒ ＥＡＲＬＹ,520-3026,栗東市下鈎,栗東市下鈎１６２８,１６２８,077-596-3022,滝川 真平,R06/07/03,,,,草津,5627921.pdf
美容所,ＵＲＵ ｏｒｇａｎｉｃ ｈａｉｒ＆ｓｐａ 南草津店,525-0050,草津市南草津三丁目,草津市南草津三丁目７－２,７－２,077-532-8067,有限会社トレードプランナー,R06/06/26,,,,草津,5627921.pdf
美容所,ｐｒｉｖａｔｅ ｂｅａｕｔｙ ｓａｌｏｎ ＆ 南草津店,525-0059,草津市野路一丁目,草津市野路一丁目１６－１ アメニティ南草津Ⅷ－１０２,１６－１ アメニティ南草津Ⅷ－１０２,,株式会社ｅｍｕｓｅ,R06/06/26,,,,草津,5627921.pdf
美容所,Ｚｉｎａ 南草津,525-0059,草津市野路一丁目,草津市野路一丁目１６－１ アメニティ南草津Ⅷ番館 Ａ１ ０１,１６－１ アメニティ南草津Ⅷ番館 Ａ１ ０１,077-584-5672,株式会社Ｚｉｎａ,R06/07/31,,,,草津,5627921.pdf
美容所,Ａｌｏ,525-0055,草津市野路町,草津市野路町３０１０ グローリ南草津１０４,３０１０ グローリ南草津１０４,050-8885-8760,北林 菜奈子,R06/07/08,,,,草津,5627921.pdf
美容所,ｅｎａ．,525-0036,草津市草津町,草津市草津町１８９３－４,１８９３－４,,木村 圭希,R06/09/03,,,,草津,5627921.pdf
美容所,Ｃｕｔｅ ｍｅ,525-0025,草津市西渋川二丁目,草津市西渋川二丁目８－３７－１３,８－３７－１３,,西 真喜子,R06/07/31,,,,草津,5627921.pdf
美容所,髪屋 こころ 也,524-0061,守山市赤野井町,守山市赤野井町１７４５－１,１７４５－１,077-576-0621,成原 愛,R06/07/29,,,,草津,5627921.pdf
美容所,ＥＷＯＬＰ,524-0022,守山市守山四丁目,守山市守山四丁目１２－１０ １Ｆ,１２－１０ １Ｆ,,大﨑 美保,R06/08/20,,,,草津,5627921.pdf
美容所,髪質改善・美髪サロン ＪＩＬＬ,520-3031,栗東市綣六丁目,栗東市綣六丁目１１－１５ Ｂ号室,１１－１５ Ｂ号室,,合同会社ＪＩＬＬ,R06/09/17,,,,草津,5627921.pdf
美容所,ｌｕｎｅ,520-2331,野洲市小篠原,野洲市小篠原１２６６ トモエアパート１－５,１２６６ トモエアパート１－５,,松沢 ひとみ,R06/10/02,,,,草津,5627921.pdf
美容所,ｔｙｔｔｏ ｅｙｅｌａｓｈ,524-0103,守山市洲本町,守山市洲本町１３８１－１,１３８１－１,050-1721-0127,北川 渚,R06/10/02,,,,草津,5627921.pdf
美容所,アリュージョン滋賀 草津店,525-0032,草津市大路二丁目,草津市大路二丁目３－２－６０３,３－２－６０３,,株式会社Ｒｅｖｅ,R06/09/27,,,,草津,5627921.pdf
美容所,ｒｕｅａｒｌｅ,525-0054,草津市東矢倉四丁目,草津市東矢倉四丁目８－５５ 野路一番館１０１,８－５５ 野路一番館１０１,,浅野 達哉,R06/10/16,,,,草津,5627921.pdf
美容所,ブリスルーチェ,525-0048,草津市追分南一丁目,草津市追分南一丁目１－１４ えんビル２F,１－１４ えんビル２F,077-599-3143,立川 真寿美,R06/10/16,,,,草津,5627921.pdf
美容所,アイブロウサロンｉ．南草津店,525-0059,草津市野路一丁目,草津市野路一丁目９－１７－６Ｆ,９－１７－６Ｆ,050-8880-7506,株式会社ＥＤＧＥ,R06/11/06,,,,草津,5627921.pdf
美容所,ヘアーワークス ニート,525-0041,草津市青地町,草津市青地町５２４,５２４,077-567-4644,名 真由美,R07/01/14,,,,草津,5627921.pdf
美容所,Ｅｎｎｅ,525-0066,草津市矢橋町,草津市矢橋町１０５－１ カーサ・ソラッツォ壱番館Ｂ,１０５－１ カーサ・ソラッツォ壱番館Ｂ,,山本 ひろみ,R06/12/18,,,,草津,5627921.pdf
美容所,Ｌｍｏｗ,524-0044,守山市古高町,守山市古高町２５２ アマルフィ１０５号,２５２ アマルフィ１０５号,,佐野 智速,R06/12/02,,,,草津,5627921.pdf
美容所,アイブロウサロン ｉ’ｍ 南草津店,525-0059,草津市野路一丁目,草津市野路一丁目４－７－６Ｆ,４－７－６Ｆ,,株式会社ＷＩＺ,R06/11/27,,,,草津,5627921.pdf
美容所,Ｌａ．ｂｏｎｉｔａ ｉｍｐｒｏｖｅ,525-0026,草津市渋川一丁目,草津市渋川一丁目１－６０,１－６０,077-567-5557,有限会社トップグレース,R06/12/06,,,,草津,5627921.pdf
美容所,ｆｏｒｓ南草津,525-0055,草津市野路町,草津市野路町６８３－６ 南草津フォレストコートビル ２Ｆ ２０５号室,６８３－６ 南草津フォレストコートビル ２Ｆ ２０５号室,077-516-7870,ｆｏｒｓ株式会社,R06/12/27,,,,草津,5627921.pdf
美容所,ｅｙｅｂｉｒｄ,525-0027,草津市野村六丁目,草津市野村六丁目１０－３０ グランエクレール３０７,１０－３０ グランエクレール３０７,,鍜治谷 幸江,R06/12/17,,,,草津,5627921.pdf
美容所,Ｌａｎｄ Ｈａｉｒ,525-0034,草津市草津一丁目,草津市草津一丁目１６－２０ 青木マンション１階,１６－２０ 青木マンション１階,050-8883-8027,合同会社ＬＡＮＤ,R07/01/06,,,,草津,5627921.pdf
美容所,ｍｏａｌｕ,525-0054,草津市東矢倉二丁目,草津市東矢倉二丁目５－２８ サンシャイン南草津１Ｆ,５－２８ サンシャイン南草津１Ｆ,050-8883-5785,西本 玲伊子,R07/01/29,,,,草津,5627921.pdf
美容所,ＸＡＲＩＴＥＳ,525-0026,草津市渋川一丁目,草津市渋川一丁目２－２６ ザ・草津タワー２０５,２－２６ ザ・草津タワー２０５,077-563-1030,合同会社ＬＡＮＤ,R07/02/05,,,,草津,5627921.pdf
美容所,Ｆｕｕ,520-3015,栗東市安養寺二丁目,栗東市安養寺二丁目１０－３１,１０－３１,,藤川 友里笑,R07/01/20,,,,草津,5627921.pdf
美容所,Ｐｒｉｖａｔｅ ｓａｌｏｎ ＳＬＯＷ：,525-0014,草津市駒井沢町,草津市駒井沢町３７０－３,３７０－３,,村 少江,R07/01/29,,,,草津,5627921.pdf
美容所,ｅｐｔａ,520-3023,栗東市坊袋,栗東市坊袋１７７－５,１７７－５,,寺田 ひと美,R07/03/06,,,,草津,5627921.pdf
美容所,Ｂｒｕｓｈ ｕｐ,525-0027,草津市野村二丁目,草津市野村二丁目２－１ ソネット草津２０１号,２－１ ソネット草津２０１号,,宇野 成人,R07/02/21,,,,草津,5627921.pdf
美容所,ＮＹＮＹ近鉄草津店,525-0026,草津市渋川一丁目,草津市渋川一丁目１－５０ 近鉄草津店４Ｆ,１－５０ 近鉄草津店４Ｆ,077-516-1023,株式会社ニューヨーク・ニューヨーク,R07/03/11,,,,草津,5627921.pdf
美容所,ＹＯＨＡＫＵ,520-3005,栗東市御園,栗東市御園９８９－９,９８９－９,,金原 幸輝,R07/03/19,,,,草津,5627921.pdf
美容所,ｅｔｅｌｕ,525-0048,草津市追分南五丁目,草津市追分南五丁目１５－２６,１５－２６,,小椋 雅利,R07/04/25,,,,草津,5627921.pdf
美容所,髪質改善専門店 ｍｉｇｇ,524-0041,守山市勝部五丁目,守山市勝部五丁目３－２９,３－２９,077-532-1306,山本 涼夏,R07/05/02,,,,草津,5627921.pdf
美容所,Ｌａｎａｎｉ,524-0044,守山市古高町,守山市古高町６２４－５,６２４－５,077-511-9100,大澤 華美,R07/05/30,,,,草津,5627921.pdf
美容所,Ｃｈａｒｍ 草津駒井沢店,525-0014,草津市駒井沢町,草津市駒井沢町７０－４ ２Ｆ,７０－４ ２Ｆ,077-575-1986,Ｒ＆Ｄ株式会社,R07/05/29,,,,草津,5627921.pdf
美容所,ヘアーサロン リズム,524-0012,守山市播磨田町,守山市播磨田町３０４０,３０４０,072-685-0767,株式会社カットツイン,R07/06/27,,,,草津,5627921.pdf
美容所,Ｃｈａｒｍ～ｔｓｕｍｕ～,525-0043,草津市馬場町,草津市馬場町４９８,４９８,,奥村 日加里,R07/06/20,,,,草津,5627921.pdf
美容所,ｎｉｃｏ ｅｙｅｌａｓｈ ｂｅａｕｔｙ ｌｏｕｎｇｅ,525-0027,草津市野村二丁目,草津市野村二丁目１５－１３,１５－１３,077-500-7073,株式会社インフィクス,R07/06/25,,,,草津,5627921.pdf
美容所,Ｌａ ＳＨＥ’ｓ 南草津店,525-0059,草津市野路一丁目,草津市野路一丁目３－４ 草津商業施設１Ｆ,３－４ 草津商業施設１Ｆ,077-516-7189,株式会社Ｄｃｒｅｗｓ,R07/07/30,,,,草津,5627921.pdf
美容所,ｏｖｅｒ ｈａｉｒ 南草津店,525-0059,草津市野路一丁目,草津市野路一丁目３－４ 草津商業施設１階,３－４ 草津商業施設１階,077-516-7188,株式会社Ｄｃｒｅｗｓ,R07/07/30,,,,草津,5627921.pdf
美容所,ＪｕｎｏＡ ｈａｉｒ ｓａｌｏｎ,520-2413,野洲市吉地,野洲市吉地６６０－２,６６０－２,,山本 潤子,R07/08/06,,,,草津,5627921.pdf
美容所,ＶＩｓａｎｅ,524-0013,守山市下之郷三丁目,守山市下之郷三丁目１３－８,１３－８,077-518-9015,石田 勇貴,R07/08/04,,,,草津,5627921.pdf
美容所,ＪＩＬＬ,520-3015,栗東市安養寺一丁目,栗東市安養寺一丁目１－１１ サンワードビル１１,１－１１ サンワードビル１１,,鎌田 理恵,R07/08/20,,,,草津,5627921.pdf
美容所,ＰＬＡＴＩＮＡＭ ＤＯＬＬ 南草津店,525-0059,草津市野路一丁目,草津市野路一丁目１１－２ エルゼルプラザＥａｓｔⅢ ２ Ｆ,１１－２ エルゼルプラザＥａｓｔⅢ ２ Ｆ,077-558-6360,株式会社ｍａｕｎａ,R07/08/29,,,,草津,5627921.pdf
美容所,Ｚｉｎａ守山,524-0021,守山市吉身四丁目,守山市吉身四丁目７－７,７－７,077-581-8028,株式会社Ｚｉｎａ,R07/10/03,,,,草津,5627921.pdf
美容所,Ｎｏｂｅｌａ,524-0022,守山市守山四丁目,守山市守山四丁目５－１－２０３,５－１－２０３,,伊駒 美香,R07/09/12,,,,草津,5627921.pdf
美容所,ｏｍｉｉ ｓａｌｏｎ,525-0048,草津市追分南四丁目,草津市追分南四丁目２－３ かがやきテラス２－Ａ,２－３ かがやきテラス２－Ａ,,Ｋ－ｈｏｐｅ株式会社,R07/09/29,,,,草津,5627921.pdf
美容所,Ｌａｎｉ,520-2362,野洲市市三宅,野洲市市三宅２４６０,２４６０,077-599-1566,平田 蒼太,R07/10/06,,,,草津,5627921.pdf
美容所,ヘアープランナー カモ,520-2342,野洲市野洲,野洲市野洲２０２９－４,２０２９－４,,鴨 綾子,R07/10/06,,,,草津,5627921.pdf
美容所,ｈａｉｒ ｓａｌｏｎ ｅｎ．,520-3031,栗東市綣二丁目,栗東市綣二丁目２－３４ウイングビュー２０３,２－３４ウイングビュー２０３,,横山 一馬,R07/10/31,,,,草津,5627921.pdf
美容所,ｍｅｌｏｍｅ,525-0047,草津市追分一丁目,草津市追分一丁目５－１３ メロメビル１Ｆ,５－１３ メロメビル１Ｆ,077-563-5505,株式会社メロメ,R07/11/12,,,,草津,5627921.pdf
美容所,Ｅｙｅｌａｓｈ Ｓａｌｏｎ Ｂｌａｎｃ Ｌｔｙ草津店,525-0032,草津市大路一丁目,草津市大路一丁目１－１ エルティ９３２ ２Ｆ,１－１ エルティ９３２ ２Ｆ,077-599-3585,株式会社Ｂｌａｎｃ,R07/11/26,,,,草津,5627921.pdf
美容所,ｉｃｏｔｔｏ 南草津,525-0055,草津市野路町,草津市野路町４４１－３０３,４４１－３０３,,安田 理恵,R07/11/25,,,,草津,5627921.pdf
美容所,まつ毛パーマ眉毛専門サロン・ｅｎｙ南草津 店,525-0055,草津市野路町,草津市野路町４５６－６ コーポ中嶋１０２,４５６－６ コーポ中嶋１０２,050-3637-7812,株式会社ｍａｒｕｆｕｋｕ,R07/12/01,,,,草津,5627921.pdf
美容所,りふれるＢｅａｕｔｙ＋ 栗東店,520-3032,栗東市苅原,栗東市苅原１０９－２,１０９－２,077-576-6110,株式会社Ｍｅｒｒｙ Ｃｏｌｌｅｃｔｉｏｎ,R08/01/28,,,,草津,5627921.pdf
美容所,ｆｕｕ ｈａｉｒ ａｎｄ ｓｐａ,524-0015,守山市矢島町,守山市矢島町３０５－４３,３０５－４３,,夏原 智香,R07/12/19,,,,草津,5627921.pdf
美容所,ｃａｒｒｅｆｏｕｒ Ｎｏａ 滋賀草津店,525-0031,草津市若竹町,草津市若竹町２－２８－３ 若竹テナントＤ号地Ｌ １ 階,２－２８－３ 若竹テナントＤ号地Ｌ １ 階,,株式会社ＣＳ,R07/12/12,,,,草津,5627921.pdf
美容所,ふくりんづる,524-0012,守山市播磨田町,守山市播磨田町７５５－１３,７５５－１３,,菊川 ユカリ,R08/01/19,,,,草津,5627921.pdf
美容所,ＳｌｉＱ,525-0027,草津市野村二丁目,草津市野村二丁目１２－１７,１２－１７,,日置 真理,R08/01/22,,,,草津,5627921.pdf
美容所,ｍｅｍｅｌｕ・ｍｅｎｏａ 南草津店,525-0059,草津市野路一丁目,草津市野路一丁目９－１７ ＶＥＮＺＡＩＴＥＮ ＢＬＤ Ｇ．ＭＩＮＡＭＩＫＵＳＡＴＳＵ ３階,９－１７ ＶＥＮＺＡＩＴＥＮ ＢＬＤ Ｇ．ＭＩＮＡＭＩＫＵＳＡＴＳＵ ３階,,株式会社Ｂｅａｕｔｙ ｌａｎｄ,R08/01/14,,,,草津,5627921.pdf
美容所,Ｓｅｃｒｅｔ Ｂｅｌｌｅ 草津店,525-0026,草津市渋川二丁目,草津市渋川二丁目７－２４－２１０,７－２４－２１０,,株式会社Ｓｅｃｒｅｔ Ｂｅｌｌｅ,R08/01/16,,,,草津,5627921.pdf
美容所,ｇｒｅｅｎ ｍｕｎｉｃｃａ,520-3251,湖南市朝国,湖南市朝国３１５－１ 富田運輸ビル２Ｆ,３１５－１ 富田運輸ビル２Ｆ,,有限会社太田事務所,R08/01/28,,,,甲賀,5627921.pdf
美容所,ｌｉｂｅｒｔ’ｅ（リベルデ）,-,湖南市,湖南市日枝山手台三丁目２５,日枝山手台三丁目２５,,三木 乃梨子,R08/03/05,,,,甲賀,5627921.pdf
美容所,ａｕｒａ ｅｙｅｌａｓｈ ｓａｌｏｎ,520-3221,湖南市三雲,湖南市三雲２７８－１ ラ・グリシーヌⅡ５０２号室,２７８－１ ラ・グリシーヌⅡ５０２号室,050-1722-2274,細見 香奈,R08/03/23,,,,甲賀,5627921.pdf
美容所,５４１６,529-1812,甲賀市信楽町神山,甲賀市信楽町神山５４１－７,５４１－７,,直村 いづみ,R08/04/24,,,,甲賀,5627921.pdf
美容所,Ｈｕｇ．,528-0036,甲賀市水口町東名坂,甲賀市水口町東名坂１９１ サンクリエート名坂Ａ号室,１９１ サンクリエート名坂Ａ号室,,中谷 久見佳,R08/07/09,,,,甲賀,5627921.pdf
美容所,有限会社ビューティ ノブ 八幡店美容室 ＮＯＢ,523-0891,近江八幡市鷹飼町,近江八幡市鷹飼町５７１,５７１,33-6563,有限会社ビューティ ノブ,S62/10/30,,,,東近江,5627921.pdf
美容所,～ｒｅｗａｒｄ～,529-1431,東近江市五個荘山本町,東近江市五個荘山本町４２３－６６,４２３－６６,0748-26-2948,佐生 直子,H18/03/10,,,,東近江,5627921.pdf
美容所,６６ ＮＩＲＯＫＵ・Ｈａｉｒ,527-0111,東近江市北花沢町,東近江市北花沢町６２２,６２２,0749-45-4660,松原 裕子,H19/12/06,,,,東近江,5627921.pdf
美容所,ａ・ｒｏ’ｍａ,527-0224,東近江市市原野町,東近江市市原野町２１３０,２１３０,27-1437,野田 智美,H08/12/05,,,,東近江,5627921.pdf
美容所,Ａｒｔ ｓｐａｃｅ ＳＥＥＫ,520-2564,蒲生郡竜王町山面,蒲生郡竜王町山面３５－１８４,３５－１８４,58-8511,川原 啓資,H14/06/12,,,,東近江,5627921.pdf
美容所,ＡＳＵＫＡ美容室,529-1441,東近江市五個荘川並町,東近江市五個荘川並町２１１,２１１,0748-48-4733,外村 亜須香,H20/02/23,,,,東近江,5627921.pdf
美容所,Ｂ＠Ｊｕｎｏ,521-1221,東近江市垣見町,東近江市垣見町１５７６,１５７６,0748-42-1727,有限会社原田美容室,H14/03/26,,,,東近江,5627921.pdf
美容所,ｂｅｌ ｔｅｍｐｏ,521-1235,東近江市伊庭町,東近江市伊庭町１３１－１４,１３１－１４,42-8205,小林 弘美,H11/07/12,,,,東近江,5627921.pdf
美容所,ｂｒｅｅＺｅ,529-1572,東近江市桜川西町,東近江市桜川西町１６３－１１,１６３－１１,0748-55-0003,三宅 雅之,H19/11/03,,,,東近江,5627921.pdf
美容所,Ｃ・ＺＯＮＥ,527-0033,東近江市東沖野三丁目,東近江市東沖野三丁目９－３１,９－３１,22-7966,村山 純一,H04/10/07,,,,東近江,5627921.pdf
美容所,ｃｌａｐ ｈａｉｒ,520-2531,蒲生郡竜王町山之上,蒲生郡竜王町山之上５２６７－１,５２６７－１,0748-57-0089,平田 裕司,H20/10/01,,,,東近江,5627921.pdf
美容所,ＣＯＬＯＲ ＢＡＲ,523-0891,近江八幡市鷹飼町,近江八幡市鷹飼町１９０－９マイカル２Ｆ,１９０－９マイカル２Ｆ,0748-38-5511,児島 英二,H21/06/08,,,,東近江,5627921.pdf
美容所,ｃｕｔ ｓｔｕｄｉｏ ＡＬＵＲＥ,523-0887,近江八幡市西元町,近江八幡市西元町７０－３,７０－３,0748-32-1517,周防 功司,H19/01/26,,,,東近江,5627921.pdf
美容所,Ｄｅｓｉｇｎ Ｓｐａｃｅ ＩＲＩＥ,527-0074,東近江市市辺町,東近江市市辺町２７９９－１３,２７９９－１３,0748-25-7535,伏田 智見,H18/09/01,,,,東近江,5627921.pdf
美容所,Ｄｉｔｏ,523-0891,近江八幡市鷹飼町南四 丁目,近江八幡市鷹飼町南四 丁目３－５,３－５,0748-38-0502,新垣 幸生,H17/08/05,,,,東近江,5627921.pdf
美容所,ｅｌｆ＋,527-0143,東近江市百済寺本町,東近江市百済寺本町６１３－３,６１３－３,0749-46-0011,山本 早苗,H19/06/20,,,,東近江,5627921.pdf
美容所,Ｈａｉｒ Ｂａｓｅ ｇｒａｓｐ,529-1603,蒲生郡日野町大窪,蒲生郡日野町大窪１０２２,１０２２,0748-52-8882,赤澤 尚樹,H20/10/07,,,,東近江,5627921.pdf
美容所,Ｈａｉｒ ＤＥＳＥＯ,523-0072,近江八幡市牧町,近江八幡市牧町２５８６－３,２５８６－３,0748-31-3668,濱田 望,H18/04/14,,,,東近江,5627921.pdf
美容所,Ｈａｉｒ Ｍａｋｅ Ｍｙｕ－Ｋａ,529-1404,東近江市宮荘町,東近江市宮荘町６６１－２,６６１－２,0748-48-3454,中村 真由美,H20/06/30,,,,東近江,5627921.pdf
美容所,ＨＡＩＲ ＭＯＤＥ ＴＯＫＯＲＹＯ,523-0891,近江八幡市鷹飼町,近江八幡市鷹飼町６７４－１,６７４－１,0748-33-2806,中村 仁彦,H20/04/03,,,,東近江,5627921.pdf
美容所,Ｈａｉｒ Ｐａｓｓｉｏｎ,523-0031,近江八幡市堀上町,近江八幡市堀上町１８３－５,１８３－５,33-3860,有限会社Ｃａｎｔｉｋ,H10/08/24,,,,東近江,5627921.pdf
美容所,Ｈａｉｒ Ｓａｌｏｎ ＢＸＢ,521-1221,東近江市垣見町,東近江市垣見町８５５－４,８５５－４,0748-42-7587,岩佐 裕司,H20/12/09,,,,東近江,5627921.pdf
美容所,Ｈｉｇｈ Ｒｏｌｌｅｒ,521-1224,東近江市林町,東近江市林町２０６,２０６,42-0930,大江 計介,H16/07/15,,,,東近江,5627921.pdf
美容所,Ｉ’ｍ ａｎｎｅｘ ｓａｌａ,523-0891,近江八幡市鷹飼町,近江八幡市鷹飼町１５２５－３,１５２５－３,0748-32-5700,有限会社ギャザーアンドギャザー,H19/10/26,,,,東近江,5627921.pdf
美容所,ＩＭＡＧＥ ＨＡＩＲ＆ＭＡＫＥ,529-1551,東近江市宮川町,東近江市宮川町２４４－８１８,２４４－８１８,55-4371,奥田 圭介,H04/11/06,,,,東近江,5627921.pdf
美容所,ＪＡ・ドルチェ,521-1225,東近江市山路町,東近江市山路町３０７,３０７,42-4183,株式会社ワ－ルドファッション,S56/06/30,,,,東近江,5627921.pdf
美容所,Ｋ．ＭＡＵＶＥ（カットハウス モーブ）,527-0091,東近江市小脇町,東近江市小脇町１０１３－５,１０１３－５,22-2214,小西 巳代子,H16/10/28,,,,東近江,5627921.pdf
美容所,Ｋ２ ＨＡＩＲ,523-0031,近江八幡市堀上町,近江八幡市堀上町１５９－４１,１５９－４１,32-3912,川井 尚,H10/01/30,,,,東近江,5627921.pdf
美容所,Ｌｅｅｔｙ ｈａｉｒ,523-0892,近江八幡市出町,近江八幡市出町４９３,４９３,0748-32-3616,川崎 理恵,H18/10/13,,,,東近江,5627921.pdf
美容所,Ｍａｔｅｒｉａ,527-0136,東近江市南菩提寺町,東近江市南菩提寺町９０,９０,0749-45-3638,小中 由華,H18/04/28,,,,東近江,5627921.pdf
美容所,Ｎｅｕ Ｔｒａｌ,529-1651,蒲生郡日野町山本,蒲生郡日野町山本７６７－３９,７６７－３９,52-4433,奥田 美千子,H13/04/27,,,,東近江,5627921.pdf
美容所,ｎｉｃｏ,529-1653,蒲生郡日野町三十坪,蒲生郡日野町三十坪１－３３,１－３３,0748-53-3535,北西 和子,H20/03/11,,,,東近江,5627921.pdf
美容所,ＯＮ ＡＩＲ ＳＴＵＤＩＯ ＥＡＳＴ,527-0013,東近江市東中野町,東近江市東中野町４－２７,４－２７,0748-24-0677,柏原 美穂子,H17/04/28,,,,東近江,5627921.pdf
美容所,ＳＡＬＡ ｈａｉｒ,521-1311,近江八幡市安土町下豊 浦,近江八幡市安土町下豊 浦４５９３,４５９３,0748-46-4788,島田 裕美,H14/03/11,,,,東近江,5627921.pdf
美容所,Ｓａｌｏｎ ｄｅ ルンビニー,523-0895,近江八幡市宇津呂町,近江八幡市宇津呂町５７－１,５７－１,33-5120,義永 恵子,H11/03/02,,,,東近江,5627921.pdf
美容所,ＳＡＬＯＮ ｄｅ れい,529-1566,東近江市葛巻町,東近江市葛巻町４１８－２,４１８－２,55-2779,中井 良枝,H10/05/15,,,,東近江,5627921.pdf
美容所,Ｓａｌｏｎ Ｍａｋｏ サロン マコ,523-0894,近江八幡市中村町,近江八幡市中村町２１－１９ グランドビル１Ｆ,２１－１９ グランドビル１Ｆ,31-0283,中村 英彦,H12/09/01,,,,東近江,5627921.pdf
美容所,ＳＯＨＯ,527-0011,東近江市八日市浜野町,東近江市八日市浜野町２－１５ ブラウンシュガービル１Ｆ,２－１５ ブラウンシュガービル１Ｆ,22-3287,有限会社ヒロ・コムレッヅ,H15/06/10,,,,東近江,5627921.pdf
美容所,ＳＯＨＯ ｃｌｕｅ,523-0891,近江八幡市鷹飼町,近江八幡市鷹飼町４５５－７,４５５－７,1748-31-3369,鯰江 信輔,H18/12/13,,,,東近江,5627921.pdf
美容所,Ｓｔｉｌｌｕ’ｓ Ｔｉｋａ,520-2531,蒲生郡竜王町山之上,蒲生郡竜王町山之上５２６９,５２６９,0748-57-0405,小西 ちぐさ,H18/05/24,,,,東近江,5627921.pdf
美容所,アツミ美容室,523-0821,近江八幡市多賀町,近江八幡市多賀町６８１,６８１,32-4456,橋本 渥美,S39/03/18,,,,東近江,5627921.pdf
美容所,アトリエ ＫＡＺＵ,523-0866,近江八幡市為心町上,近江八幡市為心町上４２,４２,36-6235,中西 一子,S63/07/19,,,,東近江,5627921.pdf
美容所,あとりえ らむ,527-0028,東近江市八日市金屋三 丁目,東近江市八日市金屋三 丁目１－５,１－５,23-4540,平田 昭子,H16/03/17,,,,東近江,5627921.pdf
美容所,アトリエ長谷,523-0062,近江八幡市丸の内町,近江八幡市丸の内町６－５３,６－５３,36-7805,有限会社アトリエ長谷,H05/12/06,,,,東近江,5627921.pdf
美容所,アリス美容室,523-0085,近江八幡市南津田町,近江八幡市南津田町２０４,２０４,33-3426,深尾 美紀子,S56/05/08,,,,東近江,5627921.pdf
美容所,いさを美容室,527-0027,東近江市栄町,東近江市栄町１－９,１－９,22-1764,山田 いさを,S50/02/22,,,,東近江,5627921.pdf
美容所,イバ美容院,523-0061,近江八幡市江頭町,近江八幡市江頭町８０９,８０９,36-6148,伊庭 靖子,S42/08/22,,,,東近江,5627921.pdf
美容所,ヴィラ・アンジェリカ 美容部,523-0819,近江八幡市西本郷町西,近江八幡市西本郷町西３－４,３－４,0748-38-5345,株式会社ＨＩＲＯＴＡ,H20/10/16,,,,東近江,5627921.pdf
美容所,ウエーブハウス とまと,527-0064,東近江市尻無町,東近江市尻無町８２５,８２５,22-2836,武久 泉,H02/11/20,,,,東近江,5627921.pdf
美容所,エナミ美容室,523-0876,近江八幡市本町五丁目,近江八幡市本町五丁目１０,１０,33-1131,江南 節子,S30/06/12,,,,東近江,5627921.pdf
美容所,オオクボ,529-1647,蒲生郡日野町別所,蒲生郡日野町別所１２,１２,52-0924,大久保 妙子,S51/06/14,,,,東近江,5627921.pdf
美容所,おかむら美容室,527-0029,東近江市八日市町,東近江市八日市町８－２３,８－２３,23-2600,岡村 なみ,S37/05/19,,,,東近江,5627921.pdf
美容所,オクイ美容,521-1235,東近江市伊庭町,東近江市伊庭町１０１－１７,１０１－１７,42-4258,奥井 富美子,S62/09/27,,,,東近江,5627921.pdf
美容所,オクムラ美容室,527-0073,東近江市蛇溝町,東近江市蛇溝町１７１,１７１,22-2498,奥村 スエ,S44/03/22,,,,東近江,5627921.pdf
美容所,おしゃれハウス オロ,527-0073,東近江市蛇溝町,東近江市蛇溝町１６８８－９,１６８８－９,23-4430,國領 みち子,H05/02/26,,,,東近江,5627921.pdf
美容所,カット＆パーマあっぷるハウス,523-0881,近江八幡市佐久間町,近江八幡市佐久間町５,５,33-5438,門川 英子,S59/11/03,,,,東近江,5627921.pdf
美容所,カット・パーマハウス プミラ,523-0022,近江八幡市馬淵町,近江八幡市馬淵町１６３６－２,１６３６－２,38-0310,大橋 仁美,H15/11/21,,,,東近江,5627921.pdf
美容所,カットイン タカダ,523-0865,近江八幡市為心町中,近江八幡市為心町中１８,１８,32-3330,高田 浩次,S62/02/28,,,,東近江,5627921.pdf
美容所,カットクラブ Ｏｕｉ,527-0023,東近江市八日市緑町,東近江市八日市緑町９－２７ テニー２Ｆ,９－２７ テニー２Ｆ,0748-23-3714,山本 政治,H17/06/08,,,,東近江,5627921.pdf
美容所,カットサロン トモエの店,523-0862,近江八幡市仲屋町中,近江八幡市仲屋町中１２スワイビル,１２スワイビル,32-4545,宮田 友恵,S52/04/09,,,,東近江,5627921.pdf
美容所,ＦＡＭＥＳ×Ｈｏｍｍｅ,523-0816,近江八幡市西庄町,近江八幡市西庄町１２５０,１２５０,33-6733,山口 賢也,H06/09/02,,,,東近江,5627921.pdf
美容所,カットスタジオ ソーホー,527-0012,東近江市八日市本町,東近江市八日市本町８－１１,８－１１,22-3287,株式会社イマジン,S61/12/01,,,,東近江,5627921.pdf
美容所,カットステージ ウェーブ,527-0033,東近江市東沖野二丁目,東近江市東沖野二丁目６－６,６－６,23-3866,池本 弥生,H08/12/17,,,,東近江,5627921.pdf
美容所,カミカ美容室,527-0036,東近江市聖和町,東近江市聖和町１－１５,１－１５,22-0838,吉田 幹,S56/05/20,,,,東近江,5627921.pdf
美容所,かわにし美容室,529-1503,東近江市綺田町,東近江市綺田町４０３,４０３,55-2609,川西 美代子,H11/11/04,,,,東近江,5627921.pdf
美容所,カンダ美容室,523-0015,近江八幡市上田町,近江八幡市上田町１２５７－１９,１２５７－１９,37-3111,神田 絹子,S54/05/02,,,,東近江,5627921.pdf
美容所,きしむら美容室,529-1632,蒲生郡日野町上駒月,蒲生郡日野町上駒月１１８３,１１８３,52-5698,岸村 喜平,S57/11/14,,,,東近江,5627921.pdf
美容所,キタウラ美容室,529-1628,蒲生郡日野町西大路,蒲生郡日野町西大路１８２１,１８２１,52-6190,北浦 ふみ,S58/02/24,,,,東近江,5627921.pdf
美容所,きたはら美容室,529-1572,東近江市桜川西町,東近江市桜川西町１７３－６,１７３－６,0748-55-1506,北原 みよ子,H15/01/23,,,,東近江,5627921.pdf
美容所,キムラスタジオ,523-0892,近江八幡市出町,近江八幡市出町７７４,７７４,0748-33-3591,株式会社ＨＩＲＯＴＡ,H20/10/24,,,,東近江,5627921.pdf
美容所,クボタ,529-1572,東近江市桜川西町,東近江市桜川西町１５６－５,１５６－５,55-0684,佐藤 昭子,S48/10/18,,,,東近江,5627921.pdf
美容所,グリーンハウス,527-0102,東近江市平柳町,東近江市平柳町１５２７－１,１５２７－１,45-2578,金子 雅子,S63/03/17,,,,東近江,5627921.pdf
美容所,クルール,527-0025,東近江市八日市東本町,東近江市八日市東本町５－３５,５－３５,0748-22-4012,有限会社オグラ,H17/07/25,,,,東近江,5627921.pdf
美容所,クローバ美容室,527-0012,東近江市八日市本町,東近江市八日市本町１７－１,１７－１,0748-22-0436,園 敬子,H17/04/08,,,,東近江,5627921.pdf
美容所,コスモ美容室,523-0082,近江八幡市土田町,近江八幡市土田町１１５４－６,１１５４－６,33-7255,山内 喜代子,S53/02/27,,,,東近江,5627921.pdf
美容所,コンドウ美容院,527-0025,東近江市八日市東本町,東近江市八日市東本町１－２５,１－２５,22-0281,根東 光枝,S59/08/02,,,,東近江,5627921.pdf
美容所,さゆり美容室,527-0018,東近江市八日市清水二 丁目,東近江市八日市清水二 丁目１２－１２,１２－１２,22-1086,中西 ふさ子,H10/05/12,,,,東近江,5627921.pdf
美容所,サロン ド 美友,529-1541,東近江市蒲生堂町,東近江市蒲生堂町３４０－６４,３４０－６４,55-4081,前田 えみ子,H16/01/28,,,,東近江,5627921.pdf
美容所,さろん・ど ポエム,529-1422,東近江市五個荘小幡町,東近江市五個荘小幡町５４１,５４１,48-2213,丸山 頼子,S55/11/05,,,,東近江,5627921.pdf
美容所,サロン・ド やす,523-0891,近江八幡市鷹飼町,近江八幡市鷹飼町８７４－２３,８７４－２３,37-0204,村北 八須惠,H12/12/13,,,,東近江,5627921.pdf
美容所,サロン・ド・イグ,523-0894,近江八幡市中村町,近江八幡市中村町１５－１０,１５－１０,0748-34-7151,北村 奈美,H14/04/08,,,,東近江,5627921.pdf
美容所,サロン・ド・コスモス,527-0112,東近江市南花沢町,東近江市南花沢町４９７,４９７,45-2190,西川 秀志,S62/06/18,,,,東近江,5627921.pdf
美容所,サロン・ド・サボテン,523-0814,近江八幡市南本郷町三 丁目,近江八幡市南本郷町三 丁目３６－４３,３６－４３,37-3847,前田 ひさ子,S61/02/12,,,,東近江,5627921.pdf
美容所,サロン・ド・ビギ,521-1213,東近江市神郷町,東近江市神郷町９３９－３５,９３９－３５,42-6500,山田 明子,S63/07/20,,,,東近江,5627921.pdf
美容所,さろんど・ぎおん,521-1221,東近江市垣見町,東近江市垣見町８０５,８０５,42-3614,富永 登輝子,H15/12/25,,,,東近江,5627921.pdf
美容所,サロンドＹＯＵ,523-0041,近江八幡市中小森町,近江八幡市中小森町２７６－２２,２７６－２２,36-8660,佐藤 喜子,S58/02/15,,,,東近江,5627921.pdf
美容所,サン美容室,521-1311,近江八幡市安土町下豊 浦,近江八幡市安土町下豊 浦２７１０,２７１０,46-4390,上野 百合子,S57/09/10,,,,東近江,5627921.pdf
美容所,サン美容室,529-1644,蒲生郡日野町内池,蒲生郡日野町内池９０７,９０７,52-0547,新海 一江,S55/09/06,,,,東近江,5627921.pdf
美容所,しが美容,521-1235,東近江市伊庭町,東近江市伊庭町１０１－５,１０１－５,42-3375,谷口 宏樹,H14/05/23,,,,東近江,5627921.pdf
美容所,ジャックと豆の木,527-0001,東近江市建部下野町,東近江市建部下野町８０－１,８０－１,24-0158,孫 れい,H10/12/08,,,,東近江,5627921.pdf
美容所,シャローム レイメイ,527-0023,東近江市八日市緑町,東近江市八日市緑町１３ チャペルウエディング,１３ チャペルウエディング,23-8190,富田 劭子,H05/11/05,,,,東近江,5627921.pdf
美容所,じゅりあ美容室,527-0121,東近江市小池町,東近江市小池町５３９－３,５３９－３,0749-45-1770,岡田 純子,H17/02/18,,,,東近江,5627921.pdf
美容所,スオウ美容室,527-0063,東近江市大森町,東近江市大森町２１２１－１,２１２１－１,23-7188,周防 絹枝,S58/07/08,,,,東近江,5627921.pdf
美容所,すずらん美容室,523-0016,近江八幡市千僧供町,近江八幡市千僧供町６７２,６７２,37-0771,河村 康徳,S22/05/01,,,,東近江,5627921.pdf
美容所,スタジオ パセオ,527-0022,東近江市八日市上之町,東近江市八日市上之町９－３グリ－ンアルティ１Ｆ,９－３グリ－ンアルティ１Ｆ,22-1533,有限会社ヒロ・コムレッヅ,H04/06/24,,,,東近江,5627921.pdf
美容所,スミレ美容室,529-1642,蒲生郡日野町上野田,蒲生郡日野町上野田１７０－６,１７０－６,52-0423,大島 君子,S42/11/10,,,,東近江,5627921.pdf
美容所,セコンド・ハセ,527-0022,東近江市八日市上之町,東近江市八日市上之町８－２７,８－２７,0748-23-5553,有限会社コマチ,S53/11/27,,,,東近江,5627921.pdf
美容所,タケダ,529-1537,東近江市市子殿町,東近江市市子殿町４１７,４１７,55-0893,竹田 尚代,S41/11/30,,,,東近江,5627921.pdf
美容所,チェイリー,529-1572,東近江市桜川西町,東近江市桜川西町３７２－１,３７２－１,55-0138,宍野 輝昌,S48/10/31,,,,東近江,5627921.pdf
美容所,チヨ美容室,527-0223,東近江市高木町,東近江市高木町１１３１,１１３１,27-0543,平塚 千代子,S62/07/19,,,,東近江,5627921.pdf
美容所,トシ美容室,527-0028,東近江市八日市金屋二 丁目,東近江市八日市金屋二 丁目６－２,６－２,22-2672,京泉 敏子,S49/04/04,,,,東近江,5627921.pdf
美容所,とみ美容室,529-1644,蒲生郡日野町内池,蒲生郡日野町内池４７３,４７３,0748-52-1446,池内 登美子,H11/09/08,,,,東近江,5627921.pdf
美容所,とも美容室,521-1333,近江八幡市安土町内野,近江八幡市安土町内野９８２,９８２,46-5128,仙波 知子,H10/05/12,,,,東近江,5627921.pdf
美容所,ナリタ美容室,523-0013,近江八幡市長光寺町,近江八幡市長光寺町９９,９９,37-6244,成田 照子,H10/08/21,,,,東近江,5627921.pdf
美容所,にしかわ美容室,529-1604,蒲生郡日野町村井,蒲生郡日野町村井８７０－１１,８７０－１１,52-3551,西川 紀美江,H16/10/08,,,,東近江,5627921.pdf
美容所,ノーブル美容院,521-1242,東近江市福堂町,東近江市福堂町３４０４,３４０４,45-0652,田井中 国子,S45/02/13,,,,東近江,5627921.pdf
美容所,パーマハウス ２１,523-0046,近江八幡市上野町,近江八幡市上野町２２,２２,32-6205,福本 保,S63/07/18,,,,東近江,5627921.pdf
美容所,パーマハウス ミチ,523-0811,近江八幡市長田町,近江八幡市長田町１２５３－３,１２５３－３,33-5002,松山 満子,H16/06/24,,,,東近江,5627921.pdf
美容所,パーマハウス みるく,529-1443,東近江市五個荘北町屋 町,東近江市五個荘北町屋 町２０３,２０３,0748-48-5915,村田 晴美,H14/04/10,,,,東近江,5627921.pdf
美容所,サロンドアトレ,527-0023,東近江市八日市緑町,東近江市八日市緑町９－２７テニー１Ｆ,９－２７テニー１Ｆ,0748-23-2032,三宅 勝美,H07/11/21,,,,東近江,5627921.pdf
美容所,パール美容室,523-0892,近江八幡市出町,近江八幡市出町５－４８５,５－４８５,32-3550,木ノ切 美津子,S37/09/14,,,,東近江,5627921.pdf
美容所,はなこ美容室,529-1644,蒲生郡日野町内池,蒲生郡日野町内池４１６－２,４１６－２,53-2370,今津 京子,H02/02/21,,,,東近江,5627921.pdf
美容所,パーマハウス ムーミン,527-0022,東近江市八日市上之町,東近江市八日市上之町１－３８,１－３８,23-4006,奥居 町子,H02/08/08,,,,東近江,5627921.pdf
美容所,ハヤシ 美容室,527-0124,東近江市下岸本町,東近江市下岸本町２７０,２７０,0749-45-0422,山崎 照美,H15/11/13,,,,東近江,5627921.pdf
美容所,ハル美容室,527-0062,東近江市上大森町,東近江市上大森町７７６,７７６,22-5471,植村 春恵,S53/01/31,,,,東近江,5627921.pdf
美容所,バンビ,529-1522,東近江市鋳物師町,東近江市鋳物師町８７０,８７０,55-0410,小林 美代子,S47/07/15,,,,東近江,5627921.pdf
美容所,ひとみ美容室,523-0046,近江八幡市上野町,近江八幡市上野町６７－７７,６７－７７,34-6864,鍋谷 瞳,S51/09/04,,,,東近江,5627921.pdf
美容所,ひの美容室,529-1603,蒲生郡日野町大窪,蒲生郡日野町大窪５９５－１,５９５－１,52-0332,桧田 滋,S54/11/10,,,,東近江,5627921.pdf
美容所,ひふみ美容室,520-2552,蒲生郡竜王町小口,蒲生郡竜王町小口１５７,１５７,58-1522,西村 冨美子,S48/12/24,,,,東近江,5627921.pdf
美容所,ヒムレ美容室,520-2514,蒲生郡竜王町橋本,蒲生郡竜王町橋本３１８－３,３１８－３,58-1060,松下 利恵,S38/06/18,,,,東近江,5627921.pdf
美容所,ビューティ イチジョウ,521-1205,東近江市躰光寺町,東近江市躰光寺町５－４,５－４,42-3889,一乗 寿美代,S57/07/09,,,,東近江,5627921.pdf
美容所,ビューティー エスプリ,523-0891,近江八幡市鷹飼町,近江八幡市鷹飼町４３０－１,４３０－１,34-7433,大江 安恵,H09/11/25,,,,東近江,5627921.pdf
美容所,ビューティアップ エフ,529-1601,蒲生郡日野町松尾三丁 目,蒲生郡日野町松尾三丁 目２３－２,２３－２,0748-52-4633,徳井 二美乃,H11/11/19,,,,東近江,5627921.pdf
美容所,ビューティーサロン ハピネス,523-0808,近江八幡市長命寺町,近江八幡市長命寺町４１－３,４１－３,36-7675,徳永 里恵,S61/01/11,,,,東近江,5627921.pdf
美容所,ビューティーサロン コスモ,527-0201,東近江市蛭谷町,東近江市蛭谷町１９１,１９１,29-0308,北野 祥子,H12/12/26,,,,東近江,5627921.pdf
美容所,Beauty Salon Stella,523-0046,近江八幡市上野町,近江八幡市上野町３５,３５,0748-34-8398,西 文子,H18/10/20,,,,東近江,5627921.pdf
美容所,ビューティーパレス ｗｉｔｈ ｙｏｕ,527-0023,東近江市八日市緑町,東近江市八日市緑町１８－１ハイツエスポアール,１８－１ハイツエスポアール,22-3610,安達 厚子,H08/11/27,,,,東近江,5627921.pdf
美容所,ビューティサロン タニ,523-0875,近江八幡市小幡町上,近江八幡市小幡町上２８,２８,31-3793,谷 洋,S39/06/12,,,,東近江,5627921.pdf
美容所,ビューティサロン ナルミ,527-0131,東近江市勝堂町,東近江市勝堂町１１３３,１１３３,45-1019,福島 キヌ,S61/08/23,,,,東近江,5627921.pdf
美容所,ビューティサロン ヒサコ,520-2522,蒲生郡竜王町岩井,蒲生郡竜王町岩井３０２－１,３０２－１,57-0712,白井 久子,S58/02/10,,,,東近江,5627921.pdf
美容所,ビューティサロン みやじ,520-2521,蒲生郡竜王町川守,蒲生郡竜王町川守４５７,４５７,57-0554,宮治 恵巳子,S54/03/30,,,,東近江,5627921.pdf
美容所,ビューティサロン 中村,527-0143,東近江市百済寺本町,東近江市百済寺本町１４２１,１４２１,46-1327,中村 千賀子,S50/11/04,,,,東近江,5627921.pdf
美容所,ビューティサロン 長,529-1631,蒲生郡日野町鎌掛,蒲生郡日野町鎌掛１２０８,１２０８,52-4106,長 みどり,H11/03/16,,,,東近江,5627921.pdf
美容所,ビューティサロンなかにし,523-0041,近江八幡市中小森町,近江八幡市中小森町３２９－７,３２９－７,33-0845,中西 幸子,S56/11/10,,,,東近江,5627921.pdf
美容所,ビューティサロン久松,523-0013,近江八幡市長光寺町,近江八幡市長光寺町９０,９０,37-3225,久松 きみ子,S61/12/05,,,,東近江,5627921.pdf
美容所,ビューティサロン光希,523-0891,近江八幡市鷹飼町,近江八幡市鷹飼町１９街区の１,１９街区の１,34-7587,大橋 光希子,H10/03/10,,,,東近江,5627921.pdf
美容所,ビューティサロン和子,521-1321,近江八幡市安土町桑実 寺,近江八幡市安土町桑実 寺３８－１９,３８－１９,46-6275,小倉 和子,H05/11/22,,,,東近江,5627921.pdf
美容所,ビューティショップ アイン,523-0874,近江八幡市小幡町中,近江八幡市小幡町中５,５,32-3973,高木 勇,S59/05/02,,,,東近江,5627921.pdf
美容所,ビューティスタジオ プラスペリティ,527-0045,東近江市中小路町,東近江市中小路町６６４―２,６６４―２,22-2040,北邑 明子,H03/07/22,,,,東近江,5627921.pdf
美容所,ビューティサロン トモ,523-0033,近江八幡市日吉野町,近江八幡市日吉野町６３４－１６,６３４－１６,37-2566,奥谷 久代,H07/06/09,,,,東近江,5627921.pdf
美容所,ビューティサロン やまもと,527-0024,東近江市札の辻二丁目,東近江市札の辻二丁目１４－３,１４－３,23-5455,山本 三重子,S54/02/28,,,,東近江,5627921.pdf
美容所,ビューティサロンもりしま,527-0086,東近江市上平木町,東近江市上平木町３６,３６,23-3205,森島 美代子,S52/03/12,,,,東近江,5627921.pdf
美容所,ビューティサロン大砲館,529-1601,蒲生郡日野町松尾,蒲生郡日野町松尾１４９４,１４９４,52-1295,高倉 善三郎,S56/10/10,,,,東近江,5627921.pdf
美容所,ビューティハウス かぐや姫,527-0074,東近江市市辺町,東近江市市辺町１０６５,１０６５,22-6235,岡村 啓子,S58/02/17,,,,東近江,5627921.pdf
美容所,ビューティルーム 洋,527-0034,東近江市沖野一丁目,東近江市沖野一丁目６－３,６－３,22-0875,今若 洋子,H04/07/13,,,,東近江,5627921.pdf
美容所,ヒロセ美容室 能登川店,521-1222,東近江市佐野町,東近江市佐野町４０１－１,４０１－１,0748-42-5778,植田 和佳,H15/03/11,,,,東近江,5627921.pdf
美容所,ひろみ美容室,523-0075,近江八幡市野村町,近江八幡市野村町８６５,８６５,36-7584,仲井 弘美,S53/01/13,,,,東近江,5627921.pdf
美容所,ひろ美容室,529-1619,蒲生郡日野町佐久良,蒲生郡日野町佐久良８７３,８７３,52-3735,奥野 弘子,S58/05/30,,,,東近江,5627921.pdf
美容所,ふぁみーゆ 美容室,527-0004,東近江市建部堺町,東近江市建部堺町２７４－３,２７４－３,0748-23-4913,金井 久美子,H17/07/28,,,,東近江,5627921.pdf
美容所,ファミリーカットハウス アカイ天,523-0894,近江八幡市中村町,近江八幡市中村町５７７－２,５７７－２,0748-32-0335,堀北 真智子,H15/11/25,,,,東近江,5627921.pdf
美容所,プーラ・フリーム,521-1222,東近江市佐野町,東近江市佐野町４７５－２４,４７５－２４,42-1233,増子 郁美,H10/04/30,,,,東近江,5627921.pdf
美容所,フラワー美容室,529-1658,蒲生郡日野町中山,蒲生郡日野町中山１０６６,１０６６,52-1000,川島 朝子,S55/09/05,,,,東近江,5627921.pdf
美容所,ヘアー ＆ ビューティ ＴＡＭＴＡＭ,523-0893,近江八幡市桜宮町,近江八幡市桜宮町２０２サルビアタウン３０１－２,２０２サルビアタウン３０１－２,32-0847,村上 季子,S62/11/20,,,,東近江,5627921.pdf
美容所,Ｈａｉｒ Ｐａｓｓｉｏｎ アトリエ,523-0048,近江八幡市緑町三丁目,近江八幡市緑町三丁目７７２－４１,７７２－４１,0748-31-3485,有限会社Ｃａｎｔｉｋ,H14/05/21,,,,東近江,5627921.pdf
美容所,ヘアーアート・ラルジュさんきち号Ⅱ滋賀８ ０３そ８８８８,,,滋賀県一円,滋賀県一円,34-8600,有限会社ラルジュ,H11/12/14,,,,東近江,5627921.pdf
美容所,ヘアーアンドメーク アラーテジャポン,523-0891,近江八幡市鷹飼町,近江八幡市鷹飼町５２１,５２１,0748-34-7630,角田 幸夫,H12/06/02,,,,東近江,5627921.pdf
美容所,ヘアーギャラリー,523-0891,近江八幡市鷹飼町,近江八幡市鷹飼町４５３－６,４５３－６,33-7475,有限会社ヘアーギャラリー,H11/12/01,,,,東近江,5627921.pdf
美容所,ヘアースタジオ シャトレー,523-0032,近江八幡市白鳥町,近江八幡市白鳥町３８－１シャトレー白鳥内,３８－１シャトレー白鳥内,36-6239,川端 美澄,S60/12/12,,,,東近江,5627921.pdf
美容所,ヘアースタジオ フィット,529-1631,蒲生郡日野町鎌掛,蒲生郡日野町鎌掛２８４７,２８４７,0748-53-2328,竹村 達幸,H13/06/25,,,,東近江,5627921.pdf
美容所,ヘアースペース ブーケ,523-0015,近江八幡市上田町,近江八幡市上田町１８３－３９,１８３－３９,37-3436,岸田 美由紀,H14/05/31,,,,東近江,5627921.pdf
美容所,ヘアースペース 彩,521-1341,近江八幡市安土町上豊 浦,近江八幡市安土町上豊 浦１１１０,１１１０,46-4905,田島 好文,H01/11/12,,,,東近江,5627921.pdf
美容所,ＴＯＭＩ美容室,523-0892,近江八幡市出町,近江八幡市出町６８１,６８１,32-7938,下河邊 富子,S61/09/06,,,,東近江,5627921.pdf
美容所,ヘアーリラクゼーション Ｉ－ｔｓ,529-1431,東近江市五個荘山本町,東近江市五個荘山本町１０３,１０３,0748-48-5201,市井 保伸,H19/05/07,,,,東近江,5627921.pdf
美容所,ヘアーサロン Ｂｉｇ,527-0014,東近江市西中野町,東近江市西中野町９６１－１,９６１－１,25-2323,松本 緑,H03/04/26,,,,東近江,5627921.pdf
美容所,ヘアサロン ノンノ,529-1405,東近江市五個荘金堂町,東近江市五個荘金堂町８２９－６,８２９－６,48-5277,市田 和子,S63/07/15,,,,東近江,5627921.pdf
美容所,ヘアーデザインサロン高倉,520-2531,蒲生郡竜王町山之上,蒲生郡竜王町山之上１１４９－４,１１４９－４,57-0915,高倉 健治,H07/11/21,,,,東近江,5627921.pdf
美容所,べっぴんや,523-0031,近江八幡市堀上町,近江八幡市堀上町１５９－４１,１５９－４１,33-3279,倉橋 良子,S60/03/02,,,,東近江,5627921.pdf
美容所,ぺにゅ美容室,521-1234,東近江市きぬがさ町,東近江市きぬがさ町１２１,１２１,42-6877,大櫛 湖末,H04/05/02,,,,東近江,5627921.pdf
美容所,ベルジユバンスサロン美彫美容室,527-0028,東近江市八日市金屋二 丁目,東近江市八日市金屋二 丁目２－６,２－６,22-6883,小澤 善昭,H06/11/08,,,,東近江,5627921.pdf
美容所,ホテルニューオウミ 美容室,523-0891,近江八幡市鷹飼町,近江八幡市鷹飼町１４８１ ホテルニューオウミ３Ｆ,１４８１ ホテルニューオウミ３Ｆ,0748-37-8880,ワタベウェディング株式会社,H15/04/28,,,,東近江,5627921.pdf
美容所,ほりえ美容室,529-1603,蒲生郡日野町大窪,蒲生郡日野町大窪５８９,５８９,52-1817,堀江 美都枝,S46/02/06,,,,東近江,5627921.pdf
美容所,マスミ,527-0028,東近江市八日市金屋一 丁目,東近江市八日市金屋一 丁目４－２,４－２,22-1734,田中 ひで,S51/07/21,,,,東近江,5627921.pdf
美容所,みくに美容室,520-2531,蒲生郡竜王町山之上,蒲生郡竜王町山之上１１４５－１,１１４５－１,57-0240,山田 久美子,H06/09/05,,,,東近江,5627921.pdf
美容所,ミスミ美容室,529-1628,蒲生郡日野町西大路,蒲生郡日野町西大路２１６１,２１６１,52-0175,仲本 伶子,S55/03/08,,,,東近江,5627921.pdf
美容所,みつわ美容室,523-0871,近江八幡市新町四丁目,近江八幡市新町四丁目４５,４５,33-5055,富永 寿子,H10/01/13,,,,東近江,5627921.pdf
美容所,みつ美容室,527-0231,東近江市山上町,東近江市山上町３６３２,３６３２,27-1078,堀江 ミツエ,S50/12/06,,,,東近江,5627921.pdf
美容所,ミフネ美生院,523-0813,近江八幡市西本郷町,近江八幡市西本郷町４０１－２,４０１－２,37-0390,奥谷 君子,S44/06/03,,,,東近江,5627921.pdf
美容所,ミマス美容室,527-0231,東近江市山上町,東近江市山上町１２９０,１２９０,27-0791,端 かおる,S39/12/03,,,,東近江,5627921.pdf
美容所,ムッシュ リュウマ,523-0015,近江八幡市上田町,近江八幡市上田町１７６－６,１７６－６,0748-37-0438,有限会社ムッシュリュウマ,H18/12/22,,,,東近江,5627921.pdf
美容所,メンズ＆レディースサロン タマミズ,527-0076,東近江市野口町,東近江市野口町１－２８,１－２８,0748-23-0576,玉水 龍太郎,H11/05/20,,,,東近江,5627921.pdf
美容所,モーション ヘアー うの,527-0046,東近江市妙法寺町,東近江市妙法寺町８７５－１,８７５－１,28-1811,宇野 昌弘,H06/02/25,,,,東近江,5627921.pdf
美容所,やよい美容室,523-0816,近江八幡市西庄町,近江八幡市西庄町１３２１,１３２１,32-1988,北川 やす子,H03/11/03,,,,東近江,5627921.pdf
美容所,ユミ,520-2511,蒲生郡竜王町林,蒲生郡竜王町林４０４,４０４,57-0246,荒川 すぎ,S50/08/01,,,,東近江,5627921.pdf
美容所,ユリ美容室 近江八幡イオン店,523-0898,近江八幡市鷹飼町南三 丁目,近江八幡市鷹飼町南三 丁目７近江八幡イオン４Ｆ,７近江八幡イオン４Ｆ,38-0226,株式会社ユリ美容室,H09/03/21,,,,東近江,5627921.pdf
美容所,りぼん,523-0894,近江八幡市中村町,近江八幡市中村町１４－１７,１４－１７,0748-34-7790,平内 明子,H14/11/25,,,,東近江,5627921.pdf
美容所,リリー,521-1221,東近江市垣見町,東近江市垣見町７０３,７０３,42-0277,中林 艶子,S34/03/19,,,,東近江,5627921.pdf
美容所,るぴなす美容所,527-0012,東近江市八日市本町,東近江市八日市本町９－１５,９－１５,22-3106,奥 紀子,S44/02/27,,,,東近江,5627921.pdf
美容所,レイメイ美容室,527-0011,東近江市八日市浜野町,東近江市八日市浜野町２－２１,２－２１,22-0425,富田 劭子,H07/11/22,,,,東近江,5627921.pdf
美容所,ロマン美容室,529-1651,蒲生郡日野町山本,蒲生郡日野町山本７６７－３９,７６７－３９,52-4433,奥田 美千子,H13/03/13,,,,東近江,5627921.pdf
美容所,安田美容所,527-0074,東近江市市辺町,東近江市市辺町２３８４－３,２３８４－３,22-2670,安田 千代子,S60/03/25,,,,東近江,5627921.pdf
美容所,安土美容院,521-1351,近江八幡市安土町常楽 寺,近江八幡市安土町常楽 寺８４８,８４８,46-2719,北川 貞夫,S50/06/06,,,,東近江,5627921.pdf
美容所,井本美容室,523-0046,近江八幡市上野町,近江八幡市上野町２０７,２０７,34-8080,井本 艶子,S34/11/25,,,,東近江,5627921.pdf
美容所,河島美容院,527-0155,東近江市大林町,東近江市大林町６２１,６２１,46-1322,河島 正明,S41/06/28,,,,東近江,5627921.pdf
美容所,吉滝美容室,527-0056,東近江市御園町,東近江市御園町５４１,５４１,22-0129,吉滝 とみ,S34/06/08,,,,東近江,5627921.pdf
美容所,吉沢美容室,529-1617,蒲生郡日野町中之郷,蒲生郡日野町中之郷１５８,１５８,52-1992,吉沢 美和子,S48/03/23,,,,東近江,5627921.pdf
美容所,橋本美容院,529-1655,蒲生郡日野町石原,蒲生郡日野町石原１１６８,１１６８,52-1709,橋本 佐代,S52/06/14,,,,東近江,5627921.pdf
美容所,五個荘美容院,529-1422,東近江市五個荘小幡町,東近江市五個荘小幡町４６３,４６３,48-2382,辻井 多喜雄,S38/03/10,,,,東近江,5627921.pdf
美容所,幸美容室,521-1221,東近江市垣見町,東近江市垣見町７２３,７２３,42-0515,古沢 幸,S33/12/01,,,,東近江,5627921.pdf
美容所,広田衣裳店美容室,527-0025,東近江市八日市東本町,東近江市八日市東本町５－２０,５－２０,0748-22-0663,有限会社廣田衣裳店,H19/11/22,,,,東近江,5627921.pdf
美容所,高畠美容室,527-0054,東近江市池田町,東近江市池田町１１４６－２,１１４６－２,22-5358,高畠 勝子,S45/09/29,,,,東近江,5627921.pdf
美容所,山崎美容室,523-0005,近江八幡市末広町,近江八幡市末広町３６８－８,３６８－８,37-7625,山崎 玲子,S52/09/19,,,,東近江,5627921.pdf
美容所,私の部屋,527-0006,東近江市建部日吉町,東近江市建部日吉町３４８－９,３４８－９,25-1340,矢野 元城,H04/12/10,,,,東近江,5627921.pdf
美容所,若宮美容室,523-0034,近江八幡市若宮町,近江八幡市若宮町５１２－２,５１２－２,37-7069,掘 米子,S51/08/12,,,,東近江,5627921.pdf
美容所,寿美美容室,527-0122,東近江市長町,東近江市長町２５７,２５７,45-0547,黄地 育子,S43/08/21,,,,東近江,5627921.pdf
美容所,小山美容院,523-0034,近江八幡市若宮町,近江八幡市若宮町横栄園４７３,横栄園４７３,37-0074,小山 徳恵,S48/12/10,,,,東近江,5627921.pdf
美容所,松井美容室,523-0084,近江八幡市船木町,近江八幡市船木町１１９７－１３,１１９７－１３,33-4733,松井 ムツミ,H05/04/26,,,,東近江,5627921.pdf
美容所,上野美容室,527-0047,東近江市野村町,東近江市野村町５１１－５,５１１－５,23-2157,上野 徳子,S61/06/16,,,,東近江,5627921.pdf
美容所,深井美容室,523-0087,近江八幡市北津田町,近江八幡市北津田町６６６,６６６,32-3835,深井 和子,H05/12/17,,,,東近江,5627921.pdf
美容所,深尾美容室,521-1334,近江八幡市安土町西老 蘇,近江八幡市安土町西老 蘇７３７,７３７,33-2894,深尾 房子,S41/02/10,,,,東近江,5627921.pdf
美容所,須口美容室,520-2561,蒲生郡竜王町須惠,蒲生郡竜王町須惠４５７,４５７,58-0067,須口 貞子,S50/12/25,,,,東近江,5627921.pdf
美容所,水島美容所,523-0041,近江八幡市中小森町,近江八幡市中小森町６８９－２０,６８９－２０,33-9241,水島 京子,S62/07/24,,,,東近江,5627921.pdf
美容所,西田美容室,523-0891,近江八幡市鷹飼町,近江八幡市鷹飼町６７３,６７３,32-2619,西田 和枝,S41/11/13,,,,東近江,5627921.pdf
美容所,染屋本舗／ＳＡＬＯＮ ＤＥ ＣＬＵＢ・Ｄ Ｊ,523-0031,近江八幡市堀上町,近江八幡市堀上町１３０－１関軌ビル２Ｆ,１３０－１関軌ビル２Ｆ,0748-34-8856/8857,東 真一,H07/11/17,,,,東近江,5627921.pdf
美容所,装美容室,521-1231,東近江市能登川町,東近江市能登川町３４４－１５,３４４－１５,42-6903,有限会社装美容室,H13/04/02,,,,東近江,5627921.pdf
美容所,増美美容室,529-1401,東近江市五個荘石馬寺 町,東近江市五個荘石馬寺 町４１４－６,４１４－６,48-4890,増田 美代子,S53/10/06,,,,東近江,5627921.pdf
美容所,中西美容室,523-0016,近江八幡市千僧供町,近江八幡市千僧供町２４７－１,２４７－１,37-0267,中西 まつ子,S46/10/15,,,,東近江,5627921.pdf
美容所,中沢美容室,527-0027,東近江市栄町,東近江市栄町５－８,５－８,22-1891,中沢 美恵子,S45/02/27,,,,東近江,5627921.pdf
美容所,長谷美容室,521-1221,東近江市垣見町,東近江市垣見町７１８,７１８,42-0388,有川 千恵子,S37/05/20,,,,東近江,5627921.pdf
美容所,長谷美容室,527-0012,東近江市八日市本町,東近江市八日市本町１７－３,１７－３,22-0665,万里川 英子,H16/10/01,,,,東近江,5627921.pdf
美容所,徳田美容室,529-1424,東近江市五個荘三俣町,東近江市五個荘三俣町１７５,１７５,0748-48-3593,徳田 ひで子,H18/04/14,,,,東近江,5627921.pdf
美容所,八千代美容室,520-2531,蒲生郡竜王町山之上,蒲生郡竜王町山之上東出３５４２,東出３５４２,57-0679,増田 光江,S35/11/01,,,,東近江,5627921.pdf
美容所,髪創作 雅楽,523-0031,近江八幡市堀上町,近江八幡市堀上町１２１－１ ナックハウス１Ｆ,１２１－１ ナックハウス１Ｆ,0748-31-3403,西山 恭代,H13/11/05,,,,東近江,5627921.pdf
美容所,美アップサロン Ｍｉｓｓ紅花,521-1215,東近江市佐生町,東近江市佐生町１５３,１５３,42-7636,山田 明子,H11/04/19,,,,東近江,5627921.pdf
美容所,美智美容室,527-0063,東近江市大森町,東近江市大森町２８,２８,22-3055,中井 美智子,S54/06/12,,,,東近江,5627921.pdf
美容所,美容 菊,523-0063,近江八幡市十王町,近江八幡市十王町８２９,８２９,36-8657,梅村 菊枝,S48/11/08,,,,東近江,5627921.pdf
美容所,美容 三和,523-0031,近江八幡市堀上町,近江八幡市堀上町１５－１０,１５－１０,34-6818,薄永 淑江,S57/07/03,,,,東近江,5627921.pdf
美容所,美容Ｂｉｇ,523-0015,近江八幡市上田町,近江八幡市上田町６２９,６２９,37-0141,松本 昭彦,H07/02/14,,,,東近江,5627921.pdf
美容所,美容マツムラ,521-1221,東近江市垣見町,東近江市垣見町６６７,６６７,42-1402,松村 紀子,S50/03/15,,,,東近江,5627921.pdf
美容所,美容院ながみね,529-1551,東近江市宮川町,東近江市宮川町６６７－３５,６６７－３５,55-2944,久保 照美,S58/08/08,,,,東近江,5627921.pdf
美容所,美容工房 萌黄,523-0082,近江八幡市土田町,近江八幡市土田町２９６－１,２９６－１,0748-32-2781,中島 千文,H18/06/01,,,,東近江,5627921.pdf
美容所,美容室 Ｂｉｇ,527-0014,東近江市西中野町,東近江市西中野町７－１８,７－１８,25-2323,松本 昭彦,H15/07/29,,,,東近江,5627921.pdf
美容所,美容室 Ｂｏｎ’ｎｅ,523-0851,近江八幡市市井町,近江八幡市市井町２６６,２６６,0748-32-3878,濱田 政彦,H16/12/20,,,,東近江,5627921.pdf
美容所,美容室 Ｃｉｅｌｏ ａｚｕｌ,527-0074,東近江市市辺町,東近江市市辺町１０５２,１０５２,0748-22-2520,永山 智加子,H15/03/07,,,,東近江,5627921.pdf
美容所,美容室 ＭＩＷＡ 三和,520-2524,蒲生郡竜王町綾戸,蒲生郡竜王町綾戸４６５,４６５,57-0532,布施 美和子,H08/11/30,,,,東近江,5627921.pdf
美容所,美容室 Ｎ．みゆき,523-0805,近江八幡市円山町,近江八幡市円山町１３１５,１３１５,0748-32-6363,西川 美佐江,H14/01/07,,,,東近江,5627921.pdf
美容所,美容室 Ｐｒｉｍｒｏｓｅ Ｔｅｒａｓｈｉ ｍａ,520-2531,蒲生郡竜王町山之上,蒲生郡竜王町山之上８５５－１,８５５－１,0748-57-1145,寺嶋 良春,H17/12/06,,,,東近江,5627921.pdf
美容所,美容室 Ｓａｃｈｉ,527-0114,東近江市大沢町,東近江市大沢町５６３,５６３,45-0638,垣谷 祐子,H13/09/11,,,,東近江,5627921.pdf
美容所,美容室 Ｓｈｕ,523-0892,近江八幡市出町,近江八幡市出町４１４－５ フラワー１番館 １０５号,４１４－５ フラワー１番館 １０５号,0748-32-0167,吉村 修一,H17/05/27,,,,東近江,5627921.pdf
美容所,美容室 ニオ,527-0023,東近江市八日市緑町,東近江市八日市緑町３０－６,３０－６,23-3556,鳰 和美,H04/03/31,,,,東近江,5627921.pdf
美容所,Ｌｏｏｏｐ ｈａｉｒ,527-0011,東近江市八日市浜野町,東近江市八日市浜野町１－１,１－１,24-2030,株式会社ｈ＆ｂ,H10/07/17,,,,東近江,5627921.pdf
美容所,美容室 プラネタリア,523-0891,近江八幡市鷹飼町,近江八幡市鷹飼町４５６－１アトレＯＳ１Ｆ,４５６－１アトレＯＳ１Ｆ,33-9550,森 修司,H09/10/09,,,,東近江,5627921.pdf
美容所,美容室 ブリック,523-0061,近江八幡市江頭町,近江八幡市江頭町４１７－２ 我等住スクウエアーⅡ,４１７－２ 我等住スクウエアーⅡ,0748-32-3766,川橋 和子,H16/10/28,,,,東近江,5627921.pdf
美容所,美容室 マッシュ,521-1225,東近江市山路町,東近江市山路町１０２－１２,１０２－１２,42-6270,川南 泰介,H07/10/05,,,,東近江,5627921.pdf
美容所,美容室 ミウラ,523-0043,近江八幡市池田本町,近江八幡市池田本町１０９５－４,１０９５－４,0748-33-4047,伊原 弥生,H13/12/21,,,,東近江,5627921.pdf
美容所,美容室 髪縛居,527-0033,東近江市東沖野五丁目,東近江市東沖野五丁目２３－９,２３－９,22-6890,矢野 幸子,H07/02/24,,,,東近江,5627921.pdf
美容所,美容室ＡＧＵＲＡＩＡ,521-1215,東近江市佐生町,東近江市佐生町３６－１０,３６－１０,42-7707,池元 暢人,H10/03/31,,,,東近江,5627921.pdf
美容所,美容室Ｂ・Ｉ・Ｔ,521-1341,近江八幡市安土町上豊 浦,近江八幡市安土町上豊 浦西才行９０７－２８,西才行９０７－２８,46-5318,菊居 潤治,H11/06/25,,,,東近江,5627921.pdf
美容所,美容室ＴＯＭＯＫＯ,523-0044,近江八幡市篠原町一丁 目,近江八幡市篠原町一丁 目１４－２,１４－２,33-2564,井上 知子,H01/12/01,,,,東近江,5627921.pdf
美容所,美容室Ｙｏｕ,527-0015,東近江市中野町,東近江市中野町７３５－５,７３５－５,22-3357,菊井 幸子,H13/04/03,,,,東近江,5627921.pdf
美容所,美容室アート,523-0892,近江八幡市出町,近江八幡市出町１２３－１ダイヤモンドビル５Ｆ,１２３－１ダイヤモンドビル５Ｆ,32-8320,久保 千鶴,H04/10/20,,,,東近江,5627921.pdf
美容所,美容室イチニのサン,521-1311,近江八幡市安土町下豊 浦,近江八幡市安土町下豊 浦４４５０,４４５０,46-2617,野村 美地子,S61/06/26,,,,東近江,5627921.pdf
美容所,美容室サフラン,523-0048,近江八幡市緑町一丁目,近江八幡市緑町一丁目９１０－７０,９１０－７０,34-6711,田中 雅子,S51/08/11,,,,東近江,5627921.pdf
美容所,美容室シオン,523-0892,近江八幡市出町,近江八幡市出町２６７,２６７,32-0345,林 正博,H07/01/09,,,,東近江,5627921.pdf
美容所,美容室シンカイ,529-1653,蒲生郡日野町三十坪,蒲生郡日野町三十坪１６０７,１６０７,52-2541,新海 君枝,S57/06/24,,,,東近江,5627921.pdf
美容所,美容室ビートル 近江八幡店,523-0015,近江八幡市上田町,近江八幡市上田町１２７８－３ １Ｆ,１２７８－３ １Ｆ,0748-37-4890,株式会社ｈ＆ｂ,H14/02/14,,,,東近江,5627921.pdf
美容所,美容室ビートル 能登川店,521-1221,東近江市垣見町,東近江市垣見町１５１５,１５１５,0748-42-7180,株式会社ｈ＆ｂ,H18/11/16,,,,東近江,5627921.pdf
美容所,美容室ビートルＢ１,527-0031,東近江市幸町,東近江市幸町１－３８,１－３８,0748-22-4517,株式会社ｈ＆ｂ,H20/03/14,,,,東近江,5627921.pdf
美容所,美容室まき,527-0047,東近江市野村町,東近江市野村町４１７－１０,４１７－１０,23-5851,邑田 清子,S58/12/17,,,,東近江,5627921.pdf
美容所,美容室ゆ～う,523-0041,近江八幡市中小森町,近江八幡市中小森町２７６－２２,２７６－２２,0748-34-8660,有限会社Ａｋａｎｅ美容室,H19/06/05,,,,東近江,5627921.pdf
美容所,美容室ルージュ,527-0039,東近江市青葉町,東近江市青葉町３８８,３８８,25-2048,金井 好江,H02/12/06,,,,東近江,5627921.pdf
美容所,美容室れい,527-0055,東近江市瓜生津町,東近江市瓜生津町１２１３,１２１３,23-6131,藤川 初枝,S54/08/20,,,,東近江,5627921.pdf
美容所,美容所かずみ,527-0231,東近江市山上町,東近江市山上町２３４９,２３４９,27-0527,河合 和美,S52/12/27,,,,東近江,5627921.pdf
美容所,百日草美容室,523-0031,近江八幡市堀上町,近江八幡市堀上町１４２－４０,１４２－４０,33-6910,米沢 好江,S61/10/27,,,,東近江,5627921.pdf
美容所,北川美容室,527-0085,東近江市下羽田町,東近江市下羽田町１４６,１４６,22-4535,北川 孝代,H14/05/07,,,,東近江,5627921.pdf
美容所,巳千子美容室,521-1342,近江八幡市安土町上出,近江八幡市安土町上出８９１,８９１,46-2410,吉田 巳千子,S49/02/28,,,,東近江,5627921.pdf
美容所,木村スタジオ美容室,523-0892,近江八幡市出町,近江八幡市出町４１６－１３,４１６－１３,0748-33-3591,有限会社廣田衣裳店,H19/11/22,,,,東近江,5627921.pdf
美容所,老人ホーム きぬがさ荘,529-1441,東近江市五個荘川並町,東近江市五個荘川並町３３０,３３０,48-3725,滋賀県立軽費老人ホ－ム きぬがさ荘,S60/08/29,,,,東近江,5627921.pdf
美容所,長屋ａｂｅｉ,529-1661,蒲生郡日野町安部居,蒲生郡日野町安部居７６４,７６４,0748-34-0168,株式会社ＢＥＭＹＯＯ,H21/04/27,,,,東近江,5627921.pdf
美容所,眞空庵,527-0104,東近江市読合堂町,東近江市読合堂町７１８,７１８,0749-45-1018,川瀬 弘江,H21/06/08,,,,東近江,5627921.pdf
美容所,ｃｏｃｏｃｈｉ,527-0125,東近江市小田苅町,東近江市小田苅町３０４－２,３０４－２,0749-45-3453,村山 浩士,H21/07/03,,,,東近江,5627921.pdf
美容所,frontier hair & face,523-0015,近江八幡市上田町,近江八幡市上田町１２４９－１６,１２４９－１６,0748-37-3131,駒井 拓郎,H21/07/08,,,,東近江,5627921.pdf
美容所,ヘアーステーション ひまわり,523-0887,近江八幡市西元町,近江八幡市西元町２７,２７,0748-32-8337,小川 早苗,H21/07/30,,,,東近江,5627921.pdf
美容所,ＤéＩ－ｓiｇＮ,527-0082,東近江市上羽田町,東近江市上羽田町２２５０－４,２２５０－４,0748-24-1331,小林 美菜子,H21/09/24,,,,東近江,5627921.pdf
美容所,HAIR Ames,527-0033,東近江市東沖野三丁目,東近江市東沖野三丁目２６０－３,２６０－３,0748-25-2057,木澤 美智子,H21/09/29,,,,東近江,5627921.pdf
美容所,Peace,527-0046,東近江市妙法寺町,東近江市妙法寺町８７５－１－１０２,８７５－１－１０２,0748-25-7717,小森 美加子,H21/10/05,,,,東近江,5627921.pdf
美容所,Ｂ．Ｐ．Ｋ．,523-0892,近江八幡市出町,近江八幡市出町４２２ コーポ・ルネタ１０１,４２２ コーポ・ルネタ１０１,0748-32-5156,Ｂ・Ｐ・Ｋ・有限会社,H21/10/29,,,,東近江,5627921.pdf
美容所,Rejoice,529-1551,東近江市宮川町,東近江市宮川町２４４－６７２,２４４－６７２,,野村 恵子,H21/11/19,,,,東近江,5627921.pdf
美容所,髪処 あまんぼ,523-0806,近江八幡市北之庄町,近江八幡市北之庄町９２０－８,９２０－８,0748-33-3822,岩本 美智子,H21/12/01,,,,東近江,5627921.pdf
美容所,ＨＡＩＲ ＣＵＳＴＯＭ ＷＯＲＫＳ,527-0038,東近江市聖徳町,東近江市聖徳町１－５９,１－５９,0748-20-0288,松本 智雄,H21/12/09,,,,東近江,5627921.pdf
美容所,ｅｃｃｏ ｇｒｅｅｎ,527-0046,東近江市妙法寺町,東近江市妙法寺町８３３,８３３,0748-25-7718,株式会社ｅｃｃｏ,H21/12/11,,,,東近江,5627921.pdf
美容所,ＲＯＣＫＥＴ ＢＥＡＵＴＹ ＳＡＬＯＯＮ,523-0813,近江八幡市西本郷町,近江八幡市西本郷町２５２－２０,２５２－２０,0748-38-0824,西 雅司,H22/01/20,,,,東近江,5627921.pdf
美容所,ＦＡＭＥＳ×ＢＲＡＮＣＨ,523-0816,近江八幡市西庄町,近江八幡市西庄町１２５０ キタゼンビル２Ｆ,１２５０ キタゼンビル２Ｆ,0748-33-6733,山口 賢也,H22/02/08,,,,東近江,5627921.pdf
美容所,デトックスハウス 美の癒し Ｏ２ 近江八 幡店,523-0015,近江八幡市上田町,近江八幡市上田町１３４９－１,１３４９－１,0748-37-2321,丸茂 真弓,H22/03/01,,,,東近江,5627921.pdf
美容所,Ｔｒｅｓｏｒ,529-1642,蒲生郡日野町上野田,蒲生郡日野町上野田８３－３,８３－３,0748-26-1269,森 千佳,H22/04/16,,,,東近江,5627921.pdf
美容所,エステティックサロン bon･fee ボンフェ,523-0819,近江八幡市西本郷町西,近江八幡市西本郷町西２－２,２－２,0748-38-4323,株式会社ＨＩＲＯＴＡ,H22/05/07,,,,東近江,5627921.pdf
美容所,Ｌｅｍｏｎ ｔｏ Ｍｉｎｔ,523-0056,近江八幡市古川町,近江八幡市古川町１１７３－７４,１１７３－７４,0748-33-3256,川嶋 めぐみ,H22/05/24,,,,東近江,5627921.pdf
美容所,ヘアーデザイン ココビ,523-0893,近江八幡市桜宮町,近江八幡市桜宮町２１５－３,２１５－３,0748-33-5505,株式会社フィール,H22/06/11,,,,東近江,5627921.pdf
美容所,ＳＴＡＮＤ ＨＥＭ,523-0015,近江八幡市上田町,近江八幡市上田町１０４１－２５,１０４１－２５,0748-26-1349,古株 圭剛,H22/07/15,,,,東近江,5627921.pdf
美容所,ｊａｍｕ,527-0033,東近江市東沖野三丁目,東近江市東沖野三丁目８－１１,８－１１,0748-36-3222,宮澤 智士,H22/08/06,,,,東近江,5627921.pdf
美容所,Ｕｎｒｅｖｅ,523-0015,近江八幡市上田町,近江八幡市上田町１２５７－３１,１２５７－３１,0748-37-2363,西村 元宏,H22/12/06,,,,東近江,5627921.pdf
美容所,Ｃａｃｈｅｔｔｅ,527-0045,東近江市中小路町,東近江市中小路町６４２－６,６４２－６,0748-23-3900,浜地 正枝,H22/12/16,,,,東近江,5627921.pdf
美容所,ＦＡＭＥＳ,523-0816,近江八幡市西庄町,近江八幡市西庄町１７９８－２,１７９８－２,0748-30-7733,山口 賢也,H23/02/01,,,,東近江,5627921.pdf
美容所,Ｈａｉｒ ａｎｄ Ｂｏｄｙ ＣＵＲＡ,523-0892,近江八幡市出町,近江八幡市出町８３９,８３９,0748-33-2110,株式会社笑楽,H23/02/01,,,,東近江,5627921.pdf
美容所,ビューティーサロンエツコ,521-1332,近江八幡市安土町東老 蘇,近江八幡市安土町東老 蘇１３８７－３,１３８７－３,0748-46-2727,岩村 恵津子,H23/06/08,,,,東近江,5627921.pdf
美容所,髪染本舗 八日市,527-0011,東近江市八日市浜野町,東近江市八日市浜野町３－１アルプラザ八日市ショッピングプラ ザアピア,３－１アルプラザ八日市ショッピングプラ ザアピア,0748-23-2200,日本バイオ医薬株式会社,H23/06/20,,,,東近江,5627921.pdf
美容所,Hair salon ONE UP マックスバリュ東近江店,527-0039,東近江市青葉町,東近江市青葉町２－８－３,２－８－３,0748-25-5353,株式会社西洋舎,H23/08/02,,,,東近江,5627921.pdf
美容所,harakara,523-0897,近江八幡市鷹飼町東一 丁目,近江八幡市鷹飼町東一 丁目３－４,３－４,0748-37-5800,山本 伸,H23/09/08,,,,東近江,5627921.pdf
美容所,ヘアーワークス Ｙ’s,523-0819,近江八幡市西本郷町西,近江八幡市西本郷町西１－２,１－２,0748-37-8003,小林 庸子,H23/09/12,,,,東近江,5627921.pdf
美容所,髪染本舗近江八幡店,523-0893,近江八幡市桜宮町,近江八幡市桜宮町２０２－１ アル・プラザ近江八幡２階,２０２－１ アル・プラザ近江八幡２階,0748-36-3887,日本バイオ医薬株式会社,H23/10/13,,,,東近江,5627921.pdf
美容所,ｅｃｃｏ ｆｌｅｕｒ,527-0017,東近江市昭和町,東近江市昭和町１０４０－１,１０４０－１,0748-22-7676,株式会社ｅｃｃｏ,H23/11/25,,,,東近江,5627921.pdf
美容所,HAIR STUDIO Ｐｅａｃｏｃｋ,523-0032,近江八幡市白鳥町,近江八幡市白鳥町２９－１,２９－１,0748-36-1451,池元 結香,H24/01/01,,,,東近江,5627921.pdf
美容所,ネオスヘアーリアン,523-0891,近江八幡市鷹飼町北三 丁目,近江八幡市鷹飼町北三 丁目１８－６,１８－６,0748-32-6523,駒井 俊郎,H24/01/28,,,,東近江,5627921.pdf
美容所,ｒａｐｐｏｒｔ,521-1321,近江八幡市安土町桑実 寺,近江八幡市安土町桑実 寺３８－１８２,３８－１８２,0748-46-6559,本村 知名江,H24/01/27,,,,東近江,5627921.pdf
美容所,西川美容室,523-0876,近江八幡市本町二丁目,近江八幡市本町二丁目２４－３,２４－３,0748-33-3771,西川 みさを,H24/01/30,,,,東近江,5627921.pdf
美容所,モア アヴァンセ,523-0058,近江八幡市加茂町,近江八幡市加茂町３５９０－６,３５９０－６,0748-32-3422,株式会社モアエンタープライズ,H24/02/13,,,,東近江,5627921.pdf
美容所,Ｌuce,521-1225,東近江市山路町,東近江市山路町２８０７,２８０７,0748-42-7660,小漆間 明代,H24/04/05,,,,東近江,5627921.pdf
美容所,Ｑｕｅｎｃｈ,520-2562,蒲生郡竜王町鵜川,蒲生郡竜王町鵜川５０６,５０６,,西村 美雪,H24/04/27,,,,東近江,5627921.pdf
美容所,シスター,527-0047,東近江市野村町,東近江市野村町５１９－４,５１９－４,0748-24-1311,山下 ミツ子,H24/06/25,,,,東近江,5627921.pdf
美容所,private salon laugh,527-0121,東近江市小池町,東近江市小池町１３２,１３２,0749-20-5026,寺川 可奈子,H24/08/10,,,,東近江,5627921.pdf
美容所,Ｔｒｉｐ,521-1204,東近江市小川町,東近江市小川町１２９０,１２９０,0748-42-1533,中田 治,H24/09/03,,,,東近江,5627921.pdf
美容所,Ｈａｉｒ Ｓａｌｏｎ Ｓａｋｕｒａ,521-1212,東近江市種町,東近江市種町１６８０－６４,１６８０－６４,26-0692,長﨑 麻紀,H24/09/18,,,,東近江,5627921.pdf
美容所,Ｈａｉｒ－ｍａｋｅ ｓｑｕａｔ,523-0031,近江八幡市堀上町,近江八幡市堀上町２１０－１２,２１０－１２,0748-32-1338,宮田 浩,H24/10/26,,,,東近江,5627921.pdf
美容所,まつ毛エクステサロン ｅｙｅ家,520-2531,蒲生郡竜王町山之上,蒲生郡竜王町山之上２３０５,２３０５,,柿田 智子,H24/12/27,,,,東近江,5627921.pdf
美容所,ＰＥＳＣＡ,521-1243,東近江市栗見新田町,東近江市栗見新田町６５１,６５１,0748-45-0545,野田 薫,H25/01/07,,,,東近江,5627921.pdf
美容所,リズムヘアー＆スパ,523-0056,近江八幡市古川町,近江八幡市古川町１１８０－１０,１１８０－１０,0748-33-8008,中越 秀明,H25/02/13,,,,東近江,5627921.pdf
美容所,ｈａｉｒ ｓａｌｏｎ 優,521-1311,近江八幡市安土町下豊 浦,近江八幡市安土町下豊 浦５０９６－２５,５０９６－２５,0748-46-4266,山本 亜子,H25/03/01,,,,東近江,5627921.pdf
美容所,Ｈａｉｒ Ｍａｋｅ Ｌｏｔｕｓ,523-0816,近江八幡市西庄町,近江八幡市西庄町８０１－９,８０１－９,0748-26-6597,大谷 麻衣子,H25/04/08,,,,東近江,5627921.pdf
美容所,グラフィックス,523-0892,近江八幡市出町,近江八幡市出町８５３－５,８５３－５,0748-47-8876,鷹中 功,H25/05/01,,,,東近江,5627921.pdf
美容所,クイックカットＢＢ イオン近江八幡店,523-0891,近江八幡市鷹飼町南三 丁目,近江八幡市鷹飼町南三 丁目７,７,0748-37-5873,株式会社ＮＣＮＬジャパン,H25/07/05,,,,東近江,5627921.pdf
美容所,ｃｏｑｕｉｌｌｅ,523-0083,近江八幡市小船木町,近江八幡市小船木町７２１－９５,７２１－９５,0748-36-3906,馬目 由紀子,H25/07/17,,,,東近江,5627921.pdf
美容所,Ｃｕｒｅ－Ｓｔｙｌｅ Ａｉ,523-0063,近江八幡市十王町,近江八幡市十王町９２４－４,９２４－４,0748-26-6993,稲澤 あや,H25/08/27,,,,東近江,5627921.pdf
美容所,美容プラージュ近江八幡店,523-0894,近江八幡市中村町,近江八幡市中村町１－２ 山添ビル１Ｆ,１－２ 山添ビル１Ｆ,0748-33-3935,阪南理美容株式会社,H25/08/23,,,,東近江,5627921.pdf
美容所,Ｋｓｙｕ ｈａｉｒ,527-0231,東近江市山上町,東近江市山上町２９２９－２,２９２９－２,0748-26-1867,岸本 裕美子,H25/10/31,,,,東近江,5627921.pdf
美容所,河島美容院,527-0135,東近江市横溝町,東近江市横溝町２２７,２２７,0749-45-3444,河島 正人,H25/11/01,,,,東近江,5627921.pdf
美容所,美容室ｎｅｃｅｓｓａｒｙ,523-0892,近江八幡市出町,近江八幡市出町９１７－３,９１７－３,0748-32-3232,山田 由美子,H25/11/21,,,,東近江,5627921.pdf
美容所,ＣＲＯＳＳ,527-0022,東近江市八日市上之町,東近江市八日市上之町８－３６,８－３６,0748-26-8264,矢島 慎嗣,H26/04/07,,,,東近江,5627921.pdf
美容所,ｎｅｒｉｎｅ,523-0036,近江八幡市竹町,近江八幡市竹町９９７－２ ２階,９９７－２ ２階,0748-37-5557,佐藤 みさき,H26/04/10,,,,東近江,5627921.pdf
美容所,Ｈａｉｒ’ｓ Ｒｕｍａｈ,527-0029,東近江市八日市町,東近江市八日市町１－３ ＮＣＣビル１階,１－３ ＮＣＣビル１階,0748-26-8246,森谷 忠司,H26/04/11,,,,東近江,5627921.pdf
美容所,美容室 髪ｉｎ,527-0036,東近江市聖和町,東近江市聖和町１１－１２,１１－１２,0748-23-2660,野瀬 郁夫,H26/04/21,,,,東近江,5627921.pdf
美容所,ａｒｔｅ Ｂｅｅｔｌｅ ｎａｉｌ,527-0011,東近江市八日市浜野町,東近江市八日市浜野町３－１ アピア１Ｆ,３－１ アピア１Ｆ,0748-43-0019,株式会社ｈ＆ｂ,H26/06/06,,,,東近江,5627921.pdf
美容所,ＯＫＵＭＵＲＡ ビューティーサロン,521-1203,東近江市川南町,東近江市川南町８９３,８９３,0748-42-1399,奥村 幸世美,H26/06/25,,,,東近江,5627921.pdf
美容所,美．ｍａｋｅ ＭＩＮＴ,527-0036,東近江市聖和町,東近江市聖和町３－９ コーポコイズミ１０３,３－９ コーポコイズミ１０３,0748-25-5161,北村 優,H26/07/28,,,,東近江,5627921.pdf
美容所,Ｈ９,523-0001,近江八幡市金剛寺町,近江八幡市金剛寺町５２５－７,５２５－７,0748-43-0399,浦田 啓史,H26/09/08,,,,東近江,5627921.pdf
美容所,ｔｏｔｏ ｈａｉｒ,521-1221,東近江市垣見町,東近江市垣見町１３３８,１３３８,0748-43-1363,奥村 友恵,H26/10/28,,,,東近江,5627921.pdf
美容所,ｈａｉｒｓｔｕｄｉｏ ＨＡＮ．Ｔ,520-2531,蒲生郡竜王町山之上,蒲生郡竜王町山之上２８１５－２,２８１５－２,0748-57-1027,田境 初江,H26/11/04,,,,東近江,5627921.pdf
美容所,Ｃｕｔ師 ＳＵＧＩＵＲＡ＋Ｃ,529-1617,蒲生郡日野町中之郷,蒲生郡日野町中之郷４５２－８,４５２－８,0748-52-0299,杉浦 勝利,H26/11/26,,,,東近江,5627921.pdf
美容所,美容室 まり,521-1221,東近江市垣見町,東近江市垣見町６３０－２,６３０－２,0748-43-0236,堀 真理,H26/12/09,,,,東近江,5627921.pdf
美容所,Ｇｉｇｇｌｅ,523-0043,近江八幡市池田本町,近江八幡市池田本町８６９－３４ ジュジュ池田本町ビル１０ １,８６９－３４ ジュジュ池田本町ビル１０ １,0748-33-0590,川橋 忍,H27/01/13,,,,東近江,5627921.pdf
美容所,美容室 アップル,527-0045,東近江市中小路町,東近江市中小路町６６４－２,６６４－２,0748-56-1128,塩田 みち子,H27/01/21,,,,東近江,5627921.pdf
美容所,ｈａｉｒ ｄｒ． ＴＳＵＲＵＳＡＫＩ,523-0856,近江八幡市音羽町,近江八幡市音羽町１２３－８,１２３－８,0748-26-0780,鶴﨑 憲仁,H27/03/02,,,,東近江,5627921.pdf
美容所,Ｇａｔｏ,521-1221,東近江市垣見町,東近江市垣見町１５４７ ドレメテナント２Ｆ,１５４７ ドレメテナント２Ｆ,0748-36-2332,尾藤 朋子,H27/03/23,,,,東近江,5627921.pdf
美容所,Ｃａｌｍ,523-0033,近江八幡市日吉野町,近江八幡市日吉野町７６１,７６１,0748-37-5544,荒牧 寛,H27/04/17,,,,東近江,5627921.pdf
美容所,Ｓａｌｏｎ ｄｅ ｃｉｅｌ,529-1658,蒲生郡日野町中山,蒲生郡日野町中山６５２－４,６５２－４,,錦戸 由佳,H27/04/27,,,,東近江,5627921.pdf
美容所,ＨａｉｒＤｅｓｉｇｎ ＢＲＯＷＮ ＳＵＧ ＡＲ♀,527-0108,東近江市小八木町,東近江市小八木町１５０４,１５０４,,ＢＲＯＷＮＳＵＧＡＲ合同会社,H27/05/08,,,,東近江,5627921.pdf
美容所,ｃｏｌｌｅｔ,523-0818,近江八幡市西本郷町東,近江八幡市西本郷町東８－９,８－９,0748-36-1757,大塚 雅也,H27/06/18,,,,東近江,5627921.pdf
美容所,Ｅｃｒｉｎ,523-0015,近江八幡市上田町,近江八幡市上田町１５４８,１５４８,,長尾 なな子,H27/06/25,,,,東近江,5627921.pdf
美容所,Ｐｅｔｉｅｕｒ,521-1221,東近江市垣見町,東近江市垣見町７６４－１,７６４－１,,福永 友香,H27/07/03,,,,東近江,5627921.pdf
美容所,Ｌａ ｃｈｏｕ ｃｈｏｕ,527-0022,東近江市八日市上之町,東近江市八日市上之町９５－１,９５－１,0748-56-1264,砂川 晴菜,H27/07/28,,,,東近江,5627921.pdf
美容所,ＢＡＧＵＳ,523-0058,近江八幡市加茂町,近江八幡市加茂町３２１－９,３２１－９,0748-36-1123,野田 文花,H27/08/28,,,,東近江,5627921.pdf
美容所,株式会社ナウ長谷,521-1222,東近江市佐野町,東近江市佐野町６４９－３,６４９－３,0748-42-3564,株式会社ナウ長谷,H27/09/03,,,,東近江,5627921.pdf
美容所,ビューティサロン つばき,523-0031,近江八幡市堀上町,近江八幡市堀上町５６－６,５６－６,0748-43-1432,足立 聖子,H27/09/11,,,,東近江,5627921.pdf
美容所,Ｃｈａｌｅｕｒ －シャルール－,527-0085,東近江市下羽田町,東近江市下羽田町２００－２０,２００－２０,,片上 有里子,H27/10/16,,,,東近江,5627921.pdf
美容所,Ｆｉｌｕｍ,527-0034,東近江市沖野五丁目,東近江市沖野五丁目１６４８－４,１６４８－４,0748-56-1231,長谷川 裕一,H27/10/30,,,,東近江,5627921.pdf
美容所,ｈａｉｒ ｗｏｒｋｓ ＫｉＫｉ,523-0816,近江八幡市西庄町,近江八幡市西庄町１４５５－２,１４５５－２,0748-26-1317,中川 清美,H27/12/16,,,,東近江,5627921.pdf
美容所,ｈａｉｒ ｓａｌｏｎ ＰＵＰＵＫＡ,523-0022,近江八幡市馬淵町,近江八幡市馬淵町２４２５,２４２５,0748-43-1243,川端 優子,H28/01/29,,,,東近江,5627921.pdf
美容所,Ｈａｉｒ Ｓａｌｏｎ ｙｏｕ華,529-1551,東近江市宮川町,東近江市宮川町２４４－１０７,２４４－１０７,0748-55-8118,Ｈａｉｒ Ｓａｌｏｎ ｙｏｕ華合同会社,H28/02/10,,,,東近江,5627921.pdf
美容所,リアン美容室,527-0157,東近江市下中野町,東近江市下中野町６０５－６,６０５－６,0749-46-1116,真野 由香子,H28/02/29,,,,東近江,5627921.pdf
美容所,ｈａｉｒ Ｒｕｎｗａｙ,529-1609,蒲生郡日野町中道一丁 目,蒲生郡日野町中道一丁 目７１－１,７１－１,0748-53-2270,神山 剛史,H28/04/20,,,,東近江,5627921.pdf
美容所,美容カットエー,523-0891,近江八幡市鷹飼町,近江八幡市鷹飼町４０ イオン近江八幡ショッピングセン ター２Ｆ,４０ イオン近江八幡ショッピングセン ター２Ｆ,0748-37-8555,株式会社カットツイン,H28/05/12,,,,東近江,5627921.pdf
美容所,ｈａｉｒ Ｒ,529-1603,蒲生郡日野町大窪,蒲生郡日野町大窪５７５,５７５,0748-43-1022,宮島 信夫,H28/05/20,,,,東近江,5627921.pdf
美容所,Ｌａ ｃａｃｈｅｔｔｅ,521-1201,東近江市新宮町,東近江市新宮町１８８６,１８８６,,鈴木 あみ,H28/05/27,,,,東近江,5627921.pdf
美容所,美容室Ａｚｕ,521-1222,東近江市佐野町,東近江市佐野町４０１－１ ＳＡＮＯか乃うビル１階,４０１－１ ＳＡＮＯか乃うビル１階,0748-26-6291,野村 利恵,H28/06/16,,,,東近江,5627921.pdf
美容所,ＴＩＲＯ,527-0028,東近江市八日市金屋一 丁目,東近江市八日市金屋一 丁目２－１,２－１,0748-56-1244,北岸 智也,H28/06/28,,,,東近江,5627921.pdf
美容所,ｇｎｉｋ,529-1601,蒲生郡日野町松尾,蒲生郡日野町松尾９５３－１ ＫＳ日野ビル,９５３－１ ＫＳ日野ビル,0748-53-0898,下久保 裕介,H28/06/27,,,,東近江,5627921.pdf
美容所,ＳＡＬＯＮ Ｙｕｋａ,529-1647,蒲生郡日野町別所,蒲生郡日野町別所１０９３－２０８,１０９３－２０８,0748-43-2559,岡 由香,H28/08/03,,,,東近江,5627921.pdf
美容所,ＶＥＬＬＮＡ,521-1221,東近江市垣見町,東近江市垣見町１３２６,１３２６,0748-36-3238,新垣 浩康,H28/09/01,,,,東近江,5627921.pdf
美容所,ＨＡＩＲＡＳ,523-0032,近江八幡市白鳥町,近江八幡市白鳥町２９－１ 敷島第３マンション１０２,２９－１ 敷島第３マンション１０２,0748-36-1451,馬場 満,H28/09/02,,,,東近江,5627921.pdf
美容所,Ｈｅａｖｅｎ’ｓ Ｄｏｏｒ,523-0816,近江八幡市西庄町,近江八幡市西庄町２０２４－３,２０２４－３,0748-36-1290,濵田 亜希,H28/09/20,,,,東近江,5627921.pdf
美容所,＆ｍａｒｔ,527-0123,東近江市中岸本町,東近江市中岸本町２７０－４,２７０－４,,福田 真人,H28/10/25,,,,東近江,5627921.pdf
美容所,Ｈｅａｌｉｎｇ ｓａｌｏｎ ｉＲ,529-1444,東近江市五個荘石塚町,東近江市五個荘石塚町１７１－１５,１７１－１５,,網藤 いづみ,H28/10/28,,,,東近江,5627921.pdf
美容所,Ｊａｍ ｋａｒｅｔ,529-1609,蒲生郡日野町中道二丁 目,蒲生郡日野町中道二丁 目８－３,８－３,0748-26-5930,山口 悦子,H28/11/10,,,,東近江,5627921.pdf
美容所,ＲＥＦＬＥＣＴＩＯＮ,521-1221,東近江市垣見町,東近江市垣見町１５６２ １Ｆ,１５６２ １Ｆ,0748-26-1874,本多 裕亮,H28/11/09,,,,東近江,5627921.pdf
美容所,ｎｉｃｏｔｔｏ,523-0058,近江八幡市加茂町,近江八幡市加茂町２１３２－１５,２１３２－１５,0748-47-8562,村田 美里,H28/11/25,,,,東近江,5627921.pdf
美容所,ＦＡＭＩＬＹ ＨＡＩＲ ＳＡＬＯＮ Ｍｉ ｌｋ,529-1541,東近江市蒲生堂町,東近江市蒲生堂町５４３,５４３,0748-55-5210,望月 敦子,H28/12/26,,,,東近江,5627921.pdf
美容所,ｂｅａｕｔｙ ｓｐａｃｅ Ｌｕｃｉ,527-0022,東近江市八日市上之町,東近江市八日市上之町八丁目２８－１０２,八丁目２８－１０２,0748-28-0151,小西 里実,H29/01/10,,,,東近江,5627921.pdf
美容所,ＳＬＯＷ ＦＬＯＷ,529-1413,東近江市五個荘簗瀬町,東近江市五個荘簗瀬町４０４,４０４,0748-43-0762,鈴木 建太,H29/02/03,,,,東近江,5627921.pdf
美容所,Sherpa hair skin hospital,527-0045,東近江市中小路町,東近江市中小路町４０６,４０６,0748-43-2963,中野 智督,H29/02/06,,,,東近江,5627921.pdf
美容所,ヘアくらぶＳＩＥＬＵ,527-0135,東近江市横溝町,東近江市横溝町３２２－１,３２２－１,0749-45-0985,黒川 梨香,H29/02/15,,,,東近江,5627921.pdf
美容所,ＯＳＡＹＡ ＹＯＫＡＩＣＨＩ,527-0067,東近江市芝原町,東近江市芝原町７６６－４,７６６－４,0748-23-8115,株式会社ＢＥＭＹＯＯ,H29/02/21,,,,東近江,5627921.pdf
美容所,Ｈａｉｒ Ｓｐａｃｅ Ｏｆｆ,527-0046,東近江市妙法寺町,東近江市妙法寺町６９４－６,６９４－６,0748-23-1466,株式会社ＦＲＯ,H29/02/27,,,,東近江,5627921.pdf
美容所,美容所 くるみ,527-0093,東近江市糠塚町,東近江市糠塚町９０３,９０３,,井上 裕子,H29/03/17,,,,東近江,5627921.pdf
美容所,ｈａｉｒ ｄｅｓｉｇｎ ＲＩＧＥＬ,527-0012,東近江市八日市本町,東近江市八日市本町二丁目８ ＭＴビル１Ｆ,二丁目８ ＭＴビル１Ｆ,0748-43-1510,齊藤 弘幸,H29/04/07,,,,東近江,5627921.pdf
美容所,おしゃれ館,523-0031,近江八幡市堀上町,近江八幡市堀上町１３４－８,１３４－８,0748-34-8035,永﨑 利幸,H29/04/07,,,,東近江,5627921.pdf
美容所,ｈａｉｒ ｌａｂ ＳＴＥＲＮ,520-2524,蒲生郡竜王町綾戸,蒲生郡竜王町綾戸１００５,１００５,0748-26-1897,布施 龍起,H29/04/07,,,,東近江,5627921.pdf
美容所,Ｈａｉｒ Ｄｅｓｉｇｎ ＰＬＡＮＴＳ ～ プランツ～,527-0025,東近江市八日市東本町,東近江市八日市東本町６－１４,６－１４,0748-22-2330,向井 朋子,H29/04/20,,,,東近江,5627921.pdf
美容所,ＴＩＮＯ ｂｙ ｇａｎｅｓｈａ,523-0031,近江八幡市堀上町,近江八幡市堀上町１２０－１,１２０－１,0748-34-2020,株式会社ガネイシャ,H29/05/24,,,,東近江,5627921.pdf
美容所,ＨＩＤＡＭＡＲＩ～ｈａｉｒ ｒｏｏｍ～,523-0001,近江八幡市金剛寺町,近江八幡市金剛寺町６０７－２,６０７－２,,橋本 真理子,H29/06/16,,,,東近江,5627921.pdf
美容所,Ｌｉｌａ 近江八幡店,523-0894,近江八幡市中村町,近江八幡市中村町１－２,１－２,0748-36-2233,伊佐治 亜里,H29/06/28,,,,東近江,5627921.pdf
美容所,カットハウス ｃｈｏｃｏ,521-1343,近江八幡市安土町小中,近江八幡市安土町小中６４８,６４８,,忠田 千代子,H29/07/31,,,,東近江,5627921.pdf
美容所,藤川,521-1205,東近江市躰光寺町,東近江市躰光寺町４２８－１１,４２８－１１,0748-42-2302,藤川 智子,H29/10/02,,,,東近江,5627921.pdf
美容所,ｖｏｃｃａ ｗｏｃｃａ,521-1223,東近江市猪子町,東近江市猪子町４２２,４２２,0748-40-0187,浅井 藍,H29/08/21,,,,東近江,5627921.pdf
美容所,［，ｅｔ］ ｈａｉｒ ｄｅｓｉｇｎ,523-0891,近江八幡市鷹飼町,近江八幡市鷹飼町４５７－２３ １Ｆ,４５７－２３ １Ｆ,0748-29-3425,内田 喜徳,H29/10/13,,,,東近江,5627921.pdf
美容所,ｉｅｎａ,527-0064,東近江市尻無町,東近江市尻無町１７５０－２１,１７５０－２１,,岸本 沙希,H29/10/25,,,,東近江,5627921.pdf
美容所,森野美容室,521-1241,東近江市乙女浜町,東近江市乙女浜町３５３,３５３,0748-45-0168,森野 美代子,H29/10/31,,,,東近江,5627921.pdf
美容所,ｍｅｔａｍｏｒｐｈｏｓｅ（メタモルフォー ゼ）,521-1205,東近江市躰光寺町,東近江市躰光寺町１４９５－２０,１４９５－２０,,峠岡 佳名,H29/11/24,,,,東近江,5627921.pdf
美容所,マルソメ ドンキ東近江,527-0016,東近江市今崎町,東近江市今崎町１６３,１６３,0748-23-1160,前川 政光,H29/12/12,,,,東近江,5627921.pdf
美容所,Ｈａｉｒｍａｋｅ ｅｓｔ,523-0894,近江八幡市中村町,近江八幡市中村町４６－９,４６－９,0748-36-1792,山田 和彦,H30/01/10,,,,東近江,5627921.pdf
美容所,まつエク ｒｏｏｍ Ｒａｋｕｕ,521-1222,東近江市佐野町,東近江市佐野町２５３－７,２５３－７,,福冨 恵子,H30/01/15,,,,東近江,5627921.pdf
美容所,Ｌｕｃｙ,527-0023,東近江市八日市緑町,東近江市八日市緑町１７－３０,１７－３０,0748-26-5081,株式会社かなで,H30/02/26,,,,東近江,5627921.pdf
美容所,カットコムズ ドンキ近江八幡,523-0891,近江八幡市鷹飼町,近江八幡市鷹飼町２２３－３,２２３－３,,前川 政光,H30/03/06,,,,東近江,5627921.pdf
美容所,マルソメ ドンキ近江八幡,523-0891,近江八幡市鷹飼町,近江八幡市鷹飼町２２３－３,２２３－３,,前川 政光,H30/03/06,,,,東近江,5627921.pdf
美容所,ＦＬＡＶＯＲ,527-0231,東近江市山上町,東近江市山上町１３２２－５,１３２２－５,0748-56-1386,古谷 淳,H30/03/01,,,,東近江,5627921.pdf
美容所,Ｈａｉｒｓ Ｏｒｇｅ（ヘアーズ オル ジュ）,523-0061,近江八幡市江頭町,近江八幡市江頭町４８０－１,４８０－１,0748-36-1987,松本 竜二,H30/03/28,,,,東近江,5627921.pdf
美容所,Ｃｈａｒｍ 近江八幡店,523-0031,近江八幡市堀上町,近江八幡市堀上町１３９－２５,１３９－２５,077-575-3671,合同会社ＬＵＭＥＲＩＥ,H30/04/26,,,,東近江,5627921.pdf
美容所,ＢＡＮＣＡ＋ｎ,523-0893,近江八幡市桜宮町,近江八幡市桜宮町２９４ ＹＰ．１ビル１Ｆ,２９４ ＹＰ．１ビル１Ｆ,0748-33-1200,株式会社クレステージ,H30/06/29,,,,東近江,5627921.pdf
美容所,ＣａＲａｔ．,527-0037,東近江市東今崎町,東近江市東今崎町７－３３ １階,７－３３ １階,0748-56-1309,樋口 宗孝,H30/07/03,,,,東近江,5627921.pdf
美容所,リラ八日市店,527-0022,東近江市八日市上之町,東近江市八日市上之町２－７ ウイング八日市３０４,２－７ ウイング八日市３０４,0748-29-3933,株式会社ＯＲＥＳＳ,H30/07/02,,,,東近江,5627921.pdf
美容所,【女性のためのヘアサロン】ＬｕｃｘｉＡ,521-1221,東近江市垣見町,東近江市垣見町１６０２,１６０２,,井口 賢,H30/08/08,,,,東近江,5627921.pdf
美容所,Ｌｕｘｅ,527-0006,東近江市建部日吉町,東近江市建部日吉町５１６－１２,５１６－１２,0748-26-7459,戸田 明男,H30/08/20,,,,東近江,5627921.pdf
美容所,Ａｇｕ ｈａｉｒ ｃｈｅｒｉｅ,523-0891,近江八幡市鷹飼町,近江八幡市鷹飼町５７２ エミール近江八幡壱番館３０２,５７２ エミール近江八幡壱番館３０２,0748-43-0165,株式会社ａｇｉｒ,H30/12/25,,,,東近江,5627921.pdf
美容所,ヘアカラー専門店ｆｕｆｕ 近江八幡アクア ２１店,523-0891,近江八幡市鷹飼町,近江八幡市鷹飼町１７９ ２階,１７９ ２階,0748-36-1163,株式会社Ｆａｓｔ Ｂｅａｕｔｙ,H30/12/12,,,,東近江,5627921.pdf
美容所,ホテルニューオウミ ビューティサロン,523-0891,近江八幡市鷹飼町,近江八幡市鷹飼町１４８１ ホテルニューオウミ内,１４８１ ホテルニューオウミ内,0748-36-8801,有限会社モンレーブみさ,H30/12/07,,,,東近江,5627921.pdf
美容所,Ｎ,523-0894,近江八幡市中村町,近江八幡市中村町２０ ダイゴビル１Ｆ,２０ ダイゴビル１Ｆ,0748-33-0112,鳰 健太郎,H31/01/05,,,,東近江,5627921.pdf
美容所,ｒａｆｕｒｉ ｈａｉｒ,529-1411,東近江市五個荘河曲町,東近江市五個荘河曲町３３０－８,３３０－８,,田中 沙也佳,H31/02/05,,,,東近江,5627921.pdf
美容所,３３１ ｅｙｅｌａｓｈ ｓａｌｏｎ,523-0816,近江八幡市西庄町,近江八幡市西庄町２８７９－１４,２８７９－１４,,前田 恵,H31/03/25,,,,東近江,5627921.pdf
美容所,カットコムズ ドンキ東近江,527-0016,東近江市今崎町,東近江市今崎町１６３,１６３,,前川 政光,H31/04/23,,,,東近江,5627921.pdf
美容所,ａｍｉｃｏ,523-0845,近江八幡市博労町中,近江八幡市博労町中４－１,４－１,0748-36-3595,中澤 智巳,H31/04/11,,,,東近江,5627921.pdf
美容所,Ｒｅｖｅ,529-1551,東近江市宮川町,東近江市宮川町６８３－１１６,６８３－１１６,,増田 有希,H31/04/12,,,,東近江,5627921.pdf
美容所,ＭＡＱＵＩＡ近江八幡店,523-0892,近江八幡市出町,近江八幡市出町４１３－１８ １Ｆ,４１３－１８ １Ｆ,0748-43-2884,株式会社ＭＡＱＵＩＡ,H31/04/11,,,,東近江,5627921.pdf
美容所,美容室Ｋｅｙ,523-0892,近江八幡市出町,近江八幡市出町６８７,６８７,0748-34-3280,濱崎 恵美,H31/04/24,,,,東近江,5627921.pdf
美容所,ｅｙｅｌａｓｈ ｓａｌｏｎ ＬＯＳＩＳ,529-1635,蒲生郡日野町迫,蒲生郡日野町迫２５１,２５１,,安井 あすか,R01/06/20,,,,東近江,5627921.pdf
美容所,Ｎａｇｉ Ｈａｉｒ,520-2571,蒲生郡竜王町西横関,蒲生郡竜王町西横関２０５－２７,２０５－２７,0748-26-3580,松本 晶江,R01/07/01,,,,東近江,5627921.pdf
美容所,ＡＲＮＥ＋ｎ,523-0894,近江八幡市中村町,近江八幡市中村町１－１５,１－１５,0748-33-9000,株式会社クレステージ,R01/07/01,,,,東近江,5627921.pdf
美容所,ａｓ ａｒｔ,523-0817,近江八幡市浅小井町,近江八幡市浅小井町５２６－２０,５２６－２０,,今出 愛子,R01/07/24,,,,東近江,5627921.pdf
美容所,ｈａｉｒ ＣＲＡＦＴ ｂｙ ｂｏｎｄｓ,523-0012,近江八幡市武佐町,近江八幡市武佐町４９３－３,４９３－３,0748-26-3099,川原﨑 智哉,R01/07/31,,,,東近江,5627921.pdf
美容所,Ｉｎｔｅｒ Ｇｒｏｗ,523-0896,近江八幡市鷹飼町北三 丁目,近江八幡市鷹飼町北三 丁目７－８,７－８,0748-33-0885,北村 浩,R01/09/17,,,,東近江,5627921.pdf
美容所,雨音美容室,521-1223,東近江市猪子町,東近江市猪子町２５８,２５８,050-3390-2082,森 仁美,R01/10/08,,,,東近江,5627921.pdf
美容所,カミキリヤ ａｔｏｎｅ,521-1205,東近江市躰光寺町,東近江市躰光寺町１４９５－２５,１４９５－２５,,磯嵜 明子,R01/11/05,,,,東近江,5627921.pdf
美容所,Ｈａｉｒ－ｉｓｉｓ,521-1235,東近江市伊庭町,東近江市伊庭町１０１－４,１０１－４,0748-42-7011,岸田 賢治,R01/11/28,,,,東近江,5627921.pdf
美容所,Ｃｈａｒｍ 能登川店,521-1224,東近江市林町,東近江市林町６３５,６３５,077-575-3671,合同会社ＬＵＭＥＲＩＥ,R01/12/13,,,,東近江,5627921.pdf
美容所,Ｃｕｔ１０００ 日野店,529-1601,蒲生郡日野町松尾,蒲生郡日野町松尾８４４－１０,８４４－１０,,株式会社ソーシャルコンセンサス,R02/01/29,,,,東近江,5627921.pdf
美容所,ｆｉｋａ,529-1443,東近江市五個荘北町屋 町,東近江市五個荘北町屋 町１６５,１６５,0748-48-8114,谷口 麻衣,R02/01/16,,,,東近江,5627921.pdf
美容所,ＯＳＡＹＡ ｔａｔｅｂｅ,527-0006,東近江市建部日吉町,東近江市建部日吉町４０８,４０８,0748-36-3424,株式会社ＢＥＭＹＯＯ,R02/02/13,,,,東近江,5627921.pdf
美容所,Ｌａｕｇｈ Ｌｅａ,521-1235,東近江市伊庭町,東近江市伊庭町２５２－８７,２５２－８７,0748-26-9854,髙橋 幸司,R02/02/19,,,,東近江,5627921.pdf
美容所,Ｅｔｅｒｎａｌ ｂｏｎｄｓ Ｒｏｏｔｓ,527-0022,東近江市八日市上之町,東近江市八日市上之町９－３ グリーンアルティＡ－１ Ａ－２,９－３ グリーンアルティＡ－１ Ａ－２,0748-25-2325,城 美和,R02/03/02,,,,東近江,5627921.pdf
美容所,カットハウス モアプラス,523-0815,近江八幡市若葉町一丁 目,近江八幡市若葉町一丁 目９１－９ １Ｆ,９１－９ １Ｆ,0748-37-4084,奥村 智,R02/04/21,,,,東近江,5627921.pdf
美容所,Ｄａ Ｏｇｇｉ Ｈａｉｒ Ｄｅｓｉｇｎ,523-0043,近江八幡市池田本町,近江八幡市池田本町７４４,７４４,050-1419-4115,志村 亜矢,R02/03/31,,,,東近江,5627921.pdf
美容所,理美容室ＲＢＫ,527-0011,東近江市八日市浜野町,東近江市八日市浜野町３－１ アピア専門店街２Ｆ,３－１ アピア専門店街２Ｆ,0748-24-1786,小澤 宏美,R02/04/17,,,,東近江,5627921.pdf
美容所,Ｓａｌｌｙ,523-0892,近江八幡市出町,近江八幡市出町９１７,９１７,0748-40-0140,山田 由美子,R02/04/17,,,,東近江,5627921.pdf
美容所,ｐｌｕｓ ｂｅｌｌｅ,529-1443,東近江市五個荘北町屋 町,東近江市五個荘北町屋 町４００－１,４００－１,,寺田 えり,R02/04/28,,,,東近江,5627921.pdf
美容所,Ｈａｋｕｓｈ,521-1311,近江八幡市安土町下豊 浦,近江八幡市安土町下豊 浦５０７６,５０７６,0748-36-1331,川内 景子,R02/06/18,,,,東近江,5627921.pdf
美容所,ＣОＸ,521-1212,東近江市種町,東近江市種町１７００－４９,１７００－４９,,石井 彰子,R02/05/29,,,,東近江,5627921.pdf
美容所,ロキエ,523-0896,近江八幡市鷹飼町北三 丁目,近江八幡市鷹飼町北三 丁目１１－６,１１－６,,合同会社Ｌｉｌｌｙ Ｇｒａｎｄｅ,R02/05/29,,,,東近江,5627921.pdf
美容所,Ｂ－ｅａｃｈ,523-0894,近江八幡市中村町,近江八幡市中村町１７－１８,１７－１８,0748-32-3615,北村 大祐,R02/06/19,,,,東近江,5627921.pdf
美容所,こべや,523-0045,近江八幡市安養寺町,近江八幡市安養寺町９２０－１ オーエスアコールデ１０１,９２０－１ オーエスアコールデ１０１,0748-40-0015,久保田 高子,R02/08/06,,,,東近江,5627921.pdf
美容所,Ｂｅａｕｖｅｓ,523-0848,近江八幡市永原町中,近江八幡市永原町中１,１,,岩瀬 加奈子,R02/08/21,,,,東近江,5627921.pdf
美容所,Ａｉｌｅ,527-0033,東近江市東沖野四丁目,東近江市東沖野四丁目１－１１,１－１１,0748-25-7001,株式会社ＶｉＲｉ,R02/09/07,,,,東近江,5627921.pdf
美容所,ｍｉｔｅ,527-0033,東近江市東沖野三丁目,東近江市東沖野三丁目８－１１－１,８－１１－１,,上垣 美佳,R02/10/01,,,,東近江,5627921.pdf
美容所,ｆｉｌｅｒ,527-0023,東近江市八日市緑町,東近江市八日市緑町１２－７ Ａ番館２階,１２－７ Ａ番館２階,0748-26-5081,株式会社かなで,R02/10/20,,,,東近江,5627921.pdf
美容所,ｙｕｎ,527-0023,東近江市八日市緑町,東近江市八日市緑町１５－２０－１,１５－２０－１,0749-49-4101,西澤 佑美,R02/11/30,,,,東近江,5627921.pdf
美容所,ｈａｉｒ ｓａｌｏｎ Ａｃｅ,529-1443,東近江市五個荘北町屋 町,東近江市五個荘北町屋 町３４１,３４１,,城道 亮佑,R02/12/25,,,,東近江,5627921.pdf
美容所,サロンスタジオＢＥＡＤ,523-0894,近江八幡市中村町,近江八幡市中村町３２－４ 平井ビル１Ｆ,３２－４ 平井ビル１Ｆ,0748-29-3192,松井 享平,R03/01/28,,,,東近江,5627921.pdf
美容所,セラ・ヴェルディ,523-0892,近江八幡市出町,近江八幡市出町４１３－５,４１３－５,0748-33-4986,株式会社モアエンタープライズ,R03/02/04,,,,東近江,5627921.pdf
美容所,ｂ．ＬＡＢＯ,529-1441,東近江市五個荘川並町,東近江市五個荘川並町８－１,８－１,,小林 遥斗,R03/02/16,,,,東近江,5627921.pdf
美容所,Ｌｕａｎａ,521-1221,東近江市垣見町,東近江市垣見町７６４－３,７６４－３,,池内 なつ実,R03/03/01,,,,東近江,5627921.pdf
美容所,Ｓｔｅｌｌａ,527-0035,東近江市ひばり丘町,東近江市ひばり丘町３－３１,３－３１,050-3442-5939,村川 浩未,R03/03/17,,,,東近江,5627921.pdf
美容所,Ｂｅｌｌｅ,523-0022,近江八幡市馬淵町,近江八幡市馬淵町１３８２－８,１３８２－８,,北川 菜月,R03/04/16,,,,東近江,5627921.pdf
美容所,ＨＡＩＲ ＪＡＭ,527-0033,東近江市東沖野一丁目,東近江市東沖野一丁目７－２０ シャトレービル別館,７－２０ シャトレービル別館,0748-23-8181,川原 純子,R03/05/25,,,,東近江,5627921.pdf
美容所,ｍｏｌ．,523-0893,近江八幡市桜宮町,近江八幡市桜宮町２０７－３（２階）,２０７－３（２階）,0748-33-0507,西尾 円,R03/06/25,,,,東近江,5627921.pdf
美容所,ＨＩＢＩＫＩ,527-0205,東近江市黄和田町,東近江市黄和田町９３８,９３８,,前田 奈緒美,R03/07/09,,,,東近江,5627921.pdf
美容所,ｅｙｅｌａｓｈ ｓｔｕｄｉｏ ＣＨＩＬＬ,529-1405,東近江市五個荘金堂町,東近江市五個荘金堂町２５９－１４,２５９－１４,,矢野 純佳,R03/07/09,,,,東近江,5627921.pdf
美容所,Ｈａｉｒ Ｍａｋｅ Ｓｉｅｎａ,523-0063,近江八幡市十王町,近江八幡市十王町４０７－３,４０７－３,,蔵田 智子,R03/08/05,,,,東近江,5627921.pdf
美容所,ｋｉｔｔａ,523-0062,近江八幡市丸の内町,近江八幡市丸の内町４－５,４－５,0748-26-6999,大西 亜矢香,R03/09/28,,,,東近江,5627921.pdf
美容所,Ｌｕａｎａ ｅｙｅｌａｓｈ,527-0038,東近江市聖徳町,東近江市聖徳町１－４７－８,１－４７－８,,重田 乃里子,R03/10/19,,,,東近江,5627921.pdf
美容所,Ｌｉｌａ 近江八幡店/ｍｅｎ’ｓ ｓａｌ ｏｎ ＣＲＥＳＴ 近江八幡店,523-0891,近江八幡市鷹飼町,近江八幡市鷹飼町５３４ ＡＣＴ近江八幡１Ｆ２号室,５３４ ＡＣＴ近江八幡１Ｆ２号室,0748-36-2233,株式会社ＯＲＥＳＳ,R03/11/04,,,,東近江,5627921.pdf
美容所,ｊｏｕｒｎｅｙ,523-0816,近江八幡市西庄町,近江八幡市西庄町１０９４－９,１０９４－９,0748-33-0078,三﨑 直人,R03/12/02,,,,東近江,5627921.pdf
美容所,ａｉ ＣａＲａｔ．,527-0037,東近江市東今崎町,東近江市東今崎町７－３３ ２階,７－３３ ２階,0748-56-1309,樋口 宗孝,R03/11/11,,,,東近江,5627921.pdf
美容所,Ａｍｉｎａ 八幡,523-0898,近江八幡市鷹飼町南三 丁目,近江八幡市鷹飼町南三 丁目１―１４ コロニアルイースト２－Ｂ,１―１４ コロニアルイースト２－Ｂ,0748-43-2667,ａｗｅｓｏｍｅ ｐｌａｎｓ合同会社,R03/12/14,,,,東近江,5627921.pdf
美容所,ＣＯＣＯ,527-0162,東近江市妹町,東近江市妹町７４０,７４０,,鯰江 静加,R03/12/22,,,,東近江,5627921.pdf
美容所,ＣＨＥＲＩＥ,529-1537,東近江市市子殿町,東近江市市子殿町１３４５－１０４,１３４５－１０４,,中村 亘,R04/02/02,,,,東近江,5627921.pdf
美容所,美容室アート,527-0065,東近江市下二俣町,東近江市下二俣町１００８－１,１００８－１,0748-23-6559,谷 洋子,R04/02/18,,,,東近江,5627921.pdf
美容所,ｃｈｅｒｉ,521-1221,東近江市垣見町,東近江市垣見町６１－１２,６１－１２,,髙橋 正樹,R04/02/15,,,,東近江,5627921.pdf
美容所,ｍｕｋｕ,521-1223,東近江市猪子町,東近江市猪子町２９１,２９１,,里・ 圭,R04/03/30,,,,東近江,5627921.pdf
美容所,ｎｉｋｏｒｉｎａ,527-0107,東近江市今在家町,東近江市今在家町２９７ー１,２９７ー１,,中村 美由紀,R04/04/07,,,,東近江,5627921.pdf
美容所,Ｈａｉｒ．１０５,527-0174,東近江市大萩町,東近江市大萩町１０５,１０５,,位田 頼子,R04/04/21,,,,東近江,5627921.pdf
美容所,Ｃｈｅｅｒｆｕｌ,527-0035,東近江市ひばり丘町,東近江市ひばり丘町１－４,１－４,0748-56-1504,冨田 隆史,R04/04/19,,,,東近江,5627921.pdf
美容所,Ｐｕｚｚｌｅ ｈａｉｒ Ｄｅｓｉｇｈ,529-1444,東近江市五個荘石塚町,東近江市五個荘石塚町２－３,２－３,0748-40-0569,橋本 竜之介,R04/05/20,,,,東近江,5627921.pdf
美容所,ＧＡＧＡ Ｄ Ａｓｈ,523-0011,近江八幡市友定町,近江八幡市友定町３６７－１,３６７－１,0748-36-2595,西澤 啓太,R04/06/07,,,,東近江,5627921.pdf
美容所,ｅｙｅｌａｓｈ ｓａｌｏｎ ｓｉｆａ,521-1224,東近江市林町,東近江市林町２６－８,２６－８,,大川 実祐希,R04/06/27,,,,東近江,5627921.pdf
美容所,グレイス,523-0816,近江八幡市西庄町,近江八幡市西庄町１２７１－５,１２７１－５,,神野 千恵子,R04/08/04,,,,東近江,5627921.pdf
美容所,Ａｏ６０２,523-0811,近江八幡市長田町,近江八幡市長田町１２９１－４,１２９１－４,,小田 平和,R04/08/12,,,,東近江,5627921.pdf
美容所,Ａｐｐｅａｒａｎｃｅ,529-1601,蒲生郡日野町松尾,蒲生郡日野町松尾４－４,４－４,0748-52-6688,新子 愛,R04/08/05,,,,東近江,5627921.pdf
美容所,美容室Ｒａｎａ,527-0045,東近江市中小路町,東近江市中小路町１７５－２,１７５－２,0749-41-3440,鷺坂 富恵,R04/09/08,,,,東近江,5627921.pdf
美容所,ＲＥＶＥ,527-0021,東近江市八日市東浜町,東近江市八日市東浜町１－２ ダイヤパレス２０２,１－２ ダイヤパレス２０２,,増田 有希,R04/09/05,,,,東近江,5627921.pdf
美容所,ＬＩＮＯＲＥ近江八幡店（ｅｙｅｌａｓｈ＆ エステ）,523-0818,近江八幡市西本郷町東,近江八幡市西本郷町東５－６－１０５,５－６－１０５,,長門 由佳,R04/09/29,,,,東近江,5627921.pdf
美容所,ｍｏｎａ,523-0891,近江八幡市鷹飼町,近江八幡市鷹飼町１４８５－６ ４０５号室,１４８５－６ ４０５号室,,松尾 隆志,R04/10/18,,,,東近江,5627921.pdf
美容所,ヘナ・エステａｏｍｉ,520-2551,蒲生郡竜王町薬師,蒲生郡竜王町薬師１１７３－７,１１７３－７,0748-58-2105,青海 茂美,R04/11/04,,,,東近江,5627921.pdf
美容所,ｓａｂｉ,521-1341,近江八幡市安土町上豊 浦,近江八幡市安土町上豊 浦６２９－３,６２９－３,,橋谷 裕子,R04/11/09,,,,東近江,5627921.pdf
美容所,ＡＵＢＥ ＨＡＩＲ ｗｉｎｋ 近江八幡店,523-0892,近江八幡市出町,近江八幡市出町４１７－８ 出町フォーエバービル１階２ 号室,４１７－８ 出町フォーエバービル１階２ 号室,,株式会社Ａ’Ｇｒｏｕｐ,R04/12/02,,,,東近江,5627921.pdf
美容所,ｔｏｔａｌ ｂｅａｕｔｙ ｓａｌｏｎ Ｇ ＬＥＡＭ,529-1422,東近江市五個荘小幡町,東近江市五個荘小幡町６７３,６７３,,小森 穂の香,R04/11/16,,,,東近江,5627921.pdf
美容所,ｍｏｏｎ ＥＹＥＬＡＳＨ ＳＡＬＯＮ,529-1634,蒲生郡日野町深山口,蒲生郡日野町深山口７６１,７６１,,植原 友美,R04/12/23,,,,東近江,5627921.pdf
美容所,フェリーチェ ラッシュ,520-2564,蒲生郡竜王町山面,蒲生郡竜王町山面３５－１５２,３５－１５２,,奥村 彩未,R04/12/27,,,,東近江,5627921.pdf
美容所,ＡＬＡＮＡ ＨＡＩＲ,523-0893,近江八幡市桜宮町,近江八幡市桜宮町２０６－１４ サンビル１０２,２０６－１４ サンビル１０２,,大本 梨乃,R05/02/17,,,,東近江,5627921.pdf
美容所,ｍｏｔｉｆ ｈａｉｒ,521-1311,近江八幡市安土町下豊 浦,近江八幡市安土町下豊 浦２５－８,２５－８,,加藤 志保美,R05/02/22,,,,東近江,5627921.pdf
美容所,Ａｎｄ Ｕ,521-1235,東近江市伊庭町,東近江市伊庭町２１３４,２１３４,,石梶 美有,R05/03/20,,,,東近江,5627921.pdf
美容所,ｅｙｅｐｐｌｅ,521-1205,東近江市躰光寺町,東近江市躰光寺町１－３ １Ｆ,１－３ １Ｆ,,堀 佑果梨,R05/03/27,,,,東近江,5627921.pdf
美容所,ヘアーサロン イワサキ,523-0816,近江八幡市西庄町,近江八幡市西庄町２７７１ バロー近江八幡店１階テナント,２７７１ バロー近江八幡店１階テナント,0748-36-3499,株式会社ハクブン,R05/04/07,,,,東近江,5627921.pdf
美容所,＆ＲＥ．,527-0092,東近江市小今町,東近江市小今町３９－１１,３９－１１,,田中 栞,R05/04/07,,,,東近江,5627921.pdf
美容所,ｐｒｉｖａｔｅ ｆｒｅｅ ｓａｌｏｎ Ｌ ＩＢＲＥ,529-1441,東近江市五個荘川並町,東近江市五個荘川並町１６８－１７,１６８－１７,,山本 瑠美,R05/04/27,,,,東近江,5627921.pdf
美容所,Ｈｉ－Ｅｘｔｅｎｓｉｏｎ近江八幡店,523-0891,近江八幡市鷹飼町,近江八幡市鷹飼町１５４２,１５４２,0748-43-2352,株式会社ＷＡＬＬＲＩＤ,R05/05/22,,,,東近江,5627921.pdf
美容所,Ｌｅｍｏｎ ｔｏ Ｍｉｎｔ ハナレ,520-2561,蒲生郡竜王町須惠,蒲生郡竜王町須惠３４３,３４３,0748-33-3256,川嶋 めぐみ,R05/06/29,,,,東近江,5627921.pdf
美容所,ＣＨＥＲＩＥ ｂｙ ＯＳＡＹＡ,529-1537,東近江市市子殿町,東近江市市子殿町１３４５－１０４,１３４５－１０４,0748-36-1131,浅井 蓮,R05/07/31,,,,東近江,5627921.pdf
美容所,Ｌｏｕｉｓｅ ｅｙｅｌａｓｈ,523-0004,近江八幡市西生来町,近江八幡市西生来町１４２７,１４２７,,村田 茜,R05/09/20,,,,東近江,5627921.pdf
美容所,白髪染め専門店「キレイ」能登川店,521-1221,東近江市垣見町,東近江市垣見町１３１７,１３１７,0748-42-4838,大橋 勤,R05/10/18,,,,東近江,5627921.pdf
美容所,Ｇｅｍ ｓｔｏｎｅ,520-2524,蒲生郡竜王町綾戸,蒲生郡竜王町綾戸５３９,５３９,0748-36-2243,株式会社アップライム,R05/10/30,,,,東近江,5627921.pdf
美容所,Ｂｅａｕｔｙ Ｓｐａｃｅ Ｌｕｎａ,523-0058,近江八幡市加茂町,近江八幡市加茂町３１７６－１,３１７６－１,050-8882-5511,浦谷 亜紗美,R05/12/04,,,,東近江,5627921.pdf
美容所,ビューティーサロンラック パーマ手良,529-1541,東近江市蒲生堂町,東近江市蒲生堂町３３８－５１,３３８－５１,,寺川 栄次郎,R06/01/04,,,,東近江,5627921.pdf
美容所,Ｊｅｒｕｓａｌｅｍ,523-0892,近江八幡市出町,近江八幡市出町８４６,８４６,0748-36-3690,下園 さなえ,R06/01/16,,,,東近江,5627921.pdf
美容所,ｍｅｌｌｏｗ,523-0001,近江八幡市金剛寺町,近江八幡市金剛寺町３０３－２,３０３－２,,石橋 京佳,R06/01/16,,,,東近江,5627921.pdf
美容所,Ｈｅａｒｔｙ,523-0082,近江八幡市土田町,近江八幡市土田町１０８７－５,１０８７－５,0748-26-1126,株式会社Ｋ.Ｕ ＷＯＲＫＳ.,R06/01/24,,,,東近江,5627921.pdf
美容所,ｅｎ．．．,523-0892,近江八幡市出町,近江八幡市出町４１７－１８,４１７－１８,,大江 めぐみ,R06/01/31,,,,東近江,5627921.pdf
美容所,Ｅｙｅｌａｓｈ ｓａｌｏｎ ＮＡＶＩ,527-0086,東近江市上平木町,東近江市上平木町１９７７ さくらゴルフ２階,１９７７ さくらゴルフ２階,,中村 百花,R06/02/07,,,,東近江,5627921.pdf
美容所,ｃｏｔｉｅ.,523-0896,近江八幡市鷹飼町北一 丁目,近江八幡市鷹飼町北一 丁目９－７ グリーン茨木１０２,９－７ グリーン茨木１０２,050-8881-0580,村田 歩衣,R06/02/29,,,,東近江,5627921.pdf
美容所,ＬｉＬｙ．,521-1311,近江八幡市安土町下豊 浦,近江八幡市安土町下豊 浦４５５０－１ レジデンスイルオー１階１ ０５号,４５５０－１ レジデンスイルオー１階１ ０５号,050-8888-2006,安孫子 徳,R06/03/18,,,,東近江,5627921.pdf
美容所,Ｏｒａ ｂｒｉｌｌｅｒ,523-0891,近江八幡市鷹飼町,近江八幡市鷹飼町４５６－１,４５６－１,,鈴木 加菜,R06/04/18,,,,東近江,5627921.pdf
美容所,ｓａｌｏｎ ＧＥＭＩＮＩ,521-1204,東近江市小川町,東近江市小川町１０２４－３,１０２４－３,,杉本 裕美子,R06/05/01,,,,東近江,5627921.pdf
美容所,ａｗｅｓｏｍｅ,523-0894,近江八幡市中村町,近江八幡市中村町２１－１９ グランドビル１Ｆ－１０Ｂ,２１－１９ グランドビル１Ｆ－１０Ｂ,,武田 麻友美,R06/05/28,,,,東近江,5627921.pdf
美容所,ロレインブロウ近江八幡店,523-0898,近江八幡市鷹飼町南三 丁目,近江八幡市鷹飼町南三 丁目２－１０－１０１,２－１０－１０１,,合同会社アルシェスタイル,R06/06/14,,,,東近江,5627921.pdf
美容所,ｅｎｎｅ,523-0892,近江八幡市出町,近江八幡市出町６２２ ベル・フルール１０２,６２２ ベル・フルール１０２,,増田 愛,R06/07/29,,,,東近江,5627921.pdf
美容所,ｌｅａ ｈａｉｒ,521-1205,東近江市躰光寺町,東近江市躰光寺町２７－１,２７－１,,本田 祥馬,R06/07/29,,,,東近江,5627921.pdf
美容所,ｍｅｌ,523-0896,近江八幡市鷹飼町北三 丁目,近江八幡市鷹飼町北三 丁目７－８ スピカ２１ １０３号室,７－８ スピカ２１ １０３号室,,中尾 武志,R06/08/28,,,,東近江,5627921.pdf
美容所,Ｏｈａｏ,523-0877,近江八幡市池田町五丁 目,近江八幡市池田町五丁 目８,８,0748-26-2182,渡邊 大輔,R06/09/09,,,,東近江,5627921.pdf
美容所,Ｅｙｅｌａｓｈ Ｓａｌｏｎ ｉｍｅ アイ ミー 近江八幡駅前店,523-0891,近江八幡市鷹飼町,近江八幡市鷹飼町５６０－１ 洗心ビル５Ｆ,５６０－１ 洗心ビル５Ｆ,0748-34-2055,矢野 椎太,R06/09/09,,,,東近江,5627921.pdf
美容所,Ｐｒｉｖａｔｅ ｓａｌｏｎ Ｌｅａｆ,523-0031,近江八幡市堀上町,近江八幡市堀上町１３０－１ カンキビル １０３号,１３０－１ カンキビル １０３号,0748-43-1081,板垣 眞悠子,R06/09/09,,,,東近江,5627921.pdf
美容所,Ｂａｍｂｉ,523-0031,近江八幡市堀上町,近江八幡市堀上町１８７－５ エスエムビル２階 ２Ａ,１８７－５ エスエムビル２階 ２Ａ,,吉田 千香,R06/10/24,,,,東近江,5627921.pdf
美容所,ＴＡＵＰＥ（トープ）,527-0033,東近江市東沖野三丁目,東近江市東沖野三丁目９－３１,９－３１,,久田 佐知子,R06/11/13,,,,東近江,5627921.pdf
美容所,Ｍｏａ ｅｙｅｌａｓｈ／ｅｙｅｂｒｏｗ,523-0816,近江八幡市西庄町,近江八幡市西庄町１２６１－１,１２６１－１,,橋本 桃花,R06/11/22,,,,東近江,5627921.pdf
美容所,ｂｅａｕｔｙ ｓａｌｏｎ 「Ａｌａ」,529-1551,東近江市宮川町,東近江市宮川町６５７－１９３,６５７－１９３,,柿田 智子,R06/11/20,,,,東近江,5627921.pdf
美容所,ｋｏｋｏＬｕ,523-0046,近江八幡市上野町,近江八幡市上野町１２４－３,１２４－３,,北村 愛,R07/01/21,,,,東近江,5627921.pdf
美容所,９０ＤＥＧＲＥＥＳ,527-0039,東近江市青葉町,東近江市青葉町１－４８ グランルミエ１Ｆ,１－４８ グランルミエ１Ｆ,,株式会社図師鈴香堂,R07/02/26,,,,東近江,5627921.pdf
美容所,Ｐｌｕｍｅ,529-1443,東近江市五個荘北町屋 町,東近江市五個荘北町屋 町９５－７,９５－７,,西澤 美優,R07/03/06,,,,東近江,5627921.pdf
美容所,ａｕｌｌａ,523-0894,近江八幡市中村町,近江八幡市中村町１－５ 片岡商会ビル１Ｆ,１－５ 片岡商会ビル１Ｆ,,植村 真成,R07/04/22,,,,東近江,5627921.pdf
美容所,Ｌｉｎｋ,521-1222,東近江市佐野町,東近江市佐野町５９１－７ ２F,５９１－７ ２F,,梶山 亜由美,R07/04/11,,,,東近江,5627921.pdf
美容所,Ｋｕｋｕｎａ,529-1604,蒲生郡日野町村井,蒲生郡日野町村井一丁目３５,一丁目３５,,山上 公穂,R07/04/08,,,,東近江,5627921.pdf
美容所,おしゃれハウス未来,529-1656,蒲生郡日野町増田,蒲生郡日野町増田４６２－９０,４６２－９０,,久村 眞里子,R07/04/08,,,,東近江,5627921.pdf
美容所,ｌｅｖｉ,527-0035,東近江市ひばり丘町,東近江市ひばり丘町４－２８ ｋｏｋｏｒｏ ＰｌＳＯ１０５,４－２８ ｋｏｋｏｒｏ ＰｌＳＯ１０５,0748-56-1452,田中 栞,R07/04/22,,,,東近江,5627921.pdf
美容所,Ｒｅｅ Ｈａｉｒ,527-0035,東近江市ひばり丘町,東近江市ひばり丘町４－２８－１０４,４－２８－１０４,,高木 未来,R07/06/03,,,,東近江,5627921.pdf
美容所,ＴＵＫＩＨＩ,523-0896,近江八幡市鷹飼町北三 丁目,近江八幡市鷹飼町北三 丁目２－１０,２－１０,,服部 孝雄,R07/07/01,,,,東近江,5627921.pdf
美容所,ｌｅａｐ,523-0893,近江八幡市桜宮町,近江八幡市桜宮町２１３－１１ Ｓ．Ｌ．Ａ．Ｂ ｈｏｕｓ ｅ １Ｆ,２１３－１１ Ｓ．Ｌ．Ａ．Ｂ ｈｏｕｓ ｅ １Ｆ,,福井 喜朗,R07/09/03,,,,東近江,5627921.pdf
美容所,ＦＲＥＥＭＡＮ ＨＡＩＲ ＳＨＯＰ,527-0075,東近江市三津屋町,東近江市三津屋町２９－１０,２９－１０,,玉水 裕真,R07/08/22,,,,東近江,5627921.pdf
美容所,ｈａｕ′ｏｌｉ,527-0012,東近江市八日市本町,東近江市八日市本町２－１０ ４Ｂ,２－１０ ４Ｂ,,山本 里紗,R07/09/29,,,,東近江,5627921.pdf
美容所,ｐｒｉｖａｔｅ ｓａｌｏｎ ＯＷＬ,523-0032,近江八幡市白鳥町,近江八幡市白鳥町８１－２ ガーデンプレイス白鳥壱番館１ ０２,８１－２ ガーデンプレイス白鳥壱番館１ ０２,,北中 真理子,R07/10/08,,,,東近江,5627921.pdf
美容所,Ｌｉａｎ,521-1201,東近江市新宮町,東近江市新宮町３８９,３８９,,富田 真弥,R07/12/19,,,,東近江,5627921.pdf
美容所,ＦＲＯ．,527-0051,東近江市林田町,東近江市林田町１２６１－４,１２６１－４,0748-36-3807,株式会社ＦＲＯ,R08/01/05,,,,東近江,5627921.pdf
美容所,ｃａｍｉｌｌａ,527-0038,東近江市聖徳町,東近江市聖徳町４－３５－２,４－３５－２,,ＲｉＰｉ株式会社,R08/01/14,,,,東近江,5627921.pdf
美容所,ヘアーサロン ルシュ（Ｌｕｓｈｕ）,529-1414,東近江市五個荘中町,東近江市五個荘中町２８０－１１,２８０－１１,,木下 麻由美,R08/01/29,,,,東近江,5627921.pdf
美容所,ｅｓ ｌｕｍｉｎａ ｈａｉｒ ｄｅｓｉｇ ｎ,523-0891,近江八幡市鷹飼町,近江八幡市鷹飼町１６３４－１０,１６３４－１０,,齋藤 春雄,R08/03/24,,,,東近江,5627921.pdf
美容所,Ｆｅｅｌ Ｆｒｅｅ,527-0124,東近江市下岸本町,東近江市下岸本町２２０－１４,２２０－１４,,小林 智美,R08/03/24,,,,東近江,5627921.pdf
美容所,Ｍａｉｓｏｎ Ｍａｈａｌｏ ｅｙｅｌａｓ ｈ＆ｋｉｍｏｎｏ,521-1351,近江八幡市安土町常楽 寺,近江八幡市安土町常楽 寺２４－１,２４－１,,安田 友美,R08/04/07,,,,東近江,5627921.pdf
美容所,Ｓｈａｃｋ,521-1211,東近江市今町,東近江市今町３４２,３４２,,浦上 大樹,R08/03/31,,,,東近江,5627921.pdf
美容所,Ｋｕｓｃｈｅｌ Ｐｈｏｔｏｇｒａｐｈｙ,523-0891,近江八幡市鷹飼町,近江八幡市鷹飼町１５５３ イーストビル２０３,１５５３ イーストビル２０３,,門野 紗奈江,R08/03/31,,,,東近江,5627921.pdf
美容所,ｐｒｉｖａｔｅ ｓａｌｏｎ Ｎａｎｏｈ,521-1223,東近江市猪子町,東近江市猪子町３９０－１,３９０－１,,西岡 祐稀,R08/05/22,,,,東近江,5627921.pdf
美容所,Ｅｋｏｌｕ ＨＡＩＲ ＤＥＳＩＧＮ,529-1572,東近江市桜川西町,東近江市桜川西町８０１ 第二蒲生ビル１０３号室,８０１ 第二蒲生ビル１０３号室,,福永 三枝子,R08/04/30,,,,東近江,5627921.pdf
美容所,ｋｉｉｔｏｓ,523-0818,近江八幡市西本郷町東,近江八幡市西本郷町東４－６,４－６,,石川 優子,R08/04/30,,,,東近江,5627921.pdf
美容所,ＨＡＩＲ ＳＡＬＯＮ ｆｕｎｋｙ ケイト,521-1321,近江八幡市安土町桑実 寺,近江八幡市安土町桑実 寺２２－３,２２－３,0748-43-4917,多鹿 恵子,R08/04/21,,,,東近江,5627921.pdf
美容所,Ｈａｉｒ Ｍａｋｅ ＳＫＵＮＫ,523-0894,近江八幡市中村町,近江八幡市中村町３－１４,３－１４,0748-33-8194,中西 英雄,R08/05/08,,,,東近江,5627921.pdf
美容所,Ｌｉｂｅｒｔｅ,523-0072,近江八幡市牧町,近江八幡市牧町３８３－１２,３８３－１２,,大岩 慎吾,R08/05/13,,,,東近江,5627921.pdf
美容所,ｈａｉｒ ＆ ｅｙｅ ｎｏｎｎｏ,527-0016,東近江市今崎町,東近江市今崎町５１３,５１３,0748-22-8683,吉川 己根子,R08/05/29,,,,東近江,5627921.pdf
美容所,ＥＮ,527-0232,東近江市青野町,東近江市青野町４６５５－１,４６５５－１,0748-27-0308,髙原 芳弘,R08/05/29,,,,東近江,5627921.pdf
美容所,ＨＥＵＧＥ,523-0891,近江八幡市鷹飼町,近江八幡市鷹飼町１５４６－１ 木村ビル２Ｆ,１５４６－１ 木村ビル２Ｆ,,中島 翼,R08/06/26,,,,東近江,5627921.pdf
美容所,ｎｕａｇｅ ｅｙｅｌａｓｈ ｓａｌｏｎ,521-1235,東近江市伊庭町,東近江市伊庭町１０１－７ コンフォート８ １０２号室,１０１－７ コンフォート８ １０２号室,,西村 美咲,R08/07/02,,,,東近江,5627921.pdf
美容所,ＨＡＩＲ ＳＴＵＤＩＯ Ａ．Ａ．Ａ．,529-1414,東近江市五個荘中町,東近江市五個荘中町２８０－５,２８０－５,0748-26-7102,中村 文香,R08/07/09,,,,東近江,5627921.pdf
美容所,Ｎｉｍａ ｓａｌｏｎ,527-0012,東近江市八日市本町,東近江市八日市本町１５－１１－３,１５－１１－３,,ロクサナ・ロマネ・ロドリゲス・ロハス,R08/07/24,,,,東近江,5627921.pdf
美容所,Ａｎｇｅ,522-0043,彦根市小泉町,彦根市小泉町１９－６,１９－６,0749-21-0875,奥村 昌弘,H16/07/12,,,,彦根,5627921.pdf
美容所,Ａｔｅｌｉｅｒ Ｃｈｅｄｉ,522-0033,彦根市芹川町,彦根市芹川町５７３－１８,５７３－１８,22-3640,宮城 裕子,H16/01/30,,,,彦根,5627921.pdf
美容所,ＢＥ＝ＣＨＩＣＫ,522-0047,彦根市日夏町,彦根市日夏町１８６０－４１,１８６０－４１,0749-28-2229,村田 知津子,H11/10/07,,,,彦根,5627921.pdf
美容所,Ｂｅａｕｔｙ Ｓａｌｏｎ ａｎ,522-0024,彦根市正法寺町,彦根市正法寺町８３４－１,８３４－１,0749-22-8806,山田 恭子,H19/10/25,,,,彦根,5627921.pdf
美容所,Ｂｅａｕｔｙ Ｓｈｏｐ Ｍｙｕ,522-0089,彦根市錦町,彦根市錦町７－１２,７－１２,0749-27-5123,大谷 美佳,H11/08/19,,,,彦根,5627921.pdf
美容所,ＢＬＵＥ ＭＡＸ,522-0054,彦根市西今町,彦根市西今町３６２－３,３６２－３,0749-25-0162,松本 大輔,H11/01/14,,,,彦根,5627921.pdf
美容所,ＢＵＲＧ（バーグ）,522-0069,彦根市馬場一丁目,彦根市馬場一丁目３－８フラットＢｅｌ １Ｆ,３－８フラットＢｅｌ １Ｆ,27-3211,竹田 実,H07/11/14,,,,彦根,5627921.pdf
美容所,ｃｈａｒｍｅｄ,522-0222,彦根市南川瀬町,彦根市南川瀬町１４９８,１４９８,0749-25-3833,平田 悦子,H13/03/30,,,,彦根,5627921.pdf
美容所,ＣＬＵＢ ＨＡＩＲ ＴＡＧＡ,522-0341,犬上郡多賀町多賀,犬上郡多賀町多賀６５０,６５０,48-1290,北川 津良,S63/07/01,,,,彦根,5627921.pdf
美容所,ＣｏＣｏ，Ｍ,522-0051,彦根市中藪町,彦根市中藪町６６０－３,６６０－３,22-1285,西川 緑,H08/05/23,,,,彦根,5627921.pdf
美容所,ＣＯＵＲ大薮店,522-0053,彦根市大藪町,彦根市大藪町２１－２２ メゾンインペリアル１Ｆ,２１－２２ メゾンインペリアル１Ｆ,0749-24-2958,杉山 典子,H11/12/02,,,,彦根,5627921.pdf
美容所,ＣＲＥＳＣＥＲ（カット ハウス クレセ ル）,522-0041,彦根市平田町,彦根市平田町３９３,３９３,24-8745,森田 元美,H08/11/29,,,,彦根,5627921.pdf
美容所,ＥＤＳＥＬ ｈａｉｒ,522-0052,彦根市長曽根南町,彦根市長曽根南町５６３－１０,５６３－１０,0749-23-7904,針崎 尚久,H16/10/19,,,,彦根,5627921.pdf
美容所,Ｆｌｅｕｒｓ（フルール）,522-0056,彦根市開出今町,彦根市開出今町１３９３－１６,１３９３－１６,,岡野 かおる,H20/09/25,,,,彦根,5627921.pdf
美容所,Ｈａｉｒ ＢＡＧＵＳ,522-0043,彦根市小泉町,彦根市小泉町１０３９－１６,１０３９－１６,0749-27-6553,株式会社Ｂａｇｕｒａｔｏｒｙ,H20/11/04,,,,彦根,5627921.pdf
美容所,ｈａｉｒ ｍａｋｅ ａｓｋ,522-0052,彦根市長曽根南町,彦根市長曽根南町４３５ ＡＣＴビル２Ｆ,４３５ ＡＣＴビル２Ｆ,0749-24-6074,畑中 大作,H20/04/18,,,,彦根,5627921.pdf
美容所,ＢＥ－ＣＨＩＣＫ・Ｐ,522-0086,彦根市後三条町,彦根市後三条町３２６－６ プレジデンスＭＩＧＵＲＩ,３２６－６ プレジデンスＭＩＧＵＲＩ,0749-24-5779,有限会社Ｄ・Ｊａｎｃｔｉｏｎ,H19/08/31,,,,彦根,5627921.pdf
美容所,ＨＡＩＲ ＭＡＫＥ ＬＩＥＮ,521-1122,彦根市三津町,彦根市三津町１５３,１５３,0749-43-6067,玄田 哲人,H20/07/23,,,,彦根,5627921.pdf
美容所,Ｈａｉｒ ｐｌａｃｅ ｋｉｔｉ,521-1146,彦根市柳川町,彦根市柳川町２１０,２１０,43-6220,菅沼 真由子,H14/10/10,,,,彦根,5627921.pdf
美容所,ＨＡＩＲ Ｑ／ｔ,522-0234,彦根市森堂町,彦根市森堂町１０－３１,１０－３１,0749-25-1798,今給黎 知美,H15/10/27,,,,彦根,5627921.pdf
美容所,Ｈａｉｒ Ｒｅｎａｉｓｓａｎｃｅ モモ,522-0047,彦根市日夏町,彦根市日夏町７１３－１９,７１３－１９,0749-25-3930,池山 美重子,H04/03/02,,,,彦根,5627921.pdf
美容所,ｈａｉｒ ｒｅｓｏｒｔ ｈｉｎａｎｏ,522-0023,彦根市原町,彦根市原町１３６－３３,１３６－３３,20-4840,片桐 由美子,H20/06/17,,,,彦根,5627921.pdf
美容所,ＨＡＩＲ＆ＦＡＣＥ Ｌｏｖｅ,522-0041,彦根市平田町,彦根市平田町８０５,８０５,0749-22-5066,有限会社ラブ,H07/03/09,,,,彦根,5627921.pdf
美容所,Ｈａｉｒ／Ｍａｋｅ Ｌｅ ｍｉｅｕｘ,529-1313,愛知郡愛荘町市,愛知郡愛荘町市１４９０－５,１４９０－５,42-2266,齋藤 崇,H19/05/09,,,,彦根,5627921.pdf
美容所,ｈａｉｒ／ｍａｋｅ Ｖｉｆ,521-1131,彦根市上稲葉町,彦根市上稲葉町２０７,２０７,43-5256,松村 あさ子,H07/09/14,,,,彦根,5627921.pdf
美容所,ｈａｉｒｉｍ,522-0043,彦根市小泉町,彦根市小泉町１４－７,１４－７,0749-21-0363,村田 喜則,H16/02/28,,,,彦根,5627921.pdf
美容所,ＨＡＩＲ－Ｐｉｎｘ．,522-0056,彦根市開出今町,彦根市開出今町１７３３－５,１７３３－５,23-8805,玄田 哲人,H17/05/06,,,,彦根,5627921.pdf
美容所,ｈａｉｒーｓａｌｏｎ ａｘｉａ,522-0201,彦根市高宮町,彦根市高宮町１１９９ リバノースビル１Ｆ,１１９９ リバノースビル１Ｆ,0749-26-2834,上田 英樹,H18/06/28,,,,彦根,5627921.pdf
美容所,Ｈｅａｌｉｎｇ ｓａｌｏｎ ｉｒ２ あい あーる,522-0243,犬上郡甲良町小川原,犬上郡甲良町小川原８０８－１８,８０８－１８,28-4449,羽根田 いづみ,H19/01/12,,,,彦根,5627921.pdf
美容所,ｉ－ｈｏｐｅ．．,529-1311,愛知郡愛荘町石橋,愛知郡愛荘町石橋６４８,６４８,0749-42-7307,中田 滋,H10/04/13,,,,彦根,5627921.pdf
美容所,Ｊ．Ａ．Ｈ Ｊ．Ａ．Ｈ,522-0043,彦根市小泉町,彦根市小泉町５９６－１ コーポ北川１０１,５９６－１ コーポ北川１０１,23-8923,戸嶋 一恵,H18/12/15,,,,彦根,5627921.pdf
美容所,ｍａｋｅ ｉｔ,522-0066,彦根市栄町一丁目,彦根市栄町一丁目１－４,１－４,22-7150,樋口 哲夫,H15/03/18,,,,彦根,5627921.pdf
美容所,Ｍａｍａｒｒａｃｈｏ,522-0064,彦根市本町一丁目,彦根市本町一丁目１１－１９／２Ｆ,１１－１９／２Ｆ,26-8876,堀川 ひろみ,H14/10/08,,,,彦根,5627921.pdf
美容所,ＰＡＲＴⅡ みちよ,522-0074,彦根市大東町,彦根市大東町２－３３丸金ビル２Ｆ,２－３３丸金ビル２Ｆ,24-2980,株式会社ビューティサロンみちよ,S63/07/15,,,,彦根,5627921.pdf
美容所,ｐｅｕ ａ′ｐｅｕ,522-0053,彦根市大藪町,彦根市大藪町１４１６－１,１４１６－１,22-2906,渡辺 友恵,H15/05/16,,,,彦根,5627921.pdf
美容所,ｒｏｏｍ ｎｏ．７７,521-1131,彦根市上稲葉町,彦根市上稲葉町５１－３,５１－３,,濵野 功一,H20/01/21,,,,彦根,5627921.pdf
美容所,Ｓａｌｏｎ ｄｅ ｅｌｆ,529-1303,愛知郡愛荘町長野,愛知郡愛荘町長野２０９４－８,２０９４－８,42-6147,澤村 早苗,H08/09/06,,,,彦根,5627921.pdf
美容所,Ｓａｌｏｎ Ｍａｋｏ,522-0041,彦根市平田町,彦根市平田町９３６,９３６,22-3048,中村 英彦,H07/12/19,,,,彦根,5627921.pdf
美容所,ｓｕｎｎｙ ｄａｙｓ,522-0038,彦根市西沼波町,彦根市西沼波町１８２－１,１８２－１,0749-27-1202,久保井 雅雄,H18/06/27,,,,彦根,5627921.pdf
美容所,ｓｗｏｒｄ,522-0056,彦根市開出今町,彦根市開出今町１５１６－５５,１５１６－５５,27-3657,薮田 真悟,H16/01/19,,,,彦根,5627921.pdf
美容所,Ｔｒｅｎｔｅ Ｑｕａｔｒｅ,522-0054,彦根市西今町,彦根市西今町１２９８－１４,１２９８－１４,0749-26-3434,吉川 三千代,H18/01/11,,,,彦根,5627921.pdf
美容所,Ｔｒｏｎｅ ＆ Ｖｏｔｅ,522-0002,彦根市松原町,彦根市松原町３７２０－１９,３７２０－１９,0749-21-2894,中村 英彦,H18/07/12,,,,彦根,5627921.pdf
美容所,ＷＨＩＴＥ ＦＬＡＴ,529-1331,愛知郡愛荘町愛知川,愛知郡愛荘町愛知川１５０３,１５０３,42-5531,岩佐 佐智世,H13/09/04,,,,彦根,5627921.pdf
美容所,ＷＩＴＨ,522-0057,彦根市八坂町,彦根市八坂町８２８－１,８２８－１,25-1496,山田 めぐみ,H07/09/12,,,,彦根,5627921.pdf
美容所,Ｙ’ｓ 美容室,522-0222,彦根市南川瀬町,彦根市南川瀬町８１０,８１０,0749-28-1153,北川 陽子,H17/10/11,,,,彦根,5627921.pdf
美容所,アウラ,521-1123,彦根市肥田町,彦根市肥田町１００８,１００８,0749-43-7011,粢田 裕之,H18/10/10,,,,彦根,5627921.pdf
美容所,μ．Ａｋａｎｅ,522-0041,彦根市平田町,彦根市平田町７８４－２２,７８４－２２,0749-22-7998,有限会社Ａｋａｎｅ美容室,H17/02/18,,,,彦根,5627921.pdf
美容所,アコ 美容室,522-0058,彦根市須越町,彦根市須越町１２６７,１２６７,,疋田 一美,S42/04/21,,,,彦根,5627921.pdf
美容所,アポロ美容室,522-0004,彦根市鳥居本町,彦根市鳥居本町１６３３－２,１６３３－２,22-3283,宮村 節子,S51/07/07,,,,彦根,5627921.pdf
美容所,アミ美容室,522-0261,犬上郡甲良町長寺,犬上郡甲良町長寺１１１,１１１,0749-38-4854,大橋 明美,H10/11/02,,,,彦根,5627921.pdf
美容所,アメニティスポットジャック＆ベティ,522-0002,彦根市松原町,彦根市松原町１０９７－５,１０９７－５,24-3051,株式会社ビューティサロンみちよ,S63/07/20,,,,彦根,5627921.pdf
美容所,アル・ピュール スタイリッシュヘアー,522-0041,彦根市平田町,彦根市平田町９６７－５,９６７－５,0749-26-1876,辻中 利幸,H14/11/13,,,,彦根,5627921.pdf
美容所,うおやす美容室,522-0341,犬上郡多賀町多賀,犬上郡多賀町多賀７２１,７２１,48-1061,北川 美智代,S59/09/27,,,,彦根,5627921.pdf
美容所,エコー美容室,529-1206,愛知郡愛荘町蚊野,愛知郡愛荘町蚊野１４５０,１４５０,37-2044,太田 幾之助,S38/10/01,,,,彦根,5627921.pdf
美容所,オカ美容室,529-1223,愛知郡愛荘町島川,愛知郡愛荘町島川１２６８－４,１２６８－４,42-2619,岡本 四郎,S55/12/15,,,,彦根,5627921.pdf
美容所,おしゃれサロン しらゆきひめ,522-0047,彦根市日夏町,彦根市日夏町２７５０－１１９,２７５０－１１９,28-3353,山岸 幸子,H05/11/10,,,,彦根,5627921.pdf
美容所,おしゃれサロン ツジ,529-1166,犬上郡豊郷町上枝,犬上郡豊郷町上枝３３９,３３９,0749-35-3367,有限会社 ツジ,H08/09/30,,,,彦根,5627921.pdf
美容所,おしゃれハウス モア,521-1123,彦根市肥田町,彦根市肥田町９８１－２,９８１－２,43-5420,森田 清美,H07/10/25,,,,彦根,5627921.pdf
美容所,カズ美容室,522-0213,彦根市西葛籠町,彦根市西葛籠町１６０,１６０,28-0458,北口 一子,S47/12/23,,,,彦根,5627921.pdf
美容所,かたおか,522-0252,犬上郡甲良町金屋,犬上郡甲良町金屋７８４,７８４,0749-38-3903,片岡 淳子,H17/06/28,,,,彦根,5627921.pdf
美容所,カットサロン イマジン,522-0007,彦根市古沢町,彦根市古沢町６７３－１,６７３－１,0749-22-1284,角田 典子,H13/03/30,,,,彦根,5627921.pdf
美容所,カットサロン フィガロ,529-1314,愛知郡愛荘町中宿,愛知郡愛荘町中宿１５６／２Ｆ,１５６／２Ｆ,42-6771,安孫子 京子,H15/09/11,,,,彦根,5627921.pdf
美容所,カットハウス ＹＯＵ,529-1172,犬上郡豊郷町安食南,犬上郡豊郷町安食南１４７－８,１４７－８,35-2408,大西 美佐江,S59/09/30,,,,彦根,5627921.pdf
美容所,カットハウス チャーム,522-0002,彦根市松原一丁目,彦根市松原一丁目６－２２,６－２２,23-3968,小林 佐智子,S53/10/20,,,,彦根,5627921.pdf
美容所,カットハウス ぴらみっど,522-0041,彦根市平田町,彦根市平田町１３２,１３２,22-8434,北川 和男,H01/03/03,,,,彦根,5627921.pdf
美容所,カットハウス ラック,522-0041,彦根市平田町,彦根市平田町７４３－２０,７４３－２０,27-3369,玉田 高士,H06/05/10,,,,彦根,5627921.pdf
美容所,カットハウス美保,521-1114,彦根市彦富町,彦根市彦富町１０７２,１０７２,0749-43-2355,藤堂 美保子,H11/11/10,,,,彦根,5627921.pdf
美容所,カツラ美容室,529-1321,愛知郡愛荘町豊満,愛知郡愛荘町豊満９３９,９３９,42-3218,桂巻 雅美,S50/02/12,,,,彦根,5627921.pdf
美容所,カトレア美容室,522-0087,彦根市芹橋二丁目,彦根市芹橋二丁目９－１,９－１,22-5599,潮路 とも子,H14/04/11,,,,彦根,5627921.pdf
美容所,かわなみ美容室,522-0271,犬上郡甲良町下之郷,犬上郡甲良町下之郷１４３２,１４３２,38-2461,川並 登代子,S38/06/26,,,,彦根,5627921.pdf
美容所,キヨビューティールーム,522-0085,彦根市新町,彦根市新町３１,３１,22-1228,井上 京子,S40/11/27,,,,彦根,5627921.pdf
美容所,クープス,522-0041,彦根市平田町,彦根市平田町６９４－１３,６９４－１３,26-3950,山本 久樹,H13/10/26,,,,彦根,5627921.pdf
美容所,コトブキ美容室,522-0213,彦根市西葛籠町,彦根市西葛籠町４７４,４７４,0749-28-0154,辻 賀子,H13/02/23,,,,彦根,5627921.pdf
美容所,サチ,522-0261,犬上郡甲良町長寺,犬上郡甲良町長寺３６７,３６７,38-2583,前田 幸子,S46/07/01,,,,彦根,5627921.pdf
美容所,サチコ美容室,521-1133,彦根市本庄町,彦根市本庄町２５３５－４,２５３５－４,43-5457,塚本 佐千子,S61/04/03,,,,彦根,5627921.pdf
美容所,さつき美容室,522-0084,彦根市橋向町,彦根市橋向町１５,１５,23-3843,北川 輝美,H01/03/23,,,,彦根,5627921.pdf
美容所,サフラン,522-0081,彦根市京町二丁目,彦根市京町二丁目７－１８,７－１８,22-3178,山中 從子,S46/11/27,,,,彦根,5627921.pdf
美容所,サロン・ド・ボーテ・アムール,522-0341,犬上郡多賀町多賀,犬上郡多賀町多賀３２－１０,３２－１０,48-2103,小林 宏行,H06/10/03,,,,彦根,5627921.pdf
美容所,ジャズ大薮店,522-0041,彦根市平田町,彦根市平田町２５６,２５６,0749-22-7080,有限会社ＪＡＺＺコーポレーション,H12/03/07,,,,彦根,5627921.pdf
美容所,ジャズ美容室 京町店,522-0081,彦根市京町三丁目,彦根市京町三丁目４－５６ １Ｆ,４－５６ １Ｆ,0749-23-0988,樋口 勝巳,H12/05/18,,,,彦根,5627921.pdf
美容所,シャルム コンフォート,522-0201,彦根市高宮町,彦根市高宮町１５４３－２３,１５４３－２３,0749-24-8135,辻中 利幸,H20/11/27,,,,彦根,5627921.pdf
美容所,スミカ美容室,522-0223,彦根市川瀬馬場町,彦根市川瀬馬場町８９５－１５,８９５－１５,28-1156,佐藤 初子,S39/06/27,,,,彦根,5627921.pdf
美容所,セツ美容院,522-0072,彦根市船町,彦根市船町１－２０,１－２０,22-5668,馬場 幹子,H13/05/24,,,,彦根,5627921.pdf
美容所,チエ美容室,522-0023,彦根市原町,彦根市原町６００－１９,６００－１９,24-3327,丸沢 ちえ子,S53/12/15,,,,彦根,5627921.pdf
美容所,ツチダ美容室,529-1234,愛知郡愛荘町安孫子,愛知郡愛荘町安孫子７５１,７５１,37-2877,土田 洋子,S44/07/29,,,,彦根,5627921.pdf
美容所,テレーズ美容室,529-1323,愛知郡愛荘町畑田,愛知郡愛荘町畑田１３５,１３５,0749-42-4787,高田 希代三,H16/06/29,,,,彦根,5627921.pdf
美容所,ニューフェイス ビューティサロン,529-1331,愛知郡愛荘町愛知川,愛知郡愛荘町愛知川１３３８－１,１３３８－１,0749-42-5747,ジョゼ マリア デ カマルゴス（ＪＯＳＥ ＭＡＲＩＡ ＤＥ ＣＡＭＡＬＧＯＳ）,H18/10/23,,,,彦根,5627921.pdf
美容所,ののむら美容室,522-0053,彦根市大藪町,彦根市大藪町５１０－２２,５１０－２２,23-6140,野々村 由紀江,S58/02/10,,,,彦根,5627921.pdf
美容所,のんすたいる じっく へあー,522-0041,彦根市平田町,彦根市平田町７８－１,７８－１,0749-46-3500,大道 範子,H19/10/02,,,,彦根,5627921.pdf
美容所,パーマ・ハウス ウイニング,522-0024,彦根市正法寺町,彦根市正法寺町６７５－１３,６７５－１３,24-7015,本庄 澄江,H06/09/21,,,,彦根,5627921.pdf
美容所,ぱあまねんとかっとはうすべっぴんや,521-1134,彦根市田附町,彦根市田附町２０２２－２７,２０２２－２７,43-6242,倉橋 良子,H09/11/19,,,,彦根,5627921.pdf
美容所,パーマハウス くりっぷ,522-0023,彦根市原町,彦根市原町６６０－２６,６６０－２６,26-2620,田中 律子,S60/08/29,,,,彦根,5627921.pdf
美容所,パーミングハウス せぴあ,529-1164,犬上郡豊郷町日栄,犬上郡豊郷町日栄４８５,４８５,35-3595,大野 美弥子,S61/07/28,,,,彦根,5627921.pdf
美容所,パール美容室,522-0254,犬上郡甲良町池寺,犬上郡甲良町池寺４１６－１,４１６－１,38-2391,山田 みね,S41/06/28,,,,彦根,5627921.pdf
美容所,ぱる美容室,522-0054,彦根市西今町,彦根市西今町３８６－１７,３８６－１７,26-1383,米倉 美智子,H09/04/16,,,,彦根,5627921.pdf
美容所,バンビ美容室,522-0044,彦根市竹ケ鼻町,彦根市竹ケ鼻町４３－１ ビバシティ第５研修室,４３－１ ビバシティ第５研修室,0749-27-5585,株式会社二条丸八,H10/11/06,,,,彦根,5627921.pdf
美容所,ひさ美容室,522-0026,彦根市大堀町,彦根市大堀町８４４－２,８４４－２,22-6849,北川 久子,S62/04/28,,,,彦根,5627921.pdf
美容所,ビューティ 橘,522-0086,彦根市後三条町,彦根市後三条町５９３－１０,５９３－１０,23-9522,橘田 一代,S54/11/09,,,,彦根,5627921.pdf
美容所,藤林美容室,521-0004,米原市磯,米原市磯１６８７,１６８７,52-3562,藤林 キヨ子,S34/07/25,,,,長浜,5627921.pdf
美容所,日比美容室,526-0053,長浜市宮前町,長浜市宮前町１５－４２,１５－４２,63-6830,日比 幸子,H06/03/18,,,,長浜,5627921.pdf
美容所,八代美容室,521-0032,米原市枝折,米原市枝折１５４－１,１５４－１,54-0887,八代 栄子,S45/10/01,,,,長浜,5627921.pdf
美容所,髪工房 ｐｅｐｅ,529-0426,長浜市木之本町黒田,長浜市木之本町黒田１２６０－５,１２６０－５,82-4901,三田村 史美,H09/03/25,,,,長浜,5627921.pdf
美容所,美寿乃ビューティサロン,526-0844,長浜市南田附町,長浜市南田附町３００－１８,３００－１８,0749-63-9674,水野 敏子,H16/06/14,,,,長浜,5627921.pdf
美容所,美容 マルヤマ,529-0241,長浜市高月町高月,長浜市高月町高月１０２,１０２,85-4517,丸山 豊子,S53/11/16,,,,長浜,5627921.pdf
美容所,美容室 ＲＵＢＹ,526-0242,長浜市三田町,長浜市三田町９２０,９２０,0749-74-2588,堀居 ルリ子,H08/12/18,,,,長浜,5627921.pdf
美容所,美容室 Ｗｉｔｈ…,526-0847,長浜市山階町,長浜市山階町４５５－２６,４５５－２６,0749-65-7158,内藤 喜代美,H15/12/10,,,,長浜,5627921.pdf
美容所,美容室 アイ,521-0072,米原市顔戸,米原市顔戸１３６８－１６,１３６８－１６,0749-52-3007,磯谷 真理子,H03/08/01,,,,長浜,5627921.pdf
美容所,美容室 アキヤマ,529-0144,長浜市大寺町,長浜市大寺町８６３,８６３,73-2190,秋山 理映,S57/06/07,,,,長浜,5627921.pdf
美容所,美容室 あさみ,526-0802,長浜市東上坂町,長浜市東上坂町１０９５,１０９５,62-8738,大野 あさみ,S62/08/25,,,,長浜,5627921.pdf
美容所,美容室 セーヌ,521-0061,米原市長沢,米原市長沢１０７７,１０７７,0749-52-4833,大岩 美代子,H06/10/20,,,,長浜,5627921.pdf
美容所,美容室 セシル,521-0231,米原市村居田,米原市村居田１５３－１,１５３－１,55-3246,寺居 弘美,H02/05/08,,,,長浜,5627921.pdf
美容所,美容室 バサラ,526-0032,長浜市南高田町,長浜市南高田町８０－７,８０－７,63-2299,中川 幸治,H01/09/22,,,,長浜,5627921.pdf
美容所,美容室 はつよ,529-0414,長浜市木之本町川合,長浜市木之本町川合１８８,１８８,82-3790,脇坂 初代,S51/04/02,,,,長浜,5627921.pdf
美容所,美容室 ほまれ,521-0093,米原市寺倉,米原市寺倉６１８－４,６１８－４,0749-54-2508,川口 律子,S54/11/19,,,,長浜,5627921.pdf
美容所,美容室 ゆり,526-0052,長浜市神前町,長浜市神前町１０－２７,１０－２７,62-0992,田辺 由利,S50/02/04,,,,長浜,5627921.pdf
美容所,美容室 ラ・ムール,526-0024,長浜市三ツ矢元町,長浜市三ツ矢元町２５－２３,２５－２３,65-2596,百々 清代美,H12/03/29,,,,長浜,5627921.pdf
美容所,美容室 レイ,526-0032,長浜市南高田町,長浜市南高田町５２－７,５２－７,62-3380,有限会社美容室レイ,S58/11/11,,,,長浜,5627921.pdf
美容所,美容室「すぎむら」,526-0064,長浜市殿町,長浜市殿町１－２３,１－２３,63-0081,杉村 絹江,H06/03/29,,,,長浜,5627921.pdf
美容所,美容室ｔｏｍａｔｏ,526-0033,長浜市平方町,長浜市平方町１１８３－６,１１８３－６,63-4358,間野 満,H15/04/03,,,,長浜,5627921.pdf
美容所,美容室ＹＵＫＩ,526-0055,長浜市三和町,長浜市三和町５－５,５－５,62-4034,中川 ふさえ,H13/12/10,,,,長浜,5627921.pdf
美容所,美容室えむ,529-0426,長浜市木之本町黒田,長浜市木之本町黒田７８５－５,７８５－５,82-2656,山下 美恵子,H14/01/28,,,,長浜,5627921.pdf
美容所,美容室ビートル 長浜店,526-0847,長浜市山階町,長浜市山階町４５５－３１,４５５－３１,68-0404,株式会社ｈ＆ｂ,H14/03/19,,,,長浜,5627921.pdf
美容所,布美容室,521-0035,米原市醒井,米原市醒井６２０－２,６２０－２,54-0248,布 小百合,H09/06/20,,,,長浜,5627921.pdf
美容所,平井美容院,521-0202,米原市柏原,米原市柏原９５３,９５３,57-0715,平井 八重,S33/12/01,,,,長浜,5627921.pdf
美容所,平岡美容室,526-0022,長浜市中山町,長浜市中山町６－２３,６－２３,62-0958,平岡 妙子,H15/03/18,,,,長浜,5627921.pdf
美容所,北川美容室,521-0081,米原市多和田,米原市多和田１５４４,１５４４,0749-54-2006,北川 和男,S54/06/16,,,,長浜,5627921.pdf
美容所,北方美容院,521-0217,米原市北方,米原市北方１０８９,１０８９,55-2553,寺村 千枝子,S51/12/09,,,,長浜,5627921.pdf
美容所,本庄美容室,526-0804,長浜市加納町,長浜市加納町３５３－６,３５３－６,62-1343,本庄 まさゑ,S56/09/10,,,,長浜,5627921.pdf
美容所,和恵美容院,521-0202,米原市柏原,米原市柏原４７７－３,４７７－３,57-0165,氏縄 かずゑ,S39/06/01,,,,長浜,5627921.pdf
美容所,ｍａｃｈｏ ｈａｉｒ,529-0341,長浜市湖北町速水,長浜市湖北町速水２８６２－１,２８６２－１,0749-50-7505,松井 栄司,H21/04/30,,,,長浜,5627921.pdf
美容所,ＨＡＩＲ ＳＰＩＲＩＴ ＷＯＲＫＳ,526-0831,長浜市宮司町,長浜市宮司町８２１－５６,８２１－５６,0749-63-2344,平野 孝行,H21/05/19,,,,長浜,5627921.pdf
美容所,Ｈａｉｒ ｓａｌｏｎ ＤＯＬＬ,526-0014,長浜市口分田町,長浜市口分田町４００－１４,４００－１４,0749-50-1232,橘 翠,H21/08/07,,,,長浜,5627921.pdf
美容所,ノリー美容室,526-0244,長浜市内保町,長浜市内保町２９３－５,２９３－５,0749-50-1203,横地 典子,H21/08/28,,,,長浜,5627921.pdf
美容所,ｂｅａｕｌａｈ,526-0033,長浜市平方町,長浜市平方町３９８－１０,３９８－１０,0749-63-2110,村居 正子,H21/12/09,,,,長浜,5627921.pdf
美容所,ビューティ 山田,521-1114,彦根市彦富町,彦根市彦富町３４８－３,３４８－３,43-2551,山田 節子,S57/02/10,,,,彦根,5627921.pdf
美容所,ビューティー 茉莉花,522-0064,彦根市本町二丁目,彦根市本町二丁目８－２０ラヴィール２Ｆ,８－２０ラヴィール２Ｆ,22-1843,久米 協子,H07/03/09,,,,彦根,5627921.pdf
美容所,ビューティーサロン あいね,522-0053,彦根市大藪町,彦根市大藪町２０３４－６,２０３４－６,23-0607,福井 恵美子,S58/06/16,,,,彦根,5627921.pdf
美容所,ビューティーサロン ケイ,522-0053,彦根市大藪町,彦根市大藪町５１３－８,５１３－８,24-1182,前川 恵子,S52/03/26,,,,彦根,5627921.pdf
美容所,ビューティーサロン プリンセス,521-1123,彦根市肥田町,彦根市肥田町９５５－８,９５５－８,43-2381,冨永 鶴美,S51/07/28,,,,彦根,5627921.pdf
美容所,ビューティーサロンモリノ,521-1126,彦根市服部町,彦根市服部町３２７,３２７,43-5052,森野 喜代江,S59/07/01,,,,彦根,5627921.pdf
美容所,ビューティサロン ぎんぱ,522-0065,彦根市池州町,彦根市池州町１０－１,１０－１,22-0017,南 和子,H08/08/06,,,,彦根,5627921.pdf
美容所,ビューティサロン ハルミ,522-0042,彦根市戸賀町,彦根市戸賀町１３８－２,１３８－２,23-4330,浅井 春美,S56/06/06,,,,彦根,5627921.pdf
美容所,ビューティサロン ピエロ,522-0352,犬上郡多賀町久徳,犬上郡多賀町久徳１８１－１,１８１－１,48-1117,藤内 和子,S59/05/20,,,,彦根,5627921.pdf
美容所,ビューティサロン ピューア,522-0042,彦根市戸賀町,彦根市戸賀町１００－１５,１００－１５,23-8130,森野 信一,S59/03/03,,,,彦根,5627921.pdf
美容所,ビューティサロン ユタカ,522-0263,犬上郡甲良町法養寺,犬上郡甲良町法養寺１８０－７,１８０－７,38-2158,西川 豊子,S50/07/02,,,,彦根,5627921.pdf
美容所,ビューティサロン 悦子,522-0041,彦根市平田町,彦根市平田町４２２－１２,４２２－１２,22-2857,山形 悦子,S61/02/02,,,,彦根,5627921.pdf
美容所,ビューティサロン 柿の木,529-1237,愛知郡愛荘町西出,愛知郡愛荘町西出１１１,１１１,37-2105,上林 時男,S63/12/09,,,,彦根,5627921.pdf
美容所,ビューティプラザ ミソラ,522-0063,彦根市中央町,彦根市中央町１－２１,１－２１,22-0925,株式会社ミソラビューティルーム,S58/01/10,,,,彦根,5627921.pdf
美容所,ビューティメディカルサロンサニー,522-0052,彦根市長曽根南町,彦根市長曽根南町４８７－５,４８７－５,27-2662,山田 悦子,H09/08/26,,,,彦根,5627921.pdf
美容所,ヒロセ美容室 秦荘店,529-1233,愛知郡愛荘町東出,愛知郡愛荘町東出５０５－１,５０５－１,37-3705,株式会社ヒロセホールディングス,S62/02/11,,,,彦根,5627921.pdf
美容所,ヒロセ美容室 本店,529-1313,愛知郡愛荘町市,愛知郡愛荘町市１７０５－１,１７０５－１,42-5125,株式会社ｈ＆ｂ,H15/04/28,,,,彦根,5627921.pdf
美容所,ヒロ美容室,522-0053,彦根市大藪町,彦根市大藪町１６８３,１６８３,22-3795,北村 弘子,S40/03/08,,,,彦根,5627921.pdf
美容所,ファミリー美容室,522-0002,彦根市松原町,彦根市松原町１７５９－７２,１７５９－７２,24-0596,塚田 洋子,S53/11/21,,,,彦根,5627921.pdf
美容所,ブブ＆プライベートジャズ,522-0081,彦根市京町三丁目,彦根市京町三丁目５－３７,５－３７,0749-23-1083,樋口 玲子,H17/02/04,,,,彦根,5627921.pdf
美容所,フリーク美容室,521-1113,彦根市稲部町,彦根市稲部町６８,６８,43-6627,一岡 昭夫,H03/05/20,,,,彦根,5627921.pdf
美容所,フルカワ美容室,522-0004,彦根市鳥居本町,彦根市鳥居本町２２４５,２２４５,,古川 美智子,S43/12/27,,,,彦根,5627921.pdf
美容所,ヘア＆フェイス 美容室マミ,522-0201,彦根市高宮町,彦根市高宮町１３１９,１３１９,0749-23-2636,野原 真美,H12/01/04,,,,彦根,5627921.pdf
美容所,ヘアー キュービック ゼン,522-0002,彦根市松原町,彦根市松原町３６７９－１７,３６７９－１７,0749-24-8777,草野 元樹,H17/03/01,,,,彦根,5627921.pdf
美容所,ヘアークリニック マインド,522-0002,彦根市松原町,彦根市松原町３６１３－３,３６１３－３,22-6044,大澤 雅之,H06/02/17,,,,彦根,5627921.pdf
美容所,ヘアーサロン ちづみ,522-0243,犬上郡甲良町小川原,犬上郡甲良町小川原８１４－１３,８１４－１３,0749-28-2721,矢野 千鶴美,H18/10/16,,,,彦根,5627921.pdf
美容所,ヘアーサロン ノン,522-0043,彦根市小泉町,彦根市小泉町３００－２９ 南彦根駅前会館１０１号,３００－２９ 南彦根駅前会館１０１号,0749-26-3720,堀田 信子,H20/10/01,,,,彦根,5627921.pdf
美容所,ヘアーサロン マツモト,522-0236,彦根市犬方町,彦根市犬方町８４０－１,８４０－１,25-0162,松本 きみ江,H14/06/19,,,,彦根,5627921.pdf
美容所,ヘアースポット ヒロコ,522-0051,彦根市中藪町,彦根市中藪町７５４－２３,７５４－２３,23-1567,村上 博子,H08/04/01,,,,彦根,5627921.pdf
美容所,ヘアーメイク クール,522-0063,彦根市中央町,彦根市中央町７－４７ １Ｆ,７－４７ １Ｆ,0749-26-8427,三村 洋子,H19/04/04,,,,彦根,5627921.pdf
美容所,ヘアーメイク グラディー,522-0053,彦根市大藪町,彦根市大藪町２４５８－１,２４５８－１,26-1829,渡邉 裕子,H09/11/11,,,,彦根,5627921.pdf
美容所,ヘアーロマンド Ｋ,522-0201,彦根市高宮町,彦根市高宮町１２２１－１,１２２１－１,0749-26-6658,金澤 徳雄,H13/04/24,,,,彦根,5627921.pdf
美容所,ポパイとオリーブ,522-0024,彦根市正法寺町,彦根市正法寺町８１－４,８１－４,22-5188,藤内 春男,H03/03/06,,,,彦根,5627921.pdf
美容所,まつい美容室,522-0003,彦根市宮田町,彦根市宮田町１２６,１２６,22-2970,松居 朝子,S56/07/07,,,,彦根,5627921.pdf
美容所,みづの美容室,522-0083,彦根市河原二丁目,彦根市河原二丁目４－９,４－９,0749-22-1115,水野 正雄,H11/11/10,,,,彦根,5627921.pdf
美容所,ミツワ美容院,522-0252,犬上郡甲良町金屋,犬上郡甲良町金屋１１５－１,１１５－１,38-2113,安沢 くに子,S45/12/03,,,,彦根,5627921.pdf
美容所,ミニーマウス,522-0047,彦根市日夏町,彦根市日夏町１７７６－７８,１７７６－７８,25-2904,岡田 佐代美,S63/12/05,,,,彦根,5627921.pdf
美容所,ミューズ,522-0052,彦根市長曽根南町,彦根市長曽根南町５１５－１０,５１５－１０,0749-26-7187,北川 英則,H20/04/07,,,,彦根,5627921.pdf
美容所,みゆき美容室,522-0201,彦根市高宮町,彦根市高宮町２２３４,２２３４,22-0608,中村 美代子,S40/06/01,,,,彦根,5627921.pdf
美容所,モダン美容室,529-1331,愛知郡愛荘町愛知川,愛知郡愛荘町愛知川１３１１－４,１３１１－４,42-5747,雨森 初子,H02/04/10,,,,彦根,5627921.pdf
美容所,もとや美容室,529-1311,愛知郡愛荘町石橋,愛知郡愛荘町石橋６１８,６１８,42-3861,本屋 芳美,S43/12/20,,,,彦根,5627921.pdf
美容所,ヤサカ美容室,522-0354,犬上郡多賀町土田,犬上郡多賀町土田６３８,６３８,48-0393,西村 静枝,S41/09/17,,,,彦根,5627921.pdf
美容所,ユー美容室,522-0261,犬上郡甲良町長寺,犬上郡甲良町長寺５２３－３,５２３－３,38-2537,上田 百合美,H02/03/17,,,,彦根,5627921.pdf
美容所,ユリ美容室 本店,529-1331,愛知郡愛荘町愛知川,愛知郡愛荘町愛知川７－５,７－５,42-3511,玄田 哲人,H17/05/06,,,,彦根,5627921.pdf
美容所,ヨウコ美容室,522-0053,彦根市大藪町,彦根市大藪町５１－６１,５１－６１,24-1832,宮原 洋子,S53/05/13,,,,彦根,5627921.pdf
美容所,リリー美容室,522-0041,彦根市平田町,彦根市平田町７７６－３,７７６－３,23-8505,箕田 サチ子,S50/09/01,,,,彦根,5627921.pdf
美容所,ルミ美容室,522-0024,彦根市正法寺町,彦根市正法寺町１４－４１,１４－４１,26-6144,野瀬 るみ子,H03/07/29,,,,彦根,5627921.pdf
美容所,レイメイ美容室,522-0072,彦根市船町,彦根市船町６－２８,６－２８,26-7337,富田 劭子,H02/12/12,,,,彦根,5627921.pdf
美容所,レイメイ美容室,522-0063,彦根市中央町,彦根市中央町７－４４,７－４４,24-0563,富田 劭子,S51/07/28,,,,彦根,5627921.pdf
美容所,安佛美容室,521-1145,彦根市南三ツ谷町,彦根市南三ツ谷町１６５０－５,１６５０－５,43-2885,安佛 和子,S45/11/04,,,,彦根,5627921.pdf
美容所,稲枝美容室,521-1125,彦根市稲枝町,彦根市稲枝町２９０,２９０,43-5369,谷口 満利子,S28/02/26,,,,彦根,5627921.pdf
美容所,羽田 美容室 （ＣＯＭＩＮＧＯＵＴ）,529-1314,愛知郡愛荘町中宿,愛知郡愛荘町中宿１１６,１１６,0749-42-0321,羽田 利得,H13/01/05,,,,彦根,5627921.pdf
美容所,悦 美容室,522-0007,彦根市古沢町,彦根市古沢町９４,９４,22-4791,村長 悦子,S41/12/15,,,,彦根,5627921.pdf
美容所,園 美容室,522-0243,犬上郡甲良町小川原,犬上郡甲良町小川原７９８－２,７９８－２,25-2370,山本 利治,S50/04/05,,,,彦根,5627921.pdf
美容所,アデランス彦根,522-0073,彦根市旭町,彦根市旭町７－１７ 近澤ビル６Ｆ,７－１７ 近澤ビル６Ｆ,0749-22-9696,株式会社アデランス,H18/02/22,,,,彦根,5627921.pdf
美容所,株式会社ミソラビューティルームサロン ド クール,522-0074,彦根市大東町,彦根市大東町６－２２アイデールビル２Ｆ,６－２２アイデールビル２Ｆ,26-8427,株式会社ミソラビューティルーム,H07/04/17,,,,彦根,5627921.pdf
美容所,吉岡美容室,529-1212,愛知郡愛荘町元持,愛知郡愛荘町元持４２５,４２５,37-3337,吉岡 定夫,S50/09/04,,,,彦根,5627921.pdf
美容所,建本美容室,522-0064,彦根市本町一丁目,彦根市本町一丁目３－２５,３－２５,22-0674,建本 照子,S30/10/27,,,,彦根,5627921.pdf
美容所,古川美容室,522-0083,彦根市河原二丁目,彦根市河原二丁目２－９,２－９,22-1549,古川 豊子,H07/06/13,,,,彦根,5627921.pdf
美容所,幸 美容室,522-0004,彦根市鳥居本町,彦根市鳥居本町１８６７－４,１８６７－４,23-7352,奥田 幸子,H19/04/19,,,,彦根,5627921.pdf
美容所,姉妹美容室,522-0242,犬上郡甲良町尼子,犬上郡甲良町尼子１４１６,１４１６,38-2878,富田 君江,S38/06/01,,,,彦根,5627921.pdf
美容所,七里香,522-0047,彦根市日夏町,彦根市日夏町３８５４,３８５４,0749-28-0491,日夏 芙美代,H20/03/19,,,,彦根,5627921.pdf
美容所,松宮美容室,522-0341,犬上郡多賀町多賀,犬上郡多賀町多賀７１４,７１４,48-1058,松宮 佳津子,S55/02/08,,,,彦根,5627921.pdf
美容所,仁保美容院,522-0031,彦根市芹中町,彦根市芹中町５２,５２,22-3912,仁保 和子,S44/05/27,,,,彦根,5627921.pdf
美容所,双葉美容室,522-0051,彦根市中藪町,彦根市中藪町６２１－１１,６２１－１１,23-0255,大橋 有理,H15/10/10,,,,彦根,5627921.pdf
美容所,大地,522-0047,彦根市日夏町,彦根市日夏町１５０５－１,１５０５－１,0749-25-1156,山川 良,H18/02/23,,,,彦根,5627921.pdf
美容所,田部美容室,522-0081,彦根市京町一丁目,彦根市京町一丁目３－４５,３－４５,22-3522,田部 和子,S29/10/08,,,,彦根,5627921.pdf
美容所,藤内美容室,522-0324,犬上郡多賀町川相,犬上郡多賀町川相３２９,３２９,49-0823,藤内 和子,S43/04/17,,,,彦根,5627921.pdf
美容所,髪工房,522-0055,彦根市野瀬町,彦根市野瀬町１５０－９,１５０－９,,川越 清美,H09/04/10,,,,彦根,5627921.pdf
美容所,ＫＡＭＩＤＯＫＯＲＯ,522-0066,彦根市栄町二丁目,彦根市栄町二丁目２－６,２－６,26-5721,江畑 志郎,H08/09/06,,,,彦根,5627921.pdf
美容所,琵琶陣本店,522-0086,彦根市後三条町,彦根市後三条町４８６－５,４８６－５,22-8402,小林 強,S54/12/05,,,,彦根,5627921.pdf
美容所,美装,522-0044,彦根市竹ケ鼻町,彦根市竹ケ鼻町４３－１ビバシティ第４研修室,４３－１ビバシティ第４研修室,27-5585,辻 輝美,H08/11/01,,,,彦根,5627921.pdf
美容所,美容サロン 伊夫気,522-0052,彦根市長曽根南町,彦根市長曽根南町５０１－１５,５０１－１５,24-2459,伊夫気 享子,H03/10/01,,,,彦根,5627921.pdf
美容所,美容室 Ｃａｎｄｙ,522-0047,彦根市日夏町,彦根市日夏町２７５０－１０８,２７５０－１０８,28-3456,野瀬 千枝子,H09/12/16,,,,彦根,5627921.pdf
美容所,美容室 ＢＬＡＣＫ,522-0041,彦根市平田町,彦根市平田町７２０－１,７２０－１,0749-27-5055,大田 裕也,H18/09/14,,,,彦根,5627921.pdf
美容所,美容室 ＣＬＵＢ－ＤＪ,522-0041,彦根市平田町,彦根市平田町２９２－６ 中村ビル１Ｆ,２９２－６ 中村ビル１Ｆ,23-6886,東 真一,H05/03/26,,,,彦根,5627921.pdf
美容所,美容室 ｅｉＭ,522-0088,彦根市銀座町,彦根市銀座町６－９,６－９,22-9755,松坂 恵美,H16/03/09,,,,彦根,5627921.pdf
美容所,美容室 Ｆｉｎｅ,529-1208,愛知郡愛荘町竹原,愛知郡愛荘町竹原１０４２－２,１０４２－２,0749-37-4733,小林 祐子,H18/04/18,,,,彦根,5627921.pdf
美容所,美容室 ＧＥＴ ＵＰ,522-0222,彦根市南川瀬町,彦根市南川瀬町１４４０－１５,１４４０－１５,0749-25-1092,村田 真奈美,H10/04/10,,,,彦根,5627921.pdf
美容所,美容室 ＫＥＩＺＯ,522-0041,彦根市平田町,彦根市平田町２０９－１,２０９－１,26-7733,山本 敬三,H19/06/27,,,,彦根,5627921.pdf
美容所,美容室 ＭＯＬＴＩ,522-0024,彦根市正法寺町,彦根市正法寺町４７０－３８,４７０－３８,0749-24-9888,谷澤 美和,H12/09/20,,,,彦根,5627921.pdf
美容所,美容室 ＯＲＯ,522-0201,彦根市高宮町,彦根市高宮町１３３３－２,１３３３－２,21-3278,小口 二良,H19/01/22,,,,彦根,5627921.pdf
美容所,美容室 Ｐａｓｓｉｏｎ,522-0041,彦根市平田町,彦根市平田町５１１,５１１,24-7038,小川 光洋,H02/07/02,,,,彦根,5627921.pdf
美容所,美容室Ｒｉｎ,529-1208,愛知郡愛荘町竹原,愛知郡愛荘町竹原１０１３－２,１０１３－２,0749-37-8321,前川 豊宏,H17/03/01,,,,彦根,5627921.pdf
美容所,美容室 ＴＯＰ,522-0238,彦根市広野町,彦根市広野町６６－３,６６－３,28-2700,橋本 密信,S62/02/08,,,,彦根,5627921.pdf
美容所,美容室 キラ,529-1169,犬上郡豊郷町石畑,犬上郡豊郷町石畑３２９－８,３２９－８,35-4479,荒川 恵美,H15/06/27,,,,彦根,5627921.pdf
美容所,美容室 きるきる,522-0052,彦根市長曽根南町,彦根市長曽根南町５５７,５５７,23-4433,渡辺 守,H15/10/10,,,,彦根,5627921.pdf
美容所,美容室 シンフォニー,522-0069,彦根市馬場二丁目,彦根市馬場二丁目１－１ カインズモールベイシア内,１－１ カインズモールベイシア内,0749-22-7631,有限会社シンフォニー,H19/10/10,,,,彦根,5627921.pdf
美容所,美容室 ひきだ,522-0201,彦根市高宮町,彦根市高宮町１１６８,１１６８,22-6217,疋田 安江,S41/12/24,,,,彦根,5627921.pdf
美容所,美容室 プランタン,522-0201,彦根市高宮町,彦根市高宮町１３１０－２９,１３１０－２９,23-5123,伊藤 京子,S55/04/03,,,,彦根,5627921.pdf
美容所,美容室 マニッシュ,522-0074,彦根市大東町,彦根市大東町２－４１,２－４１,26-6782,有限会社 ビューエスワイエス企画,H02/10/23,,,,彦根,5627921.pdf
美容所,美容室 ミュウ,522-0057,彦根市八坂町,彦根市八坂町１３１３,１３１３,28-2909,福井 由美子,H07/02/17,,,,彦根,5627921.pdf
美容所,美容室 ミューズ,522-0053,彦根市大藪町,彦根市大藪町１３－６,１３－６,24-4557,北川 英則,S62/10/09,,,,彦根,5627921.pdf
美容所,美容室 モンロー,522-0052,彦根市長曽根南町,彦根市長曽根南町５０１－３９,５０１－３９,27-0356,上田 真由美,H08/11/06,,,,彦根,5627921.pdf
美容所,美容室 紫季,529-1223,愛知郡愛荘町島川,愛知郡愛荘町島川４８４－２,４８４－２,42-7044,青山 季代美,H13/11/28,,,,彦根,5627921.pdf
美容所,美容室 蘭,522-0047,彦根市日夏町,彦根市日夏町１７７６－１５６,１７７６－１５６,28-3487,松本 和子,S63/10/08,,,,彦根,5627921.pdf
美容所,美容室あすか,522-0046,彦根市甘呂町,彦根市甘呂町９４６,９４６,0749-25-0714,北川 明香,H10/11/13,,,,彦根,5627921.pdf
美容所,美容室アート,522-0088,彦根市銀座町,彦根市銀座町６－９,６－９,0749-22-9755,渡辺 とき江,H13/05/30,,,,彦根,5627921.pdf
美容所,美容室うの,529-1206,愛知郡愛荘町蚊野,愛知郡愛荘町蚊野１５７０,１５７０,37-2046,宇野 典子,H07/10/30,,,,彦根,5627921.pdf
美容所,美容室コバヤシ,529-1171,犬上郡豊郷町安食西,犬上郡豊郷町安食西７９１,７９１,35-2807,小林 美代子,H09/08/08,,,,彦根,5627921.pdf
美容所,彦根創寫舘美容室,522-0073,彦根市旭町,彦根市旭町８－２５,８－２５,24-0809,ワタベウェディング株式会社,H08/09/26,,,,彦根,5627921.pdf
美容所,舞妓美容室,522-0201,彦根市高宮町,彦根市高宮町２９２６,２９２６,28-0046,金澤 満子,S56/10/29,,,,彦根,5627921.pdf
美容所,楓 美容室,522-0342,犬上郡多賀町敏満寺,犬上郡多賀町敏満寺２０２,２０２,0749-48-0294,樋口 満子,H20/08/06,,,,彦根,5627921.pdf
美容所,有限会社ピエロ ｐｅａｕ ｓｏｕｐｌｅ,522-0201,彦根市高宮町,彦根市高宮町１５５５－１,１５５５－１,22-6512,有限会社ピエロ,H14/11/01,,,,彦根,5627921.pdf
美容所,来里亜,522-0081,彦根市京町三丁目,彦根市京町三丁目１－２１,１－２１,22-1702,堀 登喜子,H16/01/27,,,,彦根,5627921.pdf
美容所,Ｃａｒｎｉｖａｌ,522-0201,彦根市高宮町,彦根市高宮町２０６７－８,２０６７－８,24-0616,山本 晃明,H21/01/26,,,,彦根,5627921.pdf
美容所,Ｂｅａｍ－Ｚ,522-0222,彦根市南川瀬町,彦根市南川瀬町１５１８－１６,１５１８－１６,25-0337,北川 麻有,H20/12/17,,,,彦根,5627921.pdf
美容所,ｃｏｃｏｒｏ －Hair－,529-1234,愛知郡愛荘町安孫子,愛知郡愛荘町安孫子８３６－２７,８３６－２７,,野々村 美幸,H21/03/27,,,,彦根,5627921.pdf
美容所,ヘアーサロン ミワ,521-1133,彦根市本庄町,彦根市本庄町２５３３,２５３３,43-5644,三輪 久代,H21/05/11,,,,彦根,5627921.pdf
美容所,美容サミット,522-0201,彦根市高宮町,彦根市高宮町１５５１－４,１５５１－４,27-4145,渡部 敦史,H21/04/28,,,,彦根,5627921.pdf
美容所,アソラート,522-0086,彦根市後三条町,彦根市後三条町６１８－１,６１８－１,23-7495,松井 久典,H21/05/01,,,,彦根,5627921.pdf
美容所,ＨＡＩＲ’Ｓ ＺＩＰ,522-0223,彦根市川瀬馬場町,彦根市川瀬馬場町９５７－４,９５７－４,0749-28-3990,河野 秀男,H21/08/04,,,,彦根,5627921.pdf
美容所,Ｈａｉｒ ＭｉＭＰｉ,522-0201,彦根市高宮町,彦根市高宮町１４１８－１ ウェルス森１０１,１４１８－１ ウェルス森１０１,0749-26-2886,有限会社Ｃａｎｔｉｋ,H21/08/24,,,,彦根,5627921.pdf
美容所,エイティ プラス,522-0043,彦根市小泉町,彦根市小泉町３００－１４,３００－１４,24-4562,長岡 哲也,H21/09/08,,,,彦根,5627921.pdf
美容所,ブルーム・ヘアーリゾート,522-0004,彦根市鳥居本町,彦根市鳥居本町１６１７,１６１７,0749-22-2115,神橋 志津子,H21/11/20,,,,彦根,5627921.pdf
美容所,美容室ラベンダー,522-0087,彦根市芹橋一丁目,彦根市芹橋一丁目１－４１,１－４１,0749-27-3730,楠亀 有加,H21/12/21,,,,彦根,5627921.pdf
美容所,石原美容室,522-0068,彦根市城町一丁目,彦根市城町一丁目１－７３－３０６,１－７３－３０６,0749-29-0971,石原 安代,H22/01/05,,,,彦根,5627921.pdf
美容所,美容室 ジェリーフィッシュ,522-0054,彦根市西今町,彦根市西今町９１９－１８,９１９－１８,0749-23-3820,武村 啓子,H22/01/27,,,,彦根,5627921.pdf
美容所,Ｌｅｅ・ｍａ,522-0064,彦根市本町一丁目,彦根市本町一丁目１１－１９ ２Ｆ,１１－１９ ２Ｆ,0749-26-8876,岩﨑 麻理,H22/03/12,,,,彦根,5627921.pdf
美容所,Ｊ－ｈａｉｒ,522-0041,彦根市平田町,彦根市平田町２９２－１６,２９２－１６,0749-22-1891,井上 奈緒子,H22/03/26,,,,彦根,5627921.pdf
美容所,ＡＬＴＥＲＥＧＯ,522-0047,彦根市日夏町,彦根市日夏町８２２－７,８２２－７,0749-20-2165,本田 志緒里,H22/04/23,,,,彦根,5627921.pdf
美容所,ｒａｕｌｅ’ａ,521-1123,彦根市肥田町,彦根市肥田町１０１０－１ アルファヴィラ２Ｆ,１０１０－１ アルファヴィラ２Ｆ,0749-43-5788,藤井 あさみ,H22/05/20,,,,彦根,5627921.pdf
美容所,スタジオ エターナル,522-0041,彦根市平田町,彦根市平田町４２１ Ｎａｓｕ１ビル３Ｆ,４２１ Ｎａｓｕ１ビル３Ｆ,0749-22-6016,小林 幸美,H22/10/14,,,,彦根,5627921.pdf
美容所,ｗｈｏｌｅ９（ウォール ナイン）,522-0033,彦根市芹川町,彦根市芹川町１２１２－６,１２１２－６,0749-22-3931,佐藤 のり子,H22/10/26,,,,彦根,5627921.pdf
美容所,ヘナ・サロン チャキ,522-0213,彦根市西葛籠町,彦根市西葛籠町１９９－１,１９９－１,0749-25-3137,茶木 奈美,H22/12/14,,,,彦根,5627921.pdf
美容所,ヘアーサロン ノン,522-0054,彦根市西今町,彦根市西今町８７－７,８７－７,0749-26-3720,堀田 信子,H23/01/19,,,,彦根,5627921.pdf
美容所,ｇｒａｐｐｅ,522-0054,彦根市西今町,彦根市西今町８５０－３８,８５０－３８,0749-20-4919,上田 麻代,H23/04/25,,,,彦根,5627921.pdf
美容所,ｈａｉｒ ｒｏｏｍ ＨｉＮｏＫａ,522-0067,彦根市長曽根町,彦根市長曽根町５－２－２３,５－２－２３,0749-26-5826,臼井 恵美子,H23/04/22,,,,彦根,5627921.pdf
美容所,しが美容,522-0047,彦根市日夏町,彦根市日夏町１７１１－２６,１７１１－２６,0749-28-2131,港屋ハウジング株式会社,H23/04/26,,,,彦根,5627921.pdf
美容所,ヒロセ美容室 愛知川本店 はなれ,529-1313,愛知郡愛荘町市,愛知郡愛荘町市１７０７－６,１７０７－６,0749-42-3040,株式会社Ｄｏ，プラン,H23/05/02,,,,彦根,5627921.pdf
美容所,カットハウス・ＳＥＮＡＲＩＭＩ,522-0004,彦根市鳥居本町,彦根市鳥居本町２４１５,２４１５,0749-23-6771,井上 春美,H23/07/25,,,,彦根,5627921.pdf
美容所,ｄｒｅｓｓ ｈａｉｒ,522-0222,彦根市南川瀬町,彦根市南川瀬町１６５１－５,１６５１－５,0749-25-2112,上田 明弘,H23/10/03,,,,彦根,5627921.pdf
美容所,Ｃｈｅｒｉ,522-0043,彦根市小泉町,彦根市小泉町９４８,９４８,0749-27-0995,柴田 佐代子,H23/10/06,,,,彦根,5627921.pdf
美容所,Ｈａｉｒ ｃｏｌｏｒ ｓａｌｏｎ Ｏｒａ ｎｇｅ,522-0043,彦根市小泉町,彦根市小泉町６７３－３,６７３－３,0749-26-0727,大内 あや乃,H24/03/12,,,,彦根,5627921.pdf
美容所,ｇeｒｂｅｒａ,522-0052,彦根市長曽根南町,彦根市長曽根南町３７８－２２,３７８－２２,0749-24-9202,田口 あづさ,H24/03/16,,,,彦根,5627921.pdf
美容所,Ｈａｉｒ Ｄｅｓｉｇｎ Ｃｕｒｅａ,522-0029,彦根市地蔵町,彦根市地蔵町９０－５,９０－５,0749-24-1194,谷川 幸司,H24/04/11,,,,彦根,5627921.pdf
美容所,髪染本舗 彦根後三条店,522-0086,彦根市後三条町,彦根市後三条町３２７－１,３２７－１,0749-22-2530,永尾 公基,H24/06/13,,,,彦根,5627921.pdf
美容所,彦根ビューホテル美粧室,522-0002,彦根市松原町,彦根市松原町１４３５－９１,１４３５－９１,0749-26-1111,宮森 和也,H24/08/03,,,,彦根,5627921.pdf
美容所,Ｈａｉｒ ＩＲＩＥ,522-0027,彦根市東沼波町,彦根市東沼波町７８３－６,７８３－６,,上川 美穂,H24/11/13,,,,彦根,5627921.pdf
美容所,ｃｉｌｓ,521-1136,彦根市新海浜二丁目,彦根市新海浜二丁目４－１８,４－１８,0749-43-6828,大橋 弥生,H24/11/20,,,,彦根,5627921.pdf
美容所,ｈｕｍｍｉｎｇ ｂｉｒｄ,522-0064,彦根市本町一丁目,彦根市本町一丁目１０－１４,１０－１４,26-2000,山田 淳司,H24/12/10,,,,彦根,5627921.pdf
美容所,ひろ,522-0041,彦根市平田町,彦根市平田町８９２－９,８９２－９,0749-23-3171,中川 弘子,H24/12/17,,,,彦根,5627921.pdf
美容所,Ｋｅｉｚｏ,521-1131,彦根市上稲葉町,彦根市上稲葉町１６１－６,１６１－６,0749-20-9155,株式会社Ｋｅｉｚｏ,H25/01/17,,,,彦根,5627921.pdf
美容所,ひとみ,522-0236,彦根市犬方町,彦根市犬方町８５３－４２,８５３－４２,,近藤 瞳,H25/02/07,,,,彦根,5627921.pdf
美容所,ヘアーロマンドＫ,522-0201,彦根市高宮町,彦根市高宮町１４８９,１４８９,0749-26-6658,金澤 徳雄,H25/02/18,,,,彦根,5627921.pdf
美容所,ＪＡＺＺ,522-0044,彦根市竹ケ鼻町,彦根市竹ケ鼻町１２４－３ プレステージⅠ,１２４－３ プレステージⅠ,27-1061,田畑 紀貴,H25/03/15,,,,彦根,5627921.pdf
美容所,ｍｅｒｃｉｂｅａｕｃｏｕｐ★,529-1331,愛知郡愛荘町愛知川,愛知郡愛荘町愛知川４０,４０,,島田 和幸,H25/04/02,,,,彦根,5627921.pdf
美容所,Ｃｈｕｌａ Ｇｒａｃｅ,522-0041,彦根市平田町,彦根市平田町１３２－７,１３２－７,0749-26-0056,教野 涼子,H25/06/18,,,,彦根,5627921.pdf
美容所,ＦＲＯＧ,522-0024,彦根市正法寺町,彦根市正法寺町５００－５４,５００－５４,0749-29-1296,北村 文澄,H25/08/30,,,,彦根,5627921.pdf
美容所,Ｄｕ・Ｒｅｖｅ,522-0054,彦根市西今町,彦根市西今町７７５－３７,７７５－３７,0749-24-3631,山﨑 惠子,H25/10/24,,,,彦根,5627921.pdf
美容所,美容プラージュ イオンタウン彦根店,522-0007,彦根市古沢町,彦根市古沢町２５５－１,２５５－１,0749-23-0114,阪南理美容株式会社,H25/10/18,,,,彦根,5627921.pdf
美容所,クイックカラーＱ パリヤ店,522-0052,彦根市長曽根南町,彦根市長曽根南町４７２－２,４７２－２,0749-47-5545,株式会社せんしゅう,H25/10/30,,,,彦根,5627921.pdf
美容所,桜梅桃李,522-0201,彦根市高宮町,彦根市高宮町２５９０－１５,２５９０－１５,,北川 尚子,H25/11/14,,,,彦根,5627921.pdf
美容所,ｃｈｏｕｃｈｏｕ Ｈａｉｒ,529-1311,愛知郡愛荘町石橋,愛知郡愛荘町石橋６６４,６６４,,松野 恵子,H26/02/21,,,,彦根,5627921.pdf
美容所,ＳＥＰＴ ＮＡＩＬ 彦根店,522-0075,彦根市佐和町,彦根市佐和町６－１５ 文教本社ビル２階,６－１５ 文教本社ビル２階,0749-22-0988,株式会社ＳＥＰＴ,H26/02/14,,,,彦根,5627921.pdf
美容所,ステラ美容室,522-0075,彦根市佐和町,彦根市佐和町５－３９,５－３９,0749-22-1991,小堀 節子,H26/05/12,,,,彦根,5627921.pdf
美容所,ｂａｌｕ－ｂａｌｕ ｈａｉｒ,522-0056,彦根市開出今町,彦根市開出今町１５８８－２,１５８８－２,0749-26-5020,竹中 篤史,H26/08/26,,,,彦根,5627921.pdf
美容所,ＨＡＩＲ ＳＴＵＤＩＯ ＩＷＡＳＡＫＩ,522-0055,彦根市野瀬町,彦根市野瀬町１６８,１６８,,株式会社ハクブン,H26/11/14,,,,彦根,5627921.pdf
美容所,Ｂｒａｎｃｈ,522-0317,犬上郡多賀町一円,犬上郡多賀町一円１８９,１８９,0749-48-0322,一圓 枝里子,H26/12/01,,,,彦根,5627921.pdf
美容所,ＡＲＴＩＳＴＡ ＨＡＩＲ,522-0075,彦根市佐和町,彦根市佐和町１－１５,１－１５,0749-49-2511,・村 和記,H27/02/02,,,,彦根,5627921.pdf
美容所,ナカジマ美容室,521-1143,彦根市上西川町,彦根市上西川町５６７,５６７,0749-43-5837,北川 尊子,H27/02/23,,,,彦根,5627921.pdf
美容所,ｌ’Ａｕｂｅ,522-0052,彦根市長曽根南町,彦根市長曽根南町５１９－４,５１９－４,0749-20-4342,中澤 大輔,H27/02/20,,,,彦根,5627921.pdf
美容所,トータルプライベートサロン シャンテル,522-0032,彦根市芹町,彦根市芹町２－７,２－７,0749-301143,株式会社シャンテル,H27/03/03,,,,彦根,5627921.pdf
美容所,ソルティ★ドッグ,522-0244,犬上郡甲良町在士,犬上郡甲良町在士４８３－６,４８３－６,,陌間 あゆみ,H27/03/26,,,,彦根,5627921.pdf
美容所,ビューティ吉岡,522-0072,彦根市船町,彦根市船町３－１４,３－１４,0749-23-8177,髙木 静子,H27/04/07,,,,彦根,5627921.pdf
美容所,ＲＩＴＯ ｋｉ６２６ｍｉ,522-0041,彦根市平田町,彦根市平田町６７８－１４,６７８－１４,0749-20-6895,小菅 陽子,H27/06/09,,,,彦根,5627921.pdf
美容所,ＣＲＡＮＺ 彦根店,522-0010,彦根市駅東町,彦根市駅東町１９－３ マリアージュ彦根玉姫殿内,１９－３ マリアージュ彦根玉姫殿内,0749-26-2409,株式会社ＣＲＡＮＺ,H27/08/31,,,,彦根,5627921.pdf
美容所,ｔｏｔｔｅ,522-0053,彦根市大藪町,彦根市大藪町５１－１６１,５１－１６１,,辻 沙季,H27/10/02,,,,彦根,5627921.pdf
美容所,ｙｕｎ,529-1311,愛知郡愛荘町石橋,愛知郡愛荘町石橋６６４,６６４,0749-49-4101,西澤 佑美,H27/10/28,,,,彦根,5627921.pdf
美容所,ｉｌａ ｍｏｋｕｒｅｎ,522-0065,彦根市池州町,彦根市池州町４－１５,４－１５,0749-24-6633,寺村 清隆,H27/11/06,,,,彦根,5627921.pdf
美容所,森森の美容室,522-0232,彦根市蓮台寺町,彦根市蓮台寺町５０－４４,５０－４４,0749-28-9816,森澤 勇介,H27/11/17,,,,彦根,5627921.pdf
美容所,ｔｅｔｏｋｅ,522-0026,彦根市大堀町,彦根市大堀町５０３－５,５０３－５,,尾﨑 ひろ美,H27/11/27,,,,彦根,5627921.pdf
美容所,アートネイチャー彦根店（美容）,522-0074,彦根市大東町,彦根市大東町５－１２ ＵＫＡＩビル３Ｆ,５－１２ ＵＫＡＩビル３Ｆ,0749-24-5100,株式会社アートネイチャー,H28/01/26,,,,彦根,5627921.pdf
美容所,Ｆｌａｒｅ Ｍ,529-1312,愛知郡愛荘町川久保,愛知郡愛荘町川久保５６－１,５６－１,0749-42-5657,芦田 美香,H28/03/03,,,,彦根,5627921.pdf
美容所,Ｆｌａｒｅ Ｋ,529-1312,愛知郡愛荘町川久保,愛知郡愛荘町川久保５６－１,５６－１,0749-42-5657,芦田 かな恵,H28/03/03,,,,彦根,5627921.pdf
美容所,カットコムズ彦根,522-0044,彦根市竹ケ鼻町,彦根市竹ケ鼻町４３－２ビバシティ彦根店内１Ｆ,４３－２ビバシティ彦根店内１Ｆ,,前川 政光,H28/03/22,,,,彦根,5627921.pdf
美容所,Ｊａｚｚ Ｓｉｌｖｅｒ Ｂａｃｋ,522-0007,彦根市古沢町,彦根市古沢町２０６－１－５,２０６－１－５,0749-23-0988,田畑 紀貴,H28/05/13,,,,彦根,5627921.pdf
美容所,ヘアーサロン ＬＩＺ,522-0047,彦根市日夏町,彦根市日夏町２０５１,２０５１,0749-30-9970,小林 美香,H28/07/01,,,,彦根,5627921.pdf
美容所,ヘアースタジオＩＷＡＳＡＫＩ 高宮店,522-0201,彦根市高宮町,彦根市高宮町１３３３－２,１３３３－２,0749-30-9063,株式会社ハクブン,H28/07/14,,,,彦根,5627921.pdf
美容所,ｋｒｅｖａ,529-1313,愛知郡愛荘町市,愛知郡愛荘町市１８１２－１,１８１２－１,0749-20-7354,伴 茂樹,H28/09/16,,,,彦根,5627921.pdf
美容所,ｈａｉｒ ＣＡＮＡＲＩＯ,522-0024,彦根市正法寺町,彦根市正法寺町６８７－２８,６８７－２８,,バレンシア 三知代,H28/09/27,,,,彦根,5627921.pdf
美容所,カットコムズ パリヤ彦根,522-0052,彦根市長曽根南町,彦根市長曽根南町４７２－２ パリヤサンペディック パリ ヤ彦根店１Ｆ,４７２－２ パリヤサンペディック パリ ヤ彦根店１Ｆ,,前川 政光,H28/11/18,,,,彦根,5627921.pdf
美容所,Ｃｈａ Ｌｕ－Ｌｕ,529-1223,愛知郡愛荘町島川,愛知郡愛荘町島川６２３－５,６２３－５,,大前 由美,H28/12/20,,,,彦根,5627921.pdf
美容所,Ｈａｃｈｉ,522-0052,彦根市長曽根南町,彦根市長曽根南町５４８ アシストビル１Ｆ,５４８ アシストビル１Ｆ,0749-24-8787,田川 順子,H29/01/06,,,,彦根,5627921.pdf
美容所,Ｌｕ Ｃｈａｎｔｅ,522-0052,彦根市長曽根南町,彦根市長曽根南町３２０－４６,３２０－４６,,島内 智帆,H29/01/30,,,,彦根,5627921.pdf
美容所,ｓｏｕｒｉｒｅ,522-0053,彦根市大藪町,彦根市大藪町２０９３,２０９３,,望月 佳子,H29/03/03,,,,彦根,5627921.pdf
美容所,パーマ屋さん 樋口,522-0201,彦根市高宮町,彦根市高宮町９８７－１６,９８７－１６,0749-20-9356,樋口 路香,H29/03/03,,,,彦根,5627921.pdf
美容所,Ｓｌｉｍ－Ｂｅａｕｔｙ桜,522-0223,彦根市川瀬馬場町,彦根市川瀬馬場町１０８７－７,１０８７－７,0749-25-3777,上野 秀泰,H29/03/13,,,,彦根,5627921.pdf
美容所,Ｃｉｅｌ Ｅｙｅｌａｓｈ ｓａｌｏｎ,529-1223,愛知郡愛荘町島川,愛知郡愛荘町島川１２９０－１３,１２９０－１３,,上林 亜沙美,H29/03/30,,,,彦根,5627921.pdf
美容所,美容室 ｃｏｃｏｒｏ,522-0002,彦根市松原町,彦根市松原町３４２０－６,３４２０－６,,岩崎 順子,H29/04/06,,,,彦根,5627921.pdf
美容所,Ｈａｉｒ Ｓｐａｃｅ Ｓｈｉｎｉｎｇ,522-0201,彦根市高宮町,彦根市高宮町２５９０－１４,２５９０－１４,0749-49-2698,北川 ルミ子,H29/04/19,,,,彦根,5627921.pdf
美容所,ｄｏｐｐｉｏ ｈａｉｒ,522-0027,彦根市東沼波町,彦根市東沼波町４５１－１,４５１－１,0749-47-5483,吾妻 桂太,H29/06/05,,,,彦根,5627921.pdf
美容所,Ｌｕｃｅ,522-0042,彦根市戸賀町,彦根市戸賀町２ 北川宝ビル１Ｆ,２ 北川宝ビル１Ｆ,0749-47-5380,ｌｏｋｋｏ株式会社,H29/06/12,,,,彦根,5627921.pdf
美容所,ｌｏｋｋｏ,522-0201,彦根市高宮町,彦根市高宮町１３８８－２１,１３８８－２１,,ｌｏｋｋｏ株式会社,H29/06/12,,,,彦根,5627921.pdf
美容所,Ｃｏｙｏｔｅ Ｕｇｌｙ,522-0057,彦根市八坂町,彦根市八坂町１８９３－１０５,１８９３－１０５,0749-26-3822,教野 涼子,H29/06/29,,,,彦根,5627921.pdf
美容所,Ｍｅｒｃｉ Ｂｅａｕｔｅ,522-0041,彦根市平田町,彦根市平田町６８４－２,６８４－２,0749-47-3783,株式会社ボーテ,H29/07/13,,,,彦根,5627921.pdf
美容所,サロン・ド・ナカムラ,529-1325,愛知郡愛荘町東円堂,愛知郡愛荘町東円堂１８９８－２,１８９８－２,0749-42-3601,中村 早苗,H29/08/25,,,,彦根,5627921.pdf
美容所,マルソメコムズ マルゼン豊郷店,529-1175,犬上郡豊郷町沢,犬上郡豊郷町沢２５０－１,２５０－１,,前川 政光,H29/09/07,,,,彦根,5627921.pdf
美容所,ｏｕｃｈｉ,521-1114,彦根市彦富町,彦根市彦富町６１３－４,６１３－４,0749-29-2112,川嶋 誠,H29/09/11,,,,彦根,5627921.pdf
美容所,ＨＡＩＲ ＳＡＬＯＮ Ｖｉｅ Ｒｉｃｈｅ,522-0041,彦根市平田町,彦根市平田町６９１－２,６９１－２,0749-47-5333,株式会社Ｖｉｅ Ｒｉｃｈｅ,H29/10/02,,,,彦根,5627921.pdf
美容所,Ａｋａｎｅ．,522-0041,彦根市平田町,彦根市平田町７８２－４,７８２－４,0749-22-7998,有限会社Ａｋａｎｅ美容室,H29/10/03,,,,彦根,5627921.pdf
美容所,ｎａｉｌ ＆ ｅｙｅｌａｓｈ ＪＥ Ｔ’ ＡＩＭＥ,522-0033,彦根市芹川町,彦根市芹川町５７３－２６,５７３－２６,0749-22-9113,土本 麻貴,H29/10/13,,,,彦根,5627921.pdf
美容所,ＬＵＡＮＡ ｅｙｅｌａｓｈ ＆ ｂｅａｕ ｔｙ,522-0002,彦根市松原町,彦根市松原町３３１０－３８,３３１０－３８,, 美枝,H29/10/30,,,,彦根,5627921.pdf
美容所,Ｔ－ｔｏｐ ｉｔ’ｓ ｈａｉｒ ｍａｋ ｅ,522-0043,彦根市小泉町,彦根市小泉町６２０－８１,６２０－８１,0749-27-2121,谷川 寿子,H29/11/27,,,,彦根,5627921.pdf
美容所,Ｌｉｌａ 彦根店,522-0074,彦根市大東町,彦根市大東町２－４１ 土川昭ビル１Ｆ,２－４１ 土川昭ビル１Ｆ,0749-49-3221,株式会社ＯＲＥＳＳ,H30/01/30,,,,彦根,5627921.pdf
美容所,ユリ美容室 アモール店,529-1331,愛知郡愛荘町愛知川,愛知郡愛荘町愛知川５８,５８,0749-42-7005,玄田 宗七,H30/02/06,,,,彦根,5627921.pdf
美容所,Ｈｏｎｅｙ・ｂｅｅ,529-1175,犬上郡豊郷町沢,犬上郡豊郷町沢４８１－３,４８１－３,,大野 香織,H30/02/21,,,,彦根,5627921.pdf
美容所,Ｓｏｉ,529-1331,愛知郡愛荘町愛知川,愛知郡愛荘町愛知川４０ Ｊプラザ１－１,４０ Ｊプラザ１－１,0749-20-2528,大橋 優輝,H30/02/26,,,,彦根,5627921.pdf
美容所,ＡＴＭＯＳＰＨＥＲＥ,522-0041,彦根市平田町,彦根市平田町４１０－７ 曽根富マンション１Ｆ,４１０－７ 曽根富マンション１Ｆ,0749-47-3717,服部 翔,H30/03/19,,,,彦根,5627921.pdf
美容所,ａｆｒｉ,522-0086,彦根市後三条町,彦根市後三条町３２７－１ 大建ビル１階,３２７－１ 大建ビル１階,0749-47-3992,宮下 満宏,H30/04/04,,,,彦根,5627921.pdf
美容所,Ｔｒｉｃｏ,522-0041,彦根市平田町,彦根市平田町８６－９,８６－９,0749-22-8900,高安 真紀,H30/04/09,,,,彦根,5627921.pdf
美容所,＊カラーズ 彦根店,522-0044,彦根市竹ケ鼻町,彦根市竹ケ鼻町４３－２ ビバシティ彦根店１Ｆ,４３－２ ビバシティ彦根店１Ｆ,0749-47-3744,ＳＡＳＡＴｅｃ合同会社,H30/04/23,,,,彦根,5627921.pdf
美容所,Ｃｈｅｒｉｅ,522-0041,彦根市平田町,彦根市平田町１３２－４ 北村ハイツ１０３号室,１３２－４ 北村ハイツ１０３号室,,田中 芽久美,H30/05/22,,,,彦根,5627921.pdf
美容所,万国吃驚堂,522-0062,彦根市立花町,彦根市立花町２－４０,２－４０,0749-26-6525,岡田 浩昭,H30/06/07,,,,彦根,5627921.pdf
美容所,ＭＡＱＵＩＡ 彦根店,522-0064,彦根市本町一丁目,彦根市本町一丁目１２－１３ 北川ビル２Ｆ,１２－１３ 北川ビル２Ｆ,0749-21-5180,株式会社ＭＡＱＵＩＡ,H30/06/15,,,,彦根,5627921.pdf
美容所,ヘアサロン ドガ,522-0052,彦根市長曽根南町,彦根市長曽根南町５５０－４,５５０－４,0749-26-4649,林 裕美,H30/08/31,,,,彦根,5627921.pdf
美容所,Ｌｕｓａ Ｎａｔｕｒａｌ Ｈａｉｒ ＆ Ｂｅａｕｔｙ Ｓｔｕｄｉｏ,522-0032,彦根市芹町,彦根市芹町８－３,８－３,,岡川 千尋,H30/10/18,,,,彦根,5627921.pdf
美容所,Ｈａｉｒ Ｓｐａｃｅ Ｄａｕｃｕｓ ― ダウクス―,522-0212,彦根市葛籠町,彦根市葛籠町９６８－３,９６８－３,0749-20-4714,雨森 葵,H30/10/22,,,,彦根,5627921.pdf
美容所,まつげエクステサロン ｓｕａｖｅ,529-1312,愛知郡愛荘町川久保,愛知郡愛荘町川久保２４５－８,２４５－８,,岸田 千春,H30/11/19,,,,彦根,5627921.pdf
美容所,ｍｉｇｎｏｎ,522-0201,彦根市高宮町,彦根市高宮町１６３８－８,１６３８－８,0749-30-9838,村木 美紗子,H30/11/26,,,,彦根,5627921.pdf
美容所,美容室 ＬＥＯ,522-0042,彦根市戸賀町,彦根市戸賀町１００－４６,１００－４６,0749-24-3717,富田 麻奈,H31/02/25,,,,彦根,5627921.pdf
美容所,ｅｙｅ ｌａｓｈ ｓａｌｏｎ ｎｏｉ,522-0201,彦根市高宮町,彦根市高宮町１３８５－５ サンクリエート日の出３０ ４号室,１３８５－５ サンクリエート日の出３０ ４号室,,西村 奈緒,H31/03/26,,,,彦根,5627921.pdf
美容所,ＧＲＡＣＩＡ,529-1177,犬上郡豊郷町三ツ池,犬上郡豊郷町三ツ池１９－９,１９－９,,森山 美佳,H31/03/27,,,,彦根,5627921.pdf
美容所,ヘアー＆ビューティ Ｇｈｉｂｌｉ,522-0047,彦根市日夏町,彦根市日夏町１７７６－４０,１７７６－４０,0749-47-3705,大林 奈穂子,H31/04/23,,,,彦根,5627921.pdf
美容所,ｅｙｅｒｉｉ,522-0047,彦根市日夏町,彦根市日夏町１７１１－２６ コーポＳ２０２,１７１１－２６ コーポＳ２０２,,中橋 愛璃,R01/05/21,,,,彦根,5627921.pdf
美容所,Ｒａｎｆｗａ＊ ～Ｔｉａｒａ～,522-0064,彦根市本町一丁目,彦根市本町一丁目９－２４－２Ｂ,９－２４－２Ｂ,0749-21-5105,永松 枝莉子,R01/05/27,,,,彦根,5627921.pdf
美容所,Ｍｉｅｌ ｂｙ ｇａｎｅｓｈａ,522-0038,彦根市西沼波町,彦根市西沼波町２１ エコールＷＯＯＤ館１Ｆ,２１ エコールＷＯＯＤ館１Ｆ,0749-49-2789,株式会社ガネイシャ,R01/06/03,,,,彦根,5627921.pdf
美容所,ｐｒｉｖａｔｅ ｓａｌｏｎ ａｃｅ,522-0051,彦根市中藪町,彦根市中藪町６６０－３４,６６０－３４,,北川 芽依,R01/06/13,,,,彦根,5627921.pdf
美容所,Ｒｅｌａｓｔａｇｉａ,522-0222,彦根市南川瀬町,彦根市南川瀬町７１４－５,７１４－５,,荻田 曜輔,R01/07/18,,,,彦根,5627921.pdf
美容所,Ａｌｅｔｔａ,522-0041,彦根市平田町,彦根市平田町１３４－１ タウンビル（１－Ｆ）,１３４－１ タウンビル（１－Ｆ）,0749-49-2764,大谷 直暉,R01/07/31,,,,彦根,5627921.pdf
美容所,Ａｇｕ ｈａｉｒ ｎｅｅｌｕ 彦根,522-0010,彦根市駅東町,彦根市駅東町１３－１ Ａ＆Ｓ東駅ビル１階,１３－１ Ａ＆Ｓ東駅ビル１階,,株式会社ａｇｉｒ,R01/09/27,,,,彦根,5627921.pdf
美容所,Ｆｅｒｒｅｉｒａ,522-0042,彦根市戸賀町,彦根市戸賀町１３１－２,１３１－２,0749-27-2309,長 聰,R01/09/27,,,,彦根,5627921.pdf
美容所,Ａｍｉｎａ．,522-0042,彦根市戸賀町,彦根市戸賀町１３１－２,１３１－２,0749-24-8860,ａｗｅｓｏｍｅ ｐｌａｎｓ合同会社,R01/10/02,,,,彦根,5627921.pdf
美容所,Ｋｅｉｚｏ３,522-0056,彦根市開出今町,彦根市開出今町１４１４－６,１４１４－６,0749-21-6655,株式会社Ｋｅｉｚｏ,R01/10/16,,,,彦根,5627921.pdf
美容所,Ｌｏｐｅ,529-1161,犬上郡豊郷町四十九院,犬上郡豊郷町四十九院９１６,９１６,0749-20-3352,小川 由起,R01/11/06,,,,彦根,5627921.pdf
美容所,Ｗｅｅｄｓ,522-0026,彦根市大堀町,彦根市大堀町７０８－３,７０８－３,0749-26-1286,河毛 知也,R01/12/05,,,,彦根,5627921.pdf
美容所,ｈａｉｒ ｍａｋｅ Ｙ３,529-1312,愛知郡愛荘町川久保,愛知郡愛荘町川久保２３７,２３７,,竹中 ゆかり,R01/12/23,,,,彦根,5627921.pdf
美容所,ＣＡＳＡ ＣＯＬＯＲ カインズ彦根店,522-0069,彦根市馬場二丁目,彦根市馬場二丁目１－１ カインズ彦根,１－１ カインズ彦根,0749-47-6779,株式会社ＮＣｃｏｌｏｒ,R02/02/19,,,,彦根,5627921.pdf
美容所,ＬＩＶＥＳ美容室,522-0047,彦根市日夏町,彦根市日夏町１５８９,１５８９,0749-28-4740,片桐 大輔,R02/02/01,,,,彦根,5627921.pdf
美容所,来夢堂 彦根店,522-0044,彦根市竹ケ鼻町,彦根市竹ケ鼻町１２４－３,１２４－３,0749-27-0990,株式会社来夢堂,R02/02/26,,,,彦根,5627921.pdf
美容所,ＭＥＮ'Ｓ ＢＥＡＵＴＹ ＲＥＤ ＣＯＯ Ｌ,522-0074,彦根市大東町,彦根市大東町２－３３,２－３３,0749-22-8495,ｒｙｕ－ｚｕ株式会社,R02/04/13,,,,彦根,5627921.pdf
美容所,ｐｉｎｎｅ,522-0038,彦根市西沼波町,彦根市西沼波町６２４,６２４,0749-21-5850,西田 未来子,R02/04/16,,,,彦根,5627921.pdf
美容所,カラーズ 彦根店,522-0044,彦根市竹ケ鼻町,彦根市竹ケ鼻町４３－２ ビバシティ彦根店１Ｆ,４３－２ ビバシティ彦根店１Ｆ,0749-47-3744,株式会社クラウドワーク,R02/06/01,,,,彦根,5627921.pdf
美容所,Ｌｏｃｏｃｏ,522-0054,彦根市西今町,彦根市西今町３４２－１６,３４２－１６,0749-47-6940,渡邉 健斗,R02/06/02,,,,彦根,5627921.pdf
美容所,スタジオブームス,522-0044,彦根市竹ケ鼻町,彦根市竹ケ鼻町４３－２ ビバシティ内１Ｆ,４３－２ ビバシティ内１Ｆ,0749-24-7030,株式会社イマジン,R02/06/05,,,,彦根,5627921.pdf
美容所,Ｂｅａｕｔｙ Ｓａｌｏｎ Ｅｓｐｏｉｒ,522-0223,彦根市川瀬馬場町,彦根市川瀬馬場町６２２ メイプルリーフ２０１,６２２ メイプルリーフ２０１,,末石 美都,R02/09/16,,,,彦根,5627921.pdf
美容所,びようしつおの,522-0223,彦根市川瀬馬場町,彦根市川瀬馬場町９２６－２,９２６－２,0749-28-1203,髙橋 弘美,R02/09/28,,,,彦根,5627921.pdf
美容所,Ｃｈａｒｍ 愛知川店,529-1325,愛知郡愛荘町東円堂,愛知郡愛荘町東円堂２５１１－１６,２５１１－１６,077-575-3671,ＣｈａｒｍＪａｐａｎ株式会社,R02/10/01,,,,彦根,5627921.pdf
美容所,＋ＭＥＭＥ,522-0047,彦根市日夏町,彦根市日夏町７８８－１９,７８８－１９,,山本 莉緒,R02/10/09,,,,彦根,5627921.pdf
美容所,ＨＡＩＲ ０９,522-0201,彦根市高宮町,彦根市高宮町１２２１－１,１２２１－１,0749-49-2509,奥 隼人,R02/10/12,,,,彦根,5627921.pdf
美容所,ＨＡＩＲ ＳＡＬＯＮ テュセ,522-0064,彦根市本町二丁目,彦根市本町二丁目４－１３,４－１３,,久保田 美千代,R02/10/16,,,,彦根,5627921.pdf
美容所,あき美容室,522-0087,彦根市芹橋一丁目,彦根市芹橋一丁目６－４３,６－４３,0749-24-0222,山中 安紀子,R02/10/21,,,,彦根,5627921.pdf
美容所,ｆａｍｉｌｉａ,521-1113,彦根市稲部町,彦根市稲部町６８ 滋賀住宅マンション１Ｆテナント,６８ 滋賀住宅マンション１Ｆテナント,,村西 裕介,R02/10/29,,,,彦根,5627921.pdf
美容所,Ｆａｍｉｌｙサロン Ｆ．Ｘ,529-1176,犬上郡豊郷町大町,犬上郡豊郷町大町３０１０－１,３０１０－１,0749-35-5288,中村 浩明,R02/11/24,,,,彦根,5627921.pdf
美容所,ＨＡＩＲ Ｇｒａｚｉｅ,522-0057,彦根市八坂町,彦根市八坂町３１１１－１,３１１１－１,0749-25-0468,西村 友規美,R02/11/26,,,,彦根,5627921.pdf
美容所,Ｐｒｉｖａｔｅ ｓａｌｏｎ Ｈ／Ｒｅｉｎ ｉｇｅｎ,522-0244,犬上郡甲良町在士,犬上郡甲良町在士７０２－２,７０２－２,,池田 雛乃,R02/12/17,,,,彦根,5627921.pdf
美容所,まいまいのいえ,522-0038,彦根市西沼波町,彦根市西沼波町１０７,１０７,,関口 真弓,R03/01/19,,,,彦根,5627921.pdf
美容所,ＴＰ ｒｏｏｍ,522-0027,彦根市東沼波町,彦根市東沼波町９１０－２０,９１０－２０,,久保 久代,R03/03/09,,,,彦根,5627921.pdf
美容所,ＤＥ ＯＪＡＬ,529-1174,犬上郡豊郷町下枝,犬上郡豊郷町下枝８３－２,８３－２,,山田 優希,R03/04/20,,,,彦根,5627921.pdf
美容所,美容室 マリリン・モンロウー,522-0047,彦根市日夏町,彦根市日夏町１９１４－９,１９１４－９,,柳武 真由美,R03/06/01,,,,彦根,5627921.pdf
美容所,１９,522-0341,犬上郡多賀町多賀,犬上郡多賀町多賀１４４４－３,１４４４－３,0749-20-7456,小中 久美子,R03/06/11,,,,彦根,5627921.pdf
美容所,Ｍｅｒｃｉ Ｂｅａｕｔｅ 彦根店,522-0056,彦根市開出今町,彦根市開出今町１７３３－５－２０６,１７３３－５－２０６,,(cid:19292) 沙織,R03/06/16,,,,彦根,5627921.pdf
美容所,ｍｏｒｅ,522-0081,彦根市京町三丁目,彦根市京町三丁目４－５６ アーバンハイツ１Ｆ,４－５６ アーバンハイツ１Ｆ,0749-49-2700,株式会社ＬＥＳＳ ＩＳ ＭＯＲＥ,R03/06/18,,,,彦根,5627921.pdf
美容所,ｄｒａｍａ,522-0041,彦根市平田町,彦根市平田町２９２－６ ナカムラビル１Ｆ,２９２－６ ナカムラビル１Ｆ,0749-26-0028,中村 明裕,R03/06/25,,,,彦根,5627921.pdf
美容所,ＡＵＢＥ ＨＡＩＲ ｌｕｎａ彦根店,522-0054,彦根市西今町,彦根市西今町９５８－４ Ｎ－ｔｅｒｒａｃｅ４Ｃ号室,９５８－４ Ｎ－ｔｅｒｒａｃｅ４Ｃ号室,0749-22-2004,株式会社Ａ’Ｇｒｏｕｐ,R03/07/30,,,,彦根,5627921.pdf
美容所,ｅｙｅｌａｓｈ ｓａｌｏｎ Ｂｅｌｌｅ,529-1313,愛知郡愛荘町市,愛知郡愛荘町市８１４－３,８１４－３,,中川 ひまり,R03/08/26,,,,彦根,5627921.pdf
美容所,Ｌｉｔｔｌｅ ｂｙ ｌｉｔｔｌｅ,522-0043,彦根市小泉町,彦根市小泉町３１０－１６ ３Ｆ,３１０－１６ ３Ｆ,,クラリス 里奈,R03/09/21,,,,彦根,5627921.pdf
美容所,ｈｏｓｕ ｐｒｏｄｕｃｔｓ,522-0026,彦根市大堀町,彦根市大堀町８７３番地,８７３番地,,北川 翔也,R03/09/22,,,,彦根,5627921.pdf
美容所,Ｌｉｓ ｂｌａｎｃ,529-1161,犬上郡豊郷町四十九院,犬上郡豊郷町四十九院８８４－３,８８４－３,,黒田 有里,R03/09/21,,,,彦根,5627921.pdf
美容所,ｇｒａｃｅ,529-1331,愛知郡愛荘町愛知川,愛知郡愛荘町愛知川１８８－１０,１８８－１０,,後藤 愛,R03/09/28,,,,彦根,5627921.pdf
美容所,ｐｒｉｖａｔｅ ｓａｌｏｎ ｌｉｔｅｎ,529-1303,愛知郡愛荘町長野,愛知郡愛荘町長野２００５－７,２００５－７,,山田 楓,R03/10/21,,,,彦根,5627921.pdf
美容所,ｅ´ｗａｌｕ,529-1223,愛知郡愛荘町島川,愛知郡愛荘町島川１３０２－１,１３０２－１,,北川 真衣,R03/11/01,,,,彦根,5627921.pdf
美容所,Ｒｅａｌｉｚｅ,522-0201,彦根市高宮町,彦根市高宮町１６９８－２１,１６９８－２１,,関口 知亜紀,R03/12/01,,,,彦根,5627921.pdf
美容所,ａｋｕｂｉ,522-0201,彦根市高宮町,彦根市高宮町２８３５－１２,２８３５－１２,,向井 奈緒美,R03/12/02,,,,彦根,5627921.pdf
美容所,美容プラーナ 彦根ベルロード店,522-0052,彦根市長曽根南町,彦根市長曽根南町４４８－７,４４８－７,0749-47-6203,株式会社ハマ,R03/12/10,,,,彦根,5627921.pdf
美容所,Ｈａｉｒ’ｓ 和,522-0232,彦根市蓮台寺町,彦根市蓮台寺町５０－２０,５０－２０,0749-28-1303,株式会社Ｓｈｉｍｏｋａｗａ３ｏｆｆｉｃｅ,R03/12/20,,,,彦根,5627921.pdf
美容所,美容室 ピボット,529-1156,彦根市清崎町,彦根市清崎町２７４－１５,２７４－１５,0749-25-3220,寺嶌 和代,R04/01/05,,,,彦根,5627921.pdf
美容所,Ｌｉｌａ彦根店,522-0038,彦根市西沼波町,彦根市西沼波町１８２－１ グリーンウォーク３Ｆ,１８２－１ グリーンウォーク３Ｆ,,株式会社ＯＲＥＳＳ,R04/02/21,,,,彦根,5627921.pdf
美容所,ＹＵ．ＲＡ．ＧＩ,522-0201,彦根市高宮町,彦根市高宮町１４９６－２,１４９６－２,,宇都 和美,R04/02/28,,,,彦根,5627921.pdf
美容所,Ｓ・１ ＢＡＳＥ,522-0263,犬上郡甲良町法養寺,犬上郡甲良町法養寺３５０－１,３５０－１,,大塚 明美,R04/03/14,,,,彦根,5627921.pdf
美容所,ｅｙｅｌａｓｈ ｓａｌｏｎ Ｏｌｉ,522-0054,彦根市西今町,彦根市西今町８７－１６ Ｎａｓｕ８ ２Ｆ－Ａ号,８７－１６ Ｎａｓｕ８ ２Ｆ－Ａ号,0749-23-3588,テクノアドバンス株式会社,R04/03/28,,,,彦根,5627921.pdf
美容所,ｐｒｉｖａｔｅ ｅｙｅｓａｌｏｎ ＭＥＭ Ｅ．,522-0222,彦根市南川瀬町,彦根市南川瀬町１５０９－１５,１５０９－１５,,今村 愛菜,R04/06/15,,,,彦根,5627921.pdf
美容所,Ｓａｌｏｎ ｍｕｕｍ,522-0223,彦根市川瀬馬場町,彦根市川瀬馬場町８４２－４,８４２－４,,松井 朋子,R04/07/14,,,,彦根,5627921.pdf
美容所,美容室 太郎と花子Ｈ・Ｎ,522-0086,彦根市後三条町,彦根市後三条町１２５－１９,１２５－１９,0749-22-3435,中田 勇作,R04/08/01,,,,彦根,5627921.pdf
美容所,まつ毛と眉毛の専門店 Ｓａｉｎｔ ｎｉｃ ｏ,522-0041,彦根市平田町,彦根市平田町４２１ Ｎａｓｕ１ビル２０７号室,４２１ Ｎａｓｕ１ビル２０７号室,,嶋津 美沙,R04/08/26,,,,彦根,5627921.pdf
美容所,ｈａｉｒ ｍａｋｅ Ｌｅａｆ,529-1325,愛知郡愛荘町東円堂,愛知郡愛荘町東円堂１２７６－１,１２７６－１,,徳田 愛,R04/09/12,,,,彦根,5627921.pdf
美容所,Ｈａｉｒ ｓａｌｏｎ Ｌａｃ,522-0058,彦根市須越町,彦根市須越町１３０１－４,１３０１－４,,林 あゆみ,R04/09/30,,,,彦根,5627921.pdf
美容所,Ｕ-ｎｏ Ｈａｉｒ,529-1303,愛知郡愛荘町長野,愛知郡愛荘町長野２０２７-７,２０２７-７,,宇野 彰子,R04/09/16,,,,彦根,5627921.pdf
美容所,Ａｔｒｅ；ｍ,522-0056,彦根市開出今町,彦根市開出今町１７３３－５ リバーノースビルⅢ２１０,１７３３－５ リバーノースビルⅢ２１０,,堀口 まゆみ,R04/10/24,,,,彦根,5627921.pdf
美容所,株式会社Ａｗａｋｅ,522-0010,彦根市駅東町,彦根市駅東町１９－３,１９－３,,株式会社Ａｗａｋｅ,R04/11/02,,,,彦根,5627921.pdf
美容所,ＡＬＢＡ ｆｒｏｍ Ａｌｅｔｔａ,522-0044,彦根市竹ケ鼻町,彦根市竹ケ鼻町３１９－４,３１９－４,,大谷 直暉,R04/11/02,,,,彦根,5627921.pdf
美容所,Ｙｄｏｔ．,522-0057,彦根市八坂町,彦根市八坂町２００３－１,２００３－１,,日置 有希,R04/12/22,,,,彦根,5627921.pdf
美容所,Ｈａｉｒ ｓａｌｏｎ １０３,529-1331,愛知郡愛荘町愛知川,愛知郡愛荘町愛知川３４６－３－１０３,３４６－３－１０３,,岩佐 雄介,R05/02/15,,,,彦根,5627921.pdf
美容所,ＨＩＫＯＮＥ ｄｈａｒｍａｋｕｒ,522-0064,彦根市本町二丁目,彦根市本町二丁目２－３８,２－３８,0749-20-2264,株式会社Ｖｉｅ Ｒｉｃｈｅ,R05/03/01,,,,彦根,5627921.pdf
美容所,ｅｙｅｌａｓｈ ｓａｌｏｎ ＩＲＩＳＥ,522-0234,彦根市森堂町,彦根市森堂町２６０,２６０,,山田 夏希,R05/03/09,,,,彦根,5627921.pdf
美容所,ＬＩ－ｌｅｎ,522-0042,彦根市戸賀町,彦根市戸賀町１２０－２４,１２０－２４,,中山 雅恵,R05/04/04,,,,彦根,5627921.pdf
美容所,ｐоｐоｌａｓｓ,522-0023,彦根市原町,彦根市原町１３６－４８ ２階,１３６－４８ ２階,050-3145-8303,髙山 奈津紀,R05/05/10,,,,彦根,5627921.pdf
美容所,国領美容室,521-1134,彦根市田附町,彦根市田附町２４,２４,0749-43-2169,國領 真喜子,R05/06/01,,,,彦根,5627921.pdf
美容所,ＫＡＦＵＵ＋ｎ,522-0052,彦根市長曽根南町,彦根市長曽根南町４２９－１,４２９－１,0749-24-1033,株式会社クレステージ,R05/06/08,,,,彦根,5627921.pdf
美容所,１３ＧＲＩＮＤ,522-0056,彦根市開出今町,彦根市開出今町１５１６－２,１５１６－２,0749-29-1955,多留 宏昭,R05/06/09,,,,彦根,5627921.pdf
美容所,ＭＡＲＹ．,522-0064,彦根市本町二丁目,彦根市本町二丁目５ 街ＬａＶｉｌｌｅ３階東,５ 街ＬａＶｉｌｌｅ３階東,,株式会社裕和,R05/06/19,,,,彦根,5627921.pdf
美容所,Ｂｅｅｔｌｅ Ｇｒａｎｄｅ,522-0042,彦根市戸賀町,彦根市戸賀町１３７－１,１３７－１,0749-26-2702,株式会社ｈ＆ｂ,R05/06/21,,,,彦根,5627921.pdf
美容所,ＫＯＫＯＡ ｍｅｔａｍоｒｐｈоｓｅ,522-0057,彦根市八坂町,彦根市八坂町１３１７－１,１３１７－１,,峠岡 佳名,R05/07/14,,,,彦根,5627921.pdf
美容所,ビューティークリニック 女神,521-1113,彦根市稲部町,彦根市稲部町８４,８４,,山田 由香里,R05/08/10,,,,彦根,5627921.pdf
美容所,髪質改善デザインカラー・白髪染め専門美容 室ハイライト彦根店,522-0042,彦根市戸賀町,彦根市戸賀町１７５－１,１７５－１,0749-47-3372,山田 裕一郎,R05/08/30,,,,彦根,5627921.pdf
美容所,Ｄｅａｒ,522-0201,彦根市高宮町,彦根市高宮町２３３９,２３３９,,澤井 愛美,R05/08/28,,,,彦根,5627921.pdf
美容所,ｐｒｉｖａｔｅ ｓａｌｏｎ ｍｉｍｉ,529-1156,彦根市清崎町,彦根市清崎町２３６－２４,２３６－２４,,前田 真理,R05/08/30,,,,彦根,5627921.pdf
美容所,ティーダ サロン,529-1321,愛知郡愛荘町豊満,愛知郡愛荘町豊満８２１－２,８２１－２,,満島 聖子,R05/09/12,,,,彦根,5627921.pdf
美容所,ｔｈｒｅｅ．．Ｋ,522-0064,彦根市本町一丁目,彦根市本町一丁目１１－１６,１１－１６,,濱本 亜樹,R05/10/17,,,,彦根,5627921.pdf
美容所,ＫＡＣＨＩヘアー,522-0047,彦根市日夏町,彦根市日夏町３７０３－１,３７０３－１,0749-47-5652,株式会社ＫＡＣＨＩ,R05/11/29,,,,彦根,5627921.pdf
美容所,Ｒａｐｕ,522-0235,彦根市金剛寺町,彦根市金剛寺町３１７－１,３１７－１,,西澤 槙二,R05/12/25,,,,彦根,5627921.pdf
美容所,ＬｉＬｏｕ,522-0010,彦根市駅東町,彦根市駅東町１８－１８ ラメール１階,１８－１８ ラメール１階,0749-23-7227,株式会社Ｌ,R05/12/25,,,,彦根,5627921.pdf
美容所,ＳＨＥＬＬＹ,522-0041,彦根市平田町,彦根市平田町２９２－６ ユアーズビル１Ｆ３,２９２－６ ユアーズビル１Ｆ３,,株式会社総建,R06/02/06,,,,彦根,5627921.pdf
美容所,ＡＬＫＡ,522-0044,彦根市竹ケ鼻町,彦根市竹ケ鼻町３８８－１ ＴＡテナント,３８８－１ ＴＡテナント,0749-20-9505,大谷 直暉,R06/02/14,,,,彦根,5627921.pdf
美容所,Ｂ ＢＥＡＵＴＹ ＤＥＳＩＧＮ ＰＬＵＳ,522-0222,彦根市南川瀬町,彦根市南川瀬町１６,１６,,株式会社マルシン,R06/02/13,,,,彦根,5627921.pdf
美容所,Ｗａｃｕ ｂｅａｕｔｙ ｗｏｒｋｓ,529-1314,愛知郡愛荘町中宿,愛知郡愛荘町中宿２００－１ ハイツエクセル３番館１Ｆ,２００－１ ハイツエクセル３番館１Ｆ,050-8882-7030,齋鹿 和加奈,R06/02/28,,,,彦根,5627921.pdf
美容所,Ｗｉｔｈ ｈａｉｒ,522-0086,彦根市後三条町,彦根市後三条町２６０－２ １０１号室,２６０－２ １０１号室,050-8892-7590,臼井 誠,R06/02/28,,,,彦根,5627921.pdf
美容所,Ｌａｓｈ Ｖｉｓｉｏｎ 彦根,522-0041,彦根市平田町,彦根市平田町３７６－３ ＯＮＥ ＰＡＲＴ １０１号,３７６－３ ＯＮＥ ＰＡＲＴ １０１号,050-1720-4646,株式会社カーショップ・ユーライン,R06/04/24,,,,彦根,5627921.pdf
美容所,クイックカットＢＢ ベイシアフーズパーク 彦根店,522-0069,彦根市馬場二丁目,彦根市馬場二丁目１－１,１－１,,株式会社将軍ジャパン,R06/07/23,,,,彦根,5627921.pdf
美容所,ＡｃＲＯ,522-0069,彦根市馬場二丁目,彦根市馬場二丁目２－１８,２－１８,,鵜飼 阿実,R06/09/18,,,,彦根,5627921.pdf
美容所,Ｅｙｅｌａｓｈ ｓａｌｏｎ Ｍｏｏｎ ｂｏ ｗ,521-1144,彦根市普光寺町,彦根市普光寺町５７４－２,５７４－２,,河合 湖乃香,R06/09/30,,,,彦根,5627921.pdf
美容所,ｈоｎｅｙ ｂａｓｅ,522-0341,犬上郡多賀町多賀,犬上郡多賀町多賀１６７７－４,１６７７－４,,大道 真琴,R06/11/29,,,,彦根,5627921.pdf
美容所,ｓｉｒｏ．,522-0042,彦根市戸賀町,彦根市戸賀町７３－１ 酒正ビル１Ｆ,７３－１ 酒正ビル１Ｆ,0749-47-3324,谷川 学,R07/01/28,,,,彦根,5627921.pdf
美容所,デューポイント ベイシア彦根店,522-0069,彦根市馬場二丁目,彦根市馬場二丁目１－１,１－１,0749-27-1356,株式会社ＬＡＮＣＥ,R07/03/05,,,,彦根,5627921.pdf
美容所,ＬＯＶＥ ＰＬＡＣＥ,522-0201,彦根市高宮町,彦根市高宮町１４３２－１,１４３２－１,,大島 愛加,R07/03/25,,,,彦根,5627921.pdf
美容所,ｈａｉｒ＆ｓｐａ ｎａｐ,522-0066,彦根市栄町一丁目,彦根市栄町一丁目５－２,５－２,0749-20-1231,西嶋 典子,R07/04/22,,,,彦根,5627921.pdf
美容所,Ｂｅｌｌ,522-0086,彦根市後三条町,彦根市後三条町４７８－１,４７８－１,0749-47-6747,株式会社ｅｎ,R07/04/11,,,,彦根,5627921.pdf
美容所,ｉｎｕｐ,522-0009,彦根市外町,彦根市外町１９５－５,１９５－５,050-8888-1081,中上 直人,R07/05/15,,,,彦根,5627921.pdf
美容所,Ｌｏｔｔｉ,522-0201,彦根市高宮町,彦根市高宮町１３６８－２０,１３６８－２０,,岩佐 敦子,R07/06/05,,,,彦根,5627921.pdf
美容所,ＥＰＵＲＥＬＬＥ ＥＹＥＬＡＳＨ＆ＢＬＯ Ｗ,522-0056,彦根市開出今町,彦根市開出今町１７３３－５ リバーノースビルⅢ １０ ７号,１７３３－５ リバーノースビルⅢ １０ ７号,0749-49-2073,株式会社ＦｉＢｅ,R07/06/19,,,,彦根,5627921.pdf
美容所,Ｌ／ｎｏｎｌｉｎｅ,522-0041,彦根市平田町,彦根市平田町６９１－２,６９１－２,,ｌｏｋｋｏ株式会社,R07/07/28,,,,彦根,5627921.pdf
美容所,ＤＯＴＥ,529-1223,愛知郡愛荘町島川,愛知郡愛荘町島川２９４－２（１０４）,２９４－２（１０４）,050-1809-0919,堤 文哉,R07/08/01,,,,彦根,5627921.pdf
美容所,縁 ｅｎ,529-1176,犬上郡豊郷町大町,犬上郡豊郷町大町１５２－６,１５２－６,,藤川 絵里香,R07/10/07,,,,彦根,5627921.pdf
美容所,ＳＴＵＤＩＯ ＳＯＨＯ,522-0073,彦根市旭町,彦根市旭町１－２２,１－２２,0749-23-3896,有限会社スタジオソーホー,R07/09/16,,,,彦根,5627921.pdf
美容所,ＲＡＳ ＨＡＩＲ,522-0033,彦根市芹川町,彦根市芹川町１５５９－２,１５５９－２,,久木 勝裕,R07/09/26,,,,彦根,5627921.pdf
美容所,ロレインブロウ 南彦根駅前店,522-0043,彦根市小泉町,彦根市小泉町２７１－１,２７１－１,,綾 登志也,R07/11/04,,,,彦根,5627921.pdf
美容所,ｅｙｌａｓｈ ｎｉｃｏ,529-1331,愛知郡愛荘町愛知川,愛知郡愛荘町愛知川３６４－６,３６４－６,,西村 奏莉,R07/12/17,,,,彦根,5627921.pdf
美容所,ＡＵＢＥ ＨＡＩＲ ｌａｃｕｓ 彦根２号 店,522-0067,彦根市長曽根町,彦根市長曽根町８－１１,８－１１,0749-46-3105,株式会社Ａ’Ｇｒｏｕｐ,R07/12/04,,,,彦根,5627921.pdf
美容所,ＫＡＭＩ ｆａｃｔｏｒｙ Ｒａｉｎ,522-0052,彦根市長曽根南町,彦根市長曽根南町５６２,５６２,0749-30-9178,北川 高征,R07/12/17,,,,彦根,5627921.pdf
美容所,ａｌｏ,522-0088,彦根市銀座町,彦根市銀座町２－３０ ２Ｆ,２－３０ ２Ｆ,0749-47-6894,大谷 直暉,R08/01/27,,,,彦根,5627921.pdf
美容所,ｈａｉｒＳａｌｏｎ Ｎ,522-0027,彦根市東沼波町,彦根市東沼波町９１０－１１,９１０－１１,,福山 菜々美（ＬＥ ＴＨＩ ＤＩＥＭ ＨＡ ＮＧ）,R08/01/28,,,,彦根,5627921.pdf
美容所,Ｚｙ ｅｙｅ,522-0073,彦根市旭町,彦根市旭町９－２５－５０２,９－２５－５０２,,山下 陽菜,R08/04/06,,,,彦根,5627921.pdf
美容所,ＵＡＲＥＡ,522-0201,彦根市高宮町,彦根市高宮町１３９３－５ ハイツサンシャイン１Ｆ東,１３９３－５ ハイツサンシャイン１Ｆ東,,湯浅 賢一,R08/04/27,,,,彦根,5627921.pdf
美容所,ｅＬ,529-1331,愛知郡愛荘町愛知川,愛知郡愛荘町愛知川１６０６,１６０６,,鈴木 建太,R08/06/04,,,,彦根,5627921.pdf
美容所,Ｂｒｉｌｌａ ｅｙｅｌａｓｈ ｓａｌｏｎ,529-1237,愛知郡愛荘町西出,愛知郡愛荘町西出４８,４８,,西村 茅紗,R08/07/21,,,,彦根,5627921.pdf
美容所,ＡｃＱｕＡ,526-0244,長浜市内保町,長浜市内保町２４５７－１,２４５７－１,0749-50-6978,伊藤 優美,H19/04/25,,,,長浜,5627921.pdf
美容所,ＢＯＮ 美容室,526-0024,長浜市三ツ矢元町,長浜市三ツ矢元町２７－２４,２７－２４,0749-64-2338,有限会社チェイスマート,H17/08/12,,,,長浜,5627921.pdf
美容所,Ｃａｍｕｉ,521-0224,米原市夫馬,米原市夫馬６５９－１,６５９－１,0749-55-3730,藤田 智章,H20/10/17,,,,長浜,5627921.pdf
美容所,ＣＨＬＯＲＩＳ,521-0062,米原市宇賀野,米原市宇賀野３００,３００,0749-52-6819,喜田村 尚子,H20/03/06,,,,長浜,5627921.pdf
美容所,ｆｕｌｆｉｌｌ,529-0223,長浜市高月町馬上,長浜市高月町馬上２２９４－２,２２９４－２,0749-85-2992,山口 肇,H15/05/30,,,,長浜,5627921.pdf
美容所,ＨＡＩＲ ＤＯＰＥ,526-0043,長浜市大戌亥町,長浜市大戌亥町１２７８－２,１２７８－２,64-2643,川島 克己,H08/07/08,,,,長浜,5627921.pdf
美容所,ａｏｉ ｈａｉｒ Ｎａｇａｈａｍａ,526-0847,長浜市山階町,長浜市山階町２７１－１ イオン長浜店２Ｆ,２７１－１ イオン長浜店２Ｆ,68-5514,ＰｌａｎＢ株式会社,H12/09/27,,,,長浜,5627921.pdf
美容所,Ｈａｉｒ Ｆａｃｔｏｒｙ ｈｄ’ｓ,521-0072,米原市顔戸,米原市顔戸６２７－１,６２７－１,0749-52-3266,城市 享洋,H15/06/27,,,,長浜,5627921.pdf
美容所,Ｈａｉｒ Ｍａｋｅ Ｊ ＢＥ－ＣＨＩＣＫ Ｒ,526-0031,長浜市八幡東町,長浜市八幡東町１７－１,１７－１,0749-64-3039,村田 正光,H17/04/19,,,,長浜,5627921.pdf
美容所,Ｈａｉｒ Ｐｒｏｄｕｃｅ Ｐｒｅｇｉａ,521-0062,米原市宇賀野,米原市宇賀野６４－１７,６４－１７,0749-52-6322,辻 美津恵,H14/08/19,,,,長浜,5627921.pdf
美容所,ＨＡＩＲ’Ｓ ＢＥＲＲＹ,529-0341,長浜市湖北町速水,長浜市湖北町速水２２２－８,２２２－８,0749-78-2160,横井 直之,H16/11/11,,,,長浜,5627921.pdf
美容所,ＨＡＬ,529-0412,長浜市木之本町石道,長浜市木之本町石道７２２－２,７２２－２,82-3765,吉田 治幸,S60/06/18,,,,長浜,5627921.pdf
美容所,ＨＡＲＥ－ＶＡＲＥ サロンマコ長浜店,526-0063,長浜市末広町,長浜市末広町２４０－１７ ワイエフビル２０ １Ｆ,２４０－１７ ワイエフビル２０ １Ｆ,0749-68-1517,中村 英彦,H17/02/07,,,,長浜,5627921.pdf
美容所,Ｈｏｏｐｅｒ’ｓ,529-0426,長浜市木之本町黒田,長浜市木之本町黒田８２２－４,８２２－４,82-5019,寺倉 喜幸,H07/10/18,,,,長浜,5627921.pdf
美容所,－ＩＳＭ,526-0067,長浜市港町,長浜市港町２９０,２９０,0749-65-5353,中島 武志,H20/03/21,,,,長浜,5627921.pdf
美容所,ｋａｒｅｎ,526-0055,長浜市三和町,長浜市三和町３－１８,３－１８,0749-64-2265,中川 誠司,H18/05/17,,,,長浜,5627921.pdf
美容所,Ｌａ ｇｒａｃｉａ（ラ グラシア）,526-0042,長浜市勝町,長浜市勝町１７５,１７５,0749-63-6166,西川 貞代,H11/04/30,,,,長浜,5627921.pdf
美容所,Ｌｉｎｋ,526-0034,長浜市弥高町,長浜市弥高町１７９－２,１７９－２,65-1761,六角 真美,H12/09/22,,,,長浜,5627921.pdf
美容所,Ｌｕｃｉｅ,526-0834,長浜市大辰巳町,長浜市大辰巳町３－３,３－３,68-1247,西藤 浩之,H15/03/31,,,,長浜,5627921.pdf
美容所,ＭＩＮＴ,529-0113,長浜市大井町,長浜市大井町９８８,９８８,73-4840,河島 美奈子,H14/12/13,,,,長浜,5627921.pdf
美容所,ＮＥＷＳ,526-0015,長浜市神照町,長浜市神照町４６０－１７,４６０－１７,65-0789,稲葉 忠紀,H14/03/05,,,,長浜,5627921.pdf
美容所,ＮＯＮ Ｓｔｙｌｉｓｈ Ｈａｉｒ,526-0223,長浜市法楽寺町,長浜市法楽寺町３８－７４,３８－７４,0749-74-3307,保原 忍,H16/11/24,,,,長浜,5627921.pdf
美容所,ｎｏｖｅｌ,526-0033,長浜市平方町,長浜市平方町８０７－４,８０７－４,65-5535,大橋 正男,H18/11/10,,,,長浜,5627921.pdf
美容所,ＳＡＬ,526-0021,長浜市八幡中山町,長浜市八幡中山町５３５,５３５,65-0337,川瀬 哲寛,H13/10/22,,,,長浜,5627921.pdf
美容所,ＳＡＬＯＮ ＤＥ Ｆ,529-0425,長浜市木之本町木之本,長浜市木之本町木之本１１３３,１１３３,82-2663,文室 千代美,H15/03/18,,,,長浜,5627921.pdf
美容所,Ｓａｌｏｎ ｄｅ Ｋｉｓｓ,529-0212,長浜市高月町井口,長浜市高月町井口１３４０－２０,１３４０－２０,85-5850,谷井 祐美,H08/04/19,,,,長浜,5627921.pdf
美容所,ｓｔｙｌｉｎｇ ｌｏｕｎｇｅ ＢＵＮＺＯ,526-0043,長浜市大戌亥町,長浜市大戌亥町１０３１－１,１０３１－１,0749-63-5551,川上 文造,H18/02/28,,,,長浜,5627921.pdf
美容所,ＴＵ ＤＯ ｈａｉｒ ｍａｋｅ,526-0056,長浜市朝日町,長浜市朝日町５－３,５－３,0749-62-6148,中村 宰典,H19/03/27,,,,長浜,5627921.pdf
美容所,ｕｌｔｉｍａｔｔｉｃ ｈａｉｒ ｃｕｔ,526-0021,長浜市八幡中山町,長浜市八幡中山町２５１－１ コルドン ブルー １階 ２ 号室,２５１－１ コルドン ブルー １階 ２ 号室,0749-62-4995,瀬柳 良一,H18/05/23,,,,長浜,5627921.pdf
美容所,Ｗｉｓｈ ｈａｉｒ,526-0021,長浜市八幡中山町,長浜市八幡中山町５１４－６,５１４－６,0749-65-8777,富岡 吉樹,H15/11/07,,,,長浜,5627921.pdf
美容所,アートィンスズキ,526-0031,長浜市八幡東町,長浜市八幡東町２７５,２７５,63-6170,株式会社ビューティーサロンスズキ,H07/09/28,,,,長浜,5627921.pdf
美容所,アイコ美容室,521-0202,米原市柏原,米原市柏原１３９２－２,１３９２－２,57-1424,高岡 愛子,S58/11/22,,,,長浜,5627921.pdf
美容所,ビューティサロン あおい,526-0843,長浜市南小足町,長浜市南小足町４３９－２６,４３９－２６,63-1017,寺田 治美,S55/07/10,,,,長浜,5627921.pdf
美容所,あけみ美容室,529-0343,長浜市湖北町小倉,長浜市湖北町小倉１３０－１２,１３０－１２,78-2167,長屋 朱美,S53/12/07,,,,長浜,5627921.pdf
美容所,あだち美容室,529-0425,長浜市木之本町木之本,長浜市木之本町木之本１０６３,１０６３,82-3336,赤井 美智恵,S48/07/17,,,,長浜,5627921.pdf
美容所,アトリエ Ｒｏｕｇｅ（ルージュ）,526-0033,長浜市平方町,長浜市平方町１１１４－４,１１１４－４,0749-63-1826,有川 幹雄,H20/12/04,,,,長浜,5627921.pdf
美容所,アトリエ マジック,529-0241,長浜市高月町高月,長浜市高月町高月１７３６－１,１７３６－１,85-5755,越中 あけみ,H06/09/29,,,,長浜,5627921.pdf
美容所,あやめ美容室,529-0722,長浜市西浅井町庄,長浜市西浅井町庄４９５,４９５,88-0144,中筋 綾子,S43/12/25,,,,長浜,5627921.pdf
美容所,あや美容室,526-0804,長浜市加納町,長浜市加納町１２２－２０,１２２－２０,64-1578,横幕 綾子,S56/11/10,,,,長浜,5627921.pdf
美容所,いづみ美容室,521-0072,米原市顔戸,米原市顔戸１２８２－６,１２８２－６,0749-52-0259,佐藤 久子,S46/02/03,,,,長浜,5627921.pdf
美容所,イブキ美容室,526-0014,長浜市口分田町,長浜市口分田町７４５,７４５,62-4189,西田 伸子,S36/07/23,,,,長浜,5627921.pdf
美容所,うえの美容室,521-0312,米原市上野,米原市上野１０１４－１,１０１４－１,58-0997,草野 栄子,S61/04/15,,,,長浜,5627921.pdf
美容所,エコー美容室,521-0012,米原市米原,米原市米原３５３,３５３,52-0335,桂 正美,S51/06/29,,,,長浜,5627921.pdf
美容所,エツコ美容室,529-0721,長浜市西浅井町大浦,長浜市西浅井町大浦堂前２７９,堂前２７９,89-0306,上坂 悦子,H01/12/11,,,,長浜,5627921.pdf
美容所,エミコ美容室,526-0232,長浜市南池町,長浜市南池町１８４－１,１８４－１,0749-74-3110,安村 恵美子,S59/10/26,,,,長浜,5627921.pdf
美容所,お～くら美容室,526-0024,長浜市三ツ矢元町,長浜市三ツ矢元町８－２１,８－２１,62-6158,大倉 芳子,S36/02/02,,,,長浜,5627921.pdf
美容所,おしゃれはうす アキコ,529-0232,長浜市高月町落川,長浜市高月町落川１５７－３１,１５７－３１,85-4478,西澤 明子,S63/07/02,,,,長浜,5627921.pdf
美容所,おしゃれはうす ちずる,529-0422,長浜市木之本町田部,長浜市木之本町田部１１７,１１７,82-6015,杉 ちずる,H11/10/07,,,,長浜,5627921.pdf
美容所,おの美容室,529-0261,長浜市高月町東物部,長浜市高月町東物部７２２,７２２,85-3671,小野 和代,H04/05/13,,,,長浜,5627921.pdf
美容所,オリオン美容院,521-0012,米原市米原,米原市米原２０３,２０３,52-0098,角田 栄美,H21/02/18,,,,長浜,5627921.pdf
美容所,かけい美容室,529-0341,長浜市湖北町速水,長浜市湖北町速水１６２３,１６２３,78-2028,筧 満子,S54/07/07,,,,長浜,5627921.pdf
美容所,カスブチ美容室,526-0056,長浜市朝日町,長浜市朝日町６－１７,６－１７,62-9472,粕渕 幸子,S57/11/13,,,,長浜,5627921.pdf
美容所,かたぎり美容室,529-0241,長浜市高月町高月,長浜市高月町高月１６４０－３,１６４０－３,85-4007,片桐 モミエ,S49/12/25,,,,長浜,5627921.pdf
美容所,かっとさろん 亜す香,526-0042,長浜市勝町,長浜市勝町１２３－４６,１２３－４６,0749-63-7127,伊藤 昭美,H02/03/29,,,,長浜,5627921.pdf
美容所,カットハウス ノバ,526-0032,長浜市南高田町,長浜市南高田町１２６,１２６,64-0487,伊吹 豊,S58/12/03,,,,長浜,5627921.pdf
美容所,カットハウス ピュア,521-0232,米原市坂口,米原市坂口９０,９０,55-2155,橋詰 美代子,S59/05/04,,,,長浜,5627921.pdf
美容所,カミヤマ美容室,526-0108,長浜市難波町,長浜市難波町３４０,３４０,0749-72-2504,上山 加代子,S57/05/22,,,,長浜,5627921.pdf
美容所,かをり美容室,529-0701,長浜市西浅井町塩津浜,長浜市西浅井町塩津浜８５８,８５８,0749-88-0043,建部 正一郎,S47/09/21,,,,長浜,5627921.pdf
美容所,キク美容室,529-0241,長浜市高月町高月,長浜市高月町高月２６－３,２６－３,85-2638,宮森 勝子,S47/07/22,,,,長浜,5627921.pdf
美容所,きゃら美容室,526-0042,長浜市勝町,長浜市勝町２８－３,２８－３,63-6193,山田 千代子,H13/06/25,,,,長浜,5627921.pdf
美容所,きょうこ美容室,526-0242,長浜市三田町,長浜市三田町１４４８－１１,１４４８－１１,0749-74-0052,山谷 京子,H01/03/07,,,,長浜,5627921.pdf
美容所,きりはた美容室,529-0523,長浜市余呉町川並,長浜市余呉町川並６０６,６０６,86-2423,桐畑 八千代,S56/07/16,,,,長浜,5627921.pdf
美容所,クリエイトサロン フレンド,526-0033,長浜市平方町,長浜市平方町９２－８,９２－８,63-1756,下村 恵子,H04/04/02,,,,長浜,5627921.pdf
美容所,ケイコ美容室,526-0817,長浜市七条町,長浜市七条町６８０,６８０,62-2871,浅見 啓子,S53/09/30,,,,長浜,5627921.pdf
美容所,ケイコ美容室,526-0115,長浜市大浜町,長浜市大浜町１３５,１３５,0749-72-3821,松本 恵子,H02/05/08,,,,長浜,5627921.pdf
美容所,こわふ～る赤い三輪車,526-0052,長浜市神前町,長浜市神前町６－１０,６－１０,62-1313,関口 浩,H03/03/28,,,,長浜,5627921.pdf
美容所,さつき美容室,521-0304,米原市吉槻,米原市吉槻７９０,７９０,59-0010,宮井 さつき,S46/04/14,,,,長浜,5627921.pdf
美容所,サユリ美容院,529-0425,長浜市木之本町木之本,長浜市木之本町木之本９３４,９３４,82-2124,冨田 好美,S55/10/14,,,,長浜,5627921.pdf
美容所,サロンド カヨ,526-0015,長浜市神照町,長浜市神照町６８３－８,６８３－８,62-4028,山内 賢治,S61/02/24,,,,長浜,5627921.pdf
美容所,サロンド・アキコ,526-0059,長浜市元浜町,長浜市元浜町３０－４０,３０－４０,63-0522,矢野 昭子,S60/10/22,,,,長浜,5627921.pdf
美容所,サロンドミカ,526-0021,長浜市八幡中山町,長浜市八幡中山町４２６－２,４２６－２,63-0697,青木 茂子,S53/10/17,,,,長浜,5627921.pdf
美容所,サロンドミチコ,529-0144,長浜市大寺町,長浜市大寺町１０３１,１０３１,73-2061,北川 美千子,H06/06/27,,,,長浜,5627921.pdf
美容所,サロン・ド・ルル,526-0847,長浜市山階町,長浜市山階町５８９－３,５８９－３,0749-64-2345,此和 真里,S62/08/25,,,,長浜,5627921.pdf
美容所,シバタ美容室,521-0016,米原市下多良,米原市下多良５４－９,５４－９,52-0649,柴田 清子,S55/11/01,,,,長浜,5627921.pdf
美容所,すぎた美容室,526-0016,長浜市十里町,長浜市十里町１９８－１３,１９８－１３,63-1286,杉田 登美子,S50/12/22,,,,長浜,5627921.pdf
美容所,スキル美容室,526-0067,長浜市港町,長浜市港町１－３０,１－３０,62-6009,鈴木 利勝,H05/02/12,,,,長浜,5627921.pdf
美容所,すぎ美容室,529-0425,長浜市木之本町木之本,長浜市木之本町木之本１１４８,１１４８,,大杉 重子,H10/05/07,,,,長浜,5627921.pdf
美容所,セピア美容室,526-0037,長浜市高田町,長浜市高田町６－８,６－８,62-1056,佐登根 露子,S61/04/05,,,,長浜,5627921.pdf
美容所,ゼファー,529-0425,長浜市木之本町木之本,長浜市木之本町木之本１０９０,１０９０,82-5866,藤田 修,H05/09/14,,,,長浜,5627921.pdf
美容所,その美容室,529-0241,長浜市高月町高月,長浜市高月町高月１５６,１５６,85-2029,片桐 園江,S45/02/13,,,,長浜,5627921.pdf
美容所,ダイヤモンド美容室,521-0242,米原市長岡,米原市長岡９９５－２,９９５－２,55-0706,金本 玉子,S40/12/27,,,,長浜,5627921.pdf
美容所,タガワ美容室,526-0015,長浜市神照町,長浜市神照町８５５－８,８５５－８,62-6948,田川 一枝,S40/08/19,,,,長浜,5627921.pdf
美容所,タケベ美容室,526-0065,長浜市公園町,長浜市公園町３－９,３－９,63-5545,武部 吉房,S36/02/24,,,,長浜,5627921.pdf
美容所,タジマ美容室,526-0037,長浜市高田町,長浜市高田町３－１８,３－１８,63-6578,田嶋 幸子,S54/12/19,,,,長浜,5627921.pdf
美容所,チカ美容室,526-0814,長浜市石田町,長浜市石田町１２５４,１２５４,0749-62-6933,近沢 朝子,H19/09/07,,,,長浜,5627921.pdf
美容所,ちすき美容室,529-0706,長浜市西浅井町余,長浜市西浅井町余１１０－６,１１０－６,88-0320,山本 ちすき,H03/10/28,,,,長浜,5627921.pdf
美容所,ＧＲＥＥＮ,526-0031,長浜市八幡東町,長浜市八幡東町９－１,９－１,0749-65-1139,株式会社ツイング,H10/04/01,,,,長浜,5627921.pdf
美容所,ツクダ美容室,526-0058,長浜市南呉服町,長浜市南呉服町９－９,９－９,0749-62-6096,佃 夏江,S53/09/26,,,,長浜,5627921.pdf
美容所,ツジイ美容室,529-0221,長浜市高月町高野,長浜市高月町高野１１１９,１１１９,85-2753,辻居 富未子,S53/08/25,,,,長浜,5627921.pdf
美容所,つだ美容室,529-0205,長浜市高月町唐川,長浜市高月町唐川７５３－１,７５３－１,85-2393,津田 千枝子,S51/03/10,,,,長浜,5627921.pdf
美容所,つぼみ美容室,529-0144,長浜市大寺町,長浜市大寺町１０１０,１０１０,73-2334,淡輪 光野,S51/07/14,,,,長浜,5627921.pdf
美容所,つやこ美容室,526-0024,長浜市三ツ矢元町,長浜市三ツ矢元町１０－１２,１０－１２,63-5897,川崎 つや子,S48/11/10,,,,長浜,5627921.pdf
美容所,テルミ美容室,526-0025,長浜市分木町,長浜市分木町６－２８,６－２８,62-2760,山本 春男,S48/02/20,,,,長浜,5627921.pdf
美容所,ときわ美容室,526-0823,長浜市常喜町,長浜市常喜町６６６,６６６,62-4523,小林 洋子,S52/04/19,,,,長浜,5627921.pdf
美容所,とき美容室,521-0242,米原市長岡,米原市長岡１７２８－３,１７２８－３,55-0184,安田 哲滋,S52/12/06,,,,長浜,5627921.pdf
美容所,とまと美容室,521-0235,米原市小田,米原市小田１５６－１,１５６－１,0749-55-2662,堀井 まさ江,H11/02/16,,,,長浜,5627921.pdf
美容所,ナルセ美容室,529-0534,長浜市余呉町小谷,長浜市余呉町小谷１４９－１,１４９－１,86-3848,成瀬 たけ子,S59/02/28,,,,長浜,5627921.pdf
美容所,ニュース長浜店,526-0015,長浜市神照町,長浜市神照町４８８－１０伏木ビル１階,４８８－１０伏木ビル１階,65-5060,有限会社ジャズコーポレーション,H06/05/30,,,,長浜,5627921.pdf
美容所,ハートヘアー おくい,526-0033,長浜市平方町,長浜市平方町１１７７－７,１１７７－７,63-6687,奥井 陽子,H01/12/03,,,,長浜,5627921.pdf
美容所,パーマハウス ますだ,521-0016,米原市下多良,米原市下多良４８７,４８７,52-4321,増田 幸雄,H01/08/30,,,,長浜,5627921.pdf
美容所,ぱーまや いとう,529-0304,長浜市小谷丁野町,長浜市小谷丁野町３３０,３３０,78-1620,居藤 一之,S63/07/22,,,,長浜,5627921.pdf
美容所,パール美容室,521-0025,米原市番場,米原市番場７５５,７５５,54-0448,殿村 志津江,H06/06/16,,,,長浜,5627921.pdf
美容所,ハッピー美容室,526-0817,長浜市七条町,長浜市七条町１８８－１,１８８－１,62-4759,北村 範子,S43/11/04,,,,長浜,5627921.pdf
美容所,パーマはうす 美’Ｓ,529-0113,長浜市大井町,長浜市大井町２０５,２０５,73-5225,丹部 順子,H18/12/01,,,,長浜,5627921.pdf
美容所,パリジェンヌ美容室,526-0242,長浜市三田町,長浜市三田町１３０８－２８,１３０８－２８,0749-74-2451,中村 千鶴,H07/04/28,,,,長浜,5627921.pdf
美容所,ひさき美容室,521-0314,米原市春照,米原市春照５２７－２,５２７－２,58-1054,久木 八重,S55/10/08,,,,長浜,5627921.pdf
美容所,ひさ美容室,526-0831,長浜市宮司町,長浜市宮司町４４３,４４３,62-2549,清水 久子,S41/05/26,,,,長浜,5627921.pdf
美容所,ヒトミ美容所,521-0202,米原市柏原,米原市柏原１０９７,１０９７,57-0091,水谷 瞳,S41/03/26,,,,長浜,5627921.pdf
美容所,ビビ・キャラ,526-0032,長浜市南高田町,長浜市南高田町９－１５,９－１５,63-2502,荒田 浩平,H14/10/17,,,,長浜,5627921.pdf
美容所,ビューティ クライム,526-0045,長浜市寺田町,長浜市寺田町２６３,２６３,63-3048,斉藤 登美子,H05/10/18,,,,長浜,5627921.pdf
美容所,ビューティ サロン ほりい,526-0032,長浜市南高田町,長浜市南高田町１－２１,１－２１,62-5287,堀井 渼,H12/06/20,,,,長浜,5627921.pdf
美容所,ビューティ ソレイユ,526-0066,長浜市大島町,長浜市大島町３８,３８,65-0556,株式会社ソレイユ,H04/07/17,,,,長浜,5627921.pdf
美容所,ビューティ 田中,529-0521,長浜市余呉町下余呉,長浜市余呉町下余呉１０７２,１０７２,86-2949,田中 常子,S61/03/25,,,,長浜,5627921.pdf
美容所,ビューティ 美香,521-0016,米原市下多良,米原市下多良８５－４,８５－４,52-5088,西村 京子,S56/11/01,,,,長浜,5627921.pdf
美容所,ビューティ 昴,521-0311,米原市伊吹,米原市伊吹７５２,７５２,58-1848,佐々木 実千代,H05/02/19,,,,長浜,5627921.pdf
美容所,ＭＩＳＯＮＯ,526-0053,長浜市宮前町,長浜市宮前町１６－４,１６－４,0749-62-8308,有限会社美苑,H12/07/14,,,,長浜,5627921.pdf
美容所,ビューティサロン Ｍ,526-0041,長浜市四ツ塚町,長浜市四ツ塚町１４４－４,１４４－４,62-7667,岡本 美津子,H04/09/30,,,,長浜,5627921.pdf
美容所,ビューティサロン エル,526-0244,長浜市内保町,長浜市内保町２３７８－２,２３７８－２,0749-74-3824,吉田 昭美,H11/01/06,,,,長浜,5627921.pdf
美容所,ビューティサロン きたむら,529-0275,長浜市高月町重則,長浜市高月町重則４０１－１,４０１－１,85-5727,北村 鶴代,H06/11/28,,,,長浜,5627921.pdf
美容所,ビューティサロン きたむら,521-0062,米原市宇賀野,米原市宇賀野８２２,８２２,0749-52-1647,喜田村 幸未,S60/04/27,,,,長浜,5627921.pdf
美容所,ビューティサロン サチ,526-0015,長浜市神照町,長浜市神照町９１２－１,９１２－１,63-2322,吉田 恵子,S60/06/27,,,,長浜,5627921.pdf
美容所,ビューティサロン さとみ,529-0223,長浜市高月町馬上,長浜市高月町馬上９８４－３,９８４－３,85-3922,北山 里美,S63/06/01,,,,長浜,5627921.pdf
美容所,ビューティサロン さめがい,521-0035,米原市醒井,米原市醒井６１４,６１４,54-0124,山田 ひろみ,H14/08/01,,,,長浜,5627921.pdf
美容所,ビューティサロン スズキ,526-0059,長浜市元浜町,長浜市元浜町３１－２８,３１－２８,62-6170,株式会社ビューティーサロンスズキ,S63/10/12,,,,長浜,5627921.pdf
美容所,ビューティサロン すみれ,526-0235,長浜市佐野町,長浜市佐野町１８７,１８７,0749-74-2520,小川 寿美子,S60/08/01,,,,長浜,5627921.pdf
美容所,ビューティサロン チエコ,526-0802,長浜市東上坂町,長浜市東上坂町８７２,８７２,62-7030,関谷 千恵子,S62/11/08,,,,長浜,5627921.pdf
美容所,ビューティサロン ビアン,526-0243,長浜市大路町,長浜市大路町９２０,９２０,0749-74-3465,梅村 弥生,H12/09/05,,,,長浜,5627921.pdf
美容所,ビューティサロン 三恵,526-0041,長浜市四ツ塚町,長浜市四ツ塚町１３１－３,１３１－３,62-2257,平岩 美子,S59/03/10,,,,長浜,5627921.pdf
美容所,ビューティサロン 清水,521-0244,米原市大野木,米原市大野木１０６８－１,１０６８－１,57-0188,清水 公子,S55/03/15,,,,長浜,5627921.pdf
美容所,ビューティサロン 文,529-0131,長浜市柿ノ木,長浜市柿ノ木４７,４７,0749-73-2518,古川 文子,H11/03/05,,,,長浜,5627921.pdf
美容所,ビューティサロン 保美,526-0056,長浜市朝日町,長浜市朝日町２－１４,２－１４,62-8292,小倉 文枝,H12/03/08,,,,長浜,5627921.pdf
美容所,ビューティサロンソフィア,529-0341,長浜市湖北町速水,長浜市湖北町速水１２９１－１,１２９１－１,78-0330,草野 光枝,H08/03/19,,,,長浜,5627921.pdf
美容所,ビューティサロン向日葵,526-0013,長浜市新庄寺町,長浜市新庄寺町１６４,１６４,63-3789,中川 京子,H09/12/22,,,,長浜,5627921.pdf
美容所,びゅーてぃぱーら まぶち,526-0025,長浜市分木町,長浜市分木町１－８,１－８,62-5601,馬渕 昌代,H06/03/29,,,,長浜,5627921.pdf
美容所,びようはうす ノア,526-0067,長浜市港町,長浜市港町１４９－３,１４９－３,64-1592,川島 二三子,S57/07/02,,,,長浜,5627921.pdf
美容所,びようハウスポニーテール,521-0233,米原市野一色,米原市野一色１４４－６,１４４－６,55-2951,宮永 久美,H08/05/29,,,,長浜,5627921.pdf
美容所,ひろみ美容室,521-0321,米原市髙番,米原市髙番４５２,４５２,58-0185,北川 ひろみ,S43/02/25,,,,長浜,5627921.pdf
美容所,ふたば美容室,521-0091,米原市岩脇,米原市岩脇１０４４,１０４４,0749-52-0410,中川 美栄子,S52/10/20,,,,長浜,5627921.pdf
美容所,ふみ美容院,526-0056,長浜市朝日町,長浜市朝日町７－１４,７－１４,62-6185,中川 文,S33/12/01,,,,長浜,5627921.pdf
美容所,ヘア．ハウス．クレヨン,526-0015,長浜市神照町,長浜市神照町１６２－５,１６２－５,0749-64-1541,有限会社クレヨン美容室,H10/03/24,,,,長浜,5627921.pdf
美容所,ヘアー＆フェイスサロン ゆう,526-0816,長浜市今川町,長浜市今川町２４３－１４,２４３－１４,64-1419,井関 春美,H03/09/06,,,,長浜,5627921.pdf
美容所,ヘアースタジオ・ピア,529-0354,長浜市湖北町山本,長浜市湖北町山本１３２３－２,１３２３－２,79-1078,有限会社ヤマモト・ピア,H06/11/02,,,,長浜,5627921.pdf
美容所,へあーず倶楽部 髪工房,526-0067,長浜市港町,長浜市港町４－９,４－９,0749-62-0864,浅田 光男,H17/03/15,,,,長浜,5627921.pdf
美容所,へあくりえいとＲａｖｉ,521-0242,米原市長岡,米原市長岡９３３－１,９３３－１,55-0246,冨岡 秀和,H07/10/30,,,,長浜,5627921.pdf
美容所,ヘアーピークス,526-0021,長浜市八幡中山町,長浜市八幡中山町４８２,４８２,0749-64-1954,中川 宜子,H17/04/26,,,,長浜,5627921.pdf
美容所,ヘアメイク ジェニー・ラヴ,526-0021,長浜市八幡中山町,長浜市八幡中山町９８２,９８２,0749-63-3029,中村 宰典,H16/04/30,,,,長浜,5627921.pdf
美容所,ヘアメイク 綺羅,526-0803,長浜市西上坂町,長浜市西上坂町１２３０,１２３０,63-2145,西尾 恒美,H01/02/22,,,,長浜,5627921.pdf
美容所,ヘルシースリム Ｙ＆Ｙ,526-0031,長浜市八幡東町,長浜市八幡東町１３１,１３１,65-4358,矢野 宏一,H06/03/14,,,,長浜,5627921.pdf
美容所,ホリ美容室,529-0527,長浜市余呉町東野,長浜市余呉町東野１２８－２９,１２８－２９,86-3161,堀 清子,S49/03/30,,,,長浜,5627921.pdf
美容所,マキシム,529-0425,長浜市木之本町木之本,長浜市木之本町木之本１６００,１６００,82-5457,上田 貞行,H07/04/18,,,,長浜,5627921.pdf
美容所,マツムラ美容室,526-0063,長浜市末広町,長浜市末広町６－３４,６－３４,0749-63-9328,松村 信子,H10/08/24,,,,長浜,5627921.pdf
美容所,マリ美容室,526-0111,長浜市川道町,長浜市川道町２７３１,２７３１,0749-72-3148,中川 正男,S46/07/09,,,,長浜,5627921.pdf
美容所,ミエ美容室,526-0828,長浜市加田町,長浜市加田町２４９８,２４９８,62-9583,伊藤 美恵,S57/12/12,,,,長浜,5627921.pdf
美容所,みえ美容室,526-0105,長浜市細江町,長浜市細江町１４４０－６,１４４０－６,0749-72-4190,中島 美恵,S54/09/16,,,,長浜,5627921.pdf
美容所,みち美容室,529-0222,長浜市高月町雨森,長浜市高月町雨森１５１２,１５１２,85-4749,田中 道枝,H03/02/05,,,,長浜,5627921.pdf
美容所,みわ美容室,526-0252,長浜市八島町,長浜市八島町４９５,４９５,0749-74-3130,堀内 三葉子,S47/12/08,,,,長浜,5627921.pdf
美容所,もとや美容室,526-0056,長浜市朝日町,長浜市朝日町１６－２５,１６－２５,62-3623,林田 守生,S46/05/20,,,,長浜,5627921.pdf
美容所,やまなか美容室,521-0231,米原市村居田,米原市村居田８５１,８５１,55-0892,山中 和代,S43/03/15,,,,長浜,5627921.pdf
美容所,ユキ美容室,529-0411,長浜市木之本町古橋,長浜市木之本町古橋１２６１,１２６１,82-4401,大音 幸子,S63/10/05,,,,長浜,5627921.pdf
美容所,ゆりか美容室,521-0314,米原市春照,米原市春照１８４９,１８４９,58-1405,中戸 明財開,S33/12/01,,,,長浜,5627921.pdf
美容所,リヴァ美容室,526-0816,長浜市今川町,長浜市今川町６９２,６９２,62-9928,角川 洋子,S49/02/08,,,,長浜,5627921.pdf
美容所,リューミ美容院,529-0721,長浜市西浅井町大浦,長浜市西浅井町大浦６９－１,６９－１,89-0096,島内 ミヨ子,H03/12/12,,,,長浜,5627921.pdf
美容所,るみ美容室,526-0024,長浜市三ツ矢元町,長浜市三ツ矢元町２１－５,２１－５,62-7228,西村 照美,S37/10/06,,,,長浜,5627921.pdf
美容所,ワークソシアルたちばな,526-0053,長浜市宮前町,長浜市宮前町１５－１,１５－１,63-4261,石井 良和,H13/03/16,,,,長浜,5627921.pdf
美容所,わかば美容室,526-0244,長浜市内保町,長浜市内保町１１２３,１１２３,0749-74-0145,川瀬 明子,H04/10/16,,,,長浜,5627921.pdf
美容所,わかば美容室,526-0203,長浜市野瀬町,長浜市野瀬町９７３,９７３,0749-76-1019,川瀬 明子,S58/04/29,,,,長浜,5627921.pdf
美容所,安堵,521-0074,米原市高溝,米原市高溝１６２－１,１６２－１,0749-52-6828,西井 千代子,H17/11/21,,,,長浜,5627921.pdf
美容所,伊藤美容室,529-0431,長浜市木之本町大音,長浜市木之本町大音１０５０,１０５０,82-4803,伊藤 あつ子,S59/03/19,,,,長浜,5627921.pdf
美容所,関谷美容室,529-0354,長浜市湖北町山本,長浜市湖北町山本１２５５,１２５５,79-0768,関谷 喜代子,S38/06/01,,,,長浜,5627921.pdf
美容所,岩佐美容院,521-0202,米原市柏原,米原市柏原７７５,７７５,57-0099,岩佐 行子,S37/11/01,,,,長浜,5627921.pdf
美容所,吟谷美容室,529-0704,長浜市西浅井町塩津中,長浜市西浅井町塩津中２５３,２５３,88-0252,吟谷 千鶴子,S38/03/22,,,,長浜,5627921.pdf
美容所,光家美容室,529-0241,長浜市高月町高月,長浜市高月町高月４４３,４４３,85-5147,光家 やす子,S51/12/08,,,,長浜,5627921.pdf
美容所,光余美容室,526-0831,長浜市宮司町,長浜市宮司町１１０１－６,１１０１－６,63-9071,中原 藤野,H01/03/31,,,,長浜,5627921.pdf
美容所,高倉美容室,521-0081,米原市多和田,米原市多和田１５６５,１５６５,0749-54-0810,高倉 政男,S47/03/08,,,,長浜,5627921.pdf
美容所,山田美容室,521-0021,米原市河南,米原市河南３２０－９,３２０－９,54-2465,山田 しげよ,H04/02/24,,,,長浜,5627921.pdf
美容所,山本美容室,521-0307,米原市大久保,米原市大久保５８６,５８６,58-1361,山本 幸,S34/04/30,,,,長浜,5627921.pdf
美容所,秋山美容室,521-0312,米原市上野,米原市上野４７４－２,４７４－２,58-0032,秋山 キヌ子,S47/12/11,,,,長浜,5627921.pdf
美容所,春照美容所,521-0314,米原市春照,米原市春照２３２－１,２３２－１,58-0323,市川 幸子,S49/06/08,,,,長浜,5627921.pdf
美容所,小野美容室,521-0225,米原市市場,米原市市場４０４,４０４,55-1108,小野 光子,H01/02/14,,,,長浜,5627921.pdf
美容所,小林美容室,526-0801,長浜市千草町,長浜市千草町１０１－２,１０１－２,62-9513,小林 博美,S63/06/06,,,,長浜,5627921.pdf
美容所,森美容室,521-0242,米原市長岡,米原市長岡１６２０,１６２０,55-0071,森 ひさえ,S34/07/01,,,,長浜,5627921.pdf
美容所,世森美容室,521-0064,米原市世継,米原市世継７４０－６,７４０－６,0749-52-4368,世森 和美,S53/01/11,,,,長浜,5627921.pdf
美容所,清水美容室,529-0313,長浜市湖北町伊部,長浜市湖北町伊部６５,６５,78-0479,清水 公子,S33/12/01,,,,長浜,5627921.pdf
美容所,西川美容室,526-0835,長浜市室町,長浜市室町２６７－１,２６７－１,62-5623,西川 喜代子,S33/12/01,,,,長浜,5627921.pdf
美容所,千鶴美容室,521-0022,米原市樋口,米原市樋口１５０－１４,１５０－１４,54-2688,小嶋 千賀子,S58/08/05,,,,長浜,5627921.pdf
美容所,川崎美容室,521-0311,米原市伊吹,米原市伊吹９９０－１,９９０－１,58-0271,川崎 洋子,H06/02/15,,,,長浜,5627921.pdf
美容所,大橋美容室,521-0221,米原市池下,米原市池下８７１－１,８７１－１,55-3038,大橋 幸子,S57/12/22,,,,長浜,5627921.pdf
美容所,谷口美容室,529-0404,長浜市木之本町杉本,長浜市木之本町杉本３６３,３６３,84-0486,谷口 マスエ,S50/12/08,,,,長浜,5627921.pdf
美容所,谷口美容室,529-0521,長浜市余呉町下余呉,長浜市余呉町下余呉４１０,４１０,0749-86-2251,谷口 久代,H11/01/05,,,,長浜,5627921.pdf
美容所,竹内美容室,529-0222,長浜市高月町雨森,長浜市高月町雨森１１５５,１１５５,85-4729,竹内 千代子,S51/07/03,,,,長浜,5627921.pdf
美容所,中山美容室,529-0515,長浜市余呉町中之郷,長浜市余呉町中之郷１６６９,１６６９,86-1669,中山 テル子,S53/11/24,,,,長浜,5627921.pdf
美容所,中川美容室,529-0425,長浜市木之本町木之本,長浜市木之本町木之本２０３７－２,２０３７－２,0749-82-3199,中川 初子,H11/05/19,,,,長浜,5627921.pdf
美容所,田中美容室,521-0244,米原市大野木,米原市大野木７９０,７９０,57-0156,田中 恵美子,S60/06/27,,,,長浜,5627921.pdf
美容所,藤田美容室,529-0423,長浜市木之本町千田,長浜市木之本町千田８６５－３,８６５－３,82-4429,藤田 貞,S51/12/05,,,,長浜,5627921.pdf
美容所,藤木美容室,526-0264,長浜市上野町,長浜市上野町３０３,３０３,0749-74-0172,前田 紀子生,H06/06/01,,,,長浜,5627921.pdf
美容所,Ｌｉｔｔｌｅ ｂｙ ｌｉｔｔｌｅ,526-0034,長浜市弥高町,長浜市弥高町３４,３４,0749-65-0417,山本 大助,H16/10/12,,,,長浜,5627921.pdf
美容所,カットコムズ長浜店,526-0847,長浜市山階町,長浜市山階町２７１－１ イオン長浜店２Ｆ,２７１－１ イオン長浜店２Ｆ,,株式会社マックスコムズウエスト,H22/02/03,,,,長浜,5627921.pdf
美容所,Ｈａｉｒ Ｍｉｍｐｉ,526-0033,長浜市平方町,長浜市平方町２３８ ワイエフビル２３,２３８ ワイエフビル２３,0749-64-0026,有限会社Ｃａｎｔｉｋ,H22/03/26,,,,長浜,5627921.pdf
美容所,美の癒し 米原店,521-0074,米原市高溝,米原市高溝２１０,２１０,0749-52-8838,株式会社醍醐,H22/03/15,,,,長浜,5627921.pdf
美容所,滋賀創寫舘（マナーヴィレッジ写風舘）,521-0074,米原市高溝,米原市高溝２１０,２１０,0749-52-8818,株式会社醍醐,H22/03/18,,,,長浜,5627921.pdf
美容所,リアン,526-0847,長浜市山階町,長浜市山階町４５３－１,４５３－１,,小川 泰弘,H22/04/15,,,,長浜,5627921.pdf
美容所,ｈａｎａ × ｈａｉｒ,526-0031,長浜市八幡東町,長浜市八幡東町３１２,３１２,57-6124,株式会社カミングエンタープライズ,H22/06/10,,,,長浜,5627921.pdf
美容所,ｃｈｏｕ ｃｈｏｕ,526-0845,長浜市小堀町,長浜市小堀町５－１８,５－１８,0749-62-6302,坂元 武仁,H22/06/22,,,,長浜,5627921.pdf
美容所,ｈａｉｒ Ｂｅ＋,526-0015,長浜市神照町,長浜市神照町７１０－１９,７１０－１９,0749-65-5578,橋本 千晶,H22/10/15,,,,長浜,5627921.pdf
美容所,髪染本舗長浜店,526-0033,長浜市平方町,長浜市平方町７２２,７２２,0749-65-5607,日本バイオ医薬株式会社,H22/10/25,,,,長浜,5627921.pdf
美容所,Ｒｉｌａｓｓａ,529-0241,長浜市高月町高月,長浜市高月町高月１１９２－７,１１９２－７,0749-85-3142,山城 優子,H22/12/14,,,,長浜,5627921.pdf
美容所,ＳＯＵ－ＡＮＤＯ,526-0023,長浜市三ツ矢町,長浜市三ツ矢町６－３ １Ｆ,６－３ １Ｆ,0749-50-3422,林 竜児,H23/02/09,,,,長浜,5627921.pdf
美容所,ｂｒｏｏｃＨ,526-0021,長浜市八幡中山町,長浜市八幡中山町３３３－５,３３３－５,0749-50-3254,川瀬 哲寛,H23/04/27,,,,長浜,5627921.pdf
美容所,ｃｌｏｖｅｒ,526-0021,長浜市八幡中山町,長浜市八幡中山町３１８－３４,３１８－３４,0749-50-3599,樋口 幸子,H23/06/08,,,,長浜,5627921.pdf
美容所,Ｂｏｎｎｅ ｃｈａｎｃｅ,529-0232,長浜市高月町落川,長浜市高月町落川１５７－４０,１５７－４０,,石川 英里,H23/06/27,,,,長浜,5627921.pdf
美容所,Ｂｒｏｗｎｉｅ,526-0013,長浜市新庄寺町,長浜市新庄寺町４２４,４２４,0749-65-1308,福永 絵美,H23/07/01,,,,長浜,5627921.pdf
美容所,Ｊｕｇｅｍｕ,521-0062,米原市宇賀野,米原市宇賀野３０８－１０,３０８－１０,0749-50-3080,清水 飛鳥,H23/07/22,,,,長浜,5627921.pdf
美容所,ビビ,526-0833,長浜市永久寺町,長浜市永久寺町９８７－１,９８７－１,0749-64-2468,北川 明美,H23/11/04,,,,長浜,5627921.pdf
美容所,すぎ美容室 ナチュル,529-0212,長浜市高月町井口,長浜市高月町井口１３９６－１４,１３９６－１４,0749-50-3955,大杉 重子,H23/11/29,,,,長浜,5627921.pdf
美容所,ｙｕ－ｅｎ＋ [ゆえん],529-0425,長浜市木之本町木之本,長浜市木之本町木之本１５８２－４,１５８２－４,0749-50-4064,田村 道久,H24/02/06,,,,長浜,5627921.pdf
美容所,Ｈａｉｒ ｍａｒｕｋｏ,526-0061,長浜市祇園町,長浜市祇園町８７１－１７,８７１－１７,0749-50-3761,志賀 貴子,H24/02/27,,,,長浜,5627921.pdf
美容所,ＢＥＡＵＴＹ ＳＨＡＭＰＯＯ,526-0131,長浜市富田町,長浜市富田町５１６－１,５１６－１,0749-72-3312,奥村 輝美,H24/04/27,,,,長浜,5627921.pdf
美容所,ルシードスタイル バレッタ,526-0031,長浜市八幡東町,長浜市八幡東町１９３ ワイエフビル２６ １Ｆ,１９３ ワイエフビル２６ １Ｆ,0749-65-1238,前田 園子,H24/05/10,,,,長浜,5627921.pdf
美容所,ＹＵ．ＲＡ．ＧＩ長浜店,526-0042,長浜市勝町,長浜市勝町９４－９,９４－９,0749-64-4700,有限会社アクセスワールド,H24/05/29,,,,長浜,5627921.pdf
美容所,Ｃｈｅｅｒ ａｒｃｈ ｓｔｙｌｅ,521-0032,米原市枝折,米原市枝折３９６,３９６,0749-54-0566,有限会社ディアール,H24/09/24,,,,長浜,5627921.pdf
美容所,３羽の小鳥美容室,526-0037,長浜市高田町,長浜市高田町６－８,６－８,0749-57-6733,稲垣 周二,H24/10/19,,,,長浜,5627921.pdf
美容所,ｈ ３０℃,526-0036,長浜市地福寺町,長浜市地福寺町５－２８,５－２８,0749-65-7107,株式会社エイチサンジュウドシー,H24/11/29,,,,長浜,5627921.pdf
美容所,ＭＡＨＡＬＯ,526-0063,長浜市末広町,長浜市末広町５－４８－３,５－４８－３,0749-53-2712,雨森 順子,H25/03/26,,,,長浜,5627921.pdf
美容所,Ｔｏｉ ｅｔ Ｍｏｉ,521-0035,米原市醒井,米原市醒井５６４－１,５６４－１,,山本 亜矢,H25/05/01,,,,長浜,5627921.pdf
美容所,ＩＲＯ,529-0332,長浜市湖北町青名,長浜市湖北町青名９７－１,９７－１,0749-78-0887,柴辻 鈴子,H25/05/16,,,,長浜,5627921.pdf
美容所,ぽかぽか,526-0204,長浜市鍛冶屋町,長浜市鍛冶屋町７２７,７２７,,藤岡 建二,H25/06/26,,,,長浜,5627921.pdf
美容所,Ｃ．,526-0042,長浜市勝町,長浜市勝町５５２－１,５５２－１,0749-50-7234,山田 裕一郎,H25/08/20,,,,長浜,5627921.pdf
美容所,ＨＡＩＲ ＳＡＬＯＮ Ｓｍｉｌｅ,529-0341,長浜市湖北町速水,長浜市湖北町速水５３－５,５３－５,0749-50-7723,川瀬 直子,H26/02/24,,,,長浜,5627921.pdf
美容所,Ｉｒｉｓ,526-0031,長浜市八幡東町,長浜市八幡東町７０ サクシード２１ Ｃ,７０ サクシード２１ Ｃ,,宮元 吉由,H26/02/21,,,,長浜,5627921.pdf
美容所,Ｔｒｅａｔ,526-0063,長浜市末広町,長浜市末広町２４０－６ ワイエフビル１７ １階,２４０－６ ワイエフビル１７ １階,,渡邉 ひかり,H26/02/24,,,,長浜,5627921.pdf
美容所,ビューティーサロン サトー,521-0072,米原市顔戸,米原市顔戸１４１５－１８,１４１５－１８,0749-52-4931,佐藤 陽子,H26/03/26,,,,長浜,5627921.pdf
美容所,Ｈａｉｒ Ｃｏｌｌｅｃｔｉｏｎ Ｃｌｉｐ,526-0031,長浜市八幡東町,長浜市八幡東町４３２－１０,４３２－１０,0749-64-5558,喜田 正和,H26/05/13,,,,長浜,5627921.pdf
美容所,きゃんせ美容院,521-0062,米原市宇賀野,米原市宇賀野２８－２０,２８－２０,0749-52-0108,株式会社きゃんせ美容院,H26/05/14,,,,長浜,5627921.pdf
美容所,ａｎｇｅｙ,526-0242,長浜市三田町,長浜市三田町４４７－５,４４７－５,0749-56-2517,渡邊 加奈子,H26/06/13,,,,長浜,5627921.pdf
美容所,わいづ,526-0015,長浜市神照町,長浜市神照町３３０－６,３３０－６,,山内 義明,H26/09/25,,,,長浜,5627921.pdf
美容所,ココヘアー,526-0024,長浜市三ツ矢元町,長浜市三ツ矢元町２５－２３,２５－２３,0749-65-5011,株式会社セレクション,H26/10/27,,,,長浜,5627921.pdf
美容所,ビューティ まつい,521-0073,米原市箕浦,米原市箕浦１３１,１３１,0749-52-4631,松居 眞由美,H26/12/02,,,,長浜,5627921.pdf
美容所,ＨＡＩＲ ＳＴＵＤＩＯ ＩＷＡＳＡＫＩ,526-0057,長浜市北船町,長浜市北船町１－１５ モンデクール長浜２Ｆ,１－１５ モンデクール長浜２Ｆ,,株式会社ハクブン,H27/02/06,,,,長浜,5627921.pdf
美容所,カットコムズ長浜店２,526-0847,長浜市山階町,長浜市山階町２７１－１ イオン長浜店内２階,２７１－１ イオン長浜店内２階,,前川 政光,H27/04/08,,,,長浜,5627921.pdf
美容所,おうち,526-0042,長浜市勝町,長浜市勝町１３３－６,１３３－６,0749-50-7205,三田 なおこ,H27/04/22,,,,長浜,5627921.pdf
美容所,ソレイユ,526-0244,長浜市内保町,長浜市内保町７８０－６,７８０－６,0749-50-2356,小玉 悦子,H27/04/30,,,,長浜,5627921.pdf
美容所,Ｃａｃｈｅｔｔｅ,521-0062,米原市宇賀野,米原市宇賀野２４２－４１,２４２－４１,,小川 里佳,H27/05/12,,,,長浜,5627921.pdf
美容所,ヘアサロン フェアリー,526-0244,長浜市内保町,長浜市内保町２５９６,２５９６,0749-50-6819,北村 千秋,H27/05/18,,,,長浜,5627921.pdf
美容所,ｃｈａｒｍｉｎｇ,526-0221,長浜市小野寺町,長浜市小野寺町５００－５,５００－５,0749-50-3494,岩村 悦子,H27/08/21,,,,長浜,5627921.pdf
美容所,Ｄａｉｓｙ,529-0251,長浜市高月町宇根,長浜市高月町宇根３０－５,３０－５,,片桐 里香,H27/12/11,,,,長浜,5627921.pdf
美容所,ｎａｎａｃａ,526-0015,長浜市神照町,長浜市神照町７４３,７４３,0749-62-1356,株式会社ライフリリーフ,H28/01/07,,,,長浜,5627921.pdf
美容所,ＣＯＣＯ ＣＨＡＲＭＥ,526-0046,長浜市高橋町,長浜市高橋町５４１－６ テックⅡ ２Ｆ,５４１－６ テックⅡ ２Ｆ,0749-53-3081,株式会社ＡＴＴＩＣ ＯＵＴＥＲＮＡＴＩＯＮ ＡＬ,H27/12/28,,,,長浜,5627921.pdf
美容所,・・・ａｍ－ｓｋｙ アムスカイ,521-0016,米原市下多良一丁目,米原市下多良一丁目１７４ １０３号室,１７４ １０３号室,0749-52-5825,山田 夏菜美,H28/02/12,,,,長浜,5627921.pdf
美容所,リエ美容室,521-0016,米原市下多良,米原市下多良２－６,２－６,0749-52-3335,佐藤 敏子,H28/04/26,,,,長浜,5627921.pdf
美容所,サロン・ド・マリ(Salon de MARI),526-0244,長浜市内保町,長浜市内保町２６３７－１,２６３７－１,0749-74-4102,山田 喜弘,H28/05/12,,,,長浜,5627921.pdf
美容所,Ｃｏｍｉｎｇ,526-0103,長浜市曽根町,長浜市曽根町１３６２－１,１３６２－１,0749-72-2251,株式会社カミングエンタープライズ,H28/07/20,,,,長浜,5627921.pdf
美容所,縁 ‐ｅｎｉｓｉ‐,521-0074,米原市高溝,米原市高溝７－６,７－６,,粕渕 かよ,H28/09/09,,,,長浜,5627921.pdf
美容所,美容室 チェリー,521-0023,米原市三吉,米原市三吉５５６,５５６,0749-54-0587,木部 弘美,H28/10/15,,,,長浜,5627921.pdf
美容所,ＨＡＩＲ ＳＴＵＤＩＯ ＩＷＡＳＡＫＩ,526-0033,長浜市平方町,長浜市平方町３３１ フレンドマート長浜平方店内,３３１ フレンドマート長浜平方店内,0749-59-3155,株式会社ハクブン,H28/11/18,,,,長浜,5627921.pdf
美容所,ＣＡＳＰＥＲ,526-0831,長浜市宮司町,長浜市宮司町１１６１－２ ２Ｆ,１１６１－２ ２Ｆ,0749-62-2505,福嶌 剛,H29/01/06,,,,長浜,5627921.pdf
美容所,ｆｕｕ,521-0314,米原市春照,米原市春照１９３４,１９３４,,藤本 孝志,H29/03/13,,,,長浜,5627921.pdf
美容所,ｅｙｅｌａｓｈ ＆ ｎａｉｌ Ｂｌｏｏｍ,526-0031,長浜市八幡東町,長浜市八幡東町２６６－１ ２Ｆ,２６６－１ ２Ｆ,,中村 舞,H29/03/22,,,,長浜,5627921.pdf
美容所,未来 ヘアカット 研究所,526-0834,長浜市大辰巳町,長浜市大辰巳町３１,３１,,吉原 大地,H29/04/12,,,,長浜,5627921.pdf
美容所,ｆｏｎｄｕｅ．ｈａｉｒ＆ｂｅａｕｔｙ,521-0072,米原市顔戸,米原市顔戸１４１５－４６,１４１５－４６,,須戸 晋一,H29/05/09,,,,長浜,5627921.pdf
美容所,ｃａｎｄｙ,526-0843,長浜市南小足町,長浜市南小足町４３９－３８,４３９－３８,,片岡 未来,H29/05/30,,,,長浜,5627921.pdf
美容所,ｅｍａ,526-0031,長浜市八幡東町,長浜市八幡東町３１２,３１２,0749-57-6125,株式会社カミングエンタープライズ,H29/06/30,,,,長浜,5627921.pdf
美容所,Ｒａｙ ｐｌｕｓ,526-0111,長浜市川道町,長浜市川道町３１１２－１,３１１２－１,0749-50-5170,中川 佳代子,H29/09/01,,,,長浜,5627921.pdf
美容所,ｅｙｅＭｉｉｉ,526-0845,長浜市小堀町,長浜市小堀町３３１ メルベール１０３,３３１ メルベール１０３,050-5216-5360,大塚 真未,H29/09/22,,,,長浜,5627921.pdf
美容所,ミヤコ美容室,521-0242,米原市長岡,米原市長岡９６７－１,９６７－１,0749-55-1888,岩本 弥生,H29/09/26,,,,長浜,5627921.pdf
美容所,ゆもと美容室,526-0817,長浜市七条町,長浜市七条町１２６２－５,１２６２－５,0749-63-8298,湯本 佐代子,H29/10/26,,,,長浜,5627921.pdf
美容所,ｉｒｏｈａ＿ｃｏｕｐｅ,526-0065,長浜市公園町,長浜市公園町２－５５,２－５５,0749-59-3899,松下 哲平,H29/11/09,,,,長浜,5627921.pdf
美容所,仲谷,521-0314,米原市春照,米原市春照１９３５－１,１９３５－１,0749-58-1566,仲谷 由美子,H29/11/14,,,,長浜,5627921.pdf
美容所,ＫＡＶＫＡ,526-0016,長浜市十里町,長浜市十里町２１０－１,２１０－１,0749-50-9563,竹川 将央,H30/01/30,,,,長浜,5627921.pdf
美容所,ｎｉｃｏｔｔｏ,526-0032,長浜市南高田町,長浜市南高田町９－２１,９－２１,0749-53-4765,岩﨑 智恵,H30/02/27,,,,長浜,5627921.pdf
美容所,ｈａｉｒ ＪＩＳＴＡ,526-0831,長浜市宮司町,長浜市宮司町７１０－６,７１０－６,0749-50-9250,株式会社ｕｎｌｉｍｉｔｅｄ ｐｌａｎｓ,H30/09/18,,,,長浜,5627921.pdf
美容所,ＭＡＱＵＩＡ 長浜駅前店,526-0037,長浜市高田町,長浜市高田町６－１６ 第１２森野ビル１Ｆ,６－１６ 第１２森野ビル１Ｆ,0749-53-4522,株式会社ＭＡＱＵＩＡ,H30/12/06,,,,長浜,5627921.pdf
美容所,ｈａｉｒ ｇｌｏｒｙ,521-0062,米原市宇賀野,米原市宇賀野２－２７,２－２７,0749-53-2114,大林 祐介,H31/03/07,,,,長浜,5627921.pdf
美容所,髪ゆう,526-0055,長浜市三和町,長浜市三和町６４－４,６４－４,,北川 美由紀,R01/06/10,,,,長浜,5627921.pdf
美容所,eyelash salon hanabaco,526-0254,長浜市尊野町,長浜市尊野町１０７－１,１０７－１,,遠藤 恵理佳,R01/08/06,,,,長浜,5627921.pdf
美容所,Ｂｌｕｅｇｅ,526-0003,長浜市泉町,長浜市泉町１０２,１０２,,清水 優花,R01/08/22,,,,長浜,5627921.pdf
美容所,マキシム美容室,529-0425,長浜市木之本町木之本,長浜市木之本町木之本１５５６－４,１５５６－４,0749-82-5457,上田 貞行,R01/09/02,,,,長浜,5627921.pdf
美容所,ｈａｉｒ ｓａｌｏｎ Ｙ×Ｂ,526-0033,長浜市平方町,長浜市平方町８０９－８,８０９－８,0749-62-1057,番野 ゆう子,R01/09/26,,,,長浜,5627921.pdf
美容所,ｈａｉｒ ａｍｉｎ,526-0105,長浜市細江町,長浜市細江町１０－５,１０－５,,太和田 かおり,R01/10/03,,,,長浜,5627921.pdf
美容所,街の理美容室ぷらっと,526-0021,長浜市八幡中山町,長浜市八幡中山町３６１,３６１,0749-65-3856,岩永 真吾,R01/10/15,,,,長浜,5627921.pdf
美容所,ｙｕｒａｒｉ,521-0213,米原市堂谷,米原市堂谷２０３,２０３,,口分田 悠梨子,R01/11/11,,,,長浜,5627921.pdf
美容所,ｖｉｐ ｆｅｅｌｌ,526-0033,長浜市平方町,長浜市平方町２５２－２ ２Ｆ,２５２－２ ２Ｆ,,喜田 祐衣,R01/11/21,,,,長浜,5627921.pdf
美容所,ＣＬＵＴＣＨ,526-0051,長浜市一の宮町,長浜市一の宮町２－２８,２－２８,,鈴木 秀武,R01/11/25,,,,長浜,5627921.pdf
美容所,Ｐｒｉｖａｔｅ ｔｏｔａｌ ｂｅａｕｔｙ Ｌｅａｕｌａ,526-0834,長浜市大辰巳町,長浜市大辰巳町３－５ 美石ビル１Ｆ,３－５ 美石ビル１Ｆ,0749-57-6922,西藤 浩之,R01/12/13,,,,長浜,5627921.pdf
美容所,Ａｎｇｉｅ,526-0804,長浜市加納町,長浜市加納町６５５－６,６５５－６,0749-50-2333,戸田 陽子,R02/01/15,,,,長浜,5627921.pdf
美容所,ｈａｉｒ ｃｌａｒａ,526-0031,長浜市八幡東町,長浜市八幡東町９９－１ ＣＥＰビル１Ｆ,９９－１ ＣＥＰビル１Ｆ,0749-57-6548,株式会社カミングエンタープライズ,R02/04/14,,,,長浜,5627921.pdf
美容所,ｈａｉｒ Ｒｏａｍ,526-0031,長浜市八幡東町,長浜市八幡東町９９－１ ＣＥＰビル２Ｆ１号,９９－１ ＣＥＰビル２Ｆ１号,0749-57-6562,織田 怜史,R02/04/22,,,,長浜,5627921.pdf
美容所,ＷＡＣＣＡ,526-0044,長浜市下坂中町,長浜市下坂中町２８８－９,２８８－９,0749-53-4177,佐治 達也,R02/04/22,,,,長浜,5627921.pdf
美容所,Ｈａｉｒ ｂｙ Ｌ’ａｊｉｔｔＯ,529-0112,長浜市宮部町,長浜市宮部町３０８４,３０８４,,平居 祐美,R02/06/15,,,,長浜,5627921.pdf
美容所,Ｌａｎｉ,529-0527,長浜市余呉町東野,長浜市余呉町東野３７０－２,３７０－２,0749-86-2179,大澤 由美,R02/06/18,,,,長浜,5627921.pdf
美容所,Ｃｉｒｑｕｅ,526-0063,長浜市末広町,長浜市末広町１－３,１－３,0749-65-1167,橋本 宏治,R02/06/18,,,,長浜,5627921.pdf
美容所,Ｒ－ｒｉｃｈｅ,529-0241,長浜市高月町高月,長浜市高月町高月６００－１,６００－１,0749-85-2425,上之山 りか,R02/07/09,,,,長浜,5627921.pdf
美容所,ｅｔｗ Ｅｙｅｌａｓｈ＆Ｐｈｏｔｏｅｐｉ ｌａｔｉｏｎ,526-0031,長浜市八幡東町,長浜市八幡東町９９－１ ＣＥＰビル２Ｆ２号,９９－１ ＣＥＰビル２Ｆ２号,0749-59-3334,株式会社ｕｎｌｉｍｉｔｅｄ ｐｌａｎｓ,R02/07/09,,,,長浜,5627921.pdf
美容所,美草,521-0003,米原市入江,米原市入江７８３－４,７８３－４,,岩瀬 ひろみ,R02/09/14,,,,長浜,5627921.pdf
美容所,ＦＬＡＮＥＲ,521-0016,米原市下多良,米原市下多良二丁目６３ セリマンション１０５号,二丁目６３ セリマンション１０５号,,折田 綾香,R02/11/02,,,,長浜,5627921.pdf
美容所,ｉｄ,526-0263,長浜市小室町,長浜市小室町５５５,５５５,,株式会社自然形体療法,R02/11/25,,,,長浜,5627921.pdf
美容所,ｈａｉｒ Ａｙｌｌｕ,526-0015,長浜市神照町,長浜市神照町４００－５ Ｃ－１,４００－５ Ｃ－１,0749-53-3920,大橋 光治,R02/11/27,,,,長浜,5627921.pdf
美容所,Ｓａｌｏｎ．ｍｏｒｅｌ,521-0062,米原市宇賀野,米原市宇賀野９２－２１,９２－２１,,福原 里穂,R02/12/04,,,,長浜,5627921.pdf
美容所,ＳＯＩＮ,521-0072,米原市顔戸,米原市顔戸１４１１－４５,１４１１－４５,,粕渕 久美子,R02/12/18,,,,長浜,5627921.pdf
美容所,Ｒｏｏｔｓ ｓａｌｏｎ,529-0205,長浜市高月町唐川,長浜市高月町唐川５１３,５１３,,林 直美,R03/01/08,,,,長浜,5627921.pdf
美容所,ＭＥＲＣＩ,526-0034,長浜市弥高町,長浜市弥高町２９１,２９１,0749-57-6638,澤井 宏彰,R03/01/21,,,,長浜,5627921.pdf
美容所,マツエク・まつげパーマ専門店 Ｌｉｌａ長 浜店,526-0015,長浜市神照町,長浜市神照町４００－６ Ｂ－３,４００－６ Ｂ－３,0749-62-5005,株式会社リラ,R03/02/25,,,,長浜,5627921.pdf
美容所,Ａｇｕ ｈａｉｒ ｂｅｌｌｏ 長浜店,526-0031,長浜市八幡東町,長浜市八幡東町６２２－２ ワイエフビル２８ １階,６２２－２ ワイエフビル２８ １階,0749-57-6136,株式会社ａｇｉｒ,R03/03/03,,,,長浜,5627921.pdf
美容所,ｗｉｌｌｏｗ,521-0063,米原市飯,米原市飯２７－１０,２７－１０,,西川 奈那,R03/03/03,,,,長浜,5627921.pdf
美容所,Ｈａｉｒ Ｃ２,526-0821,長浜市本庄町,長浜市本庄町７１７,７１７,0749-50-3228,川添 和彦,R03/03/15,,,,長浜,5627921.pdf
美容所,ＬＩＮＨＡ＋ｎ,526-0042,長浜市勝町,長浜市勝町９１－１０,９１－１０,0749-65-3901,株式会社クレステージ,R03/03/26,,,,長浜,5627921.pdf
美容所,ＴＨＥ ＴＯＰ,526-0845,長浜市小堀町,長浜市小堀町３３１ メルベール１０６号室,３３１ メルベール１０６号室,,八代 有加,R03/04/08,,,,長浜,5627921.pdf
美容所,ａｎｉｔａ ｂｙ ｇａｎｅｓｈａ,526-0015,長浜市神照町,長浜市神照町４００－６ カミテルパークＢ－１、Ｂ－ ２,４００－６ カミテルパークＢ－１、Ｂ－ ２,0749-59-3337,株式会社ガネイシャ,R03/04/16,,,,長浜,5627921.pdf
美容所,リラクゼーションサロン ラファエル,521-0314,米原市春照,米原市春照１０８０－１０,１０８０－１０,,松井 衣智子,R03/04/22,,,,長浜,5627921.pdf
美容所,ｈａｉｒ ｆｉ－ｋａ,526-0829,長浜市田村町,長浜市田村町６２５－９,６２５－９,0749-65-5052,小八木 翔太,R03/04/26,,,,長浜,5627921.pdf
美容所,ぱーまはうす ＫＯＴＯＢＵＫＩ,521-0035,米原市醒井,米原市醒井４３９－７,４３９－７,0749-54-2556,木下 善裕,R03/04/27,,,,長浜,5627921.pdf
美容所,ｍｏｏｉ,521-0012,米原市米原,米原市米原２２３－７,２２３－７,0749-51-1200,吉岡 美帆,R03/06/17,,,,長浜,5627921.pdf
美容所,♯ｎｕａｎｃｅ,521-0091,米原市岩脇,米原市岩脇５１１－３４,５１１－３４,,安村 邦子,R03/06/22,,,,長浜,5627921.pdf
美容所,ｙｕｎ ゆん,526-0047,長浜市下坂浜町,長浜市下坂浜町３７９－１３,３７９－１３,,西澤 佑美,R03/06/22,,,,長浜,5627921.pdf
美容所,ＬｉＤｍ ｈａｉｒ ｄｅｓｉｇｎ,526-0054,長浜市大宮町,長浜市大宮町８－１５ アベリア１Ｄ,８－１５ アベリア１Ｄ,0749-59-3933,堀田 晋作,R03/07/21,,,,長浜,5627921.pdf
美容所,株式会社ＷＡＣＣＡ,526-0044,長浜市下坂中町,長浜市下坂中町２８８－８,２８８－８,0749-53-4177,株式会社ＷＡＣＣＡ,R03/07/13,,,,長浜,5627921.pdf
美容所,美容室 ＺＡＨＨＡ,526-0015,長浜市神照町,長浜市神照町７８３-２２,７８３-２２,0749-65-7431,竹田 実,R03/08/02,,,,長浜,5627921.pdf
美容所,Ｈａｉｒ ＲＩＳＥ,526-0024,長浜市三ツ矢元町,長浜市三ツ矢元町１５－２４,１５－２４,,中西 一,R03/08/06,,,,長浜,5627921.pdf
美容所,ＬＡＧＵＮＡ,526-0043,長浜市大戌亥町,長浜市大戌亥町１１５０－２０２,１１５０－２０２,,北川 彩貴,R03/09/14,,,,長浜,5627921.pdf
美容所,びようしつ乃々,529-0527,長浜市余呉町東野,長浜市余呉町東野１７１,１７１,,西尾 瞳,R03/12/16,,,,長浜,5627921.pdf
美容所,ｈａｉｒ ＆ ｍａｋｅ ｓａｌｏｎ Ｒ Ｐｉ,526-0842,長浜市春近町,長浜市春近町１８４－５,１８４－５,,八木 里佳,R04/01/07,,,,長浜,5627921.pdf
美容所,ē ＋ ｈａｎａｂａｃｏ,526-0047,長浜市下坂浜町,長浜市下坂浜町２４８－１３ ２Ｆ,２４８－１３ ２Ｆ,,遠藤 恵理佳,R04/01/18,,,,長浜,5627921.pdf
美容所,ｅｙｅｌａｓｈ Ｒｅｃｏｎａ,526-0059,長浜市元浜町,長浜市元浜町１３－１４ ｂｉｏｓ内２階,１３－１４ ｂｉｏｓ内２階,0749-53-4127,太和田 祐美,R04/02/22,,,,長浜,5627921.pdf
美容所,ｅｙeｌａｓｈ ｓａｌｏｎ ＧＥＭＩＮＩ,526-0831,長浜市宮司町,長浜市宮司町１１１８－１ ＢＲＡＩＮＭＡＮＳＩＯＮ ＳＵＮ-Ｑ １０３,１１１８－１ ＢＲＡＩＮＭＡＮＳＩＯＮ ＳＵＮ-Ｑ １０３,,乾 裕美子,R04/03/17,,,,長浜,5627921.pdf
美容所,ｓｏｐｏ ｒｉｃｃａ,529-0341,長浜市湖北町速水,長浜市湖北町速水５６－５,５６－５,,黒田 知亜紀,R04/03/17,,,,長浜,5627921.pdf
美容所,ラポールヘア 長浜店,526-0845,長浜市小堀町,長浜市小堀町４５０,４５０,0749-62-3790,株式会社ラポールヘア・グループ,R04/04/01,,,,長浜,5627921.pdf
美容所,ｉｎｋｕｌ,529-0122,長浜市酢,長浜市酢２０５,２０５,,多賀 翔大,R04/03/22,,,,長浜,5627921.pdf
美容所,ＧＲＡＰＨ ＨＡＩＲ ｐｌｕｓ ＳＰＡ,529-0233,長浜市高月町渡岸寺,長浜市高月町渡岸寺１９４－３,１９４－３,,𠮷田 麻衣子,R04/03/28,,,,長浜,5627921.pdf
美容所,ヘアーサロン オハル,526-0056,長浜市朝日町,長浜市朝日町７－３０ ＬＵＡＮＡ３号室,７－３０ ＬＵＡＮＡ３号室,,髙橋 春美,R04/04/18,,,,長浜,5627921.pdf
美容所,ｓａｌｏｎ Ｃａｌｉｎｏｕ,526-0059,長浜市元浜町,長浜市元浜町６－３３ パルム１Ｆ,６－３３ パルム１Ｆ,,合同会社ＢＩＦａｂｂｉｅ,R04/06/01,,,,長浜,5627921.pdf
美容所,ｈａｉｒ ｓａｌｏｎ ＭＯＫＵ,529-0515,長浜市余呉町中之郷,長浜市余呉町中之郷９７５－１,９７５－１,,桐畑 静香,R04/06/07,,,,長浜,5627921.pdf
美容所,ギンザ エクラン,526-0041,長浜市四ツ塚町,長浜市四ツ塚町１２８－２,１２８－２,,内山 妃粋,R04/06/10,,,,長浜,5627921.pdf
美容所,Ｓａｌｏｎ ｍｏｊｏ,526-0015,長浜市神照町,長浜市神照町８５５－９,８５５－９,0749-50-5160,小森 彩加,R04/06/20,,,,長浜,5627921.pdf
美容所,花むらさき,526-0233,長浜市今荘町,長浜市今荘町４０５,４０５,,藤 環,R04/07/04,,,,長浜,5627921.pdf
美容所,Ｍｅｍｏｒｙ ｈａｉｒ,526-0831,長浜市宮司町,長浜市宮司町８１８－１７,８１８－１７,0749-53-3767,木野 佑哉,R04/07/19,,,,長浜,5627921.pdf
美容所,＿ｎ．ｎ＿,526-0031,長浜市八幡東町,長浜市八幡東町３１２ ｅｍａ２階,３１２ ｅｍａ２階,0749-57-6125,山田 杏奈,R04/07/27,,,,長浜,5627921.pdf
美容所,ＫＯＭＹ ｐｒｉｖａｔｅ ｈａｉｒ ｓａ ｌｏｎ,526-0835,長浜市室町,長浜市室町４１４－１,４１４－１,,西尾 可奈子,R04/10/24,,,,長浜,5627921.pdf
美容所,Ａｇｕ ｈａｉｒ ｔｉｅｌｅ,521-0016,米原市下多良,米原市下多良一丁目５１－１ 山善ビル１Ｆ,一丁目５１－１ 山善ビル１Ｆ,0749-59-3301,株式会社ロイネス,R04/11/28,,,,長浜,5627921.pdf
美容所,ｍｅｌｌｏｗ,526-0015,長浜市神照町,長浜市神照町１１４－１２,１１４－１２,050-1069-2007,松井 栄司,R04/12/12,,,,長浜,5627921.pdf
美容所,ｈａｉｒ ＰＥＡＫＳ,526-0021,長浜市八幡中山町,長浜市八幡中山町４８２ キャンスシティ２,４８２ キャンスシティ２,0749-57-6656,ピークス株式会社,R04/12/19,,,,長浜,5627921.pdf
美容所,Ｌｉｌａｃ,526-0065,長浜市公園町,長浜市公園町３－９,３－９,,株式会社中村庵,R05/01/12,,,,長浜,5627921.pdf
美容所,ＰＩＫＡＬＡ,526-0067,長浜市港町,長浜市港町１－３０ ＲＩＶＡＧＥ ｄｅ ＧＲＡＮ ＣＥ１号室,１－３０ ＲＩＶＡＧＥ ｄｅ ＧＲＡＮ ＣＥ１号室,,中村 ひかる,R05/02/03,,,,長浜,5627921.pdf
美容所,ｎｅｉｇｅ,526-0015,長浜市神照町,長浜市神照町１１－１ シティライフ長浜１０８,１１－１ シティライフ長浜１０８,,三谷 有紀,R05/03/06,,,,長浜,5627921.pdf
美容所,Ａｌｌｕｒｅ,526-0831,長浜市宮司町,長浜市宮司町１０２１－１１,１０２１－１１,,饗場 実久里,R05/03/13,,,,長浜,5627921.pdf
美容所,ヘアカラー専門店ｆｕｆｕ イオン長浜店,526-0847,長浜市山階町,長浜市山階町２７１－１ イオン長浜店１Ｆ,２７１－１ イオン長浜店１Ｆ,0749-53-4431,株式会社Ｆａｓｔ Ｂｅａｕｔｙ,R05/03/31,,,,長浜,5627921.pdf
美容所,ｓｏｉｌ ｈａｉｒ ｓａｌｏｎ,526-0047,長浜市下坂浜町,長浜市下坂浜町３７９－１６,３７９－１６,,原田 圭,R05/03/31,,,,長浜,5627921.pdf
美容所,ＲＯＫＡ ｈａｉｒ,526-0834,長浜市大辰巳町,長浜市大辰巳町４３,４３,0749-63-7500,武友 健太,R05/04/28,,,,長浜,5627921.pdf
美容所,ＬＡＬＵＵ°,526-0037,長浜市高田町,長浜市高田町１４－２３ 高田町テナント２Ｆ,１４－２３ 高田町テナント２Ｆ,,井上 範彦,R05/05/02,,,,長浜,5627921.pdf
美容所,ｈａｉｒ Ｉｔｉｃｅ,526-0021,長浜市八幡中山町,長浜市八幡中山町８８－１１,８８－１１,0749-53-2653,Ｉｔｉｃｅ合同会社,R05/05/09,,,,長浜,5627921.pdf
美容所,花笑み,529-0262,長浜市高月町西物部,長浜市高月町西物部４０８,４０８,,布施 佳織,R05/05/31,,,,長浜,5627921.pdf
美容所,ＢＲＵＳＨＵＰ,526-0033,長浜市平方町,長浜市平方町１１７５,１１７５,,杉浦 ゆかり,R05/07/11,,,,長浜,5627921.pdf
美容所,ｈｏｈａｂｂａ．,521-0072,米原市顔戸,米原市顔戸６１２－７,６１２－７,0749-50-7476,杉沢 章弘,R05/08/03,,,,長浜,5627921.pdf
美容所,Ｗｅｙｅｌａｓｈ 長浜店,526-0831,長浜市宮司町,長浜市宮司町１１６１－７ 第３１森野ビル１Ｆ,１１６１－７ 第３１森野ビル１Ｆ,,株式会社インフィクス,R05/08/24,,,,長浜,5627921.pdf
美容所,ｏｎｅ ｂｙ ｏｎｅ １１,526-0057,長浜市北船町,長浜市北船町５－７,５－７,,北村 友美,R05/11/21,,,,長浜,5627921.pdf
美容所,Ｒ,529-0321,長浜市湖北町賀,長浜市湖北町賀３６０,３６０,,田中 敦子,R05/10/13,,,,長浜,5627921.pdf
美容所,ウチダ美容室,526-0015,長浜市神照町,長浜市神照町４０２－７,４０２－７,,木下 徳子,R05/10/16,,,,長浜,5627921.pdf
美容所,ｙｏｒｏｋｏｂｉｎｏｔａｎｅ ｈａｉｒ,526-0059,長浜市元浜町,長浜市元浜町１１－７,１１－７,,横田 幸代,R05/10/27,,,,長浜,5627921.pdf
美容所,プライベートサロン Ｒｅｅ．１１１,526-0043,長浜市大戌亥町,長浜市大戌亥町４８０,４８０,,中川 理奈,R05/11/01,,,,長浜,5627921.pdf
美容所,ＴＡＯ,529-0212,長浜市高月町井口,長浜市高月町井口１３７１－６,１３７１－６,0749-85-6622,株式会社ＴＡＯ,R05/11/06,,,,長浜,5627921.pdf
美容所,Ｌｅ ｓｏｌｅｉｌ,526-0061,長浜市祇園町,長浜市祇園町２８１－１ ウエストヴィレッジ１１ １ －１Ａ,２８１－１ ウエストヴィレッジ１１ １ －１Ａ,,西村 美希,R05/11/10,,,,長浜,5627921.pdf
美容所,ｏｎｅ ｂｙ ｏｎｅ ２０２３,526-0057,長浜市北船町,長浜市北船町５－７,５－７,,北村 友美,R05/11/21,,,,長浜,5627921.pdf
美容所,美容室 みんと,526-0053,長浜市宮前町,長浜市宮前町６－１８,６－１８,,合同会社ソクド,R05/12/04,,,,長浜,5627921.pdf
美容所,Ｃｈｏｏｓｅ ｅｙｅｌａｓｈ ｓａｌｏｎ,526-0057,長浜市北船町,長浜市北船町６－２,６－２,,北村 友美,R05/12/19,,,,長浜,5627921.pdf
美容所,ｃａｆｅ ａｎｄ ｓａｌｏｎ 三本葦,521-0021,米原市河南,米原市河南４１５,４１５,0749-54-1965,澤 美穂,R05/12/25,,,,長浜,5627921.pdf
美容所,ＮＵＥＩＤ,529-0703,長浜市西浅井町野坂,長浜市西浅井町野坂６８－１,６８－１,,國友 絵美,R06/01/12,,,,長浜,5627921.pdf
美容所,ＲＥＨＩＡ,526-0062,長浜市列見町,長浜市列見町５０－３７,５０－３７,,木村 愛,R06/01/22,,,,長浜,5627921.pdf
美容所,Ｒｅ×Ｇｒａｃｅ,521-0062,米原市宇賀野,米原市宇賀野１１－７ せいかビル１Ｆテナント中央,１１－７ せいかビル１Ｆテナント中央,,柴田 雅紀,R06/03/21,,,,長浜,5627921.pdf
美容所,美容プラージュ 長浜店,526-0847,長浜市山階町,長浜市山階町２６２－１,２６２－１,0749-63-3334,阪南理美容株式会社,R06/04/11,,,,長浜,5627921.pdf
美容所,Ｈａｉｒ Ｓｐａｃｅ ＲＥＭＯＲＥ＋,526-0061,長浜市祇園町,長浜市祇園町６９９－３０,６９９－３０,,松居 陽子,R06/03/29,,,,長浜,5627921.pdf
美容所,Ｌｅ Ｃｈｅｒｉｅｎ ｈａｉｒ ｓａｌｏ ｎ,529-0234,長浜市高月町柏原,長浜市高月町柏原３７９－２４,３７９－２４,,布施 留美子,R06/05/13,,,,長浜,5627921.pdf
美容所,知美容室,529-0251,長浜市高月町宇根,長浜市高月町宇根１５－１７,１５－１７,,名取 知美,R06/05/16,,,,長浜,5627921.pdf
美容所,ｄｅ Ｅｙｅ,526-0847,長浜市山階町,長浜市山階町５８５,５８５,,宮本 智絵,R06/07/03,,,,長浜,5627921.pdf
美容所,ヴィダ美容室,529-0342,長浜市湖北高田町,長浜市湖北高田町４０７,４０７,,矢野 ボンフィン フラビア,R06/07/12,,,,長浜,5627921.pdf
美容所,ｌｉｔ,529-0253,長浜市高月町西阿閉,長浜市高月町西阿閉９８７,９８７,,浅見 恵美,R06/08/28,,,,長浜,5627921.pdf
美容所,ＲＥＨＩＡ,526-0016,長浜市十里町,長浜市十里町２６５－４０ コーポユリ２０２,２６５－４０ コーポユリ２０２,,木村 愛,R06/10/22,,,,長浜,5627921.pdf
美容所,ＣＨＡＲＩＲＥ,529-0425,長浜市木之本町木之本,長浜市木之本町木之本１５１１－４ ヨコタビル２Ｆ,１５１１－４ ヨコタビル２Ｆ,,丹治 このみ,R06/10/24,,,,長浜,5627921.pdf
美容所,ｎａｉｌ＆ｒｅｌａｘａｔｉｏｎ Ａｎ,526-0845,長浜市小堀町,長浜市小堀町１５６－９,１５６－９,,藤原 基代,R06/11/01,,,,長浜,5627921.pdf
美容所,ｍａａｃａ,529-0721,長浜市西浅井町大浦,長浜市西浅井町大浦１３６４－４,１３６４－４,,松永 まどか,R06/11/05,,,,長浜,5627921.pdf
美容所,ｅａｌａ,521-0072,米原市顔戸,米原市顔戸４３０－４,４３０－４,0749-50-6626,株式会社Ｈｏｌｏａ,R06/12/03,,,,長浜,5627921.pdf
美容所,ｅｎｊｕ,526-0033,長浜市平方町,長浜市平方町２３８ ワイエフビル２３ １Ｆ２,２３８ ワイエフビル２３ １Ｆ２,0749-53-4300,橋本 啓太,R07/01/10,,,,長浜,5627921.pdf
美容所,ｎｕ,521-0226,米原市朝日,米原市朝日１９２８－１,１９２８－１,,堀 美咲,R07/02/03,,,,長浜,5627921.pdf
美容所,ＵＴＯＫＡ ＨＡＩＲ,526-0831,長浜市宮司町,長浜市宮司町１１４２－２ オー・ケンビル５階,１１４２－２ オー・ケンビル５階,,加藤 桃子,R07/02/26,,,,長浜,5627921.pdf
美容所,ｓａｌｏｎ ｍｓ,526-0846,長浜市川崎町,長浜市川崎町１５６－７ ＮＯＧ第２コーポＡ棟３号室,１５６－７ ＮＯＧ第２コーポＡ棟３号室,0749-57-6275,鈴木 真妃,R07/03/28,,,,長浜,5627921.pdf
美容所,ｋｔ．ｈａｉｒ ｄｅｓｉｇｎ,521-0072,米原市顔戸,米原市顔戸１２１３,１２１３,,北居 和也,R07/04/23,,,,長浜,5627921.pdf
美容所,ＨＡｒｅ,529-0721,長浜市西浅井町大浦,長浜市西浅井町大浦１１１４－４８,１１１４－４８,,松山 里美,R07/04/28,,,,長浜,5627921.pdf
美容所,ｄｅｇｒｉｅｓ,521-0091,米原市岩脇,米原市岩脇５２１－１１,５２１－１１,,細本 瑞姫,R07/07/24,,,,長浜,5627921.pdf
美容所,Ｒｉｌｌｙ．,526-0061,長浜市祇園町,長浜市祇園町２５７－２ アビデ１０３,２５７－２ アビデ１０３,,株式会社ＢｉＢｉ,R07/09/10,,,,長浜,5627921.pdf
美容所,Ｂｅａｕｔｙ ｓａｌｏｎ ｍａｋｏ,526-0254,長浜市尊野町,長浜市尊野町８１１,８１１,,平澤 真子,R07/09/26,,,,長浜,5627921.pdf
美容所,Ｌｏｏｍｍ,526-0834,長浜市大辰巳町,長浜市大辰巳町３１ 第１９森野ビルＣ号室,３１ 第１９森野ビルＣ号室,0749-53-0440,株式会社ＳＴＡＫＫ,R07/10/03,,,,長浜,5627921.pdf
美容所,ＣＡＦＵＮＥ,526-0021,長浜市八幡中山町,長浜市八幡中山町２７５－３,２７５－３,0749-53-0079,前田 園子,R07/10/27,,,,長浜,5627921.pdf
美容所,Ｈａｉｒ Ｓａｌｏｎ Ｌｕｘｅ,526-0015,長浜市神照町,長浜市神照町３９７－１２,３９７－１２,,山口 翔生,R07/11/07,,,,長浜,5627921.pdf
美容所,ＡｎＤ′ＧＲＡＣＥ．ＢＲＯＷ長浜店,526-0834,長浜市大辰巳町,長浜市大辰巳町３１,３１,0749-53-4375,Ａｋｕ－ｓｈｕ株式会社,R07/11/28,,,,長浜,5627921.pdf
美容所,Ｌｉａｎ ｈａｉｒ,526-0053,長浜市宮前町,長浜市宮前町１６－３３,１６－３３,,中島 剛,R07/12/19,,,,長浜,5627921.pdf
美容所,ｍｕｊｕ,529-0521,長浜市余呉町下余呉,長浜市余呉町下余呉１８２９,１８２９,,久保田 泰子,R07/12/26,,,,長浜,5627921.pdf
美容所,Ｒｕ－Ｎａ,526-0056,長浜市朝日町,長浜市朝日町３５－２４,３５－２４,,金澤 裕美,R08/01/14,,,,長浜,5627921.pdf
美容所,ａｌｌｅｎ 長浜高月店,529-0241,長浜市高月町高月,長浜市高月町高月１６５２－７,１６５２－７,,髙橋 真依,R08/04/03,,,,長浜,5627921.pdf
美容所,春照美容室 Ｒｏｉｅ,521-0314,米原市春照,米原市春照２３２－１,２３２－１,0749-58-0323,瀧澤 朗衣,R08/04/13,,,,長浜,5627921.pdf
美容所,ｉｒｏｈａ＿ｃｏｕｐｅ．２Ｆ,526-0065,長浜市公園町,長浜市公園町２－５５,２－５５,0749-59-3899,松下 哲平,R08/07/01,,,,長浜,5627921.pdf
美容所,Ｅｉｇｈｔ,520-1823,高島市マキノ町中庄,高島市マキノ町中庄２８４－１,２８４－１,0740-27-1856,和田美樹,H16/11/02,,,,高島,5627921.pdf
美容所,Ｈａｉｒ Ｄｒｅｓｓｉｎｇ ＣＯＬＥＴＴ Ｅ,520-1512,高島市新旭町太田,高島市新旭町太田２１７０－２,２１７０－２,0740-25-3801,木村 加代子,H11/05/24,,,,高島,5627921.pdf
美容所,Ｈａｉｒ Ｆａｃｔｏｒｙ ＳＥＮＣＥ,520-1501,高島市新旭町旭一丁目,高島市新旭町旭一丁目６－３,６－３,0740-25-2214,井上 長利,H20/06/18,,,,高島,5627921.pdf
美容所,ＨＡＩＲ ＳＴＹＬＩＳＨ ＣＬＵＢ ｉｍ ａｇｅ,520-1623,高島市今津町住吉二丁 目,高島市今津町住吉二丁 目１２－１２,１２－１２,22-4780,福田 栄道,H14/09/02,,,,高島,5627921.pdf
美容所,アイ美容室,520-1215,高島市安曇川町三尾里,高島市安曇川町三尾里３６５,３６５,32-0535,石島 涼子,S57/11/30,,,,高島,5627921.pdf
美容所,あだち美容室,520-1621,高島市今津町今津,高島市今津町今津１５１３－４,１５１３－４,0740-22-9303,足立 良子,H12/03/27,,,,高島,5627921.pdf
美容所,いこう美容室,520-1232,高島市安曇川町北船木,高島市安曇川町北船木２０８２,２０８２,,伊香 弘子,S33/12/18,,,,高島,5627921.pdf
美容所,ウエハラ理容室,520-1655,高島市今津町日置前,高島市今津町日置前３１８－１,３１８－１,0740-22-0382,上原 真祐美,H12/02/14,,,,高島,5627921.pdf
美容所,おしゃれサロン かつ乃,520-1121,高島市勝野,高島市勝野１３７７－１,１３７７－１,36-0578,中村 東洋子,H01/04/24,,,,高島,5627921.pdf
美容所,おしゃれサロン あすなろ,520-1621,高島市今津町今津,高島市今津町今津１４７７,１４７７,,足立 久留美,H07/03/22,,,,高島,5627921.pdf
美容所,カットハウス セリーヌ,520-1501,高島市新旭町旭,高島市新旭町旭１０５２－２,１０５２－２,0740-25-7407,金子 徹也,H20/04/10,,,,高島,5627921.pdf
美容所,クィーン美容室,520-1511,高島市新旭町藁園,高島市新旭町藁園２７４９,２７４９,25-2983,山下 文江,S47/12/26,,,,高島,5627921.pdf
美容所,Ｃａｌｍ,520-1214,高島市安曇川町末広四 丁目,高島市安曇川町末広四 丁目６,６,0740-32-1138,有限会社カネコ,H04/02/01,,,,高島,5627921.pdf
美容所,さろん・ど・詩羅咲,520-1632,高島市今津町桜町二丁 目,高島市今津町桜町二丁 目７－４,７－４,22-6336,小澤 真智子,H05/08/27,,,,高島,5627921.pdf
美容所,サロンド きよみ,520-1522,高島市新旭町新庄,高島市新旭町新庄９２０－４,９２０－４,0740-25-2122,大藤 優子,H16/05/07,,,,高島,5627921.pdf
美容所,テントウムシ 福井８００さ・８９４,,,県内一円,県内一円,,有限会社テントウムシ,H13/03/06,,,,高島,5627921.pdf
美容所,トップ・ビューティ,520-1216,高島市安曇川町中央三 丁目,高島市安曇川町中央三 丁目１番地,１番地,32-3355,有限会社トップ,H12/07/19,,,,高島,5627921.pdf
美容所,トップ・ビューティ今津店,520-1621,高島市今津町今津,高島市今津町今津１６９８,１６９８,0740-22-5757,有限会社トップ,H17/12/08,,,,高島,5627921.pdf
美容所,ナイスカット メルシー,520-1216,高島市安曇川町中央四 丁目,高島市安曇川町中央四 丁目６－１８,６－１８,32-0362,菅浪 喜美子,S60/03/27,,,,高島,5627921.pdf
美容所,パール美容室,520-1621,高島市今津町今津,高島市今津町今津１８２,１８２,0740-22-2773,白瀬 誉代,H11/10/25,,,,高島,5627921.pdf
美容所,ハヤシ美容室,520-1121,高島市勝野,高島市勝野１３２３－２,１３２３－２,36-0171,林 光則,S58/12/08,,,,高島,5627921.pdf
美容所,ハヤセ美容室,520-1811,高島市マキノ町海津,高島市マキノ町海津１２８８,１２８８,28-0191,松宮 明美,S44/03/19,,,,高島,5627921.pdf
美容所,ひこ美容室,520-1212,高島市安曇川町西万木,高島市安曇川町西万木１２８－２,１２８－２,32-0078,中西 元彦,S49/04/22,,,,高島,5627921.pdf
美容所,ピープル,520-1221,高島市安曇川町青柳,高島市安曇川町青柳２０３２－４０,２０３２－４０,32-0643,長野 安宏,S63/07/15,,,,高島,5627921.pdf
美容所,ビュー ティサロン えみ,520-1812,高島市マキノ町西浜,高島市マキノ町西浜１７５－１,１７５－１,28-0185,古川 笑子,S60/11/12,,,,高島,5627921.pdf
美容所,ビューティ イクタ,520-1221,高島市安曇川町青柳,高島市安曇川町青柳１１１４－３,１１１４－３,32-4714,幾田 真由美,H07/04/20,,,,高島,5627921.pdf
美容所,ビューティサロン ＴＯＭＯ,520-1605,高島市今津町南新保,高島市今津町南新保４８２－３０,４８２－３０,22-2865,奥谷 久代,H09/03/12,,,,高島,5627921.pdf
美容所,ビューティサロン マイ,520-1501,高島市新旭町旭,高島市新旭町旭２１０７－１,２１０７－１,25-4725,内藤 えい子,H08/02/23,,,,高島,5627921.pdf
美容所,ビュティーサロン 裕,520-1202,高島市安曇川町下古賀,高島市安曇川町下古賀１２７３－１,１２７３－１,33-0210,大西 紀美子,S57/12/07,,,,高島,5627921.pdf
美容所,ビューテイサロン ミエ,520-1211,高島市安曇川町常磐木,高島市安曇川町常磐木２０１,２０１,32-1070,福井 美絵子,S59/03/01,,,,高島,5627921.pdf
美容所,ビューテイサロン ＲＥＩ,520-1232,高島市安曇川町北船木,高島市安曇川町北船木１６８７,１６８７,34-1188,駒井 玲子,H02/05/27,,,,高島,5627921.pdf
美容所,ビューティサロン タケウチ,520-1812,高島市マキノ町西浜,高島市マキノ町西浜１７５－１０,１７５－１０,28-0204,竹内 たず江,S45/01/22,,,,高島,5627921.pdf
美容所,ビューティサロン 彩,520-1501,高島市新旭町旭二丁目,高島市新旭町旭二丁目９－１２,９－１２,25-5251,田中 綾子,H01/07/26,,,,高島,5627921.pdf
美容所,ビューティサロン田中,520-1501,高島市新旭町旭,高島市新旭町旭７０－１,７０－１,22-2286,田中 蓉子,S34/04/16,,,,高島,5627921.pdf
美容所,フジ美容室,520-1234,高島市安曇川町四津川,高島市安曇川町四津川６０８,６０８,34-0352,梅村 美子,S51/12/11,,,,高島,5627921.pdf
美容所,ぷらす・ゆー,520-1601,高島市今津町深清水,高島市今津町深清水２８９７－１,２８９７－１,24-7117,清水 裕美,H14/12/13,,,,高島,5627921.pdf
美容所,フルタ美容室,520-1401,高島市朽木市場,高島市朽木市場５６２－３,５６２－３,38-2127,古田 和子,S56/12/23,,,,高島,5627921.pdf
美容所,ヘアーピープル,520-1636,高島市今津町舟橋一丁 目,高島市今津町舟橋一丁 目１－８,１－８,22-1286,牟田 喜美子,H03/11/20,,,,高島,5627921.pdf
美容所,マツザキ美容室,520-1811,高島市マキノ町海津,高島市マキノ町海津２３１３,２３１３,28-0336,松崎 恭子,S48/07/18,,,,高島,5627921.pdf
美容所,マッチー美容室,520-1224,高島市安曇川町上小川,高島市安曇川町上小川１２７－２５,１２７－２５,32-2748,飯田 松子,S63/08/06,,,,高島,5627921.pdf
美容所,ユニオン ビューティサロン,520-1522,高島市新旭町新庄,高島市新旭町新庄９４８,９４８,25-3175,多胡 貞子,S44/10/21,,,,高島,5627921.pdf
美容所,ユリ美容室,520-1401,高島市朽木市場,高島市朽木市場３５７,３５７,,住永 由利子,S48/08/25,,,,高島,5627921.pdf
美容所,レイコ美容室,520-1621,高島市今津町今津,高島市今津町今津１５４８－７,１５４８－７,22-2122,前川 禮子,H07/02/28,,,,高島,5627921.pdf
美容所,ロイス美容室,520-1632,高島市今津町桜町一丁 目,高島市今津町桜町一丁 目１－８,１－８,,杉原 澄子,S59/06/16,,,,高島,5627921.pdf
美容所,一井美容室,520-1511,高島市新旭町藁園,高島市新旭町藁園１４５５,１４５５,25-2144,一井 義子,H07/08/18,,,,高島,5627921.pdf
美容所,海東美容院,520-1212,高島市安曇川町西万木,高島市安曇川町西万木６４３－３,６４３－３,32-0159,海東 小杉,S42/10/23,,,,高島,5627921.pdf
美容所,原宿 ＰＡＲＴ２,520-1214,高島市安曇川町末広三 丁目,高島市安曇川町末広三 丁目２５－２,２５－２,32-3132,山田 弘美,S60/07/31,,,,高島,5627921.pdf
美容所,SUEHIRO,520-1217,高島市安曇川町田中,高島市安曇川町田中４１－２,４１－２,32-0123,森 小夜佳,H08/07/12,,,,高島,5627921.pdf
美容所,松本美粧院,520-1655,高島市今津町日置前,高島市今津町日置前２０４,２０４,,松本 ゑい,S34/10/08,,,,高島,5627921.pdf
美容所,西海ビップサロン,520-1217,高島市安曇川町田中,高島市安曇川町田中２１６１－１４,２１６１－１４,32-2506,岡見 スヱミ,H07/06/07,,,,高島,5627921.pdf
美容所,西川美容室,520-1231,高島市安曇川町川島,高島市安曇川町川島６１７,６１７,34-0078,西川 千代,S61/12/05,,,,高島,5627921.pdf
美容所,中村美容室,520-1212,高島市安曇川町西万木,高島市安曇川町西万木１６６－１,１６６－１,32-2683,中村 幸子,S57/04/26,,,,高島,5627921.pdf
美容所,梅村美容室,520-1234,高島市安曇川町四津川,高島市安曇川町四津川７５１－１,７５１－１,34-0647,梅村 美知江,S36/12/01,,,,高島,5627921.pdf
美容所,萩 美容室,520-1121,高島市勝野,高島市勝野１４４７－１５,１４４７－１５,36-0218,近藤 千栄子,S60/04/22,,,,高島,5627921.pdf
美容所,髪処 玉垣,520-1401,高島市朽木市場,高島市朽木市場８６９－１,８６９－１,,玉垣 慎也,H18/12/21,,,,高島,5627921.pdf
美容所,美容プラージュ今津店,520-1621,高島市今津町今津,高島市今津町今津１６８８ショッピングセンターリプル,１６８８ショッピングセンターリプル,0740-22-3001,阪南理美容株式会社,H18/03/14,,,,高島,5627921.pdf
美容所,美容室 Ｍ ａｎｄ Ｙｏｕ,520-1211,高島市安曇川町常磐木,高島市安曇川町常磐木１５５８,１５５８,0740-32-4224,長宗 真知子,H19/08/31,,,,高島,5627921.pdf
美容所,美容室 クニ,520-1623,高島市今津町住吉二丁 目,高島市今津町住吉二丁 目１１－１１,１１－１１,22-3039,中川 朝子,H11/08/06,,,,高島,5627921.pdf
美容所,美容室とも,520-1421,高島市朽木岩瀬,高島市朽木岩瀬５６６,５６６,38-2765,奥田 照美,S63/04/10,,,,高島,5627921.pdf
美容所,美容室ゆき,520-1217,高島市安曇川町田中,高島市安曇川町田中１４４３－６,１４４３－６,32-3080,懸岸 美幸,S63/10/07,,,,高島,5627921.pdf
美容所,Ｍｉｒｒｈ,520-1212,高島市安曇川町西万木,高島市安曇川町西万木８２８－２,８２８－２,0740-32-0386,株式会社 写真の野上,H21/08/04,,,,高島,5627921.pdf
美容所,カットコムズ 安曇川,520-1212,高島市安曇川町西万木,高島市安曇川町西万木５５ 平和堂安曇川店内 １Ｆ,５５ 平和堂安曇川店内 １Ｆ,,前川政光,H22/05/28,,,,高島,5627921.pdf
美容所,HARE HARE,520-1814,高島市マキノ町知内,高島市マキノ町知内1285,1285,0740-27-0292,橋本 愛,H23/11/10,,,,高島,5627921.pdf
美容所,HAIR GARDEN aube,520-1813,高島市マキノ町高木浜 一丁目,高島市マキノ町高木浜 一丁目3-12,3-12,0740-20-1672,藤沢 嘉孝,H23/11/10,,,,高島,5627921.pdf
美容所,Hair・TOCO,520-1611,高島市今津町弘川,高島市今津町弘川318-2,318-2,0740-22-4570,前川 敏子,H25/10/22,,,,高島,5627921.pdf
美容所,Jubee,520-1633,高島市今津町松陽台一 丁目,高島市今津町松陽台一 丁目19-18,19-18,0740-20-1596,林 生美,H25/12/11,,,,高島,5627921.pdf
美容所,トータルビューティーユカリ,520-1631,高島市今津町名小路一 丁目,高島市今津町名小路一 丁目5-4,5-4,0740-22-2646,桑原由香,H26/02/28,,,,高島,5627921.pdf
美容所,hair salon GRANT,520-1121,高島市勝野,高島市勝野1320,1320,,伊吹 康宏,H26/03/25,,,,高島,5627921.pdf
美容所,空 KUU,520-1213,高島市安曇川町五番領,高島市安曇川町五番領159-4,159-4,0740-20-2062,田中 恵美,H26/04/28,,,,高島,5627921.pdf
美容所,美容室Kei,520-1103,高島市宮野,高島市宮野160,160,0740-36-0728,横井川 恵子,H26/05/20,,,,高島,5627921.pdf
美容所,ヘアービューティー AI,520-1212,高島市安曇川町西万木,高島市安曇川町西万木1180-8,1180-8,0740-20-1156,足立 あい子,H26/09/25,,,,高島,5627921.pdf
美容所,ｕｎｉｔｅｄ,520-1224,高島市安曇川町上小川,高島市安曇川町上小川14-1,14-1,0740-32-8070,小島 修平,H27/06/04,,,,高島,5627921.pdf
美容所,hair make GARDEN,520-1532,高島市新旭町熊野本,高島市新旭町熊野本1-4-15,1-4-15,0740-20-1453,上原 里映,H27/09/02,,,,高島,5627921.pdf
美容所,はいからさん 滋賀800す3579,,,滋賀県一円（大津市を除く）,滋賀県一円（大津市を除く）,077-573-7378,有限会社 ピックアップ,H27/11/19,,,,高島,5627921.pdf
美容所,hair salon Bino,520-1501,高島市新旭町旭,高島市新旭町旭753-2,753-2,0740-20-4312,田中 寛子,H28/08/05,,,,高島,5627921.pdf
美容所,ラポール,520-1521,高島市新旭町北畑一丁 目,高島市新旭町北畑一丁 目21-7,21-7,0740-25-6304,吉里 誠治,H28/09/12,,,,高島,5627921.pdf
美容所,ヘアーズヒロ,520-1501,高島市新旭町旭,高島市新旭町旭810-15,810-15,,立石弘嗣,H28/10/03,,,,高島,5627921.pdf
美容所,Colors Chambre Nail&Eyelash Salon,520-1653,高島市今津町岸脇,高島市今津町岸脇393,393,,河原田 蘭,H29/02/17,,,,高島,5627921.pdf
美容所,ＬＡＳＣＡＵＸ,520-1501,高島市新旭町旭,高島市新旭町旭356-3,356-3,0740-25-5151,一井 正博,H29/05/29,,,,高島,5627921.pdf
美容所,Ｌｕｃｅ,520-1531,高島市新旭町饗庭,高島市新旭町饗庭460-2,460-2,0740-25-2997,足立 ひとみ,H29/08/22,,,,高島,5627921.pdf
美容所,Ｈａｉｒ＆ＨｅａｄＳｐａ ＢＩＯ,520-1501,高島市新旭町旭,高島市新旭町旭一丁目７－１ ヤマモトビルＡ２－１６,一丁目７－１ ヤマモトビルＡ２－１６,0740-33-7118,保井 司,H30/08/06,,,,高島,5627921.pdf
美容所,Ｂｅａｕｔｌｉａ,520-1521,高島市新旭町北畑一丁 目,高島市新旭町北畑一丁 目４－１,４－１,,岡本 洋平,H30/10/05,,,,高島,5627921.pdf
美容所,ｎｏｔｅ,520-1214,高島市安曇川町末広一 丁目,高島市安曇川町末広一 丁目１４,１４,,松岡 良介,H31/01/21,,,,高島,5627921.pdf
美容所,Ｉｎ ｏｎｅ'ｓ ｅｌｅｍｅｎｔ．,520-1532,高島市新旭町熊野本,高島市新旭町熊野本一丁目９－７,一丁目９－７,0740-20-1622,垣貫 幸子,H31/02/25,,,,高島,5627921.pdf
美容所,ｈａｉｒ ｓａｌｏｎ Ｃｈｉｔ Ｃｈａｔ,520-1655,高島市今津町日置前,高島市今津町日置前４９２２,４９２２,0740-22-3412,吉里 有香,H31/03/25,,,,高島,5627921.pdf
美容所,Ｆｒｅｅｓｉａ,520-1121,高島市勝野,高島市勝野１７２７－１,１７２７－１,,山田 歩未,H31/04/05,,,,高島,5627921.pdf
美容所,ｋｕｋｋａ,520-1217,高島市安曇川町田中,高島市安曇川町田中１０１２－５,１０１２－５,,勝見 美穂,H31/04/03,,,,高島,5627921.pdf
美容所,Ｙｕｊ,520-1234,高島市安曇川町四津川,高島市安曇川町四津川６４２,６４２,0740-34-0324,鈴木 和枝,R01/05/21,,,,高島,5627921.pdf
美容所,ヘアーサロン イワサキ,520-1221,高島市安曇川町青柳,高島市安曇川町青柳１４８６－１,１４８６－１,0740-33-7655,株式会社ハクブン,R02/10/19,,,,高島,5627921.pdf
美容所,ｅｋｏｌｕ ｈａｉｒ,520-1533,高島市新旭町安井川,高島市新旭町安井川５９８－３,５９８－３,0740-25-5102,大山 抄恵,R03/10/11,,,,高島,5627921.pdf
美容所,Ｗｏｏｄ Ｂａｓｓ,520-1601,高島市今津町深清水,高島市今津町深清水２３８８－３７,２３８８－３７,0740-33-7537,木下 恵子,R03/11/01,,,,高島,5627921.pdf
美容所,ＫＡＭＡ Ｌｅｉ,520-1221,高島市安曇川町青柳,高島市安曇川町青柳１２１４－２３,１２１４－２３,0740-33-7010,古城 真美,R03/12/22,,,,高島,5627921.pdf
美容所,ＴＨＩＳ ＩＳ ＩＴ．,520-1221,高島市安曇川町青柳,高島市安曇川町青柳１７５５－１,１７５５－１,0740-20-1586,岡本 洋平,R04/09/07,,,,高島,5627921.pdf
美容所,ほうじょう,520-1612,高島市今津町下弘部,高島市今津町下弘部２６２－２,２６２－２,0740-22-2382,北條 利幸,R05/02/06,,,,高島,5627921.pdf
美容所,ｈａｉｒ ｓａｌｏｎ ＴＨＥＴＡ,520-1613,高島市今津町上弘部,高島市今津町上弘部５２１－１,５２１－１,,葉賀 ちぐさ,R05/07/20,,,,高島,5627921.pdf
美容所,Ｓａｌｏｎ ＆,520-1522,高島市新旭町新庄,高島市新旭町新庄１－１－１１,１－１－１１,,大岡 美紅,R06/01/24,,,,高島,5627921.pdf
美容所,ＬＵＦＴ～ＨＡＩＲ ＭＡＫＥ～,520-1611,高島市今津町弘川,高島市今津町弘川１４－１６,１４－１６,0740-22-3540,小山 和美,R06/04/15,,,,高島,5627921.pdf
美容所,ｂｌｕｅ ｈａｉｒ ｄｅｓｉｇｎ,520-1522,高島市新旭町新庄,高島市新旭町新庄１３４２－５,１３４２－５,050-8889-3865,長宗 真知子,R06/05/08,,,,高島,5627921.pdf
美容所,魔法の美容室,520-1233,高島市安曇川町南船木,高島市安曇川町南船木３２１,３２１,,株式会社Ｓｏｕｌ Ｔｒａｉｎ,R06/08/08,,,,高島,5627921.pdf
美容所,ｒｕｒｕ,520-1605,高島市今津町南新保,高島市今津町南新保５４５－３,５４５－３,,谷原 志央里,R06/10/31,,,,高島,5627921.pdf
美容所,ｅｎｔｏ,520-1533,高島市新旭町安井川,高島市新旭町安井川１－１－６,１－１－６,,本庄 領子,R07/03/31,,,,高島,5627921.pdf
クリーニング所,有限会社東洋ウェックス スターグ リーンヒル店,525-0045,草津市若草一丁目,草津市若草一丁目２－１,２－１,077-564-4569,有限会社東洋ウエックス,H15/03/31,,,,草津,5627922.pdf
クリーニング所,ＳＥＩＹＯＳＨＡ 駒井沢,525-0014,草津市駒井沢町,草津市駒井沢町７８,７８,077-568-1448,株式会社西洋舎,H19/10/25,,,,草津,5627922.pdf
クリーニング所,ＳＥＩＹＯＳＨＡ 平井店,525-0023,草津市平井一丁目,草津市平井一丁目１１－１,１１－１,077-566-0106,株式会社西洋舎,H19/12/20,,,,草津,5627922.pdf
クリーニング所,ＳＥＩＹＯＳＨＡ 野洲店,520-2435,野洲市乙窪,野洲市乙窪４８０－１,４８０－１,077-589-3820,株式会社西洋舎,H19/11/19,,,,草津,5627922.pdf
クリーニング所,ウェアラ株式会社 生産本部 生産 管理部 関西工場,525-0041,草津市青地町,草津市青地町６１８,６１８,077-569-4649,ウェアラ株式会社,H18/04/13,,,,草津,5627922.pdf
クリーニング所,イザヤビジネスツールズ株式会社ダ スキン比叡,524-0022,守山市守山四丁目,守山市守山四丁目１３－３２,１３－３２,077-583-8612,イザヤビジネスツールズ 株式会社,H19/03/26,,,,草津,5627922.pdf
クリーニング所,かめやクリーニング 物部店,524-0042,守山市焔魔堂町,守山市焔魔堂町３０－５,３０－５,,株式会社かめやクリーニ ング,H06/07/01,,,,草津,5627922.pdf
クリーニング所,かめやクリーニングモリーブ店,524-0012,守山市播磨田町,守山市播磨田町１８５－１ １Ｆ,１８５－１ １Ｆ,,株式会社かめやクリーニ ング,H06/10/11,,,,草津,5627922.pdf
クリーニング所,＊グッドリバー,524-0104,守山市木浜町,守山市木浜町８３－１,８３－１,077-584-3556,田中 一巳,H13/08/31,,,,草津,5627922.pdf
クリーニング所,クリーニングの相互 祇王営業所,520-2304,野洲市永原,野洲市永原６４５,６４５,87-0625,有限会社相互ランドリー,H01/03/11,,,,草津,5627922.pdf
クリーニング所,クリーニングの相互 銀座営業所,524-0041,守山市勝部町,守山市勝部町１２７－２,１２７－２,,小島 治子,S52/05/17,,,,草津,5627922.pdf
クリーニング所,クリーニングの相互 浮気営業所,524-0033,守山市浮気町,守山市浮気町１６０,１６０,82-4569,西村 琴美,S39/03/01,,,,草津,5627922.pdf
クリーニング所,クリーニングの相互金ケ森営業所,524-0045,守山市金森町,守山市金森町５４,５４,83-1369,杉山 純子,S54/08/16,,,,草津,5627922.pdf
クリーニング所,クリーニングの相互高野チェーン店,520-3015,栗東市安養寺,栗東市安養寺５８８－２,５８８－２,,有限会社相互ランドリー,S57/02/22,,,,草津,5627922.pdf
クリーニング所,クリーニングの相互島田チェーン店,520-3045,栗東市高野,栗東市高野７５２－２,７５２－２,52-5733,島田 忠雄,H01/08/30,,,,草津,5627922.pdf
クリーニング所,クリーニングの東洋 船橋店,520-2331,野洲市小篠原,野洲市小篠原２１６９－４,２１６９－４,86-3539,船橋 幹子,H03/01/17,,,,草津,5627922.pdf
クリーニング所,フジヤクリーニング 若草店,525-0045,草津市若草五丁目,草津市若草五丁目８－２４,８－２４,077-562-9085,中村 恵蔵,H18/03/15,,,,草津,5627922.pdf
クリーニング所,クリーニングの東洋宮城チェーン店,520-3047,栗東市手原四丁目,栗東市手原四丁目８－１８,８－１８,53-8833,宮城 久美子,S60/03/26,,,,草津,5627922.pdf
クリーニング所,クリーニングの東洋産業フジイ店,525-0051,草津市木川町,草津市木川町１１５４－２１,１１５４－２１,67-2082,東洋産業株式会社,S54/12/09,,,,草津,5627922.pdf
クリーニング所,クリーンハウス 伊勢店,524-0036,守山市伊勢町,守山市伊勢町４１３－６,４１３－６,077-582-0927,堀口 みゆき,H11/09/20,,,,草津,5627922.pdf
クリーニング所,クリーンハウス 祇王店,520-2351,野洲市冨波甲,野洲市冨波甲５５２－１,５５２－１,88-1527,角 久子,H08/02/29,,,,草津,5627922.pdf
クリーニング所,クリーンハウス 上笠店,525-0028,草津市上笠四丁目,草津市上笠四丁目２９・１－１,２９・１－１,67-1900,立木 恵三,H08/10/02,,,,草津,5627922.pdf
クリーニング所,クリーンハウス 東矢倉営業所,525-0054,草津市東矢倉四丁目,草津市東矢倉四丁目２－５,２－５,63-6785,有限会社クリーンハウス,H03/03/19,,,,草津,5627922.pdf
クリーニング所,クリーンマジック 守山店,524-0042,守山市焔魔堂町,守山市焔魔堂町円前２２５－６,円前２２５－６,077-581-0264,株式会社マジック,H10/06/11,,,,草津,5627922.pdf
クリーニング所,クリーンマジック 草津店,525-0027,草津市野村六丁目,草津市野村六丁目１－１６ グランドハイ ツ高田弐番館,１－１６ グランドハイ ツ高田弐番館,077-567-8387,株式会社マジック,H11/01/28,,,,草津,5627922.pdf
クリーニング所,クリーンマジック栗東店,520-3024,栗東市小柿五丁目,栗東市小柿五丁目１７－４,１７－４,077-552-2243,株式会社マジック,H15/12/05,,,,草津,5627922.pdf
クリーニング所,クリーンマジック草津北店,525-0027,草津市野村一丁目,草津市野村一丁目２６－５,２６－５,077-564-1294,株式会社マジック,H12/04/07,,,,草津,5627922.pdf
クリーニング所,コインランドリー らくうん,525-0071,草津市南笠東一丁目,草津市南笠東一丁目１－２６,１－２６,562-3338,湖南ランドリー株式会社,H12/12/07,,,,草津,5627922.pdf
クリーニング所,シガドライ 矢倉取次所,525-0054,草津市東矢倉二丁目,草津市東矢倉二丁目８－２,８－２,63-6175,立木 廣子,S61/08/22,,,,草津,5627922.pdf
クリーニング所,シガドライ 追分店,525-0046,草津市追分町,草津市追分町５７３－３,５７３－３,64-5685,北川 泰三,H01/04/14,,,,草津,5627922.pdf
クリーニング所,シガドライ 追分店,525-0047,草津市追分二丁目,草津市追分二丁目１７－１,１７－１,077-562-8868,竹村 薫,H10/04/10,,,,草津,5627922.pdf
クリーニング所,シガドライ 野路店,525-0055,草津市野路町,草津市野路町１３９０,１３９０,62-1047,平田 千代,H01/03/12,,,,草津,5627922.pdf
クリーニング所,タケガワショップ,525-0056,草津市南笠町,草津市南笠町３２２,３２２,,竹川トメノ,S61/06/28,,,,草津,5627922.pdf
クリーニング所,ダスキン草津駅前,525-0027,草津市野村三丁目,草津市野村三丁目１５－８,１５－８,077-565-2468,百々 英治,H15/02/20,,,,草津,5627922.pdf
クリーニング所,ティアラ下笠店,525-0029,草津市下笠町,草津市下笠町８５０－１,８５０－１,077-568-1235,近藤 由美,H15/04/16,,,,草津,5627922.pdf
クリーニング所,ＳＥＩＹＯＳＨＡ 駒井沢前店,525-0014,草津市駒井沢町,草津市駒井沢町２０５－６,２０５－６,077-568-8181,株式会社西洋舎,H14/10/04,,,,草津,5627922.pdf
クリーニング所,ティアラ上笠店,525-0028,草津市上笠町,草津市上笠町１２－１,１２－１,077-565-8500,株式会社西洋舎,H14/10/11,,,,草津,5627922.pdf
クリーニング所,ディリー・クリーナー コーラル店,520-3005,栗東市御園,栗東市御園１０２８,１０２８,077-558-2487,デイリー・クリーナ株式 会社,H15/01/17,,,,草津,5627922.pdf
クリーニング所,ディリー・クリーナー 渋川店,525-0026,草津市渋川一丁目,草津市渋川一丁目５－９,５－９,,デイリー・クリーナ株式 会社,H06/06/21,,,,草津,5627922.pdf
クリーニング所,ディリー・クリーナー青地町取次所,525-0041,草津市青地町,草津市青地町２３０－５,２３０－５,66-0670,デイリー・クリーナ株式 会社,H06/07/21,,,,草津,5627922.pdf
クリーニング所,ディリー・クリーナー木川町取次所,525-0051,草津市木川町,草津市木川町１１１５－６,１１１５－６,62-7217,寺田 了峰,S49/07/11,,,,草津,5627922.pdf
クリーニング所,ヒカリヤ クリーニング,525-0067,草津市新浜町,草津市新浜町４６０－８,４６０－８,077-567-3336,光野 章浩,H14/02/06,,,,草津,5627922.pdf
クリーニング所,ファッションクリーニングＷＥＸ西 友南草津店,525-0059,草津市野路一丁目,草津市野路一丁目１３－３６,１３－３６,561-9556,有限会社東洋ウエックス,H12/06/27,,,,草津,5627922.pdf
クリーニング所,フジヤクリーニング矢倉店,525-0053,草津市矢倉二丁目,草津市矢倉二丁目５－３１,５－３１,077-562-0292,園内 信彦,H14/12/09,,,,草津,5627922.pdf
クリーニング所,ふとんも洗えるコインランドリー ふわふわ,524-0041,守山市勝部一丁目,守山市勝部一丁目１７－８,１７－８,077-583-1890,若杉 勝,H20/04/08,,,,草津,5627922.pdf
クリーニング所,ホワイト急便 野洲北口営業所,520-2362,野洲市市三宅,野洲市市三宅２４７２,２４７２,,有限会社ミヤマ,H16/04/14,,,,草津,5627922.pdf
クリーニング所,ホワイト急便 綣営業所,520-3031,栗東市綣,栗東市綣３５－１,３５－１,53-1653,有限会社ミヤマ,H09/06/17,,,,草津,5627922.pdf
クリーニング所,ホワイト急便ギフト大田営業所,520-3024,栗東市小柿十丁目,栗東市小柿十丁目８－１１,８－１１,,有限会社ミヤマ,H05/10/29,,,,草津,5627922.pdf
クリーニング所,ホワイト急便下笠営業所,525-0029,草津市下笠町,草津市下笠町８２０－５,８２０－５,68-2855,有限会社ミヤマ,S62/09/26,,,,草津,5627922.pdf
クリーニング所,ホワイト急便新赤坂営業所,520-3004,栗東市上砥山,栗東市上砥山８６５－５,８６５－５,,有限会社ミヤマ,H06/01/14,,,,草津,5627922.pdf
クリーニング所,ホワイト急便中沢営業所,520-3025,栗東市中沢,栗東市中沢２２０－１,２２０－１,,山下 滝三,S63/07/05,,,,草津,5627922.pdf
クリーニング所,ホワイト急便東矢倉営業所,525-0054,草津市東矢倉二丁目,草津市東矢倉二丁目３５－２,３５－２,62-7788,有限会社ミヤマ,S62/10/02,,,,草津,5627922.pdf
クリーニング所,ホワイト急便野洲営業所,520-2342,野洲市野洲,野洲市野洲９４１－３,９４１－３,87-0611,有限会社ミヤマ,H04/10/01,,,,草津,5627922.pdf
クリーニング所,マエダクリーニング 栗東店,520-3042,栗東市辻,栗東市辻５２７－１,５２７－１,077-554-9560,株式会社マエダクリーニ ング,H19/09/04,,,,草津,5627922.pdf
クリーニング所,マツヤドライクリーニング,520-2362,野洲市市三宅,野洲市市三宅２１８－３,２１８－３,077-587-0238,有限会社マツヤドライク リーニング店,S52/05/06,,,,草津,5627922.pdf
クリーニング所,マンガ喫茶 Ｈｉｒｏ,525-0000,草津市笠山五丁目,草津市笠山五丁目３－３７,３－３７,569-5910,金森 宏信,H13/03/28,,,,草津,5627922.pdf
クリーニング所,ミッキークリーニング 野村店,525-0027,草津市野村四丁目,草津市野村四丁目１６－１,１６－１,62-3505,株式会社うえで,S60/10/04,,,,草津,5627922.pdf
クリーニング所,みつばクリーニング からすま店,525-0001,草津市下物町,草津市下物町６４－８,６４－８,68-0932,木村 千代子,H02/03/06,,,,草津,5627922.pdf
クリーニング所,みつばチェーン西川店,525-0055,草津市野路町,草津市野路町１４９８,１４９８,62-5048,西川 千鶴代,H04/04/30,,,,草津,5627922.pdf
クリーニング所,ヤマダ,525-0034,草津市草津三丁目,草津市草津三丁目４－１４,４－１４,62-2707,株式会社マルナカ,H09/04/23,,,,草津,5627922.pdf
クリーニング所,ヨシハラクリーニング,525-0046,草津市追分町,草津市追分町１２３６平和堂追分店内,１２３６平和堂追分店内,67-3001,株式会社ヨシハラシステ ムズ,H09/10/14,,,,草津,5627922.pdf
クリーニング所,ヨシハラクリーニング アル・プラ ザ草津店,525-0025,草津市西渋川一丁目,草津市西渋川一丁目２３－３０,２３－３０,,株式会社ヨシハラシステ ムズ,H20/10/03,,,,草津,5627922.pdf
クリーニング所,ヨシハラクリーニング 河西店,524-0012,守山市播磨田町,守山市播磨田町７３９ 平和堂フレンド マート河西店内,７３９ 平和堂フレンド マート河西店内,077-583-5004,株式会社ヨシハラシステ ムズ,H18/11/14,,,,草津,5627922.pdf
クリーニング所,ヨシハラクリーニング 上笠店,525-0028,草津市上笠四丁目,草津市上笠四丁目４－１８ フレンドマー ト上笠店内,４－１８ フレンドマー ト上笠店内,077-564-3294,株式会社ヨシハラシステ ムズ,H19/06/27,,,,草津,5627922.pdf
クリーニング所,ヨシハラクリーニング 野洲店,520-2331,野洲市小篠原,野洲市小篠原１０００,１０００,077-586-3958,株式会社ヨシハラシステ ムズ,H11/12/10,,,,草津,5627922.pdf
クリーニング所,宇野サンセルフ滋賀,525-0047,草津市追分四丁目,草津市追分四丁目１２－２１,１２－２１,,宇野 英幸,S61/12/25,,,,草津,5627922.pdf
クリーニング所,園田クリーニング店,520-2312,野洲市入町,野洲市入町９０６,９０６,077-587-1350,園田 勝一,S36/03/15,,,,草津,5627922.pdf
クリーニング所,株式会社マルナカ,525-0028,草津市上笠四丁目,草津市上笠四丁目１２番１６号,１２番１６号,563-5162,株式会社マルナカ,H09/06/26,,,,草津,5627922.pdf
クリーニング所,株式会社ダスキン湖南 ダスキン守 山支店,524-0034,守山市千代町,守山市千代町１１０－１,１１０－１,077-581-2525,株式会社ダスキン湖南,H15/05/28,,,,草津,5627922.pdf
クリーニング所,株式会社湖光,525-0071,草津市南笠東三丁目,草津市南笠東三丁目１６－５,１６－５,077-562-5998,株式会社湖光,H19/06/05,,,,草津,5627922.pdf
クリーニング所,株式会社西友,525-0045,草津市若草五丁目,草津市若草五丁目１３,１３,64-1637,鈴木 孝盛,S59/04/28,,,,草津,5627922.pdf
クリーニング所,丸中クリーニング マツヤ店,525-0054,草津市東矢倉四丁目,草津市東矢倉四丁目５５５－１,５５５－１,63-0636,有限会社丸中クリーニン グ商会,H07/01/11,,,,草津,5627922.pdf
クリーニング所,丸中クリーニング 南山田店,525-0063,草津市南山田町,草津市南山田町３７９,３７９,,有限会社丸中クリーニン グ商会,S61/12/20,,,,草津,5627922.pdf
クリーニング所,丸中クリーニングくりーんあいらん ど,525-0041,草津市青地町,草津市青地町７４３,７４３,077-561-6170,有限会社丸中クリーニン グ商会,H12/03/09,,,,草津,5627922.pdf
クリーニング所,＊丸美屋,525-0023,草津市平井三丁目,草津市平井三丁目１０－６,１０－６,62-0040,森岡 実,S40/11/01,,,,草津,5627922.pdf
クリーニング所,丸美屋クリーニング店,525-0023,草津市平井一丁目,草津市平井一丁目３－１４,３－１４,63-4554,森岡 實,S47/12/15,,,,草津,5627922.pdf
クリーニング所,亀田クリーニング店セルバ営業所,524-0037,守山市梅田町,守山市梅田町２番１－１０３,２番１－１０３,82-1360,亀田 一十六,S61/03/20,,,,草津,5627922.pdf
クリーニング所,桔梗屋クリーニング 栗東店,520-3024,栗東市小柿五丁目,栗東市小柿五丁目１０－１９,１０－１９,077-553-4057,畑野 耕作,S54/12/26,,,,草津,5627922.pdf
クリーニング所,京屋クリーニング 志津店,525-0046,草津市追分町,草津市追分町５,５,077-566-0091,京屋クリーニング有限会 社,H19/07/27,,,,草津,5627922.pdf
クリーニング所,京屋クリーニング 水保店,524-0102,守山市水保町,守山市水保町１２６７,１２６７,077-585-3447,京屋クリーニング有限会 社,H19/11/02,,,,草津,5627922.pdf
クリーニング所,京屋クリーニングＦＭ御園店,520-3005,栗東市御園,栗東市御園８１０,８１０,,京屋クリーニング有限会 社,H15/07/08,,,,草津,5627922.pdf
クリーニング所,京屋クリーニング南草津店,525-0055,草津市野路町,草津市野路町野路西部土地区画整理事 業内４１街区２,野路西部土地区画整理事 業内４１街区２,077-566-1032,京屋クリーニング有限会 社,H20/07/16,,,,草津,5627922.pdf
クリーニング所,京滋リネンサプライ株式会社,525-0063,草津市南山田町,草津市南山田町１０５２－１,１０５２－１,077-565-3711,久泉 治三郎,S59/08/06,,,,草津,5627922.pdf
クリーニング所,近畿オートランドリー草津受付所,525-0028,草津市上笠町,草津市上笠町岸田,岸田,,奥田 次郎,S46/12/21,,,,草津,5627922.pdf
クリーニング所,近畿オートランドリー矢橋取次所,525-0066,草津市矢橋町,草津市矢橋町,,,奥田 次郎,S47/12/15,,,,草津,5627922.pdf
クリーニング所,近江リネン株式会社,525-0063,草津市南山田町,草津市南山田町１０７９,１０７９,65-0707,近江リネン株式会社,S60/04/05,,,,草津,5627922.pdf
クリーニング所,＊栗東クリーニング,520-3043,栗東市林,栗東市林２６,２６,077-552-0221,武村 正平,S61/10/22,,,,草津,5627922.pdf
クリーニング所,栗東クリーニング 西友店,525-0032,草津市大路二丁目,草津市大路二丁目１－３８西友１階,１－３８西友１階,63-2275,武村 正平,H09/06/26,,,,草津,5627922.pdf
クリーニング所,三正舎クリーニング,520-2301,野洲市小南,野洲市小南１８３２－２,１８３２－２,077-588-2269,村井 光男,S51/03/19,,,,草津,5627922.pdf
クリーニング所,三木屋産業株式会社,520-3003,栗東市荒張,栗東市荒張１１９６－２,１１９６－２,077-558-2408,三木 敏嗣,H20/05/28,,,,草津,5627922.pdf
クリーニング所,山岸クリーニング 西渋川店,525-0025,草津市西渋川二丁目,草津市西渋川二丁目７－６５,７－６５,,山岸 伸太郎,H10/03/02,,,,草津,5627922.pdf
クリーニング所,山岸クリーニング萱野浦店・ピュア クリーン守山,524-0102,守山市水保町,守山市水保町１４９０,１４９０,,山岸 伸太郎,H14/02/15,,,,草津,5627922.pdf
クリーニング所,寺田クリーニング店,524-0064,守山市森川原町,守山市森川原町２５７,２５７,85-2721,寺田 秋男,S53/02/15,,,,草津,5627922.pdf
クリーニング所,小酒井クリーニング店,524-0012,守山市播磨田町,守山市播磨田町１２７６－９,１２７６－９,077-583-0249,小酒井 八郎,S50/12/25,,,,草津,5627922.pdf
クリーニング所,松田クリーニング 矢島店,524-0015,守山市矢島町,守山市矢島町１３２８,１３２８,85-0319,株式会社松田クリーニン グ商会,H03/01/25,,,,草津,5627922.pdf
クリーニング所,西田クリーニング店,525-0047,草津市追分七丁目,草津市追分七丁目７－１８,７－１８,077-563-3404,西田 一重,S61/11/19,,,,草津,5627922.pdf
クリーニング所,洗濯王 守山店,524-0012,守山市播磨田町,守山市播磨田町８７－４,８７－４,077-581-8839,株式会社マエダクリーニ ング,H14/07/03,,,,草津,5627922.pdf
クリーニング所,洗濯王 草津店,525-0031,草津市若竹町,草津市若竹町４－１２,４－１２,077-565-6446,株式会社松田クリーニン グ商会,H14/04/15,,,,草津,5627922.pdf
クリーニング所,洗濯王 野洲店,520-2331,野洲市小篠原,野洲市小篠原２１０５－４,２１０５－４,077-586-1023,株式会社マエダクリーニ ング,H13/10/12,,,,草津,5627922.pdf
クリーニング所,＊草津リネン株式会社,525-0014,草津市駒井沢町,草津市駒井沢町６７,６７,68-1883,草津リネン株式会社,S59/05/16,,,,草津,5627922.pdf
クリーニング所,中川クリーニング,520-2353,野洲市久野部,野洲市久野部１５０－５９,１５０－５９,077-587-2627,中川 允雄,S47/07/11,,,,草津,5627922.pdf
クリーニング所,東洋ウェックス 国重店,520-3031,栗東市綣,栗東市綣１４３－５,１４３－５,53-9577,国重 ふさ子,H07/03/16,,,,草津,5627922.pdf
クリーニング所,東洋クリーニング ニック産業サー ビス店,520-2423,野洲市西河原,野洲市西河原２４５０,２４５０,077-589-5245,ニック産業株式会社,H16/10/30,,,,草津,5627922.pdf
クリーニング所,東洋クリーニング ひかわ商店,525-0066,草津市矢橋町,草津市矢橋町２３－２,２３－２,63-4105,樋川 佳子,H07/07/06,,,,草津,5627922.pdf
クリーニング所,東洋クリーニング 下鈎店,520-3026,栗東市下鈎,栗東市下鈎１１９５－１１４,１１９５－１１４,52-6789,西岡 清行,H09/06/17,,,,草津,5627922.pdf
クリーニング所,東洋クリーニング 元町サービス店,524-0022,守山市守山六丁目,守山市守山六丁目８－１６,８－１６,077-585-7688,野呂 恭子,H10/09/14,,,,草津,5627922.pdf
クリーニング所,東洋クリーニング 高橋ショップ,524-0001,守山市川田町,守山市川田町４１９－３,４１９－３,82-2345,高橋 律子,H08/04/09,,,,草津,5627922.pdf
クリーニング所,東洋クリーニング 山元商店,525-0055,草津市野路町,草津市野路町１０８５－１６,１０８５－１６,077-562-4935,山元 佐久三,H11/09/22,,,,草津,5627922.pdf
クリーニング所,東洋クリーニング 山田,525-0054,草津市東矢倉二丁目,草津市東矢倉二丁目８番９号,８番９号,63-6716,山田 明子,H09/11/25,,,,草津,5627922.pdf
クリーニング所,東洋クリーニング 守山高校前店,524-0022,守山市守山三丁目,守山市守山三丁目９－１２,９－１２,82-5405,伊庭 功,H06/06/29,,,,草津,5627922.pdf
クリーニング所,東洋クリーニング 南笠店,525-0056,草津市南笠町,草津市南笠町２６３,２６３,64-6320,棚橋 清子,H08/04/12,,,,草津,5627922.pdf
クリーニング所,東洋クリーニング 北野サービス店,524-0013,守山市下之郷一丁目,守山市下之郷一丁目１３－１６,１３－１６,077-583-5129,北野 政行,H14/03/19,,,,草津,5627922.pdf
クリーニング所,東洋クリーニング・・・・・・・御 園サービス店,520-3005,栗東市御園,栗東市御園４６９－１,４６９－１,58-0013,竹内 文美,H08/12/06,,,,草津,5627922.pdf
クリーニング所,東洋クリーニングわしだサービス店,524-0003,守山市中町,守山市中町１１８,１１８,077-582-2153,鷲田 良造,H14/12/16,,,,草津,5627922.pdf
クリーニング所,東洋クリーニング宇野サービス店,524-0052,守山市大門町,守山市大門町２０－３,２０－３,83-5147,宇野 久美子,H05/04/04,,,,草津,5627922.pdf
クリーニング所,東洋クリーニング店,524-0013,守山市下之郷町,守山市下之郷町,,077-583-5129,北野 政行,H14/03/19,,,,草津,5627922.pdf
クリーニング所,東洋クリーニング杦田サービス店,520-2342,野洲市野洲,野洲市野洲２４１,２４１,077-587-0133,杦田 儀三良,H14/10/23,,,,草津,5627922.pdf
クリーニング所,東洋クリーニング,525-0055,草津市野路町,草津市野路町６６０－１,６６０－１,64-6633,東洋クリーニング株式会 社,H01/09/12,,,,草津,5627922.pdf
クリーニング所,東洋産業株式会社,520-2323,野洲市三上,野洲市三上２５６２－１,２５６２－１,077-587-2082,東洋産業株式会社,H03/03/08,,,,草津,5627922.pdf
クリーニング所,白洋舎草津チェーン店,525-0036,草津市草津町,草津市草津町１９４８－２,１９４８－２,077-562-0007,金澤 智彦,H14/05/08,,,,草津,5627922.pdf
クリーニング所,白洋舎草津北取次所,520-3025,栗東市中沢,栗東市中沢１８７－１ グローバル 草津団地,１８７－１ グローバル 草津団地,077-554-1389,ウエンデイ企画株式会社,H10/07/21,,,,草津,5627922.pdf
クリーニング所,有限会社亀田 「洗濯屋本舗 亀 田」,524-0053,守山市横江町,守山市横江町１－１,１－１,077-582-2337,有限会社亀田,H18/04/12,,,,草津,5627922.pdf
クリーニング所,有限会社センシブルキタデ,525-0028,草津市上笠三丁目,草津市上笠三丁目１７－２０,１７－２０,077-563-1581,有限会社センシブルキタ デ,H16/03/16,,,,草津,5627922.pdf
クリーニング所,有限会社マツヤドライクリーニング 店 丸善守山店,524-0044,守山市古高町,守山市古高町３８８,３８８,077-581-3824,有限会社マツヤドライク リーニング店,H10/12/14,,,,草津,5627922.pdf
クリーニング所,有限会社マツヤドライクリーニング 店 西友野洲店,520-2362,野洲市市三宅,野洲市市三宅１０１３,１０１３,077-587-5870,有限会社マツヤドライク リーニング店,H29/02/08,,,,草津,5627922.pdf
クリーニング所,有限会社クリーンハウス 今宿店,524-0046,守山市今宿二丁目,守山市今宿二丁目１１－１３,１１－１３,82-4377,有限会社クリーンハウス,H08/03/22,,,,草津,5627922.pdf
クリーニング所,有限会社マツヤドライクリーニング 店河上店,520-2421,野洲市野田,野洲市野田１８０３,１８０３,,有限会社マツヤドライク リーニング店,S54/12/26,,,,草津,5627922.pdf
クリーニング所,有限会社マツヤドライクリーニング 店丸善店,520-2333,野洲市栄,野洲市栄５－５,５－５,,有限会社マツヤドライク リーニング店,H01/12/22,,,,草津,5627922.pdf
クリーニング所,有限会社マツヤドライクリーニング 店本店,520-2331,野洲市小篠原,野洲市小篠原２１８０－１４,２１８０－１４,87-0238,有限会社マツヤドライク リーニング店,S52/05/06,,,,草津,5627922.pdf
クリーニング所,有限会社大喜,525-0034,草津市草津二丁目,草津市草津二丁目５－１１,５－１１,62-0151,株式会社九州化学,S60/11/08,,,,草津,5627922.pdf
クリーニング所,東洋クリーニング スペースウイン 店,524-0022,守山市守山三丁目,守山市守山三丁目９２６－５,９２６－５,077-581-8436,特定非営利活動法人ス ペースウイン,H21/04/14,,,,草津,5627922.pdf
クリーニング所,日本洗業有限会社 野洲工場,520-2313,野洲市大篠原,野洲市大篠原１７３３－６,１７３３－６,077-588-5055,日本洗業有限会社,H21/05/07,,,,草津,5627922.pdf
クリーニング所,ザ・草津タワー,525-0026,草津市渋川一丁目,草津市渋川一丁目２－２６,２－２６,077-569-4869,株式会社クオリティライ フ・コンシェルジュ,H21/08/15,,,,草津,5627922.pdf
クリーニング所,ホワイト急便 プラザ播磨田,524-0012,守山市播磨田町,守山市播磨田町１３２５－３,１３２５－３,077-582-0935,有限会社ミヤマ,H21/08/28,,,,草津,5627922.pdf
クリーニング所,ホワイト急便 栄営業所,520-2333,野洲市栄,野洲市栄６－２,６－２,077-598-1041,有限会社ミヤマ,H21/11/18,,,,草津,5627922.pdf
クリーニング所,障害福祉サービス事業所 第二むつ み園,525-0042,草津市山寺町,草津市山寺町６６６－１,６６６－１,077-518-6232,社会福祉法人よつば会,H22/01/22,,,,草津,5627922.pdf
クリーニング所,ホワイト急便 安養寺市役所前店,520-3015,栗東市安養寺八丁目,栗東市安養寺八丁目３－６,３－６,077-554-1755,カネヨシ商事株式会社,H22/03/03,,,,草津,5627922.pdf
クリーニング所,シャリエパークナード南草津,525-0050,草津市南草津一丁目,草津市南草津一丁目２,２,077-562-1640,株式会社クオリティライ フ・コンシェルジュ,H22/03/16,,,,草津,5627922.pdf
クリーニング所,ホワイト急便 南草津営業所,525-0050,草津市南草津三丁目,草津市南草津三丁目７－９,７－９,077-562-5885,有限会社ミヤマ,H22/04/08,,,,草津,5627922.pdf
クリーニング所,ＳＥＩＹＯＳＨＡ 播磨田店,524-0012,守山市播磨田町,守山市播磨田町３０６３,３０６３,077-583-6234,株式会社西洋舎,H22/10/01,,,,草津,5627922.pdf
クリーニング所,ホワイト急便 守山駅前営業所,524-0021,守山市吉身六丁目,守山市吉身六丁目１８１－３８,１８１－３８,077-514-0009,有限会社ミヤマ,H23/09/06,,,,草津,5627922.pdf
クリーニング所,株式会社かめやクリーニング,524-0044,守山市古高町,守山市古高町８０８－３０,８０８－３０,077-582-2311,株式会社かめやクリーニ ング,H24/03/16,,,,草津,5627922.pdf
クリーニング所,ＳＥＩＹＯＳＨＡ フレスコ 草津 店,525-0037,草津市西大路町,草津市西大路町９－１８,９－１８,077-565-5757,株式会社西洋舎,H24/07/25,,,,草津,5627922.pdf
クリーニング所,株式会社エリアエース,520-3042,栗東市辻,栗東市辻５１３－１－１,５１３－１－１,077-554-5670,株式会社エリアエース,H25/03/05,,,,草津,5627922.pdf
クリーニング所,クリーンハウス バロー栗東店,520-3032,栗東市苅原,栗東市苅原１４６,１４６,077-553-6228,有限会社クリーンハウス,H25/03/21,,,,草津,5627922.pdf
クリーニング所,ヨシハラクリーニング アルプラザ 栗東店,520-3031,栗東市綣,栗東市綣二丁目３－２２ アルプ ラザ栗東店１Ｆ,二丁目３－２２ アルプ ラザ栗東店１Ｆ,077-554-2778,株式会社ヨシハラシステ ムズ,H25/06/13,,,,草津,5627922.pdf
クリーニング所,ヨシハラクリーニング フレンド マート中主店,520-2423,野洲市西河原,野洲市西河原９８０－１ フレンド マート中主店内,９８０－１ フレンド マート中主店内,077-589-5159,株式会社ヨシハラシステ ムズ,H25/06/13,,,,草津,5627922.pdf
クリーニング所,かめやクリーニング フレンドマー ト栗東店,520-3015,栗東市安養寺八丁目,栗東市安養寺八丁目１－１２,１－１２,077-553-2626,株式会社かめやクリーニ ング,H25/10/17,,,,草津,5627922.pdf
クリーニング所,ＳＥＩＹＯＳＨＡ キリン堂 野洲 店,520-2353,野洲市久野部,野洲市久野部１４９－１,１４９－１,077-587-5330,株式会社西洋舎,H26/03/10,,,,草津,5627922.pdf
クリーニング所,ＳＥＩＹＯＳＨＡ 野洲工場,520-2413,野洲市吉地,野洲市吉地６６０－１,６６０－１,077-589-8550,株式会社西洋舎,H26/03/10,,,,草津,5627922.pdf
クリーニング所,スーパーホテル滋賀・草津国道1号 沿,525-0034,草津市草津一丁目,草津市草津一丁目20－19,20－19,077-507-9000,京豊エンジニアリング株 式会社,H27/03/31,,,,草津,5627922.pdf
クリーニング所,洗濯王 南草津店,525-0048,草津市追分南一丁目,草津市追分南一丁目１－２６ メゾンエスプ リ１０３号,１－２６ メゾンエスプ リ１０３号,,株式会社松田クリーニン グ商会,H26/10/24,,,,草津,5627922.pdf
クリーニング所,ヤングドライ 草津支店,525-0041,草津市青地町,草津市青地町６９２－１８,６９２－１８,077-569-5850,有限会社ヤングドライ金 沢,H27/03/20,,,,草津,5627922.pdf
クリーニング所,有限会社東洋ウェックス 草津西口 店,525-0027,草津市野村一丁目,草津市野村一丁目１６－１３,１６－１３,077-564-0525,有限会社東洋ウエックス,H27/10/27,,,,草津,5627922.pdf
クリーニング所,株式会社湖光 ダスキン手原支店,520-3047,栗東市手原七丁目,栗東市手原七丁目６－２８,６－２８,077-553-2288,株式会社湖光,H27/10/29,,,,草津,5627922.pdf
クリーニング所,きものサロン都千本,525-0025,草津市西渋川一丁目,草津市西渋川一丁目２３－３０ アル・プラ ザ草津２階,２３－３０ アル・プラ ザ草津２階,077-566-5298,土本 豊彦,H28/08/23,,,,草津,5627922.pdf
クリーニング所,株式会社小平井屋クリーニング店,525-0032,草津市大路一丁目,草津市大路一丁目１－１,１－１,077-562-0476,株式会社小平井屋クリー ニング店,H29/05/12,,,,草津,5627922.pdf
クリーニング所,伽羅ガーデンスクエア,525-0032,草津市大路二丁目,草津市大路二丁目１－２７ 伽羅ガーデン スクエア１Ｆ,１－２７ 伽羅ガーデン スクエア１Ｆ,077-566-2698,伊藤忠アーバンコミュニ ティ株式会社,H29/05/29,,,,草津,5627922.pdf
クリーニング所,株式会社小平井屋クリーニング店,520-3034,栗東市小平井三丁目,栗東市小平井三丁目２－１５,２－１５,077-552-2253,株式会社小平井屋クリー ニング店,H29/05/24,,,,草津,5627922.pdf
クリーニング所,ヤングドライ バロー守山駅東店,524-0033,守山市浮気町,守山市浮気町３６１,３６１,077-596-3310,株式会社ヤングドライ滋 賀,H30/03/20,,,,草津,5627922.pdf
クリーニング所,マエダクリーニング 野洲店,520-2331,野洲市小篠原,野洲市小篠原１１１４－２,１１１４－２,077-586-1023,株式会社マエダクリーニ ング,H30/06/26,,,,草津,5627922.pdf
クリーニング所,ＷＡＳＨ＆ＦＯＬＤ草津店,525-0027,草津市野村二丁目,草津市野村二丁目１－１４,１－１４,077-561-5515,クローバー・ジャパン株 式会社,H30/07/10,,,,草津,5627922.pdf
クリーニング所,株式会社白洋舎 草津営業所,525-0032,草津市大路一丁目,草津市大路一丁目６－１７,６－１７,077-500-3241,株式会社白洋舎,R01/05/27,,,,草津,5627922.pdf
クリーニング所,有限会社東洋ウエックス,520-3026,栗東市下鈎,栗東市下鈎３－１,３－１,077-554-7775,有限会社東洋ウエックス,R01/11/06,,,,草津,5627922.pdf
クリーニング所,ヨシハラクリーニング近鉄草津店,525-0026,草津市渋川一丁目,草津市渋川一丁目１－５ ２Ｆ,１－５ ２Ｆ,,株式会社ヨシハラシステ ムズ,R02/02/13,,,,草津,5627922.pdf
クリーニング所,ＳＥＩＹＯＳＨＡ 上笠店,525-0028,草津市上笠二丁目,草津市上笠二丁目２８－１０,２８－１０,077-514-7720,株式会社西洋舎,R02/09/04,,,,草津,5627922.pdf
クリーニング所,(有)第一ツーリストビクトリー,520-3005,栗東市御園,栗東市御園１０２８,１０２８,077-558-4377,有限会社第一ツーリスト ビクトリー,R02/09/29,,,,草津,5627922.pdf
クリーニング所,フトン巻きのジロー草津追分店,525-0048,草津市追分南四丁目,草津市追分南四丁目２－３ かがやきテラス １－Ａ,２－３ かがやきテラス １－Ａ,077-565-8555,合同会社ＢＩＴＢＡＳＥ,R03/06/08,,,,草津,5627922.pdf
クリーニング所,ＳＥＩＹＯＳＨＡ 南草津店,525-0059,草津市野路一丁目,草津市野路一丁目１６－１,１６－１,077-562-0040,株式会社西洋舎,R03/07/01,,,,草津,5627922.pdf
クリーニング所,株式会社アスピラシオン,524-0044,守山市古高町,守山市古高町７８０－１１,７８０－１１,,株式会社アスピラシオン,R03/06/25,,,,草津,5627922.pdf
クリーニング所,クリーニングマエダ栗東駅前店,520-3031,栗東市綣三丁目,栗東市綣三丁目８－２３,８－２３,077-554-5222,株式会社マエダクリーニ ング,R03/12/13,,,,草津,5627922.pdf
クリーニング所,洗濯王 草津大路店,525-0032,草津市大路一丁目,草津市大路一丁目１６－３２,１６－３２,077-565-2811,株式会社松田クリーニン グ商会,R03/12/15,,,,草津,5627922.pdf
クリーニング所,おふとん屋さんのＬＡＵＮＤＲＹ,520-3031,栗東市綣四丁目,栗東市綣四丁目４－２４,４－２４,077-599-0750,株式会社みつや,R04/05/02,,,,草津,5627922.pdf
クリーニング所,クリーニング アクア 草津店,525-0036,草津市草津町,草津市草津町１９８６ スーパーバ ロー店内,１９８６ スーパーバ ロー店内,,株式会社フジヤクリーニ ング,R04/07/08,,,,草津,5627922.pdf
クリーニング所,都ユニリース株式会社 滋賀支店,525-0042,草津市山寺町,草津市山寺町２３０－６,２３０－６,077-596-5114,都ユニリース株式会社,R05/02/27,,,,草津,5627922.pdf
クリーニング所,正栄クリーニング＆ランドリー 南 草津店,525-0059,草津市野路一丁目,草津市野路一丁目１２－２８,１２－２８,077-596-5915,株式会社正栄,R05/03/29,,,,草津,5627922.pdf
クリーニング所,森トラスト・ホテルズ＆リゾーツ株 式会社琵琶湖マリオットホテル,524-0101,守山市今浜町,守山市今浜町２８７６,２８７６,,森トラスト・ホテルズ＆ リゾーツ株式会社,R05/09/01,,,,草津,5627922.pdf
クリーニング所,ヤングドライ イオンモール草津,525-0067,草津市新浜町,草津市新浜町３００ イオンモール棟,３００ イオンモール棟,077-598-5790,株式会社ヤングドライ滋 賀,R06/02/02,,,,草津,5627922.pdf
クリーニング所,正栄クリーニング ハズイタウン守 山店,524-0045,守山市金森町,守山市金森町４８８,４８８,077-583-0520,株式会社正栄,R07/02/19,,,,草津,5627922.pdf
クリーニング所,株式会社タマヤ,520-3015,栗東市安養寺八丁目,栗東市安養寺八丁目７－４,７－４,077-553-7110,株式会社タマヤ,R07/05/22,,,,草津,5627922.pdf
クリーニング所,かめやクリーニングフレンドタウン 守山店,524-0037,守山市梅田町,守山市梅田町５－６,５－６,077-583-2702,株式会社かめやクリーニ ング,R07/11/21,,,,草津,5627922.pdf
クリーニング所,リンクスクエアショップ クリーニ ング店,525-0058,草津市野路東一丁目,草津市野路東一丁目１－１,１－１,077-561-2602,立命館生活協同組合,R08/02/25,,,,草津,5627922.pdf
クリーニング所,カネヨシ商事株式会社,520-3252,湖南市岩根,湖南市岩根６７８－１５０,６７８－１５０,75-8477,カネヨシ商事株式会社,H12/06/05,,,,甲賀,5627922.pdf
クリーニング所,カブトヤクリーニング店,520-3234,湖南市中央二丁目,湖南市中央二丁目６８,６８,72-4581,坂口 ひとみ,S60/06/14,,,,甲賀,5627922.pdf
クリーニング所,かぶと屋,528-0017,甲賀市水口町京町,甲賀市水口町京町６－２,６－２,62-0308,坂口 ひとみ,S51/04/09,,,,甲賀,5627922.pdf
クリーニング所,かめやクリーニング平和堂甲西店,520-3252,湖南市岩根,湖南市岩根８６６－２,８６６－２,75-2780,株式会社かめやクリーニ ング,S55/04/09,,,,甲賀,5627922.pdf
クリーニング所,クリーニング フタバ,529-1835,甲賀市信楽町長野,甲賀市信楽町長野１０６５,１０６５,82-0198,谷 行和,S38/11/06,,,,甲賀,5627922.pdf
クリーニング所,クリーニングかめだ,528-0033,甲賀市水口町綾野,甲賀市水口町綾野３番５９号,３番５９号,0748-63-7420,亀田 太次夫,H14/06/16,,,,甲賀,5627922.pdf
クリーニング所,クリーニングさわやか,528-0067,甲賀市水口町山,甲賀市水口町山３４５１－７０,３４５１－７０,63-5674,伊東 信義,H09/11/14,,,,甲賀,5627922.pdf
クリーニング所,クリーニングの相互 下田取次所,520-3201,湖南市下田,湖南市下田９２０－５１,９２０－５１,75-0123,有限会社相互ランドリー,H05/03/02,,,,甲賀,5627922.pdf
クリーニング所,クリーニングの相互 宮ノ森店,520-3102,湖南市宮の森二丁目,湖南市宮の森二丁目５番３号,５番３号,0748-77-4260,有限会社相互ランドリー,H12/12/11,,,,甲賀,5627922.pdf
クリーニング所,クリーニングの相互 甲賀営業所,520-3433,甲賀市甲賀町大原市場,甲賀市甲賀町大原市場４１－３,４１－３,88-3921,有限会社相互ランドリー,H05/02/26,,,,甲賀,5627922.pdf
クリーニング所,クリーニングの相互 甲西店,520-3215,湖南市水戸町,湖南市水戸町１－７ 近江マンション １階店舗１０４,１－７ 近江マンション １階店舗１０４,0748-75-7525,有限会社相互ランドリー,H11/11/16,,,,甲賀,5627922.pdf
クリーニング所,クリーニングの相互 甲南営業所山 本チェーン店,520-3322,甲賀市甲南町深川,甲賀市甲南町深川１５８９,１５８９,86-2216,山本 悦子,S55/10/23,,,,甲賀,5627922.pdf
クリーニング所,クリーニングの相互 甲南亀川店,520-3313,甲賀市甲南町新治,甲賀市甲南町新治１４８５ センチュリー 内,１４８５ センチュリー 内,0748-86-5239,有限会社相互ランドリー,H10/02/20,,,,甲賀,5627922.pdf
クリーニング所,クリーニングの相互 三雲店,520-3221,湖南市三雲,湖南市三雲１２５０－７,１２５０－７,72-2556,有限会社相互ランドリー,H09/05/14,,,,甲賀,5627922.pdf
クリーニング所,クリーニングの相互 寺庄営業所,520-3301,甲賀市甲南町寺庄,甲賀市甲南町寺庄１０５８,１０５８,86-2041,有限会社相互ランドリー,S63/03/04,,,,甲賀,5627922.pdf
クリーニング所,クリーニングの相互 水口漆原店,528-0067,甲賀市水口町山,甲賀市水口町山３９１９－２,３９１９－２,63-3774,有限会社相互ランドリー,H09/12/03,,,,甲賀,5627922.pdf
クリーニング所,クリーニングの相互 石部木八店,520-3106,湖南市石部中央三丁目,湖南市石部中央三丁目１－３８,１－３８,0748-77-2108,有限会社相互ランドリー,H10/06/26,,,,甲賀,5627922.pdf
クリーニング所,クリーニングの相互 大野営業所,528-0234,甲賀市土山町徳原,甲賀市土山町徳原２１４,２１４,67-0376,有限会社相互ランドリー,S60/12/20,,,,甲賀,5627922.pdf
クリーニング所,クリーニングの相互 東寺営業所,520-3111,湖南市東寺,湖南市東寺９４５－１,９４５－１,77-3011,有限会社相互ランドリー,S59/05/14,,,,甲賀,5627922.pdf
クリーニング所,クリーニングの相互 油日澤忠呉服 店,520-3421,甲賀市甲賀町上野,甲賀市甲賀町上野１７０４番地,１７０４番地,0748-88-2218,有限会社相互ランドリー,H12/07/24,,,,甲賀,5627922.pdf
クリーニング所,クリーニングの相互下田マルキ店,520-3201,湖南市下田,湖南市下田５１９,５１９,,有限会社相互ランドリー,H06/08/23,,,,甲賀,5627922.pdf
クリーニング所,クリーニングの相互水口貴生川営業 所,528-0046,甲賀市水口町三大寺,甲賀市水口町三大寺９５,９５,62-3617,有限会社相互ランドリー,H05/04/30,,,,甲賀,5627922.pdf
クリーニング所,クリーニングの相互水口望月営業所,528-0034,甲賀市水口町日電,甲賀市水口町日電１－３８,１－３８,62-8351,有限会社相互ランドリー,S62/12/09,,,,甲賀,5627922.pdf
クリーニング所,クリーニングの相互田堵野営業所,520-3426,甲賀市甲賀町田堵野,甲賀市甲賀町田堵野９３６,９３６,88-4887,有限会社相互ランドリー,S60/03/24,,,,甲賀,5627922.pdf
クリーニング所,クリーニングの相互北内貴倉田 チェーン店,528-0051,甲賀市水口町北内貴,甲賀市水口町北内貴５６７,５６７,,有限会社相互ランドリー,H05/11/29,,,,甲賀,5627922.pdf
クリーニング所,クリーニングの東洋 宮島店,520-3234,湖南市中央二丁目,湖南市中央二丁目３５,３５,72-1712,東洋産業株式会社,S55/04/19,,,,甲賀,5627922.pdf
クリーニング所,クリーニングの東洋 前川店,520-3221,湖南市三雲,湖南市三雲１２４５－９２,１２４５－９２,72-3458,前川 真弓,S57/11/22,,,,甲賀,5627922.pdf
クリーニング所,クリーニングの東洋 土山店,528-0231,甲賀市土山町頓宮,甲賀市土山町頓宮１６０－１,１６０－１,0748-67-0958,平林 久則,H13/03/01,,,,甲賀,5627922.pdf
クリーニング所,クリーニングの東洋 藤井店,520-3222,湖南市吉永,湖南市吉永５４６,５４６,72-1640,藤井 由美子,H06/05/31,,,,甲賀,5627922.pdf
クリーニング所,クリーニングの東洋 薮店,520-3433,甲賀市甲賀町大原市場,甲賀市甲賀町大原市場１７３,１７３,88-2535,薮 和平,S61/03/28,,,,甲賀,5627922.pdf
クリーニング所,サニーサイド,528-0052,甲賀市水口町宇川,甲賀市水口町宇川６９,６９,63-0328,社会福祉法人 湖東会,S63/04/14,,,,甲賀,5627922.pdf
クリーニング所,デイリー・クリーナー岩根クリーニ ング取次所,520-3252,湖南市岩根,湖南市岩根１０９２,１０９２,,デイリー・クリーナ株式 会社,S59/05/04,,,,甲賀,5627922.pdf
クリーニング所,デイリー・クリーナー宝来坂取次所,520-3103,湖南市宝来坂二丁目,湖南市宝来坂二丁目１２－７,１２－７,77-2708,デイリー・クリーナ株式 会社,S56/06/02,,,,甲賀,5627922.pdf
クリーニング所,フセンクリーニング（ジョイ店）,520-3433,甲賀市甲賀町大原市場,甲賀市甲賀町大原市場９－１ジョイショッピン グセンター内,９－１ジョイショッピン グセンター内,88-3943,大重 徹,S55/05/26,,,,甲賀,5627922.pdf
クリーニング所,フセンクリーニング店,520-3433,甲賀市甲賀町大原市場,甲賀市甲賀町大原市場１５７,１５７,88-2363,大重 徹,H02/03/29,,,,甲賀,5627922.pdf
クリーニング所,ホープクリーニング ミヤマ三雲 営業所,520-3221,湖南市三雲,湖南市三雲３３６,３３６,,有限会社ミヤマ,H03/10/09,,,,甲賀,5627922.pdf
クリーニング所,ホープクリーニング 中央営業所,520-3234,湖南市中央四丁目,湖南市中央四丁目１１９,１１９,,有限会社ミヤマ,S62/01/06,,,,甲賀,5627922.pdf
クリーニング所,ホワイト急便 杉谷営業所,520-3314,甲賀市甲南町杉谷,甲賀市甲南町杉谷２０４５,２０４５,,有限会社ミヤマ,H07/03/16,,,,甲賀,5627922.pdf
クリーニング所,ホワイト急便 吉岡営業所,528-0016,甲賀市水口町神明,甲賀市水口町神明５－３１,５－３１,62-3665,有限会社ミヤマ,H19/01/26,,,,甲賀,5627922.pdf
クリーニング所,マツヤクリーニング丸善店,520-3107,湖南市石部東六丁目,湖南市石部東六丁目１－７,１－７,0748-77-3367,有限会社マツヤドライク リーニング店,H14/07/26,,,,甲賀,5627922.pdf
クリーニング所,マツヤドライクリーニング店平和堂 石部店,520-3101,湖南市石部,湖南市石部１１９７ピア２１内,１１９７ピア２１内,77-3031,有限会社マツヤドライク リーニング店,S63/07/21,,,,甲賀,5627922.pdf
クリーニング所,ミッキークリーニング 寺庄店,520-3301,甲賀市甲南町寺庄,甲賀市甲南町寺庄６２３－１,６２３－１,86-4275,株式会社うえで,S60/10/01,,,,甲賀,5627922.pdf
クリーニング所,ミッキークリーニング 大野店,528-0235,甲賀市土山町大野,甲賀市土山町大野２１５５,２１５５,67-0103,株式会社うえで,S62/03/11,,,,甲賀,5627922.pdf
クリーニング所,ミッキークリーニング フレンド マート甲南店,520-3311,甲賀市甲南町竜法師,甲賀市甲南町竜法師３３８－３ フレンドタ ウン甲賀,３３８－３ フレンドタ ウン甲賀,0748-86-5351,株式会社うえで,H20/11/04,,,,甲賀,5627922.pdf
クリーニング所,ミッキークリーニング株式会社うえ で綾野工場,528-0037,甲賀市水口町本綾野,甲賀市水口町本綾野３－４０,３－４０,62-1532,株式会社うえで,S61/05/31,,,,甲賀,5627922.pdf
クリーニング所,ミッキークリーニング西友店,528-0005,甲賀市水口町水口,甲賀市水口町水口６０８４－１,６０８４－１,0748-62-8301,株式会社うえで,H11/06/22,,,,甲賀,5627922.pdf
クリーニング所,ミヤマ,528--006,甲賀市水口町城東,甲賀市水口町城東５－５８,５－５８,62-0362,有限会社ミヤマ,S25/07/25,,,,甲賀,5627922.pdf
クリーニング所,もみじ寮,520-3101,湖南市石部,湖南市石部３８１４－７,３８１４－７,77-2532,社会福祉法人 大木会,S63/03/04,,,,甲賀,5627922.pdf
クリーニング所,ヨシハラクリーニング ベイシア甲 賀店,528-0056,甲賀市水口町泉,甲賀市水口町泉１４０５,１４０５,0748-63-7698,株式会社ヨシハラシステ ムズ,H18/10/24,,,,甲賀,5627922.pdf
クリーニング所,リカーショップ やまり,520-3242,湖南市菩提寺,湖南市菩提寺３３０－１０４,３３０－１０４,0748-74-2122,東洋産業株式会社,H14/10/23,,,,甲賀,5627922.pdf
クリーニング所,株式会社うえで アル・プラザ店,528-0037,甲賀市水口町本綾野,甲賀市水口町本綾野５６６－１,５６６－１,,植出 一男,H12/11/24,,,,甲賀,5627922.pdf
クリーニング所,株式会社ダスキン 滋賀工場,528-0062,甲賀市水口町さつきが 丘,甲賀市水口町さつきが 丘１１,１１,0748-65-3157,株式会社星光舎,H10/11/12,,,,甲賀,5627922.pdf
クリーニング所,株式会社ユニマットライフ 滋賀工 場,520-3212,湖南市小砂町,湖南市小砂町１番地１,１番地１,0748-75-1416,株式会社ユニマットライ フ,H13/12/25,,,,甲賀,5627922.pdf
クリーニング所,丸中クリーニング 是広取次所,528-0067,甲賀市水口町山,甲賀市水口町山１６４０－８６,１６４０－８６,63-8550,有限会社丸中クリーニン グ商会,H07/12/04,,,,甲賀,5627922.pdf
クリーニング所,山岸クリーニング 甲南店,520-3332,甲賀市甲南町希望ケ丘 本町六丁目,甲賀市甲南町希望ケ丘 本町六丁目８５７－２２,８５７－２２,,有限会社山岸クリーニン グ,H06/12/19,,,,甲賀,5627922.pdf
クリーニング所,松屋クリーニング店,529-1811,甲賀市信楽町江田,甲賀市信楽町江田９７７－１,９７７－１,82-1524,松本 正弘,H03/07/24,,,,甲賀,5627922.pdf
クリーニング所,上村取次所,520-3201,湖南市下田,湖南市下田５－１０,５－１０,,上村 来造,S51/04/23,,,,甲賀,5627922.pdf
クリーニング所,相互ランドリー 水口営業所,528-0031,甲賀市水口町本町二丁 目,甲賀市水口町本町二丁 目４－３,４－３,62-1649,中谷 郁子,S52/03/05,,,,甲賀,5627922.pdf
クリーニング所,相互ランドリー 田代取扱店,528-0046,甲賀市水口町三大寺,甲賀市水口町三大寺９５,９５,,田代 登志子,S52/01/31,,,,甲賀,5627922.pdf
クリーニング所,直村クリーニング店,529-1835,甲賀市信楽町長野,甲賀市信楽町長野８２９－１,８２９－１,82-2013,直村 頼夫,S49/05/21,,,,甲賀,5627922.pdf
クリーニング所,東洋クリーニング オオギヤ店,520-3242,湖南市菩提寺,湖南市菩提寺１５２９－１１６,１５２９－１１６,0748-74-1300,奥村 正敏,H16/03/31,,,,甲賀,5627922.pdf
クリーニング所,東洋クリーニング 三雲サービス店,520-3221,湖南市三雲,湖南市三雲４１９,４１９,0748-72-0070,井上 千昌,H12/05/22,,,,甲賀,5627922.pdf
クリーニング所,東洋クリーニング石部店,520-3107,湖南市石部東二丁目,湖南市石部東二丁目６－３６,６－３６,0748-77-3839,有限会社リカーショップ なかむら,H15/02/20,,,,甲賀,5627922.pdf
クリーニング所,有限会社増田商店,520-3433,甲賀市甲賀町大原市場,甲賀市甲賀町大原市場２０３,２０３,88-3278,有限会社増田商店,H08/02/10,,,,甲賀,5627922.pdf
クリーニング所,ランドリープラザ 三雲店,520-3221,湖南市三雲,湖南市三雲１４３－１,１４３－１,0748-72-5615,有限会社コインズ,H21/04/02,,,,甲賀,5627922.pdf
クリーニング所,社会福祉法人しがらき会 ワークセ ンター紫香楽,529-1812,甲賀市信楽町神山,甲賀市信楽町神山４９４－１,４９４－１,0748-82-2198,社会福祉法人しがらき会,H21/05/12,,,,甲賀,5627922.pdf
クリーニング所,ホワイト急便 深川営業所,520-3322,甲賀市甲南町深川,甲賀市甲南町深川２０００番３号,２０００番３号,0748-86-2126,有限会社ミヤマ,H22/02/25,,,,甲賀,5627922.pdf
クリーニング所,ホワイト急便 土山営業所,528-0211,甲賀市土山町北土山,甲賀市土山町北土山１５５４,１５５４,0748-66-0077,有限会社ミヤマ,H23/05/06,,,,甲賀,5627922.pdf
クリーニング所,水口クリーニング,528-0007,甲賀市水口町新城,甲賀市水口町新城３０３－８,３０３－８,0748-60-2356,梅本 英資,H23/07/21,,,,甲賀,5627922.pdf
クリーニング所,ふわふわらんど,528-0231,甲賀市土山町頓宮,甲賀市土山町頓宮１６０－１,１６０－１,0748-67-0958,坂口 和彦,H23/07/25,,,,甲賀,5627922.pdf
クリーニング所,ホワイト急便石部営業所,520-3107,湖南市石部東二丁目,湖南市石部東二丁目１－３４,１－３４,0748-77-8058,有限会社ミヤマ,H24/10/30,,,,甲賀,5627922.pdf
クリーニング所,ヨシハラクリーニング フレンド マート菩提寺店,520-3242,湖南市菩提寺,湖南市菩提寺３－６５,３－６５,0748-74-3575,株式会社ヨシハラシステ ムズ,H25/06/21,,,,甲賀,5627922.pdf
クリーニング所,マエダクリーニング水口店,528-0012,甲賀市水口町暁,甲賀市水口町暁５－３５,５－３５,0748-63-6993,株式会社マエダクリーニ ング,H26/10/08,,,,甲賀,5627922.pdf
クリーニング所,ＳＥＩＹＯＳＨＡ イオンタウン湖 南店,520-3252,湖南市岩根,湖南市岩根４５８０ イオンタウン 湖南,４５８０ イオンタウン 湖南,0748-72-0322,株式会社西洋舎,H26/11/28,,,,甲賀,5627922.pdf
クリーニング所,京屋クリーニング菩提寺店,520-3248,湖南市菩提寺西三丁目,湖南市菩提寺西三丁目１０－１,１０－１,0748-74-3575,京屋クリーニング有限会 社,H27/02/02,,,,甲賀,5627922.pdf
クリーニング所,ミッキークリーニング フレンド マート信楽店,529-1851,甲賀市信楽町長野,甲賀市信楽町長野６２３－３,６２３－３,0748-82-0030,株式会社うえで,H28/06/30,,,,甲賀,5627922.pdf
クリーニング所,丸越むらき,528-0005,甲賀市水口町水口,甲賀市水口町水口５７４３－３ 和ビレッ ジ１０１,５７４３－３ 和ビレッ ジ１０１,0748-62-5291,村木 慶太郎,R05/09/06,,,,甲賀,5627922.pdf
クリーニング所,ミッキークリーニング アルプラザ 水口店,528-0037,甲賀市水口町本綾野,甲賀市水口町本綾野５６６－１,５６６－１,0748-63-2578,株式会社うえで,R07/04/15,,,,甲賀,5627922.pdf
クリーニング所,ヨシハラクリーニングイオン八幡店,523-0898,近江八幡市鷹飼町南三 丁目,近江八幡市鷹飼町南三 丁目７－４,７－４,38-0229,株式会社ヨシハラシステ ムズ,H03/04/15,,,,東近江,5627922.pdf
クリーニング所,ＳＥＩＹＯＳＨＡ ピアゴ 近江八 幡店,523-0891,近江八幡市鷹飼町,近江八幡市鷹飼町２２３－３,２２３－３,0748-37-8055,株式会社西洋舎,H20/04/21,,,,東近江,5627922.pdf
クリーニング所,おしゃれなクリーニング小林,529-1603,蒲生郡日野町大窪,蒲生郡日野町大窪５１６平和堂店,５１６平和堂店,53-1000,小林 久司,S57/01/13,,,,東近江,5627922.pdf
クリーニング所,カネマタクリーニング店,521-1221,東近江市垣見町,東近江市垣見町１３７３,１３７３,42-0314,佐々木 尊一,H08/09/06,,,,東近江,5627922.pdf
クリーニング所,グッドドライ,523-0041,近江八幡市中小森町,近江八幡市中小森町３０５－９,３０５－９,36-0255,有限会社アクアネット サービス,H11/04/19,,,,東近江,5627922.pdf
クリーニング所,クリーニング ニシカワ,523-0892,近江八幡市出町,近江八幡市出町４２２－１－１０２,４２２－１－１０２,,西川 哲男,H19/02/14,,,,東近江,5627922.pdf
クリーニング所,クリーニングの相互 長峰店,529-1551,東近江市宮川町,東近江市宮川町２４４－３１９,２４４－３１９,55-2980,有限会社相互ランドリー,H09/10/28,,,,東近江,5627922.pdf
クリーニング所,クリーニングの相互いばや営業所,523-0865,近江八幡市為心町中,近江八幡市為心町中１５,１５,32-2352,有限会社相互ランドリー,S62/09/08,,,,東近江,5627922.pdf
クリーニング所,クリーニングの相互オリチョー店,523-0893,近江八幡市桜宮町,近江八幡市桜宮町２００,２００,,有限会社相互ランドリー,H09/05/20,,,,東近江,5627922.pdf
クリーニング所,クリーニングの相互シゲタ酒店,523-0056,近江八幡市古川町,近江八幡市古川町１１７３－８３,１１７３－８３,32-3520,有限会社相互ランドリー,H09/11/19,,,,東近江,5627922.pdf
クリーニング所,クリーニングの相互フクイチェーン 店,523-0031,近江八幡市堀上町,近江八幡市堀上町１６９－５,１６９－５,32-2778,有限会社フクイ印刷,H01/07/25,,,,東近江,5627922.pdf
クリーニング所,クリーニングの相互篠原営業所,523-0046,近江八幡市上野町,近江八幡市上野町１３２,１３２,32-6849,有限会社相互ランドリー,S58/03/29,,,,東近江,5627922.pdf
クリーニング所,クリーニングの相互若宮営業所,523-0034,近江八幡市若宮町,近江八幡市若宮町５２３,５２３,37-5075,有限会社相互ランドリー,S62/12/03,,,,東近江,5627922.pdf
クリーニング所,クリーニングの相互若葉町営業所,523-0815,近江八幡市若葉町一丁 目,近江八幡市若葉町一丁 目８６－６,８６－６,37-3364,有限会社相互ランドリー,S62/06/30,,,,東近江,5627922.pdf
クリーニング所,クリーニングの相互仁保営業所,523-0063,近江八幡市十王町,近江八幡市十王町１２５－２,１２５－２,36-8762,有限会社相互ランドリー,S56/03/05,,,,東近江,5627922.pdf
クリーニング所,クリーニングの相互仲屋営業所,523-0863,近江八幡市仲屋町上,近江八幡市仲屋町上１,１,32-6228,有限会社相互ランドリー,S58/08/08,,,,東近江,5627922.pdf
クリーニング所,クリーニングの相互天昌堂チェーン 店,523-0031,近江八幡市堀上町,近江八幡市堀上町１４２－５１,１４２－５１,33-0257,有限会社相互ランドリー,S61/02/12,,,,東近江,5627922.pdf
クリーニング所,クリーニングの東洋 野村営業所,527-0047,東近江市野村町,東近江市野村町３２０－９,３２０－９,22-3228,杉沢 修子,S57/07/16,,,,東近江,5627922.pdf
クリーニング所,クリーニングの東洋中江サービス店,523-0875,近江八幡市小幡町上,近江八幡市小幡町上５,５,32-2649,川田 美枝子,S61/07/17,,,,東近江,5627922.pdf
クリーニング所,クリーニングの東洋藤野取次所,527-0033,東近江市東沖野二丁目,東近江市東沖野二丁目１－１５,１－１５,23-5176,藤野 節子,S58/12/03,,,,東近江,5627922.pdf
クリーニング所,クリーニング相互鷹飼店,523-0891,近江八幡市鷹飼町,近江八幡市鷹飼町６７３,６７３,33-2670,有限会社相互ランドリー,H09/08/26,,,,東近江,5627922.pdf
クリーニング所,クリーニング東洋馬淵店,523-0022,近江八幡市馬淵町,近江八幡市馬淵町１７４４,１７４４,37-7518,堀 弘幸,S59/11/16,,,,東近江,5627922.pdf
クリーニング所,クリーンハウス堀上店,523-0031,近江八幡市堀上町,近江八幡市堀上町３２０－５１,３２０－５１,33-6907,関岡 日出子,H08/03/11,,,,東近江,5627922.pdf
クリーニング所,さかもとクリーニング店,527-0033,東近江市東沖野五丁目,東近江市東沖野五丁目３６－１１,３６－１１,23-4517,坂本 義弘,S52/05/31,,,,東近江,5627922.pdf
クリーニング所,サクラ リース,523-0893,近江八幡市桜宮町,近江八幡市桜宮町２１６－７,２１６－７,33-1310,株式会社おりづる,H08/07/19,,,,東近江,5627922.pdf
クリーニング所,ディリー・クリーナー伊庭取次所,521-1235,東近江市伊庭町,東近江市伊庭町２３０３,２３０３,42-0339,寺田 了峰,S48/11/20,,,,東近江,5627922.pdf
クリーニング所,ディリー・クリーナー沖野取次店,527-0034,東近江市沖野二丁目,東近江市沖野二丁目９－３２,９－３２,23-2774,デイリー・クリーナ株式 会社,H04/03/17,,,,東近江,5627922.pdf
クリーニング所,ディリー・クリーナー鎌掛取次所,529-1631,蒲生郡日野町鎌掛,蒲生郡日野町鎌掛２６９９,２６９９,52-0600,デイリー・クリーナ株式 会社,H06/07/25,,,,東近江,5627922.pdf
クリーニング所,ディリー・クリーナー上野田取次店,529-1642,蒲生郡日野町上野田,蒲生郡日野町上野田８４９,８４９,52-0121,デイリー・クリーナ株式 会社,H04/09/25,,,,東近江,5627922.pdf
クリーニング所,ディリー・クリーナー清田取次所,529-1636,蒲生郡日野町清田,蒲生郡日野町清田８６１－２,８６１－２,52-3993,デイリー・クリーナ株式 会社,H08/07/15,,,,東近江,5627922.pdf
クリーニング所,ディリー・クリーナー村井団地,529-1604,蒲生郡日野町村井,蒲生郡日野町村井８６８－１０,８６８－１０,52-4749,寺田 了峰,S59/11/26,,,,東近江,5627922.pdf
クリーニング所,ディリー・クリーナー大窪取次所,529-1603,蒲生郡日野町大窪,蒲生郡日野町大窪５４９,５４９,52-0520,デイリー・クリーナ株式 会社,H07/05/18,,,,東近江,5627922.pdf
クリーニング所,ディリー・クリーナー竜田取次店,529-1421,東近江市五個荘竜田町,東近江市五個荘竜田町１９１,１９１,48-3415,デイリー・クリーナ株式 会社,S62/07/06,,,,東近江,5627922.pdf
クリーニング所,デイリークリーナー株式会社本町４ 丁目取次所,523-0876,近江八幡市本町四丁目,近江八幡市本町四丁目１２番地,１２番地,,デイリー・クリーナ株式 会社,S62/03/23,,,,東近江,5627922.pdf
クリーニング所,デイリークリーナー江頭取次所,523-0061,近江八幡市江頭町,近江八幡市江頭町６７５,６７５,36-7674,寺田 了峰,S49/06/12,,,,東近江,5627922.pdf
クリーニング所,デイリークリーナー桜宮取次所,523-0893,近江八幡市桜宮町,近江八幡市桜宮町２２４－６,２２４－６,,寺田 了峰,S49/11/11,,,,東近江,5627922.pdf
クリーニング所,デイリークリーナー十王町取次所,523-0063,近江八幡市十王町,近江八幡市十王町８９６－４,８９６－４,36-8553,寺田 了峰,S56/04/21,,,,東近江,5627922.pdf
クリーニング所,デイリークリーナー上田町取次所,523-0015,近江八幡市上田町,近江八幡市上田町１５２７－２０,１５２７－２０,37-1289,寺田 了峰,S56/10/05,,,,東近江,5627922.pdf
クリーニング所,デイリークリーナー上野町取次所,523-0046,近江八幡市上野町,近江八幡市上野町８６,８６,34-8741,寺田 了峰,S49/06/12,,,,東近江,5627922.pdf
クリーニング所,デイリークリーナー生活センター竜 王店,520-2524,蒲生郡竜王町綾戸,蒲生郡竜王町綾戸３１７－１,３１７－１,57-1258,デイリー・クリーナ株式 会社,H03/04/25,,,,東近江,5627922.pdf
クリーニング所,デイリークリーナー倉橋部町取次店,523-0023,近江八幡市倉橋部町,近江八幡市倉橋部町２６４,２６４,37-0692,デイリー・クリーナ株式 会社,H05/01/27,,,,東近江,5627922.pdf
クリーニング所,デイリークリーナー池田虹の町ク リーニンング取次所,523-0043,近江八幡市池田本町,近江八幡市池田本町９２７－６,９２７－６,33-3525,寺田 了峰,S59/04/27,,,,東近江,5627922.pdf
クリーニング所,デイリークリーナー長田町取次所,523-0811,近江八幡市長田町,近江八幡市長田町４４８－１,４４８－１,37-4431,寺田 了峰,S54/05/12,,,,東近江,5627922.pdf
クリーニング所,デイリークリーナー田中江取次所,523-0057,近江八幡市田中江町,近江八幡市田中江町２６８,２６８,36-8570,デイリー・クリーナ株式 会社,S63/06/10,,,,東近江,5627922.pdf
クリーニング所,デイリークリーナー馬淵店,523-0022,近江八幡市馬淵町,近江八幡市馬淵町２５１６,２５１６,37-7029,デイリー・クリーナ株式 会社,H05/05/10,,,,東近江,5627922.pdf
クリーニング所,デイリークリーナー本町取次所,523-0876,近江八幡市本町二丁目,近江八幡市本町二丁目３０,３０,33-5349,寺田 了峰,S49/12/24,,,,東近江,5627922.pdf
クリーニング所,ぬくもりはうす,523-0813,近江八幡市西本郷町,近江八幡市西本郷町４０１－１,４０１－１,37-3148,奥谷 富士子,S57/09/14,,,,東近江,5627922.pdf
クリーニング所,ホワイト急便 近江八幡店,523-0892,近江八幡市出町,近江八幡市出町６９０,６９０,32-6691,村上 将治,H07/08/29,,,,東近江,5627922.pdf
クリーニング所,ホワイト急便 上田店,523-0015,近江八幡市上田町,近江八幡市上田町１４６１－２,１４６１－２,37-3855,村上 将治,H07/09/05,,,,東近江,5627922.pdf
クリーニング所,ホワイト急便 安土東,521-1311,近江八幡市安土町下豊 浦,近江八幡市安土町下豊 浦６－１１４,６－１１４,46-5044,村上 将治,H07/10/01,,,,東近江,5627922.pdf
クリーニング所,ホワイト急便 五個荘店,529-1431,東近江市五個荘山本町,東近江市五個荘山本町１７３,１７３,0748-48-2080,村上 将治,H13/11/02,,,,東近江,5627922.pdf
クリーニング所,ホワイト急便 佐野店,521-1222,東近江市佐野町,東近江市佐野町５８－２,５８－２,42-3569,村上 将治,H09/09/18,,,,東近江,5627922.pdf
クリーニング所,ホワイト急便 長峰営業所,529-1541,東近江市蒲生堂町,東近江市蒲生堂町３４０－８８,３４０－８８,55-2841,有限会社ミヤマ,H09/08/25,,,,東近江,5627922.pdf
クリーニング所,ホワイト急便 能登川店,521-1221,東近江市垣見町,東近江市垣見町８４９－２１,８４９－２１,42-1241,村上 将治,H07/07/31,,,,東近江,5627922.pdf
クリーニング所,ホワイト急便しのはら店,523-0046,近江八幡市上野町,近江八幡市上野町１７１－１,１７１－１,0748-34-8259,村上 将治,H11/10/01,,,,東近江,5627922.pdf
クリーニング所,ホワイト急便安土店,521-1351,近江八幡市安土町常楽 寺,近江八幡市安土町常楽 寺８７２－２,８７２－２,46-2353,村上 将治,H12/12/01,,,,東近江,5627922.pdf
クリーニング所,ホワイト急便湖東店,527-0123,東近江市中岸本町,東近江市中岸本町５０,５０,45-3803,村上 将治,H08/03/25,,,,東近江,5627922.pdf
クリーニング所,ホワイト急便幸店,527-0031,東近江市幸町,東近江市幸町１－４９,１－４９,25-0222,村上 将治,H11/02/17,,,,東近江,5627922.pdf
クリーニング所,ホワイト急便小脇店,527-0091,東近江市小脇町,東近江市小脇町２４１６－１６,２４１６－１６,23-0453,村上 将治,H10/09/30,,,,東近江,5627922.pdf
クリーニング所,ホワイト急便倉橋部店,523-0023,近江八幡市倉橋部町,近江八幡市倉橋部町２６０－６,２６０－６,0748-37-6387,村上 将治,H11/09/22,,,,東近江,5627922.pdf
クリーニング所,マエダクリーニング マックスバ リュー店,527-0057,東近江市岡田町,東近江市岡田町１１８,１１８,24-5142,株式会社マエダクリーニ ング,H12/09/08,,,,東近江,5627922.pdf
クリーニング所,マエダクリーニングタキグチ店,527-0075,東近江市三津屋町,東近江市三津屋町２７４－４,２７４－４,22-1739,株式会社マエダクリーニ ング,H03/03/16,,,,東近江,5627922.pdf
クリーニング所,マエダクリーニングみどり町店,527-0025,東近江市八日市東本町,東近江市八日市東本町６－９,６－９,23-1837,株式会社マエダクリーニ ング,S50/12/26,,,,東近江,5627922.pdf
クリーニング所,マエダクリーニング沖野店,527-0033,東近江市東沖野五丁目,東近江市東沖野五丁目１２－５,１２－５,23-2403,株式会社マエダクリーニ ング,H02/02/13,,,,東近江,5627922.pdf
クリーニング所,マエダクリーニング蒲生店,529-1531,東近江市市子川原町,東近江市市子川原町６１６－１,６１６－１,55-1415,坂谷 清和,H16/04/13,,,,東近江,5627922.pdf
クリーニング所,マエダクリーニング近江八幡店,523-0031,近江八幡市堀上町,近江八幡市堀上町１５０－３,１５０－３,0748-33-8939,株式会社マエダクリーニ ング,H20/06/30,,,,東近江,5627922.pdf
クリーニング所,マエダクリーニング金屋本店,527-0028,東近江市八日市金屋二 丁目,東近江市八日市金屋二 丁目２－３,２－３,22-0451,株式会社マエダクリーニ ング,H08/02/07,,,,東近江,5627922.pdf
クリーニング所,マエダクリーニング清水町店,527-0018,東近江市八日市清水一 丁目,東近江市八日市清水一 丁目２－９,２－９,,株式会社マエダクリーニ ング,S58/03/30,,,,東近江,5627922.pdf
クリーニング所,マエダクリーニング中野店,527-0015,東近江市中野町,東近江市中野町９８９－３,９８９－３,22-2897,株式会社マエダクリーニ ング,S60/08/23,,,,東近江,5627922.pdf
クリーニング所,マエダクリーニング長峰店,529-1551,東近江市宮川町,東近江市宮川町２４８－１０６,２４８－１０６,55-2211,株式会社マエダクリーニ ング,H04/02/19,,,,東近江,5627922.pdf
クリーニング所,マエダクリーニング八風店,527-0025,東近江市八日市東本町,東近江市八日市東本町１１－３,１１－３,22-5511,株式会社マエダクリーニ ング,H08/02/07,,,,東近江,5627922.pdf
クリーニング所,マエダクリーニング平木店,527-0086,東近江市上平木町,東近江市上平木町８６９,８６９,22-2253,株式会社マエダクリーニ ング,H08/02/23,,,,東近江,5627922.pdf
クリーニング所,マエダクリーニング 湖東横溝店,527-0135,東近江市横溝町,東近江市横溝町２２８,２２８,0749-45-0240,株式会社マエダクリーニ ング,H11/07/07,,,,東近江,5627922.pdf
クリーニング所,マルゼンショップセンター,521-1222,東近江市佐野町,東近江市佐野町６０９－１,６０９－１,42-5177,西田 平四,S54/08/01,,,,東近江,5627922.pdf
クリーニング所,ミカドクリーニング店,523-0012,近江八幡市武佐町,近江八幡市武佐町５２４,５２４,0748-37-7653,山下 昇,S39/12/01,,,,東近江,5627922.pdf
クリーニング所,ミッキーのクリーニング橋本屋今営 業所,521-1211,東近江市今町,東近江市今町４９１－３,４９１－３,42-4802,橋本 光錫,H01/04/06,,,,東近江,5627922.pdf
クリーニング所,ヨシハラクリーニング音羽店,523-0856,近江八幡市音羽町,近江八幡市音羽町１９－９,１９－９,0748-34-6466,株式会社ヨシハラシステ ムズ,H13/04/02,,,,東近江,5627922.pdf
クリーニング所,ヨシハラクリーニング五個荘店,529-1444,東近江市五個荘石塚町,東近江市五個荘石塚町２４ フレンドマート内,２４ フレンドマート内,0748-48-7533,株式会社ヨシハラシステ ムズ,H12/07/28,,,,東近江,5627922.pdf
クリーニング所,ヨシハラクリーニング上田店,523-0015,近江八幡市上田町,近江八幡市上田町１２８５－１,１２８５－１,37-1481,株式会社ヨシハラシステ ムズ,H11/07/19,,,,東近江,5627922.pdf
クリーニング所,ヨシハラ菱岡取次所,521-1205,東近江市躰光寺町,東近江市躰光寺町４６２－３,４６２－３,42-4259,吉原 重雄,S59/06/30,,,,東近江,5627922.pdf
クリーニング所,伊藤クリーニング店,529-1571,東近江市川合町,東近江市川合町１４７４,１４７４,55-0077,伊藤 正徳,S31/01/20,,,,東近江,5627922.pdf
クリーニング所,株式会社ダスキン湖南 ダスキン蒲 生野支店,527-0091,東近江市小脇町,東近江市小脇町３４５－１,３４５－１,0748-23-6122,株式会社ダスキン湖南,H15/05/23,,,,東近江,5627922.pdf
クリーニング所,株式会社マエダクリーニング,527-0011,東近江市八日市浜野町,東近江市八日市浜野町７－２１,７－２１,22-0787,株式会社マエダクリーニ ング,H10/03/31,,,,東近江,5627922.pdf
クリーニング所,三正舎クリーニング丸の内営業所,523-0062,近江八幡市丸の内町,近江八幡市丸の内町７－８２,７－８２,32-8972,村井 光男,H06/05/23,,,,東近江,5627922.pdf
クリーニング所,三正舎クリーニング新古川営業所,523-0056,近江八幡市古川町,近江八幡市古川町１１９０,１１９０,34-8448,村井 光男,H06/05/23,,,,東近江,5627922.pdf
クリーニング所,山下ランドリー,527-0211,東近江市永源寺相谷町,東近江市永源寺相谷町１０５６－１,１０５６－１,27-0070,金山 光夫,S45/07/01,,,,東近江,5627922.pdf
クリーニング所,こばやしクリーニング,529-1601,蒲生郡日野町松尾,蒲生郡日野町松尾５－９,５－９,52-2005,小林 久司,H02/02/26,,,,東近江,5627922.pdf
クリーニング所,小林クリーニング,523-0821,近江八幡市多賀町,近江八幡市多賀町６１５,６１５,32-6215,小林 栄次,S39/02/26,,,,東近江,5627922.pdf
クリーニング所,森岡クリーニング店,520-2521,蒲生郡竜王町川守,蒲生郡竜王町川守５２０,５２０,57-0045,森岡 昭次,S59/04/03,,,,東近江,5627922.pdf
クリーニング所,西川ランドリー,523-0824,近江八幡市大工町,近江八幡市大工町２５,２５,32-2647,西川 哲男,S62/10/31,,,,東近江,5627922.pdf
クリーニング所,前田クリーニングカトレア営業所,523-0021,近江八幡市長福寺町,近江八幡市長福寺町３２７－１,３２７－１,37-5345,株式会社マエダクリーニ ング,H01/03/18,,,,東近江,5627922.pdf
クリーニング所,前田クリーニング竜王店,520-2511,蒲生郡竜王町林,蒲生郡竜王町林５７０,５７０,57-1505,株式会社マエダクリーニ ング,H03/06/15,,,,東近江,5627922.pdf
クリーニング所,相互クリーニング森脇チェーン,523-0044,近江八幡市篠原町一丁 目,近江八幡市篠原町一丁 目６－２２,６－２２,34-6834,有限会社相互ランドリー,S62/05/27,,,,東近江,5627922.pdf
クリーニング所,大西クリーニング店,523-0871,近江八幡市新町三丁目,近江八幡市新町三丁目８,８,32-2624,橋本 節子,H08/06/13,,,,東近江,5627922.pdf
クリーニング所,池田クリーニング店,523-0012,近江八幡市武佐町,近江八幡市武佐町６７７,６７７,37-0816,池田 秀夫,S55/06/14,,,,東近江,5627922.pdf
クリーニング所,中屋クリーニング,523-0892,近江八幡市出町,近江八幡市出町４６６,４６６,32-2870,坂田 芳生,S46/02/01,,,,東近江,5627922.pdf
クリーニング所,朝日屋クリーニング,523-0058,近江八幡市加茂町,近江八幡市加茂町８４４－６,８４４－６,34-6176,中川 正治,H04/04/10,,,,東近江,5627922.pdf
クリーニング所,田井中クリーニング店,527-0214,東近江市甲津畑町,東近江市甲津畑町１１４４,１１４４,27-1613,田井中 勤,S48/02/05,,,,東近江,5627922.pdf
クリーニング所,東洋クリーニング近江八幡店,523-0032,近江八幡市白鳥町,近江八幡市白鳥町１１９,１１９,33-7682,宮田 徳志,H09/05/20,,,,東近江,5627922.pdf
クリーニング所,東洋クリーニング美松台取次店,520-2564,蒲生郡竜王町山面,蒲生郡竜王町山面３７３－１１０,３７３－１１０,58-1471,綾 節子,S60/07/05,,,,東近江,5627922.pdf
クリーニング所,東洋ドライクリーニンググリーン ショップセンター,523-0815,近江八幡市若葉町三丁 目,近江八幡市若葉町三丁 目１７９５－１１,１７９５－１１,37-3622,鈴木 喜展,S51/01/17,,,,東近江,5627922.pdf
クリーニング所,白洋舎 八日市取次所,527-0018,東近江市八日市清水三 丁目,東近江市八日市清水三 丁目２４４－４,２４４－４,25-0260,岡田 玲子,H09/11/13,,,,東近江,5627922.pdf
クリーニング所,白洋舎八幡北店,523-0857,近江八幡市八幡町,近江八幡市八幡町１５２,１５２,32-5775,寺岡 詔子,S59/04/12,,,,東近江,5627922.pdf
クリーニング所,伏見屋クリーニング,521-1351,近江八幡市安土町常楽 寺,近江八幡市安土町常楽 寺２８１,２８１,46-2740,深尾 紀三,S33/03/26,,,,東近江,5627922.pdf
クリーニング所,平和堂アルプラザ近江八幡 ヨシハ ラクリーニング,523-0893,近江八幡市桜宮町,近江八幡市桜宮町２０２ 平和堂アルプラ アザ近江八幡１Ｆ,２０２ 平和堂アルプラ アザ近江八幡１Ｆ,0748-32-2317,株式会社ヨシハラシステ ムズ,H19/06/01,,,,東近江,5627922.pdf
クリーニング所,有限会社クリーンハウス鷹飼店,523-0891,近江八幡市鷹飼町,近江八幡市鷹飼町１０４－３,１０４－３,37-0173,森 佳子,H08/04/19,,,,東近江,5627922.pdf
クリーニング所,株式会社松村商事,523-0016,近江八幡市千僧供町,近江八幡市千僧供町５９７,５９７,0748-37-7481,株式会社松村商事,H21/04/27,,,,東近江,5627922.pdf
クリーニング所,有限会社ホワイト急便彦根 鷹飼店,523-0891,近江八幡市鷹飼町,近江八幡市鷹飼町５３０,５３０,0748-32-0345,有限会社ホワイト急便彦 根,H22/05/24,,,,東近江,5627922.pdf
クリーニング所,京屋クリーニング竜王店,520-2552,蒲生郡竜王町小口,蒲生郡竜王町小口１６６４－１フレンドタ ウン竜王店１Ｆ,１６６４－１フレンドタ ウン竜王店１Ｆ,0748-58-2321,京屋クリーニング有限会 社,H23/02/06,,,,東近江,5627922.pdf
クリーニング所,株式会社ワタセ,521-1311,近江八幡市安土町下豊 浦,近江八幡市安土町下豊 浦２,２,0748-46-2103,株式会社ワタセ,H23/05/12,,,,東近江,5627922.pdf
クリーニング所,ＳＥＩＹＯＳＨＡ マックスバリュ 東近江店,527-0039,東近江市青葉町,東近江市青葉町２－８－１,２－８－１,0748-25-5225,株式会社西洋舎,H23/08/02,,,,東近江,5627922.pdf
クリーニング所,ＳＥＩＹＯＳＨＡ フレスコ 能登 川 店,521-1224,東近江市林町,東近江市林町１３７,１３７,0748-42-7833,株式会社西洋舎,H23/08/05,,,,東近江,5627922.pdf
クリーニング所,ＳＥＩＹＯＳＨＡ 八日市店,527-0011,東近江市八日市浜野町,東近江市八日市浜野町３－３,３－３,0748-23-6566,株式会社西洋舎,H23/12/16,,,,東近江,5627922.pdf
クリーニング所,ディリー・クリーナー呉服のいちか わ,529-1601,蒲生郡日野町松尾,蒲生郡日野町松尾１５６７,１５６７,0748-52-0306,ディリー・クリーナー株 式会社,H24/02/27,,,,東近江,5627922.pdf
クリーニング所,マエダクリーニング五個荘店,529-1443,東近江市五個荘北町屋 町,東近江市五個荘北町屋 町３４７－１,３４７－１,0748-48-2480,株式会社マエダクリーニ ング,H24/03/10,,,,東近江,5627922.pdf
クリーニング所,マエダクリーニング能登川店,521-1224,東近江市林町,東近江市林町６２４,６２４,0748-42-6220,株式会社マエダクリーニ ング,H24/04/10,,,,東近江,5627922.pdf
クリーニング所,クリーニングの(株)マルニシ能登川 店,521-1222,東近江市佐野町,東近江市佐野町６１３－７,６１３－７,0748-42-4384,株式会社マルニシ,H25/02/08,,,,東近江,5627922.pdf
クリーニング所,ヨシハラクリーニング フレンド マート能登川店,521-1221,東近江市垣見町,東近江市垣見町１５１５,１５１５,0748-42-3350,株式会社ヨシハラシステ ムズ,H25/06/21,,,,東近江,5627922.pdf
クリーニング所,マエダクリーニング江頭店,523-0063,近江八幡市十王町,近江八幡市十王町８９－３,８９－３,0748-32-0039,株式会社マエダクリーニ ング,H26/03/20,,,,東近江,5627922.pdf
クリーニング所,かめやクリーニング フレンドタウ ン日野店,529-1601,蒲生郡日野町松尾,蒲生郡日野町松尾８４４－１０,８４４－１０,0748-53-0746,株式会社かめやクリーニ ング,H26/04/08,,,,東近江,5627922.pdf
クリーニング所,ヒダメディカル有限会社 東近江営 業所,529-1422,東近江市五個荘小幡町,東近江市五個荘小幡町８２２－１,８２２－１,0749-25-3910,ヒダメディカル有限会社,H26/09/02,,,,東近江,5627922.pdf
クリーニング所,マエダクリーニングピアゴ店,527-0016,東近江市今崎町,東近江市今崎町１６３ ピアゴ今崎店１ Ｆ,１６３ ピアゴ今崎店１ Ｆ,0748-25-5968,株式会社マエダクリーニ ング,H26/12/01,,,,東近江,5627922.pdf
クリーニング所,京屋クリーニング安土店,521-1311,近江八幡市安土町下豊 浦,近江八幡市安土町下豊 浦２７８０－１,２７８０－１,0748-46-5084,京屋クリーニング有限会 社,H27/02/02,,,,東近江,5627922.pdf
クリーニング所,京屋クリーニング蒲生店,529-1537,東近江市市子殿町,東近江市市子殿町１３８６,１３８６,0748-55-4035,京屋クリーニング有限会 社,H27/02/02,,,,東近江,5627922.pdf
クリーニング所,ヨシハラクリーニング アル・プラ ザ近江八幡店,523-0893,近江八幡市桜宮町,近江八幡市桜宮町２０２－１,２０２－１,0748-32-2317,株式会社ヨシハラシステ ムズ,H27/02/09,,,,東近江,5627922.pdf
クリーニング所,トラスコ中山株式会社 プラネット 滋賀,520-2552,蒲生郡竜王町小口,蒲生郡竜王町小口１１４０－３,１１４０－３,0748-58-5121,トラスコ中山株式会社,H27/09/24,,,,東近江,5627922.pdf
クリーニング所,マエダクリーニング アピア店,527-0011,東近江市八日市浜野町,東近江市八日市浜野町３－１,３－１,0748-24-0881,株式会社マエダクリーニ ング,H27/11/12,,,,東近江,5627922.pdf
クリーニング所,株式会社ヒロコーポレーション 八 日市工場,527-0004,東近江市建部堺町,東近江市建部堺町３５,３５,0748-36-2266,株式会社ヒロコーポレー ション,H28/09/28,,,,東近江,5627922.pdf
クリーニング所,エコウォッシュ寝具ランドリー,523-0016,近江八幡市千僧供町,近江八幡市千僧供町５９７,５９７,0748-37-7481,株式会社松村,H30/05/08,,,,東近江,5627922.pdf
クリーニング所,ヤングドライ八幡鷹飼店,523-0891,近江八幡市鷹飼町,近江八幡市鷹飼町４５２－１,４５２－１,0748-33-6789,株式会社ヤングドライ滋 賀,H30/11/29,,,,東近江,5627922.pdf
クリーニング所,マエダクリーニング日野店,529-1601,蒲生郡日野町松尾一丁 目,蒲生郡日野町松尾一丁 目５６,５６,0748-53-1284,株式会社マエダクリーニ ング,H30/12/27,,,,東近江,5627922.pdf
クリーニング所,マエダクリーニング安土店,521-1311,近江八幡市安土町下豊 浦,近江八幡市安土町下豊 浦４５５２－１,４５５２－１,0748-46-5075,株式会社マエダクリーニ ング,R02/05/01,,,,東近江,5627922.pdf
クリーニング所,ホワイト急便 フレンドマート湖東 店,527-0124,東近江市下岸本町,東近江市下岸本町７７,７７,0749-42-6569,有限会社ホワイト急便彦 根,R03/09/22,,,,東近江,5627922.pdf
クリーニング所,＊ＯＫクリーニング店,522-0056,彦根市開出今町,彦根市開出今町４１１,４１１,28-0835,西川 照子,S40/12/10,,,,彦根,5627922.pdf
クリーニング所,＊おがわクリーニング店,529-1235,愛知郡愛荘町目加田,愛知郡愛荘町目加田８１４,８１４,37-4127,小川 利與,S63/01/30,,,,彦根,5627922.pdf
クリーニング所,クリーニングのシロヤ旭町取次店,522-0073,彦根市旭町,彦根市旭町４－３０,４－３０,24-4336,株式会社白屋綜合クリー ニングセンター,H06/04/28,,,,彦根,5627922.pdf
クリーニング所,クリーニングのシロヤ沓掛取次店,529-1315,愛知郡愛荘町沓掛,愛知郡愛荘町沓掛３９１－２,３９１－２,42-4394,株式会社白屋綜合クリー ニングセンター,S57/09/28,,,,彦根,5627922.pdf
クリーニング所,クリーニングのシロヤ広野取次店,522-0238,彦根市広野町,彦根市広野町１２０－８,１２０－８,28-0440,株式会社白屋綜合クリー ニングセンター,H08/02/08,,,,彦根,5627922.pdf
クリーニング所,クリーニングのシロヤ高宮取次店,522-0201,彦根市高宮町,彦根市高宮町８６１,８６１,22-1868,株式会社白屋綜合クリー ニングセンター,S52/06/15,,,,彦根,5627922.pdf
クリーニング所,クリーニングのシロヤ小泉取次店,522-0043,彦根市小泉町,彦根市小泉町８５４,８５４,22-8494,株式会社白屋綜合クリー ニングセンター,H02/03/12,,,,彦根,5627922.pdf
クリーニング所,クリーニングのシロヤ西今取次店,522-0054,彦根市西今町,彦根市西今町５１０,５１０,22-3384,株式会社白屋綜合クリー ニングセンター,S54/02/21,,,,彦根,5627922.pdf
クリーニング所,クリーニングのシロヤ中本取次店,522-0201,彦根市高宮町,彦根市高宮町２２３６,２２３６,22-0958,株式会社白屋綜合クリー ニングセンター,S47/01/12,,,,彦根,5627922.pdf
クリーニング所,クリーニングのシロヤ鳥居本取次店,522-0004,彦根市鳥居本町,彦根市鳥居本町１８５０,１８５０,23-9599,株式会社白屋綜合クリー ニングセンター,S57/10/01,,,,彦根,5627922.pdf
クリーニング所,クリーニングのシロヤ馬場取次店,522-0069,彦根市馬場一丁目,彦根市馬場一丁目２－４,２－４,23-3016,株式会社白屋綜合クリー ニングセンター,S54/02/21,,,,彦根,5627922.pdf
クリーニング所,クリーニング白水舎中薮取次所,522-0051,彦根市中藪一丁目,彦根市中藪一丁目７－９,７－９,23-0969,水野 光広,S55/02/27,,,,彦根,5627922.pdf
クリーニング所,クリーニング白水舎平田営業所,522-0041,彦根市平田町,彦根市平田町７８４－２,７８４－２,,水野 光広,S55/03/27,,,,彦根,5627922.pdf
クリーニング所,クリーニングのマルニシ フレンド マート稲枝店,521-1124,彦根市野良田町,彦根市野良田町３００－１,３００－１,0749-43-6954,株式会社マルニシ,H12/05/24,,,,彦根,5627922.pdf
クリーニング所,シガドライ佐和町店,522-0075,彦根市佐和町,彦根市佐和町９－２５,９－２５,,株式会社シガドライウィ ザース,S53/04/08,,,,彦根,5627922.pdf
クリーニング所,シガドライ市場店,522-0064,彦根市本町一丁目,彦根市本町一丁目８－２９,８－２９,,株式会社シガドライウィ ザース,S64/01/01,,,,彦根,5627922.pdf
クリーニング所,ディリー・クリーナー南川瀬店,522-0222,彦根市南川瀬町,彦根市南川瀬町１０７５,１０７５,0749-25-0538,デイリー・クリーナ株式 会社,H11/04/27,,,,彦根,5627922.pdf
クリーニング所,ディリー．クリーナー旭取次所,522-0073,彦根市旭町,彦根市旭町５－３４,５－３４,,デイリー・クリーナ株式 会社,S56/08/03,,,,彦根,5627922.pdf
クリーニング所,ディリー．クリーナー外町店,522-0009,彦根市外町,彦根市外町２３１－８,２３１－８,,デイリー・クリーナ株式 会社,H05/04/08,,,,彦根,5627922.pdf
クリーニング所,ディリー．クリーナー銀座取次所,522-0088,彦根市銀座町,彦根市銀座町４－２３,４－２３,,デイリー・クリーナ株式 会社,S62/11/13,,,,彦根,5627922.pdf
クリーニング所,ディリー．クリーナー元岡町取次所,522-0035,彦根市元岡町,彦根市元岡町１０,１０,,デイリー・クリーナ株式 会社,S55/07/26,,,,彦根,5627922.pdf
クリーニング所,ディリー．クリーナー原町店,522-0023,彦根市原町,彦根市原町８５０－９９,８５０－９９,,デイリー・クリーナ株式 会社,H04/01/14,,,,彦根,5627922.pdf
クリーニング所,ディリー．クリーナー戸賀町近江カ ラー取次所,522-0042,彦根市戸賀町,彦根市戸賀町９５－１８,９５－１８,,デイリー・クリーナ株式 会社,S63/02/01,,,,彦根,5627922.pdf
クリーニング所,ディリー．クリーナー戸賀店,522-0042,彦根市戸賀町,彦根市戸賀町２４０,２４０,,デイリー・クリーナ株式 会社,H01/07/21,,,,彦根,5627922.pdf
クリーニング所,ディリー．クリーナー後三条店,522-0086,彦根市後三条町,彦根市後三条町２８２,２８２,,デイリー・クリーナ株式 会社,H04/03/18,,,,彦根,5627922.pdf
クリーニング所,ディリー．クリーナー三谷商事取次 所,522-0051,彦根市中藪町,彦根市中藪町６０７,６０７,,デイリー・クリーナ株式 会社,H03/07/23,,,,彦根,5627922.pdf
クリーニング所,ディリー．クリーナー市取次所,529-1313,愛知郡愛荘町市,愛知郡愛荘町市１３０７－２,１３０７－２,,デイリー・クリーナ株式 会社,S63/10/29,,,,彦根,5627922.pdf
クリーニング所,ディリー．クリーナー小泉町取次所,522-0043,彦根市小泉町,彦根市小泉町９４－５,９４－５,,デイリー・クリーナ株式 会社,S48/10/20,,,,彦根,5627922.pdf
クリーニング所,ディリー．クリーナー松田団地店,522-0054,彦根市西今町,彦根市西今町１０４１－１,１０４１－１,23-1189,デイリー・クリーナ株式 会社,H08/04/24,,,,彦根,5627922.pdf
クリーニング所,ディリー．クリーナー城町店,522-0068,彦根市城町一丁目,彦根市城町一丁目４－１７,４－１７,0749-24-6865,デイリー・クリーナ株式 会社,H10/12/07,,,,彦根,5627922.pdf
クリーニング所,ディリー．クリーナー多賀取次所,522-0341,犬上郡多賀町多賀,犬上郡多賀町多賀５７６,５７６,,デイリー・クリーナ株式 会社,S62/02/28,,,,彦根,5627922.pdf
クリーニング所,ディリー．クリーナー大薮取次所,522-0053,彦根市大藪町,彦根市大藪町１６６１－１,１６６１－１,,デイリー・クリーナ株式 会社,S54/08/01,,,,彦根,5627922.pdf
クリーニング所,ディリー．クリーナー大薮店,522-0053,彦根市大藪町,彦根市大藪町２０３４－２,２０３４－２,,デイリー・クリーナ株式 会社,H10/11/24,,,,彦根,5627922.pdf
クリーニング所,ディリー．クリーナー竹原取次所,529-1208,愛知郡愛荘町竹原,愛知郡愛荘町竹原１０３０－３,１０３０－３,,デイリー・クリーナ株式 会社,S61/11/29,,,,彦根,5627922.pdf
クリーニング所,ディリー．クリーナー中央町取次所,522-0063,彦根市中央町,彦根市中央町６－２０,６－２０,,デイリー・クリーナ株式 会社,S62/01/23,,,,彦根,5627922.pdf
クリーニング所,ディリー．クリーナー鳥居本取次所,522-0004,彦根市鳥居本町,彦根市鳥居本町６５９－４,６５９－４,,デイリー・クリーナ株式 会社,S54/10/25,,,,彦根,5627922.pdf
クリーニング所,ディリー．クリーナー南川瀬店,522-0222,彦根市南川瀬町,彦根市南川瀬町１２４３,１２４３,,デイリー・クリーナ株式 会社,H05/03/18,,,,彦根,5627922.pdf
クリーニング所,ディリー．クリーナー日夏取次所,522-0047,彦根市日夏町,彦根市日夏町１９７９,１９７９,,デイリー・クリーナ株式 会社,S49/01/14,,,,彦根,5627922.pdf
クリーニング所,ディリー．クリーナー彦富取次所,521-1114,彦根市彦富町,彦根市彦富町１７６３,１７６３,,デイリー・クリーナ株式 会社,S48/12/15,,,,彦根,5627922.pdf
クリーニング所,ディリー．クリーナー平田町取次所,522-0041,彦根市平田町,彦根市平田町８９１,８９１,,デイリー・クリーナ株式 会社,S48/11/19,,,,彦根,5627922.pdf
クリーニング所,ディリー．クリーナー和田町取次所,522-0039,彦根市和田町,彦根市和田町５３,５３,,デイリー・クリーナ株式 会社,S56/07/09,,,,彦根,5627922.pdf
クリーニング所,デイリー・クリーナー株式会社,522-0022,彦根市里根町,彦根市里根町１６６,１６６,23-2640,デイリー・クリーナ株式 会社,S61/05/20,,,,彦根,5627922.pdf
クリーニング所,ホワイト急便 沖店,529-1213,愛知郡愛荘町沖,愛知郡愛荘町沖２２２－６,２２２－６,0749-37-3082,村上 将治,H11/03/16,,,,彦根,5627922.pdf
クリーニング所,ホワイト急便 蚊野店,529-1206,愛知郡愛荘町蚊野,愛知郡愛荘町蚊野５８４,５８４,0749-37-2001,村上 将治,H11/09/17,,,,彦根,5627922.pdf
クリーニング所,ホワイト急便 甘呂店,522-0046,彦根市甘呂町,彦根市甘呂町２５５－５,２５５－５,28-7600,村上 将治,H15/03/20,,,,彦根,5627922.pdf
クリーニング所,ホワイト急便 原店,522-0023,彦根市原町,彦根市原町８００－５２,８００－５２,0749-23-6223,村上 将治,H11/09/21,,,,彦根,5627922.pdf
クリーニング所,ホワイト急便 市店,529-1313,愛知郡愛荘町市,愛知郡愛荘町市１０３６,１０３６,0749-42-2335,村上 将治,H11/02/15,,,,彦根,5627922.pdf
クリーニング所,ホワイト急便 平田店,522-0041,彦根市平田町,彦根市平田町７８４－２,７８４－２,26-6085,村上 将治,H14/08/19,,,,彦根,5627922.pdf
クリーニング所,ホワイト急便エムアンドエムギミッ ク店,522-0041,彦根市平田町,彦根市平田町６９６－２,６９６－２,,村上 将治,H07/05/01,,,,彦根,5627922.pdf
クリーニング所,ホワイト急便稲枝店,521-1123,彦根市肥田町,彦根市肥田町９８８－２,９８８－２,43-4675,村上 将治,H08/03/25,,,,彦根,5627922.pdf
クリーニング所,ホワイト急便犬方店,522-0236,彦根市犬方町,彦根市犬方町８１８,８１８,28-0138,村上 将治,H09/10/03,,,,彦根,5627922.pdf
クリーニング所,ホワイト急便鳥居本店,522-0004,彦根市鳥居本町,彦根市鳥居本町６８２,６８２,22-3896,村上 将治,H07/10/31,,,,彦根,5627922.pdf
クリーニング所,ホワイト急便彦根,529-1223,愛知郡愛荘町島川,愛知郡愛荘町島川１８２,１８２,42-6569,村上 将治,H07/05/23,,,,彦根,5627922.pdf
クリーニング所,ホワイト急便彦根 あおぞら店,522-0056,彦根市開出今町,彦根市開出今町１４００－２,１４００－２,0749-26-2093,有限会社ホワイト急便彦 根,H17/12/16,,,,彦根,5627922.pdf
クリーニング所,ホワイト急便彦根 宇尾店,522-0239,彦根市宇尾町,彦根市宇尾町１４５,１４５,0749-22-2428,有限会社ホワイト急便彦 根,H17/12/16,,,,彦根,5627922.pdf
クリーニング所,ホワイト急便彦根豊満店,529-1321,愛知郡愛荘町豊満,愛知郡愛荘町豊満１２９２－３,１２９２－３,0749-42-5431,有限会社ホワイト急便彦 根,H15/12/12,,,,彦根,5627922.pdf
クリーニング所,マエダクリーニング 愛知川店,529-1321,愛知郡愛荘町豊満,愛知郡愛荘町豊満４９０－２,４９０－２,0749-42-3449,株式会社マエダクリーニ ング,H15/09/18,,,,彦根,5627922.pdf
クリーニング所,マルニシクリーニングマルゼンアス ト店,529-1175,犬上郡豊郷町沢,犬上郡豊郷町沢２５０－１,２５０－１,35-3565,株式会社マルニシ,H07/11/29,,,,彦根,5627922.pdf
クリーニング所,ヨシハラクリーニング フレンド マート地蔵店,522-0029,彦根市地蔵町,彦根市地蔵町１８０－３,１８０－３,,株式会社ヨシハラシステ ムズ,H20/07/14,,,,彦根,5627922.pdf
クリーニング所,ヨシハラクリーニング ベイシア彦 根店,522-0069,彦根市馬場二丁目,彦根市馬場二丁目１－１ ベイシア内,１－１ ベイシア内,27-2548,株式会社ヨシハラシステ ムズ,H17/07/11,,,,彦根,5627922.pdf
クリーニング所,ヨシハラクリーニング 秦荘店,529-1233,愛知郡愛荘町東出,愛知郡愛荘町東出４９０－２／フレンド マート秦荘店内,４９０－２／フレンド マート秦荘店内,37-4079,株式会社ヨシハラシステ ムズ,H15/06/17,,,,彦根,5627922.pdf
クリーニング所,ヨシハラクリーニング西今店,522-0054,彦根市西今町,彦根市西今町８５０－４８,８５０－４８,,株式会社ヨシハラシステ ムズ,S61/06/25,,,,彦根,5627922.pdf
クリーニング所,ヨシハラクリーニング巴里屋店,522-0052,彦根市長曽根南町,彦根市長曽根南町４７２－２,４７２－２,,株式会社ヨシハラシステ ムズ,S55/11/13,,,,彦根,5627922.pdf
クリーニング所,ヨシハラクリーニング銀座店,522-0088,彦根市銀座町,彦根市銀座町６－１０ ㈱平和堂 彦 根銀座店,６－１０ ㈱平和堂 彦 根銀座店,0749-26-7978,株式会社ヨシハラシステ ムズ,H11/12/09,,,,彦根,5627922.pdf
クリーニング所,株式会社クレール,522-0314,犬上郡多賀町四手,犬上郡多賀町四手３４８－３,３４８－３,0749-48-2234,株式会社クレール,H10/07/02,,,,彦根,5627922.pdf
クリーニング所,株式会社シガドライウィザース,522-0222,彦根市南川瀬町,彦根市南川瀬町１５４７,１５４７,0749-25-1393,株式会社シガドライウィ ザース,S42/03/30,,,,彦根,5627922.pdf
クリーニング所,京屋クリーニング エイブル取次所,522-0041,彦根市平田町,彦根市平田町６８４－２,６８４－２,23-8835,京屋クリーニング有限会 社,H14/10/07,,,,彦根,5627922.pdf
クリーニング所,京屋クリーニングＶｉｖａＣｉｔｙ 店,522-0044,彦根市竹ケ鼻町,彦根市竹ケ鼻町４３－１,４３－１,24-9180,京屋クリーニング有限会 社,H08/04/18,,,,彦根,5627922.pdf
クリーニング所,京屋クリーニングアモール店,529-1331,愛知郡愛荘町愛知川,愛知郡愛荘町愛知川５８,５８,,京屋クリーニング有限会 社,H05/02/05,,,,彦根,5627922.pdf
クリーニング所,京屋クリーニング城町営業所,522-0068,彦根市城町一丁目,彦根市城町一丁目５－１４,５－１４,,京屋クリーニング有限会 社,S52/01/11,,,,彦根,5627922.pdf
クリーニング所,京屋クリーニング田附取次所,521-1145,彦根市南三ツ谷町,彦根市南三ツ谷町１８２２,１８２２,,京屋クリーニング有限会 社,S52/03/31,,,,彦根,5627922.pdf
クリーニング所,京屋クリーニング彦根南店,522-0052,彦根市長曽根南町,彦根市長曽根南町５５０,５５０,,京屋クリーニング有限会 社,H02/07/11,,,,彦根,5627922.pdf
クリーニング所,京屋クリーニング富忠取次所,529-1156,彦根市清崎町,彦根市清崎町７９６,７９６,,京屋クリーニング有限会 社,S57/07/12,,,,彦根,5627922.pdf
クリーニング所,京屋クリーニング脇坂取次所,522-0041,彦根市平田町,彦根市平田町８２１－９,８２１－９,,京屋クリーニング有限会 社,S52/01/11,,,,彦根,5627922.pdf
クリーニング所,小鉢クリーニング店,522-0081,彦根市京町一丁目,彦根市京町一丁目７－１０,７－１０,22-5726,小鉢 敏彦,H04/10/22,,,,彦根,5627922.pdf
クリーニング所,西澤ドライ,529-1165,犬上郡豊郷町吉田,犬上郡豊郷町吉田１２３３,１２３３,0749-35-4536,西澤 博一,H04/11/12,,,,彦根,5627922.pdf
クリーニング所,大黒屋クリーニング店,522-0068,彦根市城町二丁目,彦根市城町二丁目７－４０,７－４０,22-1956,田付 信雄,S64/01/01,,,,彦根,5627922.pdf
クリーニング所,大和商会,522-0335,犬上郡多賀町藤瀬,犬上郡多賀町藤瀬８４５,８４５,49-0321,柴田 茂幸,S48/07/13,,,,彦根,5627922.pdf
クリーニング所,東洋クリーニング宇野取次所,529-1206,愛知郡愛荘町蚊野,愛知郡愛荘町蚊野１５７３,１５７３,37-2761,東洋産業株式会社,S56/05/26,,,,彦根,5627922.pdf
クリーニング所,平和堂アル・プラザ彦根店内 ヨシ ハラクリーニング,522-0074,彦根市大東町,彦根市大東町２－２８,２－２８,0749-24-1399,株式会社ヨシハラシステ ムズ,H20/03/14,,,,彦根,5627922.pdf
クリーニング所,北近畿観光株式会社せせらぎＴＯＷ Ｎアイムクリーニングコーナー,522-0244,犬上郡甲良町在士,犬上郡甲良町在士６５－１,６５－１,38-2218,田中 節子,H06/05/25,,,,彦根,5627922.pdf
クリーニング所,優友クリーニング,522-0043,彦根市小泉町,彦根市小泉町２８０－３,２８０－３,24-4800,長楽 喜市郎,H05/08/18,,,,彦根,5627922.pdf
クリーニング所,有限会社京屋クリーニング店,529-1331,愛知郡愛荘町愛知川,愛知郡愛荘町愛知川１７５０,１７５０,42-2023,京屋クリーニング有限会 社,S43/03/19,,,,彦根,5627922.pdf
クリーニング所,コンフォートホテル彦根,522-0007,彦根市古沢町,彦根市古沢町１５５,１５５,0749-27-8211,株式会社グリーンズ,H21/04/13,,,,彦根,5627922.pdf
クリーニング所,有限会社ホワイト急便彦根 ＮＴＳ Ｊ,529-1314,愛知郡愛荘町中宿,愛知郡愛荘町中宿２４８ 日本電産株式会 社ＳＴ／Ｃ新棟７Ｆ売店,２４８ 日本電産株式会 社ＳＴ／Ｃ新棟７Ｆ売店,42-6402,有限会社ホワイト急便彦 根,H21/08/25,,,,彦根,5627922.pdf
クリーニング所,株式会社ダスキン湖南 ダスキン野 田山支店,522-0025,彦根市野田山町,彦根市野田山町９６６,９６６,22-2165,株式会社ダスキン湖南,H21/09/02,,,,彦根,5627922.pdf
クリーニング所,株式会社ヨシハラシステムズ（本社 工場）,522-0026,彦根市大堀町,彦根市大堀町３８０－１,３８０－１,0749-24-0425,株式会社ヨシハラシステ ムズ,H22/02/25,,,,彦根,5627922.pdf
クリーニング所,有限会社ホワイト急便彦根 東出店,529-1233,愛知郡愛荘町東出,愛知郡愛荘町東出３００,３００,0749-37-2025,有限会社ホワイト急便彦 根,H22/09/08,,,,彦根,5627922.pdf
クリーニング所,ヤングドライ バロー彦根店,522-0038,彦根市西沼波町,彦根市西沼波町２６４－１ バロー彦根 店駐車場内,２６４－１ バロー彦根 店駐車場内,0749-27-0810,有限会社ヤングドライ金 沢,H23/09/14,,,,彦根,5627922.pdf
クリーニング所,有限会社ホワイト急便彦根平田小学 校南店,522-0041,彦根市平田町,彦根市平田町４０９－４,４０９－４,21-3202,有限会社ホワイト急便彦 根,H24/10/24,,,,彦根,5627922.pdf
クリーニング所,ヨシハラクリーニング 高宮工場,522-0201,彦根市高宮町,彦根市高宮町２８０５,２８０５,0749-22-0515,株式会社ヨシハラシステ ムズ,H25/06/17,,,,彦根,5627922.pdf
クリーニング所,ヨシハラクリーニング フタバヤ高 宮店,522-0201,彦根市高宮町,彦根市高宮町１６８６,１６８６,0749-24-8134,株式会社ヨシハラシステ ムズ,H25/06/17,,,,彦根,5627922.pdf
クリーニング所,マエダクリーニング 河瀬店,529-1156,彦根市清崎町,彦根市清崎町５００－４６,５００－４６,0749-28-3888,株式会社マエダクリーニ ング,H25/07/24,,,,彦根,5627922.pdf
クリーニング所,京屋クリーニング 大藪店,522-0052,彦根市長曽根南町,彦根市長曽根南町４２８,４２８,0749-22-7632,京屋クリーニング有限会 社,H25/08/05,,,,彦根,5627922.pdf
クリーニング所,ヤングドライ 彦根中央店,522-0062,彦根市立花町,彦根市立花町５－１３,５－１３,0749-23-8070,有限会社ヤングドライ金 沢,H25/09/09,,,,彦根,5627922.pdf
クリーニング所,シガドライ オークタウン店,522-0047,彦根市日夏町,彦根市日夏町３７２９－４６,３７２９－４６,0749-28-4557,木下 恵,H25/09/10,,,,彦根,5627922.pdf
クリーニング所,ヨシハラクリーニング イオンタウ ン彦根店,522-0007,彦根市古沢町,彦根市古沢町２５５－１ イオンタウ ン彦根,２５５－１ イオンタウ ン彦根,0749-47-6130,株式会社ヨシハラシステ ムズ,H25/10/17,,,,彦根,5627922.pdf
クリーニング所,ヨシハラクリーニング 日夏店,522-0047,彦根市日夏町,彦根市日夏町３７０３－１,３７０３－１,0749-25-3739,株式会社ヨシハラシステ ムズ,H26/06/24,,,,彦根,5627922.pdf
クリーニング所,ヤングドライ バロー南彦根店,522-0055,彦根市野瀬町,彦根市野瀬町１６８,１６８,0749-49-3921,有限会社ヤングドライ金 沢,H26/11/19,,,,彦根,5627922.pdf
クリーニング所,マエダクリーニング 南彦根店,522-0054,彦根市西今町,彦根市西今町７５－１,７５－１,0749-22-5530,株式会社マエダクリーニ ング,H28/03/18,,,,彦根,5627922.pdf
クリーニング所,ヨシハラクリーニング マルゼン彦 根店,522-0043,彦根市小泉町,彦根市小泉町７０１,７０１,0749-23-6790,株式会社ヨシハラシステ ムズ,H29/06/16,,,,彦根,5627922.pdf
クリーニング所,金山クリーニング彦根店,522-0052,彦根市長曽根南町,彦根市長曽根南町４８５,４８５,0749-27-1554,有限会社金山クリーニン グ,H29/09/01,,,,彦根,5627922.pdf
クリーニング所,東横ＩＮＮ彦根駅東口,522-0010,彦根市駅東町,彦根市駅東町２－１,２－１,0749-21-1045,株式会社東横イン,H30/01/09,,,,彦根,5627922.pdf
クリーニング所,株式会社ミフク,522-0201,彦根市高宮町,彦根市高宮町１２０２,１２０２,0749-22-0021,株式会社ミフク,H30/02/16,,,,彦根,5627922.pdf
クリーニング所,ホワイト急便イオンビッグ豊郷店,529-1173,犬上郡豊郷町高野瀬,犬上郡豊郷町高野瀬１９７－１,１９７－１,0749-41-9219,有限会社ホワイト急便彦 根,H30/10/03,,,,彦根,5627922.pdf
クリーニング所,マエダクリーニング稲枝店,521-1124,彦根市野良田町,彦根市野良田町２９０－１,２９０－１,0749-43-6954,株式会社マエダクリーニ ング,R02/11/06,,,,彦根,5627922.pdf
クリーニング所,ヤングドライ フレンドマート稲枝 店,521-1124,彦根市野良田町,彦根市野良田町３００－１ １Ｆ,３００－１ １Ｆ,0749-43-3320,株式会社ヤングドライ滋 賀,R02/11/25,,,,彦根,5627922.pdf
クリーニング所,ヨシハラクリーニングビバシティ店,522-0044,彦根市竹ケ鼻町,彦根市竹ケ鼻町４３－１ ビバシティー 内１階,４３－１ ビバシティー 内１階,0749-27-6123,株式会社ヨシハラクリー ニング,R05/10/25,,,,彦根,5627922.pdf
クリーニング所,ヨシハラクリーニング フレンド マート小泉店,522-0043,彦根市小泉町,彦根市小泉町７０１,７０１,0749-23-6520,株式会社ヨシハラクリー ニング,R07/07/16,,,,彦根,5627922.pdf
クリーニング所,クリーニングディリー 天満店,521-0222,米原市天満,米原市天満８３８,８３８,55-2888,野川 愛子,H08/07/10,,,,長浜,5627922.pdf
クリーニング所,クリーニングのシロヤ 長岡営業所,521-0242,米原市長岡,米原市長岡１１８５－２,１１８５－２,0749-55-,株式会社白屋綜合クリー ニングセンター,H11/06/11,,,,長浜,5627922.pdf
クリーニング所,クリーニング押谷,521-0242,米原市長岡,米原市長岡９１４,９１４,55-0363,押谷 求,H05/02/12,,,,長浜,5627922.pdf
クリーニング所,クリーンショップ ゆきだるま,529-0241,長浜市高月町高月,長浜市高月町高月上川原２３２９,上川原２３２９,85-4564,片桐 重喜,S59/09/20,,,,長浜,5627922.pdf
クリーニング所,シロヤクリーニング高月営業所,529-0232,長浜市高月町落川,長浜市高月町落川３８－６,３８－６,85-2619,株式会社白屋綜合クリー ニングセンター,H07/06/28,,,,長浜,5627922.pdf
クリーニング所,ダスキン十字屋,526-0831,長浜市宮司町,長浜市宮司町４５７,４５７,0749-62-1141,有限会社アキュラ,H19/10/26,,,,長浜,5627922.pdf
クリーニング所,ディリー．クリーナー株式会社下板 並店,521-0306,米原市下板並,米原市下板並６４０,６４０,,デイリー・クリーナ株式 会社,H11/10/26,,,,長浜,5627922.pdf
クリーニング所,デイリー．クリーナー長浜北新南店,526-0015,長浜市神照町,長浜市神照町８７５－６,８７５－６,0749-63-4505,デイリー・クリーナ株式 会社,H10/12/08,,,,長浜,5627922.pdf
クリーニング所,ディリー・クリーナー元浜店,526-0059,長浜市元浜町,長浜市元浜町６－３２,６－３２,63-7374,デイリー・クリーナ株式 会社,H11/10/14,,,,長浜,5627922.pdf
クリーニング所,デイリークリーナーオレンジ取次所,526-0015,長浜市神照町,長浜市神照町４９４,４９４,64-0880,デイリー・クリーナ株式 会社,H07/02/27,,,,長浜,5627922.pdf
クリーニング所,デイリークリーナー伊吹町みやじま 取次所,521-0311,米原市伊吹,米原市伊吹６４４,６４４,58-0035,デイリー・クリーナ株式 会社,S59/08/11,,,,長浜,5627922.pdf
クリーニング所,デイリークリーナー井ノ口取次所,529-0212,長浜市高月町井口,長浜市高月町井口１６８,１６８,85-4339,デイリー・クリーナ株式 会社,S55/12/19,,,,長浜,5627922.pdf
クリーニング所,デイリークリーナー加田町取次所,526-0828,長浜市加田町,長浜市加田町２４９５,２４９５,62-2997,デイリー・クリーナ株式 会社,S42/03/09,,,,長浜,5627922.pdf
クリーニング所,デイリークリーナー古橋取次店,529-0411,長浜市木之本町古橋,長浜市木之本町古橋１３５１,１３５１,82-4997,デイリー・クリーナ株式 会社,H01/07/07,,,,長浜,5627922.pdf
クリーニング所,デイリークリーナー高橋町取次所,526-0046,長浜市高橋町,長浜市高橋町１３８,１３８,62-4895,デイリー・クリーナ株式 会社,H06/09/16,,,,長浜,5627922.pdf
クリーニング所,デイリークリーナー高月取次所,529-0241,長浜市高月町高月,長浜市高月町高月１５０,１５０,84-4159,デイリー・クリーナ株式 会社,S53/09/01,,,,長浜,5627922.pdf
クリーニング所,デイリークリーナー高月北村取次所,529-0241,長浜市高月町高月,長浜市高月町高月８,８,85-3126,デイリー・クリーナ株式 会社,H03/03/18,,,,長浜,5627922.pdf
クリーニング所,デイリークリーナー三ツ矢元町取次 所,526-0024,長浜市三ツ矢元町,長浜市三ツ矢元町１９－２９,１９－２９,64-1896,デイリー・クリーナ株式 会社,H06/07/18,,,,長浜,5627922.pdf
クリーニング所,デイリークリーナー三ツ矢町取次所,526-0023,長浜市三ツ矢町,長浜市三ツ矢町３－２１,３－２１,62-3460,デイリー・クリーナ株式 会社,S57/03/23,,,,長浜,5627922.pdf
クリーニング所,デイリークリーナー七条町取次店,526-0817,長浜市七条町,長浜市七条町３４４,３４４,62-1270,デイリー・クリーナ株式 会社,H02/12/05,,,,長浜,5627922.pdf
クリーニング所,デイリークリーナー早崎取次店,526-0124,長浜市早崎町,長浜市早崎町１１５８,１１５８,0749-72-3122,デイリー・クリーナ株式 会社,H02/06/20,,,,長浜,5627922.pdf
クリーニング所,デイリークリーナー大浦クリーニン グ,529-0721,長浜市西浅井町大浦,長浜市西浅井町大浦５６９,５６９,89-0030,デイリー・クリーナ株式 会社,S58/10/01,,,,長浜,5627922.pdf
クリーニング所,デイリークリーナー筑摩取次所,521-0001,米原市朝妻筑摩,米原市朝妻筑摩１６６６,１６６６,52-0739,デイリー・クリーナ株式 会社,S53/07/29,,,,長浜,5627922.pdf
クリーニング所,デイリークリーナー長岡取次所,521-0242,米原市長岡,米原市長岡９７４－２,９７４－２,55-3135,デイリー・クリーナ株式 会社,H04/03/25,,,,長浜,5627922.pdf
クリーニング所,デイリークリーナー柏原取次所,521-0202,米原市柏原,米原市柏原２２０９,２２０９,57-1105,デイリー・クリーナ株式 会社,S53/10/02,,,,長浜,5627922.pdf
クリーニング所,デイリークリーナー野一色取次所,521-0233,米原市野一色,米原市野一色３３６－４,３３６－４,55-1324,デイリー・クリーナ株式 会社,S59/08/25,,,,長浜,5627922.pdf
クリーニング所,デイリークリーナー余呉取次所,529-0522,長浜市余呉町坂口,長浜市余呉町坂口８３７,８３７,86-2285,デイリー・クリーナ株式 会社,S55/11/06,,,,長浜,5627922.pdf
クリーニング所,ホワイト急便 近江店,521-0072,米原市顔戸,米原市顔戸１０５８ フタバヤ近江 店駐車場内,１０５８ フタバヤ近江 店駐車場内,0749-52-2233,村上 将治,H12/10/06,,,,長浜,5627922.pdf
クリーニング所,ホワイト急便 元浜店,526-0059,長浜市元浜町,長浜市元浜町１－１,１－１,64-1052,村上 将治,H14/11/25,,,,長浜,5627922.pdf
クリーニング所,ホワイト急便 今川店,526-0816,長浜市今川町,長浜市今川町２３７－７,２３７－７,62-3366,村上 将治,H14/07/31,,,,長浜,5627922.pdf
クリーニング所,ホワイト急便 十里店,526-0016,長浜市十里町,長浜市十里町２３５－５３,２３５－５３,63-9654,村上 将治,H11/09/28,,,,長浜,5627922.pdf
クリーニング所,ホワイト急便 醒井店,521-0035,米原市醒井,米原市醒井６１４－１,６１４－１,0749-54-1117,有限会社ホワイト急便彦 根,H18/04/24,,,,長浜,5627922.pdf
クリーニング所,ホワイト急便 八幡東店,526-0031,長浜市八幡東町,長浜市八幡東町４４５－５,４４５－５,62-4439,村上 将治,H12/12/18,,,,長浜,5627922.pdf
クリーニング所,ホワイト急便山階店,526-0847,長浜市山階町,長浜市山階町５２６－１,５２６－１,0749-62-1985,村上 将治,H15/08/20,,,,長浜,5627922.pdf
クリーニング所,ホワイト急便秀吉店,526-0015,長浜市神照町,長浜市神照町４９４／秀吉市内,４９４／秀吉市内,63-9385,村上 将治,H09/12/25,,,,長浜,5627922.pdf
クリーニング所,ホワイト急便神照店,526-0015,長浜市神照町,長浜市神照町９３１,９３１,62-3201,村上 将治,H08/07/16,,,,長浜,5627922.pdf
クリーニング所,ホワイト急便長浜平方店,526-0035,長浜市平方南町,長浜市平方南町２４,２４,65-1453,村上 将治,H07/07/17,,,,長浜,5627922.pdf
クリーニング所,ホワイト急便彦根 米原店,521-0016,米原市下多良三丁目,米原市下多良三丁目４７,４７,0749-52-0173,有限会社ホワイト急便彦 根,H18/08/28,,,,長浜,5627922.pdf
クリーニング所,マルヒラクリーニング顔戸店,521-0072,米原市顔戸,米原市顔戸１２４３－１,１２４３－１,52-0920,有限会社マルヒラサービ スセンター,S63/04/02,,,,長浜,5627922.pdf
クリーニング所,マルヒラクリーニング平塚店,529-0701,長浜市西浅井町塩津浜,長浜市西浅井町塩津浜９２２－１,９２２－１,0749-88-0003,有限会社京福マルヒラ,H17/06/01,,,,長浜,5627922.pdf
クリーニング所,マルヒラクリーニング米原平和堂店,521-0016,米原市下多良二丁目,米原市下多良二丁目４７,４７,52-4857,有限会社マルヒラサービ スセンター,S61/11/21,,,,長浜,5627922.pdf
クリーニング所,マルヒラクリーニング木之本平和堂 店,529-0425,長浜市木之本町木之本,長浜市木之本町木之本１５７０－４,１５７０－４,0749-82-5624,有限会社京福マルヒラ,H16/03/30,,,,長浜,5627922.pdf
クリーニング所,ヨシハラクリーニング ジャスコ店,526-0847,長浜市山階町,長浜市山階町２７１－１ ジャスコ長 浜店１Ｆ,２７１－１ ジャスコ長 浜店１Ｆ,68-5502,株式会社ヨシハラシステ ムズ,H12/09/27,,,,長浜,5627922.pdf
クリーニング所,ヨシハラクリーニング 湖北店,529-0331,長浜市湖北町八日市,長浜市湖北町八日市１０１１ フレンドマー ト湖北店内,１０１１ フレンドマー ト湖北店内,78-0127,株式会社ヨシハラシステ ムズ,H11/11/19,,,,長浜,5627922.pdf
クリーニング所,ヨシハラクリーニング千田,529-0423,長浜市木之本町千田,長浜市木之本町千田６５３,６５３,82-4074,川上 久美,H08/08/23,,,,長浜,5627922.pdf
クリーニング所,ヨシハラクリーニング浅井店,526-0242,長浜市三田町,長浜市三田町１３２２ フレンドマー ト浅井店内,１３２２ フレンドマー ト浅井店内,74-3155,株式会社ヨシハラシステ ムズ,H12/12/06,,,,長浜,5627922.pdf
クリーニング所,ヨシハラクリーニング高月店,529-0241,長浜市高月町高月,長浜市高月町高月１０７,１０７,85-2833,藤堂 茂子,H08/08/23,,,,長浜,5627922.pdf
クリーニング所,岡本クリーニング店,526-0256,長浜市尊勝寺町,長浜市尊勝寺町３５０,３５０,0749-74-0282,岡本 悟,H02/04/26,,,,長浜,5627922.pdf
クリーニング所,株式会社ライフ,521-0074,米原市高溝,米原市高溝２３６－８,２３６－８,0749-52-5591,株式会社ライフ,H21/02/04,,,,長浜,5627922.pdf
クリーニング所,株式会社白光,526-0021,長浜市八幡中山町,長浜市八幡中山町９７,９７,62-0615,株式会社白光,S40/04/06,,,,長浜,5627922.pdf
クリーニング所,丸善クリーニング店,521-0321,米原市髙番,米原市髙番３６４,３６４,58-0158,嶌 保夫,S48/03/30,,,,長浜,5627922.pdf
クリーニング所,宮前店,526-0053,長浜市宮前町,長浜市宮前町１２－１６,１２－１６,63-2683,株式会社シガドライウィ ザース,S45/12/15,,,,長浜,5627922.pdf
クリーニング所,京福マルヒラ乾店,526-0108,長浜市難波町,長浜市難波町３３４,３３４,0749-72-5088,有限会社京福マルヒラ,H07/03/28,,,,長浜,5627922.pdf
クリーニング所,近江長岡取次店,521-0242,米原市長岡,米原市長岡１５９２,１５９２,55-1258,株式会社白屋綜合クリー ニングセンター,S43/03/11,,,,長浜,5627922.pdf
クリーニング所,金山クリーニング 高月店,529-0241,長浜市高月町高月,長浜市高月町高月１５８９－１ デュエ キャメルビル１Ｆ,１５８９－１ デュエ キャメルビル１Ｆ,85-5355,有限会社金山クリーニン グ,H11/12/21,,,,長浜,5627922.pdf
クリーニング所,金山クリーニングびわ店,526-0103,長浜市曽根町,長浜市曽根町１２９７,１２９７,0749-72-4780,金山 正雄,H05/07/16,,,,長浜,5627922.pdf
クリーニング所,金山クリーニング八幡店,526-0031,長浜市八幡東町,長浜市八幡東町２６６,２６６,65-1161,有限会社金山クリーニン グ,H07/12/19,,,,長浜,5627922.pdf
クリーニング所,金山クリーニング楽市店,526-0031,長浜市八幡東町,長浜市八幡東町９－１長浜楽市内,９－１長浜楽市内,65-1143,有限会社金山クリーニン グ,H09/08/01,,,,長浜,5627922.pdf
クリーニング所,古橋店,529-0411,長浜市木之本町古橋,長浜市木之本町古橋１２８４,１２８４,82-2820,有限会社京福マルヒラ,H08/07/31,,,,長浜,5627922.pdf
クリーニング所,湖北松商株式会社,526-0227,長浜市西主計町,長浜市西主計町８１７－１,８１７－１,0749-74-4455,湖北松商株式会社,H12/02/03,,,,長浜,5627922.pdf
クリーニング所,湖北松商株式会社,526-0242,長浜市三田町,長浜市三田町１３７２,１３７２,74-1010,湖北松商株式会社,S60/08/10,,,,長浜,5627922.pdf
クリーニング所,四ツ塚店,526-0041,長浜市四ツ塚町,長浜市四ツ塚町１８５－７,１８５－７,62-5420,株式会社シガドライウィ ザース,S56/10/23,,,,長浜,5627922.pdf
クリーニング所,十里店,526-0015,長浜市神照町,長浜市神照町９４２,９４２,63-9631,株式会社シガドライウィ ザース,S60/11/06,,,,長浜,5627922.pdf
クリーニング所,春照クリーニング店,521-0314,米原市春照,米原市春照１３８４－１,１３８４－１,0749-58-0363,大口 吉秋,H15/07/23,,,,長浜,5627922.pdf
クリーニング所,春照取次店,521-0314,米原市春照,米原市春照９８３,９８３,58-0223,株式会社白屋綜合クリー ニングセンター,S43/03/11,,,,長浜,5627922.pdf
クリーニング所,勝町取次所,526-0042,長浜市勝町,長浜市勝町１３５－４,１３５－４,63-6235,株式会社白屋綜合クリー ニングセンター,H09/05/08,,,,長浜,5627922.pdf
クリーニング所,新九商店（フレンドクリーニング大 浦店）,529-0721,長浜市西浅井町大浦,長浜市西浅井町大浦８２９,８２９,89-1106,高橋 二郎,H12/10/23,,,,長浜,5627922.pdf
クリーニング所,真正ドライクリーニング,529-0362,長浜市湖北町津里,長浜市湖北町津里７８６,７８６,79-0152,杉本 忠,S55/03/03,,,,長浜,5627922.pdf
クリーニング所,神照店,526-0015,長浜市神照町,長浜市神照町６８９,６８９,63-0431,株式会社シガドライウィ ザース,S53/03/30,,,,長浜,5627922.pdf
クリーニング所,前崎クリーニング店,529-0425,長浜市木之本町木之本,長浜市木之本町木之本１３７５－２,１３７５－２,82-2243,前崎 秀和,S23/04/01,,,,長浜,5627922.pdf
クリーニング所,長浜営業所,526-0021,長浜市八幡中山町,長浜市八幡中山町１－２,１－２,62-0632,有限会社丸中クリーニン グ商会,S55/06/30,,,,長浜,5627922.pdf
クリーニング所,殿町店,526-0064,長浜市殿町,長浜市殿町５－２－７,５－２－７,62-6277,株式会社シガドライウィ ザース,S53/09/26,,,,長浜,5627922.pdf
クリーニング所,能登瀬取次店,521-0082,米原市能登瀬,米原市能登瀬７１５－１,７１５－１,0749-54-2118,株式会社白屋綜合クリー ニングセンター,S46/02/20,,,,長浜,5627922.pdf
クリーニング所,白光ドライ フタバヤ長浜店,526-0021,長浜市八幡中山町,長浜市八幡中山町１１４２－１,１１４２－１,0749-62-1699,株式会社白光,H19/10/25,,,,長浜,5627922.pdf
クリーニング所,白光ドライフタバヤ近江店,521-0072,米原市顔戸,米原市顔戸１０６３－１,１０６３－１,52-0467,株式会社白光,S60/04/08,,,,長浜,5627922.pdf
クリーニング所,白光ドライ伊部町店,526-0059,長浜市元浜町,長浜市元浜町１４－１５,１４－１５,62-1393,株式会社白光,S40/05/18,,,,長浜,5627922.pdf
クリーニング所,白光ドライ岩崎店,526-0037,長浜市高田町,長浜市高田町３－５,３－５,62-3606,岩崎 晴子,S46/07/25,,,,長浜,5627922.pdf
クリーニング所,白光ドライ地福寺店,526-0041,長浜市四ツ塚町,長浜市四ツ塚町１８７－３,１８７－３,62-4514,株式会社白光,S56/10/30,,,,長浜,5627922.pdf
クリーニング所,白光ドライ長谷川店,526-0056,長浜市朝日町,長浜市朝日町１６－２７,１６－２７,63-5840,株式会社白光,S62/05/22,,,,長浜,5627922.pdf
クリーニング所,白光ドライ八幡東店,526-0031,長浜市八幡東町,長浜市八幡東町１０５－２,１０５－２,65-3917,株式会社白光,H08/03/27,,,,長浜,5627922.pdf
クリーニング所,木之本店,529-0425,長浜市木之本町木之本,長浜市木之本町木之本９－４,９－４,82-2116,有限会社京福マルヒラ,H08/07/31,,,,長浜,5627922.pdf
クリーニング所,有限会社ホワイト急便彦根 柏原店,521-0202,米原市柏原,米原市柏原２２１０,２２１０,0749-57-0034,有限会社ホワイト急便彦 根,H20/07/11,,,,長浜,5627922.pdf
クリーニング所,有限会社金山クリーニング,526-0103,長浜市曽根町,長浜市曽根町９９５,９９５,72-2821,有限会社金山クリーニン グ,H07/08/21,,,,長浜,5627922.pdf
クリーニング所,有限会社林クリーニング商会,526-0052,長浜市神前町,長浜市神前町３－２５,３－２５,62-1482,有限会社林クリーニング 商会,S54/05/22,,,,長浜,5627922.pdf
クリーニング所,有限会社林クリーニング商会 小堀 営業所,526-0845,長浜市小堀町,長浜市小堀町４４２,４４２,0749-65-5866,有限会社林クリーニング 商会,H10/03/12,,,,長浜,5627922.pdf
クリーニング所,林クリーニング地福寺営業所,526-0036,長浜市地福寺町,長浜市地福寺町１１－１８,１１－１８,62-7830,有限会社林クリーニング 商会,H05/04/09,,,,長浜,5627922.pdf
クリーニング所,有限会社ホワイト急便彦根 神照店,526-0021,長浜市八幡中山町,長浜市八幡中山町１１５４－１ 酒道楽内,１１５４－１ 酒道楽内,0749-62-1580,有限会社ホワイト急便彦 根,H21/01/09,,,,長浜,5627922.pdf
クリーニング所,ヤングドライ ユース長浜神照店,526-0015,長浜市神照町,長浜市神照町３９,３９,0749-63-6481,有限会社ヤングドライよ つば,H22/10/20,,,,長浜,5627922.pdf
クリーニング所,ヨシハラクリーニング アルプラザ 長浜店,526-0845,長浜市小堀町,長浜市小堀町４５０,４５０,0749-63-0282,株式会社ヨシハラシステ ムズ,H25/06/14,,,,長浜,5627922.pdf
クリーニング所,ヤングドライ バロー近江店,521-0063,米原市飯,米原市飯１５－１,１５－１,0749-52-5341,有限会社ヤングドライ金 沢,H25/11/06,,,,長浜,5627922.pdf
クリーニング所,ヨシハラクリーニング長浜工場,526-0227,長浜市西主計町,長浜市西主計町１８０,１８０,0749-74-8003,株式会社ヨシハラシステ ムズ,H27/10/28,,,,長浜,5627922.pdf
クリーニング所,ヤングドライ 平和堂木之本店,529-0425,長浜市木之本町木之本,長浜市木之本町木之本１５７０－４,１５７０－４,0749-82-2221,有限会社ヤングドライ金 沢,H27/12/21,,,,長浜,5627922.pdf
クリーニング所,ヨシハラクリーニング山東店,521-0236,米原市間田,米原市間田４１３,４１３,0749-55-2906,株式会社ヨシハラ,H28/07/07,,,,長浜,5627922.pdf
クリーニング所,ヨシハラクリーニング 平和堂フレ ンドマート長浜平方店,526-0033,長浜市平方町,長浜市平方町３３１,３３１,0749-65-0126,株式会社ヨシハラシステ ムズ,H28/11/22,,,,長浜,5627922.pdf
クリーニング所,電気硝子ユニバーサポート株式会社 高月事業所,529-0241,長浜市高月町高月,長浜市高月町高月１９７９,１９７９,0749-85-4129,電気硝子ユニバーサポー ト株式会社,H28/12/27,,,,長浜,5627922.pdf
クリーニング所,有限会社林クリーニング商会 本店,526-0052,長浜市神前町,長浜市神前町３－２２,３－２２,0749-62-1482,有限会社林クリーニング 商会,H30/02/05,,,,長浜,5627922.pdf
クリーニング所,はるやま長浜店 クリーニング取次 所,526-0847,長浜市山階町,長浜市山階町２８４－１ はるやま長 浜店内,２８４－１ はるやま長 浜店内,0749-65-8611,はるやま商事株式会社,R01/11/15,,,,長浜,5627922.pdf
クリーニング所,株式会社湖光 ダスキン平方支店,526-0033,長浜市平方町,長浜市平方町３１２,３１２,0749-68-2234,株式会社湖光,R02/05/26,,,,長浜,5627922.pdf
クリーニング所,ヤングドライ フレンドマート米原 店,521-0016,米原市下多良,米原市下多良二丁目４７,二丁目４７,0749-52-1041,株式会社ヤングドライ滋 賀,R02/11/24,,,,長浜,5627922.pdf
クリーニング所,ヤングドライ コープながはま店,526-0831,長浜市宮司町,長浜市宮司町１２００,１２００,,株式会社ヤングドライ滋 賀,R03/03/09,,,,長浜,5627922.pdf
クリーニング所,リックスビジネスパートナーズ株式 会社滋賀支店,526-0051,長浜市一の宮町,長浜市一の宮町１－６,１－６,0749-65-5200,リックスビジネスパート ナーズ株式会社,R03/05/13,,,,長浜,5627922.pdf
クリーニング所,ホワイト急便 ＠神照店,526-0015,長浜市神照町,長浜市神照町７４７-６,７４７-６,0749-57-6308,有限会社ホワイト急便彦 根,R03/09/22,,,,長浜,5627922.pdf
クリーニング所,洋服の青山 長浜店,526-0021,長浜市八幡中山町,長浜市八幡中山町６３,６３,0749-65-2231,青山商事株式会社,R04/09/28,,,,長浜,5627922.pdf
クリーニング所,眠りのプロショップ Ｓａｗａｄａ,526-0052,長浜市神前町,長浜市神前町９－１１,９－１１,0749-62-0057,株式会社沢田商店,R04/12/08,,,,長浜,5627922.pdf
クリーニング所,ヨシハラクリーニングイオン長浜店,526-0847,長浜市山階町,長浜市山階町２７１－１,２７１－１,0749-68-5502,株式会社ヨシハラクリー ニング,R05/02/24,,,,長浜,5627922.pdf
クリーニング所,ヨシハラクリーニング業務スーパー 高月店,529-0261,長浜市高月町東物部,長浜市高月町東物部２３,２３,0749-85-2360,株式会社ヨシハラクリー ニング,R05/10/25,,,,長浜,5627922.pdf
クリーニング所,スリープデパートメント シングシ ングｂｙふとんのマツムラ,526-0846,長浜市川崎町,長浜市川崎町３６５,３６５,0749-63-6010,株式会社松村寝具,R06/03/14,,,,長浜,5627922.pdf
クリーニング所,ヨシハラクリーニングフレンドマー ト祇園店,526-0061,長浜市祇園町,長浜市祇園町２９８－１,２９８－１,0749-63-0113,株式会社ヨシハラクリー ニング,R06/07/19,,,,長浜,5627922.pdf
クリーニング所,ランドリーママ 神照店,526-0015,長浜市神照町,長浜市神照町３１９－２,３１９－２,0749-62-1816,伏木 与司昭,R06/09/27,,,,長浜,5627922.pdf
クリーニング所,株式会社菱湖テクニカ,521-0234,米原市井之口,米原市井之口３４７,３４７,0749-55-3014,株式会社菱湖テクニカ,R07/04/08,,,,長浜,5627922.pdf
クリーニング所,スーパーホテル滋賀・長浜天然温泉,526-0015,長浜市神照町,長浜市神照町９７４－６,９７４－６,0749-62-9000,京豊エンジニアリング株 式会社,R07/07/14,,,,長浜,5627922.pdf
クリーニング所,株式会社クリーンエース,529-0144,長浜市大寺町,長浜市大寺町７０８,７０８,0749-85-6135,株式会社クリーンエース,R08/01/06,,,,長浜,5627922.pdf
クリーニング所,アーバン名小路丸善今津店,520-1631,高島市今津町名小路二 丁目,高島市今津町名小路二 丁目７－１,７－１,22-4061,福田 久司,S55/04/11,,,,高島,5627922.pdf
クリーニング所,クリーニング アサヒ,520-1532,高島市新旭町熊野本,高島市新旭町熊野本１７０,１７０,25-3711,宮川 明宏,S54/10/22,,,,高島,5627922.pdf
クリーニング所,クリーニングショップ丸善 和田呉 服店,520-1501,高島市新旭町旭,高島市新旭町旭１１０５－２,１１０５－２,25-2247,有限会社クリーニング ショップ丸善,S54/01/26,,,,高島,5627922.pdf
クリーニング所,ディリークリーナー今津町桂クリー ニング取次所,520-1602,高島市今津町桂,高島市今津町桂８０４,８０４,22-2387,デイリー・クリーナ株式 会社,S59/09/20,,,,高島,5627922.pdf
クリーニング所,ママドライ,520-1121,高島市勝野,高島市勝野１１４６－１,１１４６－１,36-0044,山中 なを,S54/11/15,,,,高島,5627922.pdf
クリーニング所,マルヒラクリーニングチェーン あ いば店,520-1531,高島市新旭町饗庭,高島市新旭町饗庭３００コンビニエンスス トア なかにし,３００コンビニエンスス トア なかにし,25-2240,有限会社マルヒラサービ スセンター,S62/07/01,,,,高島,5627922.pdf
クリーニング所,マルヒラクリーニングチェーン 福 岡店,520-1652,高島市今津町福岡,高島市今津町福岡８９０－５Ｋマート今津 福岡店内,８９０－５Ｋマート今津 福岡店内,22-2218,有限会社マルヒラサービ スセンター,S61/10/16,,,,高島,5627922.pdf
クリーニング所,ヨシハラクリーニング 今津リプル 店,520-1621,高島市今津町今津,高島市今津町今津１６８８,１６８８,0740-22-6528,株式会社ヨシハラシステ ムズ,H20/10/24,,,,高島,5627922.pdf
クリーニング所,宮川クリーニング店,520-1533,高島市新旭町安井川,高島市新旭町安井川６３－１,６３－１,25-3045,宮川 久志,H15/11/10,,,,高島,5627922.pdf
クリーニング所,山川クリーニング店,520-1501,高島市新旭町旭,高島市新旭町旭１９０－２,１９０－２,,山川 七三,H13/02/23,,,,高島,5627922.pdf
クリーニング所,市川クリーニング店,520-1621,高島市今津町今津,高島市今津町今津３０６,３０６,22-2417,市川 雅也,H06/08/30,,,,高島,5627922.pdf
クリーニング所,馬野クリーニング店,520-1811,高島市マキノ町海津,高島市マキノ町海津２０２８,２０２８,0740-28-0148,馬野 正和,H11/01/06,,,,高島,5627922.pdf
クリーニング所,堀定クリーニング店 陸上自衛隊店,520-1621,高島市今津町今津,高島市今津町今津９９５,９９５,,堀井 直樹,R05/06/28,,,,高島,5627922.pdf
クリーニング所,有限会社クリーニングショップ丸善,520-1213,高島市安曇川町五番領,高島市安曇川町五番領１８５,１８５,32-0268,有限会社クリーニング ショップ丸善,S62/06/01,,,,高島,5627922.pdf
クリーニング所,丸善 平和堂 あどがわ店,520-1212,高島市安曇川町西万木,高島市安曇川町西万木５５,５５,0740-32-3341,有限会社クリーニング ショップ丸善,H22/04/20,,,,高島,5627922.pdf
クリーニング所,鉄道リネンサービス株式会社 高島 工場,520-1521,高島市新旭町北畑,高島市新旭町北畑９６,９６,0740-25-6665,鉄道リネンサービス株式 会社,H23/03/28,,,,高島,5627922.pdf
クリーニング所,高城クリーニング,520-1132,高島市拝戸,高島市拝戸284-1,284-1,0740-37-0706,髙城 義文,H25/12/19,,,,高島,5627922.pdf
クリーニング所,丸善 バロー安曇川店,520-1212,高島市安曇川町西万木,高島市安曇川町西万木230,230,,有限会社クリーニング ショップ丸善,H26/03/20,,,,高島,5627922.pdf
クリーニング所,(有)京都ブライダルサービス,520-1652,高島市今津町福岡,高島市今津町福岡459-1,459-1,0740-22-8139,(有)京都ブライダルサー ビス,H28/02/19,,,,高島,5627922.pdf
クリーニング所,ヨシハラクリーニング安曇川店,520-1212,高島市安曇川町西万木,高島市安曇川町西万木433,433,0740-32-3206,株式会社ヨシハラ,H28/04/27,,,,高島,5627922.pdf
クリーニング所,鉄道リネンサービス株式会社,520-1613,高島市今津町上弘部,高島市今津町上弘部４３８,４３８,0740-20-1600,鉄道リネンサービス株式 会社,H30/04/13,,,,高島,5627922.pdf
クリーニング所,ダスキン湖光マキノ店,520-1803,高島市マキノ町小荒路,高島市マキノ町小荒路３５１,３５１,0740-28-1304,田中 秀典,R05/08/08,,,,高島,5627922.pdf
興行場,イオンシネマ草津,525-0067,草津市新浜町,草津市新浜町３００ イオンモール草 津 Ａ３５８,３００ イオンモール草 津 Ａ３５８,077-561-4545,イオンエンターテイメント 株式会社,H20/11/17,映画館,,,草津,5627923.pdf
興行場,栗東芸術文化会館さきら,520-3031,栗東市綣二丁目,栗東市綣二丁目１－２８,１－２８,077-551-1455,栗東市,R04/10/18,多目的,,,草津,5627923.pdf
興行場,守山市市民文化会館守山市 立中央公民館,524-0051,守山市三宅町,守山市三宅町１２５,１２５,583-2532,守山市,S62/01/07,多目的,,,草津,5627923.pdf
興行場,草津アミカホール,525-0034,草津市草津三丁目,草津市草津三丁目１３－３０,１３－３０,561-2345,草津市,H04/05/08,多目的,,,草津,5627923.pdf
興行場,中主町さざなみホール,520-2422,野洲市比留田,野洲市比留田３３１３－３,３３１３－３,589-3111,中主町,H04/08/03,多目的,,,草津,5627923.pdf
興行場,野洲町中央公民館,520-2331,野洲市小篠原,野洲市小篠原２１４２,２１４２,587-1125,野洲市,S58/06/10,多目的,,,草津,5627923.pdf
興行場,草津市立草津クレアホール,525-0059,草津市野路六丁目,草津市野路六丁目15-11,15-11,077-564-5815,公益財団法人草津市コミュ ニティ事業団,H26/12/26,音楽,,,草津,5627923.pdf
興行場,湖南市甲西文化ホール,520-3234,湖南市中央五丁目,湖南市中央五丁目５７番地,５７番地,72-2133,湖南市,S62/01/07,多目的,,,甲賀,5627923.pdf
興行場,甲賀市あいこうか市民ホー ル,528-0005,甲賀市水口町水口,甲賀市水口町水口５６３３番地,５６３３番地,0748-62-2626,甲賀市,H18/06/30,多目的,,,甲賀,5627923.pdf
興行場,水口アレックスシネマ,528-0037,甲賀市水口町本綾野,甲賀市水口町本綾野５６６－１,５６６－１,0748-63-8801,有限会社アレックス,H14/09/25,映画館,,,甲賀,5627923.pdf
興行場,アピアホール,527-0011,東近江市八日市浜野町,東近江市八日市浜野町３－１,３－１,24-5776,株式会社平和堂,H06/11/02,映画館,,,東近江,5627923.pdf
興行場,イオンシネマ近江八幡,523-0891,近江八幡市鷹飼町,近江八幡市鷹飼町１９０－９ イオン近江 八幡ＳＣ２番街４Ｆ,１９０－９ イオン近江 八幡ＳＣ２番街４Ｆ,0748-37-3517,イオンエンターテイメント 株式会社,H12/10/02,映画館,,,東近江,5627923.pdf
興行場,蒲生町あかね文化センター,529-1531,東近江市市子川原町,東近江市市子川原町４６１－１,４６１－１,55-1161,東近江市,H03/07/06,多目的,,,東近江,5627923.pdf
興行場,協楽映画劇場,527-0012,東近江市八日市本町,東近江市八日市本町１－１５,１－１５,,協楽興業株式会社,S46/08/05,映画館,,,東近江,5627923.pdf
興行場,近江八幡市文化会館,523-0892,近江八幡市出町,近江八幡市出町３６６,３６６,0748-33-8111,近江八幡市,S54/04/02,多目的,,,東近江,5627923.pdf
興行場,滋賀農業公園 ブルーメの 丘 カーニバルハウス,529-1628,蒲生郡日野町西大路,蒲生郡日野町西大路８６４－５,８６４－５,0748-52-2611,株式会社ワールドインテッ ク,H13/07/18,映画館,,,東近江,5627923.pdf
興行場,東近江市立愛東公民館,527-0157,東近江市下中野町,東近江市下中野町４３１,４３１,,東近江市,S56/10/22,多目的,,,東近江,5627923.pdf
興行場,東近江市立八日市文化芸術 会館,527-0039,東近江市青葉町,東近江市青葉町１－５０,１－５０,0748-23-6862,東近江市,H18/04/01,多目的,,,東近江,5627923.pdf
興行場,日野町町民会館 わたむき ホール虹,529-1601,蒲生郡日野町松尾,蒲生郡日野町松尾１６６１,１６６１,0748-53-3233,日野町,H05/01/29,多目的,,,東近江,5627923.pdf
興行場,八幡東映トキワ館,523-0863,近江八幡市仲屋町上,近江八幡市仲屋町上９,９,,滋賀八幡興業株式会社,S27/12/04,映画館,,,東近江,5627923.pdf
興行場,安土文芸セミナリヨ,521-1321,近江八幡市安土町桑実 寺,近江八幡市安土町桑実 寺７７７,７７７,0748-46-7214,近江八幡市,H27/03/30,音楽,,,東近江,5627923.pdf
興行場,ひこね市文化プラザ,522-0055,彦根市野瀬町,彦根市野瀬町１８７－４,１８７－４,26-8601,彦根市,H09/02/07,音楽,,,彦根,5627923.pdf
興行場,彦根ＶＩＶＡ ＣＩＴＹシ ネマ,522-0044,彦根市竹ケ鼻町,彦根市竹ケ鼻町４３－１,４３－１,26-0235,有限会社自由映画社,H08/04/25,映画館,,,彦根,5627923.pdf
興行場,木之本スティックホール,529-0425,長浜市木之本町木之本,長浜市木之本町木之本１７５７－６,１７５７－６,0749-82-4111,長浜市,H02/11/13,多目的,,,長浜,5627923.pdf
興行場,滋賀県立文化産業交流会館,521-0016,米原市下多良二丁目,米原市下多良二丁目１３７,１３７,52-5111,滋賀県,S63/04/22,多目的,,,長浜,5627923.pdf
興行場,西浅井文化ホール,529-0721,長浜市西浅井町大浦,長浜市西浅井町大浦２５９０,２５９０,0749-89-1121,長浜市,H18/10/18,多目的,,,長浜,5627923.pdf
興行場,長浜協映劇場,526-0059,長浜市元浜町,長浜市元浜町６－８,６－８,,自由映画株式会社,S33/09/08,映画館,,,長浜,5627923.pdf
興行場,安曇川映画劇場,520-1212,高島市安曇川町西万木,高島市安曇川町西万木７９７－１,７９７－１,,有限会社実和興行社,S33/11/11,映画館,,,高島,5627923.pdf
興行場,高島市生涯学習センター 「アイリッシュパーク」,520-1121,高島市勝野,高島市勝野６７０,６７０,36-0219,高島市,H05/11/19,多目的,,,高島,5627923.pdf
興行場,高島市立藤樹の里文化芸術 会館,520-1224,高島市安曇川町上小川,高島市安曇川町上小川１０６,１０６,0740-32-2461,高島市長,H18/05/19,多目的,,,高島,5627923.pdf
興行場,高島市民会館,520-1622,高島市今津町中沼一丁 目,高島市今津町中沼一丁 目３－１,３－１,22-1764,高島市,S56/01/06,多目的,,,高島,5627923.pdf
旅館業,旅館めぐみ,520-3005,栗東市御園,栗東市御園８８９－５,８８９－５,077-558-2533,株式会社ワイド,S61/10/03,旅館・ホテル,旅館,,草津,5627924.pdf
旅館業,旅館石秀,524-0021,守山市吉身町,守山市吉身町二丁目１－６７,二丁目１－６７,82-2212,宮川 勇夫,S57/12/25,旅館・ホテル,旅館,,草津,5627924.pdf
旅館業,料理・旅館 えり市,524-0061,守山市赤野井町,守山市赤野井町１２０１,１２０１,077-585-0012,奥野 英樹,H19/03/30,旅館・ホテル,旅館,,草津,5627924.pdf
旅館業,料理旅館豆喜楼,520-3042,栗東市辻,栗東市辻３９２,３９２,077-552-1509,田中 一仁,S63/11/02,旅館・ホテル,旅館,,草津,5627924.pdf
旅館業,有限会社岡田屋旅館,525-0071,草津市南笠東四丁目,草津市南笠東四丁目９－３０,９－３０,077-562-3848,有限会社岡田屋旅館,H02/10/02,下宿,,,草津,5627924.pdf
旅館業,アーバンホテル南草津,525-0050,草津市南草津一丁目,草津市南草津一丁目１－５,１－５,077-561-0606,アーバンホテルシステム株式会社,H24/02/14,旅館・ホテル,ホテル,,草津,5627924.pdf
旅館業,ビジネスホテル タカラ,520-2331,野洲市小篠原,野洲市小篠原８５５,８５５,077-587-0391,株式会社タカラ,H23/10/25,旅館・ホテル,ホテル,,草津,5627924.pdf
旅館業,レークさがわ,524-0102,守山市水保町,守山市水保町２８９１－４１,２８９１－４１,077-585-4567,佐川アドバンス株式会社,H25/06/01,旅館・ホテル,旅館,,草津,5627924.pdf
旅館業,セトレ マリーナ びわ湖,524-0102,守山市水保町,守山市水保町1380-1,1380-1,077-585-1125,株式会社ホロニック,H25/08/30,旅館・ホテル,ホテル,,草津,5627924.pdf
旅館業,ラックホテル草津,525-0033,草津市東草津二丁目,草津市東草津二丁目１－４０,１－４０,077-562-9322,ラックホテル株式会社,H25/11/01,旅館・ホテル,ホテル,,草津,5627924.pdf
旅館業,スーパーホテル滋賀・草津国道1号沿,525-0034,草津市草津一丁目,草津市草津一丁目20－19,20－19,077-507-9000,京豊エンジニアリング株式会社,H27/03/23,旅館・ホテル,ホテル,,草津,5627924.pdf
旅館業,株式会社サンクリスタル,524-0102,守山市水保町,守山市水保町２８９１－２２７,２８９１－２２７,077-585-6405,株式会社サンクリスタル,H26/11/06,旅館・ホテル,ホテル,,草津,5627924.pdf
旅館業,ベッセルイン滋賀守山駅前,524-0041,守山市勝部一丁目,守山市勝部一丁目１－１７ 守山駅前近江鉄道ビ ル,１－１７ 守山駅前近江鉄道ビ ル,077-514-0011,株式会社ベッセルホテル開発,H29/07/27,旅館・ホテル,ホテル,,草津,5627924.pdf
旅館業,ホテル琵琶湖プラザ,524-0102,守山市水保町,守山市水保町２８９２－２,２８９２－２,077-585-4111,ブリーズベイオペレーション６号株式会社,H28/03/30,旅館・ホテル,ホテル,,草津,5627924.pdf
旅館業,ホテル ザ レオン守山店 パート１,524-0102,守山市水保町,守山市水保町２８９１－２３５,２８９１－２３５,077-585-7070,有限会社大地観光,H17/08/30,旅館・ホテル,ホテル,,草津,5627924.pdf
旅館業,ＡＲＴ ＲＩＴＳ ＨＯＴＥＬ,520-3031,栗東市綣一丁目,栗東市綣一丁目１１－１,１１－１,077-554-2828,有限会社マーツ,H20/01/04,旅館・ホテル,旅館,,草津,5627924.pdf
旅館業,ＨＯＴＥＬ Ｌａｖｉｅｌ,525-0051,草津市木川町,草津市木川町字十九９８－１、９９－１、９ ９－５,字十九９８－１、９９－１、９ ９－５,077-562-2666,株式会社Ｙ・Ｆ観光,H20/04/23,旅館・ホテル,ホテル,,草津,5627924.pdf
旅館業,ＪＲ．セルベーヌ,524-0102,守山市水保町,守山市水保町２８９１－２１６,２８９１－２１６,85-4964,有限会社びわこニユー観光,S60/02/09,旅館・ホテル,旅館,,草津,5627924.pdf
旅館業,Ｒｉｓｅｖｉｌｌｅ都賀山,524-0033,守山市浮気町,守山市浮気町３００－２４,３００－２４,583-7181,一般財団法人 守山野洲市民交流プラザ,S61/03/28,旅館・ホテル,旅館,,草津,5627924.pdf
旅館業,アーバンホテル草津,525-0032,草津市大路一丁目,草津市大路一丁目４－３１,４－３１,077-567-0606,アーバンホテルシステム株式会社,H08/03/01,旅館・ホテル,ホテル,,草津,5627924.pdf
旅館業,ホテル ジィニア,524-0102,守山市水保町,守山市水保町２８９１－２２２,２８９１－２２２,585-5390,株式会社アントレ,H06/10/28,旅館・ホテル,旅館,,草津,5627924.pdf
旅館業,おとぼけビーバーⅡ,524-0102,守山市水保町,守山市水保町２８９１－３７、３８,２８９１－３７、３８,077-585-7074,株式会社レガーロ,H08/07/29,旅館・ホテル,旅館,,草津,5627924.pdf
旅館業,おとぼけビーバー伝説,524-0102,守山市水保町,守山市水保町２８９１－２２０,２８９１－２２０,585-2651,株式会社レジェンド,H07/06/14,旅館・ホテル,旅館,,草津,5627924.pdf
旅館業,クサツエストピアホテル,525-0037,草津市西大路町,草津市西大路町４－３２,４－３２,077-566-3333,株式会社クサツエストピアホテル,H17/10/03,旅館・ホテル,ホテル,,草津,5627924.pdf
旅館業,こんぜの里バンガロー村,520-3002,栗東市観音寺,栗東市観音寺５３５,５３５,58-0908,栗東市,H05/07/23,簡易宿所,,,草津,5627924.pdf
旅館業,ザ・ウェルネス,520-3015,栗東市安養寺,栗東市安養寺１・２－２２,１・２－２２,52-8989,株式会社栗東会館,S61/02/19,簡易宿所,,,草津,5627924.pdf
旅館業,ささ舟ホテル,524-0101,守山市今浜町,守山市今浜町美崎２５２８,美崎２５２８,85-1254,山下 喜代子,S42/10/24,旅館・ホテル,旅館,,草津,5627924.pdf
旅館業,セントラルホテル野洲,520-2362,野洲市市三宅,野洲市市三宅９４８－１,９４８－１,077-588-0101,株式会社システムアイインターナショナル,H11/09/20,旅館・ホテル,ホテル,,草津,5627924.pdf
旅館業,ホテル ラグナ,524-0102,守山市水保町,守山市水保町２８９１－３０,２８９１－３０,,株式会社クリーンシィカー,H10/12/04,旅館・ホテル,ホテル,,草津,5627924.pdf
旅館業,ビジネスホテルタカラＮｏ．２,520-2332,野洲市妙光寺,野洲市妙光寺３２１，３２２－１，３２６－ １,３２１，３２２－１，３２６－ １,077-587-2456,株式会社タカラ,H15/07/04,旅館・ホテル,ホテル,,草津,5627924.pdf
旅館業,ビジネスホテルひばり,525-0031,草津市若竹町,草津市若竹町８－４,８－４,62-0618,有限会社伊藤生商事,S62/06/01,旅館・ホテル,旅館,,草津,5627924.pdf
旅館業,ビジネスホテル名栗,520-2331,野洲市小篠原,野洲市小篠原２２２９－１２,２２２９－１２,86-1123,名神栗東開発株式会社,H02/07/24,旅館・ホテル,旅館,,草津,5627924.pdf
旅館業,ビジネス旅館栗東,520-3045,栗東市高野,栗東市高野２２０,２２０,552-2000,有限会社ビジネス旅館栗東,S63/10/05,旅館・ホテル,旅館,,草津,5627924.pdf
旅館業,びわこの千松,525-0067,草津市新浜町,草津市新浜町２９７－１,２９７－１,077-565-8800,株式会社びわこ乃千松,H13/04/04,旅館・ホテル,旅館,,草津,5627924.pdf
旅館業,ファションホテルプリンス,520-3047,栗東市手原七丁目,栗東市手原七丁目２－７,２－７,53-1426,三輝運輸株式会社,S58/08/08,旅館・ホテル,旅館,,草津,5627924.pdf
旅館業,ほていや,524-0037,守山市梅田町,守山市梅田町５－３２,５－３２,582-2404,深草 信司,S64/01/01,旅館・ホテル,旅館,,草津,5627924.pdf
旅館業,ホテル オリーブ,524-0102,守山市水保町,守山市水保町２８９１－６,２８９１－６,077-585-6000,株式会社クローバー開発,H16/04/20,旅館・ホテル,ホテル,,草津,5627924.pdf
旅館業,ホテル グリオン,524-0102,守山市水保町,守山市水保町２８９１－２６,２８９１－２６,077-585-3309,有限会社大徳フーズ,H20/04/23,旅館・ホテル,旅館,,草津,5627924.pdf
旅館業,ホテル アクアキッス,524-0102,守山市水保町,守山市水保町２８９１－２２１,２８９１－２２１,077-585-1131,株式会社滋賀ホテルチャペルクリスマス,H17/12/08,旅館・ホテル,ホテル,,草津,5627924.pdf
旅館業,ホテル どんぐりころころ,524-0102,守山市水保町,守山市水保町２８９１－２１８,２８９１－２１８,077-585-1732,株式会社アバス,H20/04/23,旅館・ホテル,旅館,,草津,5627924.pdf
旅館業,ホテル パームス,524-0102,守山市水保町,守山市水保町２８９１－９,２８９１－９,,有限会社パームス,H11/07/23,旅館・ホテル,ホテル,,草津,5627924.pdf
旅館業,ホテル ファイン,524-0102,守山市水保町,守山市水保町２８９１－１９、２０,２８９１－１９、２０,077-585-5905,株式会社クローバー開発,H10/07/24,旅館・ホテル,旅館,,草津,5627924.pdf
旅館業,ホテル ファインⅡ,524-0102,守山市水保町,守山市水保町２８９１－７,２８９１－７,077-585-2905,株式会社クローバー開発,H11/09/02,旅館・ホテル,ホテル,,草津,5627924.pdf
旅館業,ホテル ファイン栗東,520-3047,栗東市手原七丁目,栗東市手原七丁目２－７,２－７,077-553-1721,万葉コミュニティ有限会社,H16/08/03,旅館・ホテル,ホテル,,草津,5627924.pdf
旅館業,ホテル ボストンプラザ草津,525-0037,草津市西大路町,草津市西大路町１－２７,１－２７,077-561-3311,南興業株式会社,H23/09/21,旅館・ホテル,ホテル,,草津,5627924.pdf
旅館業,ホテル２１,525-0031,草津市若竹町,草津市若竹町７－１０,７－１０,64-2121,株式会社モリノビル,H10/08/12,旅館・ホテル,旅館,,草津,5627924.pdf
旅館業,ホテルセルベーヌ,524-0102,守山市水保町,守山市水保町２８９１－５，２８,２８９１－５，２８,85-4665,株式会社セルベーヌ,S60/02/09,旅館・ホテル,旅館,,草津,5627924.pdf
旅館業,ホテルダイヤモンド,524-0102,守山市水保町,守山市水保町１２２１－３,１２２１－３,85-3751,有限会社新栄観光,H02/03/17,旅館・ホテル,旅館,,草津,5627924.pdf
旅館業,ホテルディーアール,524-0102,守山市水保町,守山市水保町２８９１－３０,２８９１－３０,,三並 欣子,H01/12/25,旅館・ホテル,旅館,,草津,5627924.pdf
旅館業,ホテルドリーム,524-0102,守山市水保町,守山市水保町２８９１－２５－３３,２８９１－２５－３３,85-3434,有限会社河丸興業,H01/11/20,旅館・ホテル,旅館,,草津,5627924.pdf
旅館業,ホテルニューアルテミス,524-0102,守山市水保町,守山市水保町１２３１,１２３１,,扶桑商事株式会社,S63/09/13,旅館・ホテル,旅館,,草津,5627924.pdf
旅館業,ホテルびわ湖,524-0102,守山市水保町,守山市水保町１２１２－１,１２１２－１,,中野 英一,S32/06/15,旅館・ホテル,旅館,,草津,5627924.pdf
旅館業,ホテルプリンス,520-3047,栗東市手原七丁目,栗東市手原七丁目２－７,２－７,53-1721,株式会社商工ビル,H05/08/23,旅館・ホテル,旅館,,草津,5627924.pdf
旅館業,ホテルペントハウス,524-0011,守山市今市町,守山市今市町９１－１,９１－１,82-3312,小山 みどり,S59/09/25,旅館・ホテル,旅館,,草津,5627924.pdf
旅館業,ホテルメルヘン,524-0102,守山市水保町,守山市水保町２８９１－１１,２８９１－１１,077-585-4936,東栄観光株式会社,S59/08/08,旅館・ホテル,旅館,,草津,5627924.pdf
旅館業,ホテルモリヤマ,524-0102,守山市水保町,守山市水保町１１６４－１,１１６４－１,21-4782,京栄観光株式会社,S63/05/02,旅館・ホテル,旅館,,草津,5627924.pdf
旅館業,琵琶湖マリオットホテル,524-0101,守山市今浜町,守山市今浜町２８７６,２８７６,077-585-6100,森トラスト・ホテルズ＆リゾーツ株式会社,S60/06/19,旅館・ホテル,ホテル,,草津,5627924.pdf
旅館業,ホテルルートワン,525-0033,草津市東草津二丁目,草津市東草津二丁目６２３－１,６２３－１,,総合企画有限会社,S61/11/17,旅館・ホテル,旅館,,草津,5627924.pdf
旅館業,ホテル湖東エンセラー,524-0102,守山市水保町,守山市水保町２８９１－９,２８９１－９,85-8333,ナント観光株式会社,S60/02/09,旅館・ホテル,旅館,,草津,5627924.pdf
旅館業,マイアミ湖上レジャーセンター,520-0201,野洲市吉川,野洲市吉川３３０２,３３０２,,株式会社タカラ,S47/07/28,旅館・ホテル,旅館,,草津,5627924.pdf
旅館業,まるけ,520-2304,野洲市永原,野洲市永原５７１,５７１,87-0248,福谷 圭造,S30/12/01,旅館・ホテル,旅館,,草津,5627924.pdf
旅館業,モテルやぐら,525-0054,草津市東矢倉二丁目,草津市東矢倉二丁目５－１３,５－１３,62-3795,有限会社ＹＫデベロッパ,S45/06/16,旅館・ホテル,旅館,,草津,5627924.pdf
旅館業,ユアサ木浜スポーツランド社員合宿所,524-0104,守山市木浜町,守山市木浜町２２９９－１,２２９９－１,85-2668,湯浅電池株式会社,S54/11/02,簡易宿所,,,草津,5627924.pdf
旅館業,ラ・フェスタ,524-0102,守山市水保町,守山市水保町２８９１－５,２８９１－５,077-585-5837,株式会社紀伊見荘,R05/02/22,旅館・ホテル,,,草津,5627924.pdf
旅館業,ラポルテ．１１,525-0071,草津市南笠東四丁目,草津市南笠東四丁目３－１６,３－１６,077-562-1004,株式会社Ｆ・Ｈ企画,S61/03/05,旅館・ホテル,旅館,,草津,5627924.pdf
旅館業,学生寮大門,525-0056,草津市南笠町,草津市南笠町５３６－６９,５３６－６９,,大門 久実夫,S55/02/25,下宿,,,草津,5627924.pdf
旅館業,株式会社佐繕,525-0032,草津市大路一丁目,草津市大路一丁目１６－４,１６－４,62-1250,株式会社佐繕,S45/06/22,旅館・ホテル,旅館,,草津,5627924.pdf
旅館業,株式会社萩の家,525-0055,草津市野路町,草津市野路町９９５１,９９５１,62-0512,株式会社萩の家,S40/03/31,旅館・ホテル,旅館,,草津,5627924.pdf
旅館業,希望が丘文化公園野外活動施設ロッジ,520-2313,野洲市大篠原,野洲市大篠原２６１６－１,２６１６－１,077-586-1100,滋賀県,S51/03/02,簡易宿所,,,草津,5627924.pdf
旅館業,帰汎島公園管理センター,525-0066,草津市矢橋町,草津市矢橋町２１０８,２１０８,,滋賀県,S60/03/30,簡易宿所,,,草津,5627924.pdf
旅館業,近江希望が丘ユースホステル,520-2305,野洲市北,野洲市北桜９７８,桜９７８,077-587-2201,一般財団法人日本ユースホステル協会,S45/10/21,簡易宿所,,,草津,5627924.pdf
旅館業,栗東インターホテル,520-3045,栗東市高野,栗東市高野３７８,３７８,53-7522,青木 悠紀夫,S54/10/27,旅館・ホテル,ホテル,,草津,5627924.pdf
旅館業,栗東プラザ,520-3046,栗東市大橋六丁目,栗東市大橋六丁目６－５１,６－５１,077-553-0660,株式会社栗東プラザホテル,H14/09/05,旅館・ホテル,旅館,,草津,5627924.pdf
旅館業,栗東プラザⅡ,520-3046,栗東市大橋六丁目,栗東市大橋六丁目６－５１,６－５１,077-553-0660,株式会社栗東プラザホテル,H14/09/05,旅館・ホテル,旅館,,草津,5627924.pdf
旅館業,栗東市総合福祉保健センター,520-3015,栗東市安養寺,栗東市安養寺１９０,１９０,077-552-0500,栗東市,H16/08/21,簡易宿所,,,草津,5627924.pdf
旅館業,栗東市立自然体験学習センター「森の未来館」,520-3002,栗東市観音寺,栗東市観音寺４５９番地２０,４５９番地２０,077-558-3777,栗東市,H20/04/23,旅館・ホテル,旅館,,草津,5627924.pdf
旅館業,栗東市立森林体験交流センター,520-3002,栗東市観音寺,栗東市観音寺５３７－１,５３７－１,077-558-0600,栗東市,H11/03/29,簡易宿所,,,草津,5627924.pdf
旅館業,栗東市やすらぎの家,520-3041,栗東市出庭,栗東市出庭７００－１,７００－１,077-554-0606,栗東市,H05/04/09,簡易宿所,,,草津,5627924.pdf
旅館業,栗東市ゆうあいの家,520-3024,栗東市小柿一丁目,栗東市小柿一丁目１０番１０号,１０番１０号,077-554-1004,栗東市,H09/04/15,簡易宿所,,,草津,5627924.pdf
旅館業,広域林構休養休息施設ふるさと館,520-2323,野洲市三上,野洲市三上５１９,５１９,86-1930,滋賀県,H04/07/17,旅館・ホテル,旅館,,草津,5627924.pdf
旅館業,守山アートホテル,524-0012,守山市播磨田町,守山市播磨田町５０－１,５０－１,077-581-1700,株式会社Ｔ＆Ｄ,H28/03/01,旅館・ホテル,ホテル,,草津,5627924.pdf
旅館業,草津第一ホテル,525-0031,草津市若竹町,草津市若竹町５－５,５－５,62-2411,株式会社草津第一ホテル,H04/03/02,旅館・ホテル,旅館,,草津,5627924.pdf
旅館業,太陽,520-3022,栗東市上鈎,栗東市上鈎５３．５３－６,５３．５３－６,077-554-0231,有限会社太陽,S60/04/05,旅館・ホテル,旅館,,草津,5627924.pdf
旅館業,中村下宿,525-0028,草津市上笠町,草津市上笠町１３２,１３２,63-0783,中村 重一,S48/12/26,下宿,,,草津,5627924.pdf
旅館業,富貴,524-0041,守山市勝部町,守山市勝部町８３７－１,８３７－１,83-3788,村岡 久子,S51/08/24,下宿,,,草津,5627924.pdf
旅館業,野洲シテイーホテル,520-2361,野洲市北野一丁目,野洲市北野一丁目１－６,１－６,86-0951,大河興業株式会社,S60/06/07,旅館・ホテル,ホテル,,草津,5627924.pdf
旅館業,旅館しらかわ,525-0037,草津市西大路町,草津市西大路町８７３－１,８７３－１,62-6580,白川 睦男,S45/03/24,旅館・ホテル,旅館,,草津,5627924.pdf
旅館業,東横ＩＮＮ琵琶湖線南草津駅西口,525-0050,草津市南草津一丁目,草津市南草津一丁目４－１２,４－１２,077-561-1045,株式会社東横イン,H30/08/07,旅館・ホテル,,,草津,5627924.pdf
旅館業,ポイントバケーション近江びわ湖,525-0061,草津市北山田町,草津市北山田町５６０,５６０,077-561-0061,株式会社リロバケーションズ,H30/10/18,旅館・ホテル,,,草津,5627924.pdf
旅館業,ホテル アリュール,524-0102,守山市水保町,守山市水保町２８９１－１１,２８９１－１１,077-585-0615,株式会社ワイズ,H31/02/04,旅館・ホテル,,,草津,5627924.pdf
旅館業,ホテルルートイン草津栗東,520-3046,栗東市大橋六丁目,栗東市大橋六丁目６－４０,６－４０,,ルートインジャパン株式会社,R02/10/02,旅館・ホテル,,,草津,5627924.pdf
旅館業,ＢＨＣ３番館オーベルジュ「ＳＡＫＵＲＡ」,524-0101,守山市今浜町,守山市今浜町２６２４－１５９,２６２４－１５９,077-535-1974,東洋ビルホーム株式会社,R01/10/28,簡易宿所,,,草津,5627924.pdf
旅館業,ラ・フェスタ,524-0102,守山市水保町,守山市水保町２８９１－５,２８９１－５,077-584-2715,有限会社ジェッツ・インターナショナル,R03/03/17,旅館・ホテル,,,草津,5627924.pdf
旅館業,アリュール,524-0102,守山市水保町,守山市水保町２８９１－１１,２８９１－１１,077-585-0615,有限会社アルファー２１コーポレーション,R03/07/30,旅館・ホテル,,,草津,5627924.pdf
旅館業,ホテル ジィニア守山,524-0102,守山市水保町,守山市水保町２８９１－２２２,２８９１－２２２,077-584-2001,株式会社ミラージュ,R03/11/24,旅館・ホテル,,,草津,5627924.pdf
旅館業,ＨＯＴＥＬ ＧＲＡＮＤ ＬＥＯＮ守山,524-0102,守山市水保町,守山市水保町２８９１－１１,２８９１－１１,077-585-0615,株式会社ユニックス,R04/09/15,旅館・ホテル,,,草津,5627924.pdf
旅館業,ＹＡＮＭＡＲ ＳＵＮＳＥＴ ＭＡＲＩＮＡ ＣＬＵＢＨＯ ＵＳＥ＆ＨＯＴＥＬ,524-0102,守山市水保町,守山市水保町１３８０,１３８０,077-585-1212,ヤンマーコーポレーション株式会社,R05/07/26,旅館・ホテル,,,草津,5627924.pdf
旅館業,琵琶湖ＲＶパーク アヤメ,524-0202,野洲市菖蒲,野洲市菖蒲２６０－１７,２６０－１７,,春名 邦彦,R05/10/27,簡易宿所,,,草津,5627924.pdf
旅館業,マイアミ浜オートキャンプ場,524-0201,野洲市吉川,野洲市吉川３３２６－１,３３２６－１,077-589-5725,野洲市湖岸開発株式会社,R05/12/01,簡易宿所,,,草津,5627924.pdf
旅館業,ＩＺＡ ｍｏｒｉｙａｍａ,524-0101,守山市今浜町,"守山市今浜町2531-3,2532-7","2531-3,2532-7",,株式会社考研住まい工房,R08/04/03,簡易宿所,,,草津,5627924.pdf
旅館業,水の環ホテル 湖音,525-0034,草津市草津二丁目,草津市草津二丁目４－１９,４－１９,,株式会社湖音,R08/03/31,簡易宿所,,,草津,5627924.pdf
旅館業,あやめ荘,520-2402,野洲市菖蒲,野洲市菖蒲２５２,２５２,077-589-3239,督永 文子,R08/07/21,簡易宿所,,,草津,5627924.pdf
旅館業,和乃リトリート ひといき,526-0059,長浜市元浜町,長浜市元浜町１７－２,１７－２,0749-56-1174,合同会社ひといき,R04/05/25,簡易宿所,,,長浜,5627924.pdf
旅館業,蔵（伊香）,529-0434,長浜市木之本町北布施,長浜市木之本町北布施２０４,２０４,0749-56-0715,株式会社ＹＡＭＡＧＡＲＡ,R04/08/19,簡易宿所,,,長浜,5627924.pdf
旅館業,ＮＡＧＡＨＡＭＡ Ｌｉｆｅｓｔｙｌｅ Ｇｌａｍｐｉｎｇ Ｈｏｔｅｌ,526-0047,長浜市下坂浜町,長浜市下坂浜町３７９－６,３７９－６,0749-53-2270,有限会社森野ビル,R04/10/03,簡易宿所,,,長浜,5627924.pdf
旅館業,ワーケーション拠点 上丹生山根邸別館,529-0512,長浜市余呉町上丹生,長浜市余呉町上丹生２４３７,２４３７,,中西興産株式会社,R04/10/24,簡易宿所,,,長浜,5627924.pdf
旅館業,蔵の家,521-0307,米原市大久保,米原市大久保１０５２,１０５２,,いぶきファーム株式会社,R05/11/27,簡易宿所,,,長浜,5627924.pdf
旅館業,水の家,521-0307,米原市大久保,米原市大久保８３１,８３１,0749-58-1771,いぶきファーム株式会社,R04/10/11,簡易宿所,,,長浜,5627924.pdf
旅館業,大門坂荘,521-0307,米原市大久保,米原市大久保１０９４,１０９４,0749-58-1771,いぶきファーム株式会社,R04/10/11,簡易宿所,,,長浜,5627924.pdf
旅館業,夢匠庵,526-0059,長浜市元浜町,長浜市元浜町１２－９,１２－９,0749-50-2323,株式会社沢田商店,R05/01/11,簡易宿所,,,長浜,5627924.pdf
旅館業,和乃リトリート ひといき Ａ棟,526-0059,長浜市元浜町,長浜市元浜町１７－３,１７－３,0749-56-1174,合同会社ひといき,R05/03/13,簡易宿所,,,長浜,5627924.pdf
旅館業,和乃リトリート ひといき Ｂ棟,526-0059,長浜市元浜町,長浜市元浜町１７－４,１７－４,0749-56-1174,合同会社ひといき,R05/03/13,簡易宿所,,,長浜,5627924.pdf
旅館業,ここや,521-0202,米原市柏原,米原市柏原２１２０,２１２０,,山本 泰裕,R05/03/24,簡易宿所,,,長浜,5627924.pdf
旅館業,田邸,526-0056,長浜市朝日町,長浜市朝日町３４－２１,３４－２１,,合同会社ｋｅｉ－ｆｕ,R05/03/23,簡易宿所,,,長浜,5627924.pdf
旅館業,ホテルルートイン長浜インターＧｒａｎｄＡｎｎｅｘ,526-0804,長浜市加納町,長浜市加納町８８４－１,８８４－１,0749-68-2030,ルートインジャパン株式会社,R05/04/07,旅館・ホテル,,,長浜,5627924.pdf
旅館業,春テラス,521-0314,米原市春照,米原市春照４６８,４６８,,株式会社ＮＥＯ,R05/07/26,簡易宿所,,,長浜,5627924.pdf
旅館業,湖桑庵,529-0436,長浜市木之本町山梨子,長浜市木之本町山梨子１４４,１４４,0749-56-0210,株式会社ＹＡＭＡＧＡＲＡ,R05/04/11,簡易宿所,,,長浜,5627924.pdf
旅館業,古民家ゲストハウス「余ーＡＭＡＲＩ」,526-0251,長浜市大依町,長浜市大依町７４８,７４８,,合同会社ＣＩＲＣＵＬＡＴＩＯＮ ＤＥＳ ＩＧＮ ＳＴＵＤＩＯ,R05/04/28,簡易宿所,,,長浜,5627924.pdf
旅館業,ｇｌ・ｎｔａ ｇｌａｍｐｉｎｇ ｖｉｌｌａｇｅ,526-0124,長浜市早崎町,長浜市早崎町１６６９－１,１６６９－１,0749-72-2220,中尾木材工業株式会社,R05/05/18,簡易宿所,,,長浜,5627924.pdf
旅館業,ｆｌｏｗ 山源 Ｓｔａｙ ＆ Ｒｅｔｒｅａｔ,521-0202,米原市柏原,米原市柏原２１８２,２１８２,,渡部 優,R06/07/30,簡易宿所,,,長浜,5627924.pdf
旅館業,蔵の宿 隠れ蔵,529-0722,長浜市西浅井町庄,長浜市西浅井町庄４６２－２,４６２－２,,北野 純哉,R05/12/04,簡易宿所,,,長浜,5627924.pdf
旅館業,Ｇｕｅｓｔ Ｈｏｕｓｅ 去来現,529-0423,長浜市木之本町千田,長浜市木之本町千田６８７,６８７,,東山 潤,R05/08/01,簡易宿所,,,長浜,5627924.pdf
旅館業,湖畔の別邸,529-0712,長浜市西浅井町月出,長浜市西浅井町月出１２７,１２７,,ＢｌｕｅＯｒｄｅｒ株式会社,R05/08/09,簡易宿所,,,長浜,5627924.pdf
旅館業,Ｙｏｇｏ Ｌａｋｅｓｉｄｅ Ｖｉｌｌａ 鏡丘,529-0437,長浜市木之本町飯浦,長浜市木之本町飯浦１９８,１９８,,株式会社江戸屋,R08/04/13,簡易宿所,,,長浜,5627924.pdf
旅館業,ＨＯＴＥＬ Ｒ９ Ｔｈｅ Ｙａｒｄ 長浜,526-0032,長浜市南高田町,長浜市南高田町５－１７,５－１７,0749-53-3945,株式会社デベロップ,R05/11/10,旅館・ホテル,,,長浜,5627924.pdf
旅館業,紲ｙａ－ツナギヤ－,521-0242,米原市長岡,米原市長岡１３００,１３００,,石崎 達郎,R07/01/29,簡易宿所,,,長浜,5627924.pdf
旅館業,ＢｌｕｅＢｅａｒ 東野,529-0527,長浜市余呉町東野,長浜市余呉町東野１２８－１０,１２８－１０,,堀田 亜紀,R06/04/23,簡易宿所,,,長浜,5627924.pdf
旅館業,民泊 ＫＥＮ ＨＯＵＳＥ,529-0241,長浜市高月町高月,長浜市高月町高月９５３－７,９５３－７,,中野 尚顕,R06/03/08,簡易宿所,,,長浜,5627924.pdf
旅館業,縁,526-0058,長浜市南呉服町,長浜市南呉服町７－１９,７－１９,0749-77-7519,株式会社Ｅ・Ａ,R07/03/28,旅館・ホテル,,,長浜,5627924.pdf
旅館業,スーパーホテル滋賀・長浜天然温泉,526-0015,長浜市神照町,長浜市神照町９７４－６,９７４－６,0749-62-9000,京豊エンジニアリング株式会社,R07/07/14,旅館・ホテル,,,長浜,5627924.pdf
旅館業,ゲストハウス長浜,526-0037,長浜市高田町,長浜市高田町１４－３２,１４－３２,,株式会社Ｙ,R06/08/07,簡易宿所,,,長浜,5627924.pdf
旅館業,長浜ゲストハウス楽市,526-0021,長浜市八幡中山町,長浜市八幡中山町２７５－３,２７５－３,,株式会社Ｙ,R06/11/01,簡易宿所,,,長浜,5627924.pdf
旅館業,孫八,521-0211,米原市梓河内,米原市梓河内３４４,３４４,,株式会社ＬＡＮＤＢＯＸ,R07/03/24,簡易宿所,,,長浜,5627924.pdf
旅館業,湖風,529-0364,長浜市湖北町尾上,長浜市湖北町尾上２８７,２８７,,松田 悠樹,R06/10/29,簡易宿所,,,長浜,5627924.pdf
旅館業,宿 すごろく,526-0023,長浜市三ツ矢町,長浜市三ツ矢町８－２２,８－２２,,シーク建設株式会社,R07/01/24,旅館・ホテル,,,長浜,5627924.pdf
旅館業,ゆるり ＢＡＳＥ〈凛〉,526-0015,長浜市神照町,長浜市神照町３２８－１,３２８－１,,杉原 眞理子,R07/02/20,簡易宿所,,,長浜,5627924.pdf
旅館業,湖のイストリア,526-0059,長浜市元浜町,長浜市元浜町１３－３,１３－３,,合同会社長浜エリアマネジメント,R07/03/11,簡易宿所,,,長浜,5627924.pdf
旅館業,鈴籠城,529-0367,長浜市湖北町海老江,長浜市湖北町海老江３２,３２,,ジーズアップ株式会社,R07/08/01,簡易宿所,,,長浜,5627924.pdf
旅館業,Ｌｕｇ Ｓｔａｙ Ｒｅｔｒｅａｔ 琵琶湖,526-0113,長浜市南浜町,長浜市南浜町１１１３,１１１３,,松波産業株式会社,R07/03/27,簡易宿所,,,長浜,5627924.pdf
旅館業,緋乃里,529-0425,長浜市木之本町木之本,長浜市木之本町木之本１３２９－１,１３２９－１,,丸澤 峰子,R07/05/15,簡易宿所,,,長浜,5627924.pdf
旅館業,五郎平,529-0301,長浜市小谷上山田町,長浜市小谷上山田町１２９８－１,１２９８－１,0749-78-0717,山岡 春佳,R07/05/15,簡易宿所,,,長浜,5627924.pdf
旅館業,つなぐ宿喜兵衛,529-0265,長浜市高月町西柳野,長浜市高月町西柳野４９７,４９７,,国友工業株式会社,R07/10/10,簡易宿所,,,長浜,5627924.pdf
旅館業,ゆるり ＢＡＳＥ〈絃〉,526-0015,長浜市神照町,長浜市神照町３２８－１,３２８－１,,杉原 眞理子,R07/11/10,簡易宿所,,,長浜,5627924.pdf
旅館業,伊香,529-0434,長浜市木之本町北布施,長浜市木之本町北布施２０４,２０４,0749-56-0715,株式会社ＹＡＭＡＧＡＲＡ,R07/12/04,簡易宿所,,,長浜,5627924.pdf
旅館業,ゲストハウス ミカタ,526-0059,長浜市元浜町,長浜市元浜町１５－１,１５－１,,早川 康輝,R08/02/12,簡易宿所,,,長浜,5627924.pdf
旅館業,鈴籠長浜城,526-0065,長浜市公園町,長浜市公園町９－１０,９－１０,,ジーズアップ株式会社,R08/04/09,簡易宿所,,,長浜,5627924.pdf
旅館業,ＨＯＴＥＬ Ｒ９ Ｔｈｅ Ｙａｒｄ 長浜インター,526-0014,長浜市口分田町,長浜市口分田町４６６－６,４６６－６,0749-53-0180,株式会社デベロップ,R08/02/19,旅館・ホテル,,,長浜,5627924.pdf
旅館業,ゆるり ＢＡＳＥ〈稀〉,521-0016,米原市下多良,米原市下多良一丁目７４,一丁目７４,,杉原 眞理子,R08/04/20,簡易宿所,,,長浜,5627924.pdf
旅館業,Ｈａｎｇｏｕｔ Ｍｏｔｏｒ Ｈｏｕｓｅ Ａ棟,526-0047,長浜市下坂浜町,長浜市下坂浜町３９４ センチュリーワンＢ５,３９４ センチュリーワンＢ５,0749-63-2243,辰誠生活支援株式会社,R08/02/27,簡易宿所,,,長浜,5627924.pdf
旅館業,Ｈａｎｇｏｕｔ Ｍｏｔｏｒ Ｈｏｔｅｌｓ Ｎａｇａｈａ ｍａ Ｃｅｎｔｒａｌ,526-0037,長浜市高田町,長浜市高田町２－２,２－２,0749-63-2243,辰誠生活支援株式会社,R08/04/24,簡易宿所,,,長浜,5627924.pdf
旅館業,フィットイージー長浜店,526-0021,長浜市八幡中山町,長浜市八幡中山町４７３－１,４７３－１,0749-53-0080,株式会社ライフ,R08/02/17,簡易宿所,,,長浜,5627924.pdf
旅館業,フィットイージー長浜店 ＡＮＮＥＸ,526-0021,長浜市八幡中山町,長浜市八幡中山町４８０,４８０,0749-53-0080,株式会社ライフ,R08/02/17,簡易宿所,,,長浜,5627924.pdf
旅館業,民宿旅館 文右衛門,529-0523,長浜市余呉町川並,長浜市余呉町川並２６１－１,２６１－１,0749-86-2425,桐畑 仁己,R08/03/10,簡易宿所,,,長浜,5627924.pdf
旅館業,グランエレメント,521-0221,米原市池下,米原市池下６０－１,６０－１,0749-55-3755,奥伊吹観光株式会社,R08/03/19,簡易宿所,,,長浜,5627924.pdf
旅館業,秋津,521-0033,米原市上丹生,米原市上丹生６４７,６４７,,合同会社秋津,R08/07/22,旅館・ホテル,,,長浜,5627924.pdf
旅館業,ｃｏｔｔａｇｅ 樹樹,520-1655,高島市今津町日置前,高島市今津町日置前１８５８－２,１８５８－２,0740-22-3823,小佐井 千惠子,R02/07/06,簡易宿所,,,高島,5627924.pdf
旅館業,ＷＥＳＴ ＬＡＫＥ ＨＯＴＥＬ 可以登楼,520-1216,高島市安曇川町中央二 丁目,高島市安曇川町中央二 丁目１－６,１－６,32-3131,株式会社可以登楼,H14/11/06,旅館・ホテル,ホテル,,高島,5627924.pdf
旅館業,アクティ．プラザ．琵琶,520-1503,高島市新旭町深溝,高島市新旭町深溝字西釜５２０他,字西釜５２０他,0740-25-7111,株式会社エー.エイチ.エヌ,H08/03/12,旅館・ホテル,旅館,,高島,5627924.pdf
旅館業,いづみや,520-1655,高島市今津町日置前,高島市今津町日置前３０１８,３０１８,22-3100,古谷 宏明,S38/12/21,簡易宿所,,,高島,5627924.pdf
旅館業,ガリバーハウス,520-1142,高島市鹿ケ瀬,高島市鹿ケ瀬９８７－１,９８７－１,37-0744,高島市,S62/06/08,簡易宿所,,,高島,5627924.pdf
旅館業,くつきや,520-1213,高島市安曇川町五番領,高島市安曇川町五番領１１５,１１５,32-1109,米村 登志子,S60/05/31,旅館・ホテル,旅館,,高島,5627924.pdf
旅館業,グリーンパーク想い出の森 宿泊施設,520-1415,高島市朽木柏,高島市朽木柏３４１－３,３４１－３,0740-38-2770,一般財団法人高島まちおこし公社,H17/11/11,旅館・ホテル,旅館,,高島,5627924.pdf
旅館業,ゲストハウス アーカス 虹,520-1812,高島市マキノ町西浜,高島市マキノ町西浜７７０，７７０－１,７７０，７７０－１,28-8017,藤井 勲,H10/01/23,簡易宿所,,,高島,5627924.pdf
旅館業,ゲストハウス 加茂川,520-1223,高島市安曇川町下小川,高島市安曇川町下小川２３２９－２０,２３２９－２０,0740-32-0451,有限会社白浜荘,H20/03/28,簡易宿所,,,高島,5627924.pdf
旅館業,ととファミリー,520-1602,高島市今津町桂,高島市今津町桂６６３－４３,６６３－４３,0740-22-2895,中村 徹,H17/03/31,旅館・ホテル,旅館,,高島,5627924.pdf
旅館業,ニュー マキノ,520-1836,高島市マキノ町牧野,高島市マキノ町牧野１７５,１７５,27-0192,青谷 明美,H14/04/16,旅館・ホテル,旅館,,高島,5627924.pdf
旅館業,ファミリー ロッヂ,520-1601,高島市今津町深清水,高島市今津町深清水赤坂川原谷２４０５－１ビラデ スト今津内,赤坂川原谷２４０５－１ビラデ スト今津内,22-6868,公益財団法人ひばり,H07/04/01,簡易宿所,,,高島,5627924.pdf
旅館業,ペンション カッコーの巣,520-1837,高島市マキノ町白谷,高島市マキノ町白谷５－４０,５－４０,0740-27-1148,清水 夢洋,S60/11/09,旅館・ホテル,旅館,,高島,5627924.pdf
旅館業,ペンション マキノ,520-1835,高島市マキノ町石庭,高島市マキノ町石庭２２９,２２９,27-0111,山口 猪三雄,H14/01/18,簡易宿所,,,高島,5627924.pdf
旅館業,ペンション ハックル,520-1821,高島市マキノ町沢,高島市マキノ町沢１４９５－１,１４９５－１,27-1217,小林 正典,H01/11/13,簡易宿所,,,高島,5627924.pdf
旅館業,ペンションＧＵＺＵ,520-1825,高島市マキノ町森西,高島市マキノ町森西黒川５４７－７,黒川５４７－７,26-0800,林 正直,S60/06/06,簡易宿所,,,高島,5627924.pdf
旅館業,ペンションくりっこ,520-1836,高島市マキノ町牧野,高島市マキノ町牧野５５４,５５４,27-1545,日本大同投資株式会社,H04/06/25,簡易宿所,,,高島,5627924.pdf
旅館業,ホテル 可以登 ANNEX 別館,520-1631,高島市今津町名小路一 丁目,高島市今津町名小路一 丁目６－１０,６－１０,22-5111,株式会社可以登楼,H17/11/30,旅館・ホテル,ホテル,,高島,5627924.pdf
旅館業,ホテル 可以登 ANNEX 別館,520-1631,高島市今津町名小路一 丁目,高島市今津町名小路一 丁目６－１０,６－１０,22-5111,株式会社可以登楼,H28/02/05,簡易宿所,,,高島,5627924.pdf
旅館業,まきの館,520-1836,高島市マキノ町牧野,高島市マキノ町牧野２８６,２８６,27-1104,青谷 一江,S30/02/01,旅館・ホテル,旅館,,高島,5627924.pdf
旅館業,まきの館 別館,520-1836,高島市マキノ町牧野,高島市マキノ町牧野２９７,２９７,27-1104,青谷 一江,S60/08/03,旅館・ホテル,旅館,,高島,5627924.pdf
旅館業,ますや,520-1212,高島市安曇川町西万木,高島市安曇川町西万木２１７,２１７,32-0215,甲谷 美子,S62/04/23,旅館・ホテル,旅館,,高島,5627924.pdf
旅館業,まつなみ荘,520-1812,高島市マキノ町西浜,高島市マキノ町西浜７６３－１,７６３－１,28-0551,奥野 強,S50/04/01,旅館・ホテル,旅館,,高島,5627924.pdf
旅館業,まつなみ荘別館,520-1812,高島市マキノ町西浜,高島市マキノ町西浜１２９,１２９,28-0551,奥野 強,S52/07/13,旅館・ホテル,旅館,,高島,5627924.pdf
旅館業,みくに館,520-1836,高島市マキノ町牧野,高島市マキノ町牧野２４５－２,２４５－２,27-1106,青谷 藤和,S27/12/12,旅館・ホテル,旅館,,高島,5627924.pdf
旅館業,みくに館 山の家,520-1836,高島市マキノ町牧野,高島市マキノ町牧野９３８－３,９３８－３,27-1228,青谷 章,H05/04/27,旅館・ホテル,旅館,,高島,5627924.pdf
旅館業,みのりの館,520-1601,高島市今津町深清水,高島市今津町深清水赤坂川原谷２４０５－１ビラデ スト今津内,赤坂川原谷２４０５－１ビラデ スト今津内,0740-22-6868,公益財団法人ひばり,H12/07/11,簡易宿所,,,高島,5627924.pdf
旅館業,やまげん,520-1655,高島市今津町日置前,高島市今津町日置前３０２１,３０２１,22-0432,山室 源治郎,S38/12/21,簡易宿所,,,高島,5627924.pdf
旅館業,井上旅館,520-1811,高島市マキノ町海津,高島市マキノ町海津官有地無番地,官有地無番地,0740-28-1108,有限会社大崎井上,H10/06/15,旅館・ホテル,旅館,,高島,5627924.pdf
旅館業,一二三館,520-1836,高島市マキノ町牧野,高島市マキノ町牧野１８２，１８３,１８２，１８３,27-0138,青谷 五三男,H07/03/29,旅館・ホテル,旅館,,高島,5627924.pdf
旅館業,可以登楼,520-1217,高島市安曇川町田中,高島市安曇川町田中２５４,２５４,32-0008,株式会社可以登楼,S42/07/31,旅館・ホテル,旅館,,高島,5627924.pdf
旅館業,丸よし,520-1621,高島市今津町今津,高島市今津町今津１１２,１１２,0740-22-2416,鈴木 絹子,H10/04/17,旅館・ホテル,旅館,,高島,5627924.pdf
旅館業,丸三旅館,520-1212,高島市安曇川町西万木,高島市安曇川町西万木１０４５－１,１０４５－１,0740-32-1339,有限会社丸三,H20/06/18,旅館・ホテル,旅館,,高島,5627924.pdf
旅館業,丸三旅館,520-1212,高島市安曇川町西万木,高島市安曇川町西万木１２０４－３,１２０４－３,0740-32-1339,有限会社丸三,H20/06/18,簡易宿所,,,高島,5627924.pdf
旅館業,丸善,520-1836,高島市マキノ町牧野,高島市マキノ町牧野２６３,２６３,27-0155,青谷 良三,S55/07/10,簡易宿所,,,高島,5627924.pdf
旅館業,丸善（はなれ）,520-1836,高島市マキノ町牧野,高島市マキノ町牧野８８６－２,８８６－２,27-0155,青谷 ひとみ,H03/06/01,旅館・ホテル,旅館,,高島,5627924.pdf
旅館業,丸茂旅館,520-1623,高島市今津町住吉二丁 目,高島市今津町住吉二丁 目２－４,２－４,22-2109,藤野 貴久,H17/05/02,旅館・ホテル,旅館,,高島,5627924.pdf
旅館業,喜久屋 別館,520-1836,高島市マキノ町牧野,高島市マキノ町牧野３０６,３０６,0740-27-0010,青谷 恵子,H18/08/23,旅館・ホテル,旅館,,高島,5627924.pdf
旅館業,義乃家,520-1655,高島市今津町日置前,高島市今津町日置前３３４２－２,３３４２－２,22-0440,古谷 香織,S49/12/24,旅館・ホテル,旅館,,高島,5627924.pdf
旅館業,朽木ゴルフ倶楽部,520-1414,高島市朽木宮前坊,高島市朽木宮前坊６７－２１２,６７－２１２,38-2201,株式会社朽木ゴルフ倶楽部,H05/04/21,旅館・ホテル,旅館,,高島,5627924.pdf
旅館業,朽木渓流魚センター,520-1431,高島市朽木小川,高島市朽木小川２３２,２３２,38-5034,株式会社朽木渓流魚センター,H09/02/12,旅館・ホテル,旅館,,高島,5627924.pdf
旅館業,朽木村林業構造改善事業休養施設,520-1415,高島市朽木柏,高島市朽木柏３４１－３,３４１－３,38-2770,一般財団法人高島まちおこし公社,S63/10/27,簡易宿所,,,高島,5627924.pdf
旅館業,魚治 湖里庵,520-1811,高島市マキノ町海津,高島市マキノ町海津２３０７,２３０７,28-1011,有限会社魚治,H02/05/08,旅館・ホテル,旅館,,高島,5627924.pdf
旅館業,共栄荘,520-1101,高島市武曽横山,高島市武曽横山１４６８,１４６８,37-0151,上原 光子,S50/05/23,旅館・ホテル,旅館,,高島,5627924.pdf
旅館業,恵美寿荘,520-1121,高島市勝野,高島市勝野１５９３,１５９３,36-0012,萩の浜観光有限会社,S49/12/24,旅館・ホテル,旅館,,高島,5627924.pdf
旅館業,幸乃家,520-1836,高島市マキノ町牧野,高島市マキノ町牧野１８１,１８１,0740-27-0075,青谷 涼子,S55/02/08,旅館・ホテル,旅館,,高島,5627924.pdf
旅館業,高島市ガリバー青少年旅行村,520-1142,高島市鹿ケ瀬,高島市鹿ケ瀬９８７－１,９８７－１,0740-37-0744,高島市長,H19/03/27,簡易宿所,,,高島,5627924.pdf
旅館業,高島市森林公園くつきの森 自然研修センター やまね館,520-1451,高島市朽木麻生,高島市朽木麻生４４３,４４３,0740-38-8099,特定非営利活動法人麻生里山センター,R02/04/20,簡易宿所,,,高島,5627924.pdf
旅館業,高木浜荘,520-1812,高島市マキノ町西浜,高島市マキノ町西浜７６３－１,７６３－１,,遠藤 昭吉,S58/05/16,簡易宿所,,,高島,5627924.pdf
旅館業,今津サンブリッジホテル,520-1621,高島市今津町今津,高島市今津町今津１６８９－２,１６８９－２,22-6666,杉橋興産株式会社,H06/09/29,旅館・ホテル,ホテル,,高島,5627924.pdf
旅館業,今津第一ホテル,520-1631,高島市今津町名小路一 丁目,高島市今津町名小路一 丁目６－１,６－１,22-3333,株式会社前川,S52/06/13,旅館・ホテル,ホテル,,高島,5627924.pdf
旅館業,志賀屋,520-1836,高島市マキノ町牧野,高島市マキノ町牧野２８３,２８３,27-0575,青谷 みわ,S39/04/07,簡易宿所,,,高島,5627924.pdf
旅館業,想い出の森キャビン＆バンガロー,520-1415,高島市朽木柏,高島市朽木柏３４１－３,３４１－３,38-2770,一般財団法人高島まちおこし公社,H04/09/08,簡易宿所,,,高島,5627924.pdf
旅館業,しがらき顕三陶芸倶楽部,529-1835,甲賀市信楽町長野,甲賀市信楽町長野７５５の１,７５５の１,0748-82-2216,有限会社小川顕三陶房,H15/09/03,簡易宿所,,,甲賀,5627924.pdf
旅館業,だいふく旅館,528-0038,甲賀市水口町新町一丁 目,甲賀市水口町新町一丁 目５－１９,５－１９,62-0180,大福 修平,R05/10/25,旅館・ホテル,,,甲賀,5627924.pdf
旅館業,ダイヤモンド滋賀,528-0208,甲賀市土山町黒川,甲賀市土山町黒川１７１１,１７１１,0748-68-0211,株式会社ダイヤモンドソサエティ,H16/03/29,旅館・ホテル,ホテル,,甲賀,5627924.pdf
旅館業,ビジネスホテルミクモ,520-3221,湖南市三雲,湖南市三雲１４９－１,１４９－１,0748-72-1234,株式会社池田産業,H03/05/02,旅館・ホテル,ホテル,,甲賀,5627924.pdf
旅館業,ビジネスホテル山水,520-3433,甲賀市甲賀町大原市場,甲賀市甲賀町大原市場３４５,３４５,88-4396,株式会社山水園,S63/11/25,旅館・ホテル,ホテル,,甲賀,5627924.pdf
旅館業,ビジネス旅館天保閣,520-3221,湖南市三雲,湖南市三雲２６,２６,72-0865,有限会社天保閣,H05/11/16,旅館・ホテル,旅館,,甲賀,5627924.pdf
旅館業,ペンション紫香楽,529-1835,甲賀市信楽町長野,甲賀市信楽町長野１１８５－２,１１８５－２,82-1109,直村 均,S57/10/20,旅館・ホテル,旅館,,甲賀,5627924.pdf
旅館業,ペンション八雲,529-1803,甲賀市信楽町牧,甲賀市信楽町牧１２８２,１２８２,83-1096,奥田忠章,H01/11/25,簡易宿所,,,甲賀,5627924.pdf
旅館業,ホテル レイクヴィラ,529-1821,甲賀市信楽町多羅尾,甲賀市信楽町多羅尾１番地,１番地,85-0250,株式会社三栄開発,H17/08/08,旅館・ホテル,ホテル,,甲賀,5627924.pdf
旅館業,ホテルサンクレスト甲西,520-3254,湖南市岩根中央一丁目,湖南市岩根中央一丁目３３,３３,72-7777,太陽産業株式会社,H05/06/25,旅館・ホテル,ホテル,,甲賀,5627924.pdf
旅館業,ホテルファインガーデン甲西店,520-3251,湖南市朝国,湖南市朝国１９８－１,１９８－１,72-2700,エイエム興産株式会社,S60/02/01,旅館・ホテル,旅館,,甲賀,5627924.pdf
旅館業,やまりゅう,520-3254,湖南市岩根中央二丁目,湖南市岩根中央二丁目２０,２０,0748-72-0137,竹若 豪,H11/11/16,旅館・ホテル,旅館,,甲賀,5627924.pdf
旅館業,塩野温泉,520-3315,甲賀市甲南町塩野,甲賀市甲南町塩野２６９,２６９,86-2130,辻 英典,S32/07/15,旅館・ホテル,旅館,,甲賀,5627924.pdf
旅館業,宮乃温泉,520-3314,甲賀市甲南町杉谷,甲賀市甲南町杉谷３６４－１,３６４－１,0748-86-2212,寺井喜志雄,S26/01/09,旅館・ホテル,旅館,,甲賀,5627924.pdf
旅館業,魚兵楼,528-0031,甲賀市水口町本町二丁 目,甲賀市水口町本町二丁 目５－１７,５－１７,62-0040,西山 儀雄,S54/06/30,旅館・ホテル,旅館,,甲賀,5627924.pdf
旅館業,光雲荘,529-1804,甲賀市信楽町勅旨,甲賀市信楽町勅旨２１９６,２１９６,83-0215,株式会社澤善,S58/06/06,旅館・ホテル,旅館,,甲賀,5627924.pdf
旅館業,甲西アートホテル,520-3234,湖南市中央一丁目,湖南市中央一丁目５１,５１,72-6060,株式会社アミーズ・アート,H01/12/01,旅館・ホテル,ホテル,,甲賀,5627924.pdf
旅館業,甲南青少年研修センター,520-3321,甲賀市甲南町葛木,甲賀市甲南町葛木８７５番地,８７５番地,0748-86-8151,甲賀市,H16/07/01,簡易宿所,,,甲賀,5627924.pdf
旅館業,志乃め,528-0011,甲賀市水口町高塚,甲賀市水口町高塚７－２,７－２,62-0304,木田 安子,S42/10/05,旅館・ホテル,旅館,,甲賀,5627924.pdf
旅館業,小川亭,529-1835,甲賀市信楽町長野,甲賀市信楽町長野８７６番地,８７６番地,0748-82-0008,有限会社小川亭,S59/06/26,旅館・ホテル,旅館,,甲賀,5627924.pdf
旅館業,松本屋旅館,520-3323,甲賀市甲南町深川市場,甲賀市甲南町深川市場６４,６４,86-2249,松本 辰夫,S54/06/02,旅館・ホテル,旅館,,甲賀,5627924.pdf
旅館業,焼肉の店 生石,529-1804,甲賀市信楽町勅旨,甲賀市信楽町勅旨１５６９,１５６９,,有限会社焼肉の店生石,H06/11/24,簡易宿所,,,甲賀,5627924.pdf
旅館業,信楽高原ホテル,529-1814,甲賀市信楽町田代,甲賀市信楽町田代７６７－１,７６７－１,82-3061,信和ゴルフ株式会社,H17/10/27,旅館・ホテル,ホテル,,甲賀,5627924.pdf
旅館業,信楽第一ホテル,529-1811,甲賀市信楽町江田,甲賀市信楽町江田６１０－１,６１０－１,82-2323,株式会社信楽第一ホテル,H04/03/12,旅館・ホテル,ホテル,,甲賀,5627924.pdf
旅館業,信楽陶芸村ペンションたぬき,529-1835,甲賀市信楽町長野,甲賀市信楽町長野１１０２－２,１１０２－２,82-0522,奥田 忠保,S55/12/13,旅館・ホテル,旅館,,甲賀,5627924.pdf
旅館業,水口センチュリーホテル,528-0035,甲賀市水口町名坂,甲賀市水口町名坂１７０－１,１７０－１,63-2811,水口センチュリーホテル株式会社,H03/04/03,旅館・ホテル,ホテル,,甲賀,5627924.pdf
旅館業,青土ダムエコーバレイ,528-0221,甲賀市土山町青土,甲賀市土山町青土字石神１－２１,字石神１－２１,0748-66-0316,財団法人土山町緑のふるさと振興会,H15/11/01,簡易宿所,,,甲賀,5627924.pdf
旅館業,大甲賀カントリークラブロッジ,520-3413,甲賀市甲賀町油日,甲賀市甲賀町油日９１０,９１０,88-2511,大場商事株式会社,S48/10/28,旅館・ホテル,旅館,,甲賀,5627924.pdf
旅館業,陶芸の森創作研修館,529-1804,甲賀市信楽町勅旨,甲賀市信楽町勅旨２１８８－７,２１８８－７,83-0909,滋賀県,H04/06/30,旅館・ホテル,旅館,,甲賀,5627924.pdf
旅館業,平岡家,529-1835,甲賀市信楽町長野,甲賀市信楽町長野５１６－２８,５１６－２８,82-0875,平岡 孝,S42/12/15,旅館・ホテル,旅館,,甲賀,5627924.pdf
旅館業,甲賀市勤労福祉会館,528-0051,甲賀市水口町北内貴,甲賀市水口町北内貴１－１,１－１,,合同会社萬屋マネジメントサービス,H02/05/25,旅館・ホテル,旅館,,甲賀,5627924.pdf
旅館業,桝屋,528-0235,甲賀市土山町大野,甲賀市土山町大野２１６４,２１６４,67-0009,中村 弥一郎,S64/01/01,旅館・ホテル,旅館,,甲賀,5627924.pdf
旅館業,味一旅館,520-3201,湖南市下田,湖南市下田２８５７,２８５７,75-0633,池田 治,S52/06/18,簡易宿所,,,甲賀,5627924.pdf
旅館業,民宿壷屋,529-1803,甲賀市信楽町牧,甲賀市信楽町牧１６５８,１６５８,83-0688,古谷 由明,S58/09/27,簡易宿所,,,甲賀,5627924.pdf
旅館業,旅館松月,520-3251,湖南市朝国,湖南市朝国１４９－１,１４９－１,72-5525,中井 徹,S62/10/07,旅館・ホテル,旅館,,甲賀,5627924.pdf
旅館業,料理旅館三福,528-0211,甲賀市土山町北土山,甲賀市土山町北土山２０４０－１,２０４０－１,66-1177,嶋田 修三,S60/08/12,旅館・ホテル,旅館,,甲賀,5627924.pdf
旅館業,旅籠屋 匠,528-0006,甲賀市水口町元町,甲賀市水口町元町６－６,６－６,,谷垣 吉美,H21/09/30,簡易宿所,,,甲賀,5627924.pdf
旅館業,畦,528-0201,甲賀市土山町大河原,甲賀市土山町大河原８１９,８１９,075-591-1227,鳥居 まゆみ,H22/02/19,簡易宿所,,,甲賀,5627924.pdf
旅館業,手づくり森の宿 いろり～な,529-1803,甲賀市信楽町牧,甲賀市信楽町牧下山１－１３０,下山１－１３０,,宮田 徳子,H23/12/16,簡易宿所,,,甲賀,5627924.pdf
旅館業,永久（とわ）,528-0202,甲賀市土山町鮎河,甲賀市土山町鮎河６５２,６５２,0748-69-0369,小倉 剛,H23/05/25,簡易宿所,,,甲賀,5627924.pdf
旅館業,重兵衞（じゅうべい）,528-0202,甲賀市土山町鮎河,甲賀市土山町鮎河１９６１,１９６１,0748-69-0239,久保 重衞,H23/06/23,簡易宿所,,,甲賀,5627924.pdf
旅館業,谷善（たにぜん）,528-0202,甲賀市土山町鮎河,甲賀市土山町鮎河９４４,９４４,0748-69-0008,谷川 保隆,H23/10/11,簡易宿所,,,甲賀,5627924.pdf
旅館業,いこいの宿 高畑本店,529-1821,甲賀市信楽町多羅尾,甲賀市信楽町多羅尾１８４７,１８４７,0748-85-0022,高畑 啓司,H23/12/28,簡易宿所,,,甲賀,5627924.pdf
旅館業,ホテルサンクレスト湖南,520-3254,湖南市岩根中央一丁目,湖南市岩根中央一丁目３３,３３,0748-72-7777,株式会社Ｔ＆Ｄ,H24/07/13,旅館・ホテル,ホテル,,甲賀,5627924.pdf
旅館業,大河原温泉 かもしか荘,528-0201,甲賀市土山町大河原,甲賀市土山町大河原１１０４,１１０４,0748-69-0344,甲賀市,H25/07/18,旅館・ホテル,旅館,,甲賀,5627924.pdf
旅館業,たなかや,529-1821,甲賀市信楽町多羅尾,甲賀市信楽町多羅尾２１０３,２１０３,0748-85-0018,田中 澄朋,H25/04/09,簡易宿所,,,甲賀,5627924.pdf
旅館業,若宮の郷 神戸,528-0201,甲賀市土山町大河原,甲賀市土山町大河原１０７５,１０７５,050-5528-2552,松本 隆,H25/11/13,簡易宿所,,,甲賀,5627924.pdf
旅館業,あや乃旅館,528-0032,甲賀市水口町八坂,甲賀市水口町八坂３－４１,３－４１,0748-62-0998,坂尻 政幸,H27/01/01,旅館・ホテル,旅館,,甲賀,5627924.pdf
旅館業,しがらき,529-1851,甲賀市信楽町長野,甲賀市信楽町長野１２６０－１,１２６０－１,0748-82-2045,今井 茂雄,H27/03/04,簡易宿所,,,甲賀,5627924.pdf
旅館業,ホテルニューミフク,528-0033,甲賀市水口町綾野,甲賀市水口町綾野３－５９,３－５９,0748-62-0678,ミフクエステート株式会社,H29/01/12,旅館・ホテル,ホテル,,甲賀,5627924.pdf
旅館業,ホテル 古城,528-0017,甲賀市水口町京町,甲賀市水口町京町２－２,２－２,0748-62-1262,有限会社古城,H28/10/24,旅館・ホテル,旅館,,甲賀,5627924.pdf
旅館業,夢咲館,529-1804,甲賀市信楽町勅旨,甲賀市信楽町勅旨１７７４－４６,１７７４－４６,0120-489-118,株式会社レブロカンパニー,H28/12/28,簡易宿所,,,甲賀,5627924.pdf
旅館業,多羅尾の家,529-1821,甲賀市信楽町多羅尾,甲賀市信楽町多羅尾２５８３,２５８３,,サークルワークス株式会社,H29/04/21,簡易宿所,,,甲賀,5627924.pdf
旅館業,ホテルルートイン甲賀水口,528-0057,甲賀市水口町北脇,甲賀市水口町北脇２５４,２５４,050-5847-7567,ルートインジャパン株式会社,H30/03/07,旅館・ホテル,ホテル,,甲賀,5627924.pdf
旅館業,ドギーズパーク滋賀,528-0208,甲賀市土山町黒川,甲賀市土山町黒川１７１１,１７１１,0748-68-0400,株式会社ダイヤモンドソサエティ,H29/07/18,簡易宿所,,,甲賀,5627924.pdf
旅館業,信楽勅旨の里,529-1804,甲賀市信楽町勅旨,甲賀市信楽町勅旨３４９,３４９,0748-83-0120,株式会社大阪会計,H30/12/12,簡易宿所,,,甲賀,5627924.pdf
旅館業,ＡＢホテル湖南,520-3234,湖南市中央二丁目,湖南市中央二丁目９０,９０,0748-72-6000,ＡＢホテル株式会社,R02/11/20,旅館・ホテル,,,甲賀,5627924.pdf
旅館業,Ｔｈｅ Ｒｏｓｅ Ｖｉｌｌａｇｅ,529-1851,甲賀市信楽町長野,甲賀市信楽町長野１５３２－１４,１５３２－１４,0748-83-0031,サーガ株式会社,R03/09/29,簡易宿所,,,甲賀,5627924.pdf
旅館業,信楽ヴィラ,529-1803,甲賀市信楽町牧,甲賀市信楽町牧１０５８－１９,１０５８－１９,0748-88-6246,株式会社甲賀忍者,R03/10/15,簡易宿所,,,甲賀,5627924.pdf
旅館業,ホテル ジィニア,520-3252,湖南市岩根,湖南市岩根１６６８ー１,１６６８ー１,0748-72-3633,株式会社ミラージュ,R03/11/29,旅館・ホテル,,,甲賀,5627924.pdf
旅館業,瀬ノ音のりずむ,528-0223,甲賀市土山町瀬ノ音,甲賀市土山町瀬ノ音１９６,１９６,,株式会社ジューワー,R06/06/06,簡易宿所,,,甲賀,5627924.pdf
旅館業,ＨＯＴＥＬ Ｒ９ Ｔｈｅ Ｙａｒｄ甲賀,520-3311,甲賀市甲南町竜法師,甲賀市甲南町竜法師３９８－１,３９８－１,0748-69-5851,株式会社デベロップ,R04/08/23,旅館・ホテル,,,甲賀,5627924.pdf
旅館業,ふるシェアの家 滋賀 信楽,529-1851,甲賀市信楽町長野,甲賀市信楽町長野７８８,７８８,0748-82-2462,株式会社インプリージョン,R04/07/15,簡易宿所,,,甲賀,5627924.pdf
旅館業,ＫＡＭＯＳＨＩＫＡ ＥＸ,528-0201,甲賀市土山町大河原,甲賀市土山町大河原１５２９－１,１５２９－１,,株式会社かもしかリゾート,R04/10/25,簡易宿所,,,甲賀,5627924.pdf
旅館業,ＰＢ ＳＴＡＹ,520-3313,甲賀市甲南町新治,甲賀市甲南町新治２０３７－１,２０３７－１,0748-76-3215,株式会社ユーベスト,R05/05/24,旅館・ホテル,,,甲賀,5627924.pdf
旅館業,ＨＯＴＥＬ Ｒ９ Ｔｈｅ Ｙａｒｄ 湖南,520-3223,湖南市夏見,湖南市夏見２３５９,２３５９,,株式会社デベロップ,R06/03/14,旅館・ホテル,,,甲賀,5627924.pdf
旅館業,アンドリゾート,528-0208,甲賀市土山町黒川,甲賀市土山町黒川１７１１,１７１１,,株式会社ダイヤモンドソサエティ,R06/04/26,簡易宿所,,,甲賀,5627924.pdf
旅館業,信楽の里ハウス,529-1821,甲賀市信楽町多羅尾,甲賀市信楽町多羅尾１５７７,１５７７,0748-85-8020,株式会社デイリー社,R06/10/24,旅館・ホテル,,,甲賀,5627924.pdf
旅館業,信楽サウナ ＳＨＩＧＡＲＡＫＩ ＳＡＵＮＡ,529-1842,甲賀市信楽町下朝宮,甲賀市信楽町下朝宮４５７,４５７,,株式会社ジーングロス,R07/02/04,簡易宿所,,,甲賀,5627924.pdf
旅館業,Ｈｅｒｉｔａｇｅ Ａｓａｍｉｙａ,529-1841,甲賀市信楽町上朝宮,甲賀市信楽町上朝宮１１４１,１１４１,,ＤＩＡＳ ＳＨＩＲＡＮ ＣＲＹＳＡＮＴ Ｈ（ディアス シラン クリサント）,R07/12/12,簡易宿所,,,甲賀,5627924.pdf
旅館業,暁の宿,528-0012,甲賀市水口町暁,甲賀市水口町暁３－５１,３－５１,,株式会社かねこ工務店,R08/04/28,簡易宿所,,,甲賀,5627924.pdf
旅館業,いち松旅館,529-1421,東近江市五個荘竜田町,東近江市五個荘竜田町１４８,１４８,48-2158,松尾 稔,S47/10/18,旅館・ホテル,旅館,,東近江,5627924.pdf
旅館業,かわきや,527-0204,東近江市政所町,東近江市政所町１４０６－１,１４０６－１,29-0005,川上 律子,S52/04/11,旅館・ホテル,旅館,,東近江,5627924.pdf
旅館業,グリム冒険の森キャンプ場,529-1623,蒲生郡日野町熊野,蒲生郡日野町熊野４３１,４３１,0748-53-0809,日野町,H12/04/21,簡易宿所,,,東近江,5627924.pdf
旅館業,ビジネスグリーンホテル,527-0026,東近江市八日市野々宮 町,東近江市八日市野々宮 町２９０－１,２９０－１,25-0002,日本興機株式会社,H10/10/22,旅館・ホテル,旅館,,東近江,5627924.pdf
旅館業,ビジネスグリーンホテル日野,529-1601,蒲生郡日野町松尾二丁 目,蒲生郡日野町松尾二丁 目１６,１６,0748-53-1001,日本興機株式会社,H14/03/01,旅館・ホテル,旅館,,東近江,5627924.pdf
旅館業,ビジネスホテル はざま,527-0027,東近江市栄町,東近江市栄町３－５,３－５,22-2488,迫間 源四郎,H10/07/24,旅館・ホテル,旅館,,東近江,5627924.pdf
旅館業,ビジネスホテルまつもと,520-2572,蒲生郡竜王町西川,蒲生郡竜王町西川１２６２－３,１２６２－３,58-1535,松本 澄男,S61/04/10,旅館・ホテル,旅館,,東近江,5627924.pdf
旅館業,ビジネスホテル西の庄,523-0816,近江八幡市西庄町,近江八幡市西庄町１２５２－２,１２５２－２,34-7577,木俣 照幸,S63/07/08,旅館・ホテル,旅館,,東近江,5627924.pdf
旅館業,ビジネス旅館はざま,527-0028,東近江市八日市金屋一 丁目,東近江市八日市金屋一 丁目２－１９,２－１９,22-2488,迫間 源四郎,S63/08/08,旅館・ホテル,旅館,,東近江,5627924.pdf
旅館業,ファッションホテルプリンス３番館,527-0046,東近江市妙法寺町,東近江市妙法寺町１１０３,１１０３,24-1256,株式会社光建築事務所,H02/12/05,旅館・ホテル,旅館,,東近江,5627924.pdf
旅館業,ふじた,527-0029,東近江市八日市町,東近江市八日市町２－３０,２－３０,22-0192,藤田 昂,S42/07/01,旅館・ホテル,旅館,,東近江,5627924.pdf
旅館業,ふな吉,529-1601,蒲生郡日野町松尾,蒲生郡日野町松尾１５２１,１５２１,52-0002,島村 陽,S37/01/27,旅館・ホテル,旅館,,東近江,5627924.pdf
旅館業,コンフォートイン近江八幡,523-0891,近江八幡市鷹飼町,近江八幡市鷹飼町５１４－１,５１４－１,0748-36-0001,株式会社グリーンズ,H20/06/16,旅館・ホテル,ホテル,,東近江,5627924.pdf
旅館業,ペンション つるべ,527-0206,東近江市杠葉尾町,東近江市杠葉尾町１４５７,１４５７,29-0618,井ノ口 善夫,H05/07/16,簡易宿所,,,東近江,5627924.pdf
旅館業,コンフォートイン八日市,527-0045,東近江市中小路町,東近江市中小路町４９５－１,４９５－１,0748-24-1220,株式会社グリーンズ,H18/09/15,旅館・ホテル,ホテル,,東近江,5627924.pdf
旅館業,ホテルＮａＮａ,523-0004,近江八幡市西生来町,近江八幡市西生来町１８８２－１,１８８２－１,37-7448,有限会社北国,S60/02/09,旅館・ホテル,旅館,,東近江,5627924.pdf
旅館業,ホテルニューオウミ,523-0891,近江八幡市鷹飼町,近江八幡市鷹飼町１４８１,１４８１,36-6666,株式会社シルバーバックス・ホスピタリ ティマネジメント,H14/12/01,旅館・ホテル,ホテル,,東近江,5627924.pdf
旅館業,ホテルはちまん,523-0893,近江八幡市桜宮町,近江八幡市桜宮町２８５,２８５,33-1771,有限会社ウィル,H10/05/20,旅館・ホテル,ホテル,,東近江,5627924.pdf
旅館業,ホテルメイフェア,527-0046,東近江市妙法寺町,東近江市妙法寺町７２２－１,７２２－１,0748-24-5245,株式会社ローリエ,H19/12/27,旅館・ホテル,旅館,,東近江,5627924.pdf
旅館業,ホテルリーベンデール,529-1444,東近江市五個荘石塚町,東近江市五個荘石塚町２５８,２５８,48-3175,淡海商事株式会社,S57/07/21,旅館・ホテル,旅館,,東近江,5627924.pdf
旅館業,ホテル美融喜,529-1422,東近江市五個荘小幡町,東近江市五個荘小幡町７００,７００,48-3747,有限会社ミユキー,S60/02/12,旅館・ホテル,旅館,,東近江,5627924.pdf
旅館業,ホテル六枚橋,523-0016,近江八幡市千僧供町,近江八幡市千僧供町字大橋６１７－１,字大橋６１７－１,37-0456,重田 仲弥,S62/12/12,旅館・ホテル,旅館,,東近江,5627924.pdf
旅館業,よしの里,523-0805,近江八幡市円山町,近江八幡市円山町６４１－１,６４１－１,32-6854,陶器 久美,H11/02/17,旅館・ホテル,旅館,,東近江,5627924.pdf
旅館業,ログ村,527-0205,東近江市黄和田町,東近江市黄和田町２７５,２７５,0748-29-0296,和波 繁昌,H12/06/15,簡易宿所,,,東近江,5627924.pdf
旅館業,愛郷の森 バンガロー,527-0213,東近江市和南町,東近江市和南町１５６３,１５６３,27-2009,東近江市,H06/04/29,簡易宿所,,,東近江,5627924.pdf
旅館業,伊勢屋,527-0162,東近江市妹町,東近江市妹町１４９５－１，－３，１４９４ －３,１４９５－１，－３，１４９４ －３,0749-46-0131,有限会社伊勢屋,H03/10/22,旅館・ホテル,旅館,,東近江,5627924.pdf
旅館業,永源寺会館,527-0212,東近江市永源寺高野町,東近江市永源寺高野町４１,４１,27-0303,宗教法人永源寺,S41/07/06,簡易宿所,,,東近江,5627924.pdf
旅館業,延命屋,527-0018,東近江市八日市清水二 丁目,東近江市八日市清水二 丁目４－５,４－５,22-0495,山本 あい子,S50/02/26,旅館・ホテル,旅館,,東近江,5627924.pdf
旅館業,延命屋 別館,527-0018,東近江市八日市清水二 丁目,東近江市八日市清水二 丁目３－３,３－３,22-0495,山本 あい子,S61/03/29,旅館・ホテル,旅館,,東近江,5627924.pdf
旅館業,近江八幡ユースホステル,523-0805,近江八幡市円山町,近江八幡市円山町６１０,６１０,32-2938,勧修寺 尚毅,S42/02/17,簡易宿所,,,東近江,5627924.pdf
旅館業,希望が丘文化公園青年の城,520-2551,蒲生郡竜王町薬師,蒲生郡竜王町薬師１１７８,１１７８,077-586-2110,滋賀県,S47/04/04,簡易宿所,,,東近江,5627924.pdf
旅館業,休暇村 近江八幡 西館,523-0801,近江八幡市沖島町,近江八幡市沖島町宮ケ浜官有地,宮ケ浜官有地,32-3138,一般財団法人休暇村協会,S56/10/06,旅館・ホテル,旅館,,東近江,5627924.pdf
旅館業,休暇村 近江八幡 東館,523-0801,近江八幡市沖島町,近江八幡市沖島町宮ヶ浜,宮ヶ浜,0748-32-3138,一般財団法人休暇村協会,H10/07/03,旅館・ホテル,旅館,,東近江,5627924.pdf
旅館業,近江八幡ステーションホテル,523-0898,近江八幡市鷹飼町南三 丁目,近江八幡市鷹飼町南三 丁目３－９,３－９,0748-37-3801,株式会社近江八幡ステーションホテル,H06/02/23,旅館・ホテル,ホテル,,東近江,5627924.pdf
旅館業,山城荘,520-2573,蒲生郡竜王町鏡,蒲生郡竜王町鏡６５４,６５４,58-0973,城居 茂夫,S61/11/06,旅館・ホテル,旅館,,東近江,5627924.pdf
旅館業,滋賀農業公園畜産体験交流施設 まきばの館レーベン,529-1628,蒲生郡日野町西大路,蒲生郡日野町西大路３５８５,３５８５,52-2611,株式会社北山レーベン,H10/04/24,旅館・ホテル,ホテル,,東近江,5627924.pdf
旅館業,寿恵乃家,527-0206,東近江市杠葉尾町,東近江市杠葉尾町,,29-0395,小杉 れい子,S50/04/07,旅館・ホテル,旅館,,東近江,5627924.pdf
旅館業,寿志屋,529-1603,蒲生郡日野町大窪,蒲生郡日野町大窪５３１,５３１,52-0018,田中 彰子,S41/01/13,旅館・ホテル,旅館,,東近江,5627924.pdf
旅館業,松月旅館,529-1422,東近江市五個荘小幡町,東近江市五個荘小幡町４６７－２,４６７－２,48-2286,松尾 稔,S48/02/06,旅館・ホテル,旅館,,東近江,5627924.pdf
旅館業,深山荘,527-0205,東近江市黄和田町,東近江市黄和田町２２６－２,２２６－２,0748-29-0205,和波 繁昌,H17/06/10,簡易宿所,,,東近江,5627924.pdf
旅館業,真静院,523-0808,近江八幡市長命寺町,近江八幡市長命寺町１７１,１７１,32-4053,武内 治子,S41/07/14,旅館・ホテル,旅館,,東近江,5627924.pdf
旅館業,水郷荘,523-0808,近江八幡市長命寺町,近江八幡市長命寺町２３,２３,32-2972,藤井 初枝,S47/04/07,旅館・ホテル,旅館,,東近江,5627924.pdf
旅館業,霜錦館,527-0211,東近江市永源寺相谷町,東近江市永源寺相谷町９７９,９７９,27-0026,伊藤 博,S56/02/18,旅館・ホテル,旅館,,東近江,5627924.pdf
旅館業,大宗館,523-0876,近江八幡市本町五丁目,近江八幡市本町五丁目８,８,33-3208,藤田 和子,S38/06/11,旅館・ホテル,旅館,,東近江,5627924.pdf
旅館業,長栄荘,527-0073,東近江市蛇溝町,東近江市蛇溝町９９３,９９３,23-2036,有限会社長栄荘,H04/02/27,旅館・ホテル,旅館,,東近江,5627924.pdf
旅館業,東近江市木地師やまの子の家,527-0201,東近江市蛭谷町,東近江市蛭谷町３４２番地２,３４２番地２,0748-29-0211,東近江市,H20/03/14,簡易宿所,,,東近江,5627924.pdf
旅館業,八日市グランドホテル,527-0033,東近江市東沖野一丁目,東近江市東沖野一丁目１－５,１－５,0748-24-0123,株式会社美好衣装店,S59/10/20,旅館・ホテル,ホテル,,東近江,5627924.pdf
旅館業,八日市ロイヤルホテル,527-0046,東近江市妙法寺町,東近江市妙法寺町６９０番地,６９０番地,22-0111,株式会社八日市ロイヤルホテル,H09/03/10,旅館・ホテル,ホテル,,東近江,5627924.pdf
旅館業,板屋旅館,527-0012,東近江市八日市本町,東近江市八日市本町１４－４,１４－４,22-0047,北岸 正次,S41/06/01,旅館・ホテル,旅館,,東近江,5627924.pdf
旅館業,福島屋旅館,529-1601,蒲生郡日野町松尾,蒲生郡日野町松尾１５７９,１５７９,52-3448,福永 隆之,H14/01/07,旅館・ホテル,旅館,,東近江,5627924.pdf
旅館業,鮒幸,521-1351,近江八幡市安土町常楽 寺,近江八幡市安土町常楽 寺５９６,５９６,46-2002,溝井 幸男,S52/02/14,旅館・ホテル,旅館,,東近江,5627924.pdf
旅館業,兵四楼,523-0837,近江八幡市大杉町,近江八幡市大杉町１１,１１,22-2023,西川 兵四郎,S35/04/08,旅館・ホテル,旅館,,東近江,5627924.pdf
旅館業,妙覚院,523-0808,近江八幡市長命寺町,近江八幡市長命寺町１０１,１０１,32-3463,武内 弘一,S47/05/11,簡易宿所,,,東近江,5627924.pdf
旅館業,民宿 富士,523-0808,近江八幡市長命寺町,近江八幡市長命寺町３２,３２,32-2971,番野 勝,S51/07/26,簡易宿所,,,東近江,5627924.pdf
旅館業,旅館三和,529-1431,東近江市五個荘山本町,東近江市五個荘山本町７２２,７２２,48-2553,有限会社三和興業,S46/07/10,旅館・ホテル,旅館,,東近江,5627924.pdf
旅館業,六橋亭,523-0015,近江八幡市上田町,近江八幡市上田町１５１－１,１５１－１,37-7579,野田 正夫,S23/07/15,旅館・ホテル,旅館,,東近江,5627924.pdf
旅館業,アズイン東近江能登川駅前,521-1224,東近江市林町,東近江市林町２０,２０,,フリックイン福井株式会社,H22/04/19,旅館・ホテル,ホテル,,東近江,5627924.pdf
旅館業,農家民宿 ぶんべえ,529-1612,蒲生郡日野町杉,蒲生郡日野町杉７９１,７９１,0748-52-5294,古道 幸男,H22/03/04,簡易宿所,,,東近江,5627924.pdf
旅館業,農家民宿 おいでやす,529-1615,蒲生郡日野町小野,蒲生郡日野町小野４４４－３、４４４－２、４４ ５－２,４４４－３、４４４－２、４４ ５－２,0748-52-5362,植田 慶一,H22/03/04,簡易宿所,,,東近江,5627924.pdf
旅館業,農家民宿 わたなべ,529-1661,蒲生郡日野町安部居,蒲生郡日野町安部居６９３－１,６９３－１,0748-53-0304,渡邉 岩男,H22/03/04,簡易宿所,,,東近江,5627924.pdf
旅館業,農家民宿 いさか,529-1615,蒲生郡日野町小野,蒲生郡日野町小野１７８,１７８,0748-34-3930,井阪 尚司,H22/03/04,簡易宿所,,,東近江,5627924.pdf
旅館業,夢子 大中,523-0802,近江八幡市大中町,近江八幡市大中町７０,７０,0748-32-6237,三宅 圭子,H22/02/15,簡易宿所,,,東近江,5627924.pdf
旅館業,八幡酒蔵工房,523-0861,近江八幡市仲屋町元,近江八幡市仲屋町元１,１,0748-32-6421,小関 皆乎,H22/04/28,簡易宿所,,,東近江,5627924.pdf
旅館業,愛のまち さんしゅゆの宿,527-0166,東近江市愛東外町,東近江市愛東外町６８４－１,６８４－１,0749-46-1770,植田 茂太郎,H22/03/17,簡易宿所,,,東近江,5627924.pdf
旅館業,農家民宿 船長の宿,529-1628,蒲生郡日野町西大路,蒲生郡日野町西大路１３５３,１３５３,0748-52-6326,道津 豊吉,H23/03/31,簡易宿所,,,東近江,5627924.pdf
旅館業,農家民宿 こもり,529-1608,蒲生郡日野町大谷,蒲生郡日野町大谷２３２,２３２,0748-52-1059,小森 一博,H23/03/31,簡易宿所,,,東近江,5627924.pdf
旅館業,愛のまち 農家民宿 穂の香のしずく,527-0166,東近江市愛東外町,東近江市愛東外町７１６,７１６,050-5801-2074,植田 すえ子,H23/03/24,簡易宿所,,,東近江,5627924.pdf
旅館業,愛のまち 百済の郷,527-0143,東近江市百済寺本町,東近江市百済寺本町６１３－３,６１３－３,0749-46-0011,山本 美千代,H23/03/24,簡易宿所,,,東近江,5627924.pdf
旅館業,農家民宿 ひまわり,529-1628,蒲生郡日野町西大路,蒲生郡日野町西大路１９６６,１９６６,0748-52-3927,藤澤 政男,H24/03/22,簡易宿所,,,東近江,5627924.pdf
旅館業,田舎のお宿 ぴっかり,527-0164,東近江市青山町,東近江市青山町９４８,９４８,050-5802-9276,西田 光子,H24/03/27,簡易宿所,,,東近江,5627924.pdf
旅館業,農家民宿 夘之助,529-1613,蒲生郡日野町川原,蒲生郡日野町川原１１２２,１１２２,0748-52-5595,加納 夘之助,H24/11/14,簡易宿所,,,東近江,5627924.pdf
旅館業,ビジネスホテル シェル,523-0011,近江八幡市友定町,近江八幡市友定町４９４－１,４９４－１,0748-37-8451,ブーニー株式会社,H24/08/01,旅館・ホテル,ホテル,,東近江,5627924.pdf
旅館業,農家民宿 山中,529-1654,蒲生郡日野町小谷,蒲生郡日野町小谷５６７,５６７,0748-52-1019,山中 幸造,H25/01/31,簡易宿所,,,東近江,5627924.pdf
旅館業,農家民宿 金兵ヱ,529-1631,蒲生郡日野町鎌掛,蒲生郡日野町鎌掛２６５４,２６５４,0748-52-4743,西岡 茂,H25/03/11,簡易宿所,,,東近江,5627924.pdf
旅館業,農家民宿 岡蔵,529-1658,蒲生郡日野町中山,蒲生郡日野町中山１５６３,１５６３,0748-52-2595,岡本 恭治,H25/03/11,簡易宿所,,,東近江,5627924.pdf
旅館業,農家民宿 Ｋ・Ｋハウス,529-1665,蒲生郡日野町野出,蒲生郡日野町野出８８５－１,８８５－１,0748-53-0161,谷口 健次,H25/03/26,簡易宿所,,,東近江,5627924.pdf
旅館業,農家民宿 気楽,529-1653,蒲生郡日野町三十坪,蒲生郡日野町三十坪１６０８,１６０８,0748-52-0551,北村 正行,H25/03/26,簡易宿所,,,東近江,5627924.pdf
旅館業,グリーンホテル Ｙｅｓ 近江八幡,523-0894,近江八幡市中村町,近江八幡市中村町２１－６,２１－６,0748-32-8180,株式会社グリーンホテル,H25/07/01,旅館・ホテル,ホテル,,東近江,5627924.pdf
旅館業,ビジネス第一ホテル,523-0032,近江八幡市白鳥町,近江八幡市白鳥町４８－９,４８－９,0748-32-2003,日本興機株式会社,H25/09/20,旅館・ホテル,ホテル,,東近江,5627924.pdf
旅館業,農家民宿 丸池,529-1619,蒲生郡日野町佐久良,蒲生郡日野町佐久良３７９－２,３７９－２,0748-52-3658,大西 豊己,H26/06/09,簡易宿所,,,東近江,5627924.pdf
旅館業,農家民宿 七夕,529-1653,蒲生郡日野町三十坪,蒲生郡日野町三十坪１５５４,１５５４,0748-52-0449,東 茂年,H26/06/09,簡易宿所,,,東近江,5627924.pdf
旅館業,農家民宿 たんぽぽ,529-1645,蒲生郡日野町十禅師,蒲生郡日野町十禅師４０６,４０６,0748-52-1147,橋本 文夫,H26/06/09,簡易宿所,,,東近江,5627924.pdf
旅館業,農家民宿 民宿竹笛,529-1635,蒲生郡日野町迫,蒲生郡日野町迫１５９２,１５９２,0748-52-1548,堀 秀治,H26/08/06,簡易宿所,,,東近江,5627924.pdf
旅館業,農家民宿 たべもの探検の館 又兵衛,529-1615,蒲生郡日野町小野,蒲生郡日野町小野１０９,１０９,0748-52-5186,植田 榮蔵,H26/05/21,簡易宿所,,,東近江,5627924.pdf
旅館業,愛のまち 農家民宿 花の里,527-0171,東近江市池之尻町,東近江市池之尻町２７０,２７０,0749-46-1712,平柳 美恵子,H25/12/20,簡易宿所,,,東近江,5627924.pdf
旅館業,大本山 永源寺 庫裏,527-0212,東近江市永源寺高野町,東近江市永源寺高野町４１,４１,0748-27-0016,永源寺,H26/05/02,簡易宿所,,,東近江,5627924.pdf
旅館業,永源寺温泉 八風の湯,527-0212,東近江市永源寺高野町,東近江市永源寺高野町３５２,３５２,0748-27-1126,株式会社アヤハレ－クサイドホテル,H27/03/19,旅館・ホテル,旅館,,東近江,5627924.pdf
旅館業,妹背の里,520-2521,蒲生郡竜王町川守,蒲生郡竜王町川守５,５,0748-57-1819,公益財団法人竜王町地域振興事業団,H27/01/27,簡易宿所,,,東近江,5627924.pdf
旅館業,農家民宿 京政,529-1654,蒲生郡日野町小谷,蒲生郡日野町小谷５８２－２,５８２－２,0748-52-0082,冨田 正夫,H29/01/16,簡易宿所,,,東近江,5627924.pdf
旅館業,ホテルルートイン東近江八日市駅前,527-0012,東近江市八日市本町,東近江市八日市本町１－１１,１－１１,050-5833-3780,ルートインジャパン株式会社,H29/03/06,旅館・ホテル,ホテル,,東近江,5627924.pdf
旅館業,農家民宿 ごとうや,529-1618,蒲生郡日野町鳥居平,蒲生郡日野町鳥居平１９４,１９４,0748-52-6122,後藤 将吏,H29/01/16,簡易宿所,,,東近江,5627924.pdf
旅館業,愛のまち 農家民宿 木春菊の宿,527-0162,東近江市妹町,東近江市妹町５１９,５１９,0749-46-0082,奥村 とよ子,H29/06/27,簡易宿所,,,東近江,5627924.pdf
旅館業,ＡＢホテル 近江八幡,523-0891,近江八幡市鷹飼町,近江八幡市鷹飼町１４９８,１４９８,0748-29-3966,ＡＢホテル株式会社,H30/09/12,旅館・ホテル,ホテル,,東近江,5627924.pdf
旅館業,Ｌｉｔｔｌｅ Ｂｉｒｄｓ Ｈｏｓｔｅｌ,523-0862,近江八幡市仲屋町中,近江八幡市仲屋町中１２ スワイビル２F,１２ スワイビル２F,0748-32-4564,株式会社Ｗａｌｌａｂｙ,H29/09/27,簡易宿所,,,東近江,5627924.pdf
旅館業,永源寺温泉 八風の湯 別館２号棟,527-0212,東近江市永源寺高野町,東近江市永源寺高野町３５２,３５２,0748-27-1126,株式会社アヤハレ－クサイドホテル,H30/03/27,旅館・ホテル,旅館,,東近江,5627924.pdf
旅館業,農家民宿 みのりんぐ,529-1664,蒲生郡日野町蓮花寺,蒲生郡日野町蓮花寺９１０,９１０,0748-53-0371,西河 正樹,H29/10/06,簡易宿所,,,東近江,5627924.pdf
旅館業,農家民宿 篁,529-1605,蒲生郡日野町小井口,蒲生郡日野町小井口７７－４０,７７－４０,0748-52-4327,横井 幸一,H29/10/06,簡易宿所,,,東近江,5627924.pdf
旅館業,農家民宿 シゴル家,529-1617,蒲生郡日野町中之郷,蒲生郡日野町中之郷１１９２,１１９２,0748-52-6113,出口 正敏,H29/10/06,簡易宿所,,,東近江,5627924.pdf
旅館業,農家民宿 Ｓｕｎ Ｆｉｅｌｄ,529-1628,蒲生郡日野町西大路,蒲生郡日野町西大路１３８９,１３８９,,野矢 貴之,H29/10/06,簡易宿所,,,東近江,5627924.pdf
旅館業,農家民宿 もとえもん,529-1661,蒲生郡日野町安部居,蒲生郡日野町安部居７１８,７１８,0748-52-0096,遠城 元之,H29/10/06,簡易宿所,,,東近江,5627924.pdf
旅館業,漁家民宿 湖上荘,523-0801,近江八幡市沖島町,近江八幡市沖島町１６７,１６７,0748-33-9639,小川 ゆかり,H30/04/25,簡易宿所,,,東近江,5627924.pdf
旅館業,ゲストハウス澪,523-0872,近江八幡市玉木町一丁 目,近江八幡市玉木町一丁 目９,９,,小林 沙織,H30/10/25,簡易宿所,,,東近江,5627924.pdf
旅館業,近江の町家 門,523-0871,近江八幡市新町四丁目,近江八幡市新町四丁目１４,１４,,門野 昌樹,H30/10/25,簡易宿所,,,東近江,5627924.pdf
旅館業,ホテル海老長,527-0022,東近江市八日市上之町,東近江市八日市上之町４４６－１,４４６－１,,日本興機株式会社,H31/02/20,旅館・ホテル,,,東近江,5627924.pdf
旅館業,ステイ近江八幡 駅前イン,523-0891,近江八幡市鷹飼町,近江八幡市鷹飼町１５３３－２,１５３３－２,,株式会社クリフサイド,H31/04/11,簡易宿所,,,東近江,5627924.pdf
旅館業,ＫＯＬＭＩＯ 近江八幡,523-0863,近江八幡市仲屋町上,近江八幡市仲屋町上９－２,９－２,0748-32-8660,株式会社Ｗａｌｌａｂｙ,H31/04/26,簡易宿所,,,東近江,5627924.pdf
旅館業,守貞別邸 千鳥,529-1604,蒲生郡日野町村井,蒲生郡日野町村井１３６５,１３６５,0748-29-3470,杉谷 良彦,R02/04/22,簡易宿所,,,東近江,5627924.pdf
旅館業,愛のまち農家民宿 かっちゃん,527-0156,東近江市上中野町,東近江市上中野町８５２,８５２,0749-46-0560,中嶋 勝男,R01/12/16,簡易宿所,,,東近江,5627924.pdf
旅館業,愛のまち農家民宿 きはちゃん,527-0227,東近江市石谷町,東近江市石谷町４８４,４８４,0748-27-1135,藤澤 喜八郎,R01/12/16,簡易宿所,,,東近江,5627924.pdf
旅館業,お宿 八幡邸,523-0894,近江八幡市中村町,近江八幡市中村町４７１－９,４７１－９,,川﨑 崇司,R02/02/06,簡易宿所,,,東近江,5627924.pdf
旅館業,旅籠 八,523-0831,近江八幡市玉屋町,近江八幡市玉屋町６,６,,ＷＯＲＫＳ株式会社,R02/09/25,簡易宿所,,,東近江,5627924.pdf
旅館業,薬水君 近江八幡,523-0826,近江八幡市薬師町,近江八幡市薬師町２－１,２－１,,薬水君株式会社,R02/07/14,簡易宿所,,,東近江,5627924.pdf
旅館業,滋賀シアターアーツトレーニングセンター,527-0204,東近江市政所町,東近江市政所町１２６７,１２６７,0748-29-0002,株式会社ＹＴＪ,R02/08/13,簡易宿所,,,東近江,5627924.pdf
旅館業,近江八幡まちや倶楽部 ―文化と出会う、まちなかの宿,523-0862,近江八幡市仲屋町中,近江八幡市仲屋町中２１,２１,0748-32-4672,株式会社Ｗａｌｌａｂｙ,R02/12/25,旅館・ホテル,,,東近江,5627924.pdf
旅館業,じゅらく亭,523-0871,近江八幡市新町四丁目,近江八幡市新町四丁目４１,４１,,北川 忠男,R03/03/15,簡易宿所,,,東近江,5627924.pdf
旅館業,八幡屋 別館,520-2521,蒲生郡竜王町川守,蒲生郡竜王町川守８０１－２,８０１－２,0748-57-0114,株式会社八幡屋,R03/05/26,旅館・ホテル,,,東近江,5627924.pdf
旅館業,日登美山荘,527-0204,東近江市政所町,東近江市政所町１６９１,１６９１,0748-29-0112,髙榮 尚史,R03/06/30,簡易宿所,,,東近江,5627924.pdf
旅館業,ＨＯＴＥＬ Ｒ９ Ｔｈｅ Ｙａｒｄ 東近江,529-1404,東近江市宮荘町,東近江市宮荘町１６０－２,１６０－２,0748-43-2493,株式会社デベロップ,R03/10/05,旅館・ホテル,,,東近江,5627924.pdf
旅館業,だれんち,527-0175,東近江市梅林町,東近江市梅林町９０,９０,0749-46-8100,ＮＰＯ法人愛のまちエコ倶楽部,R04/09/22,簡易宿所,,,東近江,5627924.pdf
旅館業,Ｒａｋｕｔｅｎ ＳＴＡＹ ＨＯＵＳＥ×ＷＩＬＬ ＳＴＹ ＬＥ 八幡堀,523-0821,近江八幡市多賀町,近江八幡市多賀町５８０－６、５８０－８,５８０－６、５８０－８,050-3816-7322,株式会社ジーエーピー,R03/11/01,簡易宿所,,,東近江,5627924.pdf
旅館業,ゲストハウス澪,523-0872,近江八幡市玉木町一丁 目,近江八幡市玉木町一丁 目９,９,,株式会社ＬＯＣＵＳ,R03/12/14,簡易宿所,,,東近江,5627924.pdf
旅館業,永源寺温泉 八風の湯 別館２号棟,527-0212,東近江市永源寺高野町,東近江市永源寺高野町３５２,３５２,0748-27-1126,株式会社アヤハレークサイドホテル,R04/12/23,旅館・ホテル,,,東近江,5627924.pdf
旅館業,クレフィール湖東,527-0102,東近江市平柳町,東近江市平柳町２２－３,２２－３,0749-45-3880,センコーグループホールディングス株式会 社,R04/07/13,旅館・ホテル,,,東近江,5627924.pdf
旅館業,ゲストハウスあけくれ,527-0102,東近江市平柳町,東近江市平柳町２２－３,２２－３,0749-45-3880,センコーグループホールディングス株式会 社,R04/07/13,旅館・ホテル,,,東近江,5627924.pdf
旅館業,ＥＮＳＯ Ｒｅｓｉｄｅｎｃｅ,529-1441,東近江市五個荘川並町,東近江市五個荘川並町７９８,７９８,,元吉 美由紀,R04/11/24,簡易宿所,,,東近江,5627924.pdf
旅館業,ゲストハウス 真,523-0825,近江八幡市新左衛門町,近江八幡市新左衛門町１１,１１,,株式会社ＬＯＣＵＳ,R05/02/09,簡易宿所,,,東近江,5627924.pdf
旅館業,オーミルームズ,523-0892,近江八幡市出町,近江八幡市出町２３３－２ 淡海せぼねクリ ニック２階,２３３－２ 淡海せぼねクリ ニック２階,0748-29-3339,有限会社創研コーポレーション,R05/04/20,簡易宿所,,,東近江,5627924.pdf
旅館業,ＨＯＲＩＴＥＩ８,523-0828,近江八幡市宮内町,近江八幡市宮内町１６９－９,１６９－９,,柳内 智恵子,R05/07/03,簡易宿所,,,東近江,5627924.pdf
旅館業,ＮＩＰＰＯＮＩＡ 五個荘 近江商人の町,529-1405,東近江市五個荘金堂町,東近江市五個荘金堂町６４５、６４３－２,６４５、６４３－２,,株式会社いろは,R05/05/26,簡易宿所,,,東近江,5627924.pdf
旅館業,ホテル蒲生の郷、ドミトリー蒲生,529-1658,蒲生郡日野町中山,蒲生郡日野町中山浄光寺４６４、４６５,浄光寺４６４、４６５,0748-52-4640,センコーグループホールディングス株式会 社,R05/12/04,旅館・ホテル,,,東近江,5627924.pdf
旅館業,ほんまちホテル,527-0012,東近江市八日市本町,東近江市八日市本町１３－６,１３－６,,株式会社ウィルコネクト,R06/03/26,簡易宿所,,,東近江,5627924.pdf
旅館業,Ｇｕｅｓｔ Ｈｏｕｓｅ 宿の夜夜,523-0821,近江八幡市多賀町,近江八幡市多賀町５９６－２,５９６－２,,Ｓｕｍｍｉｔ株式会社,R06/06/26,簡易宿所,,,東近江,5627924.pdf
旅館業,きた川別邸 六花,529-1604,蒲生郡日野町村井,蒲生郡日野町村井１３６５,１３６５,0748-29-3470,シンコウメディカル株式会社,R06/05/01,旅館・ホテル,,,東近江,5627924.pdf
旅館業,ゲストハウス桜,523-0892,近江八幡市出町,近江八幡市出町４１１－９ ２階,４１１－９ ２階,,株式会社Ｙ,R06/06/19,簡易宿所,,,東近江,5627924.pdf
旅館業,旅宿ありときりぎりす（Ｇｕｅｓｔ Ｈｏｕｓｅ ＡＲＩ ｔｏ ＫＩＲＩＧＩＲＩＳＵ）,523-0892,近江八幡市出町,近江八幡市出町１２２－１１,１２２－１１,,田中 涼,R06/11/11,簡易宿所,,,東近江,5627924.pdf
旅館業,近江八幡市池田町宿所,523-0877,近江八幡市池田町四丁 目,近江八幡市池田町四丁 目１３,１３,,合同会社ＳＲＥ,R07/02/26,簡易宿所,,,東近江,5627924.pdf
旅館業,近江八幡市宮内町宿所,523-0828,近江八幡市宮内町,近江八幡市宮内町１７２－９,１７２－９,,合同会社ＳＲＥ,R07/02/26,簡易宿所,,,東近江,5627924.pdf
旅館業,Ｇｏｏｄ ＢＡＳＥ 近江八幡 出町 ＯＮＥ,523-0892,近江八幡市出町,近江八幡市出町４１７－４,４１７－４,,ＡＬＬ・ＩＮ株式会社,R07/09/25,簡易宿所,,,東近江,5627924.pdf
旅館業,Ｇｏｏｄ ＢＡＳＥ 近江八幡 出町 ＴＷＯ,523-0892,近江八幡市出町,近江八幡市出町４１７－２３,４１７－２３,,ＡＬＬ・ＩＮ株式会社,R07/09/25,簡易宿所,,,東近江,5627924.pdf
旅館業,休暇村近江八幡 キャンプ場,523-0801,近江八幡市沖島町,近江八幡市沖島町宮ヶ浜,宮ヶ浜,0748-32-3138,一般財団法人休暇村協会,R07/04/18,簡易宿所,,,東近江,5627924.pdf
旅館業,Ｇｕｅｓｔ Ｈｏｕｓｅ 夢圓,523-0806,近江八幡市北之庄町,近江八幡市北之庄町１０９４－３,１０９４－３,,Ｓｕｍｍｉｔ株式会社,R07/06/25,簡易宿所,,,東近江,5627924.pdf
旅館業,Ｇｕｅｓｔ Ｈｏｕｓｅ 庭音日和,523-0892,近江八幡市出町,近江八幡市出町６２１,６２１,,Ｓｕｍｍｉｔ株式会社,R07/10/14,簡易宿所,,,東近江,5627924.pdf
旅館業,リバーサイドグランピングＮｕｔｓ,527-0206,東近江市杠葉尾町,東近江市杠葉尾町８８,８８,,株式会社Ｚｅｄｄ,R07/07/14,簡易宿所,,,東近江,5627924.pdf
旅館業,旅宿 信長と忍者（Ｇｕｅｓｔ Ｈｏｕｓｅ ＮＯＢＵＮＡ ＧＡ ｔｏ ＮＩＮＪＡ）,523-0892,近江八幡市出町,近江八幡市出町４２３－１０,４２３－１０,,田中 涼,R08/01/14,簡易宿所,,,東近江,5627924.pdf
旅館業,ＨＯＴＥＬ Ｒ９ Ｔｈｅ Ｙａｒｄ 蒲生日野,529-1601,蒲生郡日野町松尾,蒲生郡日野町松尾９３４－１,９３４－１,0748-43-0120,株式会社デベロップ,R07/12/03,旅館・ホテル,,,東近江,5627924.pdf
旅館業,ゲストハウス 結,523-0821,近江八幡市多賀町,近江八幡市多賀町６２１－１,６２１－１,,株式会社ＬＯＣＵＳ,R08/01/27,簡易宿所,,,東近江,5627924.pdf
旅館業,日牟禮乃宿,523-0873,近江八幡市正神町,近江八幡市正神町１５,１５,,株式会社Ｙ,R08/01/21,簡易宿所,,,東近江,5627924.pdf
旅館業,雪野山史跡広場 妹背の里,520-2521,蒲生郡竜王町川守,蒲生郡竜王町川守５,５,0748-57-1819,公益財団法人竜王町地域振興事業団,R08/03/18,簡易宿所,,,東近江,5627924.pdf
旅館業,旅宿 月とかぐや（Ｇｕｅｓｔ Ｈｏｕｓｅ ＴＳＵＫＩ ｔｏ ＫＡＧＵＹＡ）,523-0891,近江八幡市鷹飼町,近江八幡市鷹飼町８３０－４２,８３０－４２,,田中 涼,R08/05/01,簡易宿所,,,東近江,5627924.pdf
旅館業,Ｎｕｔｓｂｅｒｒｙ Ｒｅｓｏｒｔ,527-0206,東近江市杠葉尾町,東近江市杠葉尾町８６－１,８６－１,,伊里 恒一,R08/04/15,簡易宿所,,,東近江,5627924.pdf
旅館業,休暇村近江八幡 キャンプ場,523-0801,近江八幡市沖島町,近江八幡市沖島町宮ヶ浜,宮ヶ浜,0748-32-3138,一般財団法人休暇村協会,R08/04/24,簡易宿所,,,東近江,5627924.pdf
旅館業,別邸 九,523-0828,近江八幡市宮内町,近江八幡市宮内町１－１,１－１,,ＷＯＲＫＳ株式会社,R08/06/01,簡易宿所,,,東近江,5627924.pdf
旅館業,ウエストコースト,522-0006,彦根市佐和山町,彦根市佐和山町字山田２１４,字山田２１４,24-6284,永見 幸太郎,S60/07/20,旅館・ホテル,ホテル,,彦根,5627924.pdf
旅館業,ガーデンホテルぎおん,522-0021,彦根市幸町,彦根市幸町７６,７６,24-5671,有限会社アヴァウト,H03/08/08,旅館・ホテル,ホテル,,彦根,5627924.pdf
旅館業,かぎ楼,522-0341,犬上郡多賀町多賀,犬上郡多賀町多賀６５３,６５３,0749-48-1003,有限会社かぎ楼,S36/08/19,旅館・ホテル,旅館,,彦根,5627924.pdf
旅館業,コニカミノルタ健康保険組合 びわ湖保養所,521-1136,彦根市新海浜一丁目,彦根市新海浜一丁目９,９,0749-43-5958,コニカミノルタ健康保険組合,S59/07/25,旅館・ホテル,旅館,,彦根,5627924.pdf
旅館業,アパホテル〈彦根南〉,522-0041,彦根市平田町,彦根市平田町５１１,５１１,0749-22-5555,有限会社セキーグチ,H06/01/21,旅館・ホテル,ホテル,,彦根,5627924.pdf
旅館業,スーパーホテル南彦根駅前,522-0043,彦根市小泉町,彦根市小泉町１３３－１,１３３－１,0749-24-9000,株式会社ス－パ－ホテル,H13/03/08,旅館・ホテル,ホテル,,彦根,5627924.pdf
旅館業,タカタビブラートハウス,521-1135,彦根市新海町,彦根市新海町４０１,４０１,43-7790,有限責任中間法人タカタビブラートハウス,H16/09/01,旅館・ホテル,ホテル,,彦根,5627924.pdf
旅館業,とばや旅館,522-0083,彦根市河原三丁目,彦根市河原三丁目１－２３,１－２３,0749-22-0325,和田 一繁,S54/06/11,旅館・ホテル,旅館,,彦根,5627924.pdf
旅館業,＃ひさのや,522-0075,彦根市佐和町,彦根市佐和町４－２１,４－２１,0749-22-5818,増田 嶺子,S49/10/18,旅館・ホテル,旅館,,彦根,5627924.pdf
旅館業,ビジネスホテルくらま,529-1171,犬上郡豊郷町安食西,犬上郡豊郷町安食西字桶哉９２０－２，９２１－２,字桶哉９２０－２，９２１－２,28-2555,株式会社くらま,H03/12/07,旅館・ホテル,ホテル,,彦根,5627924.pdf
旅館業,ビジネスホテル近江,522-0074,彦根市大東町,彦根市大東町２－３５,２－３５,22-0372,土川 壽弌,S53/07/25,旅館・ホテル,旅館,,彦根,5627924.pdf
旅館業,ビジネスホテル彦根,522-0009,彦根市外町,彦根市外町字備後１６９－１，１７０－１,字備後１６９－１，１７０－１,0749-24-4631,株式会社イーグル,S54/12/12,旅館・ホテル,ホテル,,彦根,5627924.pdf
旅館業,清瀧旅館,522-0083,彦根市河原二丁目,彦根市河原二丁目７－１０,７－１０,0749-22-0071,有限会社清瀧,H06/04/06,旅館・ホテル,旅館,,彦根,5627924.pdf
旅館業,ファッションホテル プリンス,522-0012,彦根市甲田町,彦根市甲田町２５９,２５９,26-1150,有限会社晃萬,H18/02/20,旅館・ホテル,旅館,,彦根,5627924.pdf
旅館業,ホテル リッド,522-0002,彦根市松原町,彦根市松原町１４３５－８,１４３５－８,0749-30-2940,株式会社ベ－ル,H13/02/22,旅館・ホテル,旅館,,彦根,5627924.pdf
旅館業,ホテルサンヴィラ,529-1314,愛知郡愛荘町中宿,愛知郡愛荘町中宿東導寺１５４－２，１５８，１ ５９－１，１６０－１,東導寺１５４－２，１５８，１ ５９－１，１６０－１,42-5441,エスケイ興産株式会社,S61/09/25,旅館・ホテル,旅館,,彦根,5627924.pdf
旅館業,ホテルサンルート彦根,522-0073,彦根市旭町,彦根市旭町９―１４,９―１４,26-0123,株式会社ティーアールシー,H17/01/14,旅館・ホテル,ホテル,,彦根,5627924.pdf
旅館業,ホテルレイクランド彦根,522-0054,彦根市西今町,彦根市西今町６２－２,６２－２,27-5000,株式会社びわこオアシス,H19/03/27,旅館・ホテル,ホテル,,彦根,5627924.pdf
旅館業,ホテルロイヤルナイト,522-0006,彦根市佐和山町,彦根市佐和山町山田２１０,山田２１０,0749-22-7799,有限会社いのうえ,S60/02/12,旅館・ホテル,旅館,,彦根,5627924.pdf
旅館業,一茶,529-1331,愛知郡愛荘町愛知川,愛知郡愛荘町愛知川２－４,２－４,42-3201,西村 幸雄,S57/06/30,旅館・ホテル,旅館,,彦根,5627924.pdf
旅館業,湖畔亭,522-0002,彦根市松原町,彦根市松原町網代口１２４６－１５,網代口１２４６－１５,,伊藤 親善,S51/11/18,旅館・ホテル,旅館,,彦根,5627924.pdf
旅館業,財団法人彦根青少年研修所,522-0007,彦根市古沢町,彦根市古沢町１１０４,１１０４,0749-23-7076,財団法人彦根青少年研修所,S48/07/26,旅館・ホテル,旅館,,彦根,5627924.pdf
旅館業,滋賀県立スポーツ会館,522-0002,彦根市松原町,彦根市松原町３０２８,３０２８,0749-23-4911,滋賀県,S53/05/16,簡易宿所,,,彦根,5627924.pdf
旅館業,小川荘,522-0066,彦根市栄町二丁目,彦根市栄町二丁目３９５－４，４０９－２,３９５－４，４０９－２,22-9189,小川 春男,S57/01/19,下宿,,,彦根,5627924.pdf
旅館業,人形の館,522-0006,彦根市佐和山町,彦根市佐和山町１９１－２,１９１－２,22-7755,有限会社いのうえ,S60/02/12,旅館・ホテル,旅館,,彦根,5627924.pdf
旅館業,竹平楼,529-1331,愛知郡愛荘町愛知川,愛知郡愛荘町愛知川１６０８,１６０８,0749-42-4007,有限会社竹平楼,S37/10/08,旅館・ホテル,旅館,,彦根,5627924.pdf
旅館業,南彦根ステーションホテル,522-0043,彦根市小泉町,彦根市小泉町２８９，２９０,２８９，２９０,26-0755,株式会社南彦根ステーションホテル,H05/07/23,旅館・ホテル,ホテル,,彦根,5627924.pdf
旅館業,琵琶湖コンファレンスセンター,521-1136,彦根市新海浜二丁目,彦根市新海浜二丁目１－１,１－１,,株式会社マムズ,H08/10/25,旅館・ホテル,ホテル,,彦根,5627924.pdf
旅館業,彦根アートホテル,522-0201,彦根市高宮町,彦根市高宮町１７０７－１,１７０７－１,62-6789,株式会社Ｎｅｘｔ．Ｋ,H08/03/28,旅館・ホテル,ホテル,,彦根,5627924.pdf
旅館業,彦根キャッスル リゾート＆スパ,522-0075,彦根市佐和町,彦根市佐和町１－８,１－８,21-2001,株式会社一圓興産,H09/04/08,旅館・ホテル,ホテル,,彦根,5627924.pdf
旅館業,彦根ステーションホテル,522-0007,彦根市古沢町,彦根市古沢町６７７,６７７,22-7511,清栄商事株式会社,S62/09/14,旅館・ホテル,旅館,,彦根,5627924.pdf
旅館業,別館うお繁,522-0058,彦根市須越町,彦根市須越町針兼１１５４－２,針兼１１５４－２,,疋田 秀子,S53/06/30,簡易宿所,,,彦根,5627924.pdf
旅館業,味吉屋,529-1331,愛知郡愛荘町愛知川,愛知郡愛荘町愛知川１６０９,１６０９,42-2319,塚本 宏和,S33/07/23,旅館・ホテル,旅館,,彦根,5627924.pdf
旅館業,びわ湖畔 味覚の宿 双葉荘,522-0002,彦根市松原町,彦根市松原町１３７７,１３７７,0749-22-2667,有限会社双葉荘,H06/08/10,旅館・ホテル,旅館,,彦根,5627924.pdf
旅館業,料亭旅館やす井,522-0082,彦根市安清町,彦根市安清町１３－２６,１３－２６,0749-22-4670,株式会社粋屋やす井,H08/05/08,旅館・ホテル,旅館,,彦根,5627924.pdf
旅館業,林旅館,522-0058,彦根市須越町,彦根市須越町１２９５,１２９５,,林 静子,S44/11/01,旅館・ホテル,旅館,,彦根,5627924.pdf
旅館業,ホテルルートイン彦根,522-0027,彦根市東沼波町,彦根市東沼波町１１１－３,１１１－３,21-2551,ルートインジャパン株式会社,H20/12/16,旅館・ホテル,ホテル,,彦根,5627924.pdf
旅館業,ビジネスホテル 大和,522-0021,彦根市幸町,彦根市幸町７６,７６,0749-24-5671,株式会社57企画,H21/03/30,旅館・ホテル,ホテル,,彦根,5627924.pdf
旅館業,コンフォートホテル彦根,522-0007,彦根市古沢町,彦根市古沢町１５５,１５５,0749-27-8211,株式会社グリーンズ,H21/04/13,旅館・ホテル,ホテル,,彦根,5627924.pdf
旅館業,ファミリーロッジ旅籠屋・彦根店,529-1303,愛知郡愛荘町長野,愛知郡愛荘町長野１３－１,１３－１,0749-42-4285,株式会社旅籠屋,H21/04/15,旅館・ホテル,ホテル,,彦根,5627924.pdf
旅館業,ホテル エスタシオンひこね,522-0073,彦根市旭町,彦根市旭町８－３１,８－３１,0749-22-1500,合同会社ホテルエスタシオン,H21/05/12,旅館・ホテル,ホテル,,彦根,5627924.pdf
旅館業,ビジネス旅館 近江屋,529-1331,愛知郡愛荘町愛知川,愛知郡愛荘町愛知川８８３,８８３,0749-42-2427,有限会社近江屋,H21/12/25,旅館・ホテル,旅館,,彦根,5627924.pdf
旅館業,ＨＯＴＥＬ ＯＷＬ,522-0006,彦根市佐和山町,彦根市佐和山町２５７－１,２５７－１,0749-24-1300,株式会社ジャパン観光,H22/04/06,旅館・ホテル,ホテル,,彦根,5627924.pdf
旅館業,レストイン多賀,522-0342,犬上郡多賀町敏満寺,犬上郡多賀町敏満寺６６－３６,６６－３６,0749-48-1233,株式会社グリーンズ,H22/11/02,簡易宿所,,,彦根,5627924.pdf
旅館業,ホテル 憩,522-0002,彦根市松原町,彦根市松原町１４３０,１４３０,0749-24-2537,株式会社サルビア,H22/12/21,旅館・ホテル,旅館,,彦根,5627924.pdf
旅館業,ゲストハウス無我,522-0087,彦根市芹橋一丁目,彦根市芹橋一丁目４－４１,４－４１,,村田 一,H25/08/12,簡易宿所,,,彦根,5627924.pdf
旅館業,関西大学 彦根荘,522-0057,彦根市八坂町,彦根市八坂町２０７１－７,２０７１－７,0749-22-2765,学校法人関西大学,H25/12/13,簡易宿所,,,彦根,5627924.pdf
旅館業,ホテル ビワドッグ,521-1135,彦根市新海町,彦根市新海町３２６０,３２６０,0749-43-8258,株式会社シルバーバックス・ホスピタリ ティマネジメント,H26/08/25,旅館・ホテル,ホテル,,彦根,5627924.pdf
旅館業,高取山ふれあい公園,522-0335,犬上郡多賀町藤瀬,犬上郡多賀町藤瀬１０９０,１０９０,0749-49-0635,多賀町,H07/07/21,簡易宿所,,,彦根,5627924.pdf
旅館業,本町宿,522-0064,彦根市本町三丁目,彦根市本町三丁目３－５５,３－５５,0749-30-9932,特定非営利活動法人ひこね文化デザイン フォーラム,H28/02/24,旅館・ホテル,旅館,,彦根,5627924.pdf
旅館業,＊彦根びわこホテル,522-0041,彦根市平田町,彦根市平田町６３,６３,0749-24-8000,彦根びわこホテル株式会社,H28/11/28,旅館・ホテル,ホテル,,彦根,5627924.pdf
旅館業,彦根びわこホテル簡易宿泊所,522-0041,彦根市平田町,彦根市平田町６３,６３,0749-24-8000,彦根びわこホテル株式会社,H29/03/31,簡易宿所,,,彦根,5627924.pdf
旅館業,東横ＩＮＮ彦根駅東口,522-0010,彦根市駅東町,彦根市駅東町２－１,２－１,0749-21-1045,株式会社東横イン,H30/01/11,旅館・ホテル,ホテル,,彦根,5627924.pdf
旅館業,ＡＢホテル彦根,522-0074,彦根市大東町,彦根市大東町５－９,５－９,0749-27-0413,ＡＢホテル株式会社,R02/09/29,旅館・ホテル,,,彦根,5627924.pdf
旅館業,庵－ラピス本町,522-0064,彦根市本町一丁目,彦根市本町一丁目８－１９,８－１９,,有限会社オフィシエイトＤＣ,R01/10/10,簡易宿所,,,彦根,5627924.pdf
旅館業,ＧＵＥＳＴ ＨＯＵＳＥ 名残屋,522-0066,彦根市栄町二丁目,彦根市栄町二丁目６－２４,６－２４,0749-24-0707,野口 豊,R03/09/29,簡易宿所,,,彦根,5627924.pdf
旅館業,彦根ゲストハウス淡夢,522-0064,彦根市本町一丁目,彦根市本町一丁目２－１,２－１,,古澤 ちひろ,R04/04/05,簡易宿所,,,彦根,5627924.pdf
旅館業,亀の井ホテル 彦根,522-0002,彦根市松原町,彦根市松原町３７５９,３７５９,0749-22-8090,アイコニア・ホスピタリティ株式会社,R04/04/05,旅館・ホテル,,,彦根,5627924.pdf
旅館業,蒼の湖邸 ＢＩＷＡＦＲＯＮＴ ＨＩＫＯＮＥ,522-0002,彦根市松原町,彦根市松原町１４３５－９１,１４３５－９１,0749-26-1111,株式会社ビワフロント彦根,R05/08/04,旅館・ホテル,,,彦根,5627924.pdf
旅館業,古民家改修簡易宿所「おむすび」,529-1165,犬上郡豊郷町吉田,犬上郡豊郷町吉田１９０,１９０,,宮崎 瑛圭,R05/03/06,簡易宿所,,,彦根,5627924.pdf
旅館業,ＣａＳａ Ｅ・Ｈ,522-0074,彦根市大東町,彦根市大東町７－２０,７－２０,,合同会社ホテルエスタシオン,R05/03/31,簡易宿所,,,彦根,5627924.pdf
旅館業,Ｓａｌａ Ｅｓｔａｃｉｏｎ,522-0075,彦根市佐和町,彦根市佐和町２１４,２１４,,合同会社ホテルエスタシオン,R05/03/31,簡易宿所,,,彦根,5627924.pdf
旅館業,貸別荘 せせらぎ,522-0271,犬上郡甲良町下之郷,犬上郡甲良町下之郷１６０２,１６０２,,株式会社けんそう,R05/07/10,簡易宿所,,,彦根,5627924.pdf
旅館業,がてんの宿 彦根ＴＳ,522-0004,彦根市鳥居本町,彦根市鳥居本町２３３７－１,２３３７－１,0749-26-0156,株式会社フューチャーライフ,R05/11/30,簡易宿所,,,彦根,5627924.pdf
旅館業,Ｔｒａｉｌ ｉｎｎ 彦根城,522-0002,彦根市松原町,彦根市松原町１８３６－１,１８３６－１,,株式会社ヒーローライフカンパニー,R06/07/22,旅館・ホテル,,,彦根,5627924.pdf
旅館業,彦根びわこホテル簡易宿泊所,522-0041,彦根市平田町,彦根市平田町６３,６３,,ＢＳＬ株式会社,R06/09/30,旅館・ホテル,,,彦根,5627924.pdf
旅館業,ＣＨＡＲＩ3,522-0087,彦根市芹橋二丁目,彦根市芹橋二丁目２－５６,２－５６,,"ORDONEZ ALARCON DE HERNANDEZ,KARLA PATRICIA",R07/01/06,旅館・ホテル,,,彦根,5627924.pdf
旅館業,ゲストハウス彦根銀座,522-0083,彦根市河原二丁目,彦根市河原二丁目２－３７,２－３７,,株式会社Ｙ,R06/11/28,簡易宿所,,,彦根,5627924.pdf
旅館業,ＬＡＫＥ ｖｉｌｌａ ＣＨＩＴＯＳＥ,522-0002,彦根市松原二丁目,彦根市松原二丁目４－１３,４－１３,0749-33-1869,株式会社ＣＨＩＴＯＳＥ,R07/06/18,簡易宿所,,,彦根,5627924.pdf
旅館業,ＨＡＴＡＧＯ ＨＩＫＯＮＥ,522-0064,彦根市本町二丁目,彦根市本町二丁目４－２３,４－２３,,株式会社一圓興産,R07/07/10,旅館・ホテル,,,彦根,5627924.pdf
旅館業,Ｂ・ｈｏｍｅ彦根地蔵,522-0029,彦根市地蔵町,彦根市地蔵町５３７,５３７,,ビームアールイーマネジメント株式会社,R07/04/17,簡易宿所,,,彦根,5627924.pdf
旅館業,ＨＡＴＡＧＯ ＨＩＫＯＮＥ 別邸,522-0064,彦根市本町二丁目,彦根市本町二丁目１－３,１－３,,株式会社一圓興産,R07/08/19,旅館・ホテル,,,彦根,5627924.pdf
旅館業,中山道愛知川宿街道交流館,529-1331,愛知郡愛荘町愛知川,愛知郡愛荘町愛知川３８－２,３８－２,0749-42-2165,一般社団法人愛荘町観光協会,R07/09/16,旅館・ホテル,,,彦根,5627924.pdf
旅館業,彦根びわこホテル,522-0041,彦根市平田町,彦根市平田町６３,６３,,ＢＳＬ株式会社,R07/12/12,旅館・ホテル,,,彦根,5627924.pdf
旅館業,彦根レイクサイドリゾート,521-1135,彦根市新海町,彦根市新海町２１９４,２１９４,,株式会社橋本建設,R08/03/13,旅館・ホテル,,,彦根,5627924.pdf
旅館業,Ｐｒｉｖａｔｅ Ｖｉｌｌａ やす井別邸,522-0082,彦根市安清町,彦根市安清町３２０,３２０,0749-22-4670,株式会社粋屋やす井,R08/05/22,旅館・ホテル,,,彦根,5627924.pdf
旅館業,ＧＦＣ奥琵琶湖レイクシア,529-0721,長浜市西浅井町大浦,長浜市西浅井町大浦１９９０－２,１９９０－２,0749-89-0187,株式会社グリーンフィールド,H01/07/14,旅館・ホテル,旅館,,長浜,5627924.pdf
旅館業,アルバトロス一号館,521-0202,米原市柏原,米原市柏原伊屋谷７,伊屋谷７,57-1611,株式会社ケイテイシ－,H03/07/03,簡易宿所,,,長浜,5627924.pdf
旅館業,エクシブ琵琶湖,521-0004,米原市磯,米原市磯１４７７－２,１４７７－２,52-6111,リゾートトラスト株式会社,H09/03/21,旅館・ホテル,ホテル,,長浜,5627924.pdf
旅館業,おおくら,526-0113,長浜市南浜町,長浜市南浜町１１３０－５,１１３０－５,0749-72-4706,中川 クニエ,H11/08/01,簡易宿所,,,長浜,5627924.pdf
旅館業,ことぶき旅館,526-0032,長浜市南高田町,長浜市南高田町６－５,６－５,62-2515,池野 静子,H08/02/08,旅館・ホテル,旅館,,長浜,5627924.pdf
旅館業,ことぶき旅館,526-0032,長浜市南高田町,長浜市南高田町６－５,６－５,62-2515,有限会社昭寿,S64/01/01,旅館・ホテル,旅館,,長浜,5627924.pdf
旅館業,セレマ ホテル 木之本,529-0425,長浜市木之本町木之本,長浜市木之本町木之本１６１８－３,１６１８－３,0749-82-4442,株式会社セレマ,H18/12/21,旅館・ホテル,ホテル,,長浜,5627924.pdf
旅館業,ノーザンライツ,529-0721,長浜市西浅井町大浦,長浜市西浅井町大浦１８０２－９,１８０２－９,0749-89-0118,松田 榮利子,H12/01/19,簡易宿所,,,長浜,5627924.pdf
旅館業,ビジネスホテル ビーチ,526-0065,長浜市公園町,長浜市公園町６－２８,６－２８,62-2778,有限会社丸豊,S61/04/05,旅館・ホテル,旅館,,長浜,5627924.pdf
旅館業,ビジネスホテルいずみ,526-0031,長浜市八幡東町,長浜市八幡東町２２４,２２４,0749-62-3417,株式会社イトウ,H10/08/07,旅館・ホテル,ホテル,,長浜,5627924.pdf
旅館業,ビジネスホテル風遊館,526-0031,長浜市八幡東町,長浜市八幡東町２２５、２２５－３,２２５、２２５－３,0749-65-2319,株式会社イトウ,H10/06/25,旅館・ホテル,ホテル,,長浜,5627924.pdf
旅館業,ビジネス旅館 多賀,529-0341,長浜市湖北町速水,長浜市湖北町速水１５７５,１５７５,78-0019,多賀 義信,S55/07/02,簡易宿所,,,長浜,5627924.pdf
旅館業,ビジネス旅館 浜,526-0031,長浜市八幡東町,長浜市八幡東町４４１,４４１,62-7660,中居産業株式会社,S53/02/01,旅館・ホテル,旅館,,長浜,5627924.pdf
旅館業,ふじ石亭,526-0056,長浜市朝日町,長浜市朝日町４７，４８,４７，４８,0749-62-8000,株式会社ふじ石亭,H17/11/11,簡易宿所,,,長浜,5627924.pdf
旅館業,ペンションいぶき,521-0312,米原市上野,米原市上野９８３－１,９８３－１,58-1323,堀江 寛,H02/08/11,旅館・ホテル,旅館,,長浜,5627924.pdf
旅館業,ホテル あずさ,521-0211,米原市梓河内,米原市梓河内１０７６－１他,１０７６－１他,0749-57-1155,有限会社あずさ,S60/02/01,旅館・ホテル,旅館,,長浜,5627924.pdf
旅館業,ホテル ナインハーフ,526-0047,長浜市下坂浜町,長浜市下坂浜町２４８－１２,２４８－１２,64-0820,有限会社ホテル鴨,S61/04/17,旅館・ホテル,旅館,,長浜,5627924.pdf
旅館業,隠宿凛,521-0013,米原市梅ケ原,米原市梅ケ原２８０－１,２８０－１,52-0178,有限会社ベルサイユ,H02/01/29,旅館・ホテル,旅館,,長浜,5627924.pdf
旅館業,ホテル マドンナ,521-0211,米原市梓河内,米原市梓河内１０３１－１,１０３１－１,0749-57-1162,有限会社ヤマツー,H10/04/23,旅館・ホテル,ホテル,,長浜,5627924.pdf
旅館業,ホテル ラ・ピラミッド,529-0205,長浜市高月町唐川,長浜市高月町唐川１１１０,１１１０,85-8888,新木産業株式会社,H13/04/13,簡易宿所,,,長浜,5627924.pdf
旅館業,ホテル リスボン,521-0031,米原市一色,米原市一色１－５,１－５,54-1111,有限会社駒グル－プ,H07/06/05,旅館・ホテル,旅館,,長浜,5627924.pdf
旅館業,ホテルルートイン長浜インター,526-0804,長浜市加納町,長浜市加納町８８４－１,８８４－１,0749-68-2030,ルートインジャパン株式会社,H19/11/19,旅館・ホテル,ホテル,,長浜,5627924.pdf
旅館業,ホテル 米原,521-0013,米原市梅ケ原,米原市梅ケ原１４１８－１,１４１８－１,52-0655,渡辺 建一,S42/10/23,旅館・ホテル,旅館,,長浜,5627924.pdf
旅館業,ホテルステーション,526-0058,長浜市南呉服町,長浜市南呉服町３２２,３２２,,城弟 真治,S55/02/21,簡易宿所,,,長浜,5627924.pdf
旅館業,ホテルレストランスター,521-0202,米原市柏原,米原市柏原,,57-0711,中村 徳相,H04/06/09,簡易宿所,,,長浜,5627924.pdf
旅館業,ホテル余呉高原リゾート,529-0531,長浜市余呉町中河内,長浜市余呉町中河内３７３,３７３,0749-86-3301,株式会社マルア興産,H02/12/28,旅館・ホテル,ホテル,,長浜,5627924.pdf
旅館業,まさご旅館,529-0706,長浜市西浅井町余,長浜市西浅井町余２３７－２,２３７－２,0749-88-0855,橋本 幸子,S50/05/07,旅館・ホテル,旅館,,長浜,5627924.pdf
旅館業,みかどや,521-0312,米原市上野,米原市上野１０９７,１０９７,0749-58-0203,堀江 五十鈴,H10/11/16,旅館・ホテル,旅館,,長浜,5627924.pdf
旅館業,みことや,521-0312,米原市上野,米原市上野６８３,６８３,58-0274,小川 善孝,S59/06/06,簡易宿所,,,長浜,5627924.pdf
旅館業,よしや,529-0726,長浜市西浅井町菅浦,長浜市西浅井町菅浦１７０,１７０,0749-89-1177,中嶋 憲治,S51/01/06,旅館・ホテル,旅館,,長浜,5627924.pdf
旅館業,ラダー,529-0721,長浜市西浅井町大浦,長浜市西浅井町大浦１８２４,１８２４,0749-89-8027,田中伸征,H11/04/28,簡易宿所,,,長浜,5627924.pdf
旅館業,リゾートホテル伊吹平,521-0322,米原市杉澤,米原市杉澤５１４－３,５１４－３,55-3131,杉野 大龍,S60/04/22,旅館・ホテル,ホテル,,長浜,5627924.pdf
旅館業,ロッジ 山,521-0312,米原市上野,米原市上野伊吹山１８５５－２３,伊吹山１８５５－２３,0749-58-1535,松井 強,H10/06/01,簡易宿所,,,長浜,5627924.pdf
旅館業,ロテル・デュ・ラク,529-0721,長浜市西浅井町大浦,長浜市西浅井町大浦２０６４,２０６４,89-1888,新木産業株式会社,H15/10/14,旅館・ホテル,ホテル,,長浜,5627924.pdf
旅館業,伊吹高原荘,521-0312,米原市上野,米原市上野１８５５,１８５５,58-0170,松居 文男,S56/11/17,旅館・ホテル,旅館,,長浜,5627924.pdf
旅館業,伊吹山ロッジ,521-0312,米原市上野,米原市上野伊吹山２合目,伊吹山２合目,58-0255,鹿取 まさ江,S45/12/21,旅館・ホテル,旅館,,長浜,5627924.pdf
旅館業,羽衣荘,529-0523,長浜市余呉町川並,長浜市余呉町川並１３４５,１３４５,0749-86-2192,桐畑 好春,S53/08/31,簡易宿所,,,長浜,5627924.pdf
旅館業,奥びわこ山荘,529-0437,長浜市木之本町飯浦,長浜市木之本町飯浦（その他）８７０－１,（その他）８７０－１,0749-82-3008,松吉 成樹,H02/06/22,旅館・ホテル,旅館,,長浜,5627924.pdf
旅館業,花屋旅館,521-0012,米原市米原,米原市米原５５５－２,５５５－２,52-0052,川口 保夫,S57/02/24,旅館・ホテル,旅館,,長浜,5627924.pdf
旅館業,割烹 佐吉,529-0726,長浜市西浅井町菅浦,長浜市西浅井町菅浦２３４,２３４,0749-89-1165,岩佐 達己,R05/06/22,簡易宿所,,,長浜,5627924.pdf
旅館業,丸彦,521-0312,米原市上野,米原市上野１１２３,１１２３,58-0375,堀江 敏,S64/01/01,旅館・ホテル,旅館,,長浜,5627924.pdf
旅館業,宮前館,521-0312,米原市上野,米原市上野８２７,８２７,0749-58-0208,瀧澤 良平,H10/05/12,旅館・ホテル,旅館,,長浜,5627924.pdf
旅館業,魚作楼,529-0141,長浜市五村,長浜市五村２４１,２４１,73-3031,有限会社魚作楼,S54/04/18,旅館・ホテル,旅館,,長浜,5627924.pdf
旅館業,玉乃屋,521-0012,米原市米原,米原市米原２３０,２３０,52-0036,遠山 初江,S53/02/17,旅館・ホテル,旅館,,長浜,5627924.pdf
旅館業,近江屋,521-0012,米原市米原,米原市米原６００,６００,0749-52-0027,小路 正則,S46/04/20,旅館・ホテル,旅館,,長浜,5627924.pdf
旅館業,近江屋旅館,526-0023,長浜市三ツ矢町,長浜市三ツ矢町１５－２１,１５－２１,0749-65-3252,髙倉 貞夫,H16/03/17,旅館・ホテル,旅館,,長浜,5627924.pdf
旅館業,三献の宿～木之本～,529-0411,長浜市木之本町古橋,長浜市木之本町古橋１０９４,１０９４,0749-82-6020,奥伊吹観光株式会社,H21/03/04,旅館・ホテル,旅館,,長浜,5627924.pdf
旅館業,高佐屋,526-0201,長浜市高山町,長浜市高山町３５２１,３５２１,0749-76-0037,高山 佐藤繁,S27/11/22,旅館・ホテル,旅館,,長浜,5627924.pdf
旅館業,三谷旅館,526-0059,長浜市元浜町,長浜市元浜町１９－１９,１９－１９,0749-62-0323,三谷 弘子,S40/01/26,旅館・ホテル,旅館,,長浜,5627924.pdf
旅館業,滋賀県立長浜ドーム宿泊研修館,526-0829,長浜市田村町,長浜市田村町１４１１－１,１４１１－１,64-2880,滋賀県,H04/10/06,簡易宿所,,,長浜,5627924.pdf
旅館業,小松屋,526-0203,長浜市野瀬町,長浜市野瀬町８９３－２,８９３－２,0749-76-0003,押谷 庄三,S64/01/01,旅館・ホテル,旅館,,長浜,5627924.pdf
旅館業,須賀谷温泉,526-0277,長浜市須賀谷町,長浜市須賀谷町５６,５６,0749-74-2235,有限会社須賀谷温泉,H16/10/22,旅館・ホテル,旅館,,長浜,5627924.pdf
旅館業,正木屋,529-0414,長浜市木之本町川合,長浜市木之本町川合,,0749-82-2631,小畔 新,S27/09/04,旅館・ホテル,旅館,,長浜,5627924.pdf
旅館業,清泉閣,529-0425,長浜市木之本町木之本,長浜市木之本町木之本１３２５,１３２５,0749-82-2233,横井 伸敏,S63/07/08,旅館・ホテル,旅館,,長浜,5627924.pdf
旅館業,想古亭 げんない,529-0431,長浜市木之本町大音,長浜市木之本町大音１５２９－１,１５２９－１,0749-82-4127,林 景介,S38/07/01,旅館・ホテル,旅館,,長浜,5627924.pdf
旅館業,草野旅館,529-0425,長浜市木之本町木之本,長浜市木之本町木之本１３３７,１３３７,0749-82-2240,有限会社草野旅館,H11/12/10,旅館・ホテル,旅館,,長浜,5627924.pdf
旅館業,大見いこいの広場,529-0415,長浜市木之本町大見,長浜市木之本町大見７２２,７２２,0749-82-2500,株式会社ふるさと夢公社きのもと,H08/04/24,旅館・ホテル,旅館,,長浜,5627924.pdf
旅館業,中部弘済サービス,521-0016,米原市下多良,米原市下多良米原駅構内,米原駅構内,,株式会社米原職員集会所,S64/01/01,旅館・ホテル,旅館,,長浜,5627924.pdf
旅館業,長治庵,529-0402,長浜市木之本町杉野,長浜市木之本町杉野２７０２,２７０２,84-0015,松本 學道,S64/01/01,旅館・ホテル,旅館,,長浜,5627924.pdf
旅館業,Ｇｒａｎｄ Ｍｅｒｃｕｒｅ Ｌａｋｅ Ｂｉｗａ Ｒｅｓ ｏｒｔ＆Ｓｐａ,526-0066,長浜市大島町,長浜市大島町３８,３８,0749-64-2000,シガ・ナガハマ２株式会社,S62/09/21,旅館・ホテル,ホテル,,長浜,5627924.pdf
旅館業,田中屋,529-0141,長浜市五村,長浜市五村３５５－３,３５５－３,73-2037,田中 米雄,S54/08/29,旅館・ホテル,旅館,,長浜,5627924.pdf
旅館業,日の出荘,521-0312,米原市上野,米原市上野伊吹山２合目,伊吹山２合目,,松居 良造,S48/12/22,旅館・ホテル,旅館,,長浜,5627924.pdf
旅館業,飯之浦硝友クラブ,529-0437,長浜市木之本町飯浦,長浜市木之本町飯浦６８０,６８０,0749-82-5183,日本電気硝子株式会社,S52/11/28,旅館・ホテル,旅館,,長浜,5627924.pdf
旅館業,福田屋,529-0425,長浜市木之本町木之本,長浜市木之本町木之本１５４８－１,１５４８－１,0749-82-2024,福田 和代,S36/04/18,旅館・ホテル,旅館,,長浜,5627924.pdf
旅館業,鮒熊楼,526-0054,長浜市大宮町,長浜市大宮町８－１,８－１,62-0159,田中 勇,S44/09/02,旅館・ホテル,旅館,,長浜,5627924.pdf
旅館業,文右衛門,529-0523,長浜市余呉町川並,長浜市余呉町川並２６１－１,２６１－１,0749-86-2495,桐畑 仁己,S50/12/01,旅館・ホテル,旅館,,長浜,5627924.pdf
旅館業,平四郎,529-0701,長浜市西浅井町塩津浜,長浜市西浅井町塩津浜１１５８,１１５８,0749-88-0041,佃 貞次郎,S46/12/17,簡易宿所,,,長浜,5627924.pdf
旅館業,平田旅館,526-0032,長浜市南高田町,長浜市南高田町２－３５,２－３５,62-0605,有限会社平田,S37/08/20,旅館・ホテル,旅館,,長浜,5627924.pdf
旅館業,北ビワコホテル グラツィエ,526-0067,長浜市港町,長浜市港町４－１７,４－１７,0749-62-7777,株式会社住文,H12/02/24,旅館・ホテル,ホテル,,長浜,5627924.pdf
旅館業,北国屋旅館,521-0314,米原市春照,米原市春照５００,５００,58-1130,有限会社北国屋,H09/03/05,旅館・ホテル,旅館,,長浜,5627924.pdf
旅館業,民宿 判次,529-0701,長浜市西浅井町塩津浜,長浜市西浅井町塩津浜８６２,８６２,0749-88-0416,吉田 敏子,S57/02/01,簡易宿所,,,長浜,5627924.pdf
旅館業,油常,529-0342,長浜市湖北高田町,長浜市湖北高田町４９３,４９３,78-0004,臼井 幸治,S36/12/06,旅館・ホテル,旅館,,長浜,5627924.pdf
旅館業,有限会社香露園,521-0033,米原市上丹生,米原市上丹生１５１５,１５１５,54-0304,有限会社香露園,S48/08/16,旅館・ホテル,旅館,,長浜,5627924.pdf
旅館業,有限会社宗谷亭,521-0033,米原市上丹生,米原市上丹生１４８７,１４８７,54-0156,有限会社宗谷亭,S37/06/13,旅館・ホテル,旅館,,長浜,5627924.pdf
旅館業,余呉の郷 せせらぎ荘,529-0531,長浜市余呉町中河内,長浜市余呉町中河内２７０－１,２７０－１,0749-86-3677,株式会社マルア興産,H14/03/13,旅館・ホテル,旅館,,長浜,5627924.pdf
旅館業,旅館紅鮎,529-0364,長浜市湖北町尾上,長浜市湖北町尾上３１２,３１２,79-0315,株式会社紅鮎,S63/09/16,旅館・ホテル,旅館,,長浜,5627924.pdf
旅館業,旅館なかにし,526-0037,長浜市高田町,長浜市高田町３－９,３－９,62-7321,中西 和子,S53/02/17,旅館・ホテル,旅館,,長浜,5627924.pdf
旅館業,森林文化交流センター,529-0515,長浜市余呉町中之郷,長浜市余呉町中之郷２９５,２９５,0749-86-4145,株式会社ロハス長浜,H21/03/18,簡易宿所,,,長浜,5627924.pdf
旅館業,ウッディパル余呉,529-0515,長浜市余呉町中之郷,長浜市余呉町中之郷２６０,２６０,0749-86-4145,株式会社ロハス長浜,H21/03/18,簡易宿所,,,長浜,5627924.pdf
旅館業,アートホテル長浜,526-0021,長浜市八幡中山町,長浜市八幡中山町２８－１,２８－１,0749-64-5500,株式会社エーヌ,H22/01/18,旅館・ホテル,ホテル,,長浜,5627924.pdf
旅館業,東横ＩＮＮ米原駅新幹線西口,521-0015,米原市米原西,米原市米原西８番,８番,0749-80-0045,株式会社パートナーズ２１,H27/03/21,旅館・ホテル,ホテル,,長浜,5627924.pdf
旅館業,荘三郎,521-0307,米原市大久保,米原市大久保６０２,６０２,0749-58-0091,前澤 庄次郎,H22/10/25,簡易宿所,,,長浜,5627924.pdf
旅館業,長次郎,521-0305,米原市上板並,米原市上板並１８３,１８３,0749-58-0389,伊賀並 功,H22/10/25,簡易宿所,,,長浜,5627924.pdf
旅館業,善兵衛新館,521-0303,米原市甲賀,米原市甲賀９２８,９２８,0749-59-0037,平山 美沙,H22/10/25,簡易宿所,,,長浜,5627924.pdf
旅館業,旅籠 白忠,526-0056,長浜市朝日町,長浜市朝日町１０－１１,１０－１１,0749-62-3061,有限会社成駒家,H23/06/08,簡易宿所,,,長浜,5627924.pdf
旅館業,二本松コテージ村,529-0721,長浜市西浅井町大浦,長浜市西浅井町大浦２１９１－１,２１９１－１,0749-89-1083,田 忠,H22/12/01,簡易宿所,,,長浜,5627924.pdf
旅館業,農家民宿 キスケ,529-0437,長浜市木之本町飯浦,長浜市木之本町飯浦５４７,５４７,0749-82-4985,内貴 純子,H23/06/30,簡易宿所,,,長浜,5627924.pdf
旅館業,ホテルＹｅｓ長浜駅前館 １番館,526-0058,長浜市南呉服町,長浜市南呉服町９－３０,９－３０,0749-65-8080,合資会社俵彦,H23/07/01,旅館・ホテル,ホテル,,長浜,5627924.pdf
旅館業,ホテルＹｅｓ長浜駅前館 ２番館,526-0058,長浜市南呉服町,長浜市南呉服町９ー２２,９ー２２,0749-65-8080,合資会社俵彦,H23/07/01,旅館・ホテル,ホテル,,長浜,5627924.pdf
旅館業,国際文化交流ハウス,526-0015,長浜市神照町,長浜市神照町５１９,５１９,0749-63-4400,長浜市,R05/05/18,旅館・ホテル,,,長浜,5627924.pdf
旅館業,四郎左,521-0307,米原市大久保,米原市大久保１０６２,１０６２,0749-58-1140,川瀬 四郎,H24/08/14,簡易宿所,,,長浜,5627924.pdf
旅館業,重郎平,521-0306,米原市下板並,米原市下板並５５０,５５０,0749-58-1420,草野 重平,H24/08/28,簡易宿所,,,長浜,5627924.pdf
旅館業,吉郎平,521-0306,米原市下板並,米原市下板並５４７,５４７,0749-58-0383,草野 美智子,H24/08/14,簡易宿所,,,長浜,5627924.pdf
旅館業,サコ,521-0303,米原市甲賀,米原市甲賀６２３,６２３,0749-59-0401,瀧本 俊信,H24/08/14,簡易宿所,,,長浜,5627924.pdf
旅館業,甚吉,521-0301,米原市甲津原,米原市甲津原５１７,５１７,0749-59-0205,川瀬 さだの,H24/08/14,簡易宿所,,,長浜,5627924.pdf
旅館業,千エ門,521-0305,米原市上板並,米原市上板並１００,１００,0749-58-1343,伊賀並 光廣,H24/08/15,簡易宿所,,,長浜,5627924.pdf
旅館業,グリーンホテルＹｅｓ長浜 みなと館,526-0067,長浜市港町,長浜市港町２－２８,２－２８,0749-63-2323,滋賀不動産株式会社,H25/05/29,旅館・ホテル,ホテル,,長浜,5627924.pdf
旅館業,まちやの宿いろは,526-0059,長浜市元浜町,長浜市元浜町１４－２２,１４－２２,0749-68-2910,株式会社新長浜計画,H25/12/27,旅館・ホテル,旅館,,長浜,5627924.pdf
旅館業,四季庵,529-0721,長浜市西浅井町大浦,長浜市西浅井町大浦１０２５－１,１０２５－１,0749-89-1083,田 忠,H26/07/28,簡易宿所,,,長浜,5627924.pdf
旅館業,高山キャンプ場（休養施設・バンガロー）,526-0201,長浜市高山町,長浜市高山町２３２４外,２３２４外,0749-76-0076,株式会社ロハス長浜,H27/04/01,簡易宿所,,,長浜,5627924.pdf
旅館業,浜湖月,526-0065,長浜市公園町,長浜市公園町４－２５,４－２５,0749-62-1111,株式会社浜湖月,H28/05/25,旅館・ホテル,旅館,,長浜,5627924.pdf
旅館業,あざい カルチャー＆スポーツビレッジ,526-0203,長浜市野瀬町,長浜市野瀬町７３０,７３０,0749-76-0014,株式会社日本水泳振興会,H28/10/17,簡易宿所,,,長浜,5627924.pdf
旅館業,伊吹山スロービレッジ 元氣堂,521-0308,米原市小泉,米原市小泉１,１,0749-52-8020,嶋野 賢一,H29/06/01,簡易宿所,,,長浜,5627924.pdf
旅館業,徳山,529-0523,長浜市余呉町川並,長浜市余呉町川並１４０８,１４０８,0749-86-4045,株式会社徳山,H29/05/17,簡易宿所,,,長浜,5627924.pdf
旅館業,農家民宿 尾﨑,526-0826,長浜市小一条町,長浜市小一条町２４３,２４３,0749-62-2988,尾﨑 清,H29/07/06,簡易宿所,,,長浜,5627924.pdf
旅館業,レジーナリゾートびわ湖長浜,526-0065,長浜市公園町,長浜市公園町４－２２,４－２２,0749-63-1011,東京建物リゾート株式会社,H30/05/08,旅館・ホテル,ホテル,,長浜,5627924.pdf
旅館業,Kishida House,529-0322,長浜市湖北町小今,長浜市湖北町小今１３５,１３５,0749-78-0879,岸田 まゆみ,H29/10/06,簡易宿所,,,長浜,5627924.pdf
旅館業,きひろ,529-0364,長浜市湖北町尾上,長浜市湖北町尾上３１３－１３,３１３－１３,0749-79-1117,株式会社きひろ,H29/11/27,旅館・ホテル,旅館,,長浜,5627924.pdf
旅館業,欅 HOUSE KAYOMO,529-0205,長浜市高月町唐川,長浜市高月町唐川５０６,５０６,0749-85-2386,宮﨑 和子,H29/11/27,簡易宿所,,,長浜,5627924.pdf
旅館業,ＧＵＥＳＴ ＨＯＵＳＥ 楽,521-0202,米原市柏原,米原市柏原２８６０,２８６０,0749-57-1055,島田 廣巳,H30/07/17,簡易宿所,,,長浜,5627924.pdf
旅館業,ゲストハウス 居醒庵,521-0035,米原市醒井,米原市醒井３７８,３７８,0749-53-3585,株式会社ゴムの木農園,R01/12/23,簡易宿所,,,長浜,5627924.pdf
旅館業,寝地蔵,529-0422,長浜市木之本町田部,長浜市木之本町田部５０４－５,５０４－５,0749-82-3582,宮川 一裕,H30/07/25,簡易宿所,,,長浜,5627924.pdf
旅館業,ゲストハウス ミエイ,529-0434,長浜市木之本町北布施,長浜市木之本町北布施１９３,１９３,,株式会社ＹＡＭＡＧＡＲＡ,H30/11/01,簡易宿所,,,長浜,5627924.pdf
旅館業,奥琵琶湖キャンプ場,529-0721,長浜市西浅井町大浦,長浜市西浅井町大浦１７９７－３,１７９７－３,0749-89-0121,有限会社奥琵琶湖キャンプ場,H30/09/27,簡易宿所,,,長浜,5627924.pdf
旅館業,ＴＨＥ ＮＡＧＡＨＡＭＡ ＨＯＴＥＬＳ 紗蔵,526-0056,長浜市朝日町,長浜市朝日町３５－２,３５－２,0749-65-2700,有限会社森野ビル,H31/01/28,旅館・ホテル,,,長浜,5627924.pdf
旅館業,メグルヤ,521-0202,米原市柏原,米原市柏原２２０１－３,２２０１－３,,山内 貴浩,R01/10/17,簡易宿所,,,長浜,5627924.pdf
旅館業,片原楽家,526-0059,長浜市元浜町,長浜市元浜町１１－４,１１－４,0749-57-6170,株式会社ＫＯＭＩＮＫＡ企画,R02/12/25,簡易宿所,,,長浜,5627924.pdf
旅館業,キャンピングトレーラー,521-0093,米原市寺倉,米原市寺倉３６０－１ ガレージ内,３６０－１ ガレージ内,,岡田 真悟,R01/12/10,簡易宿所,,,長浜,5627924.pdf
旅館業,奥伊吹アグリコテージ,521-0301,米原市甲津原,米原市甲津原１７０,１７０,0749-59-0322,奥伊吹観光株式会社,R02/04/09,簡易宿所,,,長浜,5627924.pdf
旅館業,そよも,521-0301,米原市甲津原,米原市甲津原４５７,４５７,0749-62-1561,一般社団法人古民家再生協会滋賀,R02/05/13,簡易宿所,,,長浜,5627924.pdf
旅館業,ホテル ナレッジイン,521-0015,米原市米原西,米原市米原西２３,２３,0749-52-3769,ＮＳＫビル管理株式会社,R02/08/21,旅館・ホテル,,,長浜,5627924.pdf
旅館業,竹生優庵,526-0123,長浜市下八木町,長浜市下八木町３７６,３７６,0749-72-4550,株式会社ＫＯＭＩＮＫＡ企画,R03/02/19,簡易宿所,,,長浜,5627924.pdf
旅館業,曲谷の古民家 結,521-0302,米原市曲谷,米原市曲谷１３２,１３２,0749-57-0101,山室木材工業株式会社,R02/11/18,簡易宿所,,,長浜,5627924.pdf
旅館業,住吉屋旅館,529-0241,長浜市高月町高月,長浜市高月町高月２５,２５,0749-85-2038,有限会社住吉屋,R02/10/07,旅館・ホテル,,,長浜,5627924.pdf
旅館業,舟倉,529-0364,長浜市湖北町尾上,長浜市湖北町尾上３１３－７,３１３－７,0749-79-1008,松田 悠樹,R02/10/21,旅館・ホテル,,,長浜,5627924.pdf
旅館業,ＲＥＳＯＲＴ×ＳＰＡ ＦｕｔｕｒｅＲＥＳＯＲＴ,526-0824,長浜市名越町,長浜市名越町１０１６－４,１０１６－４,0749-68-1000,株式会社フューチャーリゾート,R03/05/18,旅館・ホテル,,,長浜,5627924.pdf
旅館業,Ｙｏｇｏ Ｒｅｓｔ Ｖｉｌｌａ′ｓ,529-0521,長浜市余呉町下余呉,長浜市余呉町下余呉１９０３,１９０３,0749-79-1058,ＡＲＡＩ ＩＲＩＮＡ,R03/06/14,簡易宿所,,,長浜,5627924.pdf
旅館業,ＲＥＳＯＲＴ×ＳＰＡ ＦｕｔｕｒｅＲＥＳＯＲＴ ＤＯＭ Ｅ,526-0824,長浜市名越町,長浜市名越町１０１６－４,１０１６－４,0749-68-0888,株式会社フューチャーリゾート,R03/05/18,簡易宿所,,,長浜,5627924.pdf
旅館業,上平寺御城下うむ,521-0327,米原市上平寺,米原市上平寺２１２,２１２,0749-56-0220,株式会社ＵＭＵ,R03/08/28,簡易宿所,,,長浜,5627924.pdf
旅館業,鮎はうす,529-0414,長浜市木之本町川合,長浜市木之本町川合３８９－１,３８９－１,,株式会社山口建築,R04/04/28,簡易宿所,,,長浜,5627924.pdf
旅館業,一棟貸し古民家ＴＡＲＯＪＩＲＯ,529-0512,長浜市余呉町上丹生,長浜市余呉町上丹生２５６３,２５６３,,一般社団法人古民家再生協会滋賀,R03/09/30,簡易宿所,,,長浜,5627924.pdf
旅館業,旅館うをよし,529-0364,長浜市湖北町尾上,長浜市湖北町尾上２８７－１,２８７－１,0749-79-0006,松田 勇一,R03/09/24,旅館・ホテル,,,長浜,5627924.pdf
旅館業,ＡＳＯＶＩＶＡはなれ,526-0203,長浜市野瀬町,長浜市野瀬町６１５,６１５,,株式会社ヒトノエ,R04/03/22,簡易宿所,,,長浜,5627924.pdf
旅館業,ワーケーション拠点 上丹生山根邸本館,529-0512,長浜市余呉町上丹生,長浜市余呉町上丹生２４３９,２４３９,,中西興産株式会社,R04/04/19,簡易宿所,,,長浜,5627924.pdf
旅館業,長浜ＢＧホテル,526-0846,長浜市川崎町,長浜市川崎町３００,３００,0749-62-6789,株式会社エーヌ,R04/02/22,旅館・ホテル,,,長浜,5627924.pdf
旅館業,鴨池荘・フォレストヴィラ・ＧＥ通年施設,521-0221,米原市池下,米原市池下６０－１,６０－１,0749--55-3755,奥伊吹観光株式会社,R04/03/24,旅館・ホテル,,,長浜,5627924.pdf
旅館業,近江母の郷文化センター,521-0062,米原市宇賀野,米原市宇賀野１３６４－１,１３６４－１,0749-52-5177,奥伊吹観光株式会社,R04/03/24,簡易宿所,,,長浜,5627924.pdf
旅館業,滋賀県立 びわ湖こどもの国,520-1232,高島市安曇川町北船木,高島市安曇川町北船木地先,地先,34-1392,滋賀県,H04/05/26,簡易宿所,,,高島,5627924.pdf
旅館業,松前屋,520-1233,高島市安曇川町南船木,高島市安曇川町南船木１１３,１１３,34-0010,山本 京子,S38/03/28,旅館・ホテル,旅館,,高島,5627924.pdf
旅館業,森の交流館,520-1601,高島市今津町深清水,高島市今津町深清水赤坂川原谷２４０５－１ビラデ スト今津内,赤坂川原谷２４０５－１ビラデ スト今津内,22-6868,公益財団法人ひばり,H07/04/01,旅館・ホテル,旅館,,高島,5627924.pdf
旅館業,針江生水の郷 体験処,520-1502,高島市新旭町針江,高島市新旭町針江３６９,３６９,,美濃部 武彦,H19/09/05,簡易宿所,,,高島,5627924.pdf
旅館業,吹田市立少年自然の家,520-1641,高島市今津町南生見,高島市今津町南生見丹切,丹切,24-0131,吹田市長,S55/04/07,簡易宿所,,,高島,5627924.pdf
旅館業,青少年研修センター,520-1604,高島市今津町浜分,高島市今津町浜分４６４－３８ ，４６４－４１,４６４－３８ ，４６４－４１,22-5797,明石 正次,H03/08/12,簡易宿所,,,高島,5627924.pdf
旅館業,川上楼,520-1655,高島市今津町日置前,高島市今津町日置前３２３－１,３２３－１,22-2228,堀田 はる,S38/01/10,旅館・ホテル,旅館,,高島,5627924.pdf
旅館業,大阪市立びわ湖青少年の家,520-1121,高島市勝野,高島市勝野１５２３－１,１５２３－１,36-1108,大阪市長,S62/05/07,簡易宿所,,,高島,5627924.pdf
旅館業,丁子屋,520-1621,高島市今津町今津,高島市今津町今津５６,５６,22-2040,小原 勝利,S55/06/19,旅館・ホテル,旅館,,高島,5627924.pdf
旅館業,長浜屋,520-1121,高島市勝野,高島市勝野１６３２,１６３２,36-0217,納本 よし子,H09/01/09,旅館・ホテル,旅館,,高島,5627924.pdf
旅館業,鳥居楼,520-1522,高島市新旭町新庄,高島市新旭町新庄４８２,４８２,25-3377,有限会社鳥居楼,S43/08/29,旅館・ホテル,旅館,,高島,5627924.pdf
旅館業,椿聚舎,520-1837,高島市マキノ町白谷,高島市マキノ町白谷５－１０７,５－１０７,0740-27-2628,奥山 勝,H17/06/17,簡易宿所,,,高島,5627924.pdf
旅館業,白ひげビーチ,520-1122,高島市鵜川,高島市鵜川１０９１,１０９１,0740-36-1248,有限会社藤丸,R02/04/20,簡易宿所,,,高島,5627924.pdf
旅館業,白谷荘兵庫,520-1837,高島市マキノ町白谷,高島市マキノ町白谷３４３,３４３,27-0164,川島 光男,S41/08/08,簡易宿所,,,高島,5627924.pdf
旅館業,白浜荘,520-1223,高島市安曇川町下小川,高島市安曇川町下小川２３００－１,２３００－１,0740-32-0451,有限会社白浜荘,H14/03/29,旅館・ホテル,旅館,,高島,5627924.pdf
旅館業,琵琶湖研修センター アップル,520-1603,高島市今津町北仰,高島市今津町北仰横清水２－１０ ，１１６－１ ２３,横清水２－１０ ，１１６－１ ２３,22-5800,株式会社 ピクシ－,H03/07/17,旅館・ホテル,旅館,,高島,5627924.pdf
旅館業,福寿,520-1621,高島市今津町今津,高島市今津町今津８５,８５,22-2068,有限会社福寿,S33/04/11,旅館・ホテル,旅館,,高島,5627924.pdf
旅館業,宝船温泉,520-1223,高島市安曇川町下小川,高島市安曇川町下小川２２４８－２,２２４８－２,32-1293,有限会社宝船温泉,S40/06/21,旅館・ホテル,旅館,,高島,5627924.pdf
旅館業,美加久,520-1836,高島市マキノ町牧野,高島市マキノ町牧野２２９,２２９,0740-27-0654,青谷 実,R03/06/28,簡易宿所,,,高島,5627924.pdf
旅館業,民宿 白鳥,520-1836,高島市マキノ町牧野,高島市マキノ町牧野１９１－１,１９１－１,0740-27-0653,青谷 喜代司,S60/11/16,旅館・ホテル,旅館,,高島,5627924.pdf
旅館業,民宿 白鳥,520-1836,高島市マキノ町牧野,高島市マキノ町牧野１９１－１,１９１－１,0740-27-0653,青谷 喜代司,H08/07/05,簡易宿所,,,高島,5627924.pdf
旅館業,民宿はる,520-1655,高島市今津町日置前,高島市今津町日置前２８８１－２、２８８１－３、 ２８８２－１,２８８１－２、２８８１－３、 ２８８２－１,0740-22-0691,山室 美樹,H17/03/17,簡易宿所,,,高島,5627924.pdf
旅館業,有限会社プリンスコート保養所,520-1811,高島市マキノ町海津,高島市マキノ町海津２３２３,２３２３,,有限会社プリンスコ－ト,S63/08/01,簡易宿所,,,高島,5627924.pdf
旅館業,旅館 安兵衛,520-1604,高島市今津町浜分,高島市今津町浜分里の内２０２,里の内２０２,,安田 昌雄,S54/05/18,旅館・ホテル,旅館,,高島,5627924.pdf
旅館業,旅館 喜 楽,520-1813,高島市マキノ町高木浜 一丁目,高島市マキノ町高木浜 一丁目９,９,28-1205,近藤 喜造,S63/12/28,旅館・ホテル,旅館,,高島,5627924.pdf
旅館業,旅館 吉平,520-1814,高島市マキノ町知内,高島市マキノ町知内２０１７－２,２０１７－２,0740-27-0823,野﨑 和吉,H19/12/14,旅館・ホテル,旅館,,高島,5627924.pdf
旅館業,緑風荘,520-1837,高島市マキノ町白谷,高島市マキノ町白谷４３５－２,４３５－２,,加藤善久,H16/08/17,旅館・ホテル,旅館,,高島,5627924.pdf
旅館業,農林家民宿 松葉,520-1432,高島市朽木平良,高島市朽木平良３５９,３５９,0740-38-5136,松原 勲,H21/04/23,簡易宿所,,,高島,5627924.pdf
旅館業,農家民宿 棚田のはやし,520-1144,高島市畑,高島市畑８３０,８３０,0740-37-0092,林 又文,H22/03/15,簡易宿所,,,高島,5627924.pdf
旅館業,体験型農家民宿「こへじ」,520-1144,高島市畑,高島市畑９４１,９４１,0740-37-0006,澤井利勝,H22/09/15,簡易宿所,,,高島,5627924.pdf
旅館業,体験型農家民宿「大黒屋」,520-1144,高島市畑,高島市畑６１５,６１５,0740-37-0761,林 茂,H22/09/15,簡易宿所,,,高島,5627924.pdf
旅館業,体験型農家民宿「じんない」,520-1144,高島市畑,高島市畑５９６,５９６,0740-37-0781,林典男,H22/09/15,簡易宿所,,,高島,5627924.pdf
旅館業,じゅうべえ,520-1433,高島市朽木桑原,高島市朽木桑原５８０,５８０,0740-38-5124,西澤 明,H23/04/28,簡易宿所,,,高島,5627924.pdf
旅館業,コテージ うみがめ,520-1836,高島市マキノ町牧野,高島市マキノ町牧野578-47,578-47,,後藤 照恵,H24/06/06,簡易宿所,,,高島,5627924.pdf
旅館業,ちゃみの森,520-1444,高島市朽木中牧,高島市朽木中牧９１,９１,0740-38-5414,小森 可美,H25/03/26,簡易宿所,,,高島,5627924.pdf
旅館業,ペンション琵琶湖,520-1837,高島市マキノ町白谷,高島市マキノ町白谷420-8,420-8,,加藤 善久,H25/05/17,旅館・ホテル,旅館,,高島,5627924.pdf
旅館業,山帰来,520-1444,高島市朽木中牧,高島市朽木中牧528,528,0740-38-5727,梅本 健一,H25/09/24,簡易宿所,,,高島,5627924.pdf
旅館業,びわ湖青少年の家,520-1121,高島市勝野,高島市勝野１５２３－１,１５２３－１,0740-36-1108,株式会社 linkworks,H26/05/30,旅館・ホテル,ホテル,,高島,5627924.pdf
旅館業,フォレストヴィラ夢寿々,520-1836,高島市マキノ町牧野,高島市マキノ町牧野554-6,554-6,0740-27-2030,五島 直之,H26/07/16,旅館・ホテル,旅館,,高島,5627924.pdf
旅館業,Ｒａｃｉｎｅ ｈｏｍｅ針江,520-1502,高島市新旭町針江,高島市新旭町針江235,235,0740-20-6570,株式会社エムアンドアール,H27/07/29,簡易宿所,,,高島,5627924.pdf
旅館業,Racine home 針江 別館,520-1502,高島市新旭町針江,高島市新旭町針江235,235,0740-20-6570,株式会社エムアンドアール,H28/03/08,簡易宿所,,,高島,5627924.pdf
旅館業,かばたリゾート,520-1531,高島市新旭町饗庭,"高島市新旭町饗庭1657,1664,1665","1657,1664,1665",0740-33-7701,かばたリゾート株式会社,H29/02/09,簡易宿所,,,高島,5627924.pdf
旅館業,二葉屋,520-1836,高島市マキノ町牧野,高島市マキノ町牧野280,280,0740-27-0574,青谷寿夫,H28/12/02,簡易宿所,,,高島,5627924.pdf
旅館業,志我の里,520-1654,高島市今津町梅原,高島市今津町梅原1205-7,1205-7,,池田 卓矢,H29/03/24,簡易宿所,,,高島,5627924.pdf
旅館業,はるやゲストハウス,520-1443,高島市朽木小入谷,高島市朽木小入谷247,247,0740-38-5755,藤村 治文,H29/05/18,簡易宿所,,,高島,5627924.pdf
旅館業,山里暮らし交房 風結い,520-1204,高島市安曇川町中野,高島市安曇川町中野７９５－３,７９５－３,0740-28-7466,株式会社山笑う,H30/06/21,簡易宿所,,,高島,5627924.pdf
旅館業,ＳＴＡＧＥＸ 高島,520-1511,高島市新旭町藁園,高島市新旭町藁園３５４－３他,３５４－３他,0740-25-8212,光亜興産株式会社,H30/07/23,簡易宿所,,,高島,5627924.pdf
旅館業,琵琶湖拾人荘,520-1111,高島市鴨,高島市鴨２３７９－１８,２３７９－１８,,高野 四郎,H30/06/04,簡易宿所,,,高島,5627924.pdf
旅館業,ペンション メタセコイア,520-1834,高島市マキノ町寺久保,高島市マキノ町寺久保６９９－１,６９９－１,,小川 太賀司,H30/05/07,簡易宿所,,,高島,5627924.pdf
旅館業,マキノステイズ ＶｉＷａびわ,520-1814,高島市マキノ町知内,高島市マキノ町知内２０２７－１,２０２７－１,,有限会社ほんだ建築,H31/03/25,簡易宿所,,,高島,5627924.pdf
旅館業,棚田ハウス,520-1144,高島市畑,高島市畑４８７－１,４８７－１,,橋本 昌子,H30/06/11,簡易宿所,,,高島,5627924.pdf
旅館業,ペンション シープ,520-1602,高島市今津町桂,高島市今津町桂７１８－７,７１８－７,0740-22-5505,濱田 才知子,R02/07/02,簡易宿所,,,高島,5627924.pdf
旅館業,ちょい宿あだち,520-1836,高島市マキノ町牧野,高島市マキノ町牧野２９４,２９４,,足立 幹彦,H30/07/17,簡易宿所,,,高島,5627924.pdf
旅館業,ＬＡＫＥ ＢＩＷＡ ＴＯＤＡ,520-1112,高島市永田,高島市永田８－３１,８－３１,,戸田 隆,H30/09/25,簡易宿所,,,高島,5627924.pdf
旅館業,ペンション メタセコイア 別館,520-1834,高島市マキノ町寺久保,高島市マキノ町寺久保６９９－１,６９９－１,0740-20-1473,小川 太賀司,H30/10/01,簡易宿所,,,高島,5627924.pdf
旅館業,コテージ Ｒｉｃｈ,520-1813,高島市マキノ町高木浜 二丁目,高島市マキノ町高木浜 二丁目５－１,５－１,,株式会社ＣＬＩＮＩＣＡＬ ＲＥＳＥＡＲＣ Ｈ ＯＦＦＩＣＥ,H30/11/19,簡易宿所,,,高島,5627924.pdf
旅館業,Ｌａｕｇｈｉｎｇ ｄｏｇ’ｓ ｖｉｌｌａ,520-1655,高島市今津町日置前,高島市今津町日置前３８３－２７８,３８３－２７８,,石井 千秋,H30/12/18,簡易宿所,,,高島,5627924.pdf
旅館業,たらいち邸,520-1831,高島市マキノ町上開田,高島市マキノ町上開田１４５－１,１４５－１,,河野 至宏,H30/10/29,簡易宿所,,,高島,5627924.pdf
旅館業,針江ハウス,520-1502,高島市新旭町針江,高島市新旭町針江１－２０,１－２０,,株式会社モアイ,H31/03/08,簡易宿所,,,高島,5627924.pdf
旅館業,一颯,520-1651,高島市今津町酒波,高島市今津町酒波３６３－２９,３６３－２９,,渡辺 洋介,H31/03/08,簡易宿所,,,高島,5627924.pdf
旅館業,ルポゼマキノ,520-1822,高島市マキノ町新保,高島市マキノ町新保２６－１、２６－８、２８－１,２６－１、２６－８、２８－１,0740-27-2788,ＫＩＫ管理株式会社,R01/06/14,旅館・ホテル,,,高島,5627924.pdf
旅館業,ゲストハウス高島 in ベリーハイランド,520-1101,高島市武曽横山,高島市武曽横山１－４,１－４,0740-37-0157,古市 万理,H31/04/05,簡易宿所,,,高島,5627924.pdf
旅館業,ログハウスコテージ ひなた,520-1835,高島市マキノ町石庭,高島市マキノ町石庭１６－２８,１６－２８,0740-27-2170,泉澤 陽,H31/04/16,簡易宿所,,,高島,5627924.pdf
旅館業,かばたリゾート株式会社 別館,520-1531,高島市新旭町饗庭,高島市新旭町饗庭４２６８－１５,４２６８－１５,,かばたリゾート株式会社,R01/06/04,簡易宿所,,,高島,5627924.pdf
旅館業,マキノ白谷温泉 八王子荘,520-1837,高島市マキノ町白谷,高島市マキノ町白谷３７０－１,３７０－１,0740-27-0085,株式会社Ｂ.Ｔ.Ｉ.,R01/06/11,旅館・ホテル,,,高島,5627924.pdf
旅館業,高島陣屋,520-1121,高島市勝野,高島市勝野１３３０,１３３０,,株式会社貴舩,R01/06/24,簡易宿所,,,高島,5627924.pdf
旅館業,スターフォレスト マキノ グランピング ヴィラ,520-1835,高島市マキノ町石庭,高島市マキノ町石庭２６５,２６５,,アメリカンホームシステムズジャパン株式 会社,R06/04/25,簡易宿所,,,高島,5627924.pdf
旅館業,奥琵琶湖 四季亭,520-1811,高島市マキノ町海津,高島市マキノ町海津４４８－１,４４８－１,,西島 伸治,R02/02/20,簡易宿所,,,高島,5627924.pdf
旅館業,民宿 やまそ,520-1655,高島市今津町日置前,高島市今津町日置前３６９４,３６９４,0740-22-0505,古谷 宗昭,R01/12/24,簡易宿所,,,高島,5627924.pdf
旅館業,民宿 まる秀,520-1655,高島市今津町日置前,高島市今津町日置前２８７３－１,２８７３－１,0740-22-0593,古谷 秀和,R01/12/24,簡易宿所,,,高島,5627924.pdf
旅館業,民宿 ぜんよも,520-1655,高島市今津町日置前,高島市今津町日置前３２５６,３２５６,0740-22-0510,古谷 善弘,R01/12/27,簡易宿所,,,高島,5627924.pdf
旅館業,よしなが,520-1655,高島市今津町日置前,高島市今津町日置前３２４７,３２４７,0740-22-0509,谷本 武延,R01/12/27,簡易宿所,,,高島,5627924.pdf
旅館業,民宿 とりい,520-1655,高島市今津町日置前,高島市今津町日置前３６５０,３６５０,0740-22-0436,鳥居 義治,R01/12/27,簡易宿所,,,高島,5627924.pdf
旅館業,民宿 まるさん,520-1655,高島市今津町日置前,高島市今津町日置前２８８７－２,２８８７－２,0740-22-0430,古谷 真紀子,R01/12/27,簡易宿所,,,高島,5627924.pdf
旅館業,福田屋,520-1621,高島市今津町今津,高島市今津町今津７６,７６,0740-22-0029,株式会社ナル・デベロップメンツ,R02/04/07,簡易宿所,,,高島,5627924.pdf
旅館業,星降港,520-1217,高島市安曇川町田中,高島市安曇川町田中４１０１－５７,４１０１－５７,,熊谷 もも,R02/02/20,簡易宿所,,,高島,5627924.pdf
旅館業,Ｌａｋｅ ｓｉｄｅ Ｈｏｕｓｅ Ｔａｋａｓｈｉｍａ,520-1602,高島市今津町桂,高島市今津町桂７１２－３３,７１２－３３,,株式会社ニニギ,R02/03/06,簡易宿所,,,高島,5627924.pdf
旅館業,宿り森,520-1502,高島市新旭町針江,高島市新旭町針江３６９,３６９,0740-20-5067,石津 大輔,R02/04/16,簡易宿所,,,高島,5627924.pdf
旅館業,平井バンガロー,520-1401,高島市朽木市場,高島市朽木市場７４０,７４０,,平井 正実,R02/04/06,簡易宿所,,,高島,5627924.pdf
旅館業,ドッグラングランピング 滋賀高島,520-1223,高島市安曇川町下小川,高島市安曇川町下小川２２４８－８の一部 他,２２４８－８の一部 他,,株式会社にしがき,R02/07/09,簡易宿所,,,高島,5627924.pdf
旅館業,ＳＰＡＣＥ まある,520-1131,高島市音羽,高島市音羽１２６３,１２６３,0740-36-1236,真栄田 栄子,R02/05/21,簡易宿所,,,高島,5627924.pdf
旅館業,奥琵琶湖マキノパークホテル＆セミナーハウス,520-1813,高島市マキノ町高木浜 二丁目,高島市マキノ町高木浜 二丁目1-5,1-5,0740-28-1231,株式会社マックアース,H23/11/02,簡易宿所,,,高島,5627924.pdf
旅館業,ＣＯＣＣＯ 小入谷,520-1443,高島市朽木小入谷,高島市朽木小入谷２８３,２８３,,山本 賢司,R03/05/17,簡易宿所,,,高島,5627924.pdf
旅館業,朽木ゴルフ倶楽部,520-1414,高島市朽木宮前坊,高島市朽木宮前坊１－２,１－２,0740-38-2201,株式会社オーレ,R02/06/02,旅館・ホテル,,,高島,5627924.pdf
旅館業,ログハウスコテージ ひなた アネックス,520-1834,高島市マキノ町寺久保,高島市マキノ町寺久保７１５－９,７１５－９,,泉澤 陽,R02/06/26,簡易宿所,,,高島,5627924.pdf
旅館業,体験民宿 四季の森,520-1837,高島市マキノ町白谷,高島市マキノ町白谷３４４,３４４,0740-27-1385,谷口 良一,R02/06/30,簡易宿所,,,高島,5627924.pdf
旅館業,森と丘のお宿 Toju高島,520-1204,高島市安曇川町中野,高島市安曇川町中野１２４４－２７１,１２４４－２７１,,株式会社ニニギ,R02/07/13,簡易宿所,,,高島,5627924.pdf
旅館業,近江堂,520-1531,高島市新旭町饗庭,高島市新旭町饗庭４１７３,４１７３,,吉澤 完,R02/10/22,簡易宿所,,,高島,5627924.pdf
旅館業,びわ湖レイクサイドビラ ２-１-２１号棟,520-1502,高島市新旭町針江,高島市新旭町針江５－３９０,５－３９０,,シニアメンバーズライフ株式会社,R02/07/20,簡易宿所,,,高島,5627924.pdf
旅館業,びわ湖レイクサイドビラ ３-Ｇ-１Ｂ号棟,520-1502,高島市新旭町針江,高島市新旭町針江４－９７,４－９７,,シニアメンバーズライフ株式会社,R02/07/20,簡易宿所,,,高島,5627924.pdf
旅館業,木洩れ日の家,520-1836,高島市マキノ町牧野,高島市マキノ町牧野５７４－１３,５７４－１３,,渡辺 洋介,R02/09/28,簡易宿所,,,高島,5627924.pdf
旅館業,まつなみ荘別館,520-1813,高島市マキノ町高木浜 二丁目,高島市マキノ町高木浜 二丁目６－６,６－６,0740-28-0098,有限会社まつなみ荘,H10/12/22,旅館・ホテル,,,高島,5627924.pdf
旅館業,Ａ ｈｏｕｓｅ,520-1655,高島市今津町日置前,高島市今津町日置前２０２２－２,２０２２－２,,浅野 健治,R02/11/19,簡易宿所,,,高島,5627924.pdf
旅館業,Ｔａｋａｓｈｉｍａ Ｌａｋｅｓｉｄｅ Ｒｅｓｏｒｔ,520-1603,高島市今津町北仰,高島市今津町北仰２１１－１０,２１１－１０,0740-20-5350,株式会社みらいファクトリー,R02/12/04,簡易宿所,,,高島,5627924.pdf
旅館業,四季別荘 Ｍｅｉｂｉ箱館山,520-1655,高島市今津町日置前,高島市今津町日置前４３８８,４３８８,,株式会社ニニギ,R03/01/12,簡易宿所,,,高島,5627924.pdf
旅館業,喜久屋,520-1836,高島市マキノ町牧野,高島市マキノ町牧野２９１－１,２９１－１,0740-27-0010,青谷 恵子,R02/12/18,簡易宿所,,,高島,5627924.pdf
旅館業,まつや,520-1836,高島市マキノ町牧野,高島市マキノ町牧野２７１,２７１,0740-27-0283,青谷 文一,R02/12/18,簡易宿所,,,高島,5627924.pdf
旅館業,まつや,520-1836,高島市マキノ町牧野,高島市マキノ町牧野２７２－２,２７２－２,0740-27-0283,青谷 文一,R02/12/18,旅館・ホテル,,,高島,5627924.pdf
旅館業,民宿 一休 山の家,520-1836,高島市マキノ町牧野,高島市マキノ町牧野９３１－３,９３１－３,0740-27-0136,青谷 清門,R02/12/23,簡易宿所,,,高島,5627924.pdf
旅館業,臨湖荘,520-1121,高島市勝野,高島市勝野１－２０４,１－２０４,,王 貴勤,R03/01/27,簡易宿所,,,高島,5627924.pdf
旅館業,マキノステイズ ＶｉＷａ ログ,520-1824,高島市マキノ町大沼,高島市マキノ町大沼８８２－１０,８８２－１０,0740-20-5637,青山 裕次,R02/02/05,簡易宿所,,,高島,5627924.pdf
旅館業,アメリカンビレッジ ひなた,520-1836,高島市マキノ町牧野,高島市マキノ町牧野６１０－８,６１０－８,0740-27-2170,泉澤 陽,R03/03/11,簡易宿所,,,高島,5627924.pdf
旅館業,奥琵琶湖 マーベラスグリーン,520-1812,高島市マキノ町西浜,高島市マキノ町西浜７６３－２,７６３－２,0740-28-1111,株式会社Ｌｅａｄｉｎｇ Ａｓｓｅｔ Ｍ ａｎａｇｅｍｅｎｔ,R04/04/26,簡易宿所,,,高島,5627924.pdf
旅館業,グランドーム滋賀高島,520-1112,高島市永田,高島市永田４－１９の一部,４－１９の一部,,日本大同投資株式会社,R03/04/30,簡易宿所,,,高島,5627924.pdf
旅館業,のすたる路,520-1503,高島市新旭町深溝,高島市新旭町深溝１１０１－１,１１０１－１,,松村 友徳,R03/06/28,簡易宿所,,,高島,5627924.pdf
旅館業,ＳＡＧＡＲＡドッググランピング琵琶湖,520-1512,高島市新旭町太田,高島市新旭町太田２６７１－１１,２６７１－１１,,相良 岳,R03/12/27,簡易宿所,,,高島,5627924.pdf
旅館業,ここ,520-1655,高島市今津町日置前,高島市今津町日置前３５３３－１,３５３３－１,,渡辺 洋介,R03/09/22,簡易宿所,,,高島,5627924.pdf
旅館業,くるみ,520-1655,高島市今津町日置前,高島市今津町日置前３５３３－４,３５３３－４,,渡辺 洋介,R03/09/22,簡易宿所,,,高島,5627924.pdf
旅館業,ＧＬＡＭＰＩＮＧ ＶＩＬＬＡＧＥ 滋賀今津浜,520-1604,高島市今津町浜分,高島市今津町浜分１３５－１ 他,１３５－１ 他,,株式会社ＬＵＣＫＥＬ,R03/10/06,簡易宿所,,,高島,5627924.pdf
旅館業,ＦＩＬＥＲ ＶＩＬＬＡ メタセコイア,520-1821,高島市マキノ町沢,高島市マキノ町沢２０１７－５,２０１７－５,,築山 眸,R03/10/11,簡易宿所,,,高島,5627924.pdf
旅館業,Ｇｙｐｓｙ 高島,520-1121,高島市勝野,高島市勝野７５０,７５０,,初田 勝彦,R03/10/20,簡易宿所,,,高島,5627924.pdf
旅館業,雪の華山荘,520-1654,高島市今津町梅原,高島市今津町梅原１２８０－２９,１２８０－２９,0740-22-1235,南 真理,R03/11/09,簡易宿所,,,高島,5627924.pdf
旅館業,ＨＩＤＥＯＵＴ,520-1132,高島市拝戸,高島市拝戸１１６２－２,１１６２－２,,佐藤 泰司,R03/12/06,簡易宿所,,,高島,5627924.pdf
旅館業,ゲストハウス 空,520-1604,高島市今津町浜分,高島市今津町浜分８８－２０,８８－２０,0740-20-4002,弦川 悠,R04/02/14,簡易宿所,,,高島,5627924.pdf
旅館業,Ｓａｎａ Ｓａｌｕｄ,520-1502,高島市新旭町針江,高島市新旭町針江５－３３２,５－３３２,072-632-7458,有限会社幸江建設,R04/04/19,簡易宿所,,,高島,5627924.pdf
旅館業,かばたリゾート,520-1531,高島市新旭町饗庭,高島市新旭町饗庭１６５６－１,１６５６－１,0740-33-7701,かばたリゾート株式会社,R05/04/17,簡易宿所,,,高島,5627924.pdf
旅館業,犬の駅 くつき,520-1423,高島市朽木大野,高島市朽木大野１７８,１７８,,佐橋 武夫,R04/07/13,簡易宿所,,,高島,5627924.pdf
旅館業,サンクチュアリコート琵琶湖 ベネチアンモダンリゾート,520-1223,高島市安曇川町下小川,高島市安曇川町下小川１１１３,１１１３,,リゾートトラスト株式会社,R06/10/01,旅館・ホテル,,,高島,5627924.pdf
旅館業,然り（sika:ri),520-1652,高島市今津町福岡,高島市今津町福岡３４０－７,３４０－７,,弦川 悠,R01/07/12,簡易宿所,,,高島,5627924.pdf
旅館業,レイクサイドテラス琵琶湖,520-1121,高島市勝野,高島市勝野１５３３,１５３３,,株式会社にしがき,R04/01/12,簡易宿所,,,高島,5627924.pdf
旅館業,一棟貸しのリゾートログハウス Ｐｉｉｌｏ,520-1645,高島市今津町椋川,高島市今津町椋川１７０７－２６,１７０７－２６,,浅野 健治,R04/06/08,簡易宿所,,,高島,5627924.pdf
旅館業,湖西 葉隠庵,520-1601,高島市今津町深清水,高島市今津町深清水２３１５－１００,２３１５－１００,,株式会社ニニギ,R04/05/18,簡易宿所,,,高島,5627924.pdf
旅館業,シノハラマリンクラブ,520-1604,高島市今津町浜分,高島市今津町浜分７,７,,株式会社篠原陸運,R04/07/15,簡易宿所,,,高島,5627924.pdf
旅館業,Ｉｎｎ＆Ｇａｌｌｅｒｙ ＶｉＷａみんか,520-1814,高島市マキノ町知内,高島市マキノ町知内１０５６－１，１０５６－２,１０５６－１，１０５６－２,,有限会社ほんだ建築,R05/03/13,簡易宿所,,,高島,5627924.pdf
旅館業,星降るゲストハウス,520-1837,高島市マキノ町白谷,高島市マキノ町白谷４３５－２,４３５－２,050-1570-3919,株式会社ジャパニッシモ,R04/05/31,旅館・ホテル,,,高島,5627924.pdf
旅館業,マキノサニービーチ高木浜オートキャンプ場,520-1812,高島市マキノ町西浜,高島市マキノ町西浜７６３－１,７６３－１,0740-28-1206,有限会社高木浜観光協会,R04/07/01,簡易宿所,,,高島,5627924.pdf
旅館業,山水閣（Ｓｈａｎ Ｓｈｕｉ ｈｏｕｓｅ）,520-1823,高島市マキノ町中庄,高島市マキノ町中庄３０４,３０４,,李 吉武,R04/07/07,簡易宿所,,,高島,5627924.pdf
旅館業,丸仁館,520-1655,高島市今津町日置前,高島市今津町日置前３３４１－１,３３４１－１,0740-22-2635,古谷 仁一,R04/07/12,簡易宿所,,,高島,5627924.pdf
旅館業,奥琵琶湖 マーベラスグリーンⅡ,520-1812,高島市マキノ町西浜,高島市マキノ町西浜７６３－２,７６３－２,0740-28-1111,株式会社Ｌｅａｄｉｎｇ Ａｓｓｅｔ Ｍ ａｎａｇｅｍｅｎｔ,R04/07/15,簡易宿所,,,高島,5627924.pdf
旅館業,ビワコヒルズビレッジ,520-1652,高島市今津町福岡,高島市今津町福岡１１１７－１７,１１１７－１７,,株式会社キューブ,R04/08/01,簡易宿所,,,高島,5627924.pdf
旅館業,ＧＬＡＭＰＩＮＧ ＆ ＣＡＦＥ ＭＵＫＵ,520-1833,高島市マキノ町蛭口,高島市マキノ町蛭口１６６３－１,１６６３－１,,有限会社岡山ホーユー,R04/09/14,簡易宿所,,,高島,5627924.pdf
旅館業,別邸高島,520-1232,高島市安曇川町北船木,高島市安曇川町北船木２６２８,２６２８,,矢口 玲那,R05/01/12,簡易宿所,,,高島,5627924.pdf
旅館業,ロッジ・ゲレンデ,520-1415,高島市朽木柏,高島市朽木柏１６５－４,１６５－４,,秋田谷 牧男,R04/09/05,簡易宿所,,,高島,5627924.pdf
旅館業,Ｐｒｉｖａｔｅ Ｌｏｇ Ｈｏｕｓｅ ‘ＯＬＩ’ＯＬＩの 木,520-1837,高島市マキノ町白谷,高島市マキノ町白谷５－１１３,５－１１３,,岡本 祐香,R04/10/25,簡易宿所,,,高島,5627924.pdf
旅館業,民宿 五平,520-1655,高島市今津町日置前,高島市今津町日置前２８８４－１,２８８４－１,0740-22-0493,古谷 文子,R01/12/24,簡易宿所,,,高島,5627924.pdf
旅館業,ＳＵＮＸＹ ＩＭＡＺＵ,520-1651,高島市今津町酒波,高島市今津町酒波４０１－３,４０１－３,,株式会社サンクシー,R05/02/08,簡易宿所,,,高島,5627924.pdf
旅館業,Ｃ．Ｂ チェリー、ブロッサム,520-1823,高島市マキノ町中庄,高島市マキノ町中庄１２１７－１０,１２１７－１０,,栗林 實,R05/01/23,旅館・ホテル,,,高島,5627924.pdf
旅館業,ビワコヒルズ,520-1652,高島市今津町福岡,高島市今津町福岡１１７６－２０,１１７６－２０,,松永 政寛,R04/11/02,簡易宿所,,,高島,5627924.pdf
旅館業,レイク ヴィラ カンナ,520-1603,高島市今津町北仰,高島市今津町北仰５１８－１７,５１８－１７,,新地 恵子,R04/11/16,簡易宿所,,,高島,5627924.pdf
旅館業,Ｐｒｅｍｉｕｍ Ｄｏｇ Ｒｅｓｏｒｔ ＶＩＬＬＡ ＭＡ ＫＩＮＯ,520-1814,高島市マキノ町知内,高島市マキノ町知内１８８４－７,１８８４－７,,株式会社にしがき,R04/04/20,簡易宿所,,,高島,5627924.pdf
旅館業,Ｃｏｇｉｔｏ Ｓｔａｙ,520-1111,高島市鴨,高島市鴨１３１８－３,１３１８－３,,山根 将,R04/12/01,簡易宿所,,,高島,5627924.pdf
旅館業,グランピーハウス マキノ,520-1812,高島市マキノ町西浜,高島市マキノ町西浜９９５－２３,９９５－２３,,株式会社ａｄｄ ｒｏｏｍ ｐｌｕｓ,R05/06/27,簡易宿所,,,高島,5627924.pdf
旅館業,Ｔａｌａｖｏｙａｇｅ,520-1823,高島市マキノ町中庄,高島市マキノ町中庄１２０４－２,１２０４－２,,明清建設工業株式会社,R06/01/29,旅館・ホテル,,,高島,5627924.pdf
旅館業,ｓｏｉｌ ｓｍａｌｌｈｏｔｅｌ＆ｐｒｉｖａｔｅｇｌａｍ ｐｉｎｇ,520-1431,高島市朽木小川,高島市朽木小川４１３－１、４１４，４１５， ４１６番,４１３－１、４１４，４１５， ４１６番,,株式会社商建,R05/08/31,簡易宿所,,,高島,5627924.pdf
旅館業,湖心,520-1232,高島市安曇川町北船木,高島市安曇川町北船木２０５４－１,２０５４－１,,高木 伸也,R05/04/17,簡易宿所,,,高島,5627924.pdf
旅館業,ＢＳＬ海津,520-1811,高島市マキノ町海津,高島市マキノ町海津２０７３,２０７３,,ＢＳＬ株式会社,R05/03/10,簡易宿所,,,高島,5627924.pdf
旅館業,ＢＩＷＡ ＧＡＬＡＸＹ,520-1112,高島市永田,高島市永田８－４５,８－４５,0740-20-5760,日本大同投資株式会社,R05/04/12,簡易宿所,,,高島,5627924.pdf
旅館業,キャンプコテージ ＴＡＬＯ,520-1645,高島市今津町椋川,高島市今津町椋川１７０７－２５,１７０７－２５,,浅野 健治,R05/04/27,簡易宿所,,,高島,5627924.pdf
旅館業,琵犬湖ＲＩＫＩＳＡＫＵ,520-1823,高島市マキノ町中庄,高島市マキノ町中庄１２５４－４,１２５４－４,,株式会社Ｓ－ＰＲＯ,R05/09/06,簡易宿所,,,高島,5627924.pdf
旅館業,うさぎや,520-1621,高島市今津町今津,高島市今津町今津６３,６３,0740-22-0029,株式会社ナル・デベロップメンツ,R05/04/24,簡易宿所,,,高島,5627924.pdf
旅館業,ＢＳＬ今津２号,520-1621,高島市今津町今津,高島市今津町今津１５８２－６,１５８２－６,,ＢＳＬ株式会社,R05/06/07,簡易宿所,,,高島,5627924.pdf
旅館業,Ｒｅｓｏｒｅａｔ Ｔａｋａｓｈｉｍａ,520-1604,高島市今津町浜分,高島市今津町浜分３８－７，３８－８,３８－７，３８－８,,株式会社関西ビル管理サービス,R05/06/26,簡易宿所,,,高島,5627924.pdf
旅館業,Ｖｉｌｌａ Ｍｅｔａｓｅｑｕｏｉａ,520-1837,高島市マキノ町白谷,高島市マキノ町白谷１６－８３,１６－８３,,富樫 有加,R05/07/10,簡易宿所,,,高島,5627924.pdf
旅館業,ＢＳＬマキノ沢,520-1821,高島市マキノ町沢,高島市マキノ町沢１６１－５,１６１－５,,ＢＳＬ株式会社,R05/07/18,簡易宿所,,,高島,5627924.pdf
旅館業,高野倶楽部,520-1112,高島市永田,高島市永田２８－２,２８－２,,高野住商株式会社,R05/06/23,簡易宿所,,,高島,5627924.pdf
旅館業,Ｔａｋａ.Ｓｔａ(Ｎａｔｕｒａｌ Ｓｐｏｔ Ｔａｋａｓｈｉ ｍａ Ｉｎｔｅｒｎａｔｉｏｎｓ Ｓｔａｔｉｏｎ),520-1121,高島市勝野,高島市勝野１－１２９,１－１２９,,株式会社Ｃｉｖｉｌ Ａｓｓｉｓｔ,R05/06/26,簡易宿所,,,高島,5627924.pdf
旅館業,琵琶湖ヒルズビレッジ コテージ,520-1652,高島市今津町福岡,高島市今津町福岡１１１７－１７，２１,１１１７－１７，２１,0740-20-6679,株式会社キューブ,R05/07/07,簡易宿所,,,高島,5627924.pdf
旅館業,ＷＡＳＵＫＩ ＢＡＳＥ びわ湖 ＧＵＥＳＴ ＨＯＵＳＥ,520-1812,高島市マキノ町西浜,高島市マキノ町西浜７６１－１,７６１－１,0740-20-2244,株式会社ともいきリゾーツ滋賀,R05/12/04,旅館・ホテル,,,高島,5627924.pdf
旅館業,グリーン・ビュー・ロッジ,520-1652,高島市今津町福岡,高島市今津町福岡１１５６－９,１１５６－９,0740-22-2929,ラヴァティー 智子,R05/11/17,簡易宿所,,,高島,5627924.pdf
旅館業,ＷＡＳＵＫＩ ＢＡＳＥ びわ湖,520-1814,高島市マキノ町知内,高島市マキノ町知内８７,８７,,株式会社ともいきリゾーツ滋賀,R05/07/03,簡易宿所,,,高島,5627924.pdf
旅館業,ＰＥＡＣＥ ＯＦ ＲＥＳＴ ＴＡＫＡＳＨＩＭＡ,520-1502,高島市新旭町針江,高島市新旭町針江２番１５０／２４０／２４１,２番１５０／２４０／２４１,,株式会社Ａ．Ｃ．Ｏ,R05/11/07,簡易宿所,,,高島,5627924.pdf
旅館業,貸別荘３－Ｅ－１０,520-1502,高島市新旭町針江,高島市新旭町針江４－６５,４－６５,072-258-1192,有限会社常樂園,R05/11/02,簡易宿所,,,高島,5627924.pdf
旅館業,マキノメタセコイヤグランピング,520-1835,高島市マキノ町石庭,高島市マキノ町石庭４８５番１の一部、４８５番３ の一部、４８５番４の一部,４８５番１の一部、４８５番３ の一部、４８５番４の一部,,株式会社 プロキャリ・ライフケア,R05/11/07,簡易宿所,,,高島,5627924.pdf
旅館業,ＮＥＳＴ琵琶湖 マキノ,520-1822,高島市マキノ町新保,高島市マキノ町新保１４６－１,１４６－１,,株式会社 ドレメ,R06/01/17,簡易宿所,,,高島,5627924.pdf
旅館業,ＢＳＬ青柳,520-1221,高島市安曇川町青柳,高島市安曇川町青柳２１８８－２４,２１８８－２４,,ＢＳＬ株式会社,R05/11/02,簡易宿所,,,高島,5627924.pdf
旅館業,ＳＵＮＸＹ ＫＩＴＯＧＥ,520-1603,高島市今津町北仰,高島市今津町北仰４５４－４４,４５４－４４,,株式会社サンクシー,R06/07/10,簡易宿所,,,高島,5627924.pdf
旅館業,とっくりＨＯＵＳＥ,520-1217,高島市安曇川町田中,高島市安曇川町田中４３２８,４３２８,,得能 由美子,R06/08/06,簡易宿所,,,高島,5627924.pdf
旅館業,ｂｅａｕ ｌａｃ ｂｉｗａｋｏ,520-1654,高島市今津町梅原,高島市今津町梅原１２２５－１８,１２２５－１８,,株式会社インスピレーション,R06/02/27,簡易宿所,,,高島,5627924.pdf
旅館業,ＮＩＯ,520-1121,高島市勝野,高島市勝野５８３番地,５８３番地,,株式会社唐輿,R06/08/09,簡易宿所,,,高島,5627924.pdf
旅館業,ＢＳＬ 下小川 ２１９４－５,520-1223,高島市安曇川町下小川,高島市安曇川町下小川２１９４－５,２１９４－５,,ＢＳＬ株式会社,R06/01/10,簡易宿所,,,高島,5627924.pdf
旅館業,ＲＩＬＡ,520-1201,高島市安曇川町上古賀,高島市安曇川町上古賀２０８９－５５,２０８９－５５,,株式会社ノエラ,R06/05/22,旅館・ホテル,,,高島,5627924.pdf
旅館業,オーベルジュ晴遊,520-1821,高島市マキノ町沢,高島市マキノ町沢１４９５－２,１４９５－２,0740-27-1186,於勢 晴彦,R06/04/10,簡易宿所,,,高島,5627924.pdf
旅館業,ＡＣＯＡ Ｔａｋａｓｈｉｍａ,520-1121,高島市勝野,高島市勝野５１１－５,５１１－５,,平安建設工業株式会社,R06/10/18,簡易宿所,,,高島,5627924.pdf
旅館業,ＶＩＬＬＡ ＯＮＥ,520-1835,高島市マキノ町石庭,高島市マキノ町石庭５０３番地５、６,５０３番地５、６,,ＰＬＵＳ ＯＮＥ株式会社,R06/09/27,簡易宿所,,,高島,5627924.pdf
旅館業,レイクサイドヴィラ びわ湖高島,520-1223,高島市安曇川町下小川,高島市安曇川町下小川２２４９番１５,２２４９番１５,,有限会社 西谷出版印刷社,R06/07/19,簡易宿所,,,高島,5627924.pdf
旅館業,Ｍａｋｉｎｏ ＭｅｇＲｉａ,520-1837,高島市マキノ町白谷,高島市マキノ町白谷３５番地３,３５番地３,,北野 めぐみ,R06/03/14,簡易宿所,,,高島,5627924.pdf
旅館業,ヴィラびわ湖浜分,520-1604,高島市今津町浜分,高島市今津町浜分８８－５２,８８－５２,0740-20-4349,合同会社ＳＲＥ,R06/02/19,簡易宿所,,,高島,5627924.pdf
旅館業,バンブーの子 のすたる路＆智庵海津店,520-1811,高島市マキノ町海津,高島市マキノ町海津２０６１,２０６１,,松村 友徳,R06/03/06,簡易宿所,,,高島,5627924.pdf
旅館業,フラワーホーム,520-1502,高島市新旭町針江,高島市新旭町針江５－３０９,５－３０９,072-915-4187,株式会社フラワーホーム,R06/08/26,簡易宿所,,,高島,5627924.pdf
旅館業,美月庵,520-1837,高島市マキノ町白谷,高島市マキノ町白谷３１番地５,３１番地５,,ＫＡＮＡＩ株式会社,R06/07/11,簡易宿所,,,高島,5627924.pdf
旅館業,ドギーズグランピング滋賀今津浜,520-1604,高島市今津町浜分,高島市今津町浜分３６２－１,３６２－１,06-6657-7561,株式会社ＬＵＣＫＥＬ,R06/04/19,簡易宿所,,,高島,5627924.pdf
旅館業,Ｌ～ＳＨＡ,520-1502,高島市新旭町針江,高島市新旭町針江１４３２番１７９、３８６,１４３２番１７９、３８６,06-7504-2729,早坂 佐知子,R06/05/29,簡易宿所,,,高島,5627924.pdf
旅館業,ＩＺＡ ｔａｋａｓｈｉｍａ 湊,520-1631,高島市今津町名小路二 丁目,高島市今津町名小路二 丁目６－６,６－６,,合同会社パインズプレミアム,R06/06/14,簡易宿所,,,高島,5627924.pdf
旅館業,Ｈｕｂ－Ｆｕｎ,520-1122,高島市鵜川,高島市鵜川３１４－１,３１４－１,,梅田旭土地株式会社,R06/06/07,簡易宿所,,,高島,5627924.pdf
旅館業,びわ湖と暮らす家 あどまーる,520-1601,高島市今津町深清水,高島市今津町深清水６４４番地,６４４番地,,一般社団法人ぷらすたいむず,R07/02/03,簡易宿所,,,高島,5627924.pdf
旅館業,ＲＵＫＡＷＡ,520-1604,高島市今津町浜分,高島市今津町浜分５９０,５９０,,株式会社Ｒ－ＰＲＯ,R06/04/15,旅館・ホテル,,,高島,5627924.pdf
旅館業,ＡＲＣＨ ＨＯＵＳＥ ＴＡＫＡＳＨＩＭＡ,520-1654,高島市今津町梅原,高島市今津町梅原１２９９番地２１,１２９９番地２１,,谷原 満弥,R06/04/10,簡易宿所,,,高島,5627924.pdf
旅館業,和（なごみ）,520-1831,高島市マキノ町上開田,高島市マキノ町上開田２１７,２１７,,中田 一枝,R06/05/23,簡易宿所,,,高島,5627924.pdf
旅館業,農家のお宿 三左衛門邸,520-1601,高島市今津町深清水,高島市今津町深清水１０１０－１,１０１０－１,,日本銘生合同会社,R06/04/22,簡易宿所,,,高島,5627924.pdf
旅館業,高島畔舎,520-1121,高島市勝野,高島市勝野５１１－１,５１１－１,,株式会社貴舩,R06/08/06,簡易宿所,,,高島,5627924.pdf
旅館業,ＢＳＬ青柳２,520-1221,高島市安曇川町青柳,高島市安曇川町青柳２１６９－９１,２１６９－９１,0740-22-8000,ＢＳＬ株式会社,R06/04/22,簡易宿所,,,高島,5627924.pdf
旅館業,ゲストハウスＢＯＮ,520-1655,高島市今津町日置前,高島市今津町日置前２９０７－１,２９０７－１,,小林 英夫,R06/05/02,簡易宿所,,,高島,5627924.pdf
旅館業,湖畔の隠れ家・知風邸 ３－Ｒ－１１,520-1502,高島市新旭町針江,高島市新旭町針江２－３０７,２－３０７,,久保 知子,R06/06/05,簡易宿所,,,高島,5627924.pdf
旅館業,ＢＳＬ知内,520-1814,高島市マキノ町知内,高島市マキノ町知内１９１０－８,１９１０－８,,ＢＳＬ株式会社,R06/06/13,簡易宿所,,,高島,5627924.pdf
旅館業,レイワハウス,520-1502,高島市新旭町針江,高島市新旭町針江５番地２０６,５番地２０６,,東小橋株式会社,R06/06/24,簡易宿所,,,高島,5627924.pdf
旅館業,澄の宿,520-1112,高島市永田,高島市永田１２－３２,１２－３２,,山本 香澄,R06/07/12,簡易宿所,,,高島,5627924.pdf
旅館業,カバタハウス,520-1521,高島市新旭町北畑,高島市新旭町北畑７３９,７３９,,初田 勝彦,R07/01/27,簡易宿所,,,高島,5627924.pdf
旅館業,ホタル屋,520-1501,高島市新旭町旭,高島市新旭町旭８０９－６,８０９－６,,井上 祥子,R06/09/12,簡易宿所,,,高島,5627924.pdf
旅館業,鯖山荘 山川－ＳａｎＳｅｎ－,520-1425,高島市朽木栃生,高島市朽木栃生１１６９－４,１１６９－４,,株式会社ニニギ,R06/07/29,簡易宿所,,,高島,5627924.pdf
旅館業,３－Ｒ－１,520-1502,高島市新旭町針江,高島市新旭町針江２番地２９９,２番地２９９,,株式会社ダイトウ,R06/09/13,簡易宿所,,,高島,5627924.pdf
旅館業,ＢＳＬ安曇川田中,520-1217,高島市安曇川町田中,高島市安曇川町田中８３３－６,８３３－６,,ＢＳＬ株式会社,R06/11/14,簡易宿所,,,高島,5627924.pdf
旅館業,丸喜邸,520-1454,高島市朽木能家,高島市朽木能家１７６番地,１７６番地,,株式会社ＥＮＯＮ,R07/06/03,簡易宿所,,,高島,5627924.pdf
旅館業,ＰＥＧＡＳＵＳ,520-1235,高島市安曇川町横江浜,高島市安曇川町横江浜３０,３０,,ウイング株式会社,R06/10/25,簡易宿所,,,高島,5627924.pdf
旅館業,碧,520-1655,高島市今津町日置前,高島市今津町日置前１３３２番地１,１３３２番地１,075-525-7575,株式会社京と家,R06/11/01,簡易宿所,,,高島,5627924.pdf
旅館業,ゲストハウス加茂川,520-1223,高島市安曇川町下小川,高島市安曇川町下小川２３２９－１９他,２３２９－１９他,0740-32-0451,有限会社白浜荘,R07/07/14,旅館・ホテル,,,高島,5627924.pdf
旅館業,ＭＡＫＩＮＯ ＢＯＯＴＨ,520-1837,高島市マキノ町白谷,高島市マキノ町白谷５－１３５,５－１３５,,北山石油株式会社,R07/07/22,簡易宿所,,,高島,5627924.pdf
旅館業,Ｌａｋｅ Ｖｉｌｌａｇｅ 山紫水明,520-1502,高島市新旭町針江,高島市新旭町針江１０３９番７４,１０３９番７４,,堂阪 みほ,R06/12/09,簡易宿所,,,高島,5627924.pdf
旅館業,レイクウエスト,520-1502,高島市新旭町針江,高島市新旭町針江１０４９－３、１４３７－１２,１０４９－３、１４３７－１２,,ウエストヒルズ有限会社,R07/07/09,簡易宿所,,,高島,5627924.pdf
旅館業,葉隠庵 離,520-1655,高島市今津町日置前,高島市今津町日置前２００９－９,２００９－９,,株式会社ニニギ,R07/04/30,簡易宿所,,,高島,5627924.pdf
旅館業,マキノテラス,520-1836,高島市マキノ町牧野,高島市マキノ町牧野６１０－４６,６１０－４６,,株式会社キッパーズ,R07/02/19,簡易宿所,,,高島,5627924.pdf
旅館業,Ｐｒｉｖａｔｅ Ｖｉｌｌａ ２６６１,520-1223,高島市安曇川町下小川,高島市安曇川町下小川２６６１－３,２６６１－３,,名田 桃子,R07/04/04,簡易宿所,,,高島,5627924.pdf
旅館業,琵琶湖ｖｉｌｌａ白鬚,520-1122,高島市鵜川,高島市鵜川５３５－１,５３５－１,,株式会社関西ビル管理サービス,R07/03/10,簡易宿所,,,高島,5627924.pdf
旅館業,ＫＯＨＡＲＵＲＩ邸 奥琵琶,520-1223,高島市安曇川町下小川,高島市安曇川町下小川２２４９番１０,２２４９番１０,,合同会社ＫＯＨＡＲＵＲＩ,R07/10/28,簡易宿所,,,高島,5627924.pdf
旅館業,ＨＩＴＯＳＥ,520-1502,高島市新旭町針江,高島市新旭町針江１４３２－２７０,１４３２－２７０,,ｎｏｔｉｏｎ株式会社,R07/04/24,簡易宿所,,,高島,5627924.pdf
旅館業,ヴィラ高島,520-1654,高島市今津町梅原,高島市今津町梅原１２９９－１２,１２９９－１２,,栗栖 和広,R07/03/10,簡易宿所,,,高島,5627924.pdf
旅館業,遊友,520-1811,高島市マキノ町海津,高島市マキノ町海津２４５７,２４５７,,小泉 聡,R07/03/14,簡易宿所,,,高島,5627924.pdf
旅館業,湖辺のくつろぎ、時々サウナ,520-1502,高島市新旭町針江,高島市新旭町針江１０３９－７,１０３９－７,,由井 希佳,R07/08/18,簡易宿所,,,高島,5627924.pdf
旅館業,湖の間,520-1112,高島市永田,高島市永田１０３－８１,１０３－８１,,高松 朋矢,R07/03/26,簡易宿所,,,高島,5627924.pdf
旅館業,ＴＡＫＡＳＨＩＭＡ ＢＥＳＴ ＳＯ！,520-1502,高島市新旭町針江,高島市新旭町針江１０３９－９０、１０３９－９ １,１０３９－９０、１０３９－９ １,,加藤 泰弘,R07/09/12,簡易宿所,,,高島,5627924.pdf
旅館業,湖Ｃｏ,520-1502,高島市新旭町針江,高島市新旭町針江１４３１－２９,１４３１－２９,0742-30-6668,高橋 さゆみ,R07/06/03,簡易宿所,,,高島,5627924.pdf
旅館業,Ｖｉｌｌａ Ｄｏｇｉｋａ ＴＡＫＡＳＨＩＭＡ,520-1502,高島市新旭町針江,高島市新旭町針江５番地１６５,５番地１６５,,櫻井 真雄,R07/11/25,簡易宿所,,,高島,5627924.pdf
旅館業,ＢＳＬ梅原２号,520-1654,高島市今津町梅原,高島市今津町梅原１３００－１２,１３００－１２,,ＢＳＬ株式会社,R07/04/30,簡易宿所,,,高島,5627924.pdf
旅館業,ＢＳＬ安曇川２号,520-1223,高島市安曇川町下小川,高島市安曇川町下小川１５６６－８２,１５６６－８２,,ＢＳＬ株式会社,R07/04/30,簡易宿所,,,高島,5627924.pdf
旅館業,ＢＹ ＴＨＥ ＢＩＷＡＫＯ,520-1531,高島市新旭町饗庭,高島市新旭町饗庭４０３６－１、４０３７－６,４０３６－１、４０３７－６,,川本 哲也,R07/05/01,簡易宿所,,,高島,5627924.pdf
旅館業,ＢＳＬ西万木アパート,520-1212,高島市安曇川町西万木,高島市安曇川町西万木２９６－１７,２９６－１７,,ＢＳＬ株式会社,R07/05/01,簡易宿所,,,高島,5627924.pdf
旅館業,ｓｏｔｏ ｂａｓｅ,520-1802,高島市マキノ町野口,高島市マキノ町野口８０１,８０１,,渡辺 洋介,R07/04/15,簡易宿所,,,高島,5627924.pdf
旅館業,ｂｅａｕ ｌａｃ ｂｉｗａｋｏ ａｎｎｅｘ,520-1654,高島市今津町梅原,高島市今津町梅原１２６２－２１,１２６２－２１,,株式会社インスピレーション,R07/05/15,簡易宿所,,,高島,5627924.pdf
旅館業,西浜の家、浜の家,520-1223,高島市安曇川町下小川,高島市安曇川町下小川２３００－２０,２３００－２０,0740-32-0451,有限会社白浜荘,R07/04/30,簡易宿所,,,高島,5627924.pdf
旅館業,ＢＳＬ新旭太田１号,520-1512,高島市新旭町太田,高島市新旭町太田２２２５－５６,２２２５－５６,,ＢＳＬ株式会社,R07/05/09,簡易宿所,,,高島,5627924.pdf
旅館業,Ｇａｌａｘｙ Ｐｏｏｌ Ｒｅｓｏｒｔ ４ 銀河プールリ ゾート４,520-1112,高島市永田,高島市永田１０２番５８,１０２番５８,0740-20-5760,日本大同投資株式会社,R07/07/28,簡易宿所,,,高島,5627924.pdf
旅館業,ＢＳＬ鴨川平１号,520-1133,高島市鴨川平三丁目,高島市鴨川平三丁目５－９,５－９,,ＢＳＬ株式会社,R07/06/23,簡易宿所,,,高島,5627924.pdf
旅館業,Ｇａｌａｘｙ Ｇｌａｍｐｉｎｇ Ｄｏｇ Ｐｒｅｍｉｕｍ,520-1223,高島市安曇川町下小川,高島市安曇川町下小川２２３２番１８,２２３２番１８,0740-20-5760,日本大同投資株式会社,R07/12/19,簡易宿所,,,高島,5627924.pdf
旅館業,Ｇａｌａｘｙ Ｓｔａｒｄｕｓｔ Ｖｉｌｌａ １,520-1223,高島市安曇川町下小川,高島市安曇川町下小川２２４９番２３,２２４９番２３,0740-20-5760,日本大同投資株式会社,R07/09/05,簡易宿所,,,高島,5627924.pdf
旅館業,麗－うらら－,520-1837,高島市マキノ町白谷,高島市マキノ町白谷１６１－１,１６１－１,,羽鳥 未華,R07/08/01,簡易宿所,,,高島,5627924.pdf
旅館業,ニュー白浜オートキャンプ場,520-1223,高島市安曇川町下小川,高島市安曇川町下小川２３２９－１０,２３２９－１０,0740-32-0992,千野 晃,R07/06/30,簡易宿所,,,高島,5627924.pdf
旅館業,風車村びわ湖の家１１０１,520-1502,高島市新旭町針江,高島市新旭町針江１０３９－９６,１０３９－９６,,伊藤 公二,R07/09/12,簡易宿所,,,高島,5627924.pdf
旅館業,湖恵夢～ｋｏｅｍｕ～,520-1502,高島市新旭町針江,高島市新旭町針江１０２０－２、１０２２－１３,１０２０－２、１０２２－１３,,分林 道治,R07/08/26,簡易宿所,,,高島,5627924.pdf
旅館業,琵琶湖レイクサイド温泉ＶｉｌｌａログハウスＷｏｏｄｙ,520-1502,高島市新旭町針江,高島市新旭町針江５－２８３,５－２８３,,ＲＳＹロボテック合同会社,R07/09/30,簡易宿所,,,高島,5627924.pdf
旅館業,ヴィラ湖西,520-1601,高島市今津町深清水,高島市今津町深清水２３２７－３１,２３２７－３１,,岩本 康秀,R07/07/28,簡易宿所,,,高島,5627924.pdf
旅館業,ＬＡＫＥ ＳＡＵＮＡ ＲＥＳＯＲＴ ｔａｋａｓｈｉｍａ ＰＯＯＬ ＶＩＬＬＡ 莉,520-1121,高島市勝野,高島市勝野５００番地１０,５００番地１０,,株式会社ロックシステム,R07/08/28,簡易宿所,,,高島,5627924.pdf
旅館業,ＬＹＳ ＡＩＢＡ ＨＯＵＳＥ,520-1531,高島市新旭町饗庭,高島市新旭町饗庭８５３－２,８５３－２,0740-33-7015,ＬＹＳ株式会社,R07/09/30,簡易宿所,,,高島,5627924.pdf
旅館業,Ｂｒｉｄｇｅ Ｓｔａｙ ＢＩＷＡＫＯ ｐｒｅｍｉｕｍ,520-1502,高島市新旭町針江,高島市新旭町針江１４３２番,１４３２番,,株式会社ウェルカム・ジャパン,R07/08/21,簡易宿所,,,高島,5627924.pdf
旅館業,アクアヴィラ,520-1502,高島市新旭町針江,高島市新旭町針江５－１５２，５－１５３,５－１５２，５－１５３,,有限会社ビーネット,R07/07/10,簡易宿所,,,高島,5627924.pdf
旅館業,湧き水の森ゲストハウス,520-1501,高島市新旭町旭,高島市新旭町旭１６７,１６７,077-472-3669,井上 卓也,R07/09/12,簡易宿所,,,高島,5627924.pdf
旅館業,グランピーナアウトドアーズ,520-1812,高島市マキノ町西浜,高島市マキノ町西浜９９５－２５,９９５－２５,,小島 有未,R07/09/16,簡易宿所,,,高島,5627924.pdf
旅館業,林亭 宿－ＳＨＵＫＵ－,520-1655,高島市今津町日置前,高島市今津町日置前２０１６－１６,２０１６－１６,,株式会社ニニギ,R07/08/01,簡易宿所,,,高島,5627924.pdf
旅館業,エンジェルズ,520-1652,高島市今津町福岡,高島市今津町福岡１１６１－７,１１６１－７,,林 俊彦,R07/09/19,簡易宿所,,,高島,5627924.pdf
旅館業,フォレストヴィライーリオびわ湖,520-1655,高島市今津町日置前,高島市今津町日置前３８３番地８６,３８３番地８６,,相良 岳,R07/10/24,簡易宿所,,,高島,5627924.pdf
旅館業,ＳＵＮＸＹ ＦＯＲＥＳＴ,520-1613,高島市今津町上弘部,高島市今津町上弘部７４３－１８,７４３－１８,,株式会社サンクシー,R07/12/04,簡易宿所,,,高島,5627924.pdf
旅館業,Ｇａｌａｘｙ Ｐｏｏｌ Ｒｅｓｏｒｔ５ 銀河プールリ ゾート５,520-1112,高島市永田,高島市永田１２－８０,１２－８０,0740-20-5760,日本大同投資株式会社,R07/08/26,簡易宿所,,,高島,5627924.pdf
旅館業,Ｗｉｎｅ Ｖｉｌｌａｇｅ Ｔａｋａｓｈｉｍａ,520-1217,高島市安曇川町田中,高島市安曇川町田中２４４７,２４４７,050-3138-1960,大西 威之,R08/04/10,簡易宿所,,,高島,5627924.pdf
旅館業,Ｇａｌａｘｙ Ｐｏｏｌ Ｒｅｓｏｒｔ１ 銀河プールリ ゾート１,520-1112,高島市永田,高島市永田１０３番２５,１０３番２５,0740-20-5760,日本大同投資株式会社,R07/10/09,簡易宿所,,,高島,5627924.pdf
旅館業,Ｇａｌａｘｙ Ｐｏｏｌ Ｒｅｓｏｒｔ２ 銀河プールリ ゾート２,520-1112,高島市永田,高島市永田１０２番５５,１０２番５５,0740-20-5760,日本大同投資株式会社,R07/10/09,簡易宿所,,,高島,5627924.pdf
旅館業,Ｇａｌａｘｙ Ｐｏｏｌ Ｒｅｓｏｒｔ３ 銀河プールリ ゾート３,520-1112,高島市永田,高島市永田１０２番１９,１０２番１９,0740-20-5760,日本大同投資株式会社,R07/10/09,簡易宿所,,,高島,5627924.pdf
旅館業,ＬＡＫＥ ＳＡＵＮＡ ＲＥＳＯＲＴ ｔａｋａｓｈｉｍａ ＳＵＩＴＥ ＶＩＬＬＡ 惺,520-1121,高島市勝野,高島市勝野５００番地８,５００番地８,,株式会社ｍｉｇｈｔｙ,R07/11/20,簡易宿所,,,高島,5627924.pdf
旅館業,睦屋ライステラス Ｓｈｉｇａ,520-1143,高島市黒谷,高島市黒谷８３２,８３２,,渡辺 竜一,R08/05/01,簡易宿所,,,高島,5627924.pdf
旅館業,ｐａｓｔｏｒａｌｅ,520-1503,高島市新旭町深溝,高島市新旭町深溝４７１－１２,４７１－１２,,株式会社瀧匠,R08/03/03,簡易宿所,,,高島,5627924.pdf
旅館業,ＶＩＬＬＡ ＯＮＥ ＳＯＲＡ,520-1835,高島市マキノ町石庭,高島市マキノ町石庭４４２番５,４４２番５,,株式会社ＲＥＺＥＬ,R08/04/03,簡易宿所,,,高島,5627924.pdf
旅館業,Ｂｉｗａｋｏ Ｖｉｌｌａ 縁,520-1812,高島市マキノ町西浜,高島市マキノ町西浜１３８５－１１,１３８５－１１,,劉 紅旭,R08/02/04,簡易宿所,,,高島,5627924.pdf
旅館業,ＰＯＬＡＲＩＳ,520-1837,高島市マキノ町白谷,高島市マキノ町白谷２７１－１,２７１－１,0740-27-0056,株式会社ゼンゾー,R07/11/05,簡易宿所,,,高島,5627924.pdf
旅館業,和旅－ＷＡＴＡＢＩ－琵琶湖今津,520-1623,高島市今津町住吉二丁 目,高島市今津町住吉二丁 目１－１７,１－１７,,株式会社ＪＲＥＮ,R08/04/28,簡易宿所,,,高島,5627924.pdf
旅館業,Ｓｈｉｇａ Ｌａｋｅｓｉｄｅ Ｌｏｇｈｏｕｓｅ Ｋｉｔ ｏｇｅ２,520-1603,高島市今津町北仰,高島市今津町北仰２１７番３４,２１７番３４,06-6563-9821,株式会社コーナン,R08/04/03,旅館・ホテル,,,高島,5627924.pdf
旅館業,うらら高島,520-1141,高島市高島,高島市高島１２８７－１,１２８７－１,,ディーアンドワイ株式会社,R08/06/01,簡易宿所,,,高島,5627924.pdf
旅館業,ｂｉｗａ ｋｉｔｏｇｅ,520-1603,高島市今津町北仰,高島市今津町北仰８－１,８－１,,ＥＳＫインターナショナル株式会社,R08/02/16,簡易宿所,,,高島,5627924.pdf
旅館業,ｂｅａｕ ｌａｃ ｂｉｗａｋｏ 箱館山,520-1655,高島市今津町日置前,高島市今津町日置前３５４０－７,３５４０－７,,株式会社インスピレーション,R08/01/30,簡易宿所,,,高島,5627924.pdf
旅館業,Ｔａｋａ．Ｓｔａ ＣａｍｐＳｉｔｅ,520-1223,高島市安曇川町下小川,高島市安曇川町下小川２３８２－１４,２３８２－１４,,株式会社Ｃｉｖｉｌ Ａｓｓｉｓｔ,R08/05/19,簡易宿所,,,高島,5627924.pdf
旅館業,ＫＩＺＵＮＡ－絆－,520-1531,高島市新旭町饗庭,高島市新旭町饗庭２０５８,２０５８,,古和 宏臣,R08/04/23,簡易宿所,,,高島,5627924.pdf
旅館業,Ｗｏｒｋａｔｉｏｎ Ｖｉｌｌａ ｔａｋａｓｈｉｍａ,520-1121,高島市勝野,高島市勝野５００番地１２,５００番地１２,,株式会社ＬＤＫプロジェクト,R08/03/19,簡易宿所,,,高島,5627924.pdf
旅館業,ＲＳ ＧＬＡＭＰＩＮＧ,520-1604,高島市今津町浜分,高島市今津町浜分３８－１１,３８－１１,050-3529-6508,株式会社リアンベース,R08/04/13,簡易宿所,,,高島,5627924.pdf
旅館業,奥琵琶湖マキノグランドパークホテル,520-1812,高島市マキノ町西浜,高島市マキノ町西浜７６３番２,７６３番２,0740-28-1111,株式会社マックアース,R08/04/01,旅館・ホテル,,,高島,5627924.pdf
旅館業,マキノサニーステイ,520-1813,高島市マキノ町高木浜 一丁目,高島市マキノ町高木浜 一丁目５－５ マキノサニービル２階,５－５ マキノサニービル２階,,株式会社穂なみ,R08/06/25,簡易宿所,,,高島,5627924.pdf
旅館業,安曇川荘,520-1401,高島市朽木市場,高島市朽木市場５５２番地,５５２番地,0740-38-2559,上田 統久,R08/03/30,簡易宿所,,,高島,5627924.pdf
旅館業,Ｆｒｉｅｎｄｓ びわ湖,520-1604,高島市今津町浜分,高島市今津町浜分４７－８２,４７－８２,,新地 恵子,R08/04/27,簡易宿所,,,高島,5627924.pdf
旅館業,美加久,520-1836,高島市マキノ町牧野,高島市マキノ町牧野２２９,２２９,0740-27-0654,青谷 実,R08/04/10,簡易宿所,,,高島,5627924.pdf
旅館業,ＰＯＬＡＲＩＳ,520-1837,高島市マキノ町白谷,高島市マキノ町白谷２７１－１,２７１－１,0740-27-0056,株式会社ゼンゾー,R08/05/29,簡易宿所,,,高島,5627924.pdf
旅館業,きのこの館 みのりの館,520-1601,高島市今津町深清水,高島市今津町深清水２４０５－１,２４０５－１,0740-22-6868,公益財団法人ひばり,R08/04/27,簡易宿所,,,高島,5627924.pdf
旅館業,Ｇａｌａｘｙ Ｓｔａｒｄｕｓｔ ２,520-1223,高島市安曇川町下小川,高島市安曇川町下小川２２４９番地２２,２２４９番地２２,0740-20-5760,日本大同投資株式会社,R08/05/28,簡易宿所,,,高島,5627924.pdf
旅館業,Ｇａｌａｘｙ Ｓｔａｒｄｕｓｔ ３,520-1223,高島市安曇川町下小川,高島市安曇川町下小川２２４９番地２３,２２４９番地２３,0740-22-5760,日本大同投資株式会社,R08/05/28,簡易宿所,,,高島,5627924.pdf
旅館業,柃舞庵,520-1502,高島市新旭町針江,高島市新旭町針江１４３２－２５２,１４３２－２５２,,株式会社アドバンスホーム,R08/05/29,簡易宿所,,,高島,5627924.pdf
旅館業,ＬＡＫＥ ＳＡＵＮＡ ＲＥＳＯＲＴ ｔａｋａｓｈｉｍａ ＳＵＩＴＥ ＶＩＬＬＡ 碧,520-1121,高島市勝野,高島市勝野５００番地９,５００番地９,050-3612-7647,株式会社ＬＤＫプロジェクト,R08/07/27,簡易宿所,,,高島,5627924.pdf
旅館業,１０８８,520-1601,高島市今津町深清水,高島市今津町深清水１０８８,１０８８,,渡辺 やよい,R08/06/23,簡易宿所,,,高島,5627924.pdf
旅館業,ちいさなリトリート琵琶湖,520-1502,高島市新旭町針江,高島市新旭町針江２－１１０,２－１１０,,株式会社Ｊ－ＳＰＯＲＴＳ,R08/07/16,簡易宿所,,,高島,5627924.pdf
公衆浴場,ＳＩＧＮＡＬ,524-0201,野洲市吉川,野洲市吉川３３２６－１,３３２６－１,077-589-5725,蔵本 亮,R07/09/04,私営・サウナ,,,草津,5627926.pdf
公衆浴場,栗東市立自然体験学習センター,520-3002,栗東市観音寺,栗東市観音寺４５９－２０,４５９－２０,077-558-3777,栗東市,R07/11/27,公営・その他,,,草津,5627926.pdf
公衆浴場,Ｇパーク信楽ゴルフ倶楽部,529-1821,甲賀市信楽町多羅尾,甲賀市信楽町多羅尾１５７７,１５７７,0748-85-0341,株式会社ジービーエス,H10/12/28,私営・ヘルス,,,甲賀,5627926.pdf
公衆浴場,オーパスフィットネスクラブ水口,528-0058,甲賀市水口町北泉二丁 目,甲賀市水口町北泉二丁 目３５,３５,0748-63-7777,株式会社オーパス,H14/10/29,私営・ヘルス,,,甲賀,5627926.pdf
公衆浴場,オレンジ・シガカントリークラブハウス,529-1801,甲賀市信楽町宮町,甲賀市信楽町宮町１０００,１０００,83-0111,オレンジシガ株式会社,S59/07/20,私営・ヘルス,,,甲賀,5627926.pdf
公衆浴場,コムウッドゴルフクラブ,520-3415,甲賀市甲賀町大原上田,甲賀市甲賀町大原上田１１１,１１１,0748-88-3388,ダイワロイヤルゴルフ株式会 社,H19/03/30,私営・ヘルス,,,甲賀,5627926.pdf
公衆浴場,ザ・カントリークラブ,529-1803,甲賀市信楽町牧,甲賀市信楽町牧１７８２－２,１７８２－２,83-8000,リゾートトラストゴルフ事業 株式会社,H06/07/13,私営・ヘルス,,,甲賀,5627926.pdf
公衆浴場,センチュリー・シガ・ゴルフクラブ,520-3302,甲賀市甲南町池田,甲賀市甲南町池田２１１８,２１１８,86-4011,リクレスト株式会社,S60/06/13,私営・ヘルス,,,甲賀,5627926.pdf
公衆浴場,ダイヤモンド滋賀（アクア）,528-0208,甲賀市土山町黒川,甲賀市土山町黒川１７１１,１７１１,0748-68-0400,株式会社ダイヤモンドソサエ ティ,H16/03/29,私営・サウナ,,,甲賀,5627926.pdf
公衆浴場,ダイヤモンド滋賀（ゴルフ）,528-0208,甲賀市土山町黒川,甲賀市土山町黒川１７１１,１７１１,0748-68-0400,株式会社ダイヤモンドソサエ ティ,H16/03/29,私営・ヘルス,,,甲賀,5627926.pdf
公衆浴場,ダイヤモンド滋賀温浴棟,528-0208,甲賀市土山町黒川,甲賀市土山町黒川１７１１,１７１１,0748-68-0211,株式会社ダイヤモンドソサエ ティ,H20/04/22,私営・その他,,,甲賀,5627926.pdf
公衆浴場,タラオカントリークラブ,529-1821,甲賀市信楽町多羅尾,甲賀市信楽町多羅尾５７,５７,85-0315,株式会社三栄開発,S61/06/24,私営・ヘルス,,,甲賀,5627926.pdf
公衆浴場,タラオレイクヴィラ 信楽温泉 多羅尾乃湯,529-1821,甲賀市信楽町多羅尾,甲賀市信楽町多羅尾１番地,１番地,0748-85-0250,株式会社三栄開発,H13/04/23,私営・ヘルス,,,甲賀,5627926.pdf
公衆浴場,ベアズパウジャパンカントリークラブ,528-0065,甲賀市水口町春日,甲賀市水口町春日１４６番地,１４６番地,0748-65-2552,株式会社春日ゴルフ,H12/12/28,私営・ヘルス,,,甲賀,5627926.pdf
公衆浴場,Ｔｈｅｒａｐｙ ｚｏｎｅ Ｇｒａｎｄ Ｂｌｕｅ,520-3015,栗東市安養寺七丁目,栗東市安養寺七丁目１－１８エステートビル１Ｆ,１－１８エステートビル１Ｆ,077-551-5430,有限会社碧 ＢＬＵＥ,H17/08/04,私営・その他,,,草津,5627926.pdf
公衆浴場,グンゼスポーツクラブ 南草津店,525-0050,草津市南草津二丁目,草津市南草津二丁目５－６,５－６,077-566-5101,グンゼスポーツ株式会社,H20/03/24,私営・その他,,,草津,5627926.pdf
公衆浴場,ゴールドジム栗東滋賀,520-3031,栗東市綣二丁目,栗東市綣二丁目４－５ ウイングプラザ３Ｆ,４－５ ウイングプラザ３Ｆ,077-554-2255,株式会社ＴＨＩＮＫフィット ネス,H18/04/28,私営・その他,,,草津,5627926.pdf
公衆浴場,ザ・ウェルネス健康トレーニングセンター,520-3015,栗東市安養寺一丁目,栗東市安養寺一丁目２－２２,２－２２,,株式会社栗東会館,S61/01/31,私営・サウナ,,,草津,5627926.pdf
公衆浴場,ジャパンエースゴルフ倶楽部,520-3011,栗東市下戸山,栗東市下戸山５００,５００,,株式会社アヤハゴルフリンク ス,S60/03/19,私営・ヘルス,,,草津,5627926.pdf
公衆浴場,なごみの郷,525-0005,草津市志那町,草津市志那町２５５２ 他６筆,２５５２ 他６筆,,草津市,H13/03/30,公営・ヘルス,,,草津,5627926.pdf
公衆浴場,ポイントバケーション近江びわ湖,525-0061,草津市北山田町,草津市北山田町５６０,５６０,077-561-0061,株式会社リロバケーションズ,R07/04/07,私営・その他,,,草津,5627926.pdf
公衆浴場,ビバスポーツアカデミー南草津店,525-0055,草津市野路一丁目,草津市野路一丁目１５－５ フェリエ６Ｆ,１５－５ フェリエ６Ｆ,077-566-8700,株式会社ビバ,H14/07/18,私営・その他,,,草津,5627926.pdf
公衆浴場,ぷかりランド元気倶楽部,524-0102,守山市水保町,守山市水保町１１７２－１,１１７２－１,,株式会社ベルデクラブ,H04/03/31,私営・ヘルス,,,草津,5627926.pdf
公衆浴場,プライベート岩盤浴 癒らら,520-2352,野洲市冨波乙,野洲市冨波乙７９８－５,７９８－５,077-586-2344,北田 直子,H19/04/27,私営・その他,,,草津,5627926.pdf
公衆浴場,ヤマコー・スーパーセントー,525-0071,草津市南笠東三丁目,草津市南笠東三丁目１６－１２,１６－１２,,株式会社山幸製作所,H09/10/31,私営・その他,,,草津,5627926.pdf
公衆浴場,ゆめ郷,524-0101,守山市今浜町,守山市今浜町２５３２－５,２５３２－５,077-584-3790,株式会社袋布向春園本店,H17/12/09,私営・その他,,,草津,5627926.pdf
公衆浴場,伽羅ガーデンスクエア,525-0032,草津市大路二丁目,草津市大路二丁目１－２７,１－２７,077-566-2698,伊藤忠アーバンコミュニティ 株式会社,H20/01/04,私営・その他,,,草津,5627926.pdf
公衆浴場,岩盤浴 栗東,520-3005,栗東市御園,栗東市御園１９５８番地,１９５８番地,077-558-1002,株式会社愉々,H18/07/21,私営・その他,,,草津,5627926.pdf
公衆浴場,岩盤浴 石の癒 南草津店,525-0055,草津市野路一丁目,草津市野路一丁目１７番２号フェリエ南草津４Ｆ,１７番２号フェリエ南草津４Ｆ,077-564-1419,武田 直美,H17/03/31,私営・その他,,,草津,5627926.pdf
公衆浴場,栗東市総合福祉保健センター,520-3015,栗東市安養寺,栗東市安養寺１９０,１９０,077-552-0500,栗東市,H16/08/21,公営・その他,,,草津,5627926.pdf
公衆浴場,栗東市立ひだまりの家,520-3036,栗東市十里,栗東市十里３９９－３,３９９－３,077-552-1000,栗東市,H16/07/12,公営・ヘルス,,,草津,5627926.pdf
公衆浴場,栗東市やすらぎの家,520-3041,栗東市出庭,栗東市出庭７００－１,７００－１,077-554-0606,栗東市,H05/04/12,公営・ヘルス,,,草津,5627926.pdf
公衆浴場,栗東市ゆうあいの家,520-3024,栗東市小柿一丁目,栗東市小柿一丁目１０番１０号,１０番１０号,077-554-1004,栗東市,H09/04/15,公営・ヘルス,,,草津,5627926.pdf
公衆浴場,桜湯,525-0032,草津市大路一丁目,草津市大路一丁目１６－６,１６－６,,木村 みち子,S54/09/07,私営・一般,,,草津,5627926.pdf
公衆浴場,琵琶湖マリオットホテル,524-0101,守山市今浜町,守山市今浜町十軒家２８７６番地,十軒家２８７６番地,077-585-6100,森トラスト・ホテルズ＆リ ゾーツ株式会社,H26/01/22,私営・その他,,,草津,5627926.pdf
公衆浴場,草津市立長寿の郷 ロクハ荘,525-0046,草津市追分町,草津市追分町６２４－２,６２４－２,63-1234,草津市,H06/09/09,公営・ヘルス,,,草津,5627926.pdf
公衆浴場,琵琶湖カントリークラブ,520-3005,栗東市御園,栗東市御園５１３,５１３,,ヤンマーコーポレーション株 式会社,S60/03/19,私営・ヘルス,,,草津,5627926.pdf
公衆浴場,夢の癒し草津駅前店,525-0032,草津市大路一丁目,草津市大路一丁目１６－３０,１６－３０,077-567-0184,有限会社湖南建行,H17/12/26,私営・その他,,,草津,5627926.pdf
公衆浴場,野洲市老人福祉センター浴場,520-2331,野洲市小篠原,野洲市小篠原１９６５－４,１９６５－４,588-2940,野洲市,H17/11/21,公営・その他,,,草津,5627926.pdf
公衆浴場,癒らぎ,524-0037,守山市梅田町,守山市梅田町５－６ 平和堂守山店２Ｆ,５－６ 平和堂守山店２Ｆ,077-582-5006,石田 清浩,H19/04/13,私営・その他,,,草津,5627926.pdf
公衆浴場,守山天然温泉 ほたるの湯,524-0021,守山市吉身四丁目,守山市吉身四丁目５－２０,５－２０,077-514-0591,有限会社ビージェイホール ディングス,H21/10/21,私営・ヘルス,,,草津,5627926.pdf
公衆浴場,草津湯元 水春,525-0067,草津市新浜町,草津市新浜町３８０,３８０,077-516-1126,株式会社ビーバーレコード,H22/04/22,私営・ヘルス,,,草津,5627926.pdf
公衆浴場,琵琶湖レークサイドゴルフコース クラブハウス,524-0104,守山市木浜町,守山市木浜町２３００,２３００,077-585-1321,株式会社アヤハゴルフリンク ス,H23/06/28,私営・その他,,,草津,5627926.pdf
公衆浴場,たかの友梨 ビューティクリニック 草津店,525-0026,草津市渋川一丁目,草津市渋川一丁目１－５０ 近鉄百貨店３階,１－５０ 近鉄百貨店３階,077-564-4145,株式会社不二ビューティ,H23/06/13,私営・サウナ,,,草津,5627926.pdf
公衆浴場,ｆａｎ－ｄｉｉ,525-0055,草津市野路町,草津市野路町６８６ 1階,６８６ 1階,077-566-3811,坂口 曜子,H23/04/22,私営・その他,,,草津,5627926.pdf
公衆浴場,ホリデイスポーツクラブ草津,525-0027,草津市野村四丁目,草津市野村四丁目3-11,3-11,077-566-5100,株式会社東祥,H25/09/06,私営・その他,,,草津,5627926.pdf
公衆浴場,琵琶湖アーバンリゾート管理棟 クアハウス,524-0101,守山市今浜町,守山市今浜町七番２６２０－１００,七番２６２０－１００,077-585-6385,琵琶湖アーバンリゾート管理 棟施設団地管理組合法人,H28/01/19,私営・ヘルス,,,草津,5627926.pdf
公衆浴場,スポーツクラブＩＺＵＭＩ２１,524-0041,守山市勝部一丁目,守山市勝部一丁目１－１７ 守山駅前近江鉄道ビ ル３階,１－１７ 守山駅前近江鉄道ビ ル３階,077-581-2800,株式会社いずみ二一,H29/11/22,私営・ヘルス,,,草津,5627926.pdf
公衆浴場,酵素風呂 穂のしずく,525-0027,草津市野村六丁目,草津市野村六丁目６－４,６－４,,小寺 奈穂,H30/07/17,私営・その他,,,草津,5627926.pdf
公衆浴場,守山湯元水春ピエリ守山,524-0101,守山市今浜町,守山市今浜町２６２０－５,２６２０－５,077-599-1126,株式会社ビーバーレコード,H31/02/21,私営・ヘルス,,,草津,5627926.pdf
公衆浴場,環境学習都市宣言記念公園交流拠点施設,-,守山市,守山市環境学習都市宣言記念公園１－ １,環境学習都市宣言記念公園１－ １,,守山市,R03/04/09,公営・ヘルス,,,草津,5627926.pdf
公衆浴場,酵素浴＆ＣＡＦＥ ＨＡＫＵ,524-0102,守山市水保町,守山市水保町１１６８－１,１１６８－１,,株式会社Ｏｎ,R01/09/05,私営・その他,,,草津,5627926.pdf
公衆浴場,野洲市健康スポーツセンター,520-2313,野洲市大篠原,野洲市大篠原３３３３－６,３３３３－６,077-596-5964,野洲すいむ8NEXT－PFI株式会 社,R02/07/02,私営・ヘルス,,,草津,5627926.pdf
公衆浴場,酵素温浴 Ｍａ ｂｅｌｌｅ,520-3035,栗東市霊仙寺六丁目,栗東市霊仙寺六丁目７－３０,７－３０,077-599-0693,マハロ不動産株式会社,R04/05/23,私営・その他,,,草津,5627926.pdf
公衆浴場,ゴールドジム草津滋賀,525-0037,草津市西大路町,草津市西大路町４－３２ クサツウエストロイ ヤルタワー３階,４－３２ クサツウエストロイ ヤルタワー３階,077-566-8866,株式会社ＴＨＩＮＫフィット ネス,R04/06/29,私営・その他,,,草津,5627926.pdf
公衆浴場,ＹＡＮＭＡＲ ＳＵＮＳＥＴ ＭＡＲＩＮＡ ＣＬ ＵＢＨＯＵＳＥ＆ＨＯＴＥＬ,524-0102,守山市水保町,守山市水保町１３８０,１３８０,077-585-1212,ヤンマーコーポレーション株 式会社,R05/07/28,私営・その他,,,草津,5627926.pdf
公衆浴場,栗東市立森林体験交流センター,520-3002,栗東市観音寺,栗東市観音寺５３７－１,５３７－１,077-558-0600,栗東市,R07/04/07,公営・その他,,,草津,5627926.pdf
公衆浴場,立命館大学 エポック立命２１,525-0058,草津市野路東一丁目,草津市野路東一丁目１－１ 立命館大学びわこ・く さつキャンパス内,１－１ 立命館大学びわこ・く さつキャンパス内,077-561-5918,学校法人立命館,R07/04/10,私営・その他,,,草津,5627926.pdf
公衆浴場,メイプルヒルズゴルフ倶楽部,529-1814,甲賀市信楽町田代,甲賀市信楽町田代６５,６５,82-3800,大平開発株式会社,H07/03/06,私営・ヘルス,,,甲賀,5627926.pdf
公衆浴場,株式会社富士スタジアムゴルフ倶楽部,520-3423,甲賀市甲賀町五反田,甲賀市甲賀町五反田５７４,５７４,88-6600,株式会社富士スタジアムゴル フ倶楽部,H08/06/28,私営・ヘルス,,,甲賀,5627926.pdf
公衆浴場,宮乃温泉,520-3314,甲賀市甲南町杉谷,甲賀市甲南町杉谷３６４－１,３６４－１,0748-86-2212,寺井喜志雄,H16/09/10,私営・その他,,,甲賀,5627926.pdf
公衆浴場,近江カントリー倶楽部,520-3242,湖南市菩提寺,湖南市菩提寺１４１０,１４１０,74-0121,近江興産株式会社,S60/05/25,私営・ヘルス,,,甲賀,5627926.pdf
公衆浴場,湖南市石部老人福祉センター内 なごみの湯,520-3106,湖南市石部中央一丁目,湖南市石部中央一丁目１番６号,１番６号,77-5045,湖南市,H08/07/05,公営・ヘルス,,,甲賀,5627926.pdf
公衆浴場,甲賀カントリー倶楽部,520-3221,湖南市三雲,湖南市三雲３３５４,３３５４,72-1221,日本観光開発株式会社,S60/06/13,私営・ヘルス,,,甲賀,5627926.pdf
公衆浴場,滋賀カントリー倶楽部,529-1841,甲賀市信楽町上朝宮,甲賀市信楽町上朝宮１２２４－３,１２２４－３,,株式会社滋賀カントリー倶楽 部,S60/05/25,私営・ヘルス,,,甲賀,5627926.pdf
公衆浴場,滋賀ゴルフ倶楽部,528-0004,甲賀市水口町嶬峨,甲賀市水口町嶬峨１１１５番地１,１１１５番地１,62-0030,PGMプロパティーズ株式会社,S60/05/25,私営・ヘルス,,,甲賀,5627926.pdf
公衆浴場,滋賀甲南カントリークラブ,520-3301,甲賀市甲南町寺庄,甲賀市甲南町寺庄１５１,１５１,86-5577,滋賀県観光開発株式会社,H08/06/28,私営・ヘルス,,,甲賀,5627926.pdf
公衆浴場,小川亭,529-1835,甲賀市信楽町長野,甲賀市信楽町長野８７６番地,８７６番地,0748-82-0008,有限会社小川亭,H17/04/22,私営・その他,,,甲賀,5627926.pdf
公衆浴場,信楽カントリー倶楽部 田代コース,529-1814,甲賀市信楽町田代,甲賀市信楽町田代７６３,７６３,82-3071,信和ゴルフ株式会社,S60/05/25,私営・ヘルス,,,甲賀,5627926.pdf
公衆浴場,清水湯,528-0031,甲賀市水口町本町二丁 目,甲賀市水口町本町二丁 目５－１０,５－１０,62-2666,津田 清一,S56/08/31,私営・一般,,,甲賀,5627926.pdf
公衆浴場,双鈴ゴルフクラブ 土山コース,528-0212,甲賀市土山町南土山,甲賀市土山町南土山１１１８,１１１８,0748-66-1611,アコーディア・ゴルフ・ア セット合同会社,H18/07/28,私営・ヘルス,,,甲賀,5627926.pdf
公衆浴場,大甲賀カントリークラブ神コース,520-3411,甲賀市甲賀町神,甲賀市甲賀町神１９４０,１９４０,88-5678,大場商事株式会社,S60/06/13,私営・ヘルス,,,甲賀,5627926.pdf
公衆浴場,大甲賀カントリークラブ油日コース,520-3413,甲賀市甲賀町油日,甲賀市甲賀町油日１６９５,１６９５,88-2511,大場商事株式会社,H08/10/16,私営・ヘルス,,,甲賀,5627926.pdf
公衆浴場,富士スタジアムゴルフ倶楽部 北コース クラブハ ウス,520-3422,甲賀市甲賀町和田,甲賀市甲賀町和田７０２－２,７０２－２,0748-88-6565,株式会社富士スタジアムゴル フ倶楽部,H10/10/06,私営・ヘルス,,,甲賀,5627926.pdf
公衆浴場,名神栗東カントリー倶楽部,528-0233,甲賀市土山町市場,甲賀市土山町市場９９１,９９１,67-0335,京滋観光開発株式会社,H02/03/01,私営・ヘルス,,,甲賀,5627926.pdf
公衆浴場,名神竜王カントリー倶楽部,528-0065,甲賀市水口町春日,甲賀市水口町春日１６１６,１６１６,62-4387,東神商事株式会社,H06/02/02,私営・ヘルス,,,甲賀,5627926.pdf
公衆浴場,デイリー信楽カントリー倶楽部,529-1821,甲賀市信楽町多羅尾,甲賀市信楽町多羅尾１５７７,１５７７,0748-85-8020,株式会社デイリー社,H21/04/20,私営・ヘルス,,,甲賀,5627926.pdf
公衆浴場,ヒーリングストーンスパ 美の癒し 水口店,528-0032,甲賀市水口町八坂,甲賀市水口町八坂８－４０,８－４０,0748-65-3744,大野 梨香,H22/02/15,私営・その他,,,甲賀,5627926.pdf
公衆浴場,玉桂寺健康センター,529-1804,甲賀市信楽町勅旨,甲賀市信楽町勅旨８９１,８９１,0748-83-1515,密山 治子,H22/03/25,私営・ヘルス,,,甲賀,5627926.pdf
公衆浴場,十二坊温泉ゆらら（浴場）,520-3252,湖南市岩根,湖南市岩根６７８番地２８,６７８番地２８,0748-72-8211,湖南市,H22/08/10,公営・ヘルス,,,甲賀,5627926.pdf
公衆浴場,水口温泉 つばきの湯,528-0005,甲賀市水口町水口,甲賀市水口町水口５５７２,５５７２,0748-65-1126,朝陽物産株式会社,H24/03/29,私営・その他,,,甲賀,5627926.pdf
公衆浴場,大河原温泉かもしか荘（あいの土山都市との交流セ ンター),528-0201,甲賀市土山町大河原,甲賀市土山町大河原１１０４,１１０４,0748-69-0344,甲賀市,H25/07/18,公営・その他,,,甲賀,5627926.pdf
公衆浴場,朝宮ゴルフコース,529-1841,甲賀市信楽町上朝宮,甲賀市信楽町上朝宮１－１,１－１,0748-84-8080,株式会社アコーディア・ゴル フ,H27/10/01,私営・その他,,,甲賀,5627926.pdf
公衆浴場,碧水の湯 アクア,528-0057,甲賀市水口町北脇,甲賀市水口町北脇２３７－８,２３７－８,0748-63-3210,株式会社ＪＫＣコーポレー ション,H28/12/19,私営・ヘルス,,,甲賀,5627926.pdf
公衆浴場,ローズゴルフクラブ,529-1851,甲賀市信楽町長野,甲賀市信楽町長野１５３２－２,１５３２－２,0748-83-0031,サーガ株式会社,H30/10/01,私営・その他,,,甲賀,5627926.pdf
公衆浴場,信楽カントリー倶楽部 杉山コース,529-1813,甲賀市信楽町畑,甲賀市信楽町畑５５－１,５５－１,0748-82-3711,信和ゴルフ株式会社,H31/03/27,私営・その他,,,甲賀,5627926.pdf
公衆浴場,ＫＡＭＯＳＨＩＫＡ ＥＸ,528-0201,甲賀市土山町大河原,甲賀市土山町大河原１５２９－１,１５２９－１,,株式会社かもしかリゾート,R04/09/20,私営・サウナ,,,甲賀,5627926.pdf
公衆浴場,ＭＩＸＮＡＴＵＲＥ,529-1802,甲賀市信楽町黄瀬,甲賀市信楽町黄瀬４２４－１,４２４－１,,田村 健一,R06/01/19,私営・サウナ,,,甲賀,5627926.pdf
公衆浴場,ハイパーフィットウェルネス２４ 水口店,528-0035,甲賀市水口町名坂,甲賀市水口町名坂８３８,８３８,0748-65-2077,株式会社サンミュージック,R07/06/23,私営・サウナ,,,甲賀,5627926.pdf
公衆浴場,Ｐｕｒｅｌａ,523-0893,近江八幡市桜宮町,近江八幡市桜宮町２０２－１ アルプラザ近江八 幡店２階,２０２－１ アルプラザ近江八 幡店２階,0748-33-1166,石田 清浩,H19/06/01,私営・その他,,,東近江,5627926.pdf
公衆浴場,ＳＬＯＷ ＴＩＭＥ,523-0894,近江八幡市中村町,近江八幡市中村町２０－１５ キャッスルビル３ 階,２０－１５ キャッスルビル３ 階,0748-34-4285,長﨑 雄樹,H20/04/08,私営・その他,,,東近江,5627926.pdf
公衆浴場,ストーンスパ 玉の癒,523-0031,近江八幡市堀上町,近江八幡市堀上町２１７－１,２１７－１,0748-32-0881,森山 清一,H18/11/01,私営・その他,,,東近江,5627926.pdf
公衆浴場,だいちの恵,523-0043,近江八幡市池田本町,近江八幡市池田本町１１０１－８,１１０１－８,0748-36-5401,原 健二,H18/10/27,私営・その他,,,東近江,5627926.pdf
公衆浴場,ドラゴンスポーツセンター,520-2541,蒲生郡竜王町岡屋,蒲生郡竜王町岡屋３２８２,３２８２,0748-58-3173,公益財団法人竜王町地域振興 事業団,H12/07/12,私営・ヘルス,,,東近江,5627926.pdf
公衆浴場,永源寺温泉 「八風の湯」,527-0212,東近江市永源寺高野町,東近江市永源寺高野町３５２,３５２,0748-27-1126,株式会社アヤハレ－クサイド ホテル,H20/07/23,私営・ヘルス,,,東近江,5627926.pdf
公衆浴場,延命湯,527-0012,東近江市八日市本町,東近江市八日市本町１１－９,１１－９,22-1002,西村和英,H10/03/25,私営・一般,,,東近江,5627926.pdf
公衆浴場,蒲生ゴルフ倶楽部,529-1658,蒲生郡日野町中山,蒲生郡日野町中山７２４－１,７２４－１,0748-52-4640,エヌデイーシー株式会社,S59/12/25,私営・ヘルス,,,東近江,5627926.pdf
公衆浴場,岩盤浴 ストーンリラックスＣｉｔａ－Ｃｉｔａ,527-0091,東近江市小脇町,東近江市小脇町２４１６－１６,２４１６－１６,0748-23-8718,株式会社ユニックス,H18/10/16,私営・その他,,,東近江,5627926.pdf
公衆浴場,休暇村 近江八幡 東館,523-0801,近江八幡市沖島町,近江八幡市沖島町宮ヶ浜,宮ヶ浜,0748-32-3138,一般財団法人休暇村協会,H15/03/19,私営・ヘルス,,,東近江,5627926.pdf
公衆浴場,近江ヒルズゴルフ倶楽部,529-1631,蒲生郡日野町鎌掛,蒲生郡日野町鎌掛１－３１４,１－３１４,0748-53-1177,ＰＧＭプロパティーズ株式会 社,H19/04/01,私営・その他,,,東近江,5627926.pdf
公衆浴場,朝日野カントリー倶楽部,529-1534,東近江市鈴町,東近江市鈴町１１２０,１１２０,0748-55-2111,株式会社アヤハゴルフリンク ス,S60/05/16,私営・ヘルス,,,東近江,5627926.pdf
公衆浴場,天然温泉 蒲生野の湯,520-2531,蒲生郡竜王町山之上,蒲生郡竜王町山之上７１０４－１,７１０４－１,,竜王蒲生野株式会社,H19/02/28,私営・ヘルス,,,東近江,5627926.pdf
公衆浴場,日野ゴルフ倶楽部,529-1611,蒲生郡日野町杣,蒲生郡日野町杣１１４６－１,１１４６－１,52-2115,観光日本株式会社,H05/08/12,私営・ヘルス,,,東近江,5627926.pdf
公衆浴場,近江八幡市立八幡町第１共同浴場,523-0857,近江八幡市八幡町,近江八幡市八幡町２１３,２１３,0748-32-8148,近江八幡市,S47/05/10,公営・一般,,,東近江,5627926.pdf
公衆浴場,夢の愈し 近江八幡店,523-0894,近江八幡市中村町,近江八幡市中村町２０－１５ キャッスルビル３ 階,２０－１５ キャッスルビル３ 階,0748-32-1131,竹中 久徳,H19/01/12,私営・その他,,,東近江,5627926.pdf
公衆浴場,名神八日市カントリークラブ,529-1501,東近江市石塔町,東近江市石塔町９８３－１５０,９８３－１５０,0748-55-1122,株式会社名神八日市カント リークラブ,H12/12/28,私営・ヘルス,,,東近江,5627926.pdf
公衆浴場,竜王ゴルフコース,520-2542,蒲生郡竜王町山中,蒲生郡竜王町山中１３９１,１３９１,0748-58-2111,竜王ゴルフ合同会社,H13/07/04,私営・ヘルス,,,東近江,5627926.pdf
公衆浴場,デトックスハウス 美の癒し Ｏ２ 近江八幡店,523-0015,近江八幡市上田町,近江八幡市上田町１３４９－１,１３４９－１,0748-37-2321,丸茂 真弓,H22/03/05,私営・その他,,,東近江,5627926.pdf
公衆浴場,コパン近江八幡,523-0891,近江八幡市鷹飼町,近江八幡市鷹飼町３０２,３０２,0748-37-1771,株式会社コパン,H23/01/31,私営・ヘルス,,,東近江,5627926.pdf
公衆浴場,炭酸カルシウム温泉 八幡の湯,523-0894,近江八幡市中村町,近江八幡市中村町２１－６,２１－６,0748-32-8180,株式会社グリーンホテル,H25/07/01,私営・その他,,,東近江,5627926.pdf
公衆浴場,Ｃｈａｒｍ 八日市店,527-0046,東近江市妙法寺町,東近江市妙法寺町６９４－６ ２Ｆ,６９４－６ ２Ｆ,0748-26-6655,Ｃｈａｒｍ Ｊａｐａｎ株式 会社,H26/03/28,私営・その他,,,東近江,5627926.pdf
公衆浴場,長命寺温泉 天葉の湯,523-0808,近江八幡市長命寺町,近江八幡市長命寺町６５－１,６５－１,,株式会社心瑛,R02/04/07,私営・ヘルス,,,東近江,5627926.pdf
公衆浴場,ＷＯＭＡＮ 酵素浴 美容鍼,523-0893,近江八幡市桜宮町,近江八幡市桜宮町２０７－４,２０７－４,0748-47-3814,株式会社おうみ社中,R02/10/16,私営・その他,,,東近江,5627926.pdf
公衆浴場,湖東やすらぎ浴 至福の湯,527-0102,東近江市平柳町,東近江市平柳町２２－３,２２－３,0749-45-3880,センコーグループホールディ ングス株式会社,R04/07/13,私営・ヘルス,,,東近江,5627926.pdf
公衆浴場,ＢＩＷＡＫО ＳＡＵＮＡ,529-1628,蒲生郡日野町西大路,蒲生郡日野町西大路２１６８,２１６８,,河合 甲司,R07/02/17,私営・サウナ,,,東近江,5627926.pdf
公衆浴場,３６９ サウナ,523-0803,近江八幡市白王町,近江八幡市白王町６１６－２,６１６－２,0748-29-3053,株式会社クーネル,R07/12/24,私営・サウナ,,,東近江,5627926.pdf
公衆浴場,アットタイム 彦根店,522-0027,彦根市東沼波町,彦根市東沼波町１１１－１ １Ｆ,１１１－１ １Ｆ,21-4100,株式会社サンミュージック,H19/04/25,私営・その他,,,彦根,5627926.pdf
公衆浴場,エルスポーツ彦根,522-0052,彦根市長曽根南町,彦根市長曽根南町４７８,４７８,0749-24-8055,株式会社アクトス,H19/10/01,私営・その他,,,彦根,5627926.pdf
公衆浴場,ボディケアー ネネ,522-0074,彦根市大東町,彦根市大東町２－２８ アルプラザ彦根店３ Ｆ,２－２８ アルプラザ彦根店３ Ｆ,27-6659,木野 英太郎,H20/07/08,私営・その他,,,彦根,5627926.pdf
公衆浴場,極楽湯 彦根店,522-0038,彦根市西沼波町,彦根市西沼波町１７５－１,１７５－１,0749-26-2926,株式会社極楽湯,H13/04/20,私営・ヘルス,,,彦根,5627926.pdf
公衆浴場,香良の湯,522-0244,犬上郡甲良町在士,犬上郡甲良町在士３５７－１,３５７－１,0749-38-5151,甲良町,H10/12/21,公営・ヘルス,,,彦根,5627926.pdf
公衆浴場,彦根カントリー倶楽部,522-0004,彦根市鳥居本町,彦根市鳥居本町字つと入２９４７－４,字つと入２９４７－４,0749-24-4151,平和観光開発株式会社,S60/11/19,私営・ヘルス,,,彦根,5627926.pdf
公衆浴場,彦坊ヘルシーセンター,522-0023,彦根市原町,彦根市原町８００－７９他,８００－７９他,24-2601,彦坊観光株式会社,S63/01/18,私営・ヘルス,,,彦根,5627926.pdf
公衆浴場,癒ら樹,522-0086,彦根市後三条町,彦根市後三条町６１１ 高畑ビル１Ｆ,６１１ 高畑ビル１Ｆ,23-4800,有限会社アクセスワールド,H18/05/30,私営・その他,,,彦根,5627926.pdf
公衆浴場,天空風呂,529-1331,愛知郡愛荘町愛知川,愛知郡愛荘町愛知川８８２,８８２,42-2427,有限会社近江屋,H21/12/09,私営・その他,,,彦根,5627926.pdf
公衆浴場,レストイン多賀,522-0342,犬上郡多賀町敏満寺,犬上郡多賀町敏満寺６６－３６,６６－３６,0749-48-1233,株式会社グリーンズ,H22/11/02,私営・その他,,,彦根,5627926.pdf
公衆浴場,城見の湯,522-0075,彦根市佐和町,彦根市佐和町１－８,１－８,0749-21-3073,株式会社一圓興産,H26/03/18,私営・ヘルス,,,彦根,5627926.pdf
公衆浴場,＊彦根びわこホテル,522-0041,彦根市平田町,彦根市平田町６３,６３,0749-24-8000,彦根びわこホテル株式会社,H28/09/30,私営・ヘルス,,,彦根,5627926.pdf
公衆浴場,亀の井ホテル 彦根,522-0002,彦根市松原町,彦根市松原町３７５９,３７５９,0749-22-8090,アイコニア・ホスピタリティ 株式会社,R04/04/05,私営・ヘルス,,,彦根,5627926.pdf
公衆浴場,鍼灸サロン ｌｉｌｙ'ｓ ｙｏｕ －リリーズユウ－,522-0064,彦根市本町二丁目,彦根市本町二丁目２－２３,２－２３,0749-33-0236,田邊 祥子,R05/11/16,私営・その他,,,彦根,5627926.pdf
公衆浴場,彦根ＴＳ がてんの湯,522-0004,彦根市鳥居本町,彦根市鳥居本町２３３７－１,２３３７－１,0749-26-0156,株式会社フューチャーライフ,R05/11/30,私営・ヘルス,,,彦根,5627926.pdf
公衆浴場,ＨＯＬＩＴＯ,522-0064,彦根市本町一丁目,彦根市本町一丁目１１－１９ ３Ｆ,１１－１９ ３Ｆ,,石井 つばき,R06/05/14,私営・その他,,,彦根,5627926.pdf
公衆浴場,フィットイージー 彦根店,522-0002,彦根市松原町,彦根市松原町１８３６,１８３６,,プラネット株式会社,R06/06/11,私営・サウナ,,,彦根,5627926.pdf
公衆浴場,ハイパーフィット２４ 彦根店,522-0042,彦根市戸賀町,彦根市戸賀町５７－１,５７－１,0749-47-3711,株式会社サンミュージック,R06/07/24,私営・サウナ,,,彦根,5627926.pdf
公衆浴場,ハイパーフィット２４ アネックス彦根店,522-0042,彦根市戸賀町,彦根市戸賀町１３７－１,１３７－１,0749-47-3711,株式会社サンミュージック,R06/07/24,私営・サウナ,,,彦根,5627926.pdf
公衆浴場,ＤＯＧＡ ＳＡＵＮＡ,522-0335,犬上郡多賀町藤瀬,犬上郡多賀町藤瀬４２４,４２４,0749-48-7575,株式会社ひらつか建築,R06/06/11,私営・サウナ,,,彦根,5627926.pdf
公衆浴場,Ａ２,522-0002,彦根市松原町,彦根市松原町１８７５－３,１８７５－３,,株式会社Ａ２,R07/03/31,私営・サウナ,,,彦根,5627926.pdf
公衆浴場,グリーンパーク山東 鴨池荘 美肌の湯,521-0221,米原市池下,米原市池下８０番地１,８０番地１,0749-55-3751,奥伊吹観光株式会社,H18/03/31,私営・その他,,,長浜,5627926.pdf
公衆浴場,サウナ春,526-0805,長浜市榎木町,長浜市榎木町３０,３０,,安藤 喜代子,S48/04/01,私営・サウナ,,,長浜,5627926.pdf
公衆浴場,ストーンスパ 美の癒し,521-0074,米原市高溝,米原市高溝２１０,２１０,0749-52-8818,株式会社醍醐,H17/12/20,私営・その他,,,長浜,5627926.pdf
公衆浴場,伊吹高原の湯,521-0312,米原市上野,米原市上野１８５５（伊吹山３合目）,１８５５（伊吹山３合目）,0749-58-0303,ピステジャポン株式会社,H17/12/21,私営・その他,,,長浜,5627926.pdf
公衆浴場,伊吹薬草の里文化センター縄文の湯,521-0314,米原市春照,米原市春照３７,３７,0749-58-0105,公益財団法人 伊吹山麓ス ポーツ文化振興事業団,H19/04/01,私営・ヘルス,,,長浜,5627926.pdf
公衆浴場,懐古之湯（想古亭げんない）,529-0431,長浜市木之本町大音,長浜市木之本町大音１５２８,１５２８,0749-82-4127,林 景介,H18/06/21,私営・その他,,,長浜,5627926.pdf
公衆浴場,岩盤浴ルナハウス,529-0233,長浜市高月町渡岸寺,長浜市高月町渡岸寺１２５,１２５,0749-85-3455,ルナハウス株式会社,H19/01/24,私営・その他,,,長浜,5627926.pdf
公衆浴場,健康パークあざい バーデあざい（１階）,526-0203,長浜市野瀬町,長浜市野瀬町８２８,８２８,0749-76-1126,長浜市,H16/03/29,公営・その他,,,長浜,5627926.pdf
公衆浴場,健康パークあざい バーデあざい（２階）,526-0203,長浜市野瀬町,長浜市野瀬町８２８,８２８,0749-76-1126,長浜市,H16/03/29,公営・その他,,,長浜,5627926.pdf
公衆浴場,姉川コミュニティー防災センター,526-0803,長浜市西上坂町,長浜市西上坂町１１４９－３,１１４９－３,0749-64-5281,長浜市,H14/12/17,公営・その他,,,長浜,5627926.pdf
公衆浴場,姉川パーク 家族風呂,521-0307,米原市大久保,米原市大久保７８９,７８９,,白井 勇,H14/04/08,私営・その他,,,長浜,5627926.pdf
公衆浴場,須賀谷温泉,526-0277,長浜市須賀谷町,長浜市須賀谷町５６,５６,0749-74-2235,有限会社須賀谷温泉,H16/10/22,私営・その他,,,長浜,5627926.pdf
公衆浴場,清泉閣,529-0425,長浜市木之本町木之本,長浜市木之本町木之本１３２５,１３２５,0749-82-2233,横井 伸敏,H19/03/27,私営・その他,,,長浜,5627926.pdf
公衆浴場,浅井林業健康増進センター,526-0273,長浜市高畑町,長浜市高畑町３１６－１,３１６－１,0749-74-1450,長浜市,H14/02/06,公営・その他,,,長浜,5627926.pdf
公衆浴場,長浜太閤温泉 Ｇｒａｎｄ Ｍｅｒｕｃｕｒｅ Ｌ ａｋｅ Ｂｉｗａ Ｒｅｓｏｒｔ＆Ｓｐａ,526-0066,長浜市大島町,長浜市大島町３８,３８,0749-64-2000,シガ・ナガハマ２株式会社,H13/06/29,私営・その他,,,長浜,5627926.pdf
公衆浴場,尾上温泉,529-0364,長浜市湖北町尾上,長浜市湖北町尾上３１２ 旅館紅鮎内,３１２ 旅館紅鮎内,0749-79-0315,株式会社紅鮎,H18/12/08,私営・その他,,,長浜,5627926.pdf
公衆浴場,琵琶湖湯,526-0052,長浜市神前町,長浜市神前町５－１８,５－１８,0749-62-3674,桐田 千重子,H09/10/22,私営・一般,,,長浜,5627926.pdf
公衆浴場,北近江の湯,529-0205,長浜市高月町唐川,長浜市高月町唐川８９,８９,0749-85-8888,新木産業株式会社,H10/11/18,私営・ヘルス,,,長浜,5627926.pdf
公衆浴場,長浜市木之本文化センター浴室,529-0422,長浜市木之本町田部,長浜市木之本町田部５４２,５４２,0749-82-3497,長浜市,H18/05/25,公営・その他,,,長浜,5627926.pdf
公衆浴場,余呉の郷 せせらぎ荘,529-0531,長浜市余呉町中河内,長浜市余呉町中河内２７０－１,２７０－１,0749-86-3677,株式会社マルア興産,H14/03/27,私営・その他,,,長浜,5627926.pdf
公衆浴場,こりとり工房 和や ２号店,526-0063,長浜市末広町,長浜市末広町２４０－６ ワイエフビル１Ｆ,２４０－６ ワイエフビル１Ｆ,0749-63-7655,平田 達彦,H21/03/16,私営・その他,,,長浜,5627926.pdf
公衆浴場,森林文化交流センター,529-0515,長浜市余呉町中之郷,長浜市余呉町中之郷２９５,２９５,0749-86-4145,株式会社ロハス長浜,H21/11/19,私営・その他,,,長浜,5627926.pdf
公衆浴場,健康保養地 あねがわ温泉,526-0252,長浜市八島町,長浜市八島町１２５－１,１２５－１,0749-74-4488,エムエーユー株式会社,H22/06/14,私営・ヘルス,,,長浜,5627926.pdf
公衆浴場,よしの湯,526-0067,長浜市港町,長浜市港町２－２８,２－２８,0749-63-2323,滋賀不動産株式会社,H25/05/29,私営・その他,,,長浜,5627926.pdf
公衆浴場,長浜太閤温泉,526-0065,長浜市公園町,長浜市公園町４－２５,４－２５,0749-62-1111,株式会社浜湖月,H28/05/25,私営・ヘルス,,,長浜,5627926.pdf
公衆浴場,酵素温浴 Ｂｉｏｓ ビオス,526-0059,長浜市元浜町,長浜市元浜町１３－１４,１３－１４,0749-53-4126,株式会社湖北ライフスタイル 研究所,R03/03/23,私営・その他,,,長浜,5627926.pdf
公衆浴場,ＲＥＳＯＲＴ×ＳＰＡ ＦｕｔｕｒｅＲＥＳＯＲＴ,526-0824,長浜市名越町,長浜市名越町１０１６－４,１０１６－４,0749-68-1000,株式会社フューチャーリゾー ト,R05/04/14,私営・その他,,,長浜,5627926.pdf
公衆浴場,ＢＡＲＥ ＨＡＵＳ,526-0244,長浜市内保町,長浜市内保町９８８－１,９８８－１,,株式会社つかした建築,R07/02/28,私営・サウナ,,,長浜,5627926.pdf
公衆浴場,ＳＡＵＮＡ ＆ ＳＰＡ ＳＯＬＥＩＬ,526-0834,長浜市大辰巳町,長浜市大辰巳町４９,４９,,株式会社サンミュージック,R07/11/10,私営・ヘルス,,,長浜,5627926.pdf
公衆浴場,フィットイージー長浜店,526-0021,長浜市八幡中山町,長浜市八幡中山町４７３－１,４７３－１,,株式会社ライフ,R08/02/17,私営・サウナ,,,長浜,5627926.pdf
公衆浴場,フィットイージー長浜店 ＡＮＮＥＸ,526-0021,長浜市八幡中山町,長浜市八幡中山町４８０,４８０,,株式会社ライフ,R08/02/17,私営・サウナ,,,長浜,5627926.pdf
公衆浴場,ＯＵＭＩ ＷＡＶＥ,521-0062,米原市宇賀野,米原市宇賀野１３６３－１,１３６３－１,0749-55-3751,株式会社草野組,R08/07/15,私営・サウナ,,,長浜,5627926.pdf
公衆浴場,くつき温泉 てんくう,520-1415,高島市朽木柏,高島市朽木柏３４１番地の３,３４１番地の３,38-2770,一般財団法人高島まちおこし 公社,H16/04/16,私営・ヘルス,,,高島,5627926.pdf
公衆浴場,DO BEST あどがわ,520-1212,高島市安曇川町西万木,高島市安曇川町西万木５００,５００,32-2222,オオヤマホールディング株式 会社,H08/06/28,私営・ヘルス,,,高島,5627926.pdf
公衆浴場,ホテル 可以登 ANNEX 別館,520-1631,高島市今津町名小路一 丁目,高島市今津町名小路一 丁目６－１０,６－１０,22-5111,株式会社可以登楼,H17/11/30,私営・その他,,,高島,5627926.pdf
公衆浴場,マキノ高原温泉さらさ,520-1836,高島市マキノ町牧野,高島市マキノ町牧野９３１－３,９３１－３,27-8126,マキノ高原観光株式会社,H17/01/01,私営・ヘルス,,,高島,5627926.pdf
公衆浴場,安曇川デイサービスセンター,520-1217,高島市安曇川町田中,高島市安曇川町田中５５５,５５５,32-2133,高島市,H03/04/19,公営・ヘルス,,,高島,5627926.pdf
公衆浴場,奥高島老人保養所,520-1142,高島市鹿ケ瀬,高島市鹿ケ瀬４４９,４４９,37-0098,大塚 清,S58/04/01,私営・サウナ,,,高島,5627926.pdf
公衆浴場,還元陶板浴虎杖伝説の里 ふじと,520-1621,高島市今津町今津,高島市今津町今津６６６－１,６６６－１,0740-22-3798,有限会社藤戸工務店,H19/11/01,私営・その他,,,高島,5627926.pdf
公衆浴場,朽木ゴルフ倶楽部,520-1414,高島市朽木宮前坊,高島市朽木宮前坊６７－２１２,６７－２１２,38-2201,株式会社朽木ゴルフ倶楽部,S62/03/27,私営・ヘルス,,,高島,5627926.pdf
公衆浴場,健康ハウス癒,520-1605,高島市今津町南新保,高島市今津町南新保４８２－２６,４８２－２６,0740-22-2702,山口 世志子,H17/04/28,私営・その他,,,高島,5627926.pdf
公衆浴場,高島Ｂ＆Ｇ海洋センター,520-1103,高島市宮野,高島市宮野１５１６,１５１６,0740-36-1370,高島市,H15/12/01,公営・ヘルス,,,高島,5627926.pdf
公衆浴場,森の交流館浴場,520-1601,高島市今津町深清水,高島市今津町深清水２４０５－１,２４０５－１,0740-22-6868,公益財団法人ひばり,H07/03/22,私営・ヘルス,,,高島,5627926.pdf
公衆浴場,夢陶館,520-1224,高島市安曇川町上小川,高島市安曇川町上小川９－５,９－５,0740-32-2474,馬場 ことみ,H17/05/17,私営・その他,,,高島,5627926.pdf
公衆浴場,白浜荘,520-1223,高島市安曇川町下小川,高島市安曇川町下小川2300-1,2300-1,0740-32-0451,有限会社白浜荘,H23/04/15,私営・その他,,,高島,5627926.pdf
公衆浴場,Ｒａｃｉｎｅ ｈｏｍｅ針江,520-1502,高島市新旭町針江,高島市新旭町針江235,235,0740-20-6570,株式会社エムアンドアール,H27/07/29,私営・その他,,,高島,5627926.pdf
公衆浴場,宝船温泉,520-1223,高島市安曇川町下小川,高島市安曇川町下小川２２４８－２,２２４８－２,0740-32-1293,有限会社宝船温泉,H29/06/05,私営・その他,,,高島,5627926.pdf
公衆浴場,アクティプラザ琵琶,520-1503,高島市新旭町深溝,高島市新旭町深溝西釜５２０,西釜５２０,0740-25-7111,株式会社エー.エイチ.エヌ,H29/12/01,私営・その他,,,高島,5627926.pdf
公衆浴場,マキノ白谷温泉 八王子荘,520-1837,高島市マキノ町白谷,高島市マキノ町白谷３７０－１,３７０－１,0740-27-0085,株式会社Ｂ.Ｔ.Ｉ．,R01/06/03,私営・その他,,,高島,5627926.pdf
公衆浴場,朽木ゴルフ倶楽部,520-1414,高島市朽木宮前坊,高島市朽木宮前坊１－２,１－２,0740-38-2201,株式会社オーレ,R02/07/30,私営・ヘルス,,,高島,5627926.pdf
公衆浴場,ドッグラングランピング滋賀高島 高島の湯,520-1223,高島市安曇川町下小川,高島市安曇川町下小川２２４９－１１２の一部,２２４９－１１２の一部,,株式会社にしがき,R02/09/24,私営・その他,,,高島,5627926.pdf
公衆浴場,朽木ふれあいセンター浴室棟,520-1401,高島市朽木市場,高島市朽木市場６７６,６７６,0740-38-2607,高島市長,H14/05/22,公営・一般,,,高島,5627926.pdf
公衆浴場,サンクチュアリコート琵琶湖ベネチアンモダンリ ゾート ＳＰＡ＆ＷＥＬＬＮＥＳＳ,520-1223,高島市安曇川町下小川,高島市安曇川町下小川１１１３,１１１３,0740-34-8000,リゾートトラスト株式会社,R06/10/01,私営・ヘルス,,,高島,5627926.pdf
公衆浴場,ＳＴＡＧＥＸ 高島,520-1511,高島市新旭町藁園,高島市新旭町藁園３５４－３,３５４－３,0740-25-8212,光亜興産株式会社,R04/06/16,私営・サウナ,,,高島,5627926.pdf
公衆浴場,リラクピング メタセコイア店,520-1834,高島市マキノ町寺久保,高島市マキノ町寺久保６７７－１の一部、６８２－１ の一部、６８３－１の一部,６７７－１の一部、６８２－１ の一部、６８３－１の一部,0740-27-8511,一般社団法人日本アースマイ ル,R04/10/03,私営・その他,,,高島,5627926.pdf
公衆浴場,Ｔａｋａ．Ｓｔａ ＣａｍｐＳｉｔｅ,520-1223,高島市安曇川町下小川,高島市安曇川町下小川２３８２－１４,２３８２－１４,,株式会社Ｃｉｖｉｌ Ａｓｓ ｉｓｔ,R08/05/19,私営・その他,,,高島,5627926.pdf
温泉利用,琵琶湖マリオットホテル,524-0101,守山市今浜町,守山市今浜町２８７６,２８７６,077-585-6100,森トラスト・ホテルズ＆リ ゾーツ株式会社,H29/10/13,,,,草津,5627927.pdf
温泉利用,琵琶湖マリオットホテル,524-0101,守山市今浜町,守山市今浜町２８７６,２８７６,077-585-6100,森トラスト・ホテルズ＆リ ゾーツ株式会社,H29/11/27,,,,草津,5627927.pdf
温泉利用,レークさがわ,524-0102,守山市水保町,守山市水保町２８９１－４１,２８９１－４１,077-585-4567,佐川アドバンス株式会社,H27/11/19,,,,草津,5627927.pdf
温泉利用,守山天然温泉 ほたるの湯,524-0021,守山市吉身四丁目,守山市吉身四丁目５－２０,５－２０,,有限会社ビージェイホール ディングス,H21/10/21,,,,草津,5627927.pdf
温泉利用,草津湯元 水春,525-0067,草津市新浜町,草津市新浜町３８０,３８０,077-516-1126,株式会社ビーバーレコード,H22/09/17,,,,草津,5627927.pdf
温泉利用,スーパーホテル滋賀・草津国道1号沿,525-0034,草津市草津一丁目,草津市草津一丁目20－19,20－19,077-507-9000,京豊エンジニアリング株式 会社,H27/03/23,,,,草津,5627927.pdf
温泉利用,守山湯元水春ピエリ守山,524-0101,守山市今浜町,守山市今浜町２６２０－５,２６２０－５,077-599-1126,株式会社 ビーバーレコー ド,H31/02/15,,,,草津,5627927.pdf
温泉利用,ポイントバケーション近江びわ湖,525-0061,草津市北山田町,草津市北山田町５６０,５６０,077-561-0061,株式会社リロバケーション ズ,H30/10/18,,,,草津,5627927.pdf
温泉利用,ダイヤモンド滋賀,528-0208,甲賀市土山町黒川,甲賀市土山町黒川１７１１,１７１１,,株式会社ダイヤモンドソサ エティ,H16/05/25,,,,甲賀,5627927.pdf
温泉利用,信楽たぬき温泉（温泉スタンド）,529-1831,甲賀市信楽町西,甲賀市信楽町西４５９,４５９,,上田 和弘,H09/06/09,,,,甲賀,5627927.pdf
温泉利用,信楽たぬき温泉（足湯）,529-1831,甲賀市信楽町西,甲賀市信楽町西４５９,４５９,,有限会社分福,H17/05/23,,,,甲賀,5627927.pdf
温泉利用,ダイヤモンド滋賀 温浴棟,528-0208,甲賀市土山町黒川,甲賀市土山町黒川１７１１,１７１１,,（株）ダイヤモンドソサエ ティ,H20/04/22,,,,甲賀,5627927.pdf
温泉利用,小川亭,529-1851,甲賀市信楽町長野,甲賀市信楽町長野８７６,８７６,,（有）小川亭,H17/04/12,,,,甲賀,5627927.pdf
温泉利用,宮乃温泉,520-3314,甲賀市甲南町杉谷,甲賀市甲南町杉谷３６４－１,３６４－１,,寺井 喜志雄,S32/10/04,,,,甲賀,5627927.pdf
温泉利用,塩野温泉,520-3315,甲賀市甲南町塩野,甲賀市甲南町塩野２６９,２６９,,辻 英典,S32/10/04,,,,甲賀,5627927.pdf
温泉利用,タラオレイクヴィラ信楽温泉多羅尾乃湯,529-1821,甲賀市信楽町多羅尾,甲賀市信楽町多羅尾１番地,１番地,,株式会社三栄開発,H13/03/30,,,,甲賀,5627927.pdf
温泉利用,十二坊温泉ゆらら（温泉スタンド）,520-3252,湖南市岩根,湖南市岩根６７８番地２８,６７８番地２８,0748-72-8211,湖南市,H22/08/10,,,,甲賀,5627927.pdf
温泉利用,十二坊温泉ゆらら（バーデプール）,520-3252,湖南市岩根,湖南市岩根６７８番地２８,６７８番地２８,0748-72-8211,湖南市,H22/08/10,,,,甲賀,5627927.pdf
温泉利用,十二坊温泉ゆらら（浴場）,520-3252,湖南市岩根,湖南市岩根６７８番地２８,６７８番地２８,0748-72-8211,湖南市,H22/08/10,,,,甲賀,5627927.pdf
温泉利用,大河原温泉かもしか荘（あいの土山都市との交 流センター）男女浴槽および露天風呂,528-0201,甲賀市土山町大河原,甲賀市土山町大河原１１１９,１１１９,0748-69-0344,甲賀市,H25/07/18,,,,甲賀,5627927.pdf
温泉利用,休暇村 近江八幡,,近江八幡市島町,近江八幡市島町宮ヶ浜,宮ヶ浜,,一般財団法人休暇村協会,H15/03/19,,,,東近江,5627927.pdf
温泉利用,天然温泉 蒲生野の湯,,蒲生郡竜王町山之上,蒲生郡竜王町山之上７１０４－１,７１０４－１,,竜王蒲生野株式会社,H19/02/28,,,,東近江,5627927.pdf
温泉利用,永源寺温泉 八風の湯,,東近江市永源寺高野町,東近江市永源寺高野町352,352,,株式会社アヤハレークサイ ドホテル,H20/07/23,,,,東近江,5627927.pdf
温泉利用,長命寺温泉 天葉の湯,523-0808,近江八幡市長命寺町,近江八幡市長命寺町６５－１,６５－１,,株式会社心瑛,R02/04/07,,,,東近江,5627927.pdf
温泉利用,亀の井ホテル 彦根,522-0002,彦根市松原町,彦根市松原町３７５９,３７５９,0749-22-8090,アイコニア・ホスピタリ ティ株式会社,R04/04/05,,,,彦根,5627927.pdf
温泉利用,蒼の湖邸 ＢＩＷＡＦＲＯＮＴ ＨＩＫＯＮＥ,522-0002,彦根市松原町,彦根市松原町１４３５－９１,１４３５－９１,0749-26-1111,株式会社ビワフロント彦根,R05/08/02,,,,彦根,5627927.pdf
温泉利用,ロテル・デュ・ラク,529-0721,長浜市西浅井町大浦,長浜市西浅井町大浦２０６４,２０６４,89-1888,新木産業株式会社,H30/11/02,,,,長浜,5627927.pdf
温泉利用,ゲストハウスコオア,526-0067,長浜市港町,長浜市港町向浜３２０,向浜３２０,0749-65-5371,光亜興産株式会社,H03/04/12,,,,長浜,5627927.pdf
温泉利用,Ｇｒａｎｄ Ｍｅｒｃｕｒｅ Ｌａｋｅ Ｂｉ ｗａ Ｒｅｓｏｒｔ＆Ｓｐａ,526-0066,長浜市大島町,長浜市大島町３８,３８,0749-64-2008,シガ・ナガハマ２株式会社,H13/03/21,,,,長浜,5627927.pdf
温泉利用,エクシブ琵琶湖,521-0004,米原市磯,米原市磯１４７７－２,１４７７－２,0749-52-6150,リゾートトラスト株式会社,H09/03/28,,,,長浜,5627927.pdf
温泉利用,須賀谷温泉,526-0277,長浜市須賀谷町,長浜市須賀谷町５６,５６,0749-74-2235,有限会社須賀谷温泉,H16/10/22,,,,長浜,5627927.pdf
温泉利用,旅館紅鮎,529-0364,長浜市湖北町尾上,長浜市湖北町尾上３１２,３１２,0749-79-0315,株式会社紅鮎,H16/04/06,,,,長浜,5627927.pdf
温泉利用,北近江の湯,529-0205,長浜市高月町唐川,長浜市高月町唐川８９,８９,0749-85-8888,新木産業株式会社,H10/11/04,,,,長浜,5627927.pdf
温泉利用,健康保養地 あねがわ温泉,526-0252,長浜市八島町,長浜市八島町１２５－１,１２５－１,0749-74-4488,エムエーユー株式会社,H22/06/14,,,,長浜,5627927.pdf
温泉利用,浜湖月,526-0065,長浜市公園町,長浜市公園町４－２５,４－２５,0749-62-1111,株式会社浜湖月,H28/05/25,,,,長浜,5627927.pdf
温泉利用,レジーナリゾートびわ湖長浜,526-0065,長浜市公園町,長浜市公園町４－２２,４－２２,0749-63-1011,東京建物リゾート株式会社,H30/05/08,,,,長浜,5627927.pdf
温泉利用,きひろ,529-0364,長浜市湖北町尾上,長浜市湖北町尾上３１３－１３,３１３－１３,0749-79-1117,株式会社きひろ,H29/11/27,,,,長浜,5627927.pdf
温泉利用,エクシブ琵琶湖（温泉スタンド）,521-0004,米原市磯,米原市磯１４７７－２,１４７７－２,0749-52-6150,リゾートトラスト株式会社,R02/05/26,,,,長浜,5627927.pdf
温泉利用,スーパーホテル滋賀・長浜天然温泉,526-0015,長浜市神照町,長浜市神照町９７４－６,９７４－６,0749-62-9000,京豊エンジニアリング株式 会社,R07/07/14,,,,長浜,5627927.pdf
温泉利用,宝船温泉,520-1223,高島市安曇川町下小川,高島市安曇川町下小川２２４８－２,２２４８－２,0740-32-1293,（有）宝船温泉,S51/03/31,,,,高島,5627927.pdf
温泉利用,マキノ高原温泉さらさ,520-1836,高島市マキノ町牧野,高島市マキノ町牧野９３１－３,９３１－３,0740-27-8126,マキノ高原観光（株）,H17/01/01,,,,高島,5627927.pdf
温泉利用,くつき温泉てんくう,520-1415,高島市朽木柏,高島市朽木柏３４１－３,３４１－３,0740-38-2770,(財)朽木むらおこし公社,H16/04/16,,,,高島,5627927.pdf
温泉利用,白谷荘,520-1837,高島市マキノ町白谷,高島市マキノ町白谷３４３,３４３,0740-27-0164,川島 光男,H23/06/14,,,,高島,5627927.pdf
温泉利用,ペンション琵琶湖,520-1837,高島市マキノ町白谷,高島市マキノ町白谷４２０－８,４２０－８,,加藤 善久,H25/05/17,,,,高島,5627927.pdf
温泉利用,マキノ白谷温泉 八王子荘,520-1837,高島市マキノ町白谷,高島市マキノ町白谷３７０－１,３７０－１,0740-27-0085,株式会社Ｂ.Ｔ.Ｉ.,R01/05/27,,,,高島,5627927.pdf
温泉利用,ドッグラングランピング滋賀高島 高島の湯,520-1223,高島市安曇川町下小川,高島市安曇川町下小川２２４９－１１２の一部,２２４９－１１２の一部,,株式会社にしがき,R02/09/24,,,,高島,5627927.pdf
温泉利用,ドッグラングランピング滋賀高島 高島の湯,520-1223,高島市安曇川町下小川,高島市安曇川町下小川２２４９－１１２の一部,２２４９－１１２の一部,,株式会社にしがき,R02/10/14,,,,高島,5627927.pdf
温泉利用,ＧＬＡＭＰＩＮＧ ＶＩＬＬＡＧＥ 滋賀今津 浜 貸切風呂,520-1604,高島市今津町浜分,高島市今津町浜分１３５－１ 他,１３５－１ 他,,株式会社ＬＵＣＫＥＬ,R03/10/11,,,,高島,5627927.pdf
温泉利用,レイクサイドテラス琵琶湖,520-1121,高島市勝野,高島市勝野１５３３,１５３３,,株式会社にしがき,R04/08/12,,,,高島,5627927.pdf
温泉利用,Ｐｒｅｍｉｕｍ Ｄｏｇ Ｒｅｓｏｒｔ ＶＩ ＬＬＡ ＭＡＫＩＮＯ,520-1814,高島市マキノ町知内,高島市マキノ町知内１８８４－７,１８８４－７,,株式会社にしがき,R04/10/27,,,,高島,5627927.pdf
温泉利用,貸別荘３－Ｅ－１０,520-1502,高島市新旭町針江,高島市新旭町針江４－６５,４－６５,072-258-1192,有限会社常樂園,R05/11/02,,,,高島,5627927.pdf
温泉利用,ＰＥＡＣＥ ＯＦ ＲＥＳＴ ＴＡＫＡＳＨＩ ＭＡ,520-1502,高島市新旭町針江,高島市新旭町針江２番１５０、２４０、２４１,２番１５０、２４０、２４１,,株式会社Ａ．Ｃ．Ｏ,R05/11/07,,,,高島,5627927.pdf
温泉利用,マキノメタセコイヤグランピング,520-1835,高島市マキノ町石庭,高島市マキノ町石庭４８５番１の一部、４８５番３ の一部、４８５番４の一部,４８５番１の一部、４８５番３ の一部、４８５番４の一部,,株式会社 プロキャリ・ラ イフケア,R05/11/07,,,,高島,5627927.pdf
温泉利用,ＮＥＳＴ琵琶湖 マキノ,520-1822,高島市マキノ町新保,高島市マキノ町新保１４６番１,１４６番１,,株式会社 ドレメ,R06/01/18,,,,高島,5627927.pdf
温泉利用,ドギーズグランピング滋賀今津浜,520-1604,高島市今津町浜分,高島市今津町浜分３６２－１,３６２－１,,株式会社ＬＵＣＫＥＬ,R06/04/19,,,,高島,5627927.pdf
温泉利用,湖畔の隠れ家・知風邸 ３－Ｒ－１１,520-1502,高島市新旭町針江,高島市新旭町針江２－３０７,２－３０７,,久保 知子,R06/06/05,,,,高島,5627927.pdf
温泉利用,ＮＥＳＴ琵琶湖 マキノ,520-1822,高島市マキノ町新保,高島市マキノ町新保１４６番１,１４６番１,,株式会社 ドレメ,R06/07/18,,,,高島,5627927.pdf
温泉利用,サンクチュアリコート琵琶湖ベネチアンモダン リゾート スパ棟２階,520-1223,高島市安曇川町下小川,高島市安曇川町下小川１１１３,１１１３,0740-34-8000,リゾートトラスト株式会社,R06/10/01,,,,高島,5627927.pdf
温泉利用,Ｖｉｌｌａ Ｄｏｇｉｋａ ＴＡＫＡＳＨＩＭ Ａ,520-1502,高島市新旭町針江,高島市新旭町針江５番地１６５,５番地１６５,,櫻井 真雄,R08/04/28,,,,高島,5627927.pdf
温泉利用,琵琶湖レイクサイド温泉Ｖｉｌｌａログハウス Ｗｏｏｄｙ,520-1502,高島市新旭町針江,高島市新旭町針江５－２８３,５－２８３,,ＲＳＹロボテック合同会社,R07/09/30,,,,高島,5627927.pdf
温泉利用,レイクウエスト,520-1502,高島市新旭町針江,高島市新旭町針江１０４９－３,１０４９－３,,ウエストヒルズ有限会社,R07/07/09,,,,高島,5627927.pdf
温泉利用,アクアヴィラ,520-1502,高島市新旭町針江,高島市新旭町針江５－１５２，５－１５３ １Ｆ 露天風呂,５－１５２，５－１５３ １Ｆ 露天風呂,,有限会社ビーネット,R07/07/10,,,,高島,5627927.pdf
温泉利用,湖恵夢～ｋｏｅｍｕ～,520-1502,高島市新旭町針江,高島市新旭町針江１０２０－２、１０２２－１３,１０２０－２、１０２２－１３,,分林 道治,R07/08/26,,,,高島,5627927.pdf
温泉利用,Ｂｉｗａ Ｇａｌａｘｙ,520-1112,高島市永田,高島市永田８－４５,８－４５,,日本大同投資株式会社,R07/11/13,,,,高島,5627927.pdf
温泉利用,Ｇａｌａｘｙ Ｇｌａｍｐｉｎｇ Ｄｏｇ Ｐ ｒｅｍｉｕｍ,520-1223,高島市安曇川町下小川,高島市安曇川町下小川２２３２番１８,２２３２番１８,0740-20-5760,日本大同投資株式会社,R07/12/19,,,,高島,5627927.pdf
建築物衛生管理業,株式会社メンテナンスセンター,520-3014,栗東市川辺,栗東市川辺５１３－１,５１３－１,077-553-2380,株式会社メンテナンスセンター,H16/07/24,建築物飲料水貯 水槽清掃業,,R10/07/23,草津,5627929.pdf
建築物衛生管理業,株式会社メンテナンスセンター,520-3014,栗東市川辺,栗東市川辺５１３－１,５１３－１,077-553-2380,株式会社メンテナンスセンター,H16/07/17,建築物ねずみこ ん虫等防除業,,R10/07/23,草津,5627929.pdf
建築物衛生管理業,株式会社メンテナンスセンター,520-3014,栗東市川辺,栗東市川辺５１３－１,５１３－１,077-553-2380,株式会社メンテナンスセンター,H18/03/01,建築物総合管理 業,,R12/02/28,草津,5627929.pdf
建築物衛生管理業,ＪＲＡファシリティーズ株式会社 栗東 事業所,520-3005,栗東市御園,栗東市御園１０２８ 栗東トレー ニング・センター内,１０２８ 栗東トレー ニング・センター内,077-558-0320,ＪＲＡファシリティーズ株式会社,H25/02/06,建築物空気環境 測定業,,R13/02/05,草津,5627929.pdf
建築物衛生管理業,イカリ消毒株式会社滋賀営業所,520-3035,栗東市霊仙寺六丁目,栗東市霊仙寺六丁目６－１１,６－１１,077-567-3111,イカリ消毒株式会社,H16/12/01,建築物ねずみこ ん虫等防除業,,R10/11/30,草津,5627929.pdf
建築物衛生管理業,株式会社ビケンテクノ滋賀営業所,520-3005,栗東市御園,栗東市御園８６７－１４,８６７－１４,077-558-0663,株式会社ビケンテクノ,H18/05/01,建築物総合管理 業,,R12/04/30,草津,5627929.pdf
建築物衛生管理業,株式会社アヤハ環境開発,525-0025,草津市西渋川一丁目,草津市西渋川一丁目１７－４９,１７－４９,562-3811,株式会社アヤハ環境開発,H18/03/01,建築物飲料水貯 水槽清掃業,,R12/03/02,草津,5627929.pdf
建築物衛生管理業,株式会社アヤハ環境開発,525-0025,草津市西渋川一丁目,草津市西渋川一丁目１７－４９,１７－４９,562-3811,株式会社アヤハ環境開発,H18/10/05,建築物ねずみこ ん虫等防除業,,R12/10/06,草津,5627929.pdf
建築物衛生管理業,株式会社アヤハ環境開発,525-0025,草津市西渋川一丁目,草津市西渋川一丁目１７－４９,１７－４９,562-3811,株式会社アヤハ環境開発,H20/09/03,建築物総合管理 業,,R08/09/02,草津,5627929.pdf
建築物衛生管理業,株式会社ジェイ・エム・エム,520-3011,栗東市下戸山,栗東市下戸山１１７０－４,１１７０－４,,株式会社ジェイ・エム・エム,H16/01/20,建築物清掃業,,R10/01/19,草津,5627929.pdf
建築物衛生管理業,株式会社スペック,525-0053,草津市矢倉二丁目,草津市矢倉二丁目７－３１－２０３号,７－３１－２０３号,077-516-1901,株式会社スペック,H22/09/30,建築物清掃業,,R10/09/29,草津,5627929.pdf
建築物衛生管理業,株式会社ティ・エム・エス,525-0066,草津市矢橋町,草津市矢橋町１８４８－１,１８４８－１,077-562-7400,株式会社ティ・エム・エス,H18/02/13,建築物清掃業,,R12/02/14,草津,5627929.pdf
建築物衛生管理業,株式会社テクノサイエンス,524-0102,守山市水保町,守山市水保町２４７７番地,２４７７番地,077-584-3003,株式会社テクノサイエンス,H17/08/23,建築物飲料水水 質検査業,,R11/08/22,草津,5627929.pdf
建築物衛生管理業,株式会社テクノス総合メンテナンスサー ビス,525-0031,草津市若竹町,草津市若竹町８－３８,８－３８,077-565-8429,株式会社テクノス総合メンテナンスサー ビス,H22/06/01,建築物飲料水貯 水槽清掃業,,R10/05/31,草津,5627929.pdf
建築物衛生管理業,株式会社テクノス総合メンテナンスサー ビス,525-0031,草津市若竹町,草津市若竹町８－３８,８－３８,077-565-8429,株式会社テクノス総合メンテナンスサー ビス,H28/06/10,建築物排水管清 掃業,,R10/06/09,草津,5627929.pdf
建築物衛生管理業,株式会社テクノス総合メンテナンスサー ビス,525-0031,草津市若竹町,草津市若竹町８－３８,８－３８,077-565-8429,株式会社テクノス総合メンテナンスサー ビス,H24/01/31,建築物ねずみこ ん虫等防除業,,R12/01/30,草津,5627929.pdf
建築物衛生管理業,株式会社テクノス総合メンテナンスサー ビス,525-0031,草津市若竹町,草津市若竹町８－３８,８－３８,077-565-8429,株式会社テクノス総合メンテナンスサー ビス,H27/06/18,建築物総合管理 業,,R09/06/17,草津,5627929.pdf
建築物衛生管理業,株式会社ビワコ建装,520-3014,栗東市川辺,栗東市川辺５１３－２,５１３－２,077-553-2433,株式会社ビワコ建装,H16/10/29,建築物飲料水貯 水槽清掃業,,R10/10/29,草津,5627929.pdf
建築物衛生管理業,株式会社ビワコ建装,520-3014,栗東市川辺,栗東市川辺５１３－２,５１３－２,077-553-2433,株式会社ビワコ建装,H18/04/27,建築物ねずみこ ん虫等防除業,,R12/04/26,草津,5627929.pdf
建築物衛生管理業,株式会社ビワコ建装,520-3014,栗東市川辺,栗東市川辺５１３－２,５１３－２,077-553-2433,株式会社ビワコ建装,H18/04/27,建築物総合管理 業,,R12/04/26,草津,5627929.pdf
建築物衛生管理業,株式会社近江美研,520-2316,野洲市上屋,野洲市上屋１２３,１２３,077-588-4870,株式会社近江美研,H17/08/04,建築物飲料水貯 水槽清掃業,,R11/08/03,草津,5627929.pdf
建築物衛生管理業,株式会社光ビルサービス,525-0066,草津市矢橋町,草津市矢橋町５９３－１,５９３－１,077-562-1233,株式会社光ビルサービス,H17/03/09,建築物飲料水貯 水槽清掃業,,R11/03/12,草津,5627929.pdf
建築物衛生管理業,株式会社光ビルサービス,525-0066,草津市矢橋町,草津市矢橋町５９３－１,５９３－１,077-562-1233,株式会社光ビルサービス,H17/02/24,建築物ねずみこ ん虫等防除業,,R11/02/24,草津,5627929.pdf
建築物衛生管理業,株式会社光ビルサービス,525-0066,草津市矢橋町,草津市矢橋町５９３－１,５９３－１,077-562-1233,株式会社光ビルサービス,H17/11/09,建築物総合管理 業,,R11/11/08,草津,5627929.pdf
建築物衛生管理業,株式会社西日本技術コンサルタント,525-0066,草津市矢橋町,草津市矢橋町６４９,６４９,,株式会社西日本技術コンサルタント,H17/11/09,建築物飲料水水 質検査業,,R10/06/26,草津,5627929.pdf
建築物衛生管理業,栗東総合産業株式会社,520-3036,栗東市十里,栗東市十里２４４番地,２４４番地,077-552-1711,栗東総合産業株式会社,H17/03/28,建築物飲料水貯 水槽清掃業,,R11/03/30,草津,5627929.pdf
建築物衛生管理業,滋賀環境衛生株式会社,520-2332,野洲市妙光寺,野洲市妙光寺３２７－１,３２７－１,077-588-4511,滋賀環境衛生株式会社,H18/12/05,建築物ねずみこ ん虫等防除業,,R12/12/04,草津,5627929.pdf
建築物衛生管理業,守山環整株式会社,524-0103,守山市洲本町,守山市洲本町１２１５番地,１２１５番地,077-585-1043,守山環整株式会社,H25/05/01,建築物飲料水貯 水槽清掃業,,R13/04/30,草津,5627929.pdf
建築物衛生管理業,守山環整株式会社,524-0103,守山市洲本町,守山市洲本町１２１５番地,１２１５番地,077-585-1043,守山環整株式会社,H20/05/09,建築物排水管清 掃業,,R14/05/12,草津,5627929.pdf
建築物衛生管理業,株式会社すぎた,520-2333,野洲市栄,野洲市栄４－２１,４－２１,077-588-1141,株式会社すぎた,H18/09/08,建築物清掃業,,R12/09/07,草津,5627929.pdf
建築物衛生管理業,草津環境管理サービス企業組合,525-0051,草津市木川町,草津市木川町８６５－１９,８６５－１９,077-565-9355,草津環境管理サービス企業組合,H16/01/21,建築物清掃業,,R10/02/09,草津,5627929.pdf
建築物衛生管理業,大五産業株式会社,525-0031,草津市若竹町,草津市若竹町９－２４,９－２４,077-564-2274,大五産業株式会社,H25/04/04,建築物飲料水貯 水槽清掃業,,R13/04/03,草津,5627929.pdf
建築物衛生管理業,日本メンテナンス株式会社,525-0071,草津市南笠東二丁目,草津市南笠東二丁目５－１４,５－１４,077-562-6305,日本メンテナンス株式会社,H16/02/02,建築物飲料水貯 水槽清掃業,,R10/02/01,草津,5627929.pdf
建築物衛生管理業,日本メンテナンス株式会社,525-0071,草津市南笠東二丁目,草津市南笠東二丁目５－１４,５－１４,077-562-6305,日本メンテナンス株式会社,H22/07/22,建築物ねずみこ ん虫等防除業,,R10/07/21,草津,5627929.pdf
建築物衛生管理業,日本メンテナンス株式会社,525-0071,草津市南笠東二丁目,草津市南笠東二丁目５－１４,５－１４,077-562-6305,日本メンテナンス株式会社,H18/03/20,建築物総合管理 業,,R12/03/19,草津,5627929.pdf
建築物衛生管理業,日本管理工業株式会社,520-3005,栗東市御園,栗東市御園４５６－２,４５６－２,077-558-4371,日本管理工業株式会社,H18/02/09,建築物飲料水貯 水槽清掃業,,R12/02/09,草津,5627929.pdf
建築物衛生管理業,日化メンテナンス株式会社 京滋営業所,524-0044,守山市古高町,守山市古高町４０５－１－１,４０５－１－１,077-574-8515,日化メンテナンス株式会社,H19/01/25,建築物飲料水貯 水槽清掃業,,R13/01/24,草津,5627929.pdf
建築物衛生管理業,有限会社アイ・エス・エム,524-0061,守山市赤野井町,守山市赤野井町３０－３,３０－３,077-584-2031,有限会社アイ・エス・エム,H17/03/09,建築物ねずみこ ん虫等防除業,,R11/03/09,草津,5627929.pdf
建築物衛生管理業,大五産業株式会社,525-0031,草津市若竹町,草津市若竹町９－２４,９－２４,077-564-9660,大五産業株式会社,H17/03/01,建築物清掃業,,R11/03/10,草津,5627929.pdf
建築物衛生管理業,有限会社サニター,525-0031,草津市若竹町,草津市若竹町１０－１５,１０－１５,077-562-6078,有限会社サニター,H17/04/25,建築物ねずみこ ん虫等防除業,,R11/05/13,草津,5627929.pdf
建築物衛生管理業,有限会社近江綜合サービス,520-3034,栗東市小平井二丁目,栗東市小平井二丁目１２－１１－１０１,１２－１１－１０１,077-553-8036,有限会社近江綜合サービス,H17/11/22,建築物清掃業,,R11/11/23,草津,5627929.pdf
建築物衛生管理業,環境創研株式会社,520-3024,栗東市小柿九丁目,栗東市小柿九丁目３－２６,３－２６,077-553-0099,環境創研株式会社,H22/06/18,建築物飲料水水 質検査業,,R10/06/17,草津,5627929.pdf
建築物衛生管理業,株式会社信和美 メンテナンス事業部,520-2353,野洲市久野部,野洲市久野部１９９－１,１９９－１,077-518-1040,株式会社信和美,H25/11/14,建築物飲料水貯 水槽清掃業,,R13/11/13,草津,5627929.pdf
建築物衛生管理業,株式会社信和美 メンテナンス事業部,520-2353,野洲市久野部,野洲市久野部１９９－１,１９９－１,077-518-1040,株式会社信和美,H25/11/14,建築物ねずみこ ん虫等防除業,,R13/11/13,草津,5627929.pdf
建築物衛生管理業,株式会社信和美 メンテナンス事業部,520-2353,野洲市久野部,野洲市久野部１９９－１,１９９－１,077-518-1040,株式会社信和美,H25/11/14,建築物総合管理 業,,R13/11/13,草津,5627929.pdf
建築物衛生管理業,クリタ分析センター株式会社 滋賀事業 所,525-0072,草津市笠山七丁目,草津市笠山七丁目4番52号,4番52号,077-567-2416,クリタ分析センター株式会社,H26/07/22,建築物飲料水水 質検査業,,R08/07/21,草津,5627929.pdf
建築物衛生管理業,株式会社ルフト,525-0041,草津市青地町,草津市青地町３４４・２Ｆ,３４４・２Ｆ,077-598-6893,株式会社ルフト,H31/02/07,建築物ねずみこ ん虫等防除業,,R13/02/06,草津,5627929.pdf
建築物衛生管理業,守山環整株式会社,524-0103,守山市洲本町,守山市洲本町１２１５番地,１２１５番地,077-585-1043,守山環整株式会社,R02/03/12,建築物総合管理 業,,R14/03/09,草津,5627929.pdf
建築物衛生管理業,ライフ・テック株式会社 滋賀営業所,524-0102,守山市水保町,守山市水保町２４９,２４９,,ライフ・テック株式会社,R02/07/10,建築物清掃業,,R08/07/06,草津,5627929.pdf
建築物衛生管理業,株式会社クリーンサポート,520-3016,栗東市小野,栗東市小野１０１４,１０１４,077-575-1166,株式会社クリーンサポート,R03/03/01,建築物清掃業,,R09/02/14,草津,5627929.pdf
建築物衛生管理業,ＮＥＣファシリティーズ株式会社環境ソ リューション事業部分析グループ,520-3024,栗東市小柿七丁目,栗東市小柿七丁目９－１,９－１,,ＮＥＣファシリティーズ株式会社環境ソ リューション事業部分析グループ,R03/07/15,建築物飲料水水 質検査業,,R09/07/14,草津,5627929.pdf
建築物衛生管理業,株式会社小寺美装,525-0066,草津市矢橋町,草津市矢橋町１９５６－２,１９５６－２,077-569-4401,株式会社小寺美装,R05/03/14,建築物清掃業,,R11/03/13,草津,5627929.pdf
建築物衛生管理業,株式会社小寺美装,525-0066,草津市矢橋町,草津市矢橋町１９５６－２,１９５６－２,077-569-4401,株式会社小寺美装,R05/03/14,建築物飲料水貯 水槽清掃業,,R11/03/13,草津,5627929.pdf
建築物衛生管理業,株式会社エイチ・アンド・エムズ,525-0029,草津市下笠町,草津市下笠町６６１－１,６６１－１,077-568-8880,株式会社エイチ・アンド・エムズ,R06/01/10,建築物清掃業,,R12/01/09,草津,5627929.pdf
建築物衛生管理業,Ｔｉｅｓ Ｃｌｅａｎ,525-0056,草津市南笠町,草津市南笠町１０５２－２６,１０５２－２６,,戸屋 瞳,R06/01/29,建築物清掃業,,R12/01/28,草津,5627929.pdf
建築物衛生管理業,アース環境サービス株式会社 京滋支店,524-0041,守山市勝部一丁目,守山市勝部一丁目１７－２５,１７－２５,077-582-0640,アース環境サービス株式会社,R06/02/09,建築物ねずみこ ん虫等防除業,,R12/02/08,草津,5627929.pdf
建築物衛生管理業,大五環整株式会社,525-0031,草津市若竹町,草津市若竹町８－３８,８－３８,077-562-2390,大五環整株式会社,R07/02/10,建築物飲料水水 質検査業,,R13/02/09,草津,5627929.pdf
建築物衛生管理業,株式会社アヤハ環境開発 石部事務所,520-3112,湖南市丸山三丁目,湖南市丸山三丁目２－１,２－１,,株式会社アヤハ環境開発,H19/01/17,建築物飲料水水 質検査業,,R13/01/16,甲賀,5627929.pdf
建築物衛生管理業,株式会社なんてん共働サービス,520-3108,湖南市石部南六丁目,湖南市石部南六丁目１０番１０号,１０番１０号,0748-77-5580,株式会社なんてん共働サービス,H16/02/02,建築物清掃業,,R10/02/01,甲賀,5627929.pdf
建築物衛生管理業,株式会社浄美社 滋賀支店,520-3252,湖南市岩根,湖南市岩根３３５２－６,３３５２－６,0748-72-8172,株式会社浄美社,H18/02/07,建築物ねずみこ ん虫等防除業,,R12/02/06,甲賀,5627929.pdf
建築物衛生管理業,株式会社浄美社 滋賀支店,520-3252,湖南市岩根,湖南市岩根３３５２－６,３３５２－６,0748-72-8172,株式会社浄美社,H18/03/07,建築物総合管理 業,,R12/03/06,甲賀,5627929.pdf
建築物衛生管理業,シガ環境,521-1311,近江八幡市安土町下豊 浦,近江八幡市安土町下豊 浦４８００,４８００,0748-46-5966,藤原 勇人,H24/11/15,建築物ねずみこ ん虫等防除業,,R06/11/14,東近江,5627929.pdf
建築物衛生管理業,株式会社アクアリサーチ,527-0037,東近江市東今崎町,東近江市東今崎町６－１１,６－１１,0748-20-1880,株式会社アクアリサーチ,H24/09/28,建築物飲料水水 質検査業,,R12/09/27,東近江,5627929.pdf
建築物衛生管理業,株式会社ヒロセ,529-1601,蒲生郡日野町松尾,蒲生郡日野町松尾９６０－１,９６０－１,52-0943,株式会社ヒロセ,H29/10/24,建築物飲料水水 質検査業,,R11/10/23,東近江,5627929.pdf
建築物衛生管理業,株式会社ヒロセ,529-1601,蒲生郡日野町松尾,蒲生郡日野町松尾９６０－１,９６０－１,52-0943,株式会社ヒロセ,H20/12/08,建築物飲料水貯 水槽清掃業,,R08/12/08,東近江,5627929.pdf
建築物衛生管理業,株式会社ライフテックミツダ,527-0071,東近江市今堀町,東近江市今堀町６２１－１,６２１－１,0748-23-0667,株式会社ライフテックミツダ,H23/11/29,建築物飲料水貯 水槽清掃業,,R11/11/28,東近江,5627929.pdf
建築物衛生管理業,株式会社ライフテックミツダ,527-0071,東近江市今堀町,東近江市今堀町６２１－１,６２１－１,0748-23-0667,株式会社ライフテックミツダ,H21/09/14,建築物排水管清 掃業,,R09/09/13,東近江,5627929.pdf
建築物衛生管理業,株式会社日吉,523-0806,近江八幡市北之庄町,近江八幡市北之庄町９０８,９０８,0748-32-5111,株式会社日吉,H23/10/17,建築物清掃業,,R11/10/16,東近江,5627929.pdf
建築物衛生管理業,株式会社日吉,523-0806,近江八幡市北之庄町,近江八幡市北之庄町９０８,９０８,0748-32-5111,株式会社日吉,H23/09/13,建築物空気環境 測定業,,R11/09/12,東近江,5627929.pdf
建築物衛生管理業,株式会社日吉,523-0806,近江八幡市北之庄町,近江八幡市北之庄町９０８,９０８,0748-32-5111,株式会社日吉,H23/08/31,建築物飲料水水 質検査業,,R11/08/30,東近江,5627929.pdf
建築物衛生管理業,株式会社日吉,523-0806,近江八幡市北之庄町,近江八幡市北之庄町９０８,９０８,0748-32-5111,株式会社日吉,H23/10/17,建築物飲料水貯 水槽清掃業,,R11/10/16,東近江,5627929.pdf
建築物衛生管理業,株式会社日吉,523-0806,近江八幡市北之庄町,近江八幡市北之庄町９０８,９０８,0748-32-5111,株式会社日吉,H24/02/15,建築物ねずみこ ん虫等防除業,,R12/02/14,東近江,5627929.pdf
建築物衛生管理業,協和メンテナンス,529-1642,蒲生郡日野町上野田,蒲生郡日野町上野田９０４－２,９０４－２,0748-52-8188,池本 秀一,H19/12/03,建築物飲料水貯 水槽清掃業,,R13/12/03,東近江,5627929.pdf
建築物衛生管理業,八日市清掃株式会社,527-0025,東近江市八日市東本町,東近江市八日市東本町３－２９,３－２９,0748-23-0010,八日市清掃株式会社,H16/11/11,建築物飲料水貯 水槽清掃業,,R10/11/10,東近江,5627929.pdf
建築物衛生管理業,有限会社近江しろあり,523-0053,近江八幡市益田町,近江八幡市益田町２６１－４,２６１－４,0748-32-2885,有限会社近江しろあり,H24/03/10,建築物ねずみこ ん虫等防除業,,R12/03/09,東近江,5627929.pdf
建築物衛生管理業,有限会社八厚浄化センター,527-0073,東近江市蛇溝町,東近江市蛇溝町１６８５－１０,１６８５－１０,0748-23-3177,有限会社八厚浄化センター,H16/05/11,建築物飲料水貯 水槽清掃業,,R10/05/10,東近江,5627929.pdf
建築物衛生管理業,有限会社八厚浄化センター,527-0073,東近江市蛇溝町,東近江市蛇溝町１６８５－１０,１６８５－１０,0748-23-3177,有限会社八厚浄化センター,H23/04/14,建築物排水管清 掃業,,R11/04/13,東近江,5627929.pdf
建築物衛生管理業,有限会社北口産業,527-0091,東近江市小脇町,東近江市小脇町１７３９－７,１７３９－７,,有限会社北口産業,H18/09/25,建築物飲料水貯 水槽清掃業,,R12/09/30,東近江,5627929.pdf
建築物衛生管理業,株式会社シガ防虫,521-1311,近江八幡市安土町下豊 浦,近江八幡市安土町下豊 浦５４１５－９,５４１５－９,0748-46-8585,株式会社シガ防虫,H25/02/14,建築物ねずみこ ん虫等防除業,,R13/02/13,東近江,5627929.pdf
建築物衛生管理業,近江研究所,529-1628,蒲生郡日野町西大路,蒲生郡日野町西大路１３９５,１３９５,0748-52-0741,廣嶋 貴明,H26/09/01,建築物ねずみこ ん虫等防除業,,R08/08/31,東近江,5627929.pdf
建築物衛生管理業,クリエイティブ,529-1433,東近江市五個荘木流町,東近江市五個荘木流町３８２－３,３８２－３,0748-48-4916,大橋 典子,H30/04/11,建築物清掃業,,R12/04/10,東近江,5627929.pdf
建築物衛生管理業,シガ環境,521-1311,近江八幡市安土町下豊 浦,近江八幡市安土町下豊 浦４８００,４８００,0748-46-5966,藤原 由紀恵,H31/02/22,建築物空気環境 測定業,,R07/02/21,東近江,5627929.pdf
建築物衛生管理業,村田エンジニアリング株式会社 営業 所・工場,520-2551,蒲生郡竜王町薬師,蒲生郡竜王町薬師１５６８,１５６８,,村田エンジニアリング株式会社,R02/07/09,建築物飲料水貯 水槽清掃業,,R08/07/08,東近江,5627929.pdf
建築物衛生管理業,夏原工業株式会社,522-0201,彦根市高宮町,彦根市高宮町２６８８－１,２６８８－１,,夏原工業株式会社,H17/12/02,建築物飲料水水 質検査業,,R11/12/01,彦根,5627929.pdf
建築物衛生管理業,株式会社コテラ,522-0023,彦根市原町,彦根市原町３６８－１,３６８－１,0749-22-0833,株式会社コテラ,H17/10/14,建築物飲料水貯 水槽清掃業,,R11/10/13,彦根,5627929.pdf
建築物衛生管理業,株式会社ナショナルメンテナンス,522-0236,彦根市犬方町,彦根市犬方町７９０,７９０,0749-28-7300,株式会社ナショナルメンテナンス,H22/03/08,建築物清掃業,,R10/03/04,彦根,5627929.pdf
建築物衛生管理業,株式会社ナショナルメンテナンス,522-0236,彦根市犬方町,彦根市犬方町７９０,７９０,0749-28-7300,株式会社ナショナルメンテナンス,H24/05/07,建築物空気環境 測定業,,R12/06/10,彦根,5627929.pdf
建築物衛生管理業,株式会社ナショナルメンテナンス,522-0236,彦根市犬方町,彦根市犬方町７９０,７９０,0749-28-7300,株式会社ナショナルメンテナンス,H24/05/22,建築物飲料水貯 水槽清掃業,,R12/05/27,彦根,5627929.pdf
建築物衛生管理業,株式会社ナショナルメンテナンス,522-0236,彦根市犬方町,彦根市犬方町７９０,７９０,0749-28-7300,株式会社ナショナルメンテナンス,H16/02/09,建築物ねずみこ ん虫等防除業,,R10/02/13,彦根,5627929.pdf
建築物衛生管理業,株式会社ナショナルメンテナンス,522-0236,彦根市犬方町,彦根市犬方町７９０,７９０,0749-28-7300,株式会社ナショナルメンテナンス,H20/12/12,建築物総合管理 業,,R08/12/11,彦根,5627929.pdf
建築物衛生管理業,株式会社三河屋,522-0075,彦根市佐和町,彦根市佐和町１０－８,１０－８,22-0873,株式会社三河屋,H18/05/24,建築物飲料水貯 水槽清掃業,,R12/05/23,彦根,5627929.pdf
建築物衛生管理業,株式会社水工エンジニアリング,522-0236,彦根市犬方町,彦根市犬方町８３４,８３４,0749-28-3089,株式会社水工エンジニアリング,H17/12/09,建築物飲料水貯 水槽清掃業,,R11/12/14,彦根,5627929.pdf
建築物衛生管理業,株式会社水工エンジニアリング,522-0236,彦根市犬方町,彦根市犬方町８３４,８３４,0749-28-3089,株式会社水工エンジニアリング,H20/07/28,建築物排水管清 掃業,,R13/07/31,彦根,5627929.pdf
建築物衛生管理業,太平ビルサービス株式会社彦根営業所,522-0073,彦根市旭町,彦根市旭町６－２２ 田中ビル３ Ｆ,６－２２ 田中ビル３ Ｆ,26-1225,太平ビルサービス株式会社,H20/04/15,建築物総合管理 業,,R14/04/15,彦根,5627929.pdf
建築物衛生管理業,有限会社キタセイ,522-0237,彦根市堀町,彦根市堀町１１７－２６,１１７－２６,,有限会社キタセイ,H15/11/26,建築物飲料水貯 水槽清掃業,,R09/11/26,彦根,5627929.pdf
建築物衛生管理業,有限会社キタセイ,522-0237,彦根市堀町,彦根市堀町１１７－２６,１１７－２６,0749-28-1400,有限会社キタセイ,H18/06/30,建築物清掃業,,R12/06/29,彦根,5627929.pdf
建築物衛生管理業,株式会社クラフトユニオン,529-1171,犬上郡豊郷町安食西,犬上郡豊郷町安食西８６９－１,８６９－１,0749-35-2048,株式会社クラフトユニオン,H21/07/13,建築物清掃業,,R09/07/12,彦根,5627929.pdf
建築物衛生管理業,喜多嘉和株式会社,522-0007,彦根市古沢町,彦根市古沢町６８５,６８５,23-8800,喜多嘉和株式会社,H22/06/25,建築物飲料水貯 水槽清掃業,,R10/06/24,彦根,5627929.pdf
建築物衛生管理業,喜多嘉和株式会社,522-0007,彦根市古沢町,彦根市古沢町６８５,６８５,23-8800,喜多嘉和株式会社,H28/10/28,建築物排水管清 掃業,,R10/10/28,彦根,5627929.pdf
建築物衛生管理業,ビューティ・サポート株式会社 第２営 業所,522-0037,彦根市岡町,彦根市岡町１０３－２,１０３－２,0749-22-4450,ビューティ・サポート株式会社,H24/02/23,建築物清掃業,,R12/02/22,彦根,5627929.pdf
建築物衛生管理業,日本メンテナスエンジニヤリング株式会 社 滋賀支店,522-0010,彦根市駅東町,彦根市駅東町８－７,８－７,0749-26-9058,日本メンテナスエンジニヤリング株式会 社,H28/12/27,建築物飲料水貯 水槽清掃業,,R10/12/26,彦根,5627929.pdf
建築物衛生管理業,近江ビルメンテナンス,522-0238,彦根市広野町,彦根市広野町７,７,0749-28-2829,松野 高幸,H30/03/23,建築物飲料水貯 水槽清掃業,,R12/03/22,彦根,5627929.pdf
建築物衛生管理業,有川製薬株式会社,522-0004,彦根市鳥居本町,彦根市鳥居本町４２５,４２５,0749-22-2201,有川製薬株式会社,R02/01/24,建築物ねずみこ ん虫等防除業,,R14/01/23,彦根,5627929.pdf
建築物衛生管理業,有限会社木村美装,522-0243,犬上郡甲良町小川原,犬上郡甲良町小川原７５８,７５８,25-1745,有限会社木村美装,R02/06/30,建築物清掃業,,R14/06/29,彦根,5627929.pdf
建築物衛生管理業,有限会社アイケン,529-1223,愛知郡愛荘町島川,愛知郡愛荘町島川１１５９,１１５９,0749-37-3053,有限会社アイケン,R07/07/02,建築物飲料水貯 水槽清掃業,,R13/07/01,彦根,5627929.pdf
建築物衛生管理業,喜多嘉和株式会社,522-0007,彦根市古沢町,彦根市古沢町６８５,６８５,0749-23-8800,喜多嘉和株式会社,R07/11/17,建築物総合管理 業,,R13/11/16,彦根,5627929.pdf
建築物衛生管理業,有限会社セキーグチ,522-0041,彦根市平田町,彦根市平田町５１１,５１１,0749-24-9110,有限会社セキーグチ,R08/03/02,建築物清掃業,,R14/03/01,彦根,5627929.pdf
建築物衛生管理業,株式会社クリンテック 長浜営業所,529-0521,長浜市余呉町下余呉,長浜市余呉町下余呉１８９０－１,１８９０－１,0770-23-1091,株式会社クリンテック,H18/01/16,建築物飲料水貯 水槽清掃業,,R12/01/15,長浜,5627929.pdf
建築物衛生管理業,株式会社クリンテック 長浜営業所,529-0521,長浜市余呉町下余呉,長浜市余呉町下余呉１８９０－１,１８９０－１,0770-23-1091,株式会社クリンテック,H21/01/20,建築物総合管理 業,,R09/01/19,長浜,5627929.pdf
建築物衛生管理業,サンクリーン滋賀株式会社,526-0059,長浜市元浜町,長浜市元浜町３１－７,３１－７,0749-63-5881,サンクリーン滋賀株式会社,H25/01/11,建築物ねずみこ ん虫等防除業,,R13/01/10,長浜,5627929.pdf
建築物衛生管理業,株式会社Ｐａｒｆａｉｔ,526-0273,長浜市高畑町,長浜市高畑町１３０番地,１３０番地,0749-74-3769,株式会社Ｐａｒｆａｉｔ,H16/04/16,建築物清掃業,,R10/04/17,長浜,5627929.pdf
建築物衛生管理業,株式会社ライフリリーフ,526-0015,長浜市神照町,長浜市神照町７４３,７４３,0749-62-1356,株式会社ライフリリーフ,H18/05/26,建築物排水管清 掃業,,R12/05/25,長浜,5627929.pdf
建築物衛生管理業,株式会社サン・グレイス,526-0032,長浜市南高田町,長浜市南高田町６９５－２,６９５－２,0749-65-3554,株式会社サン・グレイス,H19/10/18,建築物清掃業,,R13/10/17,長浜,5627929.pdf
建築物衛生管理業,企業組合近江管理美装,526-0015,長浜市神照町,長浜市神照町７１０－２６,７１０－２６,0749-65-4378,企業組合近江管理美装,H18/09/19,建築物清掃業,,R12/09/18,長浜,5627929.pdf
建築物衛生管理業,ワイドクリーン,521-0074,米原市高溝,米原市高溝３３０－５,３３０－５,0749-52-3154,大橋 常一,H22/02/04,建築物飲料水貯 水槽清掃業,,R10/02/03,長浜,5627929.pdf
建築物衛生管理業,小林産業アースハーモニー,526-0828,長浜市加田町,長浜市加田町１１４９－３,１１４９－３,0749-62-9176,小林産業アースハーモニー,H24/01/30,建築物ねずみこ ん虫等防除業,,R12/01/29,長浜,5627929.pdf
建築物衛生管理業,中日本産業有限会社,521-0321,米原市髙番,米原市髙番３０７－４,３０７－４,0749-58-1126,中日本産業有限会社,H24/02/06,建築物飲料水貯 水槽清掃業,,R12/02/05,長浜,5627929.pdf
建築物衛生管理業,ワイドクリーン,521-0074,米原市高溝,米原市高溝３３０－５,３３０－５,0749-52-3154,大橋 常一,H26/09/02,建築物清掃業,,R08/09/01,長浜,5627929.pdf
建築物衛生管理業,中日技研株式会社滋賀支店,521-0236,米原市間田,米原市間田３９１ 山東アパート Ⅱ１０２号,３９１ 山東アパート Ⅱ１０２号,0749-55-2022,中日技研株式会社,H30/12/21,建築物清掃業,,R12/12/20,長浜,5627929.pdf
建築物衛生管理業,株式会社べんがら,529-0521,長浜市余呉町下余呉,長浜市余呉町下余呉８５６,８５６,0749-50-9158,株式会社べんがら,H31/01/17,建築物清掃業,,R13/01/16,長浜,5627929.pdf
建築物衛生管理業,株式会社ウエル,521-0004,米原市磯,米原市磯１４２０－１,１４２０－１,0749-52-5231,株式会社ウエル,R03/03/03,建築物清掃業,,R09/03/02,長浜,5627929.pdf
建築物衛生管理業,合同会社ぶどう組,521-0011,米原市中多良,米原市中多良５９１-１８,５９１-１８,0749-51-9080,合同会社ぶどう組,R03/12/17,建築物空気環境 測定業,,R09/12/15,長浜,5627929.pdf
建築物衛生管理業,株式会社べんがら,529-0521,長浜市余呉町下余呉,長浜市余呉町下余呉８５６,８５６,0749-50-9158,株式会社べんがら,R07/12/10,建築物飲料水貯 水槽清掃業,,R13/12/09,長浜,5627929.pdf
建築物衛生管理業,株式会社べんがら,529-0521,長浜市余呉町下余呉,長浜市余呉町下余呉８５６,８５６,0749-50-9158,株式会社べんがら,R07/12/10,建築物ねずみこ ん虫等防除業,,R13/12/09,長浜,5627929.pdf
建築物衛生管理業,株式会社ナオタート,526-0003,長浜市泉町,長浜市泉町１１８６－３,１１８６－３,0749-50-6650,株式会社ナオタート,R08/01/14,建築物飲料水貯 水槽清掃業,,R14/01/13,長浜,5627929.pdf
建築物衛生管理業,株式会社アイビックス 滋賀営業所,520-1622,高島市今津町中沼二丁 目,高島市今津町中沼二丁 目２－１２,２－１２,0740-22-8088,株式会社アイビックス,H24/12/13,建築物ねずみこ ん虫等防除業,,R12/12/12,高島,5627929.pdf
建築物衛生管理業,株式会社シガ．メンテナンスリサーチ,520-1632,高島市今津町桜町二丁 目,高島市今津町桜町二丁 目１－３,１－３,22-1332,株式会社シガ．メンテナンスリサーチ,H22/01/13,建築物清掃業,,R10/01/06,高島,5627929.pdf
建築物衛生管理業,株式会社シガ．メンテナンスリサーチ,520-1632,高島市今津町桜町二丁 目,高島市今津町桜町二丁 目１－３,１－３,22-1332,株式会社シガ．メンテナンスリサーチ,H27/11/20,建築物ねずみこ ん虫等防除業,,R09/11/17,高島,5627929.pdf
建築物衛生管理業,株式会社オーイング滋賀支店,520-1532,高島市新旭町熊野本一 丁目,高島市新旭町熊野本一 丁目９－５,９－５,0740-25-0800,株式会社オーイング,H23/12/15,建築物清掃業,,R11/10/31,高島,5627929.pdf
建築物衛生管理業,株式会社アイビックス 滋賀営業所,520-1622,高島市今津町中沼二丁 目,高島市今津町中沼二丁 目２番地１２,２番地１２,0740-22-8088,株式会社アイビックス,H26/06/12,建築物清掃業,,R14/06/11,高島,5627929.pdf
建築物衛生管理業,株式会社プロクリーン,520-1655,高島市今津町日置前,高島市今津町日置前１６４－１,１６４－１,,株式会社プロクリーン,H28/03/25,建築物清掃業,,R10/03/31,高島,5627929.pdf
遊泳用プール,グンゼスポーツクラブ 南草津店,525-0050,草津市南草津二丁目,草津市南草津二丁目５－６,５－６,077-566-5101,グンゼスポーツ株式会社,H20/03/24,通年,,,草津,5627928.pdf
遊泳用プール,ビバスポーツアカデミー南草津店,525-0055,草津市野路一丁目,草津市野路一丁目１５－５ フェリエ６Ｆ,１５－５ フェリエ６Ｆ,077-566-8700,株式会社ビバ,H14/07/18,通年,,,草津,5627928.pdf
遊泳用プール,ロクハ公園プール,525-0047,草津市追分七丁目,草津市追分七丁目１１－２,１１－２,077-564-3838,草津市,S63/07/05,季節,,,草津,5627928.pdf
遊泳用プール,栗東トレーニングセンター遊泳用プール,520-3005,栗東市御園,栗東市御園１０２８,１０２８,077-558-0459,日本中央競馬会栗東トレー ニングセンター,T15/01/01,季節,,,草津,5627928.pdf
遊泳用プール,ＳＧホールディングスグループ健康増進 センター,524-0102,守山市水保町,守山市水保町２８９１－４１,２８９１－４１,077-585-4567,ＳＧホールディングスグ ループ健康保険組合,S62/05/02,通年,,,草津,5627928.pdf
遊泳用プール,守山スイミングスクール,524-0021,守山市吉身六丁目,守山市吉身六丁目５－４,５－４,077-582-0151,株式会社いずみ二一,H07/09/12,通年,,,草津,5627928.pdf
遊泳用プール,琵琶湖マリオットホテル,524-0101,守山市今浜町,守山市今浜町十軒家２８７６番地,十軒家２８７６番地,077-585-6100,森トラスト・ホテルズ＆リ ゾーツ株式会社,H18/05/12,通年,,,草津,5627928.pdf
遊泳用プール,滋賀県立障害者福祉センター,525-0072,草津市笠山八丁目,草津市笠山八丁目５－１３０,５－１３０,077-564-7327,滋賀県,H02/07/06,通年,,,草津,5627928.pdf
遊泳用プール,草津イトマン・フィットネスクラブ,525-0025,草津市西渋川一丁目,草津市西渋川一丁目９－４４,９－４４,077-564-6031,株式会社いずみ二一,H14/01/25,通年,,,草津,5627928.pdf
遊泳用プール,矢橋帰帆島公園プール,525-0066,草津市矢橋町,草津市矢橋町字帰帆２１０８,字帰帆２１０８,077-564-1900,滋賀県,S62/06/29,季節,,,草津,5627928.pdf
遊泳用プール,ラック栗東,520-3015,栗東市安養寺七丁目,栗東市安養寺七丁目２－９,２－９,077-554-3800,株式会社ラック,H22/05/31,通年,,,草津,5627928.pdf
遊泳用プール,立命館大学ＢＫＣスポーツ健康コモンズ,525-0058,草津市野路東一丁目,草津市野路東一丁目１－１,１－１,075-813-8168,学校法人 立命館,H29/05/01,通年,,,草津,5627928.pdf
遊泳用プール,野洲市健康スポーツセンター,520-2313,野洲市大篠原,野洲市大篠原３３３３－６,３３３３－６,596-5964,野洲すいむ8NEXT－PFI株式 会社,R02/07/02,通年,,,草津,5627928.pdf
遊泳用プール,ラック湖南リゾート,520-2342,野洲市野洲,野洲市野洲１４４７－３,１４４７－３,077-518-0500,株式会社ラック,R03/01/18,通年,,,草津,5627928.pdf
遊泳用プール,ラックスイミングクラブ湖南,520-2342,野洲市野洲,野洲市野洲１４４７－３,１４４７－３,077-518-0500,株式会社ラック,R03/01/18,通年,,,草津,5627928.pdf
遊泳用プール,環境学習都市宣言記念公園交流拠点施設,-,守山市,守山市環境学習都市宣言記念公園１－１,環境学習都市宣言記念公園１－１,077-584-4693,守山市,R03/04/09,通年,,,草津,5627928.pdf
遊泳用プール,草津市立プール,525-0037,草津市西大路町,草津市西大路町１３－１０,１３－１０,077-596-3775,草津市,R06/07/24,通年,,,草津,5627928.pdf
遊泳用プール,Ｗｅｌｌ・Ｂｅ（ウエル・ビ）,528-0051,甲賀市水口町北内貴,甲賀市水口町北内貴７７,７７,0748-63-1200,株式会社水口スポーツセン ター,H01/01/13,通年,,,甲賀,5627928.pdf
遊泳用プール,オーパスフィットネスクラブ水口,528-0058,甲賀市水口町北泉二丁 目,甲賀市水口町北泉二丁 目３５,３５,0748-63-7777,株式会社オーパス,H14/10/29,通年,,,甲賀,5627928.pdf
遊泳用プール,ダイヤモンド滋賀,528-0208,甲賀市土山町黒川,甲賀市土山町黒川１７１１,１７１１,0748-68-0211,株式会社ダイヤモンドソサ エティ,H16/03/29,季節,,,甲賀,5627928.pdf
遊泳用プール,タラオレイクヴィラ,529-1821,甲賀市信楽町多羅尾,甲賀市信楽町多羅尾１番地,１番地,,株式会社三栄開発,H13/04/23,季節,,,甲賀,5627928.pdf
遊泳用プール,湖南市雨山市民プール,520-3100,湖南市雨山二丁目,湖南市雨山二丁目１－１,１－１,,湖南市,H17/07/13,季節,,,甲賀,5627928.pdf
遊泳用プール,甲賀市甲賀Ｂ＆Ｇ海洋センター,520-3403,甲賀市甲賀町鳥居野,甲賀市甲賀町鳥居野１０３７番地１,１０３７番地１,0748-88-5887,甲賀市,H16/10/01,通年,,,甲賀,5627928.pdf
遊泳用プール,甲賀市青瀬児童プール,528-0221,甲賀市土山町青土,甲賀市土山町青土９３６－１,９３６－１,,青瀬児童プール管理組合 代表 加藤慎一,H19/07/21,季節,,,甲賀,5627928.pdf
遊泳用プール,甲賀市立信楽中学校屋内プール,529-1811,甲賀市信楽町江田,甲賀市信楽町江田９５０、９５４－３,９５０、９５４－３,0748-82-0133,甲賀市,H16/10/01,季節,,,甲賀,5627928.pdf
遊泳用プール,甲西イトマンスイミングスクール,520-3232,湖南市平松,湖南市平松１０４,１０４,72-2612,株式会社いずみ二一,H07/09/05,通年,,,甲賀,5627928.pdf
遊泳用プール,甲南Ｂ＆Ｇ海洋センター,520-3321,甲賀市甲南町葛木,甲賀市甲南町葛木３０－１１,３０－１１,86-6971,甲賀市,H17/06/01,季節,,,甲賀,5627928.pdf
遊泳用プール,水口スポーツの森プール,528-0051,甲賀市水口町北内貴,甲賀市水口町北内貴２３０番地,２３０番地,62-7529,甲賀市,H17/07/01,季節,,,甲賀,5627928.pdf
遊泳用プール,大甲賀スポーツプラザスイミングプール,520-3413,甲賀市甲賀町油日,甲賀市甲賀町油日９０１,９０１,88-2511,大場商事株式会社,S51/06/12,季節,,,甲賀,5627928.pdf
遊泳用プール,天理水口プール,528-0038,甲賀市水口町新町一丁 目,甲賀市水口町新町一丁 目１－３５,１－３５,62-0146,宗教法人天理教水口大教会,S51/07/03,季節,,,甲賀,5627928.pdf
遊泳用プール,十二坊温泉ゆらら（バーデプール）,520-3252,湖南市岩根,湖南市岩根６７８番地２８,６７８番地２８,0748-72-8211,湖南市,H22/08/18,季節,,,甲賀,5627928.pdf
遊泳用プール,滋賀県立近江学園水泳用プール,520-3111,湖南市東寺四丁目,湖南市東寺四丁目１番１号,１番１号,0748-77-2811,滋賀県,R02/07/09,季節,,,甲賀,5627928.pdf
遊泳用プール,八日市イトマンスイミングスクール,527-0025,東近江市八日市東本町,東近江市八日市東本町７－７,７－７,22-8456,株式会社いずみ二一,H07/09/01,通年,,,東近江,5627928.pdf
遊泳用プール,ドラゴンスポーツセンター,520-2541,蒲生郡竜王町岡屋,蒲生郡竜王町岡屋３２８２,３２８２,0748-58-3173,公益財団法人竜王町地域振 興事業団,H12/07/12,通年,,,東近江,5627928.pdf
遊泳用プール,休暇村 近江八幡,523-0801,近江八幡市沖島町,近江八幡市沖島町宮ヶ浜,宮ヶ浜,0748-32-3138,一般財団法人休暇村協会,H04/07/01,季節,,,東近江,5627928.pdf
遊泳用プール,近江八幡スイミングスクール,523-0893,近江八幡市桜宮町,近江八幡市桜宮町２０６－７,２０６－７,33-1135,株式会社いずみ二一,H07/08/28,通年,,,東近江,5627928.pdf
遊泳用プール,東近江市湖東プール,527-0113,東近江市池庄町,東近江市池庄町４９６,４９６,0749-45-1213,東近江市,H17/02/11,通年,,,東近江,5627928.pdf
遊泳用プール,東近江市布引運動公園プール,527-0071,東近江市今堀町,東近江市今堀町５８１－１１,５８１－１１,0748-25-2633,東近江市,H17/02/11,通年,,,東近江,5627928.pdf
遊泳用プール,日野町Ｂ＆Ｇ海洋センター,529-1608,蒲生郡日野町大谷,蒲生郡日野町大谷３４１－１,３４１－１,52-5379,日野町,S57/06/19,季節,,,東近江,5627928.pdf
遊泳用プール,コパン近江八幡,523-0891,近江八幡市鷹飼町,近江八幡市鷹飼町３０２,３０２,0748-37-1771,株式会社コパン,H22/03/05,通年,,,東近江,5627928.pdf
遊泳用プール,能登川プール,521-1221,東近江市垣見町,東近江市垣見町５０,５０,0748-42-6767,株式会社いずみ二一,H24/11/22,通年,,,東近江,5627928.pdf
遊泳用プール,近江八幡市立健康ふれあい公園プール棟,523-0036,近江八幡市竹町,近江八幡市竹町１１７８,１１７８,,近江八幡市,H29/05/10,通年,,,東近江,5627928.pdf
遊泳用プール,けんこうプール,529-1206,愛知郡愛荘町蚊野,愛知郡愛荘町蚊野２９７８－１,２９７８－１,37-4777,愛荘町,H18/02/13,季節,,,彦根,5627928.pdf
遊泳用プール,スポーツクラブ アクトス彦根,522-0038,彦根市西沼波町,彦根市西沼波町１４９,１４９,27-0081,株式会社アクトス,H13/07/17,通年,,,彦根,5627928.pdf
遊泳用プール,ブリヂストン彦根工場５０Ｍプール,522-0201,彦根市高宮町,彦根市高宮町２１１,２１１,22-8111,株式会社ブリヂストン,S51/06/15,季節,,,彦根,5627928.pdf
遊泳用プール,甲良町温水プール,522-0244,犬上郡甲良町在士,犬上郡甲良町在士３５７－１,３５７－１,38-5155,甲良町,H11/06/16,通年,,,彦根,5627928.pdf
遊泳用プール,多賀町Ｂ＆Ｇ海洋センター・プール,522-0341,犬上郡多賀町多賀,犬上郡多賀町多賀２４５－２,２４５－２,48-1625,多賀町,S59/09/12,季節,,,彦根,5627928.pdf
遊泳用プール,滝の宮スポーツ公園プール,522-0337,犬上郡多賀町富之尾,犬上郡多賀町富之尾１５８６－５,１５８６－５,0749-47-1325,多賀町,H08/07/15,季節,,,彦根,5627928.pdf
遊泳用プール,彦根イトマンスイミングスクール,522-0007,彦根市古沢町,彦根市古沢町松縄手南５００,松縄手南５００,26-1821,株式会社いずみ二一,H07/11/07,通年,,,彦根,5627928.pdf
遊泳用プール,エル・アテインスイミングスクール彦根,522-0052,彦根市長曽根南町,彦根市長曽根南町４７８,４７８,0749-22-5051,エルスポーツ株式会社,H19/10/01,通年,,,彦根,5627928.pdf
遊泳用プール,彦根ビューホテルガーデンプール,522-0002,彦根市松原町,彦根市松原町１４３５－９１,１４３５－９１,0749-26-1111,株式会社伊東園ホテルズ,H27/07/17,季節,,,彦根,5627928.pdf
遊泳用プール,コパンスポーツクラブ ビバシティ,522-0044,彦根市竹ケ鼻町,彦根市竹ケ鼻町４３－１ ビバシティひこね内,４３－１ ビバシティひこね内,0749-27-5588,株式会社平和堂,R02/03/09,通年,,,彦根,5627928.pdf
遊泳用プール,近江ふるさと会館,522-0056,彦根市開出今町,彦根市開出今町１３５１－３,１３５１－３,0749-47-3447,社会福祉法人近江ふるさと 会,R04/06/07,通年,,,彦根,5627928.pdf
遊泳用プール,ビワフロント彦根 レイクサイドプール,522-0002,彦根市松原町,彦根市松原町１４３５－９１（プール所在地 米 原市磯字ホトヒラ2486-9）,１４３５－９１（プール所在地 米 原市磯字ホトヒラ2486-9）,0749-26-1111,株式会社ビワフロント彦根,R06/07/10,季節,,,彦根,5627928.pdf
遊泳用プール,エクシブ琵琶湖,521-0004,米原市磯,米原市磯１４７７－２,１４７７－２,0749-52-6111,リゾートトラスト株式会社,H09/03/21,季節,,,長浜,5627928.pdf
遊泳用プール,長浜市浅井Ｂ＆Ｇ海洋センター,526-0251,長浜市大依町,長浜市大依町１５,１５,0749-74-3355,公益財団法人長浜文化ス ポーツ振興事業団,H09/06/05,季節,,,長浜,5627928.pdf
遊泳用プール,飯之浦硝友クラブ,529-0437,長浜市木之本町飯浦,長浜市木之本町飯浦６８０,６８０,82-5183,日本電気硝子株式会社滋賀 高月事業場,S59/06/28,季節,,,長浜,5627928.pdf
遊泳用プール,エル・スポーツ長浜,526-0031,長浜市八幡東町,長浜市八幡東町１３１－１,１３１－１,63-2121,エルスポーツ株式会社,H02/03/01,通年,,,長浜,5627928.pdf
遊泳用プール,米原市伊吹Ｂ＆Ｇ海洋センタープール,521-0314,米原市春照,米原市春照７２番地２,７２番地２,0749-58-1636,米原市,H17/06/03,季節,,,長浜,5627928.pdf
遊泳用プール,エル・アテインスイミングスクール長浜,526-0031,長浜市八幡東町,長浜市八幡東町３０－１,３０－１,63-9730,エルスポーツ株式会社,S60/03/25,通年,,,長浜,5627928.pdf
遊泳用プール,ＧＦＣ奥琵琶湖レイクシア プール,529-0721,長浜市西浅井町大浦,長浜市西浅井町大浦１９９０－２,１９９０－２,0749-89-0187,株式会社グリーンフィール ド,H01/07/14,季節,,,長浜,5627928.pdf
遊泳用プール,ロテル・デュ・ラク,529-0721,長浜市西浅井町大浦,長浜市西浅井町大浦２０６４,２０６４,0749-89-1888,新木産業株式会社,H16/07/26,季節,,,長浜,5627928.pdf
遊泳用プール,奥びわスポーツの森水泳プール,526-0124,長浜市早崎町,長浜市早崎町１６６７,１６６７,0749-72-2548,特定非営利活動法人Ｐ． Ｐ．Ｐ．滋賀,H20/07/07,季節,,,長浜,5627928.pdf
遊泳用プール,米原市山東Ｂ＆Ｇ海洋センタープール,521-0202,米原市柏原,米原市柏原２２９３－１,２２９３－１,0749-57-1414,米原市,H17/06/03,通年,,,長浜,5627928.pdf
遊泳用プール,余呉プール,529-0527,長浜市余呉町東野,長浜市余呉町東野３２４,３２４,86-3222,長浜市,H22/07/20,季節,,,長浜,5627928.pdf
遊泳用プール,神照運動公園プール,526-0015,長浜市神照町,長浜市神照町３８６－１,３８６－１,0749-64-0380,公益財団法人長浜文化ス ポーツ振興事業団,H26/06/27,季節,,,長浜,5627928.pdf
遊泳用プール,あざいカルチャー＆スポーツビレッジ,526-0203,長浜市野瀬町,長浜市野瀬町７３０,７３０,0749-76-0014,株式会社日本水泳振興会,H28/07/29,季節,,,長浜,5627928.pdf
遊泳用プール,グランドメルキュール琵琶湖リゾート＆ スパ プール,526-0066,長浜市大島町,長浜市大島町３８,３８,,シガ・ナガハマ２株式会社,R06/07/05,季節,,,長浜,5627928.pdf
遊泳用プール,「てんくう」プール,520-1415,高島市朽木柏,高島市朽木柏３４１－３,３４１－３,38-2770,一般財団法人高島まちおこ し公社,H07/07/06,季節,,,高島,5627928.pdf
遊泳用プール,Ｂ＆Ｇ今津海洋センター屋内温水プール,520-1655,高島市今津町日置前,高島市今津町日置前３１０３,３１０３,22-6778,高島市,H17/01/01,通年,,,高島,5627928.pdf
遊泳用プール,高島市立今津水泳プール,520-1611,高島市今津町弘川,高島市今津町弘川５７５,５７５,0740-22-1006,高島市長,H17/08/12,季節,,,高島,5627928.pdf
遊泳用プール,想い出の森 レジャープール,520-1415,高島市朽木柏,高島市朽木柏３４１－３,３４１－３,074038-2770,一般財団法人高島まちおこ し公社,H17/07/21,季節,,,高島,5627928.pdf
遊泳用プール,白浜荘プール,520-1223,高島市安曇川町下小川,高島市安曇川町下小川２３００－１,２３００－１,0740-32-0451,有限会社白浜荘,H16/07/13,季節,,,高島,5627928.pdf
遊泳用プール,奥琵琶湖マキノプリンスホテル,520-1812,高島市マキノ町西浜,高島市マキノ町西浜７６３－２,７６３－２,0740-28-1111,西武ゴルフ株式会社,H21/10/01,季節,,,高島,5627928.pdf
遊泳用プール,サンクチュアリコート琵琶湖ベネチアン モダンリゾート スパ棟１階プール,520-1223,高島市安曇川町下小川,高島市安曇川町下小川１１１３,１１１３,,リゾートトラスト株式会社,R06/10/01,通年,,,高島,5627928.pdf
遊泳用プール,高島Ｂ＆Ｇ海洋センター,520-1103,高島市宮野,高島市宮野１５１６番地,１５１６番地,0740-36-1370,株式会社サンアメニティ大 阪,R08/04/01,通年,,,高島,5627928.pdf
