カテゴリ,管理番号,施設名,郵便番号,所在地,開設者名,管理者名,電話番号,開設年月日,有効開始日,有効終了日,出典ファイル
病院,,大津赤十字病院,520-8511,大津市長等１丁目１番３５号,日本赤十字社,,077-522-4131,M 37. 4. 1,,,5624238.xlsx
病院,,市立大津市民病院,520-0804,大津市本宮２丁目９番９号,地方独立行政法人市立大津市民病院,,077-522-4607,H　29. 4. 1,,,5624238.xlsx
病院,,大津赤十字志賀病院,520-0580,大津市和邇中２９８,日本赤十字社,,077-594-8777,H14. 7. 1,,,5624238.xlsx
病院,,琵琶湖病院,520-0113,大津市坂本１丁目８番５号,医療法人明和会,,077-578-2023,S 27.10. 1,,,5624238.xlsx
病院,,独立行政法人地域医療機能推進機構滋賀病院,520-0846,大津市富士見台１６番１号,独立行政法人地域医療機能推進機構,,077-537-3101,2014-04-01,,,5624238.xlsx
病院,,医療法人藤樹会滋賀里病院,520-0006,大津市滋賀里１丁目１８番４１号,医療法人藤樹会,,077-522-5426,H 4. 5. 1,,,5624238.xlsx
病院,,医療法人堅田病院,520-0242,大津市本堅田３丁目３３番２４号,医療法人堅田病院,,077-572-1281,1996-06-01,,,5624238.xlsx
病院,,医療法人華頂会琵琶湖養育院病院,520-2144,大津市大萱７丁目７番２号,医療法人華頂会,,077-545-9191,H  8. 6. 1,,,5624238.xlsx
病院,,医療法人弘英会琵琶湖大橋病院,520-0232,大津市真野５丁目１番２９号,医療法人弘英会,,077-573-4321,H  1. 6. 1,,,5624238.xlsx
病院,,山田整形外科病院,520-0242,大津市本堅田５丁目２２番２７号,医療法人山田整形外科病院,,077-573-0058,2022-11-01,,,5624238.xlsx
病院,,医療法人良善会ひかり病院,520-0002,大津市際川３丁目３５－１,医療法人良善会,,077-522-5411,H18.12. 1,,,5624238.xlsx
病院,,琵琶湖中央リハビリテーション病院,520-0834,大津市御殿浜２２番３３号,医療法人幸生会,,077-526-2131,H  8.10. 1,,,5624238.xlsx
病院,,医療法人社団瀬田川病院,520-2142,大津市玉野浦４番２１号,医療法人社団瀬田川病院,,077-543-1441,S 63. 8. 1,,,5624238.xlsx
病院,,打出病院,520-0806,大津市打出浜１０番４１号,医療法人社団尚青会,,077-521-0005,2020-11-01,,,5624238.xlsx
病院,,滋賀医科大学医学部附属病院,520-2192,大津市瀬田月輪町,国立大学法人滋賀医科大学,,077-548-2111,S 53.10. 4,,,5624238.xlsx
病院,,社会福祉法人恩賜財団済生会滋賀県病院,520-3046,栗東市大橋２丁目４番１号,社会福祉法人恩賜財団済生会支部滋賀県済生会,,077-552-1221,S 12.10.23,,,5624238.xlsx
病院,,社会医療法人誠光会淡海医療センター,525-8585,草津市矢橋町１６６０番,社会医療法人誠光会,,077-563-8866,S 57. 4. 1,,,5624238.xlsx
病院,,社会医療法人誠光会淡海ふれあい病院,525-8585,草津市矢橋町1629番５,社会医療法人誠光会,,077-516-2121,2020-10-01,,,5624238.xlsx
病院,,医療法人芙蓉会南草津病院,525-0059,草津市野路五丁目２番３９号,医療法人芙蓉会,,077-562-0724,S 59. 9. 1,,,5624238.xlsx
病院,,びわこ学園医療福祉センター草津,525-0072,草津市笠山八丁目3-113,社会福祉法人びわこ学園,,077-566-0701,H  3. 6. 1,,,5624238.xlsx
病院,,市立野洲病院,520-2331,野洲市小篠原１０９４,野洲市,,077-587-1332,2019-07-01,,,5624238.xlsx
病院,,びわこ学園医療福祉センター野洲,520-2321,野洲市北桜978-2,社会福祉法人びわこ学園,,077-587-1144,S 41. 2. 1,,,5624238.xlsx
病院,,滋賀県立総合病院,524-8524,守山市守山５丁目４番３０号,滋賀県,,077-582-5031,S 45.12. 1,,,5624238.xlsx
病院,,湖南病院,520-2433,野洲市八夫２０７７番地,医療法人周行会,,077-589-5155,H  1. 9. 1,,,5624238.xlsx
病院,,社会福祉法人恩賜財団済生会守山市民病院,524-0022,守山市守山４丁目１４番１号,守山市,,077-582-5151,S 57. 4. 1,,,5624238.xlsx
病院,,滋賀県立精神医療センター,525-0072,草津市笠山八丁目4-25,滋賀県,,077-567-5001,H  4. 9. 1,,,5624238.xlsx
病院,,南草津野村病院,525-0059,草津市野路一丁目６番５号,医療法人真心会,,077-561-3788,H 10. 6. 1,,,5624238.xlsx
病院,,医療法人徳洲会近江草津徳洲会病院,525-0054,草津市東矢倉３丁目３４番５２号,医療法人徳洲会,,077-567-3610,2003-09-01,,,5624238.xlsx
病院,,独立行政法人国立病院機構紫香楽病院,529-1803,甲賀市信楽町牧９９７番地,独立行政法人国立病院機構,,0748-83-0101,2004-04-01,,,5624238.xlsx
病院,,一般社団法人水口病院,528-0031,甲賀市水口町本町２丁目２番４３号,一般社団法人水口病院,,0748-62-1212,S 24. 4. 2,,,5624238.xlsx
病院,,公立甲賀病院,528-0074,甲賀市水口町松尾１２５６番地,地方独立行政法人公立甲賀病院,,0748-62-0234,2019-04-01,,,5624238.xlsx
病院,,甲賀市立信楽中央病院,529-1851,甲賀市信楽町長野４７３番地,甲賀市,,0748-82-0249,2004-10-01,,,5624238.xlsx
病院,,医療法人社団仁生会甲南病院,520-3321,甲賀市甲南町葛木９５８番地,医療法人社団仁生会,,0748-86-3131,S 42.10.24,,,5624238.xlsx
病院,,医療法人社団美松会生田病院,520-3242,湖南市菩提寺104-13,医療法人社団美松会,,0748-74-8577,H  1. 6. 1,,,5624238.xlsx
病院,,医療法人社団阿星会甲西ﾘﾊﾋﾞﾘ病院,520-3223,湖南市夏見1168番地,医療法人社団阿星会,,0748-72-2881,H 11. 8. 1,,,5624238.xlsx
病院,,近江八幡市立総合医療センター,523-0082,近江八幡市土田町１３７９番地,近江八幡市,,0748-33-3151,S 15. 9. 8,,,5624238.xlsx
病院,,公益財団法人近江兄弟社ヴォーリズ記念病院,523-0805,近江八幡市円山町９２７－１,公益財団法人近江兄弟社,,0748-32-5211,2022-11-01,,,5624238.xlsx
病院,,滋賀八幡病院,523-8503,近江八幡市鷹飼町７４４番地,公益財団法人青樹会,,0748-33-7101,S 27. 7.16,,,5624238.xlsx
病院,,医療法人社団昴会日野記念病院,529-1642,蒲生郡日野町上野田２００番地１,医療法人社団昴会,,0748-53-1201,H  3. 4. 1,,,5624238.xlsx
病院,,独立行政法人国立病院機構東近江総合医療センター,527-8505,東近江市五智町２５５番地,独立行政法人国立病院機構,,0748-22-3030,S 20.12. 1,,,5624238.xlsx
病院,,東近江市立能登川病院,521-1223,東近江市猪子町１９１番地,東近江市,,0748-42-1333,2006-01-01,,,5624238.xlsx
病院,,東近江敬愛病院,527-0025,東近江市八日市東本町８－１６,医療法人敬愛会,,0748-22-2222,S 38. 1. 1,,,5624238.xlsx
病院,,医療法人医誠会神崎中央病院,529-1445,東近江市五個荘清水鼻町９５番地,医療法人医誠会,,0748-48-5555,2003-03-01,,,5624238.xlsx
病院,,医療法人社団幸信会青葉病院,527-0039,東近江市青葉町1-36,医療法人社団幸信会,,0748-20-1110,H 12. 7. 1,,,5624238.xlsx
病院,,医療法人恒仁会近江温泉病院,527-0145,東近江市北坂町９６６番地,医療法人恒仁会,,0749-46-1125,H  5. 7. 1,,,5624238.xlsx
病院,,医療法人社団昴会湖東記念病院,527-0134,東近江市平松町２番地１,医療法人社団昴会,,0749-45-5000,H 12.10.10,,,5624238.xlsx
病院,,彦根市立病院,522-8539,彦根市八坂町１８８２番地,彦根市,,0749-22-6050,M 24. 4.26,,,5624238.xlsx
病院,,公益財団法人豊郷病院,529-1168,犬上郡豊郷町八目１２番地,公益財団法人豊郷病院,,0749-35-3001,T 14. 4.27,,,5624238.xlsx
病院,,医療法人恭昭会彦根中央病院,522-0054,彦根市西今町４２１番地,医療法人恭昭会,,0749-23-1211,2008-04-01,,,5624238.xlsx
病院,,医療法人友仁会友仁山崎病院,522-0044,彦根市竹ヶ鼻町８０番地,医療法人友仁会,,0749-23-1800,H  9. 1. 1,,,5624238.xlsx
病院,,長浜赤十字病院,526-8585,長浜市宮前町１４の７,日本赤十字社,,0749-63-2111,S  7. 4.16,,,5624238.xlsx
病院,,市立長浜病院,526-8580,長浜市大戌亥町３１３番地,長浜市,,0749-68-2300,H  8. 5. 1,,,5624238.xlsx
病院,,セフィロト病院,526-0045,長浜市寺田町２５７番地,社会福祉法人青祥会,,0749-62-1652,2012-04-01,,,5624238.xlsx
病院,,長浜市立湖北病院,529-0493,長浜市木之本町大字黒田１２２１,長浜市,,0749-82-3315,2010-01-01,,,5624238.xlsx
病院,,一般財団法人近江愛隣園今津病院,520-1605,高島市今津町南新保87番地1,一般財団法人近江愛隣園,,0740-22-2238,S 26. 6.26,,,5624238.xlsx
病院,,高島市民病院,520-1121,高島市勝野１６６７番地,高島市,,0740-36-0220,S 33. 4. 1,,,5624238.xlsx
病院,,医療法人マキノ病院,520-1822,高島市マキノ町新保１０９７,医療法人マキノ病院,,0740-27-0099,1997-05-01,,,5624238.xlsx
病院,,57,,,,,,,,,5624238.xlsx
一般診療所,,あさい内科,525-0066,草津市矢橋町104-1,浅井　清,,566-1739,2002-04-15,,,5624240.xlsx
一般診療所,,あさの内科クリニック,525-0048,草津市追分南一丁目１番14－１Ｆ号,浅野　信行,,565-2133,2008-11-04,,,5624240.xlsx
一般診療所,,あらい眼科,525-0032,草津市大路2丁目1-27伽羅ｶﾞｰﾃﾞﾝｽｸｴｱ1階,新井　眞理,,567-0660,2007-03-12,,,5624240.xlsx
一般診療所,,医療法人奉仁会　いしだ眼科,525-0027,草津市野村6丁目11番4号ｺﾝﾌｫｰﾚT3,医療法人奉仁会,,516-7288,2007-09-03,,,5624240.xlsx
一般診療所,,尾松医院,525-0027,草津市野村6丁目1-18,医療法人尾松医院,,567-7793,2004-05-06,,,5624240.xlsx
一般診療所,,医療法人加藤乳腺クリニック,525-0037,草津市西大路町8-12,医療法人加藤乳腺クリニック,,566-7808,2005-05-01,,,5624240.xlsx
一般診療所,,医療法人社団加藤内科医院,525-0059,草津市野路１丁目６-５-１０３,医療法人社団加藤内科医院,,567-6234,2007-05-01,,,5624240.xlsx
一般診療所,,医療法人産科婦人科ハピネスバ－スクリニック,525-0066,草津市矢橋町233-3,医療法人産科婦人科ハピネスバースクリニック,,564-3101,2006-10-01,,,5624240.xlsx
一般診療所,,内田内科循環器内科,525-0026,草津市渋川一丁目2-26ザ・草津タワー２階,内田　和則,,516-0200,2009-09-01,,,5624240.xlsx
一般診療所,,おうみクリニック,525-0067,草津市新浜町85-19,坂井　伸好,,569-5525,2004-12-01,,,5624240.xlsx
一般診療所,,おとのりクリニーク,525-0066,草津市矢橋町2070-1-1015,波多野　和夫,,598-1604,2010-01-03,,,5624240.xlsx
一般診療所,,加地眼科,525-0055,草津市野路町字片原694-6,医療法人加地クリニック,,565-3388,2016-04-01,,,5624240.xlsx
一般診療所,,神吉医院,525-0032,草津市大路2丁目10-7,永田　啓明,,514-9012,2026-04-01,,,5624240.xlsx
一般診療所,,草津ハートセンター,525-0014,草津市駒井沢町407-1,医療法人ハートセンター,,568-5333,2007-04-01,,,5624240.xlsx
一般診療所,,草津病理アカデミー　桜ヶ丘病理診断クリニック,525-0057,草津市桜ヶ丘4丁目7-10,天野　殖,,565-1247,2010-02-08,,,5624240.xlsx
一般診療所,,草津レディースクリニック,525-0026,草津市渋川一丁目2-26－207号,医療法人真心会,,566-7575,2009-08-01,,,5624240.xlsx
一般診療所,,くぼた眼科,525-0059,草津市野路一丁目7－21リベリー南草津202,久保田　真吾,,561-0789,1999-02-01,,,5624240.xlsx
一般診療所,,マティスメンタルクリニック,525-0032,草津市大路2丁目1-27,奥田　浩士,,566-7271,2024-11-01,,,5624240.xlsx
一般診療所,,さとうこどもクリニック,525-0066,草津市矢橋町1203-1,佐藤　恒,,566-3105,2009-12-03,,,5624240.xlsx
一般診療所,,滋賀県草津保健所,525-8525,草津市草津３丁目14-75,滋賀県,,562-3526,1989-12-24,,,5624240.xlsx
一般診療所,,しづ井上内科,525-0041,草津市青地町481-3,医療法人桃蘭会,,567-8502,2002-04-01,,,5624240.xlsx
一般診療所,,すぎうら皮ふ科医院,525-0021,草津市川原二丁目15番10号,医療法人すぎうら皮ふ科医院,,569-5702,2007-04-01,,,5624240.xlsx
一般診療所,,第二富田クリニック,525-0014,草津市駒井沢町395-1,医療法人社団富田クリニック,,535-9056,2008-03-03,,,5624240.xlsx
一般診療所,,ダイキン工業㈱滋賀診療所,525-0044,草津市岡本町1000-2,ダイキン工業株式会社滋賀製作所,,563-1151,1970-10-01,,,5624240.xlsx
一般診療所,,たにむらこどもクリニック,525-0027,草津市野村6-1-3ｺﾝﾌｫｰﾚＴ１,医療法人湖幸会,,561-0607,2000-10-01,,,5624240.xlsx
一般診療所,,特別養護老人ホームぽぷら医務室,525-0028,草津市上笠１丁目１番２２号,社会福祉法人みのり,,563-0030,2004-07-01,,,5624240.xlsx
一般診療所,,なかじま医院,525-0047,草津市追分3丁目1-14,中嶋　康彦,,566-8118,2004-05-11,,,5624240.xlsx
一般診療所,,なかの医院,525-0023,草津市平井１丁目15-26,中野　克哉,,566-5123,2006-10-27,,,5624240.xlsx
一般診療所,,にし内科クリニック,525-0029,草津市下笠町76-5,西　高弘,,568-8150,2004-11-05,,,5624240.xlsx
一般診療所,,のぞみクリニック,525-0036,草津市草津町1973番地,大久保　拓,,562-1170,2009-09-01,,,5624240.xlsx
一般診療所,,はしたに眼科,525-0032,草津市大路1-11-30,医療法人厚生会,,563-4800,1982-07-27,,,5624240.xlsx
一般診療所,,パナソニック草津健康管理室,525-0058,草津市野路東二丁目３番１－２号,パナソニック健康保険組合,,563-3611,1971-05-21,,,5624240.xlsx
一般診療所,,松本胃腸科クリニック,525-0052,草津市西矢倉3-6-12-11,松本　啓一,,566-7525,2003-10-16,,,5624240.xlsx
一般診療所,,南草津クリニック,525-0059,草津市野路1丁目8-18ｴﾙﾐﾅeeﾋﾞﾙﾃﾞｨﾝｸﾞ,熊江　忠勝,,569-6862,2023-04-01,,,5624240.xlsx
一般診療所,,医療法人南草津けやきクリニック,525-0050,草津市南草津一丁目1番8-2階 Ｃ号室,医療法人南草津けやきクリニック,,565-7708,2010-03-01,,,5624240.xlsx
一般診療所,,南草津坂本診療所,525-0059,草津市野路1-12-41,坂本　暢典,,566-1002,2001-10-01,,,5624240.xlsx
一般診療所,,南草津野村整形外科,525-0059,草津市野路1-6-27,医療法人真心会,,561-3777,2000-06-05,,,5624240.xlsx
一般診療所,,薬師川眼科医院,525-0045,草津市若草5丁目13番地-1若草医療ﾋﾞﾙ内,薬師川　浩,,566-8341,2004-04-21,,,5624240.xlsx
一般診療所,,やまもとクリニック,525-0023,草津市平井2-1-1,医療法人　医心会,,516-2225,2011-10-01,,,5624240.xlsx
一般診療所,,医療法人 九谷医院,525-0032,草津市大路1-18-31,医療法人九谷医院,,562-2270,1995-10-01,,,5624240.xlsx
一般診療所,,医療法人 上原眼科,525-0025,草津市西渋川1-2-22,医療法人上原眼科,,564-1100,2004-07-01,,,5624240.xlsx
一般診療所,,医療法人　板谷耳鼻咽喉科,525-0037,草津市西大路町8-28-101,医療法人板谷耳鼻咽喉科,,561-0618,1998-09-01,,,5624240.xlsx
一般診療所,,医療法人宮本クリニック,525-0028,草津市上笠4-6-6,医療法人宮本クリニック,,564-0878,2000-04-01,,,5624240.xlsx
一般診療所,,医療法人社団 あなむら診療所,525-0012,草津市穴村町311,医療法人社団あなむら診療所,,568-0006,2000-05-01,,,5624240.xlsx
一般診療所,,医療法人社団 いずみ医院,525-0033,草津市東草津2-2-53,医療法人社団いずみ医院,,565-2347,1984-09-01,,,5624240.xlsx
一般診療所,,医療法人社団 せき川クリニック,525-0027,草津市野村4-9-10,医療法人社団せき川クリニック,,564-3111,1993-06-01,,,5624240.xlsx
一般診療所,,井上医院,525-0034,草津市草津四丁目5-23,医療法人井上医院,,562-0001,2023-06-01,,,5624240.xlsx
一般診療所,,岡診療所,525-0027,草津市野村6-14-14,岡　敦子,,562-8011,1988-11-28,,,5624240.xlsx
一般診療所,,岡本医院,525-0057,草津市桜ケ丘5-3-10,岡本　法仲,,565-3757,1984-11-01,,,5624240.xlsx
一般診療所,,㈱メタルアート診療所,525-0059,草津市野路三丁目2-18,株式会社メタルアート,,563-2111,1971-06-11,,,5624240.xlsx
一般診療所,,橋本内科医院,525-0022,草津市川原町302-5,橋本　賢治,,564-1566,1996-12-02,,,5624240.xlsx
一般診療所,,医療法人　佐竹クリニック（内科胃腸科）,525-0037,草津市西大路町8-28-102,医療法人佐竹クリニック,,569-3678,2005-10-01,,,5624240.xlsx
一般診療所,,滋賀県赤十字血液センター,525-0072,草津市笠山7-1-45,日本赤十字社,,564-6311,S54.4.1 H26.2.10,,,5624240.xlsx
一般診療所,,滋賀県赤十字血液センター　草津出張所　びわ湖草津献血ルーム,525-0025,草津市西渋川１丁目1番14号,日本赤十字社,,584-5678,2013-02-14,,,5624240.xlsx
一般診療所,,耳鼻咽喉科岸本医院,525-0027,草津市野村3-17-19,岸本　正生,,563-1577,1995-12-01,,,5624240.xlsx
一般診療所,,医療法人社団湖光会　若草診療所,525-0045,草津市若草5-13-1,医療法人社団湖光会,,564-2091,2003-10-01,,,5624240.xlsx
一般診療所,,ひの医院,525-0027,草津市野村8-9-1,日野　拓耶,,567-1671,2026-01-01,,,5624240.xlsx
一般診療所,,水口クリニック,525-0027,草津市野村1-1-10,一般社団法人水口病院 H24.4.1～,,566-0601,1991-09-01,,,5624240.xlsx
一般診療所,,中神産業医クリニック,525-0037,草津市西大路町11-10,中神　源一,,562-0209,1990-07-01,,,5624240.xlsx
一般診療所,,中野クリニック,525-0032,草津市大路1-15-43,中野　悦次,,567-9137,1995-04-17,,,5624240.xlsx
一般診療所,,津田皮フ科,525-0032,草津市大路1-15-21,医療法人　津田皮フ科,,562-7203,1998-06-22,,,5624240.xlsx
一般診療所,,特別養護老人ホーム菖蒲の郷医務室,525-0042,草津市山寺町８３７番地,社会福祉法人聖優会,,566-3888,1992-07-01,,,5624240.xlsx
一般診療所,,特別養護老人ホーム第二菖蒲の郷医務室,525-0048,草津市追分南５丁目１８番８号,社会福祉法人聖優会,,566-5366,2010-05-21,,,5624240.xlsx
一般診療所,,医療法人久敬会南草津米倉眼科,525-0059,草津市野路1-4-16-301,医療法人久敬会,,569-1288,2025-01-01,,,5624240.xlsx
一般診療所,,入江産婦人科,525-0032,草津市大路2-3-11,入江　賢治,,563-5223,1997-01-03,,,5624240.xlsx
一般診療所,,白波瀬小児科,525-0027,草津市野村8-9-37,白波瀬　亙,,561-0880,1998-04-01,,,5624240.xlsx
一般診療所,,富田クリニック,525-0025,草津市西渋川1-3-22,医療法人社団富田クリニック,,566-0303,1999-12-01,,,5624240.xlsx
一般診療所,,立命館診療所分室,525-0058,草津市野路東1-1-1,学校法人立命館,,561-2635,1994-04-01,,,5624240.xlsx
一般診療所,,はしもと赤ちゃんキッズクリニック,525-0050,草津市南草津三丁目１番９号,医療法人成育会,,558-7088,2011-04-01,,,5624240.xlsx
一般診療所,,介護老人福祉施設なみき医務室,525-0028,草津市上笠1丁目1-16,社会福祉法人みのり,,563-6600,2011-05-16,,,5624240.xlsx
一般診療所,,医療法人社団ラナンキュラス会 麗ビューティー皮フ科クリニック,525-0037,草津市西大路町４番３２号,医療法人社団ラナンキュラス会,,569-5509,2011-05-30,,,5624240.xlsx
一般診療所,,わかくさ耳鼻咽喉科,525-0045,草津市若草５丁目13-1,永田　智也,,532-7071,2011-08-01,,,5624240.xlsx
一般診療所,,こまいざわ整形外科クリニック,525-0014,草津市駒井沢町397-1,猿橋　康雄,,598-1118,2012-04-01,,,5624240.xlsx
一般診療所,,特別養護老人ホーム風和里医務室,525-0044,草津市岡本町217番地,社会福祉法人よつば会,,561-7500,2012-08-01,,,5624240.xlsx
一般診療所,,北山田診療所,525-0061,草津市北山田町245番地１,医療法人　道心会,,566-2560,2012-09-01,,,5624240.xlsx
一般診療所,,KIA　CLINIC　滋賀草津院,535-0032,草津市大路1-15-43　荒川ﾋﾞﾙ２階201,原田　純,,,2013-04-06,,,5624240.xlsx
一般診療所,,清水産婦人科,525-0027,草津市野村三丁目18番5号,医療法人双葉会清水産婦人科 理事長　清水　良彦,,562-4332,2013-07-31,,,5624240.xlsx
一般診療所,,特別養護老人ホーム　帆の里　医務室,525-0066,草津市矢橋町５００番１,社会福祉法人よつば会,,566-8620,2013-10-01,,,5624240.xlsx
一般診療所,,滋賀県身体障害者更生相談所判定室,525-0072,草津市笠山七丁目8-138　県立長寿社会福祉センタ―別館２階,滋賀県知事　三日月　大造,,567-7221,2014-02-01,,,5624240.xlsx
一般診療所,,伊藤内科クリニック,525-0037,草津市西大路町4-32　106-1,伊藤　誠,,563-3550,2014-03-03,,,5624240.xlsx
一般診療所,,指月病理診断科,525-0024,草津市平井町395-38,竹村　しづき,,535-7873,2015-01-17,,,5624240.xlsx
一般診療所,,せの耳鼻咽喉科,525-0023,草津市平井1-19-6,瀬野　悟史,,563-8741,2015-02-01,,,5624240.xlsx
一般診療所,,由良クリニック眼科分院,525-0067,草津市新浜町300番地イオンモール草津１F,医療法人碧藍会,,567-7400,2015-06-01,,,5624240.xlsx
一般診療所,,ふじさわ小児クリニック,525-0032,草津市大路二丁目9番4号,藤澤大輔,,561-5222,2015-09-01,,,5624240.xlsx
一般診療所,,iMEP診療所,525-0055,草津市野路町3023番地,ニプロ株式会社,,,2016-04-16,,,5624240.xlsx
一般診療所,,かんだクリニック,525-0055,草津市野路町686,神田　則和,,561-4112,2016-05-06,,,5624240.xlsx
一般診療所,,特別養護老人ホーム　萩の里　医務室,525-0058,草津市野路東二丁目4番10号,社会福祉法人よつば会,,567-8560,2016-07-01,,,5624240.xlsx
一般診療所,,医療法人スマイル　玉川スマイルクリニック,525-0059,草津市野路8丁目22-13,医療法人スマイル,,564-5555,2016-10-01,,,5624240.xlsx
一般診療所,,特別養護老人ホーム　えんゆうの郷,525-0063,草津市南山田町７６１番地,社会福祉法人 誠光福祉会,,598-1866,H.29.4.17,,,5624240.xlsx
一般診療所,,医療法人 瑞明会 滋賀睡眠クリニック,525-0050,草津市南草津1丁目3-1,医療法人 瑞明会,,077-516-4111,H.29.7.1,,,5624240.xlsx
一般診療所,,なごみ皮膚科クリニック,525-0050,草津市南草津2丁目7-22-2,金井 和美,,569-5186,H.29.12.1,,,5624240.xlsx
一般診療所,,医療法人おがわ耳鼻咽喉科,525-0047,草津市追分1丁目4番25-2,医療法人おがわ耳鼻咽喉科,,516-8733,2026-04-01,,,5624240.xlsx
一般診療所,,みみ･はな･いびき 耳鼻咽喉科こまクリニック,525-0050,草津市南草津2丁目7-22-2,駒田 一朗,,567-6062,H.29.12.3,,,5624240.xlsx
一般診療所,,ささきクリニック,525-0037,草津市西大路町5-2,佐々木　康成,,565-6610,2018-04-01,,,5624240.xlsx
一般診療所,,せきがわ内科クリニック,525-0028,草津市上笠2-17-6 アーバス草津1F,関川 修司,,561-5588,2018-11-07,,,5624240.xlsx
一般診療所,,草津こころのクリニック,525-0032,草津市大路1-12-1 星空館3F,木村 静,,598-6501,2019-01-01,,,5624240.xlsx
一般診療所,,竹岡診療所,525-0034,草津市南草津2丁目4-10 ベーネ南草津1F,竹岡　秀実,,567-5211,2019-02-01,,,5624240.xlsx
一般診療所,,医療法人にじいろ会おぐまファミリークリニック,525-0050,草津市南草津二丁目４－３,医療法人にじいろ会,,561-3288,2019-04-01,,,5624240.xlsx
一般診療所,,医療法人ひつじクリニック,525-0037,草津市西大路町4-32 エストピアプラザ２階,医療法人ひつじクリニック,,565-2625,2019-07-01,,,5624240.xlsx
一般診療所,,医療法人かがやき会そうむらファミリークリニック,525-0048,草津市追分南四丁目6-23,医療法人かがやき会,,548-6655,2022-05-01,,,5624240.xlsx
一般診療所,,医療法人みらいといやまこどもクリニック,525-0047,草津市追分一丁目４番２５-１号,医療法人みらい,,516-1018,2019-10-01,,,5624240.xlsx
一般診療所,,特別養護老人ホームやまでら医務室,525-0042,草津市山寺町1118,社会福祉法人よつば会,,564-8216,2019-10-01,,,5624240.xlsx
一般診療所,,特別養護老人ホームゆうすいのさと診療所,525-0014,草津市駒井沢町４００番地１,社会福祉法人よつば会,,568-3600,2019-10-01,,,5624240.xlsx
一般診療所,,社会医療法人誠光会南草津健診センター,525-0050,草津市南草津二丁目3番地7,社会医療法人誠光会,,516-2500,2019-12-02,,,5624240.xlsx
一般診療所,,みつだ内科クリニック,525-0059,草津市野路4丁目4番1号,光田　憲彦,,516-4386,2020-02-03,,,5624240.xlsx
一般診療所,,おかだ内科クリニック,525-0071,草津市南笠東4丁目5-30,岡田　貴司,,567-8111,2020-04-01,,,5624240.xlsx
一般診療所,,特別養護老人ホームやわらぎ苑診療所,525-0056,草津市南笠町８９１番地,社会福祉法人よつば会,,564-6500,2020-04-01,,,5624240.xlsx
一般診療所,,特別養護老人ホームしあわせ診療所,525-0056,草津市南笠町９０５番地,社会福祉法人よつば会,,561-3755,2020-04-01,,,5624240.xlsx
一般診療所,,医療法人シーエルリンク南草津あおぞらクリニック,525-0050,草津市南草津3丁目4番3-3,医療法人シーエルリンク,,567-8101,2022-10-01,,,5624240.xlsx
一般診療所,,いりかわ耳鼻咽喉科,525-0050,草津市南草津5丁目4-14,医療法人いりかわ耳鼻咽喉科,,516-1112,Ｒ7.11.1法人化,,,5624240.xlsx
一般診療所,,医療法人山田整形外科クリニック,525-0050,草津市南草津3丁目4番3-1,医療法人山田整形外科クリニック,,598-5935,2022-10-01,,,5624240.xlsx
一般診療所,,久徳医院,525-0034,草津市草津2-4-17,山本　敏夫,,567-5577,2020-09-01,,,5624240.xlsx
一般診療所,,医療法人馰野会南草津婦人科まりこクリニック,525-0059,草津市野路1丁目13番5号南草津アクシスビル3階,医療法人馰野会,,585-9788,2020-10-03,,,5624240.xlsx
一般診療所,,特別養護老人ホーム茜の郷,525-0029,草津市下笠町７３３－１,社会福祉法人聖優会,,599-1977,2021-01-01,,,5624240.xlsx
一般診療所,,医療法人霜星会　滋賀美容皮膚科クリニック,525-0059,草津市野路1丁目13-5南草津ｱｸｼｽﾋﾞﾙ4階,医療法人霜星会,,516-6722,2023-12-01,,,5624240.xlsx
一般診療所,,医療法人健尚会こばやし整形外科,525-0026,草津市渋川１丁目２番26-202号,医療法人健尚会,,566-6003,2021-04-01,,,5624240.xlsx
一般診療所,,眞下草津医院,525-0027,草津市野村三丁目16番20-2号,医療法人眞下草津医院,,565-0880,2021-12-01,,,5624240.xlsx
一般診療所,,滋賀もりブレストクリニック,525-0059,草津市野路一丁目13番36号,森　毅,,561-0701,2022-01-01,,,5624240.xlsx
一般診療所,,医療法人みらい　南草津こどもクリニック,525-0059,草津市野路一丁目6-5サンコート南草津１F,医療法人みらい,,561-3800,2022-04-01,,,5624240.xlsx
一般診療所,,南草津皮フ科,525-0055,草津市野路町652-3,医療法人A．I．R．,,599-1451,2022-05-02,,,5624240.xlsx
一般診療所,,草津かわはらクリニック,525-0036,草津市草津町1899,医療法人碧河会草津かわはらクリニック,,598-0591,Ｒ7.12.1法人化,,,5624240.xlsx
一般診療所,,メープル・クリニック,525-0059,草津市野路1-14-38-204,医療法人　加風,,561-3877,2023-04-01,,,5624240.xlsx
一般診療所,,とみた腎泌尿器科クリニック,525-0050,草津市南草津二丁目1-30,富田　圭司,,077-561-0161,2023-04-01,,,5624240.xlsx
一般診療所,,はやし脳神経外科クリニック,525-0066,草津市矢橋町102-8,医療法人かのん,,077-599-1162,2025-04-01,,,5624240.xlsx
一般診療所,,AGAスキンクリニック滋賀草津院,525-0032,草津市大路一丁目12番1 星空館3階301号室,医療法人社団創美会,,050-5527-0904,2023-04-08,,,5624240.xlsx
一般診療所,,医療法人希会　きぼうクリニック,525-0056,草津市南草津プリムタウン四丁目８番地２－１階,医療法人希会,,077-598-6554,2023-05-01,,,5624240.xlsx
一般診療所,,いうら皮ふ科クリニック,520-3025,草津市追分南1丁目1-14,医療法人いうら皮ふ科クリニック,,574-8570,2023-05-01,,,5624240.xlsx
一般診療所,,おおにし耳鼻咽喉科,525-0066,草津市矢橋町102番地8 2階,医療法人宗結会,,077-599-1087,2023-08-01,,,5624240.xlsx
一般診療所,,おかもと内科・糖尿病クリニック,525-0021,草津市川原二丁目16-39,岡本　拓也,,514-8351,2023-09-04,,,5624240.xlsx
一般診療所,,カノアビューティ―クリニック,525-0059,草津市野路一丁目８－１８　エルミナeeビルディング203号室,一般社団法人仁秀グループ,,514-8356,2023-10-17,,,5624240.xlsx
一般診療所,,南草津ひだまりハートクリニック,525-0050,草津市南草津三丁目４番７,医療法人シーエルリンク,,599-1430,2023-11-01,,,5624240.xlsx
一般診療所,,TCB 東京中央美容外科・TCB スキンクリニック　草津院,525-0032,草津市大路一丁目1番1号　エルティ９３２ビル３階,医療法人社団メディカルフロンティア,,598-1406,2023-12-02,,,5624240.xlsx
一般診療所,,JIN CLINIC,525-0067,草津市新浜町300 イオンモール草津1F,福田　神,,598-5293,2024-04-01,,,5624240.xlsx
一般診療所,,いわさ眼科,525-0025,草津市西渋川1-3-18,岩佐　真紀,,599-3530,2024-05-01,,,5624240.xlsx
一般診療所,,まごころファミリークリニック,525-0025,草津市西渋川一丁目21番14号1階,医療法人長光会,,,2024-08-01,,,5624240.xlsx
一般診療所,,医療法人社団廣瀨会銀座クリニック南草津院,525-0059,草津市野路一丁目９番地１７ VENZAITEN BLDG. MINAMIKUSATSU 4階,医療法人社団廣瀨会,,,2024-12-19,,,5624240.xlsx
一般診療所,,みなくさメンタルクリニック,525-0059,草津市野路二丁目１６－５,柴田　俊,,080-6537-5021,2025-07-01,,,5624240.xlsx
一般診療所,,J  CLINIC,525-0059,草津市野路一丁目１５－５　フェリエ南草津３Ｆ,大髙　淳輝,,558-5224,2025-07-27,,,5624240.xlsx
一般診療所,,みやはら整形外科,525-0046,草津市追分南二丁目１２番２号,宮原　健一郎,,518-6001,2025-10-01,,,5624240.xlsx
一般診療所,,南草津おなかと胃・大腸カメラのクリニック,525-0050,草津市南草津二丁目３番１１,医療法人シーエルリンク,,,2025-11-01,,,5624240.xlsx
一般診療所,,医療法人真樹会　滋賀ひかりハートクリニック,525-0065,草津市橋岡町４２番地１　スリーワン南草津１階,医療法人真樹会,,518-7414,2025-12-01,,,5624240.xlsx
一般診療所,,医療法人四つ葉会よつば会クリニック草津院,525-0026,草津市渋川一丁目１番５０号　近鉄百貨店草津店５階,医療法人四つ葉会,,558-5022,2026-01-07,,,5624240.xlsx
一般診療所,,おひさま眼科,525-0025,草津市西渋川一丁目２３番３０号アル・プラザ２階,医療法人愛光会,,518-8081,2026-02-10,,,5624240.xlsx
一般診療所,,きいろのたね　こどもの発達・不登校クリニック,525-0059,草津市野路一丁目７－２１　リベリ―南草津205号,医療法人杏華会,,558-6575,2026-04-01,,,5624240.xlsx
一般診療所,,ねこのて婦人科クリニック,525-0025,草津市西渋川一丁目２１番１４号　エルミナＭＣビル２階,田中　雅子,,514-7522,2026-05-01,,,5624240.xlsx
一般診療所,,医療法人 かさはら医院,524-0012,守山市播磨田町1456-1,医療法人かさはら医院,,514-0003,2001-04-01,,,5624240.xlsx
一般診療所,,医療法人 さくら会守山さくら内科クリニック,524-0022,守山市守山三丁目10-13,医療法人さくら会守山さくら内科クリニック,,582-6577,2008-10-01,,,5624240.xlsx
一般診療所,,医療法人 やまもと小児科,524-0045,守山市金森町959,医療法人やまもと小児科,,581-2375,2006-04-01,,,5624240.xlsx
一般診療所,,医療法人 藤本クリニック,524-0037,守山市梅田町2-1　セルバ守山204,医療法人藤本クリニック,,582-6032,2021-08-01,,,5624240.xlsx
一般診療所,,医療法人社団 山岡整形外科医院,524-0041,守山市勝部1-17-28,医療法人社団山岡整形外科医院,,583-1122,2006-04-01,,,5624240.xlsx
一般診療所,,医療法人拓真会　つかもと耳鼻咽喉科,524-0037,守山市梅田町15番7号,医療法人拓真会,,581-3387,2009-08-01,,,5624240.xlsx
一般診療所,,うちだクリニック,524-0022,守山市守山5-8-7,内田　康和,,514-3633,2001-12-10,,,5624240.xlsx
一般診療所,,かいつぶり診療所,524-0022,守山市守山町168-1,社会福祉法人滋賀県障害児協会,,514-1715,2006-09-01,,,5624240.xlsx
一般診療所,,グンゼ株式会社守山工場附属診療所,524-0064,守山市森川原町163,グンゼ株式会社守山工場,,585-0251,,,,5624240.xlsx
一般診療所,,柴田クリニック,524-0012,守山市播磨田町3016-7,柴田　修行,,581-1231,2005-04-11,,,5624240.xlsx
一般診療所,,医療法人德林クリニック,524-0022,守山市守山6-8-3,医療法人德林クリニック,,514-3811,2016-12-01,,,5624240.xlsx
一般診療所,,特別養護老人ホームしがそせい苑医務室,524-0102,守山市水保町2650-1,社会福祉法人明富の郷,,585-7878,2003-03-01,,,5624240.xlsx
一般診療所,,TOPPANｸﾞﾙｰﾌﾟ健康保険組合守山診療所,524-0051,守山市三宅町436-1,TOPPANグループ健康保険組合,,582-7200,1981-07-24,,,5624240.xlsx
一般診療所,,ひろたに医院,524-0054,守山市大林町214-5,廣谷　秀一,,581-3636,1998-07-21,,,5624240.xlsx
一般診療所,,ふくだ医院,524-0065,守山市山賀町字灰塚1018,福田　正悟,,585-6650,1998-06-19,,,5624240.xlsx
一般診療所,,ふくはら内科クリニック,524-0041,守山市勝部１-16-27-103,福原　武久,,582-6789,1991-05-13,,,5624240.xlsx
一般診療所,,まつかわ小児科,524-0102,守山市水保町1268-20,松川　誠司,,585-4153,1995-04-14,,,5624240.xlsx
一般診療所,,守山こころのクリニック,524-0041,守山市勝部一丁目１番21-202号,医療法人碧水会,,514-2262,2009-04-01,,,5624240.xlsx
一般診療所,,旭化成守山製造所診療所(健康経営支援センター),524-0002,守山市小島町515,旭化成株式会社守山製造所,,581-4076,2003-12-18,,,5624240.xlsx
一般診療所,,こうざき耳鼻咽喉科,524-0021,守山市吉身二丁目６番５１号,医療法人こうざき耳鼻咽喉科,,582-1334,1986-12-22,,,5624240.xlsx
一般診療所,,医療法人 山本内科,524-0046,守山市今宿1-4-8,医療法人 山本内科,,583-6677,1992-09-01,,,5624240.xlsx
一般診療所,,医療法人 守山内科クリニック,524-0033,守山市浮気町300-15グランドメゾン守山1-101,医療法人守山内科クリニック,,582-3070,1996-09-01,,,5624240.xlsx
一般診療所,,医療法人 北野耳鼻科,524-0022,守山市守山5-146ｰ7,医療法人北野耳鼻科,,583ｰ8711,1999-10-01,,,5624240.xlsx
一般診療所,,医療法人久敬会 米倉眼科診療所,524-0041,守山市勝部１-1-21-501,医療法人久敬会,,583-2134,1991-04-01,,,5624240.xlsx
一般診療所,,医療法人社団 きどわき医院,524-0012,守山市播磨田町3067,医療法人きどわき医院,,583-8187,1998-05-01,,,5624240.xlsx
一般診療所,,医療法人社団 寺内整形外科,524-0022,守山市守山6-1-63,医療法人社団寺内整形外科,,582-2315,1997-06-01,,,5624240.xlsx
一般診療所,,医療法人社団 中西整形外科,524-0021,守山市吉身3-14-21,医療法人社団　中西整形外科,,582-5030,1994-03-01,,,5624240.xlsx
一般診療所,,岸本眼科医院,524-0022,守山市守山1-10-8,医療法人社団岸本眼科医院,,582-2139,1995-02-01,,,5624240.xlsx
一般診療所,,久保婦人科,524-0002,守山市小島町1082,久保　淑子,,583-8778,2007-01-30,,,5624240.xlsx
一般診療所,,坂井クリニック,524-0044,守山市古高町383,坂井　千秋,,581-0565,1997-08-25,,,5624240.xlsx
一般診療所,,山本内科婦人科クリニック,524-0037,守山市梅田町1-25,山本　英豊,,581-1777,1996-07-10,,,5624240.xlsx
一般診療所,,医療法人　小西醫院,524-0103,守山市洲本町字1256-6,医療法人小西醫院,,584-2666,2002-04-01,,,5624240.xlsx
一般診療所,,前川医院,524-0102,守山市水保町1278,前川　直子,,598－6288,2010-04-27,,,5624240.xlsx
一般診療所,,大橋医院,524-0014,守山市石田町234,森田　益次,,585-0014,2015-04-01,,,5624240.xlsx
一般診療所,,大橋内科医院,524-0014,守山市石田町275-3,医療法人大橋内科医院,,585-5666,2007-04-01,,,5624240.xlsx
一般診療所,,津田内科医院,524-0042,守山市焔魔堂町15,津田　透,,582-3094,2009-11-01,,,5624240.xlsx
一般診療所,,藤井内科,524-0004,守山市笠原町1238,藤井　義正,,582-2322,2006-09-01,,,5624240.xlsx
一般診療所,,特別養護老人ホームゆいの里医務室,524-0103,守山市笠原町１３１３番地３,社会福祉法人慈恵会,,585-4566,2023-07-01,,,5624240.xlsx
一般診療所,,内科・胃腸科井上ｸﾘﾆｯｸ,524-0021,守山市吉身3-14-46,井上　久行,,581-1233,1997-10-01,,,5624240.xlsx
一般診療所,,日本バイリ－ンＫＫ滋賀工場診療所,524-0041,守山市勝部4-1-11,日本バイリーン株式会社滋賀工場,,583-2512,1973-05-01,,,5624240.xlsx
一般診療所,,浜中医院,524-0043,守山市二町町41-1,浜中　暁男,,583-3330,1981-04-01,,,5624240.xlsx
一般診療所,,守山じんがみ眼科,524-0012,守山市播磨田町447-4,医療法人博慈会,,581-3494,2007-10-01,,,5624240.xlsx
一般診療所,,峯森内科医院,524-0104,守山市木浜町1670-1,峯森　清春,,584-2386,1999-06-07,,,5624240.xlsx
一般診療所,,すずきクリニック,524-0033,守山市浮気町105-3,鈴木　雅之,,582-0222,2010-07-26,,,5624240.xlsx
一般診療所,,特別養護老人ホームカナリヤの家医務室,524-0051,守山市三宅町８３３,社会福祉法人友愛,,581-1551,2007-01-01,,,5624240.xlsx
一般診療所,,はたスポーツ整形クリニック,524-0013,守山市下之郷一丁目１５番８号,医療法人はたスポーツ整形クリニック,,516-8600,2012-05-07,,,5624240.xlsx
一般診療所,,なかにし皮フ科クリニック,524-0041,守山市勝部６丁目３番34号,中西　元,,583-4112,2013-09-02,,,5624240.xlsx
一般診療所,,医療法人かわひと内科クリニック,524-0041,守山市勝部3丁目15番31-2号,医療法人かわひと内科クリニック,,582-0929,2024-11-01,,,5624240.xlsx
一般診療所,,西藤小児科こどもの呼吸器・ｱﾚﾙｷﾞｰｸﾘﾆｯｸ,524-0022,守山市守山1丁目12-12,医療法人藤城会,,582-3110,2016-09-01,,,5624240.xlsx
一般診療所,,小森眼科クリニック,524-0045,守山市金森町600-1,小森　秀樹,,581-1313,2016-10-20,,,5624240.xlsx
一般診療所,,はっとり皮フ科クリニック,524-0041,守山市勝部3丁目15番31-3号,服部　ゆかり,,599-0900,2017-03-10,,,5624240.xlsx
一般診療所,,ヤザマ内科医院,524-0052,守山市大門町56-1,矢間  博貴,,582-8627,2017-05-09,,,5624240.xlsx
一般診療所,,医療法人 叡智会 つつみ耳鼻咽喉科,524-0042,守山市焔魔堂町115-1,医療法人 叡智会,,581-1187,2017-10-01,,,5624240.xlsx
一般診療所,,辻医院,524-0214,守山市立田町1772-2,辻 雅衛,,585-6030,2018-07-01,,,5624240.xlsx
一般診療所,,医療法人いがらしクリニック,524-0022,守山市守山6丁目10-34,医療法人いがらしクリニック,,514-1130,2021-10-01,,,5624240.xlsx
一般診療所,,医療法人かわさきクリニック,524-0041,守山市勝部1丁目1-21 小島ビル302号,医療法人かわさきクリニック,,514-3666,2022-10-01,,,5624240.xlsx
一般診療所,,特別養護老人ホームひいらぎ内医務室,524-0016,守山市荒見町８５番地,社会福祉法人近江笑生会,,514-1680,2020-03-01,,,5624240.xlsx
一般診療所,,医療法人せんぎく腎泌尿器科クリニック,524-0045,守山市金森町598-1,医療法人せんぎく腎泌尿器科クリニック,,596-5070,2020-04-01,,,5624240.xlsx
一般診療所,,医療法人くまだキッズファミリークリニック,524-0045,守山市金森町454-4,医療法人くまだキッズファミリークリニック,,598-5754,2020-11-01,,,5624240.xlsx
一般診療所,,荒堀整形外科,524-0052,守山市大門町156番,荒堀　資弥,,582-8885,2021-01-01,,,5624240.xlsx
一般診療所,,銀座通りクリニック内科・呼吸器内科,524-0022,守山市守山1丁目5番10号　守山銀座ビル東館2階,医療法人さくら会守山さくら内科クリニック,,599-3914,2021-03-08,,,5624240.xlsx
一般診療所,,守山銀座スキンクリニック,524-0022,守山市守山1-5-10　守山銀座ビル東館２F203,内藤　文之,,598-6798,2021-04-01,,,5624240.xlsx
一般診療所,,特別養護老人ホーム南平の郷診療所,524-0053,守山市横江町１５５番地,社会福祉法人日野友愛会,,599-3555,2021-04-01,,,5624240.xlsx
一般診療所,,医療法人翠蓮会　とがの整形外科クリニック,524-0045,守山市金森町603-1,医療法人翠蓮会,,077-582-8341,Ｒ6.11.1法人化,,,5624240.xlsx
一般診療所,,やまぐち内科医院,524-0012,守山市播磨田町1304番地2,山口　通雅,,581-1634,2022-04-01,,,5624240.xlsx
一般診療所,,さとう内科クリニック,524-0046,守山市今宿四丁目5番17号,佐藤　大介,,077-599-1861,2023-04-01,,,5624240.xlsx
一般診療所,,医療法人社団日翔会　なぎさクリニック,524-0046,守山市今宿二丁目13番24号,医療法人社団日翔会,,077-598-1648,2023-10-01,,,5624240.xlsx
一般診療所,,おうみ在宅クリニック,524-0043,守山市二町町１９５－４,医療法人　青蘭会,,077-536-5171,Ｒ7.11.1法人化,,,5624240.xlsx
一般診療所,,特別養護老人ホームサクラベル守山(2階医務室),524-0014,守山市石田町424-1,社会福祉法人あいの土山福祉会,,585-8200,2023-11-01,,,5624240.xlsx
一般診療所,,特別養護老人ホームサクラベル守山(3階医務室),524-0014,守山市石田町424-1,社会福祉法人あいの土山福祉会,,585-8200,2024-07-01,,,5624240.xlsx
一般診療所,,あゆみスキンクリニック,524-0022,守山市守山三丁目７番１１号,堀口　亜有未,,518-7576,2024-09-01,,,5624240.xlsx
一般診療所,,ブルーレイク消化器内科クリニック,524-0045,守山市金森町605-1,長谷川　大,,516-8900,2025-01-01,,,5624240.xlsx
一般診療所,,ひかり眼科,524-0101,守山市今浜町2620-5ピエリ守山2F,医療法人　ひとみ会,,558-5560,2025-07-01,,,5624240.xlsx
一般診療所,,なかじま小児科アレルギークリニック,524-0041,守山市勝部五丁目６番３４号,医療法人グリーンスウォード,,518-8778,2025-09-01,,,5624240.xlsx
一般診療所,,守山駅前よねくら内科・胃腸内視鏡クリニック,524-0037,守山市梅田町６番２号,米倉　伸彦,,514-8205,2025-11-04,,,5624240.xlsx
一般診療所,,ぱんだキッズファミリークリニック,524-0037,守山市梅田町６番２号,底田　辰之,,514-8190,2025-11-04,,,5624240.xlsx
一般診療所,,ＫＫＣウエルネス栗東健診クリニック,520-3016,栗東市小野501-1,一般財団法人近畿健康管理センター,,551-0500,1998-03-02,,,5624240.xlsx
一般診療所,,あらき内科クリニック,520-3015,栗東市安養寺１丁目１番20-101号,新木　真一,,553-4447,2007-01-05,,,5624240.xlsx
一般診療所,,医療法人社団 ふじもと医院,520-3035,栗東市霊仙寺1-2-19  ｴｽﾎﾟ栗東204,医療法人社団ふじもと医院,,554-2528,2002-05-01,,,5624240.xlsx
一般診療所,,医療法人社団 渡辺産婦人科,520-3027,栗東市野尻435,医療法人社団渡辺産婦人科,,551-1331,2000-09-15,,,5624240.xlsx
一般診療所,,医療法人社団三愛小児科診療所,520-3024,栗東市小柿六丁目10-2,医療法人社団三愛小児科診療所,,553-6656,2009-08-01,,,5624240.xlsx
一般診療所,,医療法人秀明会 増田眼科,520-3035,栗東市霊仙寺1丁目2-19  ｴｽﾎﾟ栗東101,医療法人秀明会増田眼科,,551-5085,2002-06-01,,,5624240.xlsx
一般診療所,,おがき耳鼻咽喉科,520-3024,栗東市小柿7-5-10,医療法人おがき耳鼻咽喉科,,552ｰ8711,1994-07-01,,,5624240.xlsx
一般診療所,,かのうクリニック,520-3031,栗東市綣3-10-22グレーシィ栗東ビステージ,加納　邦夫,,554-2960,1996-08-08,,,5624240.xlsx
一般診療所,,きづきクリニック,520-3012,栗東市岡195-1,田邊　野百合,,553-8051,2008-10-01,,,5624240.xlsx
一般診療所,,医療法人ごとう医院,520-3005,栗東市御園1829-1,医療法人ごとう医院,,559-2782,2003-09-12,,,5624240.xlsx
一般診療所,,こびらい生協診療所,520-3034,栗東市小平井3丁目２－２５,しが健康医療生活協同組合,,553-9696,1996-02-23,,,5624240.xlsx
一般診療所,,一般財団法人競馬共助会栗東診療所,520-3005,栗東市御園1028,一般財団法人競馬共助会,,558-0039,1969-11-18,,,5624240.xlsx
一般診療所,,だんの皮フ科クリニック,520-3031,栗東市綣1丁目10-1,段野　貴一郎,,551-1706,2007-12-03,,,5624240.xlsx
一般診療所,,社会福祉法人すみれ厚生会 特別養護老人ホーム　栗東すみれ園クリニック,520-3016,栗東市小野３６３番地,社会福祉法人すみれ厚生会,,551-5525,2004-07-01,,,5624240.xlsx
一般診療所,,パームこどもクリニック,520-3027,栗東市野尻440,医療法人パームこどもクリニック,,551-2110,2011-11-01,,,5624240.xlsx
一般診療所,,パナソニック栗東健康管理室,520-3041,栗東市出庭19,パナソニック健康保険組合,,552-0405,1972-12-10,,,5624240.xlsx
一般診療所,,はなだ婦人クリニック,520-3031,栗東市綣3-10-22グレーシィ栗東ビステージ,花田　芳郎,,551-2175,2000-07-07,,,5624240.xlsx
一般診療所,,びわこ皮フ科,520-3024,栗東市小柿10丁目16-14,医療法人白兎会,,554-4165,2008-04-01,,,5624240.xlsx
一般診療所,,医療法人　栗東内科・内視鏡クリニック,520-3016,栗東市小野178,医療法人　栗東内科・内視鏡クリニック,,552-7211,2025-04-01,,,5624240.xlsx
一般診療所,,まがらクリニック,520-3036,栗東市十里83-3,麻柄　達夫,,551-1500,2006-07-27,,,5624240.xlsx
一般診療所,,まるやま医院,520-3027,栗東市野尻590　あかつきビル１階,丸山　啓介,,554-8881,2001-08-01,,,5624240.xlsx
一般診療所,,栗東なす耳鼻咽喉科,520-3026,栗東市下鈎864-1,那須　準子,,554-8714,2007-06-01,,,5624240.xlsx
一般診療所,,医療法人緑青会栗東はた内科医院,520-3032,栗東市苅原233,医療法人緑青会,,554-5550,2023-04-01,,,5624240.xlsx
一般診療所,,医療法人明照会　栗東ピースクリニック,520-3047,栗東市手原3-11-2,医療法人明照会,,553-3123,2007-04-01,,,5624240.xlsx
一般診療所,,医療法人社団 うつのみや医院,520-3036,栗東市十里136-2,医療法人社団うつのみや医院,,552-1888,1992-05-01,,,5624240.xlsx
一般診療所,,医療法人社団 真下胃腸科医院,520-3035,栗東市霊仙寺1-1-52,医療法人社団眞下胃腸科医院,,553-1041,1992-11-16,,,5624240.xlsx
一般診療所,,金沢整形外科ｸﾘﾆｯｸ,520-3016,栗東市小野881,医療法人金沢形成外科クリニック　理事長金沢　伸彦,,553-0007,2000-04-01,,,5624240.xlsx
一般診療所,,栗東雨森診療所,520-3016,栗東市小野442-1,雨森　保憲,,553-8666,1988-07-01,,,5624240.xlsx
一般診療所,,清水整形外科医院,520-3026,栗東市下鈎1630,清水　勉,,554-2839,1996-07-10,,,5624240.xlsx
一般診療所,,積水化学工業㈱滋賀栗東工場診療所,520-3027,栗東市野尻75,積水化学工業株式会社滋賀栗東工場,,553-0771,1973-11-10,,,5624240.xlsx
一般診療所,,特別養護老人ﾎｰﾑ淡海荘医務室,520-3041,栗東市出庭６９７番地の１,社会福祉法人恩賜財団済生会支部滋賀県済生会,,552-1224,1994-04-01,,,5624240.xlsx
一般診療所,,任医院,520-3014,栗東市川辺615,任　書煌,,552-5500,1991-05-27,,,5624240.xlsx
一般診療所,,梅井外科・皮フ科クリニック,520-3015,栗東市安養寺1-2-25,梅井　孫好,,553-6101,1976-11-25,,,5624240.xlsx
一般診療所,,樋上循環器科内科医院,520-3031,栗東市綣5-1-34,樋上　雅一,,552-6617,1989-10-23,,,5624240.xlsx
一般診療所,,立石医院,520-3037,栗東市北中小路2-6,立石　博之,,552-7267,1997-02-01,,,5624240.xlsx
一般診療所,,ちばレディースクリニック,520-3024,栗東市小柿５丁目１３番２号,医療法人ちばレディースクリニック,,551-5383,2012-07-17,,,5624240.xlsx
一般診療所,,湖南広域休日急病診療所,520-3046,栗東市大橋二丁目７番３号,湖南広域行政組合　管理者　橋川　渉,,551-1599,2014-04-13,,,5624240.xlsx
一般診療所,,くさか眼科,520-3031,栗東市綣２丁目4番5号　ウィングプラザ　1階,日下　利和,,,2014-05-02,,,5624240.xlsx
一般診療所,,栗東よしおか小児科,520-3031,栗東市綣３丁目5-17,医療法人ふたば,,596-3700,2015-03-01,,,5624240.xlsx
一般診療所,,にしかわ整形外科クリニック,520-3031,栗東市綣２丁目4番5号　ウィングプラザ　1階,西川　淳一,,551-2451,2017-01-05,,,5624240.xlsx
一般診療所,,栗東えりこ内科クリニック,520-3005,栗東市御園846-1,増田　江利子,,576-5551,2017-03-01,,,5624240.xlsx
一般診療所,,ありかた耳鼻咽喉科,520-3015,栗東市安養寺3丁目11-9,有方  雅彦,,596-3302,2017-05-02,,,5624240.xlsx
一般診療所,,特別養護老人ホーム治田の里医務室,524-0102,栗東市川辺６２７番地,社会福祉法人　よつば会,,599-5002,2017-07-01,,,5624240.xlsx
一般診療所,,医療法人 片岡クリニック,520-3015,栗東市安養寺8-1-33　ナガサワメディカルビル２階,医療法人 片岡クリニック,,554-7415,2017-10-01,,,5624240.xlsx
一般診療所,,日清食品株式会社関西工場 医務室,520-3026,栗東市下鈎21番地1,日清食品株式会社関西工場,,554-8686,2018-08-01,,,5624240.xlsx
一般診療所,,さとこ内科クリニック,520-3025,栗東市中沢2丁目5番54号,戸成　智子,,554-7070,2020-08-01,,,5624240.xlsx
一般診療所,,湖南サポートクリニック,520-3015,栗東市安養寺1丁目13-37 Kビル1階B号室,医療法人　慈仁会,,077-599-0465,2023-10-01,,,5624240.xlsx
一般診療所,,特別養護老人ホームはなえみ医療室,520-3022,栗東市上鈎２６５－１,社会福祉法人　よつば会,,596-5282,2021-04-01,,,5624240.xlsx
一般診療所,,医療法人ひえだクリニック,520-3045,栗東市高野562番地8,医療法人ひえだクリニック,,551-5388,2021-04-06,,,5624240.xlsx
一般診療所,,グリーンライフクリニック,520-3046,栗東市大橋一丁目7-37,藤井　保人,,532-8472,2021-04-17,,,5624240.xlsx
一般診療所,,医療法人あおあお在宅クリニック,520-3025,栗東市中沢二丁目11-10メゾン中沢１階,医療法人あおあお在宅クリニック,,090-6238-1422,2025-06-01,,,5624240.xlsx
一般診療所,,かとう皮フ科クリニック,520-3015,栗東市安養寺１丁目5-14,加藤　威,,077-558-5776,2023-04-01,,,5624240.xlsx
一般診療所,,となり眼科,520-3015,栗東市安養寺一丁目9番8号,戸成　匡宏,,077-598-6324,2023-04-01,,,5624240.xlsx
一般診療所,,草津栗東みらい内科クリニック,520-3024,栗東市小柿7丁目9-11 滋賀中央ビル２階,梅谷　俊介,,077-551-5060,2023-05-01,,,5624240.xlsx
一般診療所,,たにがわクリニック,520-3013,栗東市目川1403番,谷川　敬,,599-5797,2023-06-01,,,5624240.xlsx
一般診療所,,草津眼科クリニック,520-3024,栗東市小柿七丁目9-11,秋山　宏美,,553-2096,2023-06-10,,,5624240.xlsx
一般診療所,,こんぜ在宅クリニック,520-3015,栗東市安養寺七丁目1-18 エステートビル２階Ａ号室,原　文祐,,596-5562,2023-11-17,,,5624240.xlsx
一般診療所,,医療法人あずBaby&Kidsクリニック,520-3035,栗東市霊仙寺三丁目2-30,医療法人あずBaby&Kidsクリニック,,551-3131,2026-04-01,,,5624240.xlsx
一般診療所,,あんようじこどもクリニック,520-3015,栗東市安養寺一丁目9-9,今村　俊彦,,596-3168,2024-04-01,,,5624240.xlsx
一般診療所,,草津たにもと脳神経外科クリニック,520-3024,栗東市小柿七丁目1番3号,谷本　匡浩,,551-5515,2024-04-01,,,5624240.xlsx
一般診療所,,地域密着型特別養護老人ホームるりあんはうすクリニック,520-3016,栗東市小野８１４番地,社会福祉法人　るりあん,,596-3170,2024-05-01,,,5624240.xlsx
一般診療所,,もりた内科クリニック,520-3037,栗東市北中小路字老ノ木３４４番１,森田　幸弘,,077-516-4155,2024-09-01,,,5624240.xlsx
一般診療所,,てはらハートクリニック,520-3047,栗東市手原五丁目６番１２号,医療法人ハートセンター,,558-8100,2025-10-01,,,5624240.xlsx
一般診療所,,医療法人桜井皮ふ科医院,520-2353,野洲市久野部192-1,医療法人桜井皮ふ科医院,,518-0606,2006-04-01,,,5624240.xlsx
一般診療所,,野村内科医院,520-2331,野洲市小篠原2177,医療法人社団医真会,,587-0066,2007-08-01,,,5624240.xlsx
一般診療所,,医療法人吉川医院,524-0201,野洲市吉川928,医療法人吉川医院,,589-3901,2001-10-01,,,5624240.xlsx
一般診療所,,医療法人山地内科,520-2323,野洲市三上279-1,医療法人山地内科,,586-8708,2006-04-01,,,5624240.xlsx
一般診療所,,医療法人森野内科医院,520-2361,野洲市北野1-19-33,医療法人森野内科医院,,587-3636,1988-03-01,,,5624240.xlsx
一般診療所,,医療法人翔誠会　おおはし腎透析クリニック,520-2304,野洲市永原1833番4,医療法人翔誠会,,588-0084,2010-03-25,,,5624240.xlsx
一般診療所,,かねこ整形外科,520-2353,野洲市久野部191-1-1,金子　裕一郎,,588-6060,2000-07-25,,,5624240.xlsx
一般診療所,,希望が丘クリニック,520-2362,野洲市市三宅2354,木村　俊雄,,586-4103,2008-04-01,,,5624240.xlsx
一般診療所,,甲原医院,520-2331,野洲市小篠原2057-1,甲原　一郎,,587-0070,2008-11-04,,,5624240.xlsx
一般診療所,,ちかもち内科医院,520-2331,野洲市小篠原2208-1,近持　信男,,518-0511,2005-06-07,,,5624240.xlsx
一般診療所,,医療法人　遠田整形外科,520-2362,野洲市市三宅（字足ノ堂）2339-1,医療法人　遠田整形外科,,518-0220,2010-03-01,,,5624240.xlsx
一般診療所,,なかにし耳鼻咽喉科,520-2331,野洲市小篠原字入道1033-1,中西　豊,,586-3341,2001-04-01,,,5624240.xlsx
一般診療所,,本田医院,520-2324,野洲市近江冨士2丁目5-2,医療法人本田医院,,588-3500,1993-06-01,,,5624240.xlsx
一般診療所,,やすホームケアクリニック,520-2331,野洲市小篠原958-3,医療法人こまくさ会,,586-2457,2004-04-01,,,5624240.xlsx
一般診療所,,やすだ眼科,520-2361,野洲市北野1-1-8,安田　美代子,,586-3020,2005-04-01,,,5624240.xlsx
一般診療所,,山田クリニック,520-2362,野洲市市三宅2725,山田　紀彦,,581-0355,2001-04-14,,,5624240.xlsx
一般診療所,,伊藤整形外科,520-2343,野洲市大畑14-12,伊藤　哲,,586-0861,1981-02-05,,,5624240.xlsx
一般診療所,,医療法人ほりで医院,520-2353,野洲市久野部1-15,医療法人ほりで医院,,587-1601,1988-08-01,,,5624240.xlsx
一般診療所,,医療法人社団すぎやま内科,520-2331,野洲市小篠原1974-1,医療法人社団すぎやま内科,,586-1218,1996-05-01,,,5624240.xlsx
一般診療所,,医療法人社団たちいり小児科医院,520-2353,野洲市久野部198-1,医療法人社団たちいり小児科医院,,588-0141,1998-05-01,,,5624240.xlsx
一般診療所,,医療法人白井医院,520-2304,野洲市永原1833-1,医療法人白井医院,,587-0125,2010-05-01,,,5624240.xlsx
一般診療所,,吉田クリニック,520-2362,野洲市市三宅2732野洲化学ビル１Ｆ,吉田　慎太郎,,588-5080,1999-10-01,,,5624240.xlsx
一般診療所,,滋賀保健研究センター診療所本館,520-2304,野洲市永原664,一般財団法人滋賀保健研究センター,,587-3588,1989-01-05,,,5624240.xlsx
一般診療所,,滋賀保健研究センター診療所別館,520-2304,野洲市永原上町681番２,一般財団法人滋賀保健研究センター,,518-0030,2013-06-12,,,5624240.xlsx
一般診療所,,藤井医院,520-2362,野洲市市三宅2480,医療法人藤井医院,,586-5848,2004-04-01,,,5624240.xlsx
一般診療所,,特別養護老人ﾎｰﾑあやめの里医務室,524-0201,野洲市吉川字里ノ内３８５４番地の１,社会福祉法人野洲慈恵会,,589-8533,2000-10-01,,,5624240.xlsx
一般診療所,,特別養護老人ﾎｰﾑぎおうの里診療所,520-2351,野洲市冨波甲１３４０番地の１,社会福祉法人野洲慈恵会,,586-5444,2005-09-01,,,5624240.xlsx
一般診療所,,特別養護老人ﾎｰﾑ悠紀の里診療所,520-2322,野洲市南桜２１３１番地１,社会福祉法人野洲慈恵会,,587-4111,1991-09-01,,,5624240.xlsx
一般診療所,,南医院,520-2413,野洲市吉地1412,南　喜幸,,589-5061,1992-10-05,,,5624240.xlsx
一般診療所,,北村眼科,520-2341,野洲市行畑1-12-6,北村　善彦,,588-4340,1995-04-01,,,5624240.xlsx
一般診療所,,澤田医院,520-2351,野洲市富波甲1087-１,澤田　正史,,588-5855,2000-05-08,,,5624240.xlsx
一般診療所,,髙田クリニック,520-2341,野洲市行畑736,髙田　宏和,,535-1528,2008-07-28,,,5624240.xlsx
一般診療所,,たけだ眼科,520-2351,野洲市冨波甲1086番地５,医療法人 ｸﾞﾘｰﾝｽｳｫｰﾄﾞ,,,2016-01-04,,,5624240.xlsx
一般診療所,,医療法人 おかもと耳鼻咽喉科クリニック,520-2362,野洲市市三宅2339-4,医療法人おかもと耳鼻咽喉科クリニック,,518-0880,2018-04-01,,,5624240.xlsx
一般診療所,,医療法人くれよん うえだこどもクリニック,520-2331,野洲市小篠原869-1,医療法人くれよん,,596-3751,H.30.10.1,,,5624240.xlsx
一般診療所,,医療法人にしむら整形外科クリニック,520-2304,野洲市永原1834番1,医療法人　にしむら整形外科クリニック,,518-0055,2022-11-01,,,5624240.xlsx
一般診療所,,田中医院,520-2434,野洲市比江816,田中　久貴,,589-2113,2019-08-01,,,5624240.xlsx
一般診療所,,医療法人藤寿会えとうクリニック,520-2413,野洲市吉地1193番1,医療法人藤寿会,,575-8808,2019-10-01,,,5624240.xlsx
一般診療所,,医療法人拓翔会岸本産婦人科,520-2361,野洲市北野1丁目15-35,医療法人拓翔会,,586-1822,2020-04-01,,,5624240.xlsx
一般診療所,,特別養護老人ホーム野洲篠原すみれ園,520-2313,野洲市大篠原９５１番１,社会福祉法人すみれ厚生会,,596-5991,2021-03-01,,,5624240.xlsx
一般診療所,,ミカミクリニック,520-2323,野洲市三上1922-11,平田　利邦,,588-2111,2021-05-07,,,5624240.xlsx
一般診療所,,かつじクリニック,520-2362,野洲市市三宅2373,岡田　勝治,,077-514-8611,2022-07-04,,,5624240.xlsx
一般診療所,,平田レディースクリニック,520-2323,野洲市三上1937-14,平田　貴美子,,077-598-6573,2023-04-01,,,5624240.xlsx
一般診療所,,整形外科にしがわらクリニック,520-2423,野洲市西河原2363,下村　隆敏,,077-584-5248,2023-05-01,,,5624240.xlsx
一般診療所,,おきなか泌尿器科クリニック,520-2423,野洲市行畑672番１,沖中　勇輝,,077-518-6101,2025-04-01,,,5624240.xlsx
一般診療所,,あいこうか眼科,528-0005,甲賀市水口町水口６０４０－１,医療法人IC,,0748-69-7710,2026-04-01,,,5624240.xlsx
一般診療所,,医療法人荒川クリニック,520-3214,湖南市梅影町３－１４,医療法人 荒川クリニック,,0748-75-1477,2007-04-01,,,5624240.xlsx
一般診療所,,阿星山診療所,520-3234,湖南市中央５丁目１６８ 甲西中央ビル１０１号,本谷　研司,,0748-72-7634,2008-01-04,,,5624240.xlsx
一般診療所,,あらまき内科クリニック,520-3247,湖南市菩提寺東３－６－２２,荒牧　陽,,0748-60-1306,2012-08-01,,,5624240.xlsx
一般診療所,,医療法人浅田クリニック,528-0036,甲賀市水口町東名坂226番地１,医療法人浅田クリニック,,0748-69-7755,2025-11-01,,,5624240.xlsx
一般診療所,,あん医院,528-0042,甲賀市水口町虫生野中央１１９－１,安田　昌徳,,0748-65-6884,2002-04-01,,,5624240.xlsx
一般診療所,,今村医院,520-3322,甲賀市甲南町深川２２０１番地,医療法人メディカル甲賀,,0748-86-2119,1997-06-01,,,5624240.xlsx
一般診療所,,医療法人　岩谷医院,528-0024,甲賀市水口町中邸２ー１０,医療法人岩谷医院,,0748-62-0053,1988-03-01,,,5624240.xlsx
一般診療所,,いしい眼科,520-3106,湖南市石部中央六丁目１番３号,石井　正宏,,0748-76-3221,2015-08-01,,,5624240.xlsx
一般診療所,,うだ医院,528-0211,甲賀市土山町北土山１６８４－１,医療法人うだ医院,,0748-66-1050,2005-06-21,,,5624240.xlsx
一般診療所,,医療法人社団太田医院,528-0042,甲賀市水口町虫生野中央８１ー２,医療法人社団 太田医院,,0748-63-3553,1991-04-08,,,5624240.xlsx
一般診療所,,滋賀県立近江学園医局,520-3111,湖南市東寺四丁目１－１,滋賀県,,0748-77-2811,1971-10-01,,,5624240.xlsx
一般診療所,,医療法人小川診療所,520-3107,湖南市石部東２丁目５番３８号,医療法人小川診療所,,0748-77-8082,2018-04-02,,,5624240.xlsx
一般診療所,,株式会社クボタ　滋賀工場診療所,520-3211,湖南市高松２番地１,株式会社クボタ　 滋賀工場　工場長,,0748-75-2150,1974-04-01,,,5624240.xlsx
一般診療所,,医療法人社団寿久　   カズ皮フ科医院,520-3223,湖南市夏見６３４番地２,医療法人社団 寿久,,0748-71-2212,1998-02-02,,,5624240.xlsx
一般診療所,,かなじ耳鼻咽喉科,528-0005,甲賀市水口町水口樫の実５９９３－１,金地　明星,,0748-63-8733,2003-07-01,,,5624240.xlsx
一般診療所,,医療法人　川端医院,528-0234,甲賀市土山町徳原４５１,医療法人川端医院,,0748-67-0018,1966-04-06,,,5624240.xlsx
一般診療所,,かりゆしクリニック,528-0235,甲賀市土山町大野４０１,東　理,,0748-67-0155,2007-11-01,,,5624240.xlsx
一般診療所,,木村医院,528-0041,甲賀市水口町虫生野１０１５－９,医療法人　木村医院,,0748-62-2143,2022-10-01,,,5624240.xlsx
一般診療所,,こうせい眼科,520-3214,湖南市梅影町３－２０,山中　行人,,0748-75-4833,2021-06-28,,,5624240.xlsx
一般診療所,,湖南市立水戸診療所,520-3202,湖南市西峰町１番地１,湖南市,,0748-75-0180,2006-04-01,,,5624240.xlsx
一般診療所,,湖南市国民健康保険夏見診療所,520-3223,湖南市夏見１５０６ー１,湖南市,,0748-72-0015,2004-10-01,,,5624240.xlsx
一般診療所,,湖南市国民健康保険岩根診療所,520-3252,湖南市岩根１１５６ー２,湖南市,,0748-72-0039,2004-10-01,,,5624240.xlsx
一般診療所,,しが健康医療生活協同組合 医療生協こうせい駅前診療所,520-3231,湖南市針３３７－１,しが健康医療生活協同組合,,0748-71-3222,2013-03-06,,,5624240.xlsx
一般診療所,,医療法人社団美松会　甲西中央クリニック,520-3234,湖南市中央二丁目１２５番地,医療法人社団美松会,,0748-71-3150,2014-09-01,,,5624240.xlsx
一般診療所,,甲賀市立信楽中央病院　田代出張診療所,529-1814,甲賀市信楽町田代６１９番地,甲賀市,,0748-中央病院　　82-0249,2004-10-01,,,5624240.xlsx
一般診療所,,甲賀市立信楽中央病院　多羅尾出張診療所,529-1821,甲賀市信楽町多羅尾１９１８番地２,甲賀市,,0748-85-0001,2026-04-01,,,5624240.xlsx
一般診療所,,甲賀市立信楽中央病院　朝宮出張診療所,529-1841,甲賀市信楽町上朝宮４６７番地,甲賀市,,0748-82-0249（中央病院）,2025-10-01,,,5624240.xlsx
一般診療所,,厚生労働省第二共済組合　紫香楽病院所属所,529-1803,甲賀市信楽町牧９９７　紫香楽病院内,厚生労働省 第二共済組合,,0748-83-0101,昭和30年7月9日に開設許可,,,5624240.xlsx
一般診療所,,甲賀市立みなくち診療所,528-0049,甲賀市水口町貴生川２９３番地１,甲賀市,,0748-62-3346,2008-04-01,,,5624240.xlsx
一般診療所,,湖南市立石部診療所,520-3107,湖南市石部東五丁目３番１号,湖南市,,0748-77-4100,2006-04-01,,,5624240.xlsx
一般診療所,,湖南整形外科こやまクリニック,520-3106,湖南市石部中央４丁目８番４７号,古山　健蔵,,0748-78-0501,2023-04-01,,,5624240.xlsx
一般診療所,,さいとう医院　内科・消化器内科,528-0015,甲賀市甲賀市水口町松栄３番２６号,医療法人景聖健,,0748-65-2002,2022-11-01,,,5624240.xlsx
一般診療所,,佐藤眼科,528-0035,甲賀市水口町名坂781-1,佐藤　友哉,,0748-63-5234,2007-05-01,,,5624240.xlsx
一般診療所,,佐野医院,520-3106,湖南市石部中央４丁目１－５７,佐野　晴夫,,0748-77-8280,2006-03-27,,,5624240.xlsx
一般診療所,,しがらきクリニック,529-1851,甲賀市信楽町長野６１９－１,松野　修一,,0748-82-7833,2003-04-01,,,5624240.xlsx
一般診療所,,耳鼻咽喉科やまもとクリニック,520-3308,甲賀市甲南町野田４７５－６,山本　聡,,0748-76-0387,2025-10-01,,,5624240.xlsx
一般診療所,,医療法人社団美松会　下田クリニック,520-3201,湖南市下田１５１６番地１,医療法人社団美松会,,0748-75-8688,2018-12-10,,,5624240.xlsx
一般診療所,,医療法人親愛レディースクリニック,528-0041,甲賀市水口町虫生野１０９８－１,医療法人親愛 レディースクリニック,,0748-63-3321,1995-11-01,,,5624240.xlsx
一般診療所,,すずきスキンクリニック,528-0029,甲賀市水口町南林口４９番地,医療法人グリーンスウォード,,0748-65-2220,2016-03-01,,,5624240.xlsx
一般診療所,,積水化学工業株式会社　滋賀水口工場診療所,528-8585,甲賀市水口町泉１２５９,積水化学工業(株)滋賀水口工場　工場長,,0748-63-3489,1963-11-01,,,5624240.xlsx
一般診療所,,医療法人高志会　竹内リウマチ科整形外科,520-3307,甲賀市甲南町野尻７７－１,医療法人高志会,,0748-86-8205,2002-05-01,,,5624240.xlsx
一般診療所,,田代外科・整形外科医院,528-0056,甲賀市水口町泉１２７２,医療法人社団田代外科・整形外科医院,,0748-62-0635,2000-05-01,,,5624240.xlsx
一般診療所,,医療法人社団ゆずりは会 たなか小児科医院,528-0012,甲賀市水口町暁２番３号,医療法人社団ゆずりは会　たなか小児科医院,,0748-65-0121,2004-11-01,,,5624240.xlsx
一般診療所,,たかやま内科クリニック,528-0005,甲賀市水口町水口5546-4,髙山　智行,,0748-69-6366,2024-12-09,,,5624240.xlsx
一般診療所,,医療法人圭裕会　田代クリニック,528-0007,甲賀市水口町新城433番地１,医療法人圭裕会,,0748-65-2121,2025-06-01,,,5624240.xlsx
一般診療所,,つばさクリニック,528-0033,甲賀市水口町綾野３－３３,鶴山　幸喜,,0748-63-7766,2010-10-01,,,5624240.xlsx
一般診療所,,医療法人　寺井医院,520-3332,甲賀市甲南町希望ヶ丘本町6丁目857-81,医療法人寺井医院,,0748-86-1112,1998-09-07,,,5624240.xlsx
一般診療所,,甲賀シルバーケア豊壽園医務室,528-0211,甲賀市土山町北土山４７９,社会福祉法人洗心福祉会,,0748-66-8065,2018-03-01,,,5624240.xlsx
一般診療所,,特別養護老人ホーム    エーデル土山医務室,528-0211,甲賀市土山町北土山２０６２,社会福祉法人あいの土山福祉会,,0748-66-1911,1999-04-01,,,5624240.xlsx
一般診療所,,特別養護老人ホーム　甲賀荘附属診療所,520-3431,甲賀市甲賀町大原中９０４,社会福祉法人 甲賀会,,0748-88-5723,1981-01-15,,,5624240.xlsx
一般診療所,,社会福祉法人近江和順会　特別養護老人ホーム美松苑医務室,520-3231,湖南市針１３２５,社会福祉法人近江和順会,,0748-72-4705,2002-04-11,,,5624240.xlsx
一般診療所,,社会福祉法人近江和順会　特別養護老人ホーム針っ子医務室,520-3231,湖南市針１３２５,社会福祉法人近江和順会,,0748-71-2223,2011-05-16,,,5624240.xlsx
一般診療所,,特別養護老人ホームヴィラ十二坊,520-3252,湖南市岩根６９０－４,社会福祉法人近江和順会,,0748-75-8883,2008-04-01,,,5624240.xlsx
一般診療所,,社会福祉法人近江和順会　特別養護老人ホーム百伝の杜医務室,520-3252,湖南市岩根６９０－４,社会福祉法人近江和順会,,0748-69-7688,2011-05-09,,,5624240.xlsx
一般診療所,,特別養護老人ホーム　せせらぎ苑医務室,520-3321,甲賀市甲南町葛木８５５番地,社会福祉法人甲南会,,0748-86-1020,1997-04-01,,,5624240.xlsx
一般診療所,,特別養護老人ホーム　信楽荘医務室,529-1803,甲賀市信楽町牧１１５９,社会福祉法人信楽福祉会,,0748-83-1313,1992-06-01,,,5624240.xlsx
一般診療所,,特別養護老人ホーム　兆生園医務室,528-0002,甲賀市水口町今郷１０３２番地２５,社会福祉法人天地会,,0748-63-1784,1989-04-01,,,5624240.xlsx
一般診療所,,社会福祉法人　信楽福祉会　特別養護老人ホーム　樹の郷　医務室,528-0067,甲賀市水口町山３３０９,社会福祉法人 信楽福祉会,,0748-63-2900,2012-04-01,,,5624240.xlsx
一般診療所,,特別養護老人ホームレーベンはとがひら医務室,528-0005,甲賀市水口町水口６８３７－５,社会福祉法人近江和順会,,0748-65-0066,2015-07-01,,,5624240.xlsx
一般診療所,,特別養護老人ホームあぼし医務室,520-3112,湖南市丸山四丁目５番１号,社会福祉法人 八起会,,0748-77-0037,2004-10-10,,,5624240.xlsx
一般診療所,,社会福祉法人　八起会　地域密着型特別養護老人ホーム　みやのもり　医務室,520-3102,湖南市宮ノ森１丁目２番１号,社会福祉法人　 八起会,,0748-77-0016,2012-04-01,,,5624240.xlsx
一般診療所,,なごみ内科クリニック,520-3252,湖南市岩根4580,田﨑　和仁,,0748-69-6753,2014-11-05,,,5624240.xlsx
一般診療所,,中西医院,528-0211,甲賀市土山町北土山石倉１４３３ー２,中西　二,,0748-66-0712,1990-03-06,,,5624240.xlsx
一般診療所,,日本精工株式会社石部工場診療所,520-3109,湖南市石部が丘１丁目１番１号,日本精工(株)石部工場執行役工場長,,0748-77-7105,1949-11-01,,,5624240.xlsx
一般診療所,,野村産婦人科,520-3233,湖南市柑子袋６１１番地,医療法人真心会,,0748-72-6633,2003-11-01,,,5624240.xlsx
一般診療所,,のむら小児科,520-3106,湖南市石部中央一丁目３－２６,医療法人社団　のむら小児科,,0748-77-8228,2023-05-01,,,5624240.xlsx
一般診療所,,ハートクリニックこころ,520-3307,甲賀市甲南町野尻４１１番地,医療法人勁草会,,0748-86-0011,2020-10-01,,,5624240.xlsx
一般診療所,,医療法人尚友会　速水医院,528-0058,甲賀市水口町北泉一丁目１２８,医療法人尚友会,,0748-65-3211,2005-04-01,,,5624240.xlsx
一般診療所,,医療法人みのり会　濱田クリニック,528-0005,甲賀市水口町水口５９９２番地１,医療法人みのり会,,0748-65-3737,2011-11-01,,,5624240.xlsx
一般診療所,,医療法人社団平川クリニック,528-0036,甲賀市水口町東名坂１８４ー２,医療法人社団 平川クリニック,,0748-63-6373,2001-05-01,,,5624240.xlsx
一般診療所,,平松耳鼻咽喉科,520-3235,湖南市平松北３丁目７３,山本　大喜,,0748-76-1987,2025-10-01,,,5624240.xlsx
一般診療所,,古西医院,520-3436,甲賀市甲賀町拝坂８３３ー１４１,古西　博明,,0748-88-5575,1992-01-01,,,5624240.xlsx
一般診療所,,深野内科医院,520-3235,湖南市平松北二丁目５３番,深野　美也,,0748-72-9595,2004-10-01,,,5624240.xlsx
一般診療所,,医療法人 深井クリニック,528-0064,甲賀市水口町伴中山３８０２番地,医療法人 深井クリニック,,0748-65-4100,2005-10-01,,,5624240.xlsx
一般診療所,,医療法人和晃会ふじた医院,520-3233,湖南市柑子袋５９０番地１,医療法人和晃会ふじた医院,,0748-72-8777,2020-04-01,,,5624240.xlsx
一般診療所,,医療法人社団布留クリニック,520-3301,甲賀市甲南町寺庄１０９８,医療法人社団布留クリニック,,0748-86-3135,1961-12-18,,,5624240.xlsx
一般診療所,,ほしやま内科医院,520-3248,湖南市菩提寺西１－９－２３－１０１,星山　俊潤,,0748-74-8618,2002-04-01,,,5624240.xlsx
一般診療所,,医療法人ますだ内科医院,520-3432,甲賀市甲賀町滝２２３１－１,医療法人 ますだ内科医院,,0748-88-2277,2015-10-01,,,5624240.xlsx
一般診療所,,医療法人社団美松会　三雲クリニック,520-3221,湖南市三雲５５６-２,医療法人社団美松会,,0748-71-3220,2015-08-01,,,5624240.xlsx
一般診療所,,水口眼科医院,528-0032,甲賀市水口町八坂３番６５号,塩澤　正樹,,0748-62-0840,2004-11-01,,,5624240.xlsx
一般診療所,,みなくちこどもクリニック,528-0029,甲賀市水口町南林口４７番地２,医療法人グリーンスウォード,,0748-63-2100,2017-05-01,,,5624240.xlsx
一般診療所,,医療法人社団　村上整形外科クリニック,528-0041,甲賀市水口町虫生野１０９５ー４,医療法人社団村上整形外科クリニック,,0748-63-7751,1999-12-13,,,5624240.xlsx
一般診療所,,むらき眼科,529-1851,甲賀市信楽町長野1363-1,村木　早苗,,0748-78-0077,2017-04-01,,,5624240.xlsx
一般診療所,,医療法人やまもと内科・外科クリニック,528-0042,甲賀市水口町虫生野中央１１１,医療法人やまもと内科・外科クリニック,,0748-62-9559,2017-10-01,,,5624240.xlsx
一般診療所,,障害者支援施設　るりこう園診療所,528-0224,甲賀市土山町野上野４９７,社会福祉法人 瑠璃光園,,0748-66-1345,1985-02-13,,,5624240.xlsx
一般診療所,,和田耳鼻咽喉科医院,528-0017,甲賀市水口町京町６番１１号,和田　義正,,0748-64-1133,2016-07-01,,,5624240.xlsx
一般診療所,,出目医院,527-0013,東近江市東中野町１－１２,出目　明,,0748-22-2072,2009-01-01,,,5624240.xlsx
一般診療所,,医療法人社団広島外科整形外科医院,527-0021,東近江市八日市東浜町１－２７,医療法人社団広島外科整形外科医院,,0748-22-1311,1993-07-01,,,5624240.xlsx
一般診療所,,医療法人社団宮路医院,527-0014,東近江市西中野町３－１６,医療法人社団宮路医院,,0748-22-0055,1992-05-01,,,5624240.xlsx
一般診療所,,パナソニック東近江健康管理室,527-0051,東近江市林田町１５００,パナソニック健康保険組合,,0748-23-1141,1972-08-10,,,5624240.xlsx
一般診療所,,中沢医院,527-0073,東近江市蛇溝町１２０,中澤　優子,,0748-22-0240,1977-04-01,,,5624240.xlsx
一般診療所,,TOPPANグループ健康保険組合 滋賀診療所,527-0046,東近江市妙法寺町１１０１－２０,TOPPANグループ健康保険組合,,0748-24-3560,1981-07-01,,,5624240.xlsx
一般診療所,,東近江市鋳物師診療所,529-1522,東近江市鋳物師町７０８,東近江市,,0748-55-0406,2006-01-01,,,5624240.xlsx
一般診療所,,ひのたに園診療所,529-1601,蒲生郡日野町松尾１２１,社会福祉法人グロー,,0748-52-0645,2011-04-01,,,5624240.xlsx
一般診療所,,東近江市永源寺診療所,527-0231,東近江市山上町１３５２,東近江市,,0748-27-1160,2005-02-11,,,5624240.xlsx
一般診療所,,高畑医院,529-1501,東近江市石塔町２３６－１,高畑正文,,0748-55-3511,2021-01-01,,,5624240.xlsx
一般診療所,,医療法人社団朝日医院,529-1603,蒲生郡日野町大窪１０１０－１,医療法人社団朝日医院,,0748-52-0057,1992-11-01,,,5624240.xlsx
一般診療所,,医療法人社団山崎クリニック,521-1225,東近江市山路町２９０７,医療法人社団山崎クリニック,,0748-42-1135,2006-12-23,,,5624240.xlsx
一般診療所,,特別養護老人ホーム白寿荘診療所,529-1601,蒲生郡日野町松尾３５９,社会福祉法人湖東会,,0748-52-5616,1986-04-16,,,5624240.xlsx
一般診療所,,医療法人社団明光会南眼科医院,527-0023,東近江市八日市緑町１－７,医療法人社団明光会,,0748-24-2121,1995-09-01,,,5624240.xlsx
一般診療所,,松尾医院,521-1205,東近江市躰光寺町６０４,医療法人湖峰会,,0748-42-6035,2014-04-01,,,5624240.xlsx
一般診療所,,特別養護老人ホーム玉園ハイム内診療所,527-0064,東近江市尻無町１１７０－３,社会福祉法人布引会,,0748-23-6886,1988-06-01,,,5624240.xlsx
一般診療所,,日本電気硝子能登川診療所,521-1211,東近江市今町９０６,日本電気硝子株式会社,,0748-42-2255,1989-04-01,,,5624240.xlsx
一般診療所,,東近江市永源寺東部出張診療所,527-0207,東近江市蓼畑町５１０,東近江市,,0748-29-0001,2005-02-11,,,5624240.xlsx
一般診療所,,中村医院,527-0046,東近江市妙法寺町８８０－１,中村喜久子,,0748-22-8588,1993-04-06,,,5624240.xlsx
一般診療所,,医療法人笠原レディースクリニック,527-0091,東近江市小脇町２４０１－６,医療法人笠原レディースクリック,,0748-22-2101,1993-04-12,,,5624240.xlsx
一般診療所,,特別養護老人ホーム清水苑医務室,529-1441,東近江市五個荘川並町２６８,社会福祉法人六心会,,0748-48-5000,1994-04-01,,,5624240.xlsx
一般診療所,,岡診療所,529-1602,蒲生郡日野町河原一丁目１０番地,岡藤太郎,,0748-53-1155,1994-05-09,,,5624240.xlsx
一般診療所,,特別養護老人ホーム能登川園医務室,521-1201,東近江市新宮町５４７,社会福祉法人真寿会,,0748-42-7025,2013-11-01,,,5624240.xlsx
一般診療所,,特別養護老人ホームカルナハウス医務室,527-0001,東近江市建部下野町７９７,社会福祉法人慈照会,,0748-23-3250,1997-04-01,,,5624240.xlsx
一般診療所,,医療法人宮腰内科医院,523-0032,近江八幡市白鳥町２６－１,医療法人宮腰内科医院,,0748-32-0028,1994-08-01,,,5624240.xlsx
一般診療所,,医療法人社団幸信会青葉メディカル,527-0039,東近江市青葉町１番４６号,医療法人社団幸信会,,0748-22-5000,1997-08-11,,,5624240.xlsx
一般診療所,,島田医院,527-0028,東近江市八日市金屋二丁目１－７,島田徹,,0748-22-0140,1997-09-01,,,5624240.xlsx
一般診療所,,特別養護老人ホーム誉の松診療所,529-1634,蒲生郡日野町深山口５２４,社会福祉法人日野友愛会,,0748-53-0261,1998-04-01,,,5624240.xlsx
一般診療所,,奥田医院,527-0012,東近江市八日市本町５－９,奥田雄二,,0748-22-0219,1998-04-20,,,5624240.xlsx
一般診療所,,古道医院,529-1404,東近江市宮荘町６８１－２,古道武夫,,0748-48-6233,1998-05-18,,,5624240.xlsx
一般診療所,,澤井医院,527-0023,東近江市八日市緑町４－１０,澤井孝之,,0748-25-1201,1998-08-01,,,5624240.xlsx
一般診療所,,特別養護老人ホーム赤煉瓦の郷診療所,523-0084,近江八幡市船木町５９番地３,社会福祉法人一善会,,0748-34-7123,1999-04-01,,,5624240.xlsx
一般診療所,,弓削メディカルクリニック,520-2501,蒲生郡竜王町弓削１８２５,医療法人滋賀家庭医療学センター,,0748-57-1141,1999-04-01,,,5624240.xlsx
一般診療所,,医療法人社団小串医院,529-1431,東近江市五個荘山本町８３,医療法人社団小串医院,,0748-48-2053,2000-10-01,,,5624240.xlsx
一般診療所,,医療法人社団こだま耳鼻咽喉科医院,523-0891,近江八幡市鷹飼町１５２９－１,医療法人社団こだま耳鼻咽喉科医院,,0748-33-8777,2000-10-02,,,5624240.xlsx
一般診療所,,おだわら医院,521-1223,東近江市猪子町４３０,小田原健一,,0748-42-0346,2001-01-01,,,5624240.xlsx
一般診療所,,金岡医院,521-1222,東近江市佐野町２８２－７,医療法人金岡医院,,0748-42-7333,2001-05-01,,,5624240.xlsx
一般診療所,,特別養護老人ホームもみじ診療所,527-0212,東近江市永源寺高野町４３１－２,社会福祉法人八起会,,0748-27-2031,2001-09-10,,,5624240.xlsx
一般診療所,,医療法人広田整形外科,521-1311,近江八幡市安土町下豊浦５２４７,医療法人広田整形外科,,0748-46-2162,2001-11-01,,,5624240.xlsx
一般診療所,,まつざわクリニック,523-0082,近江八幡市土田町２６８－３,松澤正典,,0748-32-4508,2002-04-26,,,5624240.xlsx
一般診療所,,医療法人育誠会西川小児科医院,523-0892,近江八幡市出町３０９,医療法人育誠会,,0748-33-7601,2002-04-10,,,5624240.xlsx
一般診療所,,福田眼科,523-0891,近江八幡市鷹飼町５２７－１,医療法人厚生会,,0748-31-2539,2002-05-01,,,5624240.xlsx
一般診療所,,明愛眼科,527-0012,東近江市八日市本町３－４　森善ビル１階,赤峰敬信,,0748-24-9100,2007-10-01,,,5624240.xlsx
一般診療所,,むらた皮ふ科クリニック,527-0012,東近江市八日市本町３－４　森善ビル２階,医療法人むらた皮ふ科クリニック,,0748-25-5270,2006-08-01,,,5624240.xlsx
一般診療所,,にしはら耳鼻咽喉科,523-0898,近江八幡市鷹飼町南３丁目５－８　OHプラザ１号館,医療法人社団医善会,,0748-32-7211,2005-11-01,,,5624240.xlsx
一般診療所,,在田医院,527-0085,東近江市下羽田町５１－３,医療法人在田医院,,0748-25-5080,2003-05-01,,,5624240.xlsx
一般診療所,,おざき内科医院,527-0091,東近江市小脇町２４０１－８,医療法人おざき内科医院,,0748-23-1911,2003-05-01,,,5624240.xlsx
一般診療所,,水原医院,521-1343,近江八幡市安土町小中２１８,医療法人水原医院,,0748-46-6611,2003-05-01,,,5624240.xlsx
一般診療所,,医療法人社団柴田医院,523-0896,近江八幡市鷹飼町北１丁目８ー６,医療法人社団柴田医院,,0748-31-3637,2006-05-01,,,5624240.xlsx
一般診療所,,緑町診療所,527-0023,東近江市八日市緑町２０－１２,李樹碩,,0748-23-6276,2003-06-01,,,5624240.xlsx
一般診療所,,つちだ内科医院,527-0023,東近江市八日市緑町３－６,医療法人三方会,,0748-20-0808,2006-05-01,,,5624240.xlsx
一般診療所,,特別養護老人ホームふれあい診療所,523-0015,近江八幡市上田町１３１５－１,社会福祉法人ほのぼの会,,0748-37-8716,2003-09-01,,,5624240.xlsx
一般診療所,,特別養護老人ホームこぼしの家診療所,527-0074,東近江市市辺町３４７７,社会福祉法人八幸会,,0748-20-0511,2004-01-11,,,5624240.xlsx
一般診療所,,特別養護老人ホーム安土やすらぎの郷診療所,521-1311,近江八幡市安土町下豊浦４１４１,社会福祉法人一善会,,0748-57-3333,2004-04-01,,,5624240.xlsx
一般診療所,,医療法人社団おかもと眼科,523-0856,近江八幡市音羽町２４,医療法人社団おかもと眼科,,0748-31-2525,2004-06-01,,,5624240.xlsx
一般診療所,,あいさか小児科,529-1601,蒲生郡日野町松尾二丁目８８－７,医療法人あいさか小児科,,0748-53-8139,2006-04-01,,,5624240.xlsx
一般診療所,,小山眼科クリニック,527-0011,東近江市八日市浜野町1-４８７－１,医療法人社団双秀会,,0748-25-0065,2009-08-01,,,5624240.xlsx
一般診療所,,東近江市あいとう診療所,527-0162,東近江市妹町２９,東近江市,,0749-46-8030,2005-02-11,,,5624240.xlsx
一般診療所,,まえざわクリニック,523-0886,近江八幡市西末町１８－１,医療法人まえざわクリ二ック,,0748-31-3601,2007-10-01,,,5624240.xlsx
一般診療所,,鳥越医院,527-0022,東近江市八日市上之町４－１,鳥越公彰,,0748-22-2482,2005-10-05,,,5624240.xlsx
一般診療所,,東洋アルミニウム日野製造所健康管理室,529-1608,蒲生郡日野町大谷３４１－１４,東洋アルミニウム株式会社,,0748-53-1151,2006-02-17,,,5624240.xlsx
一般診療所,,つたむね眼科,521-1222,東近江市佐野町２８２－５,蔦宗直人,,0748-42-5318,2006-03-01,,,5624240.xlsx
一般診療所,,吉川整形外科クリニック,521-1222,東近江市佐野町１９５－１,医療法人吉川整形外科クリニック,,0748-43-6120,2006-03-22,,,5624240.xlsx
一般診療所,,関川医院,523-0898,近江八幡市鷹飼町南三丁目１－１４,関川利幸,,0748-37-6191,2006-03-30,,,5624240.xlsx
一般診療所,,こすぎクリニック,527-0174,東近江市大萩町４６,小杉　　厚,,0749-46-8000,2006-04-01,,,5624240.xlsx
一般診療所,,しげもり内科・消化器内科クリニック,523-0033,近江八幡市日吉野町６７５,医療法人エンフォレスト,,0748-33-1203,2007-10-01,,,5624240.xlsx
一般診療所,,えがわ整形外科,527-0023,東近江市八日市緑町６－１０,医療法人三方会,,0748-24-0303,2007-03-01,,,5624240.xlsx
一般診療所,,そのだ耳鼻咽喉科,527-0023,東近江市八日市緑町３－２,医療法人　緑園会,,0748-24-3387,2012-05-01,,,5624240.xlsx
一般診療所,,いがわ耳鼻咽喉科,521-1222,東近江市佐野町３９７－１　東陽オアシス能登川２階－F,井川秀樹,,0748-42-4487,2007-10-01,,,5624240.xlsx
一般診療所,,大林内科循環器科,521-1222,東近江市佐野町３９７－１東陽オアシス能登川１階－B,大林靖典,,0748-42-5051,2007-10-01,,,5624240.xlsx
一般診療所,,医療法人しもいけメディカルクリニック,529-1601,蒲生郡日野町松尾五丁目５９－３,医療法人しもいけメディカルクリニック,,0748-53-2324,2007-10-01,,,5624240.xlsx
一般診療所,,鎌掛診療所,529-1631,蒲生郡日野町鎌掛２２９２,松村昭彦,,0748-52-0615,2008-02-01,,,5624240.xlsx
一般診療所,,水谷整形外科医院,521-1221,東近江市垣見町１５９８,医療法人瑞晴会,,0748-26-2811,2013-04-01,,,5624240.xlsx
一般診療所,,うえだウィメンズクリニック,523-0031,近江八幡市堀上町１９３－１,上田博久,,0748-32-3517,2009-03-16,,,5624240.xlsx
一般診療所,,医療法人扶佐会よこた眼科クリニック,529-1601,蒲生郡日野町松尾１１８９,医療法人扶佐会,,0748-52-1341,2009-07-01,,,5624240.xlsx
一般診療所,,あおき皮フ科,521-1235,東近江市伊庭町２３６,医療法人湖楓会,,0748-36-3670,2018-11-01,,,5624240.xlsx
一般診療所,,医療法人社団こやま整形外科医院,527-0073,東近江市蛇溝町字中道１８０,医療法人社団こやま整形外科医院,,0748-36-3934,2010-04-08,,,5624240.xlsx
一般診療所,,特別養護老人ﾎｰﾑ沖野原医務室,527-0034,東近江市沖野三丁目１０－１８,社会福祉法人日野友愛会,,0748-22-7555,2010-09-23,,,5624240.xlsx
一般診療所,,石塚内科クリニック,520-2552,蒲生郡竜王町大字小口１６５８－１,石塚　　泉,,0748-58-0025,2012-01-05,,,5624240.xlsx
一般診療所,,医療法人　きしだ皮ふ科クリニック,523-0058,近江八幡市加茂町３６６０番１,医療法人　きしだ皮ふ科クリニック,,0748-31-0220,2014-10-01,,,5624240.xlsx
一般診療所,,さつき診療所,529-1532,東近江市市子松井町１９１－４,医療法人　さつき診療所,,0748-55-3355,2017-05-01,,,5624240.xlsx
一般診療所,,医療法人かりもと整形外科クリニック,520-2552,蒲生郡竜王町大字小口１６５８－１,医療法人かりもと整形外科クリニック,,0748-28-1100,2015-10-01,,,5624240.xlsx
一般診療所,,東近江市蒲生医療センター,529-1572,東近江市桜川西町３４０,東近江市,,0748-55-1175,2013-04-01,,,5624240.xlsx
一般診療所,,医療法人竹園医院,521-1351,近江八幡市安土町常楽寺５９０,医療法人竹園医院,,0748-46-2450,2013-07-01,,,5624240.xlsx
一般診療所,,東近江行政組合東近江休日急患診療所,527-0045,東近江市中小路町４８３－４,東近江行政組合,,0748-23-5020,2013-09-01,,,5624240.xlsx
一般診療所,,やまぐち内科クリニック,529-1444,東近江市五個荘石塚町２４－７,医療法人やまぐち内科クリニック,,0748-43-2300,2023-05-01,,,5624240.xlsx
一般診療所,,小規模特別養護老人ホームのとがわ医務室,521-1201,東近江市新宮町５４７,社会福祉法人真寿会,,0748-42-3377,2013-11-01,,,5624240.xlsx
一般診療所,,杉原医院,521-1332,近江八幡市安土町東老蘇１１７０－３,杉原　玄久,,0748-43-1786,2014-01-01,,,5624240.xlsx
一般診療所,,医療法人健央会　ほりお眼科,523-0898,近江八幡市鷹飼町南三丁目２－４,医療法人健央会,,0748-37-5757,2016-10-01,,,5624240.xlsx
一般診療所,,東近江行政組合 近江八幡休日急患診療所,523-0892,近江八幡市出町３８１,東近江行政組合,,0748-33-9311,1951-04-01,,,5624240.xlsx
一般診療所,,医療法人どひ整形外科クリニック,529-1601,蒲生郡日野町松尾３－１－１,医療法人どひ整形外科クリニック,,0748-52-8880,2014-06-01,,,5624240.xlsx
一般診療所,,おさだファミリークリニック,523-08１1,近江八幡市長田町1２６８番地１,医療法人敬絆会,,0748-36-8880,2014-06-05,,,5624240.xlsx
一般診療所,,まつおファミリークリニック,523-0891,近江八幡市鷹飼町１４８５－６ 　O・Hビル近江八幡,医療法人　敬絆会,,0748-32-3255,2014-10-01,,,5624240.xlsx
一般診療所,,地域密着型特別養護老人ホームきいと医務室,529-1431,東近江市五個荘山本町447-34,社会福祉法人六心会,,0748-48-7501,2014-10-01,,,5624240.xlsx
一般診療所,,東近江市長峰診療所,529-1551,東近江市宮川町２４４－９２１,東近江市,,0748-45-2175,2014-11-12,,,5624240.xlsx
一般診療所,,医療法人レイメイクリニック,527-0033,東近江市東沖野四丁目16-18,医療法人レイメイクリニック,,0748-20-2220,2019-04-01,,,5624240.xlsx
一般診療所,,医療法人布引内科クリニック,527-0072,東近江市布引台一丁目９８０,医療法人布引内科クリニック,,0748-20-1255,2017-04-01,,,5624240.xlsx
一般診療所,,よりずみ医院,523-0056,近江八幡市古川町１１92-77,頼住　一,,0748-33-7533,2015-09-01,,,5624240.xlsx
一般診療所,,医療法人　川端医院,523-0818,近江八幡市西本郷町東６－７,医療法人　川端医院,,0748-38-0153,2015-10-01,,,5624240.xlsx
一般診療所,,養護老人ホームきぬがさ診療所,529-1441,東近江市五個荘川並町３２２,社会福祉法人グロー,,0748-48-8080,2016-03-01,,,5624240.xlsx
一般診療所,,医療法人よしずみ内科クリニック,523-0041,近江八幡市中小森町１２９番地１,医療法人よしずみ内科クリニック,,0748-31-0777,2017-04-01,,,5624240.xlsx
一般診療所,,おうみリウマチ膠原病内科クリニック,523-0894,近江八幡市中村町２０－２５,川端　大介,,0748-31-1888,2016-05-01,,,5624240.xlsx
一般診療所,,たなか小児科,527-0023,東近江市八日市緑町５－２７,田中　正幸,,0748-43-0920,2016-08-02,,,5624240.xlsx
一般診療所,,おかもとキッズクリニック,521-1224,東近江市林町６１６,医療法人ＯＫＣ,,0748-36-1222,2016-10-03,,,5624240.xlsx
一般診療所,,白鳥内科,523-0891,近江八幡市鷹飼町４５０－５,田原　美喜,,0748-43-1178,2018-03-01,,,5624240.xlsx
一般診療所,,医療法人なごみ　といやまクリニック,523-0037,近江八幡市東町１８７番地３,医療法人　なごみ,,0748-29-3760,2018-04-01,,,5624240.xlsx
一般診療所,,医療法人宗結会むらかみ耳鼻咽喉科クリニック,523-0041,近江八幡市中小森町３３９－１,医療法人　宗結会,,0748-31-1187,2019-10-01,,,5624240.xlsx
一般診療所,,やましたクリニック,527-0033,東近江市東沖野二丁目1-33,山下　寛人,,0748-20-1515,2018-05-02,,,5624240.xlsx
一般診療所,,ファストメンタルクリニック八幡駅前院,523-0891,近江八幡市鷹飼町１４８５－８－１０２,一般社団法人仁秀グループ,,0748-32-7211,R5.10.1,,,5624240.xlsx
一般診療所,,医療法人大郷会　耳鼻咽喉科坂口クリニック,523-0032,近江八幡市白鳥町４８－７,坂口　博史,,0748-36-3341,2019-09-01,,,5624240.xlsx
一般診療所,,地域密着型特別養護老人ホーム菊水ビラ,527-0115,東近江市下里町字桑ノ木1287番地、1286番地１,社会福祉法人恵泉会,,0749-45-1518,1990-04-01,,,5624240.xlsx
一般診療所,,はしぐち整形外科クリニック,523-0821,近江八幡市多賀町４６０番地,橋口　淳一,,0748-31-1184,2020-10-01,,,5624240.xlsx
一般診療所,,Ｂ－ＣＬＩＮＩＣ,521-1221,東近江市垣見町８００－５－二階,一般法社団人BON’S,,0748-42-2550,2021-05-02,,,5624240.xlsx
一般診療所,,ハートリズムクリニック,521-1311,近江八幡市安土町下豊浦5385-14,綿貫　正人,,0748-46-4200,2021-08-16,,,5624240.xlsx
一般診療所,,あえんぼクリニック,520-2531,蒲生郡竜王町山之上５５７２番地,竜王町,,0748-57-0610,2021-10-01,,,5624240.xlsx
一般診療所,,特別養護老人ホーム四季の郷診療所,523-0063,近江八幡市十王町１０６１,社会福祉法人宝寿会,,0748-36-3770,2022-09-01,,,5624240.xlsx
一般診療所,,地域密着型特別養護老人ホーム漫遊の郷　診療所,523-0063,近江八幡市十王町1061,社会福祉法人宝寿会,,0748-36-3770,2022-09-01,,,5624240.xlsx
一般診療所,,淡海せぼねクリニック,523-0892,近江八幡市出町233番２,一般社団法人　スピナレピオス,,0748-29-3339,2024-01-01,,,5624240.xlsx
一般診療所,,東近江しのはら駅前クリニック,523-0045,近江八幡市安養寺町８７１－１,医療法人あなうさぎ,,0748-36-2847,R5.10.1,,,5624240.xlsx
一般診療所,,たく内科クリニック,521-1221,東近江市垣見町６８２,山口琢,,0748-42-0125,2025-12-01,,,5624240.xlsx
一般診療所,,なのはな皮ふ科クリニック,527-0037,東近江市東今崎町１番６号,辻󠄀川　菜穂,,0748-34-3456,2026-03-02,,,5624240.xlsx
一般診療所,,医療法人社団堀江医院,523-0058,近江八幡市加茂町３６６０－５,医療法人社団堀江医院,,0748-34-8131,1967-04-01,,,5624240.xlsx
一般診療所,,山本医院,523-0871,近江八幡市新町三丁目６,山本克與,,0748-32-3311,1988-07-28,,,5624240.xlsx
一般診療所,,医療法人社団まつだクリニック,523-0893,近江八幡市桜宮町２１１－３,医療法人社団まつだクリニック,,0748-33-2703,1992-06-12,,,5624240.xlsx
一般診療所,,中村医院,523-0043,近江八幡市池田本町９２７－４,松井　甚弥,,0748-33-8480,2018-11-28,,,5624240.xlsx
一般診療所,,医院法人社団顕仁会たに整形外科,523-0894,近江八幡市中村町６５４,医療法人社団顕仁会,,0748-33-1610,1976-07-08,,,5624240.xlsx
一般診療所,,ダイハツ工業（株）滋賀（竜王）工場第１診療所,520-2531,蒲生郡竜王町山之上２９１０,ダイハツ工業（株）,,0748-57-0221,1974-07-24,,,5624240.xlsx
一般診療所,,近江八幡市立沖島診療所,523-0801,近江八幡市沖島町２６８－１,近江八幡市,,0748-33-9779,2010-03-21,,,5624240.xlsx
一般診療所,,小西医院,523-0891,近江八幡市鷹飼町１５１３,小西　眞,,0748-33-3322,1984-10-23,,,5624240.xlsx
一般診療所,,ダイハツ工業（株）滋賀（竜王）工場第２診療所,520-2531,蒲生郡竜王町山之上３０００,ダイハツ工業（株）,,0748-57-1978,1988-11-01,,,5624240.xlsx
一般診療所,,宮下医院,523-0813,近江八幡市西本郷町８１－１,医療法人社団淡湖史会,,0748-37-5114,1988-12-09,,,5624240.xlsx
一般診療所,,特別養護老人ホーム水茎の里医務室,523-0072,近江八幡市牧町１８８５,社会福祉法人サルビア会,,0748-33-5321,1989-01-14,,,5624240.xlsx
一般診療所,,村上眼科,523-0893,近江八幡市桜宮町２９９－３,村上　怜,,0748-36-7585,2020-01-06,,,5624240.xlsx
一般診療所,,医療法人ともこどもクリニック,523-0891,近江八幡市鷹飼町４５０－６,医療法人ともこどもクリニック,,0748-33-5565,2010-02-01,,,5624240.xlsx
一般診療所,,太田産婦人科医院,523-0898,近江八幡市鷹飼町南３丁目３－５,太田道隆,,0748-38-0341,1991-08-01,,,5624240.xlsx
一般診療所,,田原整形外科,523-0032,近江八幡市白鳥町４８－２,田原武雄,,0748-33-1780,1984-03-01,,,5624240.xlsx
一般診療所,,特別養護老人ホーム万葉の里診療所,520-2531,蒲生郡竜王町山之上６３２,社会福祉法人雪野会,,0748-57-2100,1995-05-09,,,5624240.xlsx
一般診療所,,イチロー内科クリニック,523-0898,近江八幡市鷹飼町南三丁目１－１６,医療法人清心会,,0748-37-8500,1993-07-01,,,5624240.xlsx
一般診療所,,医療法人竹中医院,527-0121,東近江市小池町５３１－２,医療法人竹中医院,,0749-45-1100,2014-04-01,,,5624240.xlsx
一般診療所,,特別養護老人ホーム菊水園診療所,527-0115,東近江市下里町７８９,社会福祉法人恵泉会,,0749-45-1518,1990-06-01,,,5624240.xlsx
一般診療所,,おくのこどもクリニック,527-0034,東近江市沖野四丁目2番38-1号,奥野　計寿人,,0748-36-1724,R5.9.1,,,5624240.xlsx
一般診療所,,パナソニックホームズ湖東工場健康管理室,527-0124,東近江市中岸本町208,パナソニックホームズ株式会社　湖東工場,,0749-45-1551,2024-06-01,,,5624240.xlsx
一般診療所,,もりた内科・消化器内科クリニック,527-0022,東近江市八日市上之町９番２号,森田　康大,,0748-34-2001,2024-08-01,,,5624240.xlsx
一般診療所,,近江八幡市立武佐診療所,523-0011,近江八幡市友定町３０５番地,近江八幡市,,0748-37-0331,2024-09-01,,,5624240.xlsx
一般診療所,,ますだホームクリニック,523-0892,近江八幡市出町８０２－１,増田　大輔,,0748-43-1639,2024-11-01,,,5624240.xlsx
一般診療所,,厚生労働省第二共済組合東近江総合医療センター診療部,527-8505,東近江市五智町２５５,厚生労働省第二共済組合東近江総合医療センター所属所,,0748-22-3030,1958-10-10,,,5624240.xlsx
一般診療所,,滋賀県東近江保健所,527-0023,東近江市八日市緑町８－２２,滋賀県,,0748-22-1253,1944-04-01,,,5624240.xlsx
一般診療所,,河村医院,529-1644,蒲生郡日野町内池３７３番地,河村英生,,0748-52-0072,2025-04-01,,,5624240.xlsx
一般診療所,,医療法人赤松在宅診療クリニック,523-0891,近江八幡市鷹飼町５４７－２　きよし堂ビル　２F,医療法人赤松在宅診療クリニック,,0748-31-1155,2025-12-01,,,5624240.xlsx
一般診療所,,うらべ在宅クリニック,527-0135,東近江市横溝町３０５－１,浦部博志,,0749-45-0001,2024-04-01,,,5624240.xlsx
一般診療所,,どらごんクリニック,520-2561,蒲生郡竜王町須恵８１４－９３,医療法人滋賀家庭医療学センター,,0748-58-2932,2023-04-01,,,5624240.xlsx
一般診療所,,足立レディースクリニック,522-0075,彦根市佐和町5-41,足立　憲彦,,0749-22-2155,2001-09-01,,,5624240.xlsx
一般診療所,,医療法人池田クリニック彦根,522-0074,彦根市大東町9-16　上野ビル本館2F,医療法人池田クリニック,,0749-24-3555,2011-02-01,,,5624240.xlsx
一般診療所,,いけだ内科医院,522-0055,滋賀県彦根市野瀬町18-8,池田　智之,,0749-21-6060,2018-10-01,,,5624240.xlsx
一般診療所,,いけだ耳鼻咽喉科,522-0054,彦根市西今町948-5,医療法人あおぞう会,,0749-27-3317,2021-12-01,,,5624240.xlsx
一般診療所,,石川医院,529-1206,愛知郡愛荘町蚊野1882,医療法人原尤会,,0749-37-2007,2007-04-01,,,5624240.xlsx
一般診療所,,医療法人井関診療所,522-0074,彦根市大東町14番15号　上野第Ⅴビル２階,医療法人井関診療所,,0749-26-0761,2015-03-23,,,5624240.xlsx
一般診療所,,伊藤整形外科,522-0054,彦根市西今町1041-18,医療法人社団  伊藤整形外科,,0749-23-7787,1995-05-01,,,5624240.xlsx
一般診療所,,特別養護老人ホームいぬかみ,522-0355,犬上郡多賀町中川原605-2,社会福祉法人湖東会,,0749-48-2600,1994-11-09,,,5624240.xlsx
一般診療所,,特別養護老人ホームいやしのさと医務室,529-1175,犬上郡豊郷町沢517-4,社会福祉法人あすなろ福祉会,,0749-35-0216,2004-10-01,,,5624240.xlsx
一般診療所,,医療法人江竜皮膚科,522-0086,彦根市後三条町593-9,医療法人江竜皮膚科,,0749-23-7815,1994-09-01,,,5624240.xlsx
一般診療所,,近江ふるさと会診療所,521-1101,彦根市石寺町713,社会福祉法人近江ふるさと会,,0749-43-5880,1984-04-12,,,5624240.xlsx
一般診療所,,近江ふるさと会第二診療所,522-0056,彦根市開出今町1343番地3,社会福祉法人近江ふるさと会,,0749-22-4321,1996-05-02,,,5624240.xlsx
一般診療所,,大辻医院　川相診療所,522-0324,犬上郡多賀町川相254,大辻　常男,,0749-47-1856,1992-04-01,,,5624240.xlsx
一般診療所,,おおはし内科循環器科クリニック,522-0086,彦根市後三条町649,大橋　直弘,,0749-30-3800,2007-09-01,,,5624240.xlsx
一般診療所,,岡田医院,522-0084,彦根市橋向町44,三浦　裕司,,0749-22-1505,2004-04-01,,,5624240.xlsx
一般診療所,,おがわ耳鼻咽喉科クリニック,522-0010,彦根市駅東町15-1　近江鉄道ビル1F,小川　富美雄,,0749-22-8799,2010-08-02,,,5624240.xlsx
一般診療所,,医療法人　おくの内科,522-0064,彦根市本町一丁目4-28,医療法人　おくの内科,,0749-21-3355,2000-06-01,,,5624240.xlsx
一般診療所,,医療法人おした整形外科医院,529-1174,犬上郡豊郷町下枝23-1,医療法人おした整形外科医院,,0749-35-0017,2007-04-01,,,5624240.xlsx
一般診療所,,邂逅の郷　診療所,522-0047,彦根市日夏町151,社会福祉法人大樹会,,0749-28-7951,2008-04-01,,,5624240.xlsx
一般診療所,,かみやキッズクリニック,522-0033,彦根市芹川町字塚町472-16,神谷　博,,0749-23-2255,2016-03-01,,,5624240.xlsx
一般診療所,,上林医院,529-1235,愛知郡愛荘町目加田882,上林　俊明,,0749-37-2003,1994-10-01,,,5624240.xlsx
一般診療所,,北村医院,529-1206,愛知郡愛荘町蚊野1732,医療法人　北村医院,,0749-37-3376,2001-05-01,,,5624240.xlsx
一般診療所,,きたむらクリニック,522-0052,彦根市長曽根南町448-25,北村　有三,,0749-22-9617,1984-09-17,,,5624240.xlsx
一般診療所,,KKCウェルネスひこね健診クリニック,522-0010,彦根市駅東町15番1,一般財団法人近畿健康管理センター,,0749-24-3011,2010-04-09,,,5624240.xlsx
一般診療所,,独立行政法人国立印刷局彦根工場診療所,522-0027,彦根市東沼波町1157-1,独立行政法人国立印刷局,,0749-27-6029,2003-04-01,,,5624240.xlsx
一般診療所,,小菅医院多賀診療所,522-0341,犬上郡多賀町多賀1328,小菅　眞由美,,0749-48-1650,2004-04-01,,,5624240.xlsx
一般診療所,,医療法人社団小森医院,522-0073,彦根市旭町2-18,医療法人社団　小森医院,,0749-22-2714,1996-07-01,,,5624240.xlsx
一般診療所,,金亀荘診療所,522-0047,彦根市日夏町151,社会福祉法人大樹会,,0749-28-7951,2011-06-01,,,5624240.xlsx
一般診療所,,医療法人さかたクリニック,529-1156,彦根市清崎町288-37,医療法人　さかたクリニック,,0749-28-3737,1992-06-01,,,5624240.xlsx
一般診療所,,特別養護老人ホームさざなみ苑,522-0068,彦根市城町二丁目30,社会福祉法人さざなみ会,,0749-27-1411,2002-08-01,,,5624240.xlsx
一般診療所,,国立大学法人滋賀大学保健管理センター,522-0069,彦根市馬場1-1-1,国立大学法人滋賀大学,,0749-27-1024,2011-08-03,,,5624240.xlsx
一般診療所,,重森医院,529-1161,犬上郡豊郷町四十九院867,重森　恒雄,,0749-35-2068,1997-05-01,,,5624240.xlsx
一般診療所,,しみずクリニック,522-0063,彦根市中央町3-55,医療法人しみずクリニック,,0749-21-3525,2007-04-01,,,5624240.xlsx
一般診療所,,白石外科,521-1123,彦根市肥田町915-33,白石　制,,0749-43-5651,1976-12-01,,,5624240.xlsx
一般診療所,,しらいし耳鼻咽喉科,521-1112,彦根市金沢町586-4,白石　浩,,0749-43-6500,2005-09-01,,,5624240.xlsx
一般診療所,,医療法人青葉会　イーリスウィメンズクリニック,522-0063,彦根市中央町3-73,医療法人青葉会,,0749-22-6216,1999-04-01,,,5624240.xlsx
一般診療所,,医療法人青葉会 イーリスウィメンズクリニック　アリス,522-0057,彦根市八坂町2888番地1,医療法人青葉会,,0749-29-9025,2008-10-01,,,5624240.xlsx
一般診療所,,医療法人源道会杉本整形外科,522-0027,彦根市東沼波町1013-1,杉本　春夫,,0749-30-0055,2012-04-01,,,5624240.xlsx
一般診療所,,すみよしクリニック,522-0043,彦根市小泉町106-1・103号,医療法人湖葉会,,0749-30-1835,2010-10-01,,,5624240.xlsx
一般診療所,,星光の里医務室,522-0355,犬上郡多賀町中川原605-2,社会福祉法人湖東会,,0749-48-2606,2013-04-01,,,5624240.xlsx
一般診療所,,積水化学工業(株)多賀工場医務室,522-0314,犬上郡多賀町大字四手字諏訪510-5,積水化学工業株式会社,,0749-48-8070,2010-03-01,,,5624240.xlsx
一般診療所,,特別養護老人ホーム千松の郷診療所,522-0002,彦根市松原町520番-1,社会福祉法人日野友愛会,,0749-22-2255,2012-08-01,,,5624240.xlsx
一般診療所,,特別養護老人ホーム千松の郷Ⅱ番館診療所,522-0002,彦根市松原町524番地,社会福祉法人日野友愛会,,0749-22-2255,2015-05-01,,,5624240.xlsx
一般診療所,,曽我医院,529-1156,彦根市清崎町878番地,曽我　俊世,,0749-28-2925,2008-05-01,,,5624240.xlsx
一般診療所,,特別養護老人ホーム多賀清流の里　診療所,522-0322,犬上郡多賀町佐目675番地,社会福祉法人達真会,,0749-49-8030,2004-08-01,,,5624240.xlsx
一般診療所,,高原アイ・クリニック,522-0052,彦根市長曽根南町443,高原　嘉一,,0749-27-1956,1992-11-01,,,5624240.xlsx
一般診療所,,高村外科,522-0063,彦根市中央町3-10,高村　利彦,,0749-22-0650,2005-06-17,,,5624240.xlsx
一般診療所,,医療法人　高山内科循環器科,522-0047,彦根市日夏町2680-35,医療法人　高山内科循環器科,,0749-28-7007,2001-10-01,,,5624240.xlsx
一般診療所,,医療法人社団くるみ会田口診療所,521-1114,彦根市彦富町905-3,医療法人社団くるみ会,,0749-43-6600,1996-07-01,,,5624240.xlsx
一般診療所,,たけうち整形外科,522-0063,彦根市中央町3-56,武内　章彦,,0749-21-2201,2024-01-01,,,5624240.xlsx
一般診療所,,医療法人　たけは内科医院,529-1174,犬上郡豊郷町下枝23-2,医療法人たけは内科医院,,0749-35-8015,2007-04-01,,,5624240.xlsx
一般診療所,,医療法人辰巳医院,522-0038,彦根市西沼波町269番地18,辰巳　裕之,,0749-22-1180,2009-04-01,,,5624240.xlsx
一般診療所,,田中クリニック,522-0056,彦根市開出今町1516番地18,医療法人田中クリニック,,0749-27-1611,2007-04-01,,,5624240.xlsx
一般診療所,,たなか小児科,522-0223,彦根市川瀬馬場町1082番7,田中　和彦,,0749-28-8801,2008-06-02,,,5624240.xlsx
一般診療所,,田宮こども診療所,522-0002,彦根市松原町3614番地,田宮　寛,,0749-22-2780,2011-08-01,,,5624240.xlsx
一般診療所,,つじ泌尿器科クリニック,522-0054,彦根市西今町1131-23,医療法人楓仁会,,0749-23-7714,2019-04-01,,,5624240.xlsx
一般診療所,,堤医院,522-0023,彦根市原町850番地179,堤　正昭,,0749-24-0533,2015-04-01,,,5624240.xlsx
一般診療所,,医療法人　德田医院,521-1104,彦根市出路町218番地の1,医療法人　德田医院,,0749-43-7001,2002-05-01,,,5624240.xlsx
一般診療所,,特別養護老人ホーム　サニープレイス彦根　医務室,521-1122,彦根市三津町446番地1,社会福祉法人心暖まる会,,0749-47-3577,2018-04-01,,,5624240.xlsx
一般診療所,,特別養護老人ホーム　ナースログ,522-0231,彦根市極楽寺町605,社会福祉法人喜創会,,0749-25-5288,2014-10-01,,,5624240.xlsx
一般診療所,,医療法人中川クリニック,529-1315,愛知郡愛荘町沓掛382,医療法人中川クリニック,,0749-42-2225,2018-05-01,,,5624240.xlsx
一般診療所,,なかつか内科医院,522-0223,彦根市川瀬馬場町1079番地1,医療法人玄一会,,0749-29-0981,2023-07-01,,,5624240.xlsx
一般診療所,,医療法人中西医院,522-0087,彦根市芹橋二丁目9番14号,医療法人　中西医院,,0749-22-1152,1998-11-01,,,5624240.xlsx
一般診療所,,特別養護老人ホーム長野の里診療所,529-1303,愛知郡愛荘町長野1499番地,社会福祉法人日野友愛会,,,2016-12-20,,,5624240.xlsx
一般診療所,,医療法人優心会　中橋整形外科クリニック,522-0201,彦根市高宮町1793番地の3,医療法人優心会,,0749-26-5088,1999-11-01,,,5624240.xlsx
一般診療所,,菜の花心療クリニック,522-0074,彦根市大東町2-29目加田ビル１階,椋田　稔朗,,0749-27-7087,2014-03-01,,,5624240.xlsx
一般診療所,,医療法人社団成仁会　成美記念クリニック,529-1155,彦根市賀田山町1405-3,医療法人成仁会,,0749-28-1323,2011-04-01,,,5624240.xlsx
一般診療所,,医療法人　成宮クリニック,529-1313,愛知郡愛荘町市917-7,医療法人　成宮クリニック,,0749-42-2620,2003-01-01,,,5624240.xlsx
一般診療所,,西川医院,522-0004,彦根市鳥居本町1732,西川　俊介,,0749-22-3887,2006-07-01,,,5624240.xlsx
一般診療所,,野口小児科,529-1315,愛知郡愛荘町沓掛388,野口　周三,,0749-42-3050,1980-01-01,,,5624240.xlsx
一般診療所,,医療法人蒼明会　橋添眼科,522-0054,彦根市西今町58-6　北栄ビル1F,医療法人蒼明会,,0749-21-2602,1999-10-01,,,5624240.xlsx
一般診療所,,医療法人若樹会　橋本医院,521-1143,彦根市上西川町384番地,医療法人若樹会,,0749-43-2207,2007-04-01,,,5624240.xlsx
一般診療所,,特別養護老人ホーム　ハッピーライフゆりの郷診療所,529-1313,愛知郡愛荘町市1509番地,社会福祉法人幸忍会,,0749-49-5125,2008-04-01,,,5624240.xlsx
一般診療所,,パナソニック　彦根　健康管理室,522-0037,彦根市岡町33番地,パナソニック健康保険組合,,0749-23-1511,1965-11-01,,,5624240.xlsx
一般診療所,,馬場医院,522-0201,彦根市高宮町3020番地,馬場　裕司,,0749-28-3360,1994-04-22,,,5624240.xlsx
一般診療所,,はやし婦人クリニック,522-0044,彦根市竹ケ鼻町658,林　清士,,0749-26-0528,2003-04-10,,,5624240.xlsx
一般診療所,,彦根休日急病診療所,522-0057,彦根市八坂町1900番地4,彦根市長,,0749-22-1119,2014-02-01,,,5624240.xlsx
一般診療所,,ヒフ科クリニック山本,522-0047,彦根市日夏町2878-1,山本　昌充,,0749-25-4116,2015-10-01,,,5624240.xlsx
一般診療所,,ひらたクリニック,522-0041,彦根市平田町448-1,医療法人社団　五心会,,0749-21-4611,2015-07-01,,,5624240.xlsx
一般診療所,,医療法人ひろた皮ふ科医院,522-0054,彦根市西今町142-15,廣田　雄介,,0749-21-1112,2000-04-01,,,5624240.xlsx
一般診療所,,特別養護老人ホーム　風蝶木,522-0231,彦根市極楽寺町596,社会福祉法人喜創会,,0749-25-5288,2008-03-31,,,5624240.xlsx
一般診療所,,医療法人仁永会ふくなが皮膚科,522-0052,滋賀県彦根市長曽根南町446番地,医療法人仁永会,,0749-33-1604,2021/11/12個人開設 2022/11/1法人化,,,5624240.xlsx
一般診療所,,ふじせき医院,522-0201,彦根市高宮町2037番地,藤關　義樹,,0749-23-2233,1991-12-02,,,5624240.xlsx
一般診療所,,フジテック㈱健康相談室,522-0003,彦根市宮田町591番地1,フジテック㈱,,0749-30-6292,2002-10-01,,,5624240.xlsx
一般診療所,,藤野こどもクリニック,522-0042,彦根市戸賀町36番地6,医療法人藤野こどもクリニック,,0749-47-5311,2014-01-01,,,5624240.xlsx
一般診療所,,ふせクリニック,522-0029,彦根市地蔵町190番地8,医療法人ふせクリニック,,0749-46-3711,2009-10-01,,,5624240.xlsx
一般診療所,,㈱ブリジストン彦根健康管理センター,522-0201,彦根市高宮町211,㈱ブリヂストン彦根工場長,,0749-22-8412,1968-05-01,,,5624240.xlsx
一般診療所,,平和堂健康サポートセンター診療所,522-0054,彦根市西今町1番地,㈱平和堂,,0749-23-3212,2017-02-13,,,5624240.xlsx
一般診療所,,松木診療所,522-0041,彦根市平田町678-10,松木　明,,0749-22-5185,2007-04-01,,,5624240.xlsx
一般診療所,,医療法人社団松本医院,522-0047,彦根市日夏町3662,医療法人社団　松本医院,,0749-28-0633,1995-05-01,,,5624240.xlsx
一般診療所,,医療法人遙山会　南彦根クリニック,522-0054,彦根市西今町138,医療法人遙山会,,0749-24-7808,2000-11-01,,,5624240.xlsx
一般診療所,,宮尾医院,522-0244,犬上郡甲良町在士603番地,宮尾　智子,,0749-38-4357,2006-03-08,,,5624240.xlsx
一般診療所,,みやざわ内科クリニック,522-0074,大東町458番,宮澤　豪,,０７４９－４９－３１５７,2023-04-01,,,5624240.xlsx
一般診療所,,目加田眼科,522-0086,彦根市後三条町495-5,目加田　篤,,0749-27-5151,2009-03-17,,,5624240.xlsx
一般診療所,,医療法人社団　安澤内科診療所,522-0201,彦根市高宮町2290番地,医療法人社団　安澤内科診療所,,0749-22-0954,1994-09-01,,,5624240.xlsx
一般診療所,,医療法人矢部医院,529-1331,愛知郡愛荘町愛知川1332番地の1,医療法人　矢部医院,,0749-42-2167,1999-04-01,,,5624240.xlsx
一般診療所,,医療法人友仁会山崎外科,522-0083,彦根市河原３丁目1-20,医療法人友仁会,,0749-22-1888,1995-04-01,,,5624240.xlsx
一般診療所,,特別養護老人ホームやまびこ診療所,529-1234,愛知郡愛荘町安孫子1235,社会福祉法人青祥会,,0749-37-8532,1999-12-01,,,5624240.xlsx
一般診療所,,世一クリニック,529-1314,愛知郡愛荘町中宿31番地3,医療法人佑友会,,0749-42-7506,2013-04-01,,,5624240.xlsx
一般診療所,,横野医院,522-0053,彦根市大藪町2035-4,横野　智信,,0749-24-1515,2013-10-01,,,5624240.xlsx
一般診療所,,医療法人  社団健友会　若松医院,522-0242,犬上郡甲良町尼子2019番地1,医療法人社団健友会,,0749-38-2482,2003-07-01,,,5624240.xlsx
一般診療所,,わかもり皮ふ科クリニック,522-0002,彦根市松原町字石持1892,若森　健,,0749-21-1212,2012-06-01,,,5624240.xlsx
一般診療所,,わだ医院,521-1124,彦根市野良田町330-31,和田　直人,,0749-47-6850,2014-12-01,,,5624240.xlsx
一般診療所,,エミナルクリニック彦根院,522-0201,彦根市高宮町1320-6　nonoHa南彦根1階,医療法人社団エミナル,,0749-49-3723,2024-12-01,,,5624240.xlsx
一般診療所,,かわせ駅前内科・呼吸器内科クリニック,522-0222,彦根市南川瀬町1480-52,伊部　邦宏,,,2025-03-01,,,5624240.xlsx
一般診療所,,アザレアクリニック彦根,522-0047,彦根市日夏町730-12,医療法人明医会,,0749-47-5020,2025-04-01,,,5624240.xlsx
一般診療所,,医療法人厚生会　城東眼科,522-0075,彦根市旭町９－３１,医療法人厚生会,,0749-23-4097,2025-09-24,,,5624240.xlsx
一般診療所,,ふるさと診療所,522-0056,彦根市開出今町１３５１－３,社会福祉法人近江ふるさと会,,0749-21-3200,2026-03-01,,,5624240.xlsx
一般診療所,,山下医院,522-0067,彦根市長曽根町5-25-1,山下　智子,,,2026-04-01,,,5624240.xlsx
一般診療所,,公益財団法人豊郷病院　ひこね診療所,522-0074,彦根市大東町９－１６,公益財団法人豊郷病院,,,2026-04-01,,,5624240.xlsx
一般診療所,,ひまわり眼科,522-0201,彦根市竹ヶ鼻町43番地３ビバシティ彦根専門店街１階,野上　公子,,,2026-04-01,,,5624240.xlsx
一般診療所,,総合在宅医療クリニック彦根,522-0064,彦根市本町二丁目２－１１,医療法人かがやき,,,2026-05-01,,,5624240.xlsx
一般診療所,,医療法人堤整形外科 彦根院,522-0007,彦根市古沢町255番地１,医療法人堤整形外科,,,2026-04-08,,,5624240.xlsx
一般診療所,,老人ホームながはま診療所,5260828,長浜市加田町19-6,社会福祉法人グロー,,0749-62-2897,2011-04-01,,,5624240.xlsx
一般診療所,,西川医院,5260059,長浜市元浜町28-31,西川　貴士,,0749-62-4412,2014-04-11,,,5624240.xlsx
一般診療所,,華房クリニック,5260058,長浜市南呉服町11-21,華房　順子,,0749-62-1547,2001-01-01,,,5624240.xlsx
一般診療所,,医療法人 下坂クリニック,5260044,長浜市下坂中町177-6,医療法人下坂クリニック,,0749-62-0080,,,,5624240.xlsx
一般診療所,,医療法人 岩本整形外科,5260043,長浜市大戌亥町町738-4,医療法人岩本整形外科,,0749-64-1866,1996-12-01,,,5624240.xlsx
一般診療所,,医療法人緑泉会 水野医院,5210242,米原市長岡600,医療法人緑泉会,,0749-55-2133,2007-04-01,,,5624240.xlsx
一般診療所,,三浦医院,5210225,米原市市場359,三浦　尚文,,0749-55-1025,2024-08-13,,,5624240.xlsx
一般診療所,,パナソニック米原健康管理室,5210011,米原市中多良605,パナソニック健康保険組合,,0749-52-3121,,,,5624240.xlsx
一般診療所,,浅井診療所,5260215,長浜市当目町84-7,長浜市,,0749-74-1209,2006-02-13,,,5624240.xlsx
一般診療所,,特別養護老人ホームふくら診療所,5260244,長浜市内保町480,社会福祉法人グロー,,0749-74-0044,2011-04-01,,,5624240.xlsx
一般診療所,,医療法人社団江村医院,5290354,長浜市湖北町山本1178,医療法人社団江村医院,,0749-79-0007,1996-11-01,,,5624240.xlsx
一般診療所,,特別養護老人ホーム青浄苑診療所,5260828,長浜市加田町2995,社会福祉法人青祥会,,0749-63-7111,1982-12-10,,,5624240.xlsx
一般診療所,,中西医院,5260037,長浜市高田町5番37号,中西　康雄,,0749-63-1812,,,,5624240.xlsx
一般診療所,,医療法人橋場レディスクリニック,5260032,長浜市南高田町5-8,医療法人橋場レディスクリニック,,0749-63-5555,,,,5624240.xlsx
一般診療所,,医療法人橋本医院,5260111,長浜市川道町611,医療法人橋本医院,,0749-72-3668,1996-11-01,,,5624240.xlsx
一般診療所,,医療法人厚生会三愛眼科,5260031,長浜市八幡東町9-1,医療法人厚生会,,0749-65-1117,,,,5624240.xlsx
一般診療所,,医療法人社団クリニック・ムライ,5260021,長浜市八幡中山町804-4,医療法人社団クリニック・ムライ,,0749-65-2125,1995-05-01,,,5624240.xlsx
一般診療所,,医療法人メディカルアート澤田医院,5260054,長浜市大宮町5-24,医療法人メディカルアート,,0749-62-0875,2000-05-01,,,5624240.xlsx
一般診療所,,医療法人紫水会近藤クリニック,5260059,長浜市元浜町30-26,医療法人紫水会,,0749-64-2110,1993-06-01,,,5624240.xlsx
一般診療所,,東野医院,5260828,長浜市加田町1839,東野　健,,0749-65-3380,,,,5624240.xlsx
一般診療所,,白川眼科クリニック,5260831,長浜市宮司町1105-3 プラムＡ1階,白川　弘泰,,0749-64-1007,1991-12-01,,,5624240.xlsx
一般診療所,,太田医院,5290113,長浜市大井町185,太田　賛,,0749-73-2032,1992-04-01,,,5624240.xlsx
一般診療所,,特別養護老人ホーム坂田青成苑診療所,5210233,米原市野一色1136,社会福祉法人青祥会,,0749-55-3511,1992-04-21,,,5624240.xlsx
一般診療所,,医療法人布施クリニック,5260062,長浜市列見町45-4,医療法人布施クリニック,,0749-65-3811,2002-04-01,,,5624240.xlsx
一般診療所,,医療法人順清会小林クリニック,5260001,長浜市国友町331,医療法人順清会,,0749-65-6060,2007-04-01,,,5624240.xlsx
一般診療所,,医療法人岡崎医院,5260802,長浜市東上坂町1010-1,医療法人岡崎医院,,0749-65-0019,1998-11-01,,,5624240.xlsx
一般診療所,,全国土木建築国民健康保険組合 中部健康管理センター滋賀医務室,5210091,米原市岩脇483 三軌工業株式会社内,全国土木建築国民健康保険組合中部健康管理センター,,0749-52-4370,,,,5624240.xlsx
一般診療所,,澤田耳鼻咽喉科,5260061,長浜市祇園町130-5,澤田　泉,,0749-65-3387,1996-11-01,,,5624240.xlsx
一般診療所,,医療法人浩成会　こだまクリニック,5260244,長浜市内保町1033,医療法人浩成会,,0749-74-2011,1998-05-01,,,5624240.xlsx
一般診療所,,湖北グリーブクリニック,5290102,長浜市月ヶ瀬町525,社会福祉法人滋賀県障害児協会,,0749-73-3917,1997-04-01,,,5624240.xlsx
一般診療所,,医療法人千手会　中川医院,5260103,長浜市曽根町1225,医療法人千手会,,0749-72-8077,2016-05-01,,,5624240.xlsx
一般診療所,,社会福祉法人湖北会あそしあ,5260043,長浜市大戌亥町415-1,社会福祉法人湖北会,,0749-68-2666,1997-12-05,,,5624240.xlsx
一般診療所,,特別養護老人ホーム青芳診療所,5260111,長浜市川道町2572,社会福祉法人青祥会,,0749-72-8311,1998-09-28,,,5624240.xlsx
一般診療所,,中之郷診療所,5290515,長浜市余呉町中之郷2434,長浜市,,0749-86-8105,2010-01-01,,,5624240.xlsx
一般診療所,,みやこクリニック,5290341,長浜市湖北町速水2778,医療法人みやこ,,0749-78-1884,2002-08-01,,,5624240.xlsx
一般診療所,,アップルクリニック,5260058,長浜市南呉服町9-2,速水　正博,,0749-68-0355,1999-09-06,,,5624240.xlsx
一般診療所,,安達クリニック,5290341,長浜市湖北町速水241-1,医療法人安達会,,0749-78-0005,1999-11-15,,,5624240.xlsx
一般診療所,,医療法人つつみクリニック,5260015,長浜市神照町480-2,医療法人つつみクリニック,,0749-63-0223,2001-10-01,,,5624240.xlsx
一般診療所,,くもん医院,5260042,長浜市勝町20,公文　正仁,,0749-68-1116,,,,5624240.xlsx
一般診療所,,医療法人東川クリニック,5260135,長浜市弓削町342,医療法人東川クリニック,,0749-72-8633,2004-10-01,,,5624240.xlsx
一般診療所,,米原診療所,5210023,米原市三吉581,米原市,,0749-54-5311,2005-02-14,,,5624240.xlsx
一般診療所,,医療法人おくだ医院,5260033,長浜市平方町1185-9,医療法人おくだ医院,,0749-65-5775,2006-04-01,,,5624240.xlsx
一般診療所,,医療法人森上内科循環器科クリニック,5260817,長浜市七条町1023-1,医療法人森上内科循環器科クリニック,,0749-64-4846,2005-04-01,,,5624240.xlsx
一般診療所,,荻野医院,5290425,長浜市木之本町木之本2012,医療法人荻野医院,,0749-82-5177,2015-05-01,,,5624240.xlsx
一般診療所,,特別養護老人ホーム「奥びわこ」,5290721,長浜市西浅井町大浦1788-3,社会福祉法人尊徳会,,0749-89-1689,2003-09-01,,,5624240.xlsx
一般診療所,,医療法人吉田内科クリニック,5210062,米原市宇賀野88-20,医療法人　吉田内科クリニック,,0749-52-6855,2007-04-01,,,5624240.xlsx
一般診療所,,おおはらクリニック,5210225,米原市市場411,医療法人おおはらクリニック,,0749-55-1009,2007-04-01,,,5624240.xlsx
一般診療所,,医療法人さざなみ整形外科,5290112,長浜市宮部町3029-1,医療法人さざなみ整形外科,,0749-73-8111,2006-04-03,,,5624240.xlsx
一般診療所,,嶋田ファミリークリニック,5260244,長浜市内保町737-5,嶋田　義孝,,0749-74-8110,2005-04-01,,,5624240.xlsx
一般診療所,,医療法人愛帆会よしだクリニック,5260847,長浜市山階町455-3,医療法人愛帆会,,0749-65-2490,2005-04-01,,,5624240.xlsx
一般診療所,,医療法人かしはら診療所,5210202,米原市柏原2100,医療法人かしはら診療所,,0749-57-0855,2007-04-01,,,5624240.xlsx
一般診療所,,特別養護老人ホーム湖北水鳥の里診療所,5290366,長浜市湖北町延勝寺1844,社会福祉法人湖北真幸会,,0749-79-8100,2005-10-01,,,5624240.xlsx
一般診療所,,地域包括ケアセンターいぶき,521-0314,米原市春照58-1,米原市,,0749-58-1222,2006-03-28,,,5624240.xlsx
一般診療所,,伊藤内科医院,5210003,米原市入江1673,伊藤　誠紀,,0749-52-3534,2006-06-02,,,5624240.xlsx
一般診療所,,北村内科循環器科医院,5210016,米原市下多良1丁目7,北村　隆,,0749-52-0172,1996-11-01,,,5624240.xlsx
一般診療所,,特別養護老人ホームけやきの杜診療所,5290234,長浜市高月町柏原1055,社会福祉法人達真会,,0749-85-8383,2007-04-01,,,5624240.xlsx
一般診療所,,医療法人悠悠会いそクリニック,5210004,米原市磯1729-1,医療法人悠悠会,,0749-52-1100,2007-04-03,,,5624240.xlsx
一般診療所,,佐野クリニック,5260017,長浜市相撲町1475-14,佐野　嘉郎,,0749-65-5800,2007-09-01,,,5624240.xlsx
一般診療所,,のざと内科,5260033,長浜市平方町368-5,野里　佳孝,,0749-62-5550,2007-09-01,,,5624240.xlsx
一般診療所,,特別養護老人ホームアンタレス診療所,5260828,長浜市加田町3360番地,社会福祉法人青祥会,,0749-68-4111,2008-04-01,,,5624240.xlsx
一般診療所,,出口皮フ科,5260845,長浜市小堀町80-1,出口英樹,,0749-64-4187,2008-10-01,,,5624240.xlsx
一般診療所,,医療法人柊英会佐々木クリニック,5260845,長浜市小堀町80-1,医療法人柊英会,,0749-53-1701,2013-10-01,,,5624240.xlsx
一般診療所,,尾崎眼科,5260034,長浜市弥高町175-1,尾崎　志郎,,0749-53-1256,2009-04-01,,,5624240.xlsx
一般診療所,,虎姫診療所,5290142,長浜市田町61,廣田　光前,,0749-73-2062,2009-08-01,,,5624240.xlsx
一般診療所,,長浜市立湖北病院杉野診療所,5290402,長浜市木之本町杉野2810-3,長浜市,,0749-84-0611,2010-01-01,,,5624240.xlsx
一般診療所,,長浜市立湖北病院金居原診療所,5290401,長浜市木之本町金居原1234,長浜市,,－,2010-01-01,,,5624240.xlsx
一般診療所,,長浜市立湖北病院中河内診療所,5290531,長浜市余呉町中河内86-1,長浜市,,－,2010-01-01,,,5624240.xlsx
一般診療所,,医療法人幸心会たきはた眼科,5290425,長浜市木之本町木之本2012,医療法人幸心会,,0749-82-6800,2010-02-01,,,5624240.xlsx
一般診療所,,長浜米原休日急患診療所,5260831,長浜市宮司町1181-2,長浜市,,0749-65-1525,2012-04-01,,,5624240.xlsx
一般診療所,,特別養護老人ホーム湖北朝日の里診療所,5290366,長浜市湖北町延勝寺297-1,社会福祉法人湖北真幸会,,0749-79-8111,2012-04-01,,,5624240.xlsx
一般診療所,,よねざわ皮膚科クリニック,5260021,長浜市八幡中山町318-35,米澤　理雄,,0749-53-2980,2012-05-01,,,5624240.xlsx
一般診療所,,特別養護老人ホームまんてん塩津診療所,5290704,長浜市西浅井町塩津中1123,社会福祉法人まんてん,,0749-88-0031,2012-07-01,,,5624240.xlsx
一般診療所,,一般財団法人名古屋公衆医学研究所 附属診療所　滋賀連絡事務所,5260012,長浜市新庄中町308,一般財団法人名古屋公衆医学研究所,,052-412-3111,2012-12-07,,,5624240.xlsx
一般診療所,,医療法人弘鳳会おぐりクリニック,5260847,長浜市山階町451番地,医療法人弘鳳会,,0749-65-2377,2013-03-07,,,5624240.xlsx
一般診療所,,特別養護老人ホーム姉川の里診療所,5290113,長浜市大井町973-1,社会福祉法人さざなみ会,,0749-73-8010,2013-05-01,,,5624240.xlsx
一般診療所,,医療法人福光会 塚田医院,5210072,米原市顔戸433番地1,医療法人福光会塚田医院,,0749-52-0041,2018-10-01,,,5624240.xlsx
一般診療所,,医療法人堤整形外科 堤整形外科内科,5260021,長浜市八幡中山町393-1,医療法人堤整形外科,,0749-62-1414,2015-04-01,,,5624240.xlsx
一般診療所,,イワセ整形外科,5260034,長浜市弥高町226番地,岩瀬　丈明,,0749-65-2211,2014-06-02,,,5624240.xlsx
一般診療所,,浅井東診療所,5260203,長浜市野瀬町828,長浜市,,0749-76-8111,2014-10-01,,,5624240.xlsx
一般診療所,,医療法人みふみ会　長浜駅前眼科,5260058,長浜市南呉服町10-22,医療法人みふみ会,,0749-63-5500,2018-03-01,,,5624240.xlsx
一般診療所,,風の街こどもクリニック,5260021,長浜市八幡中山町361,医療法人　豊山会,,0749-68-2100,2018-04-01,,,5624240.xlsx
一般診療所,,近江診療所,5210083,米原市新庄77番1,米原市,,0749-54-2127,2015-10-01,,,5624240.xlsx
一般診療所,,山東診療所,5210218,米原市志賀谷1907番地,米原市,,0749-55-8700,2021-07-01,,,5624240.xlsx
一般診療所,,特別養護老人ホームスマイル診療所,5210093,米原市寺倉603番地の１,社会福祉法人近江薫風会,,0749‐54‐8201,2016-07-01,,,5624240.xlsx
一般診療所,,特別養護老人ホームあじさいの郷,5290536,長浜市余呉町池原８５,社会福祉法人尊徳会,,0749-86-4100,2016-11-01,,,5624240.xlsx
一般診療所,,特別養護老人ホーム今浜の郷,5260044,長浜市下坂中町200-1,社会福祉法人近江幸楽会,,0749-68-4024,2017-04-01,,,5624240.xlsx
一般診療所,,医療法人　すこやかｋｉｄｓクリニック,5260033,長浜市平方町３２１－３,医療法人　まちのほけんしつ,,0749-68-3212,2017-10-01,,,5624240.xlsx
一般診療所,,つかクリニック,5260034,長浜市弥高町56番地,塚　晴俊,,0749-53-3410,2017-10-01,,,5624240.xlsx
一般診療所,,びわこ学園長浜診療所,5260845,長浜市小堀町122番1,社会福祉法人びわこ学園,,0749-53-2771,2018-04-01,,,5624240.xlsx
一般診療所,,地域密着型特別養護老人ホームわが家ひだまり,5210212,米原市本郷603-1,社会福祉法人ひだまり,,0749-55-3131,2018-04-16,,,5624240.xlsx
一般診療所,,公益社団法人地域医療振興協会 にしあざい診療所,5290721,長浜市西浅井町大浦2590,長浜市,,0749-89-0012,2019-04-01,,,5624240.xlsx
一般診療所,,塩津出張診療所,5290701,長浜市西浅井町塩津浜1795,長浜市,,0749-88-0341,2019-04-01,,,5624240.xlsx
一般診療所,,上松医院,5290203,長浜市高月町磯野537,上松　貞彦,,0749-85-3189,1993-02-13,,,5624240.xlsx
一般診療所,,日本電気硝子株式会社滋賀高月事業場診療所,5290241,長浜市高月町高月1979,日本電気硝子株式会社 滋賀高月事業場,,0749-85-2233,,,,5624240.xlsx
一般診療所,,医療法人安井医院,5290241,長浜市高月町高月201,医療法人安井医院,,0749-85-3110,1990-10-01,,,5624240.xlsx
一般診療所,,岩根医院,5290425,長浜市木之本町木之本1112,岩根　学,,0749-82-2045,1991-04-01,,,5624240.xlsx
一般診療所,,前川医院,5290425,長浜市木之本町木之本1324,前川　憲昭,,0749-82-2038,2003-12-12,,,5624240.xlsx
一般診療所,,中之郷診療所上丹生出張診療所,5290512,長浜市余呉町上丹生2483,長浜市,,0749-86-3004,2010-01-01,,,5624240.xlsx
一般診療所,,中之郷診療所今市出張診療所,5290535,長浜市余呉町今市546-2,長浜市,,0749-86-2010,2010-01-01,,,5624240.xlsx
一般診療所,,医療法人社団　雨森医院,5290222,長浜市高月町雨森372,医療法人社団雨森医院,,0749-85-3106,1992-05-01,,,5624240.xlsx
一般診療所,,医療法人社団　布施内科医院,5290241,長浜市高月町高月593-4,医療法人社団布施内科医院,,0749-85-5600,1992-12-01,,,5624240.xlsx
一般診療所,,菅浦出張診療所,5290726,長浜市西浅井町菅浦218,長浜市,,0749-89-0012,2010-01-01,,,5624240.xlsx
一般診療所,,特別養護老人ホーム伊香の里診療所,5290426,長浜市木之本町黒田1221,社会福祉法人長浜市社会福祉協議会,,0749-82-5611,2015-01-01,,,5624240.xlsx
一般診療所,,はまたに内科・循環器内科クリニック,5260831,長浜市宮司町1085番地1,濵谷　朋和,,0749-53-3017,2020-10-01,,,5624240.xlsx
一般診療所,,一般社団法人　京都微生物研究所 付属診療所　滋賀出張所,5260015,長浜市神照町152‐1,一般社団法人　京都微生物研究所,,075-593-1443 （京都）,2022-01-01,,,5624240.xlsx
一般診療所,,医療法人社団 きとうクリニック,5260831,長浜市宮司町1200番地 コープながはま2階,医療法人きとうクリニック,,,2022-03-01,,,5624240.xlsx
一般診療所,,リウマチ科みやもと,5260034,長浜市弥高町269,宮本　茂輝,,0749-53-3887,2022-03-01,,,5624240.xlsx
一般診療所,,かがい医院,5210073,米原市箕浦372,医療法人社団かがい医院,,0749-52-9333,2006-03-20,,,5624240.xlsx
一般診療所,,医療法人緑泉会水野医院甲津原分院,5210301,米原市甲津原497,医療法人緑泉会,,0749-55-2133,2007-04-01,,,5624240.xlsx
一般診療所,,吉槻診療所,5210304,米原市吉槻656番地,米原市,,0749-59-0419,2022-07-01,,,5624240.xlsx
一般診療所,,ばんば内科・消化器内科,5260037,長浜市高田町11-33,馬場　弘道,,0749-53-3600,2023-04-01,,,5624240.xlsx
一般診療所,,エコチル調査京都ユニットセンター長浜支所 詳細調査会場,5260053,長浜市宮前町4-20 フレンドリーハウス匠長浜805,金谷　久美子,,080-6186-9375 (金谷久美子）,2024-07-06,,,5624240.xlsx
一般診療所,,さわだ眼科,526-0053,長浜市宮前町10-7,澤田　智子,,0749-59-3988,2024-08-01,,,5624240.xlsx
一般診療所,,みよし呼吸器クリニック,526-0025,長浜市分木町2番16号,三由　僚,,0749-53-3077,2024-08-01,,,5624240.xlsx
一般診療所,,北びわこ耳鼻咽喉科クリニック,526-0021,長浜市八幡中山町305-6-101,新井　宏幸,,0749-57-6063,2024-11-01,,,5624240.xlsx
一般診療所,,ながはま在宅クリニック,526-0031,長浜市八幡東町266-1,田辺　浩喜,,0749-57-6781,2025-03-01,,,5624240.xlsx
一般診療所,,ジェイズクリニックイースト,5210013,米原市梅ケ原1412,要石　就斗,,0749‐57‐6321,2025-05-01,,,5624240.xlsx
一般診療所,,神野クリニックfor women's米原,5210062,米原市宇賀野２０７－３,神野　佳樹,,0749-57-6680,2026-05-01,,,5624240.xlsx
一般診療所,,マキノ駅前診療所,520-1813,高島市マキノ町高木浜一丁目22-15,木俣 智,,0740-28-8088,2001-12-04,,,5624240.xlsx
一般診療所,,医療法人中西眼科医院 マキノ診療所,520-1821,高島市マキノ町沢161-97,医療法人 中西眼科医院,,0740-27-2470,2000-01-06,,,5624240.xlsx
一般診療所,,社会福祉法人たかしま会 藤波園医務室,520-1812,高島市マキノ町西浜1415,社会福祉法人たかしま会,,0740-28-8008,2011-03-28,,,5624240.xlsx
一般診療所,,小規模特別養護老人ホームさわの風医務室,520-1821,高島市マキノ町沢1791番地1,社会福祉法人ゆたか会,,0740-27-8020,2011-08-01,,,5624240.xlsx
一般診療所,,あいりんクリニック,520-1622,高島市今津町中沼1丁目5番6号,医療法人あいりんクリニック,,0740-22-1711,2010-04-01,,,5624240.xlsx
一般診療所,,医療法人 前川クリニック,520-1632,高島市今津町桜町1丁目7-3,医療法人 前川クリニック,,0740-22-2881,1993-04-16,,,5624240.xlsx
一般診療所,,医療法人ながおか医院,520-1621,高島市今津町今津1487,医療法人ながおか医院,,0740-22-2030,1994-06-01,,,5624240.xlsx
一般診療所,,医療法人 のぞみ会 藤井医院,520-1605,高島市今津町南新保514-1,医療法人 のぞみ会,,0740-22-5311,2006-04-01,,,5624240.xlsx
一般診療所,,おかだ小児科医院,520-1631,高島市今津町名小路一丁目1-6,岡田 清春,,0740-22-8071,2001-04-20,,,5624240.xlsx
一般診療所,,たるもと整形外科,520-1621,高島市今津町今津452-5,樽本　龍,,0740-22-0022,2011-03-28,,,5624240.xlsx
一般診療所,,陸上自衛隊 今津駐屯地医務室,520-1621,高島市今津町今津平郷,防衛省（防衛大臣）,,0740-22-2581,1956-03-26,,,5624240.xlsx
一般診療所,,特別養護老人ホーム 清風荘診療所,520-1605,高島市今津町南新保87,社会福祉法人ゆたか会,,0740-22-1601,2000-03-01,,,5624240.xlsx
一般診療所,,高島市民病院朽木診療所,520-1401,高島市朽木市場701,高島市,,0740-38-2071,2014-05-01,,,5624240.xlsx
一般診療所,,高島市民病院平良出張診療所,520-1432,高島市朽木平良100-1,高島市,,0740-36-0220 （高島市民病院代表）,2005-01-01,,,5624240.xlsx
一般診療所,,朽木特別養護老人ホームやまゆりの里医務室,520-1401,高島市朽木市場656番地,高島市,,0740-38-8030,2005-01-01,,,5624240.xlsx
一般診療所,,東医院,520-1221,高島市安曇川町青柳915,東　正久,,0740-32-1331,2006-01-01,,,5624240.xlsx
一般診療所,,澤村医院,520-1216,高島市安曇川町中央4丁目1番地3,澤村 松彦,,0740-32-3525,1989-05-06,,,5624240.xlsx
一般診療所,,医療法人土田医院,520-1214,高島市安曇川町末広3丁目22-1,医療法人土田医院,,0740-32-3317,2000-04-01,,,5624240.xlsx
一般診療所,,医療法人氷室内科医院,520-1214,高島市安曇川町末広二丁目12,医療法人 氷室内科医院,,0740-32-2112,2007-04-01,,,5624240.xlsx
一般診療所,,はれやま眼科,520-1214,高島市安曇川町末広3丁目2-2,晴山 正志,,0740-32-8060,1999-04-08,,,5624240.xlsx
一般診療所,,医療法人 林田医院,520-1216,高島市安曇川町中央二丁目2-1,医療法人 林田医院,,0740-32-1600,2007-04-01,,,5624240.xlsx
一般診療所,,特別養護老人ホーム ふじの里医務室,520-1223,高島市安曇川町下小川3220-1,社会福祉法人光養会,,0740-32-4165,1993-04-01,,,5624240.xlsx
一般診療所,,医療法人 湖西クリニック,520-1533,高島市新旭町安井川1218-1,医療法人 湖西クリニック,,0740-25-2539,1994-03-01,,,5624240.xlsx
一般診療所,,澤村クリニック,520-1501,高島市新旭町旭1-7-1,澤村 五茂,,0740-25-5082,1991-06-12,,,5624240.xlsx
一般診療所,,医療法人かおり会 本多医院,520-1501,高島市新旭町旭1069-2,医療法人かおり会,,0740-25-4123,1999-01-01,,,5624240.xlsx
一般診療所,,医療法人かおり会 藁園本多医院,520-1512,高島市新旭町太田888-1,医療法人かおり会,,0740-25-6591,2001-11-01,,,5624240.xlsx
一般診療所,,片岡クリニック,520-1522,高島市新旭町新庄989-4,医療法人 片岡クリニック,,0740-25-6373,2006-03-01,,,5624240.xlsx
一般診療所,,医療法人社団 山内耳鼻いんこう科,520-1532,高島市新旭町熊野本１丁目1-15,医療法人社団山内耳鼻いんこう科,,0740-25-7888,2006-08-01,,,5624240.xlsx
一般診療所,,まつもと整形外科,520-1501,高島市新旭町旭870-20,松本 道明,,0740-25-8201,2006-03-01,,,5624240.xlsx
一般診療所,,ニューサンライズ診療室,520-1511,高島市新旭町藁園2603,社会福祉法人新旭みのり会,,0740-25-8288,2001-04-01,,,5624240.xlsx
一般診療所,,医療法人社団四葉会　まつだ内科歯科クリニック,520-1501,高島市新旭町旭696,医療法人社団四葉会,,0740-25-5050,2011-08-01,,,5624240.xlsx
一般診療所,,やすはら眼科クリニック,520-1532,高島市新旭町熊野本１丁目6-8,安原　徹,,0740-20-2011,2013-04-08,,,5624240.xlsx
一般診療所,,中坊医院,520-1812,高島市マキノ町西浜1157-69,中坊　俊雄,,0740-20-1687,2019-02-01,,,5624240.xlsx
一般診療所,,小泉クリニック,520-1212,高島市安曇川町西万木1264-1,小泉　聡,,0740-32-6101,2019-04-01,,,5624240.xlsx
一般診療所,,みやもと整形外科クリニック,520-1216,高島市安曇川町中央3-2-22,宮本　雅友,,0740-28-7520,2019-05-01,,,5624240.xlsx
一般診療所,,角川クリニック,520-1648,高島市今津町角川1161-4,社会福祉法人大阪自彊館,,0740-24-8001,2019-08-01,,,5624240.xlsx
一般診療所,,桜美林シューレ高島,520-1521,高島市新旭町北畑650,社会福祉法人清水三記念福祉会,,0740-28-7666,2019-09-01,,,5624240.xlsx
一般診療所,,医療法人景湖ピュアクリニック,520-1604,高島市今津町浜分67-128,医療法人景湖,,0740-24-7000,2022-10-01,,,5624240.xlsx
一般診療所,,うえの内科・消化器内視鏡クリニック,520-1532,高島市新旭町熊野本１丁目1-1,上野　哲,,0740-25-0714,2023-04-10,,,5624240.xlsx
一般診療所,,特別養護老人ホーム 藤のれん医務室,520-1223,高島市安曇川町下小川127-1,社会福祉法人光養会,,0740-32-4165,2023-07-01,,,5624240.xlsx
一般診療所,,みやもとこども診療所,520-1214,高島市安曇川町末広１丁目14,宮本　昌子,,0740-33-7320,2024-08-01,,,5624240.xlsx
一般診療所,,高島市民病院針畑診療所,520-1442,高島市朽木生杉588番地,高島市,,0740-36-0220 （高島市民病院代表）,2025-01-01,,,5624240.xlsx
一般診療所,,医療法人近江今津駅前メンタルクリニック,520-1631,高島市今津町名小路二丁目７番２号,中川市三郎,,"090-6236-1131,0740-22-0026",2025-12-01,,,5624240.xlsx
一般診療所,,やまにしクリニック,520-1121,高島市勝野638,山西　博司,,0740-36-0015,2026-02-01,,,5624240.xlsx
一般診療所,,ささきクリニック,520-1233,高島市安曇川町南船木680番地2,佐々木　靖之,,0740-34-0345,2026-04-01,,,5624240.xlsx
歯科診療所,,アキデンタルクリニック,525-0054,草津市東矢倉２丁目３５番２５号,金　朝煥,,569-5055,2004-12-07,,,5624241.xlsx
歯科診療所,,あゆかわ歯科クリニック,525-0021,草津市川原1丁目８番１０号,医療法人清明会,,564-8011,2014-11-01,,,5624241.xlsx
歯科診療所,,有馬歯科クリニック,525-0034,草津市草津１丁目１０－１６,有馬　健雄,,565-1516,1984-04-15,,,5624241.xlsx
歯科診療所,,医療法人社団翔龍会いしい歯科,525-0027,草津市野村一丁目20番28号,医療法人社団翔龍会,,569-0030,2013-10-02,,,5624241.xlsx
歯科診療所,,伊庭歯科医院,525-0067,草津市新浜町430,伊庭　徹也,,563-7919,2003-04-07,,,5624241.xlsx
歯科診療所,,医療法人耕悠会　草津いりえ歯科クリニック,525-0026,草津市渋川一丁目2-26ザ・草津タワー2F,医療法人耕悠会,,569-4880,2015-10-01,,,5624241.xlsx
歯科診療所,,医療法人聖歯会　マリア歯科クリニック,525-0045,草津市若草５丁目８番地２０,医療法人　聖歯会,,567-1150,2013-04-01,,,5624241.xlsx
歯科診療所,,梅影歯科医院,525-0027,草津市野村７丁目１７－２０,梅影　泰光,,564ｰ3388,1994-02-01,,,5624241.xlsx
歯科診療所,,大上歯科医院,525-0033,草津市東草津３丁目５番２７号,大上　啓輔,,563-4678,2016-03-01,,,5624241.xlsx
歯科診療所,,岡崎歯科医院,525-0032,草津市大路２丁目３－６,岡崎　正,,562-1020,開設年月日不明,,,5624241.xlsx
歯科診療所,,医療法人社団武琉会　奥田歯科,525-0032,草津市大路二丁目1番7号　ﾌﾟﾚｻﾝｽﾛｼﾞｪ草津　101号,医療法人社団武琉会,,566-3462,2012-10-01,,,5624241.xlsx
歯科診療所,,香川歯科医院,525-0028,草津市上笠３丁目１８－２１,香川　昭二,,565-7745,2006-12-05,,,5624241.xlsx
歯科診療所,,医療法人きのせ歯科医院,525-0054,草津市東矢倉２丁目８番５号,医療法人きのせ歯科医院,,564-2721,1992-04-01,,,5624241.xlsx
歯科診療所,,久徳歯科,525-0034,草津市草津２丁目４－１７,山本　勲,,567-5566,1993-11-01,,,5624241.xlsx
歯科診療所,,草津駅前デンタルクリニック,525-0032,草津市大路１丁目7-1-111,寺村　俊,,567-0700,2009-09-01,,,5624241.xlsx
歯科診療所,,草津たかはし歯科医院,525-0036,草津市草津町１５２７番地１,高橋　桂二,,564-9180,1990-10-10,,,5624241.xlsx
歯科診療所,,草津中央歯科クリニック,525ｰ0028,草津市上笠２丁目３２番３号,石田　朋敬,,565-8038,2001-08-20,,,5624241.xlsx
歯科診療所,,後藤歯科医院,525-0034,草津市草津１丁目５－２４,後藤　智学,,564-2678,1977-09-01,,,5624241.xlsx
歯科診療所,,こなん歯科クリニック,525-0036,草津市草津町１５１１,下通　裕,,567-8470,2024-04-01,,,5624241.xlsx
歯科診療所,,こばやし歯科,525-0066,草津市矢橋町1518-6,小林　友也,,561-0011,2003-06-06,,,5624241.xlsx
歯科診療所,,こやま歯科医院,525-0048,草津市追分南8丁目3番4号,小山　道男,,564-5877,2002-05-09,,,5624241.xlsx
歯科診療所,,滋賀県歯科医師会口腔衛生センター,525-0072,草津市笠山７丁目４－４３,一般社団法人滋賀県歯科医師会,,564-6692,1980-07-01,,,5624241.xlsx
歯科診療所,,芝田歯科クリニック,525-0066,草津市矢橋町１１６８番地５,芝田　寿,,569-2022,1999-11-01,,,5624241.xlsx
歯科診療所,,しもがさベリー歯科クリニック,525-0029,草津市下笠町７５番７,長谷川　秀夫,,568-3819,2003-12-18,,,5624241.xlsx
歯科診療所,,十禅歯科クリニック,525-0055,草津市野路東五丁目２５－２４,堤　厚人,,563-9908,2006-01-01,,,5624241.xlsx
歯科診療所,,髙田歯科,525-0059,草津市野路１丁目１４－３８サンマール南草津１階,髙田　浩一,,561-4388,1997-06-04,,,5624241.xlsx
歯科診療所,,多喜歯科診療所,525-0048,草津市追分南五丁目10-4,多喜　豊和,,566-4012,2009-04-27,,,5624241.xlsx
歯科診療所,,つかだ歯科医院,525-0032,草津市大路1-12-1星空館４階,束田　寿夫,,567-9682,2003-12-08,,,5624241.xlsx
歯科診療所,,戸﨑歯科,525-0037,草津市西大路町６－９,戸﨑　宏樹,,566-8086,2002-03-01,,,5624241.xlsx
歯科診療所,,医療法人社団ナオデンタルオフィス　竹村歯科,525-0050,草津市南草津２丁目３番地６プリエールソシア１０２号室,医療法人社団ナオデンタルオフィス　竹村歯科,,566-8885,2024-04-01,,,5624241.xlsx
歯科診療所,,にしだ歯科医院,525-0050,草津市南草津二丁目４番５号　102号,西田　和広,,562-8377,2009-11-01,,,5624241.xlsx
歯科診療所,,林歯科医院,525-0032,草津市大路１丁目１５番６号,林　尚志,,562-0365,2025-03-01,,,5624241.xlsx
歯科診療所,,医療法人丸山歯科医院,525-0037,草津市西大路町７番７－４号,医療法人丸山歯科医院,,561-8217,2004-04-01,,,5624241.xlsx
歯科診療所,,南草津歯科,525-0059,草津市野路１丁目１３番３６号,医療法人社団真和会,,569-5505,2002-04-01,,,5624241.xlsx
歯科診療所,,みやけ歯科,525-0053,草津市矢倉1-3-57,三宅　冬比古,,561-6788,2005-05-16,,,5624241.xlsx
歯科診療所,,村井歯科医院,525-0059,草津市野路1-7-21 リベリー南草津,村井　三徳,,561-7337,1997-04-07,,,5624241.xlsx
歯科診療所,,医療法人　むらお矯正歯科クリニック,525-0037,草津市西大路町８－１１,医療法人むらお矯正歯科クリニック,,564-9564,2007-04-01,,,5624241.xlsx
歯科診療所,,草津ほんじょう歯科,525-0067,草津市新浜町300番地イオンモール草津132,医療法人社団碧森会,,518-7800,2012-11-01,,,5624241.xlsx
歯科診療所,,山元歯科医院,525-0051,草津市木川町1118-40,山元　善弘,,564-2894,1976-02-01,,,5624241.xlsx
歯科診療所,,山本歯科クリニック,525-0027,草津市野村8丁目8-14,山本　博一,,576-1836,2008-03-01,,,5624241.xlsx
歯科診療所,,ふせファミリー歯科,525-0006,草津市志那中町８番６,布施　吉彦,,568-2266,2010-05-06,,,5624241.xlsx
歯科診療所,,Ｅデンタルクリニック,525-0023,草津市平井2-8-10　ＴＭ草津ビル1-A,遠藤　哲司,,569-4733,2011-06-01,,,5624241.xlsx
歯科診療所,,純歯科医院,525-0032,草津市大路１丁目１－１エルティ９３２　２Ｆ,山本　純,,598-6491,2011-08-01,,,5624241.xlsx
歯科診療所,,ひとみ小町歯科,525ｰ0028,草津市上笠四丁目３－３０,岡田　ひとみ,,516-4180,2011-09-01,,,5624241.xlsx
歯科診療所,,かず歯科クリニック,525-0025,草津市西渋川１丁目17-20　ﾌｪｰｽﾋﾞﾙ１Ｆ,大野　和夫,,584-4618,2013-04-09,,,5624241.xlsx
歯科診療所,,いしかわ矯正歯科,525-0048,草津市追分南６丁目２０番地９,医療法人寧静会,,561-8055,1990-10-01,,,5624241.xlsx
歯科診療所,,医療法人かがやき歯科クリニック,525-0048,草津市追分南二丁目1番9号,医療法人かがやき歯科クリニック,,509-9313,2016-07-01,,,5624241.xlsx
歯科診療所,,医療法人　あきひこ アキヨシデンタルクリニック,525-0041,草津市青地町６９２番地８,医療法人あきひこ,,569-5695,2018-04-01,,,5624241.xlsx
歯科診療所,,さくら歯科,525-0041,草津市青地町７４３番地　１０１,兼高 伸行,,561-0118,2018-08-08,,,5624241.xlsx
歯科診療所,,南草津だいき歯科･矯正歯科,525-0059,草津市野路町片原６８７番１,医療法人社団ディライトデンタルケア,,569-1182,2019-03-01,,,5624241.xlsx
歯科診療所,,にのみや歯科,525-0021,草津市川原二丁目１６－１,二宮　誠司,,563-5757,2019-04-01,,,5624241.xlsx
歯科診療所,,淡海デンタルクリニック,525-0041,草津市野村2丁目2-1 ソネット草津102,堀　良彦,,,2019-06-01,,,5624241.xlsx
歯科診療所,,ひこ矯正歯科,525-0026,草津市渋川1-4-29 ﾌﾟﾃｨﾌｨｰﾙｺｺ1F,彦根　敦,,567-0770,2020-04-01,,,5624241.xlsx
歯科診療所,,医療法人社団オリハラ歯科クリニック,525-0048,草津市追分南3丁目26番11号,医療法人社団オリハラ歯科クリニック,,599-1145,2020-04-01,,,5624241.xlsx
歯科診療所,,医療法人いしはら歯科クリニック,525-0047,草津市追分１丁目４番25-3号,医療法人いしはら歯科クリニック,,565-2822,2020-05-01,,,5624241.xlsx
歯科診療所,,あまつ歯科医院,525-0048,草津市追分南2丁目1-5-1G,天津　和典,,564-5925,2020-06-01,,,5624241.xlsx
歯科診療所,,みなみ草津ファミリー歯科,525-0055,草津市野路町６９４番地１,医療法人悠翔会,,569-5870,2021-01-01,,,5624241.xlsx
歯科診療所,,堀井歯科医院,525-0063,草津市南山田町７６０－３,堀井　真哉,,562-0725,2021-05-01,,,5624241.xlsx
歯科診療所,,医療法人社団ＨＵＮＤＲＥＤ　やまぐち歯科,525-0050,草津市南草津三丁目５番４,医療法人社団ＨＵＮＤＲＥＤ,,561-4000,2021-11-01,,,5624241.xlsx
歯科診療所,,Sono　Dental　Clinic　おとな&こども歯科,525-0034,草津市草津二丁目15番24号,医療法人ＳＤＣ会,,516-4660,2025-05-01,,,5624241.xlsx
歯科診療所,,南草津こども・おとな歯科,525-0059,草津市野路１丁目１３－５南草津アクシスビル２Ｆ,壺中　隆行,,596-5868,2022-09-10,,,5624241.xlsx
歯科診療所,,南草津ミライエ歯科おとな＆こども矯正,525-0050,草津市南草津２丁目2番1ブランズシティ南草津1F,越沼　静,,077-599-6200,2023-04-06,,,5624241.xlsx
歯科診療所,,草津スマイルアライン歯科・矯正歯科,525-0037,草津市西大路町１番２７号ホテルボストンプラザ草津１階,医療法人新有杏会,,,2024-12-01,,,5624241.xlsx
歯科診療所,,KANAYAMA DENTAL CLINIC,525-0025,草津市西渋川一丁目２１番１４号　エルミナＭＣビル２階,金山　佳弘,,518-8214,2025-04-07,,,5624241.xlsx
歯科診療所,,草津六花矯正歯科・歯科,525-0032,草津市大路1丁目14番1号伽羅ｺｰﾄ草津壱番館地下1階,橋本　秀美,,514-9322,2025-07-01,,,5624241.xlsx
歯科診療所,,プリムタウン大人こども歯科,525-0068,草津市南草津プリムタウン二丁目１４番６,石田　祥之助,,090-2063-2046,2026-01-06,,,5624241.xlsx
歯科診療所,,横山歯科医院,524-0002,守山市小島町９３５番地の１０６,横山　章,,583-8738,1983-10-17,,,5624241.xlsx
歯科診療所,,柴田歯科医院,524-0012,守山市播磨田町1275-1,柴田　稔,,583-8217,1989-09-01,,,5624241.xlsx
歯科診療所,,大橋歯科クリニック,524-0012,守山市播磨田町683-1,大橋　哲,,581-0084,1994-04-25,,,5624241.xlsx
歯科診療所,,うえむら歯科医院,524-0013,守山市下之郷一丁目11番５号,上村　康雄,,582-7434,2002-03-01,,,5624241.xlsx
歯科診療所,,津曲歯科,524-0021,守山市吉身2-6-44,津曲　雅美,,583-3101,1978-07-10,,,5624241.xlsx
歯科診療所,,モリタ歯科医院,524-0021,守山市吉身3丁目1-12-1,森田　潤,,582-1212,2006-10-01,,,5624241.xlsx
歯科診療所,,佐藤歯科医院,524-0022,守山市守山２丁目５番９号,佐藤　誠,,583-2075,1993-07-01,,,5624241.xlsx
歯科診療所,,中西歯科医院,524-0022,守山市守山５丁目１－３８,中西 功,,582-2509,2017-12-01,,,5624241.xlsx
歯科診療所,,くすの木歯科,524-0022,守山市守山５丁目８番１１号２,医療法人社団ゆうき会,,514-3399,2004-06-01,,,5624241.xlsx
歯科診療所,,西川歯科医院,524-0033,守山市浮気町３００－１５ グランドメゾン守山２－１０７号,西川　純平,,583-2348,2024-09-01,,,5624241.xlsx
歯科診療所,,東條歯科医院,524-0036,守山市伊勢町４５１番１３２,東條　博充,,582-7164,1988-12-01,,,5624241.xlsx
歯科診療所,,守山駅前岡村歯科診療所,524-0037,守山市梅田町４番３１号,医療法人金亀会,,583-8008,2003-01-01,,,5624241.xlsx
歯科診療所,,なかの歯科医院,524-0041,守山市勝部３丁目１０－３９ ﾌｧﾐｰﾙ守山１階,中野　勝弘,,514-3323,2001-06-01,,,5624241.xlsx
歯科診療所,,おおたに歯科医院　滋賀ペリオ・インプラント,524-0021,守山市吉身４丁目３－１６－４,大谷　令,,514-4040,2015-03-01,,,5624241.xlsx
歯科診療所,,二町中西歯科医院,524-0043,守山市二町町２１６番地３,佐々木 裕,,582-2509,2017-06-01,,,5624241.xlsx
歯科診療所,,ひがき歯科医院,524-0044,守山市古高町３８０番地,檜垣　学,,583-8188,1995-04-17,,,5624241.xlsx
歯科診療所,,高橋歯科医院,524-0046,守山市今宿1丁目２番１５号,中川　昭子,,582-2053,1994-12-12,,,5624241.xlsx
歯科診療所,,ごとう歯科こど・おとな歯科,524-0102,守山市水保町2221-5,後藤　諦,,585-4332,1983-12-01,,,5624241.xlsx
歯科診療所,,医療法人おくむら歯科,524-0102,守山市水保町１２５５番地８,医療法人おくむら歯科,,585-7575,2024-11-01,,,5624241.xlsx
歯科診療所,,坪田歯科医院,524-0102,守山市水保町1136-31,坪田　博行,,585-7776,2002-10-01,,,5624241.xlsx
歯科診療所,,ハル歯科医院,524-0045,守山市金森町９９２,春日井　仁丸,,514-150６,2011-11-01,,,5624241.xlsx
歯科診療所,,たむら歯科クリニック,524-0037,守山市梅田町10-1-202,田村　浩一,,581-1055,2012-06-01,,,5624241.xlsx
歯科診療所,,医療法人せの歯科医院,524-0012,守山市播磨田町３９１番地２,医療法人せの歯科医院,,581-3707,2013-03-04,,,5624241.xlsx
歯科診療所,,医療法人社団すもと岡本歯科,524-0103,守山市洲本町１２５７番地,医療法人社団すもと岡本歯科,,584-3611,2017-10-01,,,5624241.xlsx
歯科診療所,,明愛デンタルクリニック,524-0033,守山市播磨田町１３１０－８,大森  浩之,,581-2353,2019-01-01,,,5624241.xlsx
歯科診療所,,いろどりファミリー歯科,524-0013,守山市下之郷2丁目1番2号,寺西  武史,,516-7716,2019-02-01,,,5624241.xlsx
歯科診療所,,ほんじょう歯科PIERI MORIYAMA CLINIC,524-0101,守山市今浜町2620-5ピエリ守山2F,本城　かづは,,584-4182,2019-06-03,,,5624241.xlsx
歯科診療所,,医療法人おおた歯科こども歯科,524-0044,守山市古高町81番地5,医療法人おおた歯科こども歯科,,596-5630,2020-04-01,,,5624241.xlsx
歯科診療所,,医療法人在伊鈦会アロハ歯科,524-0041,守山市勝部４丁目１０８８番１０１号,医療法人在伊鈦会,,598-6480,2020-11-01,,,5624241.xlsx
歯科診療所,,守山おとなこども歯科,524-0013,守山市下之郷１丁目８番８号,隠岐　知達,,581-1182,2021-03-29,,,5624241.xlsx
歯科診療所,,医療法人永生会　守山駅前歯科,524-0033,守山市浮気町３４６番地２０,医療法人永生会,,581-1818,2021-09-01,,,5624241.xlsx
歯科診療所,,医療法人いろは会いろは歯科・矯正歯科,524-0052,守山市大門町１１１番地１,医療法人いろは会,,598-1684,2025-12-01,,,5624241.xlsx
歯科診療所,,まおか矯正歯科,524-0041,守山市勝部３丁目10-8-101,眞岡　謙介,,583-1187,2023-04-25,,,5624241.xlsx
歯科診療所,,あさい歯科,524-0102,守山市水保町1214-3,朝井　啓太,,598-5554,2023-05-02,,,5624241.xlsx
歯科診療所,,中西訪問歯科,524-0021,守山市吉身三丁目４－２２ プチフルール千１０８号室,門田　紀,,090-3650-7056,2024-02-26,,,5624241.xlsx
歯科診療所,,ふたば歯科医院,524-0045,守山市金森町３０９－１,竜　章浩,,,2024-12-01,,,5624241.xlsx
歯科診療所,,もりきた歯科・矯正歯科,524-0016,守山市荒見町245-3,岩間　大介,,585-1100,2025-03-10,,,5624241.xlsx
歯科診療所,,中川歯科医院,520-3014,栗東市川辺５３－１,中川　功,,554-3151,1997-08-01,,,5624241.xlsx
歯科診療所,,医療法人　高森歯科,520-3015,栗東市安養寺１丁目１２番３０号,医療法人　高森歯科,,554-0933,2015-01-01,,,5624241.xlsx
歯科診療所,,田園歯科医院,520-3021,栗東市蜂屋966-4,林　幹典,,552-9360,1991-07-01,,,5624241.xlsx
歯科診療所,,医療法人緑和会草津グリーン歯科,520-3024,栗東市小柿５丁目１０番１１－２－１号２階,医療法人緑和会,,554-2283,1995-08-07,,,5624241.xlsx
歯科診療所,,おざき歯科医院,520-3024,栗東市小柿１０丁目５番５号,尾崎　健太郎,,551-5513,2002-12-04,,,5624241.xlsx
歯科診療所,,堀歯科医院,520-3025,栗東市中沢２丁目１０－３４,堀　紀彦,,552-3694,1977-09-01,,,5624241.xlsx
歯科診療所,,みきや歯科,520-3026,栗東市下釣６７６－５　１Ｆ,星合　幹也,,551-4388,2003-04-01,,,5624241.xlsx
歯科診療所,,医療法人矯英会ウイング栗東矯正歯科クリニック,520-3031,栗東市綣３丁目２番１５リーデンススクエア101,医療法人矯英会,,554-5565,2008-11-05,,,5624241.xlsx
歯科診療所,,クボタ歯科医院,520-3031,栗東市綣３丁目９番１８号グレーシィ栗東オーブ1F,窪田　吉雄,,554-1701,1995-06-15,,,5624241.xlsx
歯科診療所,,医療法人緑和会栗東グリーン歯科,520-3031,栗東市綣４丁目１２番１６号アクア・リンピア2階,医療法人緑和会,,551-0880,1995-01-01,,,5624241.xlsx
歯科診療所,,矢澤歯科医院,520-3031,栗東市綣２丁目２番３４号,矢澤　紀和,,554-4754,1999-05-09,,,5624241.xlsx
歯科診療所,,畠山歯科医院,520-3033,栗東市笠川61-1,畠山　博文,,552-5353,1989-05-18,,,5624241.xlsx
歯科診療所,,大槻歯科医院,520-3035,栗東市霊仙寺１丁目１番５２号,大槻　芳夫,,553-0809,1992-11-14,,,5624241.xlsx
歯科診療所,,田中歯科医院,520-3042,栗東市辻658,田中　重文,,552-8415,2000-01-01,,,5624241.xlsx
歯科診療所,,岩田歯科医院,520-3047,栗東市手原５丁目７－１０,岩田　盛満,,552-7060,1994-11-18,,,5624241.xlsx
歯科診療所,,おおはしファミリー歯科,520-3034,栗東市小平井一丁目16-14,大橋　清誠,,090-2288-8190,2014-02-07,,,5624241.xlsx
歯科診療所,,医療法人社団まごころ会　うかい歯科,520-3047,栗東市手原２丁目２番８号,医療法人社団まごころ会,,598-0412,2021-10-01,,,5624241.xlsx
歯科診療所,,芦田歯科医院,520-3005,栗東市御園1825,芦田　克仁,,558-1615,2016-11-07,,,5624241.xlsx
歯科診療所,,にほ歯科医院,520-3013,栗東市目川１４９１,梏原　秀幸,,551-2303,2017-03-08,,,5624241.xlsx
歯科診療所,,浅田歯科医院,520-3013,栗東市目川１０５７番,園山　亘,,553-6082,2018-05-01,,,5624241.xlsx
歯科診療所,,栗東駅前歯科,520-3031,栗東市綣２丁目５番１２号,医療法人 永生会,,554-8148,2018-09-01,,,5624241.xlsx
歯科診療所,,栗東歯科クリニック,520-3042,栗東市辻４５７番地,医療法人徳報会,,554-1118,2020-10-01,,,5624241.xlsx
歯科診療所,,栗東山田歯科,520-3015,栗東市安養寺１丁目３番２２号,山田　隆平,,552-1756,2022-06-01,,,5624241.xlsx
歯科診療所,,医療法人社団いちい歯科・こども矯正歯科,520-2351,野洲市冨波甲１１５８番地の５,医療法人社団いちい歯科・こども矯正歯科,,587-3611,1993-06-01,,,5624241.xlsx
歯科診療所,,上田歯科クリニック,520-2331,野洲市小篠原1264,上田　周,,588-2442,2004-04-01,,,5624241.xlsx
歯科診療所,,宇田歯科医院,520-2362,野洲市市三宅２４４９番地,宇田　正人,,586-5229,1994-10-03,,,5624241.xlsx
歯科診療所,,岡本歯科医院,520-2331,野洲市小篠原1099-2レジデンス野崎,岡本　武司,,586-7788,1997-06-04,,,5624241.xlsx
歯科診療所,,桂歯科医院,520-2341,野洲市行畑１丁目１１番３号,桂　基博,,587ｰ0367,2004-10-01,,,5624241.xlsx
歯科診療所,,かねだ歯科矯正歯科,520-2331,野洲市小篠原１９７７番５ アスフォート野洲,金田　成煥,,586-1234,1984-10-05,,,5624241.xlsx
歯科診療所,,きた歯科医院,520-2331,野洲市小篠原２２１５,喜多　誠一,,588-5885,2000-06-01,,,5624241.xlsx
歯科診療所,,坂本歯科医院,520-2341,野洲市行畑７９０番地,医療法人NEXUS,,588-0507,2022-05-01,,,5624241.xlsx
歯科診療所,,はしもとファミリー歯科,520-2423,野洲市西河原２丁目２３７７番地２,橋本　健,,589-5880,2008-09-30,,,5624241.xlsx
歯科診療所,,はしもと歯科医院,520-2333,野洲市栄３４番１５－１０２,橋本　昌治,,586-4563,1992-12-07,,,5624241.xlsx
歯科診療所,,樋上歯科医院,520-2361,野洲市北野１丁目１３番９号,樋上　一郎,,586-0555,1985-08-20,,,5624241.xlsx
歯科診療所,,ふるや歯科医院,520-2352,野洲市富波乙８１２－１太陽ハイツ冨波1F,古屋　洋二郎,,586-6778,1999-12-14,,,5624241.xlsx
歯科診療所,,諸頭歯科医院,520-2423,野洲市西河原５８－１,諸頭　智彦,,589-2141,1997-09-04,,,5624241.xlsx
歯科診療所,,医療法人緑和会野洲グリーン歯科,520-2333,野洲市栄６番２号ポレールさかえ２階,医療法人緑和会,,518-0420,2001-04-01,,,5624241.xlsx
歯科診療所,,きたはら歯科医院,520-2301,野洲市小南１２４０番２,北原　進,,596-3249,2014-12-08,,,5624241.xlsx
歯科診療所,,医療法人社団小林歯科医院,520-2331,野洲市小篠原1147-8,医療法人社団小林歯科医院,,587-3001,2019-08-01,,,5624241.xlsx
歯科診療所,,みらいデンタルクリニック,520-2302,野洲市高木１９４番地２,北野　直樹,,588-1001,2020-06-01,,,5624241.xlsx
歯科診療所,,医療法人トリプルウイン野洲U歯科・矯正歯科,520-2353,野洲市久野部１９４番地１,医療法人トリプルウイン,,586-6480,2023-04-01,,,5624241.xlsx
歯科診療所,,芦田歯科医院,520-3221,湖南市三雲４４５,芦田　健史,,0748-72-0020,1937-03-01,,,5624241.xlsx
歯科診療所,,アップルデンタルクリニック,528-0056,甲賀市水口町泉１４０５　ベイシア甲賀店内,薩摩　篤,,0748-69-7441,2009-09-01,,,5624241.xlsx
歯科診療所,,いまむら歯科,520-3322,甲賀市甲南町深川１４３０－５,今村　智宏,,0748-86-6386,2023-07-21,,,5624241.xlsx
歯科診療所,,飯田歯科医院,529-1851,甲賀市信楽町長野４５４番地６,飯田　修一,,0748-82-8148,1999-10-23,,,5624241.xlsx
歯科診療所,,いずみ歯科医院,528-0056,甲賀市水口町北泉１－４９,山田　二郎,,0748-65-3363,2001-07-01,,,5624241.xlsx
歯科診療所,,いしだ歯科,520-3107,湖南市石部東２丁目５－５８,石田　真康,,0748-77-8018,2019-12-03,,,5624241.xlsx
歯科診療所,,医療法人愛全会　いしべ愛歯科,520-3106,湖南市石部中央４丁目６番４１号,医療法人愛全会,,0748-77-6886,1998-09-01,,,5624241.xlsx
歯科診療所,,えくぼ歯科,520-3421,甲賀市甲賀町上野1202,久保　一登,,0748-88-6480,2016-10-01,,,5624241.xlsx
歯科診療所,,医療法人清風会　小野歯科医院,520-3242,湖南市菩提寺１５８３ー５１,医療法人清風会,,0748-74-3718,2002-05-01,,,5624241.xlsx
歯科診療所,,大矢歯科医院,529-1851,甲賀市信楽町長野１２２１ー６,大矢　克英,,0748-82-0713,1986-07-01,,,5624241.xlsx
歯科診療所,,大野歯科,528-0235,甲賀市土山町大野２４８８ー１,猪井　能久,,0748-67-1330,1991-10-01,,,5624241.xlsx
歯科診療所,,甲賀ラブしがデンタルクリニック歯科・矯正歯科,588-0011,甲賀市水口町高塚1番36-1号,西川　真登,,0748-76-3376,2022-07-01,,,5624241.xlsx
歯科診療所,,木村歯科医院,520-3308,甲賀市甲南町野田４７５,木村　清貴,,0748-86-6755,2025-10-01,,,5624241.xlsx
歯科診療所,,木村歯科クリニック,528-0028,甲賀市水口町城東４ー８,木村　和弥,,0748-63-0118,1987-08-10,,,5624241.xlsx
歯科診療所,,桑名歯科クリニック,528-0232,甲賀市土山町前野鐘鋳野１３８番地１７,桑名　直樹,,0748-67-1135,1986-12-22,,,5624241.xlsx
歯科診療所,,KENGO DENTAL CLINIC,528-0041,甲賀市水口町虫生野1015-7,木村　健吾,,0748-62-2222,2016-10-31,,,5624241.xlsx
歯科診療所,,甲西中央歯科,520-3234,湖南市中央５ー６６ー２　　奴ビル２Ｆ,城後　康秀,,0748-72-8875,1996-10-01,,,5624241.xlsx
歯科診療所,,甲西歯科医院,520-3254,湖南市岩根中央一丁目２６番地,木下　禎樹,,0748-72-8610,2024-10-01,,,5624241.xlsx
歯科診療所,,医療法人創成会　滋賀　湖南トラスト歯科・矯正歯科,520-3248,湖南市菩提寺西三丁目１１番２９号,医療法人創成会,,0748-74-1584,2012-04-01,,,5624241.xlsx
歯科診療所,,医療法人　坂本歯科,520-3214,湖南市梅影町３ー１６,医療法人 坂本歯科,,0748-75-2888,1990-10-01,,,5624241.xlsx
歯科診療所,,眞岡歯科医院,520-3301,甲賀市甲南町寺庄１０８１,医療法人眞岡歯科医院,,0748-86-2010,2023-11-01,,,5624241.xlsx
歯科診療所,,さくら歯科,528-0037,甲賀市水口町本綾野５５６－１ 平和堂アルプラザ水口店２階,濱田　英輝,,0748-65-4617,2000-12-04,,,5624241.xlsx
歯科診療所,,医療法人　湖蒼会 さねふじ水口歯科診療所,528-0029,甲賀市水口町南林口７－１,医療法人湖蒼会さねふじ水口歯科診療所,,0748-63-7676,2003-06-01,,,5624241.xlsx
歯科診療所,,佐藤歯科医院,520-3107,湖南市石部東１丁目３番６ー１０１号,佐藤　博志,,0748-77-4839,1998-03-01,,,5624241.xlsx
歯科診療所,,粲歯科,520-3426,甲賀市甲賀町田堵野９３２－３,眞岡　知史,,0748-88-8033,2016-07-07,,,5624241.xlsx
歯科診療所,,Ｓｉｋｉデンタルクリニック,520-3252,湖南市岩根4580　イオンタウン湖南内,中村　式音,,0748-76-1182,2018-12-01,,,5624241.xlsx
歯科診療所,,医療法人　貴志会　スマイル歯科,520-3107,湖南市石部東三丁目８番８号,医療法人　貴志会,,0748-77-2555,2019-11-01,,,5624241.xlsx
歯科診療所,,竹村歯科医院,520-3301,甲賀市甲南町寺庄９５２,竹村　有史,,0748-86-2145,2015-04-01,,,5624241.xlsx
歯科診療所,,第２馬場歯科医院,528-0042,甲賀市水口町虫生野中央１１５,馬場　尚,,0748-62-4864,1987-12-01,,,5624241.xlsx
歯科診療所,,谷歯科医院,528-0073,甲賀市水口町古城が丘６１０－２６９,谷　仁史,,0748-63-3377,1999-12-03,,,5624241.xlsx
歯科診療所,,冨田歯科医院,520-3313,甲賀市甲南町新治１４８０－２,冨田　耕治,,0748-86-1533,2005-11-01,,,5624241.xlsx
歯科診療所,,富山歯科医院,528-0036,甲賀市水口町東名坂７８,冨山　佳寿人,,0748-63-5300,1992-10-01,,,5624241.xlsx
歯科診療所,,夏見歯科医院,520-3223,湖南市夏見１１７１－４,中森　由美,,0748-72-8846,2003-04-18,,,5624241.xlsx
歯科診療所,,中森デンタルオフィス,520-3234,湖南市中央１丁目２４ー１,中森　啓介,,0748-72-4618,1991-07-26,,,5624241.xlsx
歯科診療所,,内貴歯科医院,520-3106,湖南市石部中央３丁目１番４５号,内貴　清,,0748-77-2350,1968-02-20,,,5624241.xlsx
歯科診療所,,西田歯科医院,520-3431,甲賀市甲賀町大原中１０７２ー９,西田　武仁,,0748-88-4334,2011-09-06,,,5624241.xlsx
歯科診療所,,ニシカワ歯科,520-3435,甲賀市甲賀町相模２２５ー１　ヴィラ甲賀１０１号,西川　徹,,0748-88-5255,1992-08-01,,,5624241.xlsx
歯科診療所,,医療法人　泰心会　西田歯科クリニック,528-0064,甲賀市水口町伴中山２５４５番,医療法人　泰心会,,0748-62-2022,2019-11-01,,,5624241.xlsx
歯科診療所,,医療法人社団　馬場歯科医院,528-0049,甲賀市水口町貴生川５６１ー１,医療法人社団　馬場歯科医院,,0748-62-2307,1956-09-03,,,5624241.xlsx
歯科診療所,,ひまわり歯科クリニック,528-0211,甲賀市土山町北土山１４９１ー２,中林　雅子,,0748-66-1822,1998-04-01,,,5624241.xlsx
歯科診療所,,フレンド歯科,520-3248,湖南市菩提寺西一丁目２－３,川井　彰玲,,0748-74-1130,2015-04-08,,,5624241.xlsx
歯科診療所,,菩提寺歯科診療所,520-3242,湖南市菩提寺１００９ー４,林　　明輝,,0748-74-2572,1995-04-01,,,5624241.xlsx
歯科診療所,,堀歯科医院,528-0031,甲賀市水口町本町１丁目４ー３４,塩見　仁志,,0748-62-0155,2007-05-01,,,5624241.xlsx
歯科診療所,,MATSUDA DENTAL OFFICE,528-0005,甲賀市水口町水口５９９６ー１,松田　裕也,,0748-63-0632,2023-03-16,,,5624241.xlsx
歯科診療所,,樹歯科医院,528-0041,甲賀市水口町虫生野１１６７－１,北條　更,,0748-63-8281,2000-12-01,,,5624241.xlsx
歯科診療所,,みね歯科・矯正歯科,528-0020,甲賀市水口町的場９７,峰　香代子,,0748-63-2242,2007-02-21,,,5624241.xlsx
歯科診療所,,みねの歯科医院,520-3108,湖南市石部南７丁目１番７号,峯野　雅晴,,0748-77-4722,1991-04-01,,,5624241.xlsx
歯科診療所,,室谷歯科医院,520-3252,湖南市岩根３６３-１５,室谷　篤男,,0748-75-3688,1988-04-18,,,5624241.xlsx
歯科診療所,,村木歯科医院,529-1851,甲賀市信楽町長野６３２,村木　智則,,0748-82-2755,2023-07-01,,,5624241.xlsx
歯科診療所,,もとき歯科クリニック,520-3333,甲賀市甲南町希望ヶ丘３丁目２７-９,中永　大喜,,0748-86-2190,1998-02-01,,,5624241.xlsx
歯科診療所,,もんや歯科クリニック,528-0036,甲賀市水口町東名坂２７６,門矢　芳則,,0748-65-3006,1999-12-08,,,5624241.xlsx
歯科診療所,,安井歯科医院,520-3414,甲賀市甲賀町大久保１４５,安井　滋一,,0748-88-5522,1980-01-07,,,5624241.xlsx
歯科診療所,,安井歯科医院　水口診療所,528-0057,甲賀市水口町北脇４３０,安井　星光,,0748-62-7650,平成7年以前,,,5624241.xlsx
歯科診療所,,あかい歯科医院,523-0043,近江八幡市池田本町１１０１－８,赤井紀之,,0748-32-2223,2011-08-01,,,5624241.xlsx
歯科診療所,,あさひ歯科クリニック,523-0891,近江八幡市鷹飼町南３丁目５－８　OHプラザ1階,内濱啓次,,0748-37-5554,1999-05-01,,,5624241.xlsx
歯科診療所,,安土デンタルクリニック,521-1341,近江八幡市安土町上豊浦１３６７,久保活身,,0748-46-4797,1996-08-01,,,5624241.xlsx
歯科診療所,,磯部歯科医院,523-0891,近江八幡市鷹飼町７１１－１,磯部祥久,,0748-37-7272,1992-08-01,,,5624241.xlsx
歯科診療所,,医療法人伊東歯科クリニック,523-0896,近江八幡市鷹飼町北３丁目７－６,医療法人伊東歯科クリニック,,0748-34-6091,1996-11-26,,,5624241.xlsx
歯科診療所,,氏家歯科医院,523-0893,近江八幡市桜宮町２１０－１４,氏家達也,,0748-36-8738,1993-11-15,,,5624241.xlsx
歯科診療所,,江田歯科医院,523-0041,近江八幡市中小森町江元１３９４－１,江田　慶太郎,,0748-31-4618,2018-09-01,,,5624241.xlsx
歯科診療所,,おおまえ矯正歯科,523-0892,近江八幡市出町９１７－２,大前博昭,,0748-32-0233,2002-07-15,,,5624241.xlsx
歯科診療所,,岡田歯科医院矯正歯科,529-0058,近江八幡市加茂町３６２４－２,岡田勝美,,0748-32-2102,1992-01-10,,,5624241.xlsx
歯科診療所,,北村歯科医院,523-0862,近江八幡市仲屋町中１９,北村公史郎,,0748-32-2513,1985-04-01,,,5624241.xlsx
歯科診療所,,クラウド歯科・矯正歯科,523-0894,近江八幡市中村町２１－１２,医療法人　CLOUD,,0748-33-1100,2020-10-01,,,5624241.xlsx
歯科診療所,,くらがき歯科医院,523-0031,近江八幡市堀上町３４５－１５,倉垣武彦,,0748-31-3538,2004-07-01,,,5624241.xlsx
歯科診療所,,コーラル歯科クリニック,523-0816,近江八幡市西庄町2018-2,能勢　浩彰,,0748‐36‐1121,2021-09-02,,,5624241.xlsx
歯科診療所,,さかた歯科クリニック,523-0015,近江八幡市上田町1348-1,坂田　健介,,0748-34-0170,2024-12-03,,,5624241.xlsx
歯科診療所,,サンロード黒岩歯科,523-0891,近江八幡市鷹飼町１５２１番地,医療法人サンロード黒岩歯科,,0748-31-2711,2018-10-01,,,5624241.xlsx
歯科診療所,,医療法人宿院歯科医院,521-1311,近江八幡市安土町下豊浦９２２１－２,医療法人宿院歯科医院,,0748-46-5682,2001-11-01,,,5624241.xlsx
歯科診療所,,せんだ歯科クリ二ック,521-1311,近江八幡市安土町下豊浦２８３３－１,医療法人千慶会,,0748-46-2701,2016-10-01,,,5624241.xlsx
歯科診療所,,髙田歯科医院,523-0061,近江八幡市江頭町４２１,髙田真帆,,0748-32-8846,2026-02-05,,,5624241.xlsx
歯科診療所,,出町歯科クリニック,523-0892,近江八幡市出町６７６－１,加古宗慶,,0748-36-6223,2009-12-02,,,5624241.xlsx
歯科診療所,,寺尾歯科医院,523-0062,近江八幡市丸の内町４－４８,寺尾寿高,,0748-32-2868,2003-06-02,,,5624241.xlsx
歯科診療所,,富永歯科医院,523-0016,近江八幡市千僧供町５９１－１,富永章一,,0748-37-7002,1989-12-01,,,5624241.xlsx
歯科診療所,,医療法人中村歯科医院,523-0056,近江八幡市古川町１１７３－５０,医療法人中村歯科医院,,0748-33-9176,1995-11-01,,,5624241.xlsx
歯科診療所,,医療法人社団オウル　はちまん駅前歯科,523-0891,近江八幡市鷹飼町５７７,医療法人社団オウル,,0748-31-3677,2023-04-01,,,5624241.xlsx
歯科診療所,,藤関歯科医院,521-1341,近江八幡市安土町上豊浦１２１３－１,藤関源平,,0748-46-4567,2012-03-01,,,5624241.xlsx
歯科診療所,,フジ歯科クリニック,523-0032,近江八幡市白鳥町８,藤關陽平,,0748-33-2824,2011-06-02,,,5624241.xlsx
歯科診療所,,（医法）湖翔会ふるかわ歯科クリニック,523-0898,近江八幡市鷹飼町南一丁目４－７,（医法）湖翔会ふるかわ歯科クリニック,,0748-37-8822,2012-10-01,,,5624241.xlsx
歯科診療所,,マナベ歯科医院,521-1334,近江八幡市安土町西老蘇５８－１６,真部滋記,,0748-46-6480,1993-08-17,,,5624241.xlsx
歯科診療所,,医療法人社団旭ヶ丘歯科クリニック,521-1213,東近江市神郷町９３９－３９,医療法人社団旭ヶ丘歯科クリニック,,0748-42-1117,1994-09-01,,,5624241.xlsx
歯科診療所,,阿部D歯科医院,521-1212,東近江市種町１７１０－４,阿部　直樹,,0748-36-3022,2017-07-06,,,5624241.xlsx
歯科診療所,,井田歯科診療所,527-0028,東近江市八日市金屋一丁目３－１１,井田勝康,,0748-23-4588,2009-05-11,,,5624241.xlsx
歯科診療所,,井田歯科本院,527-0029,東近江市八日市町１０－２１,井田孝夫,,0748-23-0157,2009-12-01,,,5624241.xlsx
歯科診療所,,井田歯科医院,527-0045,東近江市中小路町４８２－６,井田勝康,,0748-22-5610,2009-05-11,,,5624241.xlsx
歯科診療所,,井田歯科東診療所,527-0025,東近江市八日市東本町９－２,槙野英美子,,0748-23-5222,2016-06-01,,,5624241.xlsx
歯科診療所,,いだはいしゃ,527-0011,東近江市八日市浜野町５０３,井田直子,,0748-22-3636,1994-10-03,,,5624241.xlsx
歯科診療所,,市田歯科医院,529-1444,東近江市五個荘石塚町１６－１,市田一弘,,0748-48-6480,1994-01-10,,,5624241.xlsx
歯科診療所,,伊藤歯科医院,521-1231,東近江市能登川町５１－１,伊藤文昭,,0748-42-5858,1997-05-06,,,5624241.xlsx
歯科診療所,,おおにし歯科クリニック,527-0013,東近江市東中野町１０－１４,大西啓之,,0748-22-5665,2003-12-15,,,5624241.xlsx
歯科診療所,,岡田歯科医院,529-1531,東近江市市子川原町９９８,岡田宗一郎,,0748-55-2228,1996-01-05,,,5624241.xlsx
歯科診療所,,小川歯科医院,521-1221,東近江市垣見町７１９,小川勝弘,,0748-42-2130,2007-01-01,,,5624241.xlsx
歯科診療所,,おがわ東歯科,521-1222,東近江市佐野町４０３－７,小川益弘,,0748-42-8191,2007-01-05,,,5624241.xlsx
歯科診療所,,織田歯科医院,527-0231,東近江市山上町３６９６,織田幸裕,,0748-27-0029,2003-08-23,,,5624241.xlsx
歯科診療所,,医療法人有知会　加藤歯科医院,529-1421,東近江市五個荘竜田町３３０,医療法人有知会,,0748-48-2625,2019-11-06,,,5624241.xlsx
歯科診療所,,加藤歯科医院,527-0135,東近江市横溝町８７４－３,小嶋容子,,0749-45-0115,2004-05-01,,,5624241.xlsx
歯科診療所,,医療法人社団川副歯科医院,527-0162,東近江市妹町５０３,医療法人社団川副歯科医院,,0749-46-0461,1993-03-01,,,5624241.xlsx
歯科診療所,,川南歯科医院,521-1203,東近江市川南町１０９０,川南雄作,,0748-42-041９,2017-02-02,,,5624241.xlsx
歯科診療所,,きむら歯科醫院,527-0029,東近江市八日市東浜町２－２８,医療法人KDT,,0748-22-0234,2018-01-01,,,5624241.xlsx
歯科診療所,,クオレ歯科クリニック,521-1222,東近江市佐野町６００－３,医療法人LINK,,0748-42-3386,2021-04-01,,,5624241.xlsx
歯科診療所,,久保デンタルクリニック,520-0051,東近江市林田町１２９２,久保貴幹,,0748-34-1717,2025-01-01,,,5624241.xlsx
歯科診療所,,桜川歯科医院,529-1572,東近江市桜川西町１２９－４,吉村圭浩,,0748-55-4861,2000-04-07,,,5624241.xlsx
歯科診療所,,佐々木歯科医院,521-1222,東近江市佐野町４８４－６１,佐々木真啓,,0748-42-6874,2003-06-03,,,5624241.xlsx
歯科診療所,,住井歯科医院,527-0033,東近江市東沖野三丁目１－２５,住井正勝,,0748-22-1290,1984-02-01,,,5624241.xlsx
歯科診療所,,医療法人健歯会住井第二歯科医院,527-0017,東近江市昭和町１－１８,医療法人健歯会,,0748-22-4567,1992-01-01,,,5624241.xlsx
歯科診療所,,東近江だいき歯科・矯正歯科,527-0033,東近江市東沖野４丁目２－５,医療法人社団　ディライトデンタルケア,,0748-20-1182,2017-05-01,,,5624241.xlsx
歯科診療所,,つうざき歯科,527-0031,東近江市幸町１－６８,通崎　嘉彦,,0748-43-1764,2021-03-05,,,5624241.xlsx
歯科診療所,,医療法人にとべ歯科クリニック,521-1221,東近江市垣見町１５９６,医療法人にとべ歯科クリニック,,0748-42-9536,2020-04-01,,,5624241.xlsx
歯科診療所,,にしざわ歯科医院,527-0032,東近江市春日町２－２６,西澤孝浩,,0748-25-2438,1991-05-07,,,5624241.xlsx
歯科診療所,,のとがわ中央歯科,521-1224,東近江市林町679,川南壮平,,0748-42-2105,2015-06-01,,,5624241.xlsx
歯科診療所,,はしもと歯科医院,521-1225,東近江市山路町５９１－４,橋本亨,,0748-42-6171,1991-10-01,,,5624241.xlsx
歯科診療所,,医療法人郁明会　東近江歯科,527-0015,東近江市中野町９９２－１,医療法人郁明会,,0748-20-0886,2026-07-01,,,5624241.xlsx
歯科診療所,,ひめの歯科クリニック,527-0002,東近江市建部上中町606番地,姫野　慎市,,0748-36-2518,2018-04-06,,,5624241.xlsx
歯科診療所,,Be smile歯科・矯正歯科,527-0011,東近江市八日市浜野町２－２２,井田　旭弘,,0748-34-1080,2024-09-09,,,5624241.xlsx
歯科診療所,,藤居歯科医院,521-1224,東近江市林町９－２,藤居　剛志,,0748-42-0240,2020-02-01,,,5624241.xlsx
歯科診療所,,松吉緑町歯科,527-0023,東近江市八日市緑町１－３,松吉正登,,0748-23-5374,2000-06-01,,,5624241.xlsx
歯科診療所,,みなみ歯科,527-0028,東近江市八日市金屋二丁目６－３,南貴洋,,0748-22-0225,2000-04-01,,,5624241.xlsx
歯科診療所,,宮澤歯科医院,529-1422,東近江市五個荘小幡町６６４,宮澤英二,,0748-48-5145,1989-04-14,,,5624241.xlsx
歯科診療所,,村上歯科医院,527-0011,東近江市八日市浜野町４－１,村上隆弘,,0748-22-0355,2005-06-27,,,5624241.xlsx
歯科診療所,,村山歯科医院,527-0104,東近江市読合堂町５９６,村山匡史,,0749-45-3123,1982-04-03,,,5624241.xlsx
歯科診療所,,村上歯科クリニック,527-0021,東近江市八日市東浜町２－２２,村上　拓也,,0748-43-2330,2016-05-09,,,5624241.xlsx
歯科診療所,,やまだ歯科,529-1441,東近江市五個荘川並町５３－５,山田康博,,0748-48-5757,1989-03-03,,,5624241.xlsx
歯科診療所,,竜歯科医院,529-1537,東近江市市子殿町１３３８,医療法人社団竜歯科医院,,0748-55-4100,1994-02-01,,,5624241.xlsx
歯科診療所,,医療法人K・D・T　ノエル歯科,527-0056,東近江市御園町513,医療法人K・D・T,,0748-40-0706,2025-07-31,,,5624241.xlsx
歯科診療所,,門坂歯科医院,529-1603,蒲生郡日野町大窪２０３,門坂和昭,,0748-53-0118,1989-11-01,,,5624241.xlsx
歯科診療所,,神山歯科医院,529-1644,蒲生郡日野町内池３４９－５,神山典明,,0748-53-0546,1994-04-02,,,5624241.xlsx
歯科診療所,,住井歯科・矯正歯科,529-1602,蒲生郡日野町河原１丁目７番地,医療法人ノブレス・オブリージュ,,0748-52-3434,2020-10-01,,,5624241.xlsx
歯科診療所,,なかがわ歯科,529-1601,蒲生郡日野町松尾９４３－２,中川義一,,0748-26-2668,2011-05-24,,,5624241.xlsx
歯科診療所,,堀歯科医院,529-1601,蒲生郡日野町松尾２－２５,医療法人堀歯科医院,,0748-53-3520,2023-10-01,,,5624241.xlsx
歯科診療所,,もうり歯科,529-1641,蒲生郡日野町日田１０５－１　アイエスプラザ１階,毛利典子,,0748-53-2048,2003-09-01,,,5624241.xlsx
歯科診療所,,輪田歯科医院,529-1601,蒲生郡日野町松尾１４８１,輪田茂樹,,0748-53-0610,1984-06-01,,,5624241.xlsx
歯科診療所,,金谷歯科医院,520-2531,蒲生郡竜王町山之上４５９９,金谷恵大朗,,0748-57-8287,2005-05-27,,,5624241.xlsx
歯科診療所,,加納歯科医院,520-2564,蒲生郡竜王町山面３５－１５８,加納彰,,0748-58-2567,1991-04-01,,,5624241.xlsx
歯科診療所,,医療法人孔永会コウ歯科クリニック,520-2552,蒲生郡竜王町小口１６５８－１,医療法人孔永会,,0748-26-5588,2020-11-01,,,5624241.xlsx
歯科診療所,,平田歯科医院,520-2531,蒲生郡竜王町山之上３４５６,平田功,,0748-57-0600,2005-05-06,,,5624241.xlsx
歯科診療所,,竜王町国民健康保険診療所（歯科）,520-2524,蒲生郡竜王町綾戸２３９－１,竜王町,,0748-57-1133,1977-04-01,,,5624241.xlsx
歯科診療所,,青木歯科医院,521-1113,彦根市稲部町68,医療法人佳秀会,,0749-43-6718,1996-06-01,,,5624241.xlsx
歯科診療所,,あかい矯正歯科,522-0053,彦根市大藪町2160,赤井　妙子,,0749-30-9933,2016-02-22,,,5624241.xlsx
歯科診療所,,あかい歯科,522-0042,彦根市戸賀町143-4,赤井　隆,,0749-22-4903,1988-03-01,,,5624241.xlsx
歯科診療所,,医療法人有真会アットホーム彦根歯科医院,522-0007,彦根市古沢町255-1,医療法人有真会,,0749-47-6481,2013-10-07,,,5624241.xlsx
歯科診療所,,朝比奈歯科医院,522-0086,彦根市後三条町41,朝比奈　壮郎,,0749-23-6480,2000-09-20,,,5624241.xlsx
歯科診療所,,アンジュデンタルクリニック,522-0010,彦根市駅東町5番8,宮戸　瑞紀,,0749-21-4118,2013-10-07,,,5624241.xlsx
歯科診療所,,いけだ歯科高宮診療所,522-0201,彦根市高宮町702-5,池田　昌弘,,0749-27-1717,2009-06-05,,,5624241.xlsx
歯科診療所,,イシカワ歯科,522-0043,彦根市小泉町106-1・ウィルライフ南彦根101,石川　央,,0749-26-6999,2008-08-01,,,5624241.xlsx
歯科診療所,,井本歯科医院,522-0023,彦根市原町504-35,井本　達也,,0749-22-7757,1987-03-09,,,5624241.xlsx
歯科診療所,,太田歯科医院,522-0081,彦根市京町３丁目4-15,太田　英史,,0749-22-0328,2002-01-01,,,5624241.xlsx
歯科診療所,,川尻歯科医院,522-0081,彦根市京町２丁目3-35,川尻　哲央,,0749-24-4700,1982-08-16,,,5624241.xlsx
歯科診療所,,かわせ大村歯科医院,522-0222,彦根市南川瀬町1501-20,大村　仁利,,0749-28-9080,2007-05-07,,,5624241.xlsx
歯科診療所,,医療法人きたがわ矯正歯科,522-0201,彦根市高宮町1418-1　ウェルスＭori,医療法人きたがわ矯正歯科,,0749-21-6480,2011-10-01,,,5624241.xlsx
歯科診療所,,北村歯科医院,522-0068,彦根市城町2-15-7,北村　和也,,0749-22-0622,2016-04-01,,,5624241.xlsx
歯科診療所,,きむら歯科クリニック,522-0086,彦根市後三条町528-8,木村　三右衛,,0749-23-2220,1999-08-02,,,5624241.xlsx
歯科診療所,,こば歯科・矯正歯科クリニック,522-0086,彦根市後三条町494-2,小林　哲也,,0749-26-6050,2009-03-01,,,5624241.xlsx
歯科診療所,,サタケ歯科,522-0201,彦根市高宮町1555-1　フェーザントビル１Ｆ,佐竹　善久,,0749-23-0907,2014-05-08,,,5624241.xlsx
歯科診療所,,しがや歯科医院,522-0047,彦根市日夏町3800-1,志萱　昭紀,,0749-28-8755,2013-10-01,,,5624241.xlsx
歯科診療所,,歯科白石医院,522-0037,彦根市岡町5-5,北尾　芳,,0749-23-3084,2009-10-01,,,5624241.xlsx
歯科診療所,,白石歯科,521-1124,彦根市野良田町325-5,白石　剛,,0749-43-2017,2003-10-01,,,5624241.xlsx
歯科診療所,,杉本歯科医院,522-0232,彦根市蓮台寺町50-50,杉本　克実,,0749-28-2604,1990-04-10,,,5624241.xlsx
歯科診療所,,曽我歯科医院,522-0086,彦根市後三条町260-3,曽我　宏世,,0749-22-0973,1996-12-17,,,5624241.xlsx
歯科診療所,,田井中歯科医院,522-0083,彦根市河原１丁目4-22,田井中　聡,,0749-24-6480,1993-03-08,,,5624241.xlsx
歯科診療所,,太陽歯科医院,522-0041,彦根市平田町678-12,中川　陽一郎,,0749-24-8241,2007-11-29,,,5624241.xlsx
歯科診療所,,たかとり歯科医院,521-1124,彦根市野良田町436-1,医療法人たかとり歯科医院,,0749-43-6073,2021-07-01,,,5624241.xlsx
歯科診療所,,医療法人社団ちひろ会たきい歯科医院,521-1105,彦根市田原町365-1,医療法人社団ちひろ会,,0749-43-2400,2016-04-01,,,5624241.xlsx
歯科診療所,,たなか歯科クリニック,522-0054,彦根市西今町1131-15,田中　肇,,0749-27-3355,1995-07-03,,,5624241.xlsx
歯科診療所,,長寿歯科医院,522-0041,彦根市平田町422-13,連　偉智,,0749-26-1993,1995-07-01,,,5624241.xlsx
歯科診療所,,つつみ歯科,522-0023,彦根市原町850-175,堤　正彦,,0749-24-2363,2008-04-02,,,5624241.xlsx
歯科診療所,,中川歯科医院,522-0081,彦根市京町2-8-20,中川　光司,,0749-27-3188,1995-07-01,,,5624241.xlsx
歯科診療所,,中島歯科医院,522-0071,彦根市元町3-12,中島　千尋,,0749-23-3907,2019-04-01,,,5624241.xlsx
歯科診療所,,医療法人社団野田歯科,522-0075,彦根市佐和町4-1,医療法人社団　野田歯科,,0749-23-6288,1991-05-01,,,5624241.xlsx
歯科診療所,,野村歯科医院,522-0023,彦根市原町180-28,野村　信人,,0749-26-5183,1989-04-04,,,5624241.xlsx
歯科診療所,,医療法人ヒコネ矯正歯科,522-0074,彦根市大東町10-12　ＣＲＯＳＳ１Ｆ,医療法人ヒコネ矯正歯科,,0749-21-3351,2006-04-01,,,5624241.xlsx
歯科診療所,,文村歯科医院,529-1156,彦根市清崎町500-51,文村　俊治,,0749-25-3241,1994-08-01,,,5624241.xlsx
歯科診療所,,堀口歯科医院,522-0047,彦根市日夏町2680-47,堀口　徹,,0749-28-4182,1993-07-14,,,5624241.xlsx
歯科診療所,,三希子歯科,522-0054,彦根市西今町21-1,長谷川　三希子,,0749-26-5069,1996-12-17,,,5624241.xlsx
歯科診療所,,ミント歯科,522-0025,彦根市野田山町938-1,上垣　宣央,,0749-23-3010,2005-05-01,,,5624241.xlsx
歯科診療所,,慶祐会　むとう歯科医院,522-0054,彦根市西今町363-5,武藤　幸夫,,0749-21-0008,1999-06-01,,,5624241.xlsx
歯科診療所,,安澤歯科小泉診療所,522-0043,彦根市小泉町106-9,安澤　吉亮,,0749-22-6191,2007-04-01,,,5624241.xlsx
歯科診療所,,安澤歯科診療所,522-0041,彦根市平田町58-5,安澤　琢也,,0749-23-3318,2002-11-01,,,5624241.xlsx
歯科診療所,,やまだファミリー歯科,522-0055,彦根市野瀬町58-2,医療法人やまだファミリークリニック,,0749-20-4393,2017-04-01,,,5624241.xlsx
歯科診療所,,吉田歯科医院,522-0033,彦根市芹川町1463-11,吉田　勝彦,,0749-24-2700,1988-04-08,,,5624241.xlsx
歯科診療所,,わたなべ歯科医院,522-0004,彦根市鳥居本町490-1　カメリアビル１Ｆ,渡部　範生,,0749-24-6417,1998-06-16,,,5624241.xlsx
歯科診療所,,ふみむらデンタルクリニック,,彦根市川瀬町1643番地1,文村　行宏,,0749-28-1182,2019-03-01,,,5624241.xlsx
歯科診療所,,北村歯科医院,529-1206,愛知郡愛荘町蚊野1865,北村　圭司,,,2018-02-01,,,5624241.xlsx
歯科診療所,,曽我歯科,529-1313,愛知郡愛荘町市715-1,曽我　幸史,,0749-42-5807,1997-05-06,,,5624241.xlsx
歯科診療所,,塚本歯科医院,529-1321,愛知郡愛荘町豊満1292-3,塚本　智,,0749-42-5712,2004-01-01,,,5624241.xlsx
歯科診療所,,中村歯科医院,529-1313,愛知郡愛荘町市818-7,中村　公久,,0749-42-5851,1992-08-01,,,5624241.xlsx
歯科診療所,,医療法人金亀会秦荘歯科診療所,529-1234,愛知郡愛荘町安孫子1346,医療法人金亀会,,0749-37-4488,2003-01-01,,,5624241.xlsx
歯科診療所,,ふれあい歯科医院,529-1303,愛知郡愛荘町長野2043-7,武久　典子,,0749-49-5757,2008-01-04,,,5624241.xlsx
歯科診療所,,宮川歯科医院,529-1315,愛知郡愛荘町沓掛799,宮川　忠之,,0749-42-6848,1992-11-02,,,5624241.xlsx
歯科診療所,,若松歯科医院,522-0242,犬上郡甲良町尼子2021-5,若松　健治,,0749-38-4500,1999-04-02,,,5624241.xlsx
歯科診療所,,藤本歯科医院,522-0341,犬上郡多賀町多賀1328,藤本　直也,,0749-48-1871,2010-11-01,,,5624241.xlsx
歯科診療所,,山口歯科医院,522-0341,犬上郡多賀町多賀1614-21,山口　正尚,,0749-48-0123,2019-02-01,,,5624241.xlsx
歯科診療所,,エムデンタルオフィス,522-0002,彦根市松原1435-111,丹羽　誠,,0749-21-5212,2019-08-09,,,5624241.xlsx
歯科診療所,,医療法人優心会きたむら歯科クリニック,522-0041,彦根市平田町137-8,医療法人優心会,,0749-24-1050,2022-10-01,,,5624241.xlsx
歯科診療所,,おおはし歯科クリニック,529-1175,犬上郡豊郷町沢359,大橋　誠,,,2023-05-09,,,5624241.xlsx
歯科診療所,,医療法人社団ミヤタ歯科,529-1169,犬上郡豊郷町大字石畑山道540番地５　グリーンハウス豊郷別館Ⅱ　101号室・102号室,医療法人社団　ミヤタ歯科,,,2026-04-01,,,5624241.xlsx
歯科診療所,,いのくち歯科,5260053,長浜市宮前町６－２７,井口　裕嗣,,0749-62-2506,2008-06-02,,,5624241.xlsx
歯科診療所,,岡野歯科医院,5260059,長浜市元浜町７－３０,岡野　徳一郎,,0749-62-0083,,,,5624241.xlsx
歯科診療所,,西川歯科医院,5260056,長浜市朝日町４－２０,西川　雅士,,0749-62-0828,2010-02-01,,,5624241.xlsx
歯科診療所,,森島歯科医院,5260037,長浜市高田町６－３,森島　繁,,0749-62-0610,1995-03-18,,,5624241.xlsx
歯科診療所,,武田歯科,5260056,長浜市朝日町８－２５,武田　博,,0749-62-0504,1976-10-09,,,5624241.xlsx
歯科診療所,,松山歯科医院,5260025,長浜市分木町６―５５,松山　進,,0749-62-2294,1999-11-01,,,5624241.xlsx
歯科診療所,,医療法人宏樹会　下村歯科医院,5210242,米原市長岡１５９９－３,医療法人宏樹会,,0749-55-0045,1991-11-01,,,5624241.xlsx
歯科診療所,,角田歯科医院,5210012,米原市米原５４６,角田　円,,0749-52-0238,2005-09-01,,,5624241.xlsx
歯科診療所,,松原歯科医院,5210016,米原市下多良１－15-2,松原　徹,,0749-52-4555,2016-09-01,,,5624241.xlsx
歯科診療所,,饗場歯科医院,5290111,長浜市三川町１１３８,饗場　研策,,0749-73-2126,1989-06-08,,,5624241.xlsx
歯科診療所,,高橋歯科医院,5260033,長浜市平方町５７７,高橋　義弘,,0749-62-8010,1983-11-01,,,5624241.xlsx
歯科診療所,,松岡歯科医院,5260015,長浜市神照町７１９－１８,松岡　清,,0749-63-3344,1985-03-20,,,5624241.xlsx
歯科診療所,,近江スミダ歯科医院,5210062,米原市宇賀野２６７－１,角田　和芳,,0749-52-4181,,,,5624241.xlsx
歯科診療所,,医療法人社団　中村歯科,5260015,長浜市神照町３４－７,医療法人社団中村歯科,,0749-62-4618,1989-10-01,,,5624241.xlsx
歯科診療所,,成田歯科医院,5260031,長浜市八幡東町９番１号,医療法人益歯会　成田歯科医院,,0749-65-1188,2018-12-01,,,5624241.xlsx
歯科診療所,,つじ歯科医院,5260058,長浜市南呉服町２－１１,辻　裕文,,0749-65-2233,1988-12-05,,,5624241.xlsx
歯科診療所,,浅井しろやま歯科,5260244,長浜市内保町2479,医療法人浅井しろやま歯科,,0749-74-3222,2022-06-01,,,5624241.xlsx
歯科診療所,,樋口歯科,5260817,長浜市七条町７６９,樋口　昌弘,,0749-65-3361,1989-06-13,,,5624241.xlsx
歯科診療所,,廣部歯科医院,5260841,長浜市新栄町６４０－４,廣部　浩,,0749-63-1266,,,,5624241.xlsx
歯科診療所,,川瀬歯科医院,5260131,長浜市富田町４８７－１,川瀬　英嗣,,0749-72-4108,1991-07-01,,,5624241.xlsx
歯科診療所,,伊藤デンタルクリニック,5210014,米原市梅ケ原栄４７,伊藤　宗寛,,0749-52-4102,1992-03-03,,,5624241.xlsx
歯科診療所,,山根歯科医院,5210072,米原市顔戸１３８０－２,山根　史考,,0749-52-5811,1993-04-15,,,5624241.xlsx
歯科診療所,,中瀬歯科医院,5260021,長浜市八幡中山町１２９７－１,中瀬　一輝,,0749-65-0010,1996-09-02,,,5624241.xlsx
歯科診療所,,伊吹歯科クリニック,5260001,長浜市国友町字上前田３２０－８,伊吹　千夏,,0749-65-2650,1997-05-20,,,5624241.xlsx
歯科診療所,,笹口歯科医院,5260034,長浜市弥高町１００,笹口　博彰,,0749-68-2711,1997-10-01,,,5624241.xlsx
歯科診療所,,やす歯科医院,5290341,長浜市湖北町速水２７５２,野洌　秀樹,,0749-78-8050,1998-11-03,,,5624241.xlsx
歯科診療所,,草野歯科,5260015,長浜市神照町６６８,草野　浩一,,0749-68-0068,1999-03-01,,,5624241.xlsx
歯科診療所,,医療法人ながおか歯科クリニック,5210242,米原市長岡１１９２－１,医療法人長岡歯科クリニック,,0749-55-0571,2005-04-01,,,5624241.xlsx
歯科診療所,,しみず歯科医院,5260014,長浜市口分田町７９０－１,清水　哲之,,0749-63-7722,1998-11-01,,,5624241.xlsx
歯科診療所,,こばやし歯科,5210072,米原市顔戸６８１－１,小林　永策,,0749-52-6655,2001-03-11,,,5624241.xlsx
歯科診療所,,中之郷歯科診療所,5290515,長浜市余呉町中之郷２４３４,長浜市,,0749-86-8120,2010-01-01,,,5624241.xlsx
歯科診療所,,牧歯科医院,5260111,長浜市川道町１８６７,橋本　牧子,,0749-72-5120,2002-08-01,,,5624241.xlsx
歯科診療所,,かが井歯科,5260061,長浜市祇園町７０４－２,加賀井　清,,0749-68-0767,2002-11-12,,,5624241.xlsx
歯科診療所,,大音歯科医院,5290425,長浜市木之本町木之本１０８８,大音　篤之,,0749-82-2230,2019-11-01,,,5624241.xlsx
歯科診療所,,村松歯科クリニック,5210233,米原市野一色３６７－２１,村松　英輔,,0749-55-3877,2003-05-02,,,5624241.xlsx
歯科診療所,,きたむら歯科,5210072,米原市顔戸６１５－４,北村　鉄也,,0749-52-6666,2004-05-01,,,5624241.xlsx
歯科診療所,,瀧上歯科医院,5210235,米原市小田1048,瀧上　啓志,,0749-55-4182,2004-06-01,,,5624241.xlsx
歯科診療所,,ノア歯科クリニック,5260847,長浜市山階町２７１－１ イオン長浜店１階,柳本　雄史,,0749-64-5211,2010-03-01,,,5624241.xlsx
歯科診療所,,ほんだ歯科クリニック,5260042,長浜市勝町８３２,本田　英貴,,0749-62-0021,2005-01-04,,,5624241.xlsx
歯科診療所,,本康歯科クリニック,5260103,長浜市曽根町７６７,本康　盛昭,,0749-72-5222,2005-04-01,,,5624241.xlsx
歯科診療所,,オリーブ歯科,5260031,長浜市八幡東町６２９－３,川瀬　仁史,,0749-68-0390,2005-11-09,,,5624241.xlsx
歯科診療所,,たかしな歯科クリニック,5260021,長浜市八幡中山町３８９,佐藤　雅一,,0749-64-6480,2009-11-05,,,5624241.xlsx
歯科診療所,,あおば横井歯科医院,5290701,長浜市西浅井町塩津浜１４５８,横井秀典,,0749-88-8010,2013-04-01,,,5624241.xlsx
歯科診療所,,西連寺歯科クリニック,5290343,長浜市湖北町小倉１８３,西連寺央康,,0749-50-6792,2013-04-01,,,5624241.xlsx
歯科診療所,,にのみや歯科医院,521-0314,米原市春照１９１１－１,二宮　昭,,0749-58-0245,2016-08-01,,,5624241.xlsx
歯科診療所,,加納町さわ歯科,5260804,長浜市加納町堂田918,澤　秀樹,,0749-65-5454,2018-05-28,,,5624241.xlsx
歯科診療所,,みやび歯科展峰宋ＡＩ,5210035,米原市醒井663-1,岡戸　雅彦,,0749-54-0105,2018-10-10,,,5624241.xlsx
歯科診療所,,ながはま矯正歯科,5260042,長浜市勝町深町455番,藤原　敦,,0749-56-2365,2019-05-01,,,5624241.xlsx
歯科診療所,,おおもと歯科医院,5260831,長浜市宮司町1028‐5,大本政徳,,0749‐68‐0831,2021-07-27,,,5624241.xlsx
歯科診療所,,泉歯科医院,5260033,長浜市平方町729,泉　英之,,0749‐50‐4052,2021-10-01,,,5624241.xlsx
歯科診療所,,中村歯科,5290241,長浜市高月町高月５９２－４,中村　義則,,0749-85-4858,1981-05-11,,,5624241.xlsx
歯科診療所,,医療法人　清悠会　横井歯科医院,5290425,長浜市木之本町木之本１７１０－１,医療法人　清悠会　横井歯科医院,,0749-82-3553,1991-04-01,,,5624241.xlsx
歯科診療所,,医療法人安井歯科,5290231,長浜市高月町森本１０８,医療法人安井歯科,,0749-85-3133,1990-10-01,,,5624241.xlsx
歯科診療所,,長浜なかたに歯科,5260831,長浜市宮司町1200番地コープながはま2階,仲谷　暢佑,,0749-62-8241,2022-06-01,,,5624241.xlsx
歯科診療所,,ユキデンタルクリニック,5260244,長浜市内保町2712-1,髙橋　幸寛,,0749-74-8241,2023-02-01,,,5624241.xlsx
歯科診療所,,ながはま祇園歯科,526-0063,長浜市末広町240番地6 ワイエフビル17　1階,医療法人 ユナイテッド,,0749-53-0200,2026-06-01,,,5624241.xlsx
歯科診療所,,林歯科医院,520-1833,高島市マキノ町蛭口1362番地,林　宗良,,0740-27-1533,2016-11-01,,,5624241.xlsx
歯科診療所,,藤本歯科医院,520-1621,高島市今津町今津1614,藤本 篤,,0740-22-2369,2001-11-13,,,5624241.xlsx
歯科診療所,,堀井歯科医院,520-1623,高島市今津町住吉2-12-8,堀井 長幸,,0740-22-3886,1980-05-01,,,5624241.xlsx
歯科診療所,,弘部歯科クリニック,520-1622,高島市今津町中沼一丁目3の9,弘部 智,,0740-22-3800,2024-05-01,,,5624241.xlsx
歯科診療所,,原田歯科医院,520-1632,高島市今津町桜町一丁目6-1,原田 直一,,0740-22-2016,2008-01-01,,,5624241.xlsx
歯科診療所,,たつなみ歯科医院,520-1605,高島市今津町南新保165番地,龍波 礼知,,0740-24-7057,2001-12-01,,,5624241.xlsx
歯科診療所,,横木歯科医院,520-1212,高島市安曇川町西万木793,横木  薫,,0740-32-0350,1979-04-01,,,5624241.xlsx
歯科診療所,,歯科山本医院,520-1212,高島市安曇川町西万木641-13,山本  修,,0740-32-0323,1994-07-01,,,5624241.xlsx
歯科診療所,,おおやま歯科クリニック,520-1214,高島市安曇川町末広3-8,大山 恒徳,,0740-32-8088,1998-04-11,,,5624241.xlsx
歯科診療所,,なかの歯科,520-1214,高島市安曇川町末広4-40-1,医療法人 なかの歯科,,0740-32-3377,2025-04-01,,,5624241.xlsx
歯科診療所,,あだち歯科クリニック,520-1212,高島市安曇川町西万木大将軍811,足立　剛,,0740-32-6480,2002-04-15,,,5624241.xlsx
歯科診療所,,金田歯科医院,520-1111,高島市鴨2908,金田 常和,,0740-36-2277,1994-11-04,,,5624241.xlsx
歯科診療所,,藤本歯科医院,520-1522,高島市新旭町新庄625-1,藤本 洋子,,0740-25-2232,2008-01-01,,,5624241.xlsx
歯科診療所,,うえはら歯科,520-1501,高島市新旭町旭1-9-4,上原 茂弘,,0740-25-8241,2001-06-01,,,5624241.xlsx
歯科診療所,,医療法人社団四葉会　まつだ内科歯科クリニック,520-1501,高島市新旭町旭696,医療法人社団四葉会 松田歯科医院,,0740-25-4444,2011-08-01,,,5624241.xlsx
歯科診療所,,桜井歯科医院,520-1813,高島市マキノ町高木浜1－3－5,櫻井　敬丈,,0740-25-4345,2021-06-01,,,5624241.xlsx
歯科診療所,,野上歯科医院,520-1501,高島市新旭町旭2丁目2-4,医療法人野上歯科医院,,0740-25-7500,2022-12-01,,,5624241.xlsx
歯科診療所,,安原歯科医院,520-1217,高島市安曇川町田中45-3,安原 善樹,,0740-32-0081,2022-12-21,,,5624241.xlsx
歯科診療所,,医療法人前川歯科医院,520-1621,高島市今津町弘川253,医療法人前川歯科医院,,0740-22-5250,2023-01-01,,,5624241.xlsx
歯科診療所,,たむら歯科・こども矯正歯科,520-1214,高島市安曇川町末広三丁目３－１,田村　光正,,0740-28-7570,2025-09-01,,,5624241.xlsx
歯科技工所,25-2-1,歯科技工物製作所 ケンデン,525-0029,草津市下笠町816-16,川村 剣吾,川村 剣吾,,H14. 3. 1,,,5586267.pdf
歯科技工所,25-2-2,トライデント,525-0029,草津市下笠815-8西村ビル２階,松本 卓也,松本 卓也,,H13.12.18,,,5586267.pdf
歯科技工所,25-2-3,湖南歯科技工所,525-0036,草津市草津町1746,山本 英喜,山本 英喜,565-1049,S53. 8. 1,,,5586267.pdf
歯科技工所,25-2-4,草津ﾃﾞﾝﾀﾙ,525-0041,草津市青地町724,北川 義彦,北川 義彦,563-8548,H 3. 4. 1,,,5586267.pdf
歯科技工所,25-2-5,ｼﾊﾞﾀ歯科技工所,525-0051,草津市木川町1005番地,柴田 和彦,柴田 和彦,,H 1. 3.13,,,5586267.pdf
歯科技工所,25-2-6,山木ﾃﾞﾝﾀﾙ･ﾗﾎﾞﾗﾄﾘｰ,525-0051,草津市木川町796-4,木村 栄作,木村 栄作,563-9394,S58.11.12,,,5586267.pdf
歯科技工所,25-2-7,柴田歯科技工所,525-0051,草津市木川町1005,柴田 義彦,柴田 義彦,562-2379,H12. 1 12,,,5586267.pdf
歯科技工所,25-2-8,だんばら歯科工房,525-0055,草津市野路八丁目11-3,檀原 泉,檀原 泉,566-0138,H 3. 4.15,,,5586267.pdf
歯科技工所,25-2-9,ﾜｯﾂｸﾘｴｲﾃｲﾝｸﾞｶﾝﾊﾟﾆｰ,525-0055,草津市野路町2113,渡部 範生,催 滋集,564-3422,H 9. 6.10,,,5586267.pdf
歯科技工所,25-2-10,奥田ﾃﾞﾝﾀﾙｸﾗﾌﾄ,525-0056,草津市南笠町1194,奥田 敏之,奥田 敏之,562-5703,H 3. 2.25,,,5586267.pdf
歯科技工所,25-2-11,ＷＥＬＬ ＤＥＮＴＡＬ ＰＲＯ,525-0067,草津市新浜町8-10,村田 修三,村田 修三,,H18.5.11,,,5586267.pdf
歯科技工所,25-2-12,Yac dental laboratory,525-0037,草津市上笠2丁目3-9,谷内口 稔,谷内口 稔,,H27.11.12,,,5586267.pdf
歯科技工所,25-2-13,園田ﾃﾞﾝﾀﾙｸﾗﾌﾄ,525-0034,草津市草津二丁目14-32,園田 浩一,園田 浩一,,H 4. 1.21,,,5586267.pdf
歯科技工所,25-2-14,株式会社エイコー桐生,525-0043,草津市馬場町字岩河原1100番地9,株式会社エイコー桐生,丹野 直輝,586-7796,H31.2.5,,,5586267.pdf
歯科技工所,25-2-15,デンタルアシスト,525-0048,草津市追分南2丁目16-10,西岡 輝寿,西岡 輝寿,,H18.12.1,,,5586267.pdf
歯科技工所,25-2-16,ごうデンタルラボ,525-0032,草津市大路2丁目7-16,奥村 剛,奥村 剛,,R2.8.13,,,5586267.pdf
歯科技工所,25-2-17,株式会社 玉ラボ,525-0066,草津市矢橋町1257-4,株式会社 玉ラボ,玉利 夏美,,H13.5.10,,,5586267.pdf
歯科技工所,25-2-18,Belleclore Petit Lab,525-0032,草津市大路1丁目7-1-111,寺村 俊,寺村 俊,,H11.5.12,,,5586267.pdf
歯科技工所,25-2-19,有限会社エヌ・ディー・エル,524-0002,守山市小島町1809-9,南條 博彦,南條 博彦,583-5667,H 2.11. 8,,,5586267.pdf
歯科技工所,25-2-20,デンティック クラフト,524-0001,守山市川田町1792-3,田中 護,田中 護,514-1580,H13. 3. 1,,,5586267.pdf
歯科技工所,25-2-21,カズデンタルファクトリー,524-0022,守山市守山2-11-17,井上 和法,井上 和法,581-1135,H12. 1. 1,,,5586267.pdf
歯科技工所,25-2-22,有限会社ソロモン,524-0037,守山市梅田町4-31,井上 和法,岡村 貞一,583-8008,S63. 2.22,,,5586267.pdf
歯科技工所,25-2-23,有限会社滋賀ﾃﾞﾝﾀﾙ･ﾗﾎﾞﾗﾄﾘｰ,524-0044,守山市古高町98-6,竹内 茂,竹内 茂,583-7300,S55. 2. 4,,,5586267.pdf
歯科技工所,25-2-24,Ｍａｅｄａ Ｄｅｎｔａｌ Ｌａｂｏｒａｔｏｒｙ,524-0061,守山市赤野井町1612,前田達雄,前田 達雄,,H 5. 9. 7,,,5586267.pdf
歯科技工所,25-2-25,ﾊﾟｰﾙﾃﾞﾝﾀﾙﾓﾘﾔﾏ,524-0062,守山市杉江町383-1,勝永 日登志,勝永日登志,585-1324,S59.10. 1,,,5586267.pdf
歯科技工所,25-2-26,歯科技工所メタルファーム,524-0101,守山市今浜町2764,吉田 和紀,吉田 和紀,,H13. 1. 1,,,5586267.pdf
歯科技工所,25-2-27,株式会社イマイ,524-0101,守山市今浜町224,今井 利裕治,今井利裕治,585-7526,H 3. 7. 3,,,5586267.pdf
歯科技工所,25-2-28,近江ﾃﾞﾝﾀﾙｱｰﾄ,524-0102,守山市水保町1154-1,高橋 徹,高橋 徹,,H11. 3.31,,,5586267.pdf
歯科技工所,25-2-29,イシダデンタル,524-0014,守山市石田町１３１,石田 知己,石田 知己,,H17.11.1,,,5586267.pdf
歯科技工所,25-2-30,デンタル・ハウス,524-0033,守山市浮気町336-1,林 孝一,林 孝一,,H20.6.1,,,5586267.pdf
歯科技工所,25-2-31,デンタルラボ 十念,524-0046,守山市今宿町2丁目6-20,十念 直人,十念 直人,,H20.9.22,,,5586267.pdf
歯科技工所,25-2-32,デンタルアートシン,524-0102,守山市水保町1480-39,山本 真之,山本 真之,532-3405,H21.9.24,,,5586267.pdf
歯科技工所,25-2-33,ラボトリー植田,524-0014,守山市石田町131,植田 潤,植田 潤,,H23.3.22,,,5586267.pdf
歯科技工所,25-2-34,株式会社 Ｄ－ｂａｓｅ,524-0021,守山市吉身6丁目5番6号,株式会社Ｄ－ｂａｓｅ 取締役 小林 雅樹,山本 昌秀,516-8400,H23.1.21,,,5586267.pdf
歯科技工所,25-2-35,Gunners Dental Lab,524-0102,守山市水保町1423-27,大橋 拓也,大橋 拓也,,H26.4.14,,,5586267.pdf
歯科技工所,25-2-36,eight デンタル ラボ,524-0014,守山市石田町１３１,位田 直也,位田 直也,,H26.10.1,,,5586267.pdf
歯科技工所,25-2-37,デンタル工房 あすなろ,524-0004,守山市笠原町1084番地3,小川 良一,小川 良一,,H27.4.30,,,5586267.pdf
歯科技工所,25-2-38,㈱ 匠,524-0102,守山市水保町2222番地,株式会社匠 代表取締役 吉川 正人,吉川 正人,,H27.9.20,,,5586267.pdf
歯科技工所,25-2-39,PURE DENTAL ART,524-0044,守山市古高町127-16,西澤 光,西澤 光,,H30.11.2,,,5586267.pdf
歯科技工所,25-2-40,K.D.A.L.,524-0211,守山市小浜町801-1,岸田 則正,岸田 則正,,H20.7.1,,,5586267.pdf
歯科技工所,25-2-41,株式会社 D-cloud,524-0021,守山市吉身6丁目5番6号 3Ｆ,株式会社 D-cloud,佐藤 尚昭,077-516-8211,R2.1.1,,,5586267.pdf
歯科技工所,25-2-42,つぐラボ,524-0001,守山市川田町1792-3,髙木 善嗣,髙木 善嗣,,44722,,,5586267.pdf
歯科技工所,25-2-43,りんしょう株式会社,524-0033,守山市浮気町346-20,りんしょう株式会社,林 尚永,077-581-2377,44346,,,5586267.pdf
歯科技工所,25-2-44,株式会社ワシ栗東,520-3013,栗東市目川861-3,株式会社 ワシ栗東,西村 敏和,552-0986,S56. 7.21,,,5586267.pdf
歯科技工所,25-2-45,ﾃﾞﾝﾀﾙｱｰﾄGOTOH,520-3022,栗東市上鈎426,後藤大典,後藤 大典,552-7623,H 5. 3.31,,,5586267.pdf
歯科技工所,25-2-46,ﾌｸｼﾏ･ﾃﾞﾝﾀﾙ,520-3024,栗東市小柿8-3-3,福嶋 三雄,福嶋 三雄,553-4006,H 2. 9. 1,,,5586267.pdf
歯科技工所,25-2-47,株式会社オーシー,520-3031,栗東市小柿5丁目10-11-2-1-2F,株式会社オーシー,中川 龍介,,H20.10.30,,,5586267.pdf
歯科技工所,25-2-48,有限会社デンタルワークス,520-3013,栗東市目川843-2,上田 隆雄,上田 隆雄,,H18.5.1,,,5586267.pdf
歯科技工所,25-2-49,ティース工房,520-3042,栗東市辻457,赤井 靖仁,赤井 靖仁,,39448,,,5586267.pdf
歯科技工所,25-2-50,Grit Dental Laboratory,520-3035,栗東市霊仙寺３丁目1-37 2Ｆ,山村 楠典,山村 楠典,,45817,,,5586267.pdf
歯科技工所,25-2-51,デンタルリーブ野洲,520-2304,野洲市永原1107-28,仰倉 隆男,仰倉 隆男,,H15.11.1,,,5586267.pdf
歯科技工所,25-2-52,清原ﾃﾞﾝﾀﾙﾗﾎﾞﾗﾄﾘｰ,520-2331,野洲市小篠原965-6,清原勝博,清原 勝博,,H 6. 4. 1,,,5586267.pdf
歯科技工所,25-2-53,株式会社アイテック,525-2415,野洲市須原206,株式会社アイテック 代表取締役 井狩 祥一,井狩 祥一,589-5719,H25.6.21,,,5586267.pdf
歯科技工所,25-2-54,ksg,520-2341,野洲市行畑一丁目8-31,片岡 久典,片岡 久典,,H23.5.1,,,5586267.pdf
歯科技工所,25-2-55,株式会社ａｄｖｅｘ,520-2324,野洲市近江富士3-6-28,株式会社ａｄｖｅｘ 代表取締役 伊藤 泰之,伊藤 泰之,514-2501,40575,,,5586267.pdf
歯科技工所,25-2-56,有限会社サンデンタルラボラトリー,520-2342,野洲市野洲1748番地５,有限会社サンデンタルラボラトリー,野田 浩司,,H23.1.1,,,5586267.pdf
歯科技工所,25-2-57,ヤマモトデンタルラボ,520-2331,野洲市小篠原1552,山本 泰幸,山本 泰幸,,H.30.1.19,,,5586267.pdf
歯科技工所,25-2-58,Foresta Lab,520-2301,野洲市小南471-65,森 剛,森 剛,,H.30.1.22,,,5586267.pdf
歯科技工所,25-2-59,馬杉デンタルラボ,520-2321,野洲市北桜759-3,馬杉 幸隆,馬杉 幸隆,,R3.3.1,,,5586267.pdf
歯科技工所,25-2-60,京セラメディカル インプラント デジタルセンター,520-2362,野洲市市三宅800 京セラ株式会社 野洲工場,京セラメディカル株式会社,原田 政彦,,R7.4.11,,,5586267.pdf
歯科技工所,25-3-1,辻歯研,520-3413,甲賀市甲賀町油日２２１６－４９,辻 伸雄,辻 伸雄,0748-88-4618,H27.1.1,,,5586267.pdf
歯科技工所,25-3-2,鷲尾デンタル・ラボスタジオ,520-3414,甲賀市甲賀町大久保８１２,西田 一誠,西田 一誠,0748-88-6260,H5.4.18,,,5586267.pdf
歯科技工所,25-3-3,大林デンタルラボ,520-3434,甲賀市甲賀町高野５２４－２,大林 義彦,大林 義彦,0748-88-5488,H22.4.1,,,5586267.pdf
歯科技工所,25-3-4,ラボ輝,520-3303,甲賀市甲南町上馬杉９６０,森田 輝幸,森田 輝幸,0748-86-4504,S61.5.16,,,5586267.pdf
歯科技工所,25-3-5,ニューズ デンタルラボラトリー,520-3308,甲賀市甲南町野田５９９,藤野 浩樹,藤野 浩樹,0748-86-6932,M33.1.0,,,5586267.pdf
歯科技工所,25-3-6,杉本歯研,529-1834,甲賀市信楽町杉山６７０,杉本 幸利,杉本 幸利,0748-82-1183,S60.8.28,,,5586267.pdf
歯科技工所,25-3-7,デンタル フュージョン,529-1851,甲賀市信楽町長野３７０番地１,飯田 正雄,直村 正治,0748-82-3178,H15.12.12,,,5586267.pdf
歯科技工所,25-3-8,西小路デンタルラボラトリー,528-0212,甲賀市土山町南土山甲７０３,西小路 敦,西小路 敦,0748-66-0065,S64.1.5,,,5586267.pdf
歯科技工所,25-3-9,ウカイラボ,528-0041,甲賀市水口町虫生野７４６,鵜飼 俊生,鵜飼 俊生,0748-63-4738,H7.1.14,,,5586267.pdf
歯科技工所,25-3-10,池田歯科技工所,528-0022,甲賀市水口町梅ヶ丘６－３９,池田 惣一,池田 惣一,0748-62-7717,H3.12.1,,,5586267.pdf
歯科技工所,25-3-11,DENTAL CRAFT,528-0054,甲賀市水口町酒人７６６,奥邨 昌隆,奥邨 昌隆,0748-62-1582,H10.8.20,,,5586267.pdf
歯科技工所,25-3-12,Dental Art SASAYAMA,528-0035,甲賀市水口町山６７８－７０,笹山 浩司,笹山 浩司,0748-63-3629,H5.11.22,,,5586267.pdf
歯科技工所,25-3-13,青木デンタルクラフト,520-3106,湖南市石部中央四丁目１－２３,青木 広一,青木 広一,0748-77-7364,H18.3.16,,,5586267.pdf
歯科技工所,25-3-14,石田歯科技工所,520-3242,湖南市サイドタウン二丁目３番３１号,石田 喜広,石田 喜広,0748-74-3235,H13.11.1,,,5586267.pdf
歯科技工所,25-3-15,アオキデンタルラボラトリー,520-3221,湖南市三雲１３１３－５,青木 康弘,青木 康弘,0748-72-9805,H14.12.25,,,5586267.pdf
歯科技工所,25-3-16,藤本デンタルオフィス,520-3237,湖南市柑子袋西三丁目13番19号,藤本 雅也,藤本 雅也,0748-72-7040,平成１５年７月,,,5586267.pdf
歯科技工所,25-3-17,内貴デンタルスタジオ,520-3221,湖南市三雲１４９６－５５,内貴 幸彦,内貴 幸彦,0748-72-1863,H5.3.8,,,5586267.pdf
歯科技工所,25-3-18,（株）カクキチ,520-3201,湖南市下田１６１７,（株）カクキチ,谷口 旭,0748-75-2473,H23.11.21,,,5586267.pdf
歯科技工所,25-3-19,村島デンタル・ラボラトリー,529-1831,甲賀市信楽町西３９８番地,村島 栄夫,村島 栄夫,0748-82-3225,S60.7.1,,,5586267.pdf
歯科技工所,25-3-20,中川デンタルラボ,520-3201,甲賀市信楽町宮町６０８,中川 太勇己,中川 太勇己,,H26.5.5,,,5586267.pdf
歯科技工所,25-3-21,ｉｗｏｋｋｕ,520-3322,甲賀市甲南町深川１３４－７,太田 仁,太田 仁,0748-86-3872,R2.12.11,,,5586267.pdf
歯科技工所,25-3-22,株式会社 oral design,520-3248,湖南市菩提寺西三丁目11番26号,山本 敦之,谷 智之,0748-74-8120,R3.3.31,,,5586267.pdf
歯科技工所,25-3-23,ダイケンデンタルラボ,528-0067,甲賀市水口町山９９,岡村 裕全,岡村 裕全,,R5.3.7,,,5586267.pdf
歯科技工所,25-4-1,吉川デンタルラボラトリー,523-0884,近江八幡市北末町２,吉川 保,吉川 保,0748-32-2691,S47.11.25,,,5586267.pdf
歯科技工所,25-4-2,アイデンタルラボラトリー,523-0058,近江八幡市加茂町１１１７－３,岡田紀夫,岡田紀夫,0748-34-8822,S58.10.1,,,5586267.pdf
歯科技工所,25-4-3,（有）中森デンタルラボラトリー,523-0892,近江八幡市出町４２３－２,寺田耕次,寺田耕次,0748-33-0934,H7.2.8,,,5586267.pdf
歯科技工所,25-4-4,エー・ディー・エス,523-0063,近江八幡市十王町７６７,中川 豊,中川 豊,0748-36-6033,H20.6.16,,,5586267.pdf
歯科技工所,25-4-5,西倉デンタルセラミックス,523-0808,近江八幡市長命寺町２９－８,西倉一宏,西倉一宏,0748-36-7910,H21.7.15,,,5586267.pdf
歯科技工所,25-4-6,戸井歯科補綴研究所,521-1321,近江八幡市安土町桑実寺３５８,戸井敏男,戸井敏男,0748-46-3516,S50.4.14,,,5586267.pdf
歯科技工所,25-4-7,Ｊ．デンタルアート,521-1351,近江八幡市安土町常楽寺３８－３５,城念次男,城念次男,0748-46-4874,H2.5.24,,,5586267.pdf
歯科技工所,25-4-8,ラボラトリー植田,523-0892,近江八幡市出町２２８－２６,植田 潤,植田 潤,,H30.5.16,,,5586267.pdf
歯科技工所,25-4-9,矢守技研,527-0004,東近江市建部堺町２９４－７,矢守 修,矢守 修,0748-22-6213,H2.1.8,,,5586267.pdf
歯科技工所,25-4-10,イチダデンタルオフィス,527-0017,東近江市昭和町１－１８住井第二歯科医院気付,市田喜昭,住井 裕,0748-53-1581,H12.2.1,,,5586267.pdf
歯科技工所,25-4-11,金村歯研,527-0227,東近江市石谷町５２８－２０,金村里志,金村里志,0748-27-0151,H13.2.1,,,5586267.pdf
歯科技工所,25-4-12,デンタル・ラボ・アクア,529-1435,東近江市五個荘伊野部町５６８,深尾雅成,深尾雅成,0748-45-5225,H13.1.22,,,5586267.pdf
歯科技工所,25-4-13,大辻デンタルラボラトリー,521-1222,東近江市佐野町５６９－９,大辻賢次,大辻賢次,0748-42-3321,S61.11.1,,,5586267.pdf
歯科技工所,25-4-14,神崎歯科製作所,521-1213,東近江市神郷町１１０９,山本 茂,山本 茂,0748-42-5346,H2.4.10,,,5586267.pdf
歯科技工所,25-4-15,にしきの補綴工房,521-1245,東近江市栗見出在家町７９１,木下英幸,木下英幸,0748-45-0210,H7.4.10,,,5586267.pdf
歯科技工所,25-4-16,北川歯科補綴研究所,521-1212,東近江市種町６４５－１２８,北川達巳,北川達巳,0748-42-2000,H8.3.1,,,5586267.pdf
歯科技工所,25-4-17,平井歯科技工所,527-0074,東近江市市辺町１０７１－１,平井道雄,平井道雄,0748-25-1623,H12.4.1,,,5586267.pdf
歯科技工所,25-4-18,GIKOUYAいぐち,521-1221,東近江市垣見町５４３－１,井口圭三,井口圭三,0748-42-6708,H21.6.8,,,5586267.pdf
歯科技工所,25-4-19,Noya・Dental・Art,527-0028,東近江市八日市金屋３－４－２,野矢紀満,野矢紀満,0748-22-5084,H21.7.20,,,5586267.pdf
歯科技工所,25-4-20,中村総研デンタルケア（株）,527-0074,東近江市市辺町２３９６,中村一也,中村一也,0748-25-1757,H24.1.1,,,5586267.pdf
歯科技工所,25-4-21,辻野デンタルラボ能登川,521-1222,東近江市佐野町４６３－２１,辻野 佐吉,辻野 佐吉,0748-42-4164,H26.4.1,,,5586267.pdf
歯科技工所,25-4-22,Prime Dental Laboratory,521-1222,東近江市佐野町４６３－５,椿 圭司,椿 圭司,,H27.4.1,,,5586267.pdf
歯科技工所,25-4-23,英樹工房,527-0137,東近江市西菩提寺町２５７,小林 英樹,小林 英樹,0749-45-0058,H21.1.7,,,5586267.pdf
歯科技工所,25-4-24,小森デンタルラボラトリー,529-1610,日野町奥之池８６０,小森雅夫,小森雅夫,0748-52-1399,H6.1.10,,,5586267.pdf
歯科技工所,25-4-25,タツヤマインターナショナル,529-1601,日野町松尾１－７－３,鄭 善己,鄭 善己,,H21.12.11,,,5586267.pdf
歯科技工所,25-4-26,ラボハウスカカ,,,畦地公敏,畦地公敏,,H7.7.16,,,5586267.pdf
歯科技工所,25-4-27,Oral Bio Design株式会社,529-1431,東近江市五個荘山本町２２０番地,上田友和,上田友和,0748-43-1285,H30.8.28,,,5586267.pdf
歯科技工所,25-4-28,ゴンマツデンタルラボ合同会社,521-1235,東近江市伊庭町２３０３,ゴンマツデンタルラボ合同会社,西川建太朗,,R5.12.28,,,5586267.pdf
歯科技工所,25-4-29,合同会社PAZAPA,527-0221,東近江市上二俣町１１０５,合同会社PAZAPA,栗田 明彦,0748-27-1443,H30.7.5,,,5586267.pdf
歯科技工所,25-4-30,KDL(コナカ デンタルラボラトリー),523-0083,近江八幡市舟木町1289－2,小中 幸男,小中 幸男,,R4.4.14,,,5586267.pdf
歯科技工所,25-4-31,デンタル ラボ Sin,527-0125,東近江市小田苅町２２７８－２５,文村 茂生,文村 茂生,,R3.3.29,,,5586267.pdf
歯科技工所,25-4-32,ラボハウス コバヤシ,521-1212,東近江市種町1720番地６９,小林 友里,小林 友里,,R3.3.30,,,5586267.pdf
歯科技工所,25-5-1,岡本歯科技工所,522-0024,彦根市正法寺町128,岡本 琢二,岡本 琢二,,S57.4.15,,,5586267.pdf
歯科技工所,25-5-2,宮川デンタルラボラトリー,529-1315,愛知郡愛荘町沓掛339,宮川 典之,宮川 典之,,S57.7.15,,,5586267.pdf
歯科技工所,25-5-3,有限会社タキイ・デンタル・アート,521-1124,彦根市野良田町320,有限会社タキイ・デンタル・アート,瀧居 茂喜,43-6288,S59.8.1,,,5586267.pdf
歯科技工所,25-5-4,ファイン・デンタル,522-0052,彦根市中薮町634-37,辻 佳樹,辻 佳樹,26-4680,H29.9.28,,,5586267.pdf
歯科技工所,25-5-5,久保歯研,522-0023,彦根市原町850-69,久保 雅英,久保 雅英,,H5.7.2,,,5586267.pdf
歯科技工所,25-5-6,ノグチ・デンタル・ファクトリー,522-0201,彦根市高宮町2199,野口 秀行,野口 秀行,23-5037,H6.8.18,,,5586267.pdf
歯科技工所,25-5-7,Ｎ．Ｄラボラトリー,522-0051,彦根市中薮町776-39,中川 欣哉,中川 欣哉,23-1296,H25.4.1,,,5586267.pdf
歯科技工所,25-5-8,渡辺デンタルアトリエ,521-1132,彦根市下稲葉町408,渡邊 良一,渡邊 良一,43-5990,H7.6.1,,,5586267.pdf
歯科技工所,25-5-9,田中デンタル・クラフト,522-0064,彦根市本町一丁目9-5,田中 幸稔,田中 幸稔,26-5859,H8.1.4,,,5586267.pdf
歯科技工所,25-5-10,デンタル・ワークス・ミヤモリ,522-0222,彦根市南川瀬町1078,宮森 誠人,宮森 誠人,,H13.2.1,,,5586267.pdf
歯科技工所,25-5-11,義歯研究所,521-1124,彦根市野良田町319,瀧居 善博,瀧居 善博,43-5353,H17.9.1,,,5586267.pdf
歯科技工所,25-5-12,Ｉ．Ｄ．Ｌａｂ,522-0024,彦根市正法寺町480-15,井口 将,井口 将,27-1886,H22.4.1,,,5586267.pdf
歯科技工所,25-5-13,デンタルラボＳｉｎ,522-0023,彦根市原町850-187-10B,文村 茂生,文村 茂生,27-5777,H25.9.17,,,5586267.pdf
歯科技工所,25-5-14,Dental works F.L.Y,522-0352,犬上郡多賀町久徳183-21,山﨑 利弘,山﨑 利弘,20-9566,H25.9.20,,,5586267.pdf
歯科技工所,25-5-15,小川技研,522-0023,彦根市原町813-9,小川貴史,小川貴史,20-6402,H29.4.1,,,5586267.pdf
歯科技工所,25-5-16,テクニカ,522-0223,彦根市川瀬南町1392-33,寺口正和,寺口正和,25-2554,H23.4.1,,,5586267.pdf
歯科技工所,25-5-17,斉藤ラボ,529-1175,豊郷町沢347-1,斉藤 義雄,斉藤 義雄,,H31.1.10,,,5586267.pdf
歯科技工所,25-5-18,キタマチデンタル,522-0041,彦根市平田町137-8,北村 知士,北村 知士,24-1050,R3.6.1,,,5586267.pdf
歯科技工所,25-5-19,ミホデンタルスタジオ,522-0004,彦根市鳥居本町2341番地5,戸田 美穂,戸田 美穂,,R4.3.1,,,5586267.pdf
歯科技工所,25-5-20,ハザマデントサーブ,522-0262,犬上郡甲良町横関354番地,陌間 勉,陌間 勉,0749－38－2740,R5.5.16,,,5586267.pdf
歯科技工所,25-5-21,ＤＥＮＴＡＬ LABO D-BASE,529-1223,愛知郡愛荘町島川1290-12,中辻 諒,中辻 諒,,R6.4.1,,,5586267.pdf
歯科技工所,25-5-22,オガワセラミックス,522-0025,彦根市野田山町587-4,小川 博史,小川 博史,,R6.7.25,,,5586267.pdf
歯科技工所,25-5-23,Kｄ・Labo,522-0043,彦根市小泉町310-15-103,北川 政行,北川 政行,0749-26-7322,R3.10.16,,,5586267.pdf
歯科技工所,25-5-24,株式会社 フジ・デンタルラボ 彦根支店,522-0222,彦根市南川瀬町1520番地2川瀬駅前ﾛｰﾀｽﾋﾞﾙ2F,（株）フジ・デンタルラボ,堀 雄一,,R6.9.26,,,5586267.pdf
歯科技工所,25-6-1,寺居歯科技工所,5260236,長浜市野村町745,寺居 武志,寺居 武志,-,S55.11.1,,,5586267.pdf
歯科技工所,25-6-2,福永歯科技工所,5260023,長浜市三ツ矢町13-37,福永 武男,福永 武男,-,S60.2.15,,,5586267.pdf
歯科技工所,25-6-3,デンタルラボ藤田,5260844,長浜市南田附町313-5,藤田 尚彦,藤田 尚彦,-,H7.4.1,,,5586267.pdf
歯科技工所,25-6-4,湖北歯科技工所,5260056,長浜市朝日町7-1,清水 康治,清水 康治,0749-62-5391,S53.8.20,,,5586267.pdf
歯科技工所,25-6-5,近藤歯科技工所,5260045,長浜市寺田町70-2,近藤 直哉,近藤 直哉,0749-65-4310,H1.12.1,,,5586267.pdf
歯科技工所,25-6-6,今西デンタル・ラボ・ラトリー,5260833,長浜市永久寺町811-2,今西 啓一,今西 啓一,0749-62-9628,H4.7.31,,,5586267.pdf
歯科技工所,25-6-7,多賀技研,5260053,長浜市宮前町9-9,多賀 一浩,多賀 一浩,0749-62-5646,H5.5.1,,,5586267.pdf
歯科技工所,25-6-8,上田歯科技工所,5260044,長浜市下坂中町325-1ｴｸｼﾘｱ下坂東101,上田 雅信,上田 雅信,,H28.4.2,,,5586267.pdf
歯科技工所,25-6-9,デンタルパレス,5260017,長浜市相撲町1381-36,尾本 清,尾本 清,0749-68-2544,H11.4.1,,,5586267.pdf
歯科技工所,25-6-10,上阪技工所,5290113,長浜市大井町1000,上阪 文夫,上阪 文夫,0749-73-3112,H12.3.30,,,5586267.pdf
歯科技工所,25-6-11,デンタルクラフト,5210003,米原市入江259-14,池田 宏,池田 宏,0749-52-6910,H13.4.1,,,5586267.pdf
歯科技工所,25-6-12,ナリタデンタルラボラトリー,5260032,長浜市南高田町1-27,成田 悟司,成田 悟司,0749-62-5290,H15.2.14,,,5586267.pdf
歯科技工所,25-6-13,片山デンタルラボラトリー,5210322,米原市杉沢547-11,片山 啓,片山 啓,0749-55-4525,H15.4.1,,,5586267.pdf
歯科技工所,25-6-14,イブキデンタルデザイン,5210313,米原市弥高476,中辻 正樹,中辻 正樹,0749-58-0455,H16.5.1,,,5586267.pdf
歯科技工所,25-6-15,アイバデンタルクリエイター,5290113,長浜市大井町203,饗場 浩通,饗場 浩通,0749-73-2799,H18.3.3,,,5586267.pdf
歯科技工所,25-6-16,Ｙ’Ｓデンタルラボラトリー,5260021,長浜市八幡中山町1175-9,吉田 友和,吉田 友和,0749-65-6355,H18.6.20,,,5586267.pdf
歯科技工所,25-6-17,滋賀デンタルスタジオ,5260213,長浜市醍醐町291-1,草野 規弘,草野 規弘,,H19.5.18,,,5586267.pdf
歯科技工所,25-6-18,ゴールドデンタルラボラトリー,5260056,長浜市朝日町21-7,田川 栄治,田川 栄治,0749-65-3449,H23.8.30,,,5586267.pdf
歯科技工所,25-6-19,清水歯科技工所,5260052,長浜市神前町5-8,清水 伸彦,清水 伸彦,0749-62-0694,H27.4.1,,,5586267.pdf
歯科技工所,25-6-20,Dental Create KUNITOMO,5260001,長浜市国友町543,國友 弘,國友 弘,-,H29.4.17,,,5586267.pdf
歯科技工所,25-6-21,医療法人益歯会 成田歯科医院技工所,5260036,長浜市地福寺町10番28号,医療法人益歯会 成田歯科医院,成田 益理,-,H30.12.1,,,5586267.pdf
歯科技工所,25-6-22,ピュアデンタルスタジオ,5210226,米原市朝日５６９,大橋 伸弘,大橋 伸弘,,H25.4.1,,,5586267.pdf
歯科技工所,25-6-23,長浜デンタルアート,5260063,長浜市末広町２９６－１８,近藤 健,近藤健,,H7.5.6,,,5586267.pdf
歯科技工所,25-7-1,株式会社キャスティングオカモト,520-1603,高島市今津町北仰452,株式会社キャスティングオカモト,吉川 昌之,0740-22-5011,H5.1.9,,,5586267.pdf
歯科技工所,25-7-2,Ｔデンタルファクトリー,520-1621,高島市今津町今津名小路2-1-22,堤 一彦,堤 一彦,,H5.9.1,,,5586267.pdf
歯科技工所,25-7-3,エフ・デンタルラボ,520-1511,高島市新旭町藁園2524-23,和田 典夫,和田 典夫,0740-25-5161,H6.6.27,,,5586267.pdf
歯科技工所,25-7-4,ヒロ・デンタルクラフト,520-1217,高島市安曇川町田中1598-77,清家 浩文,清家 浩文,0740-32-1576,H18.5.1,,,5586267.pdf
歯科技工所,25-7-5,かきもと Ｄｅｎｔｓ Ｌａｂｏ,520-1201,高島市安曇川町上古賀1269,柿本 芳則,柿本 芳則,0740-33-0276,H29.3.21,,,5586267.pdf
歯科技工所,25-7-6,西村歯科補綴研究所,520-1121,高島市勝野1195,西村 勉,西村 勉,0740-36-0878,S50.1.8,,,5586267.pdf
歯科技工所,25-7-7,大塚技工所,520-1142,高島市鹿ケ瀬372-1,大塚 保,大塚 保,0740-37-0790,H4.9.1,,,5586267.pdf
薬局,20007-100,株式会社永寿薬局,520-2331,野洲市小篠原２２１５,株式会社永寿薬局,,077-587-0151,,2024-01-01,2029-12-31,5612273.xlsx
薬局,20017-100,長谷川薬局,525-0023,草津市平井一丁目４－２５,長谷川　恒子,,077-563-3373,,2024-01-01,2029-12-31,5612273.xlsx
薬局,20022-100,ＡＢＣ薬局,520-3035,栗東市霊仙寺二丁目１－３２,木村　ヤス子,,077-553-3537,,2024-01-01,2029-12-31,5612273.xlsx
薬局,20027-100,有限会社扇庄薬局　守山店,524-0022,守山市守山六丁目１－２２,有限会社扇庄薬局,,077-582-1690,,2024-01-01,2029-12-31,5612273.xlsx
薬局,20032-100,油定薬局,520-2304,野洲市永原５１７,株式会社アブラサダ,,077-587-0245,,2023-01-01,2028-12-31,5612273.xlsx
薬局,20033-100,誠心堂薬局,524-0036,守山市伊勢町４５１－１３４,清水　稔,,077-583-2720,,2023-01-01,2028-12-31,5612273.xlsx
薬局,20050-100,滋賀県薬剤師会　会営薬局,525-0072,草津市笠山七丁目４－５２,一般社団法人滋賀県薬剤師会,,077-567-2435,,2022-01-01,2027-12-31,5612273.xlsx
薬局,20055-100,ティエス調剤薬局　守山店,524-0033,守山市浮気町３００－１５　グランドメゾン１０２,株式会社ティエスプラン,,077-581-1085,,2023-01-01,2028-12-31,5612273.xlsx
薬局,20059-100,アルファー薬局,520-2331,野洲市小篠原１１１１－１,株式会社アルファー薬品,,077-587-3805,,2024-01-01,2029-12-31,5612273.xlsx
薬局,20061-100,スマイル薬局,520-3024,栗東市小柿六丁目１－４１－１－１,有限会社スマイル,,077-552-6923,,2024-01-01,2029-12-31,5612273.xlsx
薬局,20078-100,ティエス調剤薬局　南草津店,525-0055,草津市野路一丁目６－５,株式会社ティエスプラン,,077-561-7425,,2024-01-01,2029-12-31,5612273.xlsx
薬局,20644-100,ティエス調剤薬局　野路店,525-0055,草津市野路五丁目４－１,株式会社ティエスプラン,,077-567-1050,,2024-01-01,2029-12-31,5612273.xlsx
薬局,20682-100,ティエス調剤薬局　野村店,525-0027,草津市野村八丁目９－３８,株式会社ティエスプラン,,077-566-2313,,2021-01-01,2026-12-31,5612273.xlsx
薬局,20695-100,スズキ調剤薬局　大宝店,520-3035,栗東市霊仙寺一丁目２－１９　ＥＳＰＯ栗東１Ｆ,スズキ薬局株式会社,,077-551-0919,,2022-01-01,2027-12-31,5612273.xlsx
薬局,20706-100,ふれあい薬局,524-0022,守山市守山四丁目１３－２,株式会社近畿予防医学研究所,,077-581-2550,,2022-01-01,2027-12-31,5612273.xlsx
薬局,20777-100,スマイル薬局　野洲店,520-2362,野洲市市三宅２７３２,有限会社スマイル,,077-586-0527,,2023-01-01,2028-12-31,5612273.xlsx
薬局,20821-100,もも薬局　穴村店,525-0012,草津市穴村町３１４－１,有限会社もも薬局,,077-568-8525,,2024-01-01,2029-12-31,5612273.xlsx
薬局,20831-100,ドリーム薬局　南草津店,525-0055,草津市野路一丁目６－５,有限会社未来,,077-569-5630,,2024-01-01,2029-12-31,5612273.xlsx
薬局,20867-100,ササ薬局　野洲店,520-2331,野洲市小篠原１２６６,有限会社ササ薬局,,077-518-0865,,2025-01-01,2030-12-31,5612273.xlsx
薬局,20898-100,オードリー薬局,520-3016,栗東市小野８８１－３,嶋林　正治,,077-552-8850,,2025-01-01,2030-12-31,5612273.xlsx
薬局,20948-100,パスカル薬局,525-0032,草津市大路一丁目１１－１６,株式会社パスカルシステム,,077-562-9354,,2026-01-01,2031-12-31,5612273.xlsx
薬局,20956-100,小島薬局,524-0041,守山市勝部一丁目１－２１－１０２,有限会社こじま,,077-583-0616,,2026-01-01,2031-12-31,5612273.xlsx
薬局,21506-100,やよい調剤薬局,520-3024,栗東市小柿十丁目１６－１１,木村　弥生,,077-532-1539,,2026-01-01,2031-12-31,5612273.xlsx
薬局,21521-100,ほとめき薬局,520-2323,野洲市三上２７７－１,有限会社イツモ,,077-518-0676,,2026-01-01,2031-12-31,5612273.xlsx
薬局,21533-100,スギ薬局　守山店,524-0021,守山市吉身三丁目１４－３０,株式会社スギ薬局,,077-514-1911,,2026-01-01,2031-12-31,5612273.xlsx
薬局,21576-100,ハーモニー薬局・かがやき店,525-0048,草津市追分南二丁目１１－７,有限会社ジャパン・クリエティブ,,561-5155,,2026-01-01,2031-12-31,5612273.xlsx
薬局,21626-100,スズキ調剤薬局　南草津店,525-0050,草津市南草津一丁目１－８,スズキ薬局株式会社,,077-565-4220,,2021-01-01,2026-12-31,5612273.xlsx
薬局,21631-100,みのり薬局,520-3027,栗東市野尻４４０－４,株式会社ＭＹＮＳ,,077-554-7644,,2021-01-01,2026-12-31,5612273.xlsx
薬局,21650-100,ティエス調剤薬局　草津駅前店,525-0026,草津市渋川一丁目２－２６　ザ・草津タワー２階,株式会社ティエスプラン,,077-561-2509,,2021-01-01,2026-12-31,5612273.xlsx
薬局,21661-100,パンプキン調剤薬局,520-2413,野洲市吉地一丁目１１９３－２,株式会社ケイ・エム・シー,,077-589-6701,,2021-01-01,2026-12-31,5612273.xlsx
薬局,21679-100,南草津プラス薬局,525-0050,草津市南草津三丁目１－１４,有限会社プラス薬局,,077-569-2508,,2021-01-01,2026-12-31,5612273.xlsx
薬局,21687-100,アイランド薬局　守山店,524-0022,守山市守山三丁目１０－１１,アポクリート株式会社,,077-582-0006,,2022-01-01,2027-12-31,5612273.xlsx
薬局,21724-100,ユタカ薬局　西草津,525-0028,草津市上笠二丁目３３－１２,株式会社ユタカファーマシー,,077-561-4080,,2022-01-01,2027-12-31,5612273.xlsx
薬局,21783-100,イオン薬局　草津店,525-0067,草津市新浜町３００,イオンリテール株式会社,,077-565-0913,,2023-01-01,2028-12-31,5612273.xlsx
薬局,21788-100,さわだ薬局,525-0013,草津市新堂町４９－５,株式会社スリーエムコーポレーション,,077-568-3910,,2023-01-01,2028-12-31,5612273.xlsx
薬局,21821-100,オレンジ薬局,520-2362,野洲市市三宅２３３９－３,株式会社オレンジメディカル,,077-598-5577,,2023-01-01,2028-12-31,5612273.xlsx
薬局,21830-100,ハーモニー薬局　守山石田店,524-0014,守山市石田町２７５－７,株式会社ウッドゲート,,077-518-7077,,2023-01-01,2028-12-31,5612273.xlsx
薬局,21832-100,追分口プラス薬局,525-0047,草津市追分三丁目１－７,有限会社プラス薬局,,077-535-5991,,2023-01-01,2028-12-31,5612273.xlsx
薬局,21856-100,尾﨑薬局,524-0214,守山市立田町１７７２－３,有限会社ハイメディカル,,077-584-3141,,2024-01-01,2029-12-31,5612273.xlsx
薬局,21869-100,日本調剤　栗東薬局,520-3046,栗東市大橋二丁目６－１８,日本調剤株式会社,,077-554-9150,,2024-01-01,2029-12-31,5612273.xlsx
薬局,21870-100,ハト薬局,525-0066,草津市矢橋町６０１－６,小川　薫貴,,077-599-1808,,2024-01-01,2029-12-31,5612273.xlsx
薬局,21894-100,みのり薬局　大門店,524-0052,守山市大門町３４－８,株式会社ＭＹＮＳ,,077-599-3997,,2024-01-01,2029-12-31,5612273.xlsx
薬局,21895-100,スギ薬局　野洲店,520-2331,野洲市小篠原１９８０－５,株式会社スギ薬局,,077-518-1051,,2024-01-01,2029-12-31,5612273.xlsx
薬局,21897-100,ひだまり薬局,525-0066,草津市矢橋町１０４－３,山本　慶佑,,077-584-5711,,2024-01-01,2029-12-31,5612273.xlsx
薬局,21919-100,こまいざわ薬局,525-0014,草津市駒井沢町４０５－２,株式会社スリーエムコーポレーション,,077-584-4081,,2025-01-01,2030-12-31,5612273.xlsx
薬局,21929-100,ティエス調剤薬局　矢橋店,525-0066,草津市矢橋町１５６５－１,株式会社ティエスプラン,,077-566-7707,,2025-01-01,2030-12-31,5612273.xlsx
薬局,21938-100,おひさま薬局　都賀山通り店,524-0041,守山市勝部六丁目３－３３,株式会社サン調剤薬局,,077-584-5601,,2025-01-01,2030-12-31,5612273.xlsx
薬局,21947-100,琵琶湖おおはし薬局,524-0102,守山市水保町１２６８－２１,株式会社愛知メディックス,,077-585-0991,,2025-01-01,2030-12-31,5612273.xlsx
薬局,21948-100,つくし薬局　玉川店,525-0059,草津市野路八丁目２２－２９,有限会社つくし薬局,,077-532-8559,,2025-01-01,2030-12-31,5612273.xlsx
薬局,21959-100,ＪＲＡファシリティーズ株式会社　栗東薬局,520-3005,栗東市御園１０２８,ＪＲＡファシリティーズ株式会社,,077-558-0253,,2025-01-01,2030-12-31,5612273.xlsx
薬局,21966-100,吉井薬局　南草津店,525-0059,草津市野路一丁目７－２１　リベリー南草津２階,吉井　勉,,077-567-2006,,2026-01-01,2031-12-31,5612273.xlsx
薬局,21972-100,ハーモニー薬局・草津店,525-0037,草津市西大路町４－３２,有限会社ジャパン・クリエティブ,,077-563-7301,,2026-01-01,2031-12-31,5612273.xlsx
薬局,21986-100,クスリのアオキ　目川薬局,520-3013,栗東市目川１４３３,株式会社クスリのアオキ,,077-574-8461,,2026-01-01,2031-12-31,5612273.xlsx
薬局,21989-100,ウエルシア薬局野洲小篠原店,520-2331,野洲市小篠原１６１１－１,ウエルシア薬局株式会社,,077-518-0501,,2026-01-01,2031-12-31,5612273.xlsx
薬局,21990-100,クスリのアオキ霊仙寺薬局,520-3035,栗東市霊仙寺一丁目４－６,株式会社クスリのアオキ,,077-516-4515,,2026-01-01,2031-12-31,5612273.xlsx
薬局,21995-100,ウエルシア薬局　栗東手原店,520-3047,栗東市手原一丁目９－１７,ウエルシア薬局株式会社,,077-554-9588,,2026-01-01,2031-12-31,5612273.xlsx
薬局,22029-100,おはな薬局,525-0023,草津市平井一丁目１８－４,井　真弥,,077-567-0870,,2021-01-01,2026-12-31,5612273.xlsx
薬局,22054-100,調剤薬局ツルハドラッグ栗東安養寺店,520-3015,栗東市安養寺八丁目２－２２,株式会社ツルハ,,077-551-6270,,2021-01-01,2026-12-31,5612273.xlsx
薬局,22059-100,ウエルシア薬局滋賀守山店,524-0022,守山市守山六丁目１０－３７,ウエルシア薬局株式会社,,077-514-0620,,2021-01-01,2026-12-31,5612273.xlsx
薬局,22063-100,もりのこ調剤薬局,524-0021,守山市吉身一丁目５－１４,株式会社愛知メディックス,,077-596-5401,,2021-01-01,2026-12-31,5612273.xlsx
薬局,22112-100,日本調剤　草津薬局,525-0037,草津市西大路町７－７,日本調剤株式会社,,077-562-4539,,2021-01-01,2026-12-31,5612273.xlsx
薬局,22126-100,中山メディカル薬局,525-0047,草津市追分一丁目４－２５－１,株式会社愛知メディックス,,077-561-3828,,2022-01-01,2027-12-31,5612273.xlsx
薬局,22130-100,なの花薬局　栗東大宝店,520-3035,栗東市霊仙寺一丁目１－５３,株式会社なの花西日本,,077-553-5211,,2022-01-01,2027-12-31,5612273.xlsx
薬局,22131-100,なの花薬局　草津野村店,525-0027,草津市野村六丁目１－３　コンフォーレＴ１　１Ｆ,株式会社なの花西日本,,077-566-5011,,2022-01-01,2027-12-31,5612273.xlsx
薬局,22132-100,ポニー薬局,520-2331,野洲市小篠原１９５７－２,株式会社なみかコーポレーション,,077-598-6801,,2022-01-01,2027-12-31,5612273.xlsx
薬局,22134-100,うさぎ調剤薬局　南草津店,525-0050,草津市南草津二丁目４－３,株式会社うさぎメディケア,,077-561-5152,,2022-01-01,2027-12-31,5612273.xlsx
薬局,22137-100,サン調剤薬局　えんま堂店,524-0042,守山市焔魔堂町１１５－１,株式会社サン調剤薬局,,077-596-5536,,2022-01-01,2027-12-31,5612273.xlsx
薬局,21003-100,すこやか薬局,524-0022,守山市守山五丁目６－５３,株式会社近畿予防医学研究所,,077-514-0507,,2021-01-01,2026-12-31,5612273.xlsx
薬局,21005-100,たんぽぽ薬局　守山店,524-0022,守山市守山五丁目５－２７,たんぽぽ薬局株式会社,,077-514-0401,,2021-01-01,2026-12-31,5612273.xlsx
薬局,21016-100,プラス薬局,525-0045,草津市若草五丁目１３－３,有限会社プラス薬局,,077-561-0988,,2022-01-01,2027-12-31,5612273.xlsx
薬局,21047-100,調剤薬局しづ,525-0041,草津市青地町４９６－３,株式会社愛知メディックス,,077-566-7509,,2022-01-01,2027-12-31,5612273.xlsx
薬局,21069-100,あおぞら調剤薬局　上笠店,525-0028,草津市上笠三丁目２７－２１,有限会社青空,,077-561-1090,,2022-01-01,2027-12-31,5612273.xlsx
薬局,21077-100,あおぞら調剤薬局　大路店,525-0032,草津市大路一丁目１５－４３　１Ｆ,有限会社青空,,077-569-5336,,2022-01-01,2027-12-31,5612273.xlsx
薬局,21285-100,ムラセ薬局　南草津店,525-0059,草津市野路一丁目１４－４７,有限会社ムラセ薬局,,077-563-4300,,2024-01-01,2029-12-31,5612273.xlsx
薬局,21293-100,ユタカ調剤薬局　守山Ⅱ,524-0045,守山市金森町９６３,株式会社ユタカファーマシー,,077-582-3005,,2024-01-01,2029-12-31,5612273.xlsx
薬局,21364-100,スズキ薬局　栗東店,520-3015,栗東市安養寺一丁目１－２０－１０２号,スズキ薬局株式会社,,077-553-8122,,2024-01-01,2029-12-31,5612273.xlsx
薬局,21406-100,ハーモニー薬局,524-0021,守山市吉身三丁目１７－２９,株式会社ハーモニー・ウェルネス,,077-581-3951,,2024-01-01,2029-12-31,5612273.xlsx
薬局,21447-100,ハーモニー薬局・野洲店,520-2351,野洲市冨波甲１０８７－３,株式会社ハーモニー・ウェルネス,,077-586-6807,,2025-01-01,2030-12-31,5612273.xlsx
薬局,21459-100,サン調剤薬局,524-0021,守山市吉身二丁目６－２３,株式会社サン調剤薬局,,077-514-0337,,2025-01-01,2030-12-31,5612273.xlsx
薬局,22139-100,スギ薬局　草津店,525-0036,草津市草津町１５２０－１,株式会社スギ薬局,,077-566-6915,,2022-01-01,2027-12-31,5612273.xlsx
薬局,22141-100,ふれあい薬局・コープもりやま前,524-0041,守山市勝部三丁目１５－３１－１,株式会社近畿予防医学研究所,,077-514-2007,,2022-01-01,2027-12-31,5612273.xlsx
薬局,22160-100,ヤクゴ薬局　守山店,524-0103,守山市洲本町１２５６－７,株式会社ファルマスター,,077-584-3001,,2022-01-01,2027-12-31,5612273.xlsx
薬局,22170-100,スズキ調剤薬局　栗東駅前店,520-3031,栗東市綣二丁目４－５　ウイングプラザ１Ｆ,スズキ薬局株式会社,,077-516-4222,,2023-01-01,2028-12-31,5612273.xlsx
薬局,22175-100,はなちゃん薬局,524-0013,守山市下之郷三丁目１－４１－１,株式会社はなちゃん薬局,,077-581-2080,,2023-01-01,2028-12-31,5612273.xlsx
薬局,22186-100,栗東シンザン像前調剤薬局,520-3005,栗東市御園８４６－１,株式会社ＬＥＶＥＬ－Ｋ,,077-596-5490,,2023-01-01,2028-12-31,5612273.xlsx
薬局,22193-100,もりやま薬局,524-0033,守山市浮気町２１６－１,株式会社スリーエムコーポレーション,,077-582-8821,,2023-01-01,2028-12-31,5612273.xlsx
薬局,22195-100,どんぐり薬局安養寺店,520-3015,栗東市安養寺三丁目１１－１１,株式会社チェックポイント,,077-576-5267,,2023-01-01,2028-12-31,5612273.xlsx
薬局,22196-100,どれみ薬局,520-2331,野洲市小篠原８６９－８,有限会社メディネット,,077-576-7707,,2023-01-01,2028-12-31,5612273.xlsx
薬局,22213-100,フロンティア薬局滋賀医大店,525-0072,草津市笠山七丁目６－５３,株式会社フロンティア,,077-516-7776,,2023-01-01,2028-12-31,5612273.xlsx
薬局,22214-100,日本調剤　滋賀医大前薬局,525-0072,草津市笠山七丁目６－５３,日本調剤株式会社,,077-598-6250,,2023-01-01,2028-12-31,5612273.xlsx
薬局,22225-100,りぼん薬局　野洲店,520-2331,野洲市小篠原２０５５,株式会社サンポーウェルズ,,077-586-3501,,2024-01-01,2029-12-31,5612273.xlsx
薬局,22229-100,アイセイ薬局　南草津店,525-0050,草津市南草津二丁目７－２２,株式会社アイセイ薬局,,077-567-6121,,2023-01-01,2028-12-31,5612273.xlsx
薬局,22230-100,ふれあい薬局・栗東,520-3046,栗東市大橋二丁目７－４,株式会社近畿予防医学研究所,,077-554-8755,,2024-01-01,2029-12-31,5612273.xlsx
薬局,22232-100,とまと薬局　行畑店,520-2341,野洲市行畑７２８,株式会社アルテア,,077-598-1226,,2024-01-01,2029-12-31,5612273.xlsx
薬局,22241-100,ふれあい薬局・金森,524-0045,守山市金森町５９８－２,株式会社近畿予防医学研究所,,077-581-2188,,2024-01-01,2029-12-31,5612273.xlsx
薬局,22252-100,ますだ薬局　守山店,524-0022,守山市守山五丁目８－１３,有限会社メディテック,,077-581-8179,,2024-01-01,2029-12-31,5612273.xlsx
薬局,22258-100,クオール薬局こびらい店,520-3034,栗東市小平井三丁目２－２４,クオール株式会社,,077-554-8501,,2024-01-01,2029-12-31,5612273.xlsx
薬局,22260-100,スギ薬局　守山東店,524-0041,守山市勝部五丁目７－１８,株式会社スギ薬局,,077-574-8911,,2024-01-01,2029-12-31,5612273.xlsx
薬局,22272-100,スギ薬局　栗東ひがし店,520-3041,栗東市出庭５２３－１,株式会社スギ薬局,,077-574-8901,,2025-01-01,2030-12-31,5612273.xlsx
薬局,22275-100,つばさ薬局　野洲店,520-2353,野洲市久野部１９４－３,有限会社ムラセ薬局,,077-518-0111,,2025-01-01,2030-12-31,5612273.xlsx
薬局,22281-100,ぎおう薬局,520-2304,野洲市永原１８３４－４,株式会社三和メディカル,,077-586-9050,,2025-01-01,2030-12-31,5612273.xlsx
薬局,22284-100,スギ薬局　草津大路店,525-0032,草津市大路三丁目５－８,株式会社スギ薬局,,077-584-5890,,2025-01-01,2030-12-31,5612273.xlsx
薬局,22289-100,はなちゃん薬局　２号店,524-0045,守山市金森町４５２－７,株式会社はなちゃん薬局,,,,2025-01-01,2030-12-31,5612273.xlsx
薬局,22292-100,マリーンピア薬局,525-0037,草津市西大路町４－３２　クサツウエストロイヤルタワー２－７区画,株式会社マーメイド,,077-599-3335,,2025-01-01,2030-12-31,5612273.xlsx
薬局,22293-100,ハーモニー薬局・追分店,525-0048,草津市追分南四丁目６－２４,株式会社ハーモニー・レゾナンス,,077-596-3680,,2025-01-01,2030-12-31,5612273.xlsx
薬局,22306-100,つなぐ薬局　栗東店,520-3047,栗東市手原五丁目６－１４,有限会社協同プラン,,077-552-8968,,2025-01-01,2030-12-31,5612273.xlsx
薬局,22312-100,ウエルシア薬局　草津野路店,525-0059,草津市野路四丁目４－１,ウエルシア薬局株式会社,,077-569-5022,,2026-01-01,2031-12-31,5612273.xlsx
薬局,22313-100,ドリーム薬局　手原店,520-3047,栗東市手原三丁目１１－４,有限会社協同プラン,,077-5513510,,2026-01-01,2031-12-31,5612273.xlsx
薬局,22326-100,凡凡薬局　御園店,520-3005,栗東市御園１８２９－２,株式会社メディカル一光,,077-559-2121,,2026-03-01,2032-02-29,5612273.xlsx
薬局,22328-100,にこ薬局,520-3031,栗東市綣三丁目１０－２２－１Ｆ－２Ａ,株式会社メディカルハブジャパン,,077-554-8925,,2026-01-01,2031-12-31,5612273.xlsx
薬局,22330-100,マロン薬局,520-3031,栗東市綣一丁目１０－１２,シマタニ株式会社,,077-516-7900,,2026-01-01,2031-12-31,5612273.xlsx
薬局,22338-100,金太郎薬局　栗東店,520-3027,栗東市野尻５９０,株式会社メタルファーマシー,,077-551-2966,,2026-01-01,2031-12-31,5612273.xlsx
薬局,22341-100,つばさ薬局　中沢店,520-3025,栗東市中沢二丁目５－５３,有限会社ムラセ薬局,,077-599-1068,,2026-01-01,2031-12-31,5612273.xlsx
薬局,22342-100,エリー薬局　南草津店,525-0050,草津市南草津五丁目６－１,合同会社エリーファ,,077-584-4620,,2026-01-01,2031-12-31,5612273.xlsx
薬局,22346-100,みやもと薬局　草津店,525-0023,草津市平井一丁目１５－３１,株式会社みやもと薬局,,077-584-5849,,2026-01-01,2031-12-31,5612273.xlsx
薬局,22350-100,ユタカ薬局　栗東野尻,520-3027,栗東市野尻５８０,株式会社ユタカファーマシー,,077-554-7009,,2026-01-01,2031-12-31,5612273.xlsx
薬局,22377-100,スギ薬局　エイスクエア店,525-0025,草津市西渋川一丁目２３－３　エイスクエアＳＡＲＡ東館１階,株式会社スギ薬局,,077-598-0913,,2021-01-25,2026-12-31,5612273.xlsx
薬局,22378-100,健幸薬局南草津ＬＡＢＯ,525-0059,草津市野路一丁目１３－５　１階,株式会社健幸ＬＡＢＯ,,077-561-1881,,2021-01-27,2026-12-31,5612273.xlsx
薬局,22379-100,りあん薬局,520-3045,栗東市高野５６２－７　プロスペリテⅡ　１階,株式会社レークケア,,077-596-5270,,2021-01-27,2026-12-31,5612273.xlsx
薬局,22383-100,クスリのアオキ川田薬局,524-0001,守山市川田町７５７－１,株式会社クスリのアオキ,,077-585-9535,,2021-03-01,2026-12-31,5612273.xlsx
薬局,22391-100,アイランド薬局　守山銀座店,524-0022,守山市守山一丁目５－１０－１０３,アポクリート株式会社,,077-599-1989,,2021-03-10,2026-12-31,5612273.xlsx
薬局,22413-100,はなちゃん薬局　３号店,520-3031,栗東市綣三丁目５－９,株式会社はなちゃん薬局,,077-552-6993,,2021-05-01,2026-12-31,5612273.xlsx
薬局,22419-100,クスリのアオキ野洲薬局,520-2331,野洲市小篠原１２６９－２,株式会社クスリのアオキ,,077-574-8972,,2021-06-01,2026-12-31,5612273.xlsx
薬局,22428-100,守山ゆう薬局,524-0045,守山市金森町６０３－５,株式会社京都南調剤薬局,,077-599-3864,,2021-09-03,2026-12-31,5612273.xlsx
薬局,22431-100,みのり薬局野村店,525-0027,草津市野村三丁目１６－２０－１,株式会社ＭＹＮＳ,,077-599-6222,,2021-10-06,2026-12-31,5612273.xlsx
薬局,22439-100,キリン堂薬局　守山梅田店,524-0037,守山市梅田町１１－１９,株式会社キリン堂,,077-514-3550,,2021-12-15,2026-12-31,5612273.xlsx
薬局,22444-100,ウエルシア薬局　野洲市三宅店,520-2362,野洲市市三宅２３７５,ウエルシア薬局株式会社,,077-588-5033,,2022-01-17,2027-12-31,5612273.xlsx
薬局,22456-100,ウエルシア薬局　守山今宿店,524-0046,守山市今宿四丁目５－１０,ウエルシア薬局株式会社,,077-514-1663,,2022-04-20,2027-12-31,5612273.xlsx
薬局,22463-100,ユタカ薬局南草津,525-0055,草津市野路町６８９－３,株式会社ユタカファーマシー,,077-569-5777,,2022-05-01,2027-12-31,5612273.xlsx
薬局,22464-100,スズキ調剤薬局　野路店,525-0055,草津市野路町６５２－３,スズキ薬局株式会社,,077-516-4558,,2022-04-25,2027-12-31,5612273.xlsx
薬局,22468-100,キリン堂薬局　草津追分店,525-0048,草津市追分南六丁目１－６,株式会社キリン堂,,077-561-1020,,2022-05-30,2027-12-31,5612273.xlsx
薬局,22477-100,カルム薬局,520-2353,野洲市久野部１９８－１,株式会社カルムファーマシー,,077-599-5845,,2022-09-06,2027-12-31,5612273.xlsx
薬局,22478-100,サンドラッグ野洲薬局,520-2331,野洲市小篠原１０００　アルプラザ野洲店１階,株式会社サンドラッグ,,077-584-5263,,2022-09-09,2027-12-31,5612273.xlsx
薬局,22483-100,ウエルシア薬局　滋賀草津町店,525-0036,草津市草津町１８９９,ウエルシア薬局株式会社,,077-561-0133,,2022-11-18,2027-12-31,5612273.xlsx
薬局,22519-100,高寿薬局,525-0067,草津市新浜町８５－１９,プラスファーマ株式会社,,077-598-1019,,2023-03-01,2028-12-31,5612273.xlsx
薬局,22520-100,はりまだゆう薬局,524-0012,守山市播磨田町３０６０,株式会社京都南調剤薬局,,077-582-1100,,2023-04-01,2028-12-31,5612273.xlsx
薬局,22522-100,レモン薬局　矢橋店,525-0066,草津市矢橋町１０２－８,株式会社ネクサス,,077-596-3797,,2023-04-01,2028-12-31,5612273.xlsx
薬局,22536-100,おひさま薬局　目川店,520-3013,栗東市目川１４０２,株式会社サン調剤薬局,,077-599-0395,,2023-05-02,2028-12-31,5612273.xlsx
薬局,22543-100,ユタカ薬局栗東小柿,520-3024,栗東市小柿六丁目４－２８,株式会社ユタカファーマシー,,077-596-3625,,2023-06-21,2028-12-31,5612273.xlsx
薬局,22545-100,いちえ薬局草津店,525-0034,草津市草津三丁目４－１４,アールコネクト株式会社,,077-596-3768,,2023-06-30,2028-12-31,5612273.xlsx
薬局,22547-100,ユタカ薬局栗東安養寺,520-3015,栗東市安養寺三丁目１－３９,株式会社ユタカファーマシー,,077-574-8608,,2023-07-24,2028-12-31,5612273.xlsx
薬局,22551-100,アイ薬局,525-0032,草津市大路二丁目１－２７　伽羅ガーデンスクエア１０３,株式会社マーレ薬品,,077-566-6535,,2023-08-21,2028-12-31,5612273.xlsx
薬局,22552-100,さくら薬局　草津店,525-0022,草津市川原二丁目１６－４１,株式会社Ｄｉｘ,,077-574-8939,,2023-09-01,2028-12-31,5612273.xlsx
薬局,22558-100,クスリのアオキ草津下物薬局,525-0001,草津市下物町５１－１,株式会社クスリのアオキ,,077-584-4660,,2023-11-01,2028-12-31,5612273.xlsx
薬局,22567-100,リブラ薬局,525-0032,草津市大路一丁目６－１６,株式会社フィールドファーマシー,,077-562-9277,,2023-12-01,2028-12-31,5612273.xlsx
薬局,22568-100,リブラ薬局大路店,525-0032,草津市大路二丁目１０－８,株式会社フィールドファーマシー,,077-562-8558,,2023-12-01,2028-12-31,5612273.xlsx
薬局,22569-100,キリン堂薬局　守山播磨田店,524-0012,守山市播磨田町３０６３,株式会社キリン堂,,077-514-0081,,2023-12-01,2028-12-31,5612273.xlsx
薬局,22573-100,キリン堂薬局　栗東店,520-3035,栗東市霊仙寺三丁目２－２９,株式会社キリン堂,,077-551-3007,,2024-03-01,2029-12-31,5612273.xlsx
薬局,22576-100,たんぽぽ薬局　草津店,525-0054,草津市東矢倉三丁目３３－３４,たんぽぽ薬局株式会社,,077-599-3101,,2024-02-20,2029-12-31,5612273.xlsx
薬局,22579-100,リペアス調剤薬局　栗東小柿店,520-3024,栗東市小柿七丁目１－２,株式会社みらいファーマシー,,077-551-3377,,2024-03-01,2029-12-31,5612273.xlsx
薬局,22591-100,あけとみ薬局,524-0104,守山市木浜町１６７０－３,株式会社あけとみ,,077-584-2981,,2024-05-01,2029-12-31,5612273.xlsx
薬局,22594-100,ふれあいハート薬局,525-0061,草津市北山田町２４７－１,株式会社ミルキーマリーンホールディングス,,077-561-4070,,2024-05-01,2029-12-31,5612273.xlsx
薬局,22598-100,アピス薬局野洲店,520-2433,野洲市八夫２０７７－２,株式会社ウィーズ,,077-589-1107,,2024-06-01,2029-12-31,5612273.xlsx
薬局,22599-100,はな薬局　栗東店,520-3012,栗東市岡１９５－４,株式会社ウィーズ,,077-553-3055,,2024-06-01,2029-12-31,5612273.xlsx
薬局,22602-100,ユタカ薬局野洲,520-2352,野洲市冨波乙８２８,株式会社ユタカファーマシー,,077-526-6232,,2024-07-05,2029-12-31,5612273.xlsx
薬局,22604-100,すまいる薬局　草津店,525-0025,草津市西渋川一丁目２１－１４　エルミナＭＣビル１階,株式会社ＬＩＮＫＴＨ,,077-584-5606,,2024-07-29,2029-12-31,5612273.xlsx
薬局,22605-100,ふれあい薬局・大宝,520-3037,栗東市北中小路３４４－３,株式会社近畿予防医学研究所,,077-500-0010,,2024-09-01,2029-12-31,5612273.xlsx
薬局,22614-100,ハーモニー薬局はりまだ店,524-0012,守山市播磨田町１４５６－１－１,株式会社ウッドゲート,,077-583-3500,,2024-09-30,2029-12-31,5612273.xlsx
薬局,22616-100,あすなろ薬局,525-0029,草津市下笠町７６－６,株式会社いずみ薬局,,077-568-3767,,2024-11-01,2029-12-31,5612273.xlsx
薬局,22641-100,阪神調剤薬局　草津矢橋店,525-0066,草津市矢橋町１６２９－１５,株式会社スギ薬局,,077-567-2080,,2025-03-01,2030-12-31,5612273.xlsx
薬局,22642-100,阪神調剤薬局　栗東店,520-3046,栗東市大橋二丁目５－３６,株式会社スギ薬局,,077-554-8766,,2025-03-01,2030-12-31,5612273.xlsx
薬局,22643-100,みどり薬局　草津店,525-0066,草津市矢橋町１６１３－１,シップヘルスケアファーマシー株式会社,,077-562-3148,,2025-04-01,2031-03-31,5612273.xlsx
薬局,22645-100,アイセイ薬局　南草津けやき通り店,525-0050,草津市南草津三丁目４－３－２,株式会社アイセイ薬局,,077-516-1302,,2025-04-01,2030-12-31,5612273.xlsx
薬局,22646-100,アイセイハート薬局　南草津三丁目店,525-0050,草津市南草津三丁目４－４,株式会社アイセイ薬局,,077-562-5300,,2025-04-01,2030-12-31,5612273.xlsx
薬局,22647-100,アイセイハート薬局　草津店,520-3024,栗東市小柿七丁目９－１１　クリニックステーション草津１階,株式会社アイセイ薬局,,077-552-2301,,2025-04-01,2030-12-31,5612273.xlsx
薬局,22648-100,アイセイハート薬局　栗東安養寺店,520-3015,栗東市安養寺一丁目９－１０,株式会社アイセイ薬局,,077-553-2312,,2025-04-01,2030-12-31,5612273.xlsx
薬局,22649-100,マミー薬局,520-2331,野洲市小篠原１１０９－４,株式会社ストレチア,,077-586-5470,,2025-04-01,2030-12-31,5612273.xlsx
薬局,22650-100,ハーモニー薬局・行畑店,520-2341,野洲市行畑６７２－２,株式会社ハーモニー・ウェルネス,,077-558-6811,,2025-04-01,2030-12-31,5612273.xlsx
薬局,22651-100,ユタカ薬局守山,524-0044,守山市古高町３８４,株式会社ユタカファーマシー,,077-514-7285,,2025-04-04,2030-12-31,5612273.xlsx
薬局,22667-100,すまいる調剤薬局,524-0012,守山市播磨田町１３０７－９,株式会社ウィーズ,,077-514-2571,,2025-09-01,2030-12-31,5612273.xlsx
薬局,22670-100,ファーマライズ薬局　栗東店,520-3031,栗東市綣三丁目５－２,ｎｅｘｔ　ＰＨ株式会社,,077-554-8390,,2025-09-01,2030-12-31,5612273.xlsx
薬局,22671-100,みつば薬局,520-2331,野洲市小篠原９５８－３４,株式会社レークケア,,077-586-5252,,2025-09-01,2030-12-31,5612273.xlsx
薬局,22674-100,ラブリー薬局,524-0037,守山市梅田町１５－８,株式会社ＲｉＴＡ,,077-598-1107,,2025-11-01,2030-12-31,5612273.xlsx
薬局,22676-100,なの花薬局フレンドタウン守山店,524-0037,守山市梅田町６－２,株式会社なの花西日本,,077-516-8028,,2025-11-01,2030-12-31,5612273.xlsx
薬局,22678-100,大野養真堂薬局大林店,524-0054,守山市大林町２１４－１,株式会社サンポーウェルズ,,077-581-2677,,2025-11-01,2030-12-31,5612273.xlsx
薬局,30021-100,有限会社ひまわり薬局,528-0042,甲賀市水口町虫生野中央８０－２,有限会社ひまわり薬局,,0748-63-3295,,2023-01-01,2028-12-31,5612273.xlsx
薬局,30025-100,城山薬局,529-1851,甲賀市信楽町長野６２３－３,有限会社オクタ,,0748-82-0159,,2024-01-01,2029-12-31,5612273.xlsx
薬局,30319-100,ササ薬局,520-3248,湖南市菩提寺西三丁目７－６,有限会社ササ薬局,,0748-74-0249,,2023-01-01,2028-12-31,5612273.xlsx
薬局,30340-100,ひまわり薬局　虫生野店,528-0041,甲賀市水口町虫生野１１００－１,有限会社ひまわり薬局,,0748-63-7481,,2023-01-01,2028-12-31,5612273.xlsx
薬局,30393-100,有限会社こうなん薬局,520-3321,甲賀市甲南町木１０２５－１,有限会社こうなん薬局,,0748-86-8881,,2026-01-01,2031-12-31,5612273.xlsx
薬局,30394-100,有限会社福澤薬局,520-3107,湖南市石部東二丁目５－３７,有限会社福澤薬局,,0748-77-3055,,2026-01-01,2031-12-31,5612273.xlsx
薬局,30396-100,ひまわり薬局　水口店,528-0025,甲賀市水口町西林口４４０,有限会社ひまわり薬局,,0748-63-6781,,2026-01-01,2031-12-31,5612273.xlsx
薬局,30402-100,ユタカ調剤薬局　水口暁,528-0012,甲賀市水口町暁５１３３,株式会社ユタカファーマシー,,0748-65-4450,,2021-01-01,2026-12-31,5612273.xlsx
薬局,30403-100,さいとう調剤薬局,528-0005,甲賀市水口町水口５５４６－３,有限会社さいとう調剤薬局,,0748-65-5327,,2021-01-01,2026-12-31,5612273.xlsx
薬局,30404-100,さいとう調剤薬局　菩提寺店,520-3242,湖南市菩提寺西一丁目９－２３－１０２,有限会社さいとう調剤薬局,,0748-74-9163,,2021-01-01,2026-12-31,5612273.xlsx
薬局,30408-100,ひまわり薬局　城南店,528-0005,甲賀市水口町水口５９６２,有限会社ひまわり薬局,,0748-65-4775,,2021-01-01,2026-12-31,5612273.xlsx
薬局,30416-100,ティエス調剤薬局　甲西店,520-3253,湖南市正福寺１３１６－１,株式会社ティエスプラン,,0748-71-4440,,2022-01-01,2027-12-31,5612273.xlsx
薬局,30516-100,おおつぐ薬局　平松店,520-3235,湖南市平松北二丁目６０,有限会社おおつぐ薬局,,0748-72-8221,,2023-01-01,2028-12-31,5612273.xlsx
薬局,30600-100,調剤薬局マリーン　甲賀店,528-0235,甲賀市土山町大野４０１－３,株式会社愛知メディックス,,0748-67-1510,,2025-01-01,2030-12-31,5612273.xlsx
薬局,30610-100,さいとう調剤薬局　石部店,520-3107,湖南市石部東五丁目３－３,有限会社さいとう調剤薬局,,0748-77-8121,,2026-01-01,2031-12-31,5612273.xlsx
薬局,30632-100,有限会社福澤薬局　甲西店,520-3232,湖南市平松北三丁目７０,有限会社福澤薬局,,0748-72-1070,,2026-01-01,2031-12-31,5612273.xlsx
薬局,30654-100,やくさ薬局,520-3332,甲賀市甲南町希望ケ丘本町六丁目８５７－７８,株式会社やくさ薬局,,0748-76-0900,,2021-01-01,2026-12-31,5612273.xlsx
薬局,30703-100,自然派薬局ぎんのもり,520-3236,湖南市柑子袋東三丁目５－１４,西出　勝子,,0748-60-1809,,2023-01-01,2028-12-31,5612273.xlsx
薬局,30733-100,日本調剤水口薬局,528-0074,甲賀市水口町松尾１２５２－３,日本調剤株式会社,,0748-65-0131,,2025-01-01,2030-12-31,5612273.xlsx
薬局,30743-100,甲賀薬局甲南店,520-3307,甲賀市甲南町野尻４９９－１,株式会社レークケア,,0748-86-5151,,2025-01-01,2030-12-31,5612273.xlsx
薬局,30745-100,スギ薬局　水口松尾店,528-0074,甲賀市水口町松尾８２９－１,株式会社スギ薬局,,0748-69-6996,,2025-01-01,2030-12-31,5612273.xlsx
薬局,30759-100,ティエス調剤薬局　湖南中央店,520-3234,湖南市中央二丁目１１９－５,株式会社ティエスプラン,,0748-69-6530,,2026-01-01,2031-12-31,5612273.xlsx
薬局,30761-100,ウエルシア薬局甲賀水口貴生川店,528-0049,甲賀市水口町貴生川二丁目６２,ウエルシア薬局株式会社,,0748-65-5900,,2026-01-01,2031-12-31,5612273.xlsx
薬局,30764-100,名坂調剤薬局,528-0036,甲賀市水口町東名坂２４６－１,株式会社ＹＨファーマ,,0748-69-7572,,2026-01-01,2031-12-31,5612273.xlsx
薬局,30771-100,甲賀みえる薬局,520-3432,甲賀市甲賀町滝２２３５－１,株式会社レークケア,,0748-88-7002,,2021-01-01,2026-12-31,5612273.xlsx
薬局,30775-100,ひまわり薬局　東名坂店,528-0036,甲賀市水口町東名坂１８９－１,有限会社ひまわり薬局,,0748-63-3701,,2021-01-01,2026-12-31,5612273.xlsx
薬局,30807-100,ひまわり薬局南林口店,528-0000,甲賀市水口町南林口４７,有限会社ひまわり薬局,,0748-62-7001,,2022-01-01,2027-12-31,5612273.xlsx
薬局,30810-100,ティエス調剤薬局　三雲店,520-3221,湖南市三雲３９８－１,株式会社ティエスプラン,,0748-69-6321,,2022-01-01,2027-12-31,5612273.xlsx
薬局,30813-100,下田薬局,520-3201,湖南市下田１５２８,株式会社裕愛ファーマシーズ,,0748-75-8155,,2022-01-01,2027-12-31,5612273.xlsx
薬局,30819-100,クスリのアオキ　石部東薬局,520-3107,湖南市石部東六丁目４－１０,株式会社クスリのアオキ,,0748-69-5331,,2022-01-01,2027-12-31,5612273.xlsx
薬局,30821-100,いしべ調剤薬局,520-3106,湖南市石部中央四丁目１－５８,株式会社マーレ薬品,,0748-77-8088,,2022-01-01,2027-12-31,5612273.xlsx
薬局,30840-100,クスリのアオキ水口薬局,528-0005,甲賀市水口町水口６０２０－１,株式会社クスリのアオキ,,0748-69-5422,,2023-01-01,2028-12-31,5612273.xlsx
薬局,30842-100,コナン薬局,520-3223,湖南市夏見６３４－２,シマタニ株式会社,,0748-71-2038,,2023-01-01,2028-12-31,5612273.xlsx
薬局,30855-100,しがらき薬局,529-1851,甲賀市信楽町長野４７５－１,有限会社向陽,,0748-82-2011,,2024-01-01,2029-12-31,5612273.xlsx
薬局,30858-100,そらな薬局,520-3301,甲賀市甲南町寺庄１０９８,株式会社レークケア,,0748-76-3730,,2024-01-01,2029-12-31,5612273.xlsx
薬局,30862-100,クオール薬局貴生川店,528-0041,甲賀市水口町虫生野９９６－３０,クオール株式会社,,0748-63-8828,,2024-01-01,2029-12-31,5612273.xlsx
薬局,30863-100,クオール薬局水口店,528-0074,甲賀市水口町松尾７４４－１２６,クオール株式会社,,0748-65-0500,,2024-01-01,2029-12-31,5612273.xlsx
薬局,30864-100,クオール薬局名坂店,528-0035,甲賀市水口町名坂９０,クオール株式会社,,0748-63-0345,,2024-01-01,2029-12-31,5612273.xlsx
薬局,30865-100,クオール薬局伴谷店,528-0064,甲賀市水口町伴中山３８１３－３,クオール株式会社,,0748-65-4822,,2024-01-01,2029-12-31,5612273.xlsx
薬局,30866-100,クオール薬局泉店,528-0058,甲賀市水口町北泉一丁目１２７,クオール株式会社,,0748-63-7575,,2024-01-01,2029-12-31,5612273.xlsx
薬局,30867-100,クオール薬局梅影店,520-3214,湖南市梅影町３－１５,クオール株式会社,,0748-75-4711,,2024-01-01,2029-12-31,5612273.xlsx
薬局,30868-100,クオール薬局甲西店,520-3231,湖南市針２５２－１,クオール株式会社,,0748-71-3110,,2024-01-01,2029-12-31,5612273.xlsx
薬局,30869-100,クオール薬局柑子袋店,520-3233,湖南市柑子袋６０８－４,クオール株式会社,,0748-71-2590,,2024-01-01,2029-12-31,5612273.xlsx
薬局,30885-100,フラワー薬局信楽店,529-1851,甲賀市信楽町長野４７９－１３,株式会社メディカル一光,,0748-76-4193,,2025-09-01,2031-08-31,5612273.xlsx
薬局,30901-100,甲賀れいめい薬局,528-0056,甲賀市水口町泉１３００－４,株式会社レークケア,,0748-69-7017,,2026-01-01,2031-12-31,5612273.xlsx
薬局,30928-100,ユニスマイル薬局　あやの店,528-0033,甲賀市水口町綾野３－３１,株式会社ユニスマイル,,0748-63-6200,,2022-04-01,2027-12-31,5612273.xlsx
薬局,30929-100,ユニスマイル薬局　水口店,528-0031,甲賀市水口町本町二丁目２－４０（１Ｆ）,株式会社ユニスマイル,,0748-63-3677,,2022-04-01,2027-12-31,5612273.xlsx
薬局,30930-100,ユニスマイル薬局　北土山店,528-0211,甲賀市土山町北土山１６７８,株式会社ユニスマイル,,0748-66-0187,,2022-04-01,2027-12-31,5612273.xlsx
薬局,30931-100,フタツカ薬局　湖南店,520-3247,湖南市菩提寺東三丁目６－２０,株式会社ココカラファインヘルスケア,,0748-76-4520,,2022-04-01,2027-12-31,5612273.xlsx
薬局,30934-100,せせらぎ調剤薬局,528-0017,甲賀市水口町京町６－１２,合同会社ハチワレファーマシー,,0748-65-5377,,2022-07-01,2027-12-31,5612273.xlsx
薬局,30935-100,みらい薬局石部,520-3106,湖南市石部中央一丁目３－２４,みらいソリューション株式会社,,0748-77-8229,,2022-06-01,2027-12-31,5612273.xlsx
薬局,30944-100,このはな薬局,528-0234,甲賀市土山町徳原４５６,株式会社サーノシマモト,,0748-67-1788,,2022-11-04,2027-12-31,5612273.xlsx
薬局,30960-100,ユタカ薬局水口的場,528-0020,甲賀市水口町的場１０６,株式会社ユタカファーマシー,,0748-69-6851,,2022-12-06,2027-12-31,5612273.xlsx
薬局,30966-100,サカイ薬局,528-0041,甲賀市水口町虫生野１０３１,酒井　孝征,,0748-63-3263,,2024-01-01,2029-12-31,5612273.xlsx
薬局,30968-100,調剤薬局ツルハドラッグ湖南岩根店,520-3252,湖南市岩根４５８０　イオンタウン湖南１階,株式会社ツルハ,,0748-71-4071,,2024-02-01,2029-12-31,5612273.xlsx
薬局,30970-100,けんしん薬局,528-0015,甲賀市水口町松栄３－２４,株式会社メディカルウイングス,,0748-60-2189,,2024-04-01,2029-12-31,5612273.xlsx
薬局,30983-100,あいこうか薬局,528-0074,甲賀市水口町松尾８３０－２,株式会社ウィーズ,,0748-65-6636,,2024-11-01,2029-12-31,5612273.xlsx
薬局,30991-100,レークケア薬局,520-3322,甲賀市甲南町深川２１７６,株式会社レークケア,,0748-76-3951,,2024-12-23,2029-12-31,5612273.xlsx
薬局,30993-100,ユタカ薬局甲南,520-3313,甲賀市甲南町新治２０２７,株式会社ユタカファーマシー,,0748-69-5261,,2025-01-01,2030-12-31,5612273.xlsx
薬局,30997-100,Ｉ＆Ｈ滋賀甲南薬局,520-3321,甲賀市甲南町木１００４－１,株式会社スギ薬局,,0748-86-8280,,2025-03-01,2030-12-31,5612273.xlsx
薬局,30998-100,ユタカ調剤薬局甲西中央,520-3234,湖南市中央一丁目４０－１,株式会社ユタカファーマシー,,0748-71-2085,,2025-04-03,2030-12-31,5612273.xlsx
薬局,31011-100,みんなの薬局,528-0007,甲賀市水口町新城４３２－１,株式会社よりそう,,0748-63-7566,,2025-06-01,2030-12-31,5612273.xlsx
薬局,31015-100,ユタカ薬局甲西,520-3254,湖南市岩根中央三丁目７,株式会社ユタカファーマシー,,0748-69-6356,,2025-09-02,2030-12-31,5612273.xlsx
薬局,31020-100,さつき薬局　野田店,520-3308,甲賀市甲南町野田４５１,株式会社豊盟,,,,2025-12-03,2030-12-31,5612273.xlsx
薬局,40001-100,カギヤ薬局,527-0012,東近江市八日市本町１３－９,株式会社鎰屋薬局,,0748-23-1313,,2024-01-01,2029-12-31,5612273.xlsx
薬局,40006-100,有限会社能登川薬局片山回天堂,521-1221,東近江市垣見町７８６,有限会社能登川薬局片山回天堂,,0748-42-0015,,2022-01-01,2027-12-31,5612273.xlsx
薬局,40007-100,本庄治良堂薬局,521-1221,東近江市垣見町８００－５,株式会社本庄治良堂,,0748-42-0055,,2024-01-01,2029-12-31,5612273.xlsx
薬局,40018-100,アイ薬局,527-0033,東近江市東沖野三丁目８－７３,岩谷　康男,,0748-23-9985,,2023-01-01,2028-12-31,5612273.xlsx
薬局,40244-100,株式会社シガヤクヒン　北里薬局,523-0063,近江八幡市十王町３４６－３,株式会社シガヤクヒン,,0748-36-8002,,2022-01-01,2027-12-31,5612273.xlsx
薬局,40254-100,薬局ケンコーファーマシー,523-0864,近江八幡市為心町元１５,有限会社ケンコー,,0748-32-3033,,2022-01-01,2027-12-31,5612273.xlsx
薬局,40256-100,ツメ薬局,523-0046,近江八幡市上野町２０－１,ツメ薬品株式会社,,0748-34-6211,,2023-01-01,2028-12-31,5612273.xlsx
薬局,40531-100,みやもと薬局,523-0004,近江八幡市西生来町１４２４,宮本　和美,,0748-38-8211,,2022-01-01,2027-12-31,5612273.xlsx
薬局,40541-100,ユタカ調剤薬局　安土,521-1311,近江八幡市安土町下豊浦４７０５－１,株式会社ユタカファーマシー,,0748-46-8066,,2022-01-01,2027-12-31,5612273.xlsx
薬局,40547-100,八幡ますだ薬局,523-0891,近江八幡市鷹飼町南三丁目３－４,有限会社メディテック,,0748-38-0517,,2022-01-01,2027-12-31,5612273.xlsx
薬局,40592-100,有限会社フクチ薬局,521-1341,近江八幡市安土町上豊浦１３８７,有限会社フクチ薬局,,0748-46-2127,,2023-01-01,2028-12-31,5612273.xlsx
薬局,40629-100,ひまわり薬局　近江八幡店,523-0813,近江八幡市西本郷町東６－６,有限会社ひまわり薬局,,0748-38-1590,,2024-01-01,2029-12-31,5612273.xlsx
薬局,40642-100,ファースト薬局,520-2501,蒲生郡竜王町弓削１８２５－２,有限会社メディネット,,0748-57-8100,,2025-01-01,2030-12-31,5612273.xlsx
薬局,40663-100,ふれあい薬局・八日市,527-0039,東近江市青葉町１－４５,株式会社近畿予防医学研究所,,0748-20-0811,,2025-01-01,2030-12-31,5612273.xlsx
薬局,40680-100,マイン薬局,523-0082,近江八幡市土田町２６８－４,有限会社マイン薬局,,0748-32-8486,,2026-01-01,2031-12-31,5612273.xlsx
薬局,40683-100,わたなべ調剤薬局　八日市店,527-0012,東近江市八日市本町２ー７　かわとらビル１Ｆ,株式会社クロスメディック,,0748-24-9008,,2026-01-01,2031-12-31,5612273.xlsx
薬局,40711-100,有限会社丸山薬局,527-0231,東近江市山上町９２３－２,有限会社丸山薬局,,0748-27-0111,,2021-01-01,2026-12-31,5612273.xlsx
薬局,40736-100,つじく薬局,521-1205,東近江市躰光寺町６１０－４,辻九薬品販売株式会社,,0748-42-0667,,2021-01-01,2026-12-31,5612273.xlsx
薬局,40866-100,ファルコ薬局　湖東店,527-0134,東近江市平松町１１０６－１,株式会社ファルコファーマシーズ,,0749-47-2250,,2022-01-01,2027-12-31,5612273.xlsx
薬局,40997-100,カギヤ薬局愛東,527-0162,東近江市妹町１７１－１,有限会社コジマ,,0749-46-0100,,2023-01-01,2028-12-31,5612273.xlsx
薬局,41035-100,きしむら調剤薬局,529-1601,蒲生郡日野町松尾二丁目８８番地３,有限会社きしむら調剤薬局,,0748-52-8150,,2024-01-01,2029-12-31,5612273.xlsx
薬局,41049-100,じゅうおう薬局,523-0063,近江八幡市十王町８２－４,株式会社　ファーマネット,,0748-34-2117,,2024-01-01,2029-12-31,5612273.xlsx
薬局,41080-100,いづつ薬局　篠原店,523-0056,近江八幡市古川町１１９２－７９,有限会社　いづつ薬局,,0748-31-1801,,2025-01-01,2030-12-31,5612273.xlsx
薬局,41081-100,スズキ調剤薬局　能登川店,521-1222,東近江市佐野町３９７－１,スズキ薬局株式会社,,0748-42-0920,,2025-01-01,2030-12-31,5612273.xlsx
薬局,41090-100,フジイ薬局,523-0016,近江八幡市千僧供町２６３－４,フジイ薬局株式会社,,0748-37-1661,,2025-01-01,2030-12-31,5612273.xlsx
薬局,41106-100,ハーモニー薬局・能登川店,521-1221,東近江市垣見町１５９８－２,株式会社ハーモニー・ウェルネス,,0748-36-2630,,2026-01-01,2031-12-31,5612273.xlsx
薬局,41196-100,いちえ薬局,521-1351,近江八幡市安土町常楽寺６０,株式会社ケイファーマ,,0748-46-3939,,2022-01-01,2027-12-31,5612273.xlsx
薬局,41201-100,さくら薬局　東近江佐野店,521-1222,東近江市佐野町１９６,クラフト株式会社,,0748-42-8090,,2022-01-01,2027-12-31,5612273.xlsx
薬局,41203-100,金太郎薬局　東近江店,527-0121,東近江市小池町５３１－１,株式会社ケイング,,0749-45-0582,,2022-01-01,2027-12-31,5612273.xlsx
薬局,41205-100,ユタカ薬局日野,529-1601,蒲生郡日野町松尾９４８－１０,株式会社ユタカファーマシー,,0748-52-5777,,2022-01-01,2027-12-31,5612273.xlsx
薬局,41216-100,いずみ薬局,523-0891,近江八幡市鷹飼町４５０－１２,株式会社いずみ薬局,,0748-32-3522,,2022-01-01,2027-12-31,5612273.xlsx
薬局,41229-100,ユタカ薬局近江八幡,523-0893,近江八幡市桜宮町２００－９,株式会社ユタカファーマシー,,0748-31-2721,,2022-01-01,2027-12-31,5612273.xlsx
薬局,41241-100,さわだ薬局　八日市店,527-0022,東近江市八日市上之町４－２８,株式会社スリーエムコーポレーション,,0748-22-0802,,2023-01-01,2028-12-31,5612273.xlsx
薬局,41267-100,かも調剤薬局,523-0058,近江八幡市加茂町３６６０－６,株式会社メイプル,,0748-36-7827,,2024-01-01,2029-12-31,5612273.xlsx
薬局,41270-100,ユタカ薬局竜王,520-2552,蒲生郡竜王町小口１６６４－１,株式会社ユタカファーマシー,,0748-58-5356,,2024-01-01,2029-12-31,5612273.xlsx
薬局,41288-100,スギ薬局　近江八幡店,523-0894,近江八幡市中村町４９－１３,株式会社スギ薬局,,0748-31-1151,,2024-01-01,2029-12-31,5612273.xlsx
薬局,41295-100,さくらみや薬局,523-0893,近江八幡市桜宮町２９９－１,プラスファーマ株式会社,,0748-32-6638,,2025-01-01,2030-12-31,5612273.xlsx
薬局,41310-100,老蘇薬局,521-1332,近江八幡市安土町東老蘇１１７１－４,有限会社シナプス,,0748-46-2519,,2025-01-01,2030-12-31,5612273.xlsx
薬局,41343-100,ひまわり薬局　わたむき店,529-1601,蒲生郡日野町松尾三丁目１－８,有限会社ひまわり薬局,,0748-52-5661,,2026-01-01,2031-12-31,5612273.xlsx
薬局,41351-100,ウエルシア薬局東近江八日市店,527-0015,東近江市中野町２６９,ウエルシア薬局株式会社,,0748-20-3177,,2026-01-01,2031-12-31,5612273.xlsx
薬局,41354-100,ユタカ薬局八日市,527-0013,東近江市東中野町３１４,株式会社ユタカファーマシー,,0748-20-2805,,2026-01-01,2031-12-31,5612273.xlsx
薬局,41378-100,スマート調剤薬局,527-0174,東近江市大萩町４６,株式会社仁徳,,0749-46-8058,,2021-01-01,2026-12-31,5612273.xlsx
薬局,41410-100,さつき薬局,523-0041,近江八幡市中小森町２７０－２２,有限会社おおつぐ薬局,,0748-31-3700,,2022-01-01,2027-12-31,5612273.xlsx
薬局,41411-100,なの花薬局　近江八幡店,523-0893,近江八幡市桜宮町２１１－５,株式会社なの花西日本,,0748-31-1711,,2022-01-01,2027-12-31,5612273.xlsx
薬局,41415-100,いろは調剤薬局,527-0072,東近江市布引台一丁目９８０－２２,株式会社マーレ薬品,,0748-20-1680,,2022-01-01,2027-12-31,5612273.xlsx
薬局,41420-100,つばさ薬局緑町店,527-0023,東近江市八日市緑町５－２６,有限会社ムラセ薬局,,0748-20-2880,,2022-01-01,2027-12-31,5612273.xlsx
薬局,41422-100,スギ薬局　八日市店,527-0025,東近江市八日市東本町６－４８,株式会社スギ薬局,,0748-43-2244,,2022-01-01,2027-12-31,5612273.xlsx
薬局,41423-100,アイセイ薬局　近江八幡店,523-0033,近江八幡市日吉野町６７３,株式会社アイセイ薬局,,0748-31-3311,,2022-01-01,2027-12-31,5612273.xlsx
薬局,41425-100,ヤクゴ薬局日野店,529-1601,蒲生郡日野町松尾９８８－４,株式会社ファルマスター,,0748-53-1895,,2022-01-01,2027-12-31,5612273.xlsx
薬局,41426-100,ヤクゴ薬局日野おおくぼ店,529-1603,蒲生郡日野町大窪１０１２－４,株式会社ファルマスター,,0748-53-1133,,2022-01-01,2027-12-31,5612273.xlsx
薬局,41427-100,ヤクゴ薬局平田店,527-0085,東近江市下羽田町３０－１,株式会社ファルマスター,,0748-25-2310,,2022-01-01,2027-12-31,5612273.xlsx
薬局,41428-100,ヤクゴ薬局能登川店,521-1223,東近江市猪子町１３１－３,株式会社ファルマスター,,0748-43-6895,,2022-01-01,2027-12-31,5612273.xlsx
薬局,41430-100,ヤクゴ薬局ぶーめらん店,523-0892,近江八幡市出町３０８－１,株式会社ファルマスター,,0748-31-3465,,2022-01-01,2027-12-31,5612273.xlsx
薬局,41434-100,ウエルシア薬局　近江八幡若宮店,523-0037,近江八幡市東町１８７－１,ウエルシア薬局株式会社,,0748-38-5025,,2022-01-01,2027-12-31,5612273.xlsx
薬局,41459-100,クスリのアオキ東近江幸町薬局,527-0031,東近江市幸町１－８,株式会社クスリのアオキ,,0748-20-2370,,2023-01-01,2028-12-31,5612273.xlsx
薬局,41469-100,いちえ薬局　中小森店,523-0041,近江八幡市中小森町３３９－１,株式会社ケイリザルト,,0748-43-1104,,2024-01-01,2029-12-31,5612273.xlsx
薬局,41476-100,スギ薬局　近江八幡北店,523-0828,近江八幡市宮内町１８７,株式会社スギ薬局,,0748-29-3992,,2024-01-01,2029-12-31,5612273.xlsx
薬局,41481-100,クオール薬局桜川店,529-1572,東近江市桜川西町３４０－３７９,クオール株式会社,,0748-45-2121,,2024-01-01,2029-12-31,5612273.xlsx
薬局,41494-100,ユタカ薬局　能登川,521-1224,東近江市林町２３６,株式会社ユタカファーマシー,,0748-42-8284,,2025-01-01,2030-12-31,5612273.xlsx
薬局,41501-100,クスリのアオキ出町薬局,523-0892,近江八幡市出町１８０,株式会社クスリのアオキ,,0748-36-2931,,2025-01-01,2030-12-31,5612273.xlsx
薬局,41503-100,調剤薬局マリーン五個荘店,529-1444,東近江市五個荘石塚町２４,株式会社マーレ薬品,,0748-48-8125,,2025-01-01,2030-12-31,5612273.xlsx
薬局,41504-100,スギ薬局　能登川店,521-1221,東近江市垣見町９７１,株式会社スギ薬局,,0748-43-0024,,2025-01-01,2030-12-31,5612273.xlsx
薬局,41512-100,フラワー薬局湖東店,527-0134,東近江市平松町３０－１,株式会社メディカル一光,,0749-45-4193,,2025-09-01,2031-08-31,5612273.xlsx
薬局,41513-100,フラワー薬局日野店,529-1601,蒲生郡日野町松尾五丁目５８－１,株式会社メディカル一光,,0748-52-9331,,2025-09-01,2031-08-31,5612273.xlsx
薬局,41514-100,フラワー薬局近江八幡店,523-0891,近江八幡市鷹飼町７４３－５,株式会社メディカル一光,,0748-31-1193,,2025-09-01,2031-08-31,5612273.xlsx
薬局,41515-100,キリン堂薬局　近江八幡医療センター前店,523-0082,近江八幡市土田町２９６－１コンフォート・レジデンス１階,株式会社キリン堂,,0748-36-5955,,2025-01-01,2030-12-31,5612273.xlsx
薬局,41523-100,ウエルシア薬局　近江八幡多賀町店,523-0821,近江八幡市多賀町４６０,ウエルシア薬局株式会社,,0748-31-2760,,2026-01-01,2031-12-31,5612273.xlsx
薬局,41533-100,Ｖ・drug　東近江医療センター前薬局,527-0045,東近江市中小路町６３７－３,中部薬品株式会社,,0748-43-1221,,2026-01-01,2031-12-31,5612273.xlsx
薬局,41534-100,すずらん薬局蒲生店,529-1572,東近江市桜川西町８７８,株式会社マーレ薬品,,0748-55-8230,,2026-01-01,2031-12-31,5612273.xlsx
薬局,41537-100,ウエルシア薬局　東近江沖野店,527-0034,東近江市沖野四丁目１－７,ウエルシア薬局株式会社,,0748-20-2655,,2026-01-01,2031-12-31,5612273.xlsx
薬局,41547-100,ゆうなみ薬局,523-0856,近江八幡市音羽町２４－１,株式会社ＳＦＧファーマシー,,0748-31-2238,,2021-01-01,2026-12-31,5612273.xlsx
薬局,41551-100,ウエルシア薬局　近江八幡鷹飼店,523-0891,近江八幡市鷹飼町４５５－１,ウエルシア薬局株式会社,,0748-31-4321,,2021-03-08,2026-12-31,5612273.xlsx
薬局,41560-100,ヤクゴ薬局近江八幡駅南店,523-0813,近江八幡市西本郷町７８番地４,株式会社ファルマスター,,0748-38-4660,,2021-07-08,2026-12-31,5612273.xlsx
薬局,41563-100,ふれあい　さふ谷薬局,529-1551,東近江市宮川町２４４－９０８,株式会社近畿予防医学研究所,,0748-55-4182,,2021-09-01,2026-12-31,5612273.xlsx
薬局,41565-100,スギ薬局　近江八幡南店,523-0891,近江八幡市鷹飼町南三丁目１番地１１,株式会社スギ薬局,,0748-38-8410,,2021-10-14,2026-12-31,5612273.xlsx
薬局,41567-100,やまのうえ薬局,520-2531,蒲生郡竜王町山之上５５７２,有限会社メディネット,,0748-26-8282,,2021-10-01,2026-12-31,5612273.xlsx
薬局,41577-100,かえる薬局　篠原駅前店,523-0045,近江八幡市安養寺町８７４－１,濵口　義大,,0748-31-2717,,2022-03-08,2027-12-31,5612273.xlsx
薬局,41579-100,Ｖ・ｄｒｕｇ　東近江ひよこ薬局,529-1532,東近江市市子松井町１９１－３,中部薬品株式会社,,0748-43-1145,,2022-04-01,2027-12-31,5612273.xlsx
薬局,41585-100,クスリのアオキ安土薬局,521-1311,近江八幡市安土町下豊浦８７１３－１,株式会社クスリのアオキ,,0748-36-3781,,2022-05-01,2027-12-31,5612273.xlsx
薬局,41592-100,近江八幡ゆう薬局,523-0891,近江八幡市鷹飼町５４７－２　きよし堂ビル１階,株式会社京都南調剤薬局,,0748-33-5840,,2022-06-01,2027-12-31,5612273.xlsx
薬局,41605-100,ヤクゴ薬局　まるやま水郷店,523-0805,近江八幡市円山町９２７－７,株式会社ファルマスター,,0748-36-2591,,2022-10-01,2027-12-31,5612273.xlsx
薬局,41606-100,ファースト薬局　八日市店,527-0073,東近江市蛇溝町１２０－３,有限会社メディネット,,0748-43-2190,,2022-10-01,2027-12-31,5612273.xlsx
薬局,41629-100,いちえ薬局八日市緑町店,527-0023,東近江市八日市緑町２８－１,株式会社ケイファーマ,,0748-43-0994,,2023-01-05,2028-12-31,5612273.xlsx
薬局,41636-100,クスリのアオキ日野薬局,529-1601,蒲生郡日野町松尾一丁目１８,株式会社クスリのアオキ,,0748-43-0572,,2023-05-01,2028-12-31,5612273.xlsx
薬局,41643-100,ピーチ薬局,523-0892,近江八幡市出町４１７－１,シマタニ株式会社,,0748-33-3881,,2023-06-16,2028-12-31,5612273.xlsx
薬局,41644-100,りゅうおう薬局,520-2561,蒲生郡竜王町須惠８１４－９８,株式会社ワイファーマ,,,,2023-06-01,2028-12-31,5612273.xlsx
薬局,41650-100,ウエルシア薬局　東近江市子殿店,529-1537,東近江市市子殿町２４０－２,ウエルシア薬局株式会社,,0748-36-2337,,2023-10-20,2028-12-31,5612273.xlsx
薬局,41654-100,スギ薬局　近江八幡西店,523-0031,近江八幡市堀上町１２７－１,株式会社スギ薬局,,,,2023-11-23,2028-12-31,5612273.xlsx
薬局,41658-100,スギ薬局　八日市南店,527-0013,東近江市東中野町４－２３,株式会社スギ薬局,,0748-43-0092,,2023-12-21,2028-12-31,5612273.xlsx
薬局,41666-100,いづつ薬局,523-0898,近江八幡市鷹飼町南三丁目４－３,有限会社いづつ薬局,,0748-37-7476,,2024-04-01,2029-12-31,5612273.xlsx
薬局,41669-100,キリン堂薬局　近江八幡店,523-0896,近江八幡市鷹飼町北一丁目８－３,株式会社キリン堂,,0748-31-3270,,2024-05-07,2029-12-31,5612273.xlsx
薬局,41673-100,コストコホールセール東近江倉庫店薬局,527-0045,東近江市中小路町２０１－１,コストコホールセールジャパン株式会社,,0748-20-2251,,2024-07-08,2029-12-31,5612273.xlsx
薬局,41677-100,八日市ゆう薬局,527-0022,東近江市八日市上之町９－２－２,株式会社京都南調剤薬局,,0748-34-0705,,2024-08-05,2029-12-31,5612273.xlsx
薬局,41683-100,クスリのアオキ湖東薬局,527-0113,東近江市池庄町２１３１,株式会社クスリのアオキ,,0749-47-6650,,2024-11-01,2029-12-31,5612273.xlsx
薬局,41685-100,ファーマライズ薬局　キクヤ東本町店,527-0025,東近江市八日市東本町３－１０,ｎｅｘｔ　ＰＨ株式会社,,0748-24-0200,,2024-12-02,2029-12-31,5612273.xlsx
薬局,41686-100,ファーマライズ薬局　キクヤ緑町店,527-0023,東近江市八日市緑町３－１,ｎｅｘｔ　ＰＨ株式会社,,0748-24-1616,,2024-12-02,2029-12-31,5612273.xlsx
薬局,41687-100,ファーマライズ薬局　キクヤ建部店,527-0023,東近江市八日市緑町２－８,ｎｅｘｔ　ＰＨ株式会社,,0748-22-0008,,2024-12-02,2029-12-31,5612273.xlsx
薬局,41688-100,ファーマライズ薬局　キクヤ春日店,527-0033,東近江市東沖野二丁目２－１,ｎｅｘｔ　ＰＨ株式会社,,0748-22-0555,,2024-12-02,2029-12-31,5612273.xlsx
薬局,41689-100,ファーマライズ薬局　キクヤ小脇店,527-0015,東近江市中野町８００－１,ｎｅｘｔ　ＰＨ株式会社,,0748-23-0008,,2024-12-02,2029-12-31,5612273.xlsx
薬局,41690-100,ファーマライズ薬局　キクヤ札の辻店,527-0033,東近江市東沖野四丁目１６－１７,ｎｅｘｔ　ＰＨ株式会社,,0748-23-0800,,2024-12-02,2029-12-31,5612273.xlsx
薬局,41695-100,阪神調剤薬局　東近江店,527-0045,東近江市中小路町４９４－４,株式会社スギ薬局,,0748-23-1750,,2025-03-01,2030-12-31,5612273.xlsx
薬局,41696-100,わかば薬局　神崎店,529-1445,東近江市五個荘清水鼻町１２６－１,シップヘルスケアファーマシー株式会社,,0748-48-8612,,2025-04-01,2031-03-31,5612273.xlsx
薬局,41697-100,あづち薬局,521-1351,近江八幡市安土町常楽寺４１６,株式会社ストレチア,,0748-46-8700,,2025-04-01,2030-12-31,5612273.xlsx
薬局,41698-100,ウエルシア薬局　東近江佐野町店,521-1222,東近江市佐野町６６５－１,ウエルシア薬局株式会社,,0748-34-2108,,2025-03-24,2030-12-31,5612273.xlsx
薬局,41718-100,イオン薬局近江八幡店,523-0898,近江八幡市鷹飼町南三丁目７　イオン近江八幡店２階,イオンリテール株式会社,,0748-41-0003,,2025-08-04,2030-12-31,5612273.xlsx
薬局,41725-100,ひのき薬局,529-1644,蒲生郡日野町内池３７１,株式会社ＨＡＰ,,0748-26-6204,,2025-11-05,2030-12-31,5612273.xlsx
薬局,41728-100,みやもと薬局長田町店,523-0811,近江八幡市長田町１２６８－３,株式会社みやもと薬局,,0748-32-6066,,2025-12-01,2030-12-31,5612273.xlsx
薬局,41729-100,ユタカ薬局能登川佐野,521-1222,東近江市佐野町１９８－１,株式会社ユタカファーマシー,,0748-29-3145,,2025-12-05,2030-12-31,5612273.xlsx
薬局,41737-100,やすらぎ薬局　近江八幡店,523-0891,近江八幡市鷹飼町１５０４－１,株式会社アルファメデイックス,,0748-31-2167,,2026-02-01,2031-12-31,5612273.xlsx
薬局,41739-100,キリン堂薬局　近江八幡西店,523-0082,近江八幡市土田町１３９６－１,株式会社キリン堂,,0748-32-1120,,2026-03-01,2031-12-31,5612273.xlsx
薬局,41741-100,Ｖ・ｄｒｕｇ　東近江東今崎薬局,527-0037,東近江市東今崎町１－７,中部薬品株式会社,,0748-34-1215,,2026-03-16,2031-12-31,5612273.xlsx
薬局,60003-100,有限会社丁子屋薬局,522-0088,彦根市銀座町４－１８,有限会社丁子屋薬局,,0749-22-2702,,2024-01-01,2029-12-31,5612273.xlsx
薬局,60021-100,吉坂薬局,522-0064,彦根市本町二丁目２－４,吉坂　忠男,,0749-22-1032,,2024-01-01,2029-12-31,5612273.xlsx
薬局,60023-100,有川薬局,522-0004,彦根市鳥居本町４２５,有川　智子,,0749-22-2203,,2022-01-01,2027-12-31,5612273.xlsx
薬局,60028-100,ぷるす調剤薬局,522-0054,彦根市西今町４１９－１,有限会社勇樹企画,,0749-23-9211,,2023-01-01,2028-12-31,5612273.xlsx
薬局,60034-100,大丸屋薬局,522-0201,彦根市高宮町１８９０,中村　宏,,0749-22-0148,,2023-01-01,2028-12-31,5612273.xlsx
薬局,60040-100,山口大学堂薬局,522-0341,犬上郡多賀町多賀６４４,山口　幸子,,0749-48-0327,,2024-01-01,2029-12-31,5612273.xlsx
薬局,60043-100,すみれ調剤薬局,522-0023,彦根市原町８５０－２６６,株式会社原町薬局,,0749-24-9519,,2024-01-01,2029-12-31,5612273.xlsx
薬局,60354-100,キリン堂薬局　南彦根店,522-0054,彦根市西今町４３５－１,株式会社キリン堂,,0749-21-3088,,2024-01-01,2029-12-31,5612273.xlsx
薬局,60381-100,のぞみ調剤薬局,522-0087,彦根市芹橋二丁目９－１１,有限会社シナプス,,0749-26-1345,,2022-01-01,2027-12-31,5612273.xlsx
薬局,60391-100,調剤薬局　明治,522-0084,彦根市橋向町４３,林　邦彦,,0749-24-7236,,2022-01-01,2027-12-31,5612273.xlsx
薬局,60432-100,河瀬調剤薬局,529-1156,彦根市清崎町２９２－１,有限会社シナプス,,0749-25-2771,,2024-01-01,2029-12-31,5612273.xlsx
薬局,60437-100,青楓堂薬局,522-0087,彦根市芹橋一丁目１－３４,塚田　圭子,,0749-22-3709,,2024-01-01,2029-12-31,5612273.xlsx
薬局,60443-100,ひまわり調剤薬局,522-0064,彦根市本町一丁目４－２３,有限会社ひまわり調剤薬局,,0749-21-6116,,2024-01-01,2029-12-31,5612273.xlsx
薬局,60462-100,渡辺薬局,522-0089,彦根市錦町２－１４,渡邊　僖子,,0749-22-2192,,2024-01-01,2029-12-31,5612273.xlsx
薬局,60495-100,めぐみ薬局　日夏店,522-0047,彦根市日夏町３６６１ー５,有限会社シナプス,,0749-28-2610,,2025-01-01,2030-12-31,5612273.xlsx
薬局,60497-100,花しょうぶ調剤薬局,522-0083,彦根市河原二丁目２－７,山根　克明,,0749-27-2006,,2026-01-01,2031-12-31,5612273.xlsx
薬局,60512-100,彦根かいえ薬局,522-0056,彦根市開出今町１５２４ー４,株式会社彦薬,,0749-30-3161,,2026-01-01,2031-12-31,5612273.xlsx
薬局,60548-100,わかば薬局,522-0047,彦根市日夏町１８７５－２８,豊田　和男,,0749-28-7837,,2021-01-01,2026-12-31,5612273.xlsx
薬局,60568-100,疋田調剤薬局,521-1123,彦根市肥田町９８１－２,株式会社疋田薬房,,0749-43-5484,,2022-01-01,2027-12-31,5612273.xlsx
薬局,60615-100,のぞみ薬局　愛知川店,529-1315,愛知郡愛荘町沓掛３８６－５,有限会社シナプス,,0749-42-2340,,2023-01-01,2028-12-31,5612273.xlsx
薬局,60791-100,いなえ澁谷薬局,521-1143,彦根市上西川町３８５－３,株式会社薬膳企画,,0749-43-7250,,2025-01-01,2030-12-31,5612273.xlsx
薬局,60804-100,せり薬局,522-0086,彦根市後三条町６４５,株式会社原町薬局,,0749-21-4327,,2025-01-01,2030-12-31,5612273.xlsx
薬局,60805-100,わたなべ調剤薬局　彦根店,522-0029,彦根市地蔵町１９０－７,株式会社クロスメディック,,0749-21-4320,,2025-01-01,2030-12-31,5612273.xlsx
薬局,60806-100,リリー薬局,522-0043,彦根市小泉町１０６－１　ウイルライフ南彦根１０５,池田　弥三郎,,0749-24-8860,,2025-01-01,2030-12-31,5612273.xlsx
薬局,60809-100,野の花薬局,522-0067,彦根市長曽根町５－２６－５,本郷　眞澄,,0749-27-0860,,2025-01-01,2030-12-31,5612273.xlsx
薬局,60839-100,スギ薬局　彦根西今店,522-0054,彦根市西今町９５２－３,株式会社スギ薬局,,0749-21-3520,,2026-01-01,2031-12-31,5612273.xlsx
薬局,60840-100,スギ薬局　南彦根店,522-0043,彦根市小泉町１０６－１０,株式会社スギ薬局,,0749-30-1670,,2026-01-01,2031-12-31,5612273.xlsx
薬局,60880-100,後三条ハッピー薬局,522-0086,彦根市後三条町４９５－３－１Ｆ,株式会社岡建産,,0749-24-3650,,2021-01-01,2026-12-31,5612273.xlsx
薬局,60881-100,ヤマグチ薬局　彦根野瀬店,522-0055,彦根市野瀬町２４－１,株式会社ヤマグチ薬局,,0749-21-0757,,2021-01-01,2026-12-31,5612273.xlsx
薬局,60906-100,ユタカ薬局　彦根南,522-0055,彦根市野瀬町１５４－１,株式会社ユタカファーマシー,,0749-21-3390,,2022-01-01,2027-12-31,5612273.xlsx
薬局,60922-100,さん調剤薬局,522-0042,彦根市戸賀町３８－４,三吉　隆治,,0749-47-5329,,2022-01-01,2027-12-31,5612273.xlsx
薬局,60923-100,ふれあい薬局・彦根駅前,522-0010,彦根市駅東町１５－１　近江鉄道ビル,株式会社近畿予防医学研究所,,0749-21-3366,,2022-01-01,2027-12-31,5612273.xlsx
薬局,60932-100,たかみや薬局,522-0201,彦根市高宮町２９４１－１８,株式会社ノースメディック,,0749-47-5432,,2022-01-01,2027-12-31,5612273.xlsx
薬局,60937-100,森野成蹊堂薬局,529-1303,愛知郡愛荘町長野１９５９,森野　尚子,,0749-42-2102,,2022-01-01,2027-12-31,5612273.xlsx
薬局,60955-100,ツタ薬局　愛荘店,529-1313,愛知郡愛荘町市９１６－４,株式会社サン・アイビー,,0749-49-5285,,2023-01-01,2028-12-31,5612273.xlsx
薬局,60988-100,スギ薬局　河瀬店,522-0223,彦根市川瀬馬場町１０８０－１,株式会社スギ薬局,,0749-28-7511,,2024-01-01,2029-12-31,5612273.xlsx
薬局,61008-100,きずな薬局,522-0053,彦根市大藪町２０３５－６,株式会社キズナファーマシー,,0749-47-6951,,2025-01-01,2030-12-31,5612273.xlsx
薬局,61031-100,彦根ハッピー薬局,522-0074,彦根市大東町２－３０　ＳＡＮＧＯビル1階,株式会社岡建産,,0749-49-2440,,2026-01-01,2031-12-31,5612273.xlsx
薬局,61033-100,ユタカ調剤薬局日夏,522-0047,彦根市日夏町３６９６,株式会社ユタカファーマシー,,0749-28-9302,,2026-01-01,2031-12-31,5612273.xlsx
薬局,61036-100,ふれあい回天堂薬局,529-1169,犬上郡豊郷町石畑２０４－５,株式会社近畿予防医学研究所,,0749-35-5480,,2026-01-01,2031-12-31,5612273.xlsx
薬局,61046-100,のぞみ薬局　東沼波店,522-0027,彦根市東沼波町１０１８,有限会社シナプス,,0749-47-6656,,2026-01-01,2031-12-31,5612273.xlsx
薬局,61054-100,スギ薬局　稲枝店,521-1124,彦根市野良田町３１１,株式会社スギ薬局,,0749-43-8025,,2026-01-01,2031-12-31,5612273.xlsx
薬局,61067-100,さくら薬局　彦根川瀬馬場店,522-0223,彦根市川瀬馬場町１０８２－４,クラフト株式会社,,0749-28-2566,,2021-01-01,2026-12-31,5612273.xlsx
薬局,61073-100,そうごう薬局彦根日夏店,522-0047,彦根市日夏町２８８１－１,総合メディカル株式会社,,0749-30-9811,,2021-01-01,2026-12-31,5612273.xlsx
薬局,61095-100,ツタ薬局　彦根店,522-0033,彦根市芹川町４７２－１７,カワテイノベーション株式会社,,0749-47-6402,,2022-01-01,2027-12-31,5612273.xlsx
薬局,61100-100,すずらん薬局,522-0054,彦根市西今町１３８－１１,株式会社近畿予防医学研究所,,0749-26-5277,,2022-01-01,2027-12-31,5612273.xlsx
薬局,61107-100,クスリのアオキ西今薬局,522-0054,彦根市西今町３１４－１,株式会社クスリのアオキ,,0749-47-6575,,2022-01-01,2027-12-31,5612273.xlsx
薬局,61114-100,ヤクゴ薬局豊郷店,529-1168,犬上郡豊郷町八目１９－２,株式会社ファルマスター,,0749-35-5188,,2022-01-01,2027-12-31,5612273.xlsx
薬局,61115-100,ヤクゴ薬局豊郷フラワー店,529-1169,犬上郡豊郷町石畑２１３－３,株式会社ファルマスター,,0749-35-5511,,2022-01-01,2027-12-31,5612273.xlsx
薬局,61116-100,ヤクゴ薬局南豊郷店,529-1174,犬上郡豊郷町下枝２３－７,株式会社ファルマスター,,0749-35-3281,,2022-01-01,2027-12-31,5612273.xlsx
薬局,61117-100,ヤクゴ薬局彦根店,522-0054,彦根市西今町１１３１－１７,株式会社ファルマスター,,0749-27-0895,,2022-01-01,2027-12-31,5612273.xlsx
薬局,61130-100,キリン堂薬局　彦根市立病院前店,522-0056,彦根市開出今町１７３３－５－１１０,株式会社キリン堂,,0749-27-6166,,2023-01-01,2028-12-31,5612273.xlsx
薬局,61144-100,スギ薬局　彦根中央店,522-0039,彦根市和田町４７－２,株式会社スギ薬局,,0749-49-2012,,2023-01-01,2028-12-31,5612273.xlsx
薬局,61170-100,クオール薬局彦根店,522-0056,彦根市開出今町１７３３－５－１０１,クオール株式会社,,0749-23-8021,,2024-01-01,2029-12-31,5612273.xlsx
薬局,61178-100,スマイルひこね薬局,522-0002,彦根市松原町３６１４,株式会社ファルマリンク,,0749-47-6670,,2025-01-01,2030-12-31,5612273.xlsx
薬局,61179-100,クスリのアオキ彦根駅前薬局,522-0074,彦根市大東町７－３０,株式会社クスリのアオキ,,0749-47-3215,,2025-01-01,2030-12-31,5612273.xlsx
薬局,61193-100,トマト調剤薬局,522-0074,彦根市大東町１４－４,田中　克幸,,0749-27-9855,,2026-01-01,2031-12-31,5612273.xlsx
薬局,61201-100,ユタカ薬局　彦根高宮,522-0201,彦根市高宮町１５５８,株式会社ユタカファーマシー,,0749-22-1875,,2021-01-08,2026-12-31,5612273.xlsx
薬局,61218-100,ひなつ薬局,522-0047,彦根市日夏町６７０－１,豊田　和男,,0749-28-3480,,2021-12-06,2026-12-31,5612273.xlsx
薬局,61222-100,松原調剤薬局,522-0002,彦根市松原町１８９２－２－２,株式会社オリザ,,26-8777,,2022-02-01,2027-12-31,5612273.xlsx
薬局,61256-100,さつき調剤薬局,522-0201,彦根市高宮町１７９３－１,橋本　孝之,,0749-26-5155,,2023-03-31,2028-12-31,5612273.xlsx
薬局,61268-100,キリン堂薬局　彦根後三条店,522-0086,彦根市後三条町６３１,株式会社キリン堂,,0749-21-3252,,2023-11-01,2028-12-31,5612273.xlsx
薬局,61272-100,春日薬局　賀田山店,529-1155,彦根市賀田山町１４１０－４,株式会社Ｐｓ,,0749-49-3740,,2023-12-01,2028-12-31,5612273.xlsx
薬局,61289-100,アピス薬局　彦根店,522-0063,彦根市中央町３－５５,株式会社ウィーズ,,0749-21-2552,,2024-06-01,2029-12-31,5612273.xlsx
薬局,61290-100,アピス薬局　稲枝店,521-1104,彦根市出路町３５１－１,株式会社ウィーズ,,0749-47-8073,,2024-06-01,2029-12-31,5612273.xlsx
薬局,61291-100,アピス薬局　沼波店,522-0038,彦根市西沼波町２６９－２３,株式会社ウィーズ,,0749-21-3935,,2024-06-01,2029-12-31,5612273.xlsx
薬局,61305-100,ファーマライズ薬局　キクヤ愛知川店,529-1331,愛知郡愛荘町愛知川１５３５－４,ｎｅｘｔ　ＰＨ株式会社,,0749-42-8558,,2024-12-02,2029-12-31,5612273.xlsx
薬局,61307-100,阪神調剤薬局　南彦根店,522-0054,彦根市西今町２１－１,株式会社スギ薬局,,0749-22-6673,,2025-03-01,2030-12-31,5612273.xlsx
薬局,61308-100,つづく薬局,522-0222,彦根市南川瀬町１４８０－３７,有限会社クローバー薬局,,,,2025-03-15,2030-12-31,5612273.xlsx
薬局,61320-100,いちえ薬局甲良店,522-0242,犬上郡甲良町尼子２００８－１,株式会社ケイファーマ,,0749-20-0040,,2025-09-30,2030-12-31,5612273.xlsx
薬局,61325-100,阪神調剤薬局　彦根北店,522-0056,彦根市開出今町１７１６－６,株式会社スギ薬局,,0749-30-0818,,2026-01-01,2031-12-31,5612273.xlsx
薬局,61327-100,ともちか薬局,522-0063,彦根市中央町１－１８,株式会社ＴＺＯ　Ｌｉｎｋ,,0749-46-4177,,2026-01-28,2031-12-31,5612273.xlsx
薬局,61331-100,彦根調剤薬局,522-0007,彦根市古沢町２５５－１　イオンタウン彦根１階,株式会社セレネファーマシー,,0749-30-9776,,2026-03-31,2031-12-31,5612273.xlsx
薬局,61332-100,のぞみ薬局　旭町店,522-0073,彦根市旭町５－２,有限会社シナプス,,0749-47-3365,,2026-03-26,2031-12-31,5612273.xlsx
薬局,70006-100,久保薬局,521-0314,米原市春照１１２１－２,久保　幸子,,0749-58-0001,,2024-01-01,2029-12-31,5612273.xlsx
薬局,70022-100,スマイル薬局,526-0831,長浜市宮司町１０９６－１２,有限会社スマイルメディカル,,0749-62-3922,,2024-01-01,2029-12-31,5612273.xlsx
薬局,70272-100,漢方の本陣薬局,529-0425,長浜市木之本町木之本１５７７　望月ビル１Ｆ,有限会社本陣薬局,,0749-82-3438,,2022-01-01,2027-12-31,5612273.xlsx
薬局,70411-100,長生堂薬局,526-0024,長浜市三ツ矢元町４－２８,有限会社長生堂,,0749-62-1172,,2023-01-01,2028-12-31,5612273.xlsx
薬局,70454-100,ふれあい薬局・八幡中山,526-0021,長浜市八幡中山町８０２,株式会社 近畿予防医学研究所,,0749-68-5333,,2024-01-01,2029-12-31,5612273.xlsx
薬局,70480-100,ふれあい薬局・大戌亥,526-0043,長浜市大戌亥町７３８－７,株式会社 近畿予防医学研究所,,0749-68-4570,,2025-01-01,2030-12-31,5612273.xlsx
薬局,70499-100,タケシタ薬局六荘店,526-0042,長浜市勝町２１－１,有限会社くすりのタケシタ,,0749-64-5486,,2025-01-01,2030-12-31,5612273.xlsx
薬局,70671-100,スマイル平方薬局,526-0033,長浜市平方町１１８８,有限会社スマイルメディカル,,0749-64-3922,,2023-01-01,2028-12-31,5612273.xlsx
薬局,70734-100,くるみ調剤薬局,529-0142,長浜市田町６２－１,株式会社ケアネット,,0749-73-4513,,2024-01-01,2029-12-31,5612273.xlsx
薬局,70751-100,ヤマグチ薬局　米原入江店,521-0003,米原市入江１６７３－２,株式会社ヤマグチ薬局,,0749-52-8855,,2025-01-01,2030-12-31,5612273.xlsx
薬局,70781-100,たんぽぽ薬局木之本店,529-0426,長浜市木之本町黒田１０９０－１,たんぽぽ薬局株式会社,,0749-82-8231,,2026-01-01,2031-12-31,5612273.xlsx
薬局,70783-100,ユタカ薬局　木之本,529-0426,長浜市木之本町黒田１０７５－１,株式会社ユタカファーマシー,,0749-82-3223,,2026-01-01,2031-12-31,5612273.xlsx
薬局,70791-100,たんぽぽ薬局　長浜店,526-0043,長浜市大戌亥町２５５,たんぽぽ薬局株式会社,,0749-62-2831,,2026-01-01,2031-12-31,5612273.xlsx
薬局,70799-100,ユタカ薬局　長浜八幡中山,526-0021,長浜市八幡中山町５０３,株式会社ユタカファーマシー,,0749-63-3258,,2026-01-01,2031-12-31,5612273.xlsx
薬局,70807-100,ワカモリ薬局,526-0845,長浜市小堀町８０－４,有限会社　ワカモリ薬局,,0749-63-5515,,2026-01-01,2031-12-31,5612273.xlsx
薬局,70810-100,スギ薬局　滋賀高月店,529-0261,長浜市高月町東物部１２４－１,株式会社　スギ薬局,,0749-85-8133,,2026-01-01,2031-12-31,5612273.xlsx
薬局,70812-100,スギ薬局　長浜インター店,526-0014,長浜市口分田町４６６,株式会社　スギ薬局,,0749-68-1045,,2026-01-01,2031-12-31,5612273.xlsx
薬局,70829-100,ふれあい薬局・とらひめ,529-0113,長浜市大井町１８６－２,株式会社近畿予防医学研究所,,0749-73-8011,,2021-01-01,2026-12-31,5612273.xlsx
薬局,70838-100,ヤマグチ薬局　列見町店,526-0062,長浜市列見町４０－７,株式会社ヤマグチ薬局,,0749-65-0000,,2021-01-01,2026-12-31,5612273.xlsx
薬局,70861-100,つばさ薬局,529-0425,長浜市木之本町木之本２０１５　生活館内,株式会社ドリームファーマシーズ,,0749-82-3511,,2022-01-01,2027-12-31,5612273.xlsx
薬局,70868-100,さくら薬局　長浜川道店,526-0111,長浜市川道町５１３－５,クラフト株式会社,,0749-72-8282,,2022-01-01,2027-12-31,5612273.xlsx
薬局,70869-100,そよかぜ薬局,529-0112,長浜市宮部町３０２９－２,クラフト株式会社,,0749-73-8177,,2022-01-01,2027-12-31,5612273.xlsx
薬局,70870-100,さくら薬局　長浜宮前店,526-0053,長浜市宮前町６－１７,クラフト株式会社,,0749-68-1055,,2022-01-01,2027-12-31,5612273.xlsx
薬局,70871-100,さくら薬局　長浜元浜店,526-0059,長浜市元浜町３１－１５,クラフト株式会社,,0749-68-2290,,2022-01-01,2027-12-31,5612273.xlsx
薬局,70872-100,さくら薬局　長浜下坂店,526-0044,長浜市下坂中町２２７－４,クラフト株式会社,,0749-63-0377,,2022-01-01,2027-12-31,5612273.xlsx
薬局,70877-100,いるか薬局寺田店,526-0045,長浜市寺田町２４７－１,株式会社ムーンファーマシーズ,,0749-68-2525,,2022-01-01,2027-12-31,5612273.xlsx
薬局,70894-100,イオン薬局長浜店,526-0847,長浜市山階町２７１－１　イオン長浜店１Ｆ,イオンリテール株式会社,,0749-68-5550,,2023-01-01,2028-12-31,5612273.xlsx
薬局,70910-100,どんぐり薬局,526-0021,長浜市八幡中山町３１８－４１,株式会社チェックポイント,,0749-65-2911,,2024-01-01,2029-12-31,5612273.xlsx
薬局,70918-100,ユタカ調剤薬局近江,521-0073,米原市箕浦３６６－３,株式会社ユタカファーマシー,,0749-52-6797,,2024-01-01,2029-12-31,5612273.xlsx
薬局,70942-100,スギ薬局　長浜店,526-0025,長浜市分木町４－２９,株式会社スギ薬局,,0749-53-3910,,2025-01-01,2030-12-31,5612273.xlsx
薬局,70944-100,スギ薬局　近江店,521-0073,米原市箕浦３６１－３,株式会社スギ薬局,,0749-53-2288,,2025-01-01,2030-12-31,5612273.xlsx
薬局,70948-100,ふれあい薬局・こほく,529-0341,長浜市湖北町速水２４６－３,株式会社近畿予防医学研究所,,0749-78-8122,,2025-01-01,2030-12-31,5612273.xlsx
薬局,70955-100,くぼ薬局,521-0314,米原市春照１３０－３,合同会社伊吹メディカルサプライ,,0749-58-8000,,2026-01-01,2031-12-31,5612273.xlsx
薬局,70958-100,すこやか薬局・長浜,526-0034,長浜市弥高町１８０,株式会社近畿予防医学研究所,,0749-64-5522,,2026-01-01,2031-12-31,5612273.xlsx
薬局,70964-100,みよし調剤薬局,521-0023,米原市三吉５５６,セグエ株式会社,,0749-54-8000,,2026-01-01,2031-12-31,5612273.xlsx
薬局,70968-100,そうごう薬局　長浜店,529-0354,長浜市湖北町山本１２０２,総合メディカル株式会社,,0749-79-0451,,2021-01-01,2026-12-31,5612273.xlsx
薬局,70974-100,長生堂薬局　速水店,529-0341,長浜市湖北町速水２８１６,株式会社ログアップ,,0749-78-8060,,2021-01-01,2026-12-31,5612273.xlsx
薬局,70979-100,クスリのアオキ宮司薬局,526-0831,長浜市宮司町６７７,株式会社クスリのアオキ,,0749-53-3698,,2021-01-01,2026-12-31,5612273.xlsx
薬局,70981-100,近江ローズ薬局,521-0072,米原市顔戸４３０－４,株式会社ミルキーマリーンホールディングス,,0749-52-8300,,2021-01-01,2026-12-31,5612273.xlsx
薬局,70986-100,どんぐり薬局近江店,521-0083,米原市新庄７７－２,株式会社チェックポイント,,0749-51-1736,,2021-01-01,2026-12-31,5612273.xlsx
薬局,71029-100,ユタカ薬局長浜,526-0033,長浜市平方町３７５－４,株式会社ユタカファーマシー,,0749-68-3260,,2022-01-01,2027-12-31,5612273.xlsx
薬局,71044-100,エン薬局　長浜風の街店,526-0021,長浜市八幡中山町３６１　風の街キャンスシティ２内,株式会社アクシスト,,0749-53-4105,,2023-01-01,2028-12-31,5612273.xlsx
薬局,71054-100,タケシタ薬局,521-0016,米原市下多良一丁目５９,有限会社くすりのタケシタ,,0749-52-0003,,2024-01-01,2029-12-31,5612273.xlsx
薬局,71065-100,イズミヤ調剤薬局,526-0031,長浜市八幡東町９－１,株式会社いずみや商店,,0749-65-1022,,2024-01-01,2029-12-31,5612273.xlsx
薬局,71066-100,ほたるの薬局上坂,526-0802,長浜市東上坂町１０１０－２,株式会社ウィルウェスト,,0749-50-4803,,2024-01-01,2029-12-31,5612273.xlsx
薬局,71072-100,アイン薬局　木之本店,529-0426,長浜市木之本町黒田１０８６－５,株式会社アインファーマシーズ,,0749-82-8052,,2024-01-01,2029-12-31,5612273.xlsx
薬局,71074-100,ふれあい長浜調剤薬局,526-0052,長浜市神前町９－３５,株式会社近畿予防医学研究所,,0749-64-1689,,2024-01-01,2029-12-31,5612273.xlsx
薬局,71078-100,スギ薬局　木之本店,529-0425,長浜市木之本町木之本１５８６－４,株式会社スギ薬局,,0749-82-8015,,2025-01-01,2030-12-31,5612273.xlsx
薬局,71081-100,にしあざい調剤薬局,529-0721,長浜市西浅井町大浦２５９０,有限会社グッドライフ,,0749-89-0055,,2025-01-01,2030-12-31,5612273.xlsx
薬局,71083-100,そうごう薬局　高月店,529-0241,長浜市高月町高月２９１,総合メディカル株式会社,,0749-53-2401,,2025-01-01,2030-12-31,5612273.xlsx
薬局,71087-100,ファーマライズ薬局　元浜町店,526-0059,長浜市元浜町２９－５,ファーマライズ株式会社,,0749-64-5003,,2025-01-01,2030-12-31,5612273.xlsx
薬局,71089-100,ファーマライズ薬局　長浜七条店,526-0817,長浜市七条町１０２６－４,ファーマライズ株式会社,,0749-68-3022,,2025-01-01,2030-12-31,5612273.xlsx
薬局,71114-100,キリン堂調剤薬局　長浜店,526-0043,長浜市大戌亥町２５４－１,株式会社キリン堂,,0749-64-4501,,2026-01-01,2031-12-31,5612273.xlsx
薬局,71117-100,ヤマグチ薬局　内保店,526-0244,長浜市内保町７４０－５,株式会社ヤマグチ薬局,,0749-74-8651,,2026-01-01,2031-12-31,5612273.xlsx
薬局,71119-100,クスリのアオキ平方薬局,526-0033,長浜市平方町３２８,株式会社クスリのアオキ,,0749-53-2562,,2026-01-01,2031-12-31,5612273.xlsx
薬局,71128-100,ふれあい薬局・みやし,526-0831,長浜市宮司町１０８６－３,株式会社近畿予防医学研究所,,0749-80-0661,,2026-01-01,2031-12-31,5612273.xlsx
薬局,71136-100,ほたるの薬局,526-0203,長浜市野瀬町８３４－１,株式会社ウィルウェスト,,0749-56-1195,,2021-01-01,2026-12-31,5612273.xlsx
薬局,71145-100,スギ薬局　高田店,526-0037,長浜市高田町１１－３３,株式会社スギ薬局,,0749-68-0008,,2021-05-16,2026-12-31,5612273.xlsx
薬局,71146-100,クスリのアオキ神照薬局,526-0015,長浜市神照町９３１,株式会社クスリのアオキ,,0749-53-3805,,2021-06-01,2026-12-31,5612273.xlsx
薬局,71148-100,はごろも薬局,529-0515,長浜市余呉町中之郷１１５８,合同会社ＮＡＵ,,0749-56-0455,,2021-07-01,2026-12-31,5612273.xlsx
薬局,71160-100,コスモス調剤薬局　八幡中山店,526-0021,長浜市八幡中山町３０５－４,株式会社コスモス薬品,,0749-64-8185,,2021-12-27,2026-12-31,5612273.xlsx
薬局,71164-100,ユタカ薬局長浜宮司,526-0831,長浜市宮司町１２００,株式会社ユタカファーマシー,,0749-64-6051,,2022-03-07,2027-12-31,5612273.xlsx
薬局,71174-100,クスリのアオキ浅井薬局,526-0244,長浜市内保町２７０９－１,株式会社クスリのアオキ,,0749-53-2230,,2022-07-01,2027-12-31,5612273.xlsx
薬局,71175-100,スギ薬局　在宅調剤センター高田店,526-0037,長浜市高田町１１－３３,株式会社スギ薬局,,,,2022-07-06,2027-12-31,5612273.xlsx
薬局,71176-100,クスリのアオキ虎姫薬局,529-0141,長浜市五村２０９－１,株式会社クスリのアオキ,,0749-53-3666,,2022-08-01,2027-12-31,5612273.xlsx
薬局,71197-100,スギ薬局　長浜南店,526-0042,長浜市勝町１０５,株式会社スギ薬局,,0749-64-4765,,2023-04-20,2028-12-31,5612273.xlsx
薬局,71206-100,ユタカ薬局３６５,521-0236,米原市間田５０６－２,株式会社ユタカファーマシー,,0749-53-3707,,2023-06-23,2028-12-31,5612273.xlsx
薬局,71207-100,ユタカ薬局浅井,526-0242,長浜市三田町１７４４－１,株式会社ユタカファーマシー,,0749-57-6190,,2023-06-23,2028-12-31,5612273.xlsx
薬局,71209-100,うぃんぐ薬局,521-0234,米原市井之口１８１,株式会社Ｐｒｏ,,0749-57-6571,,2023-06-27,2028-12-31,5612273.xlsx
薬局,71210-100,ユタカ薬局長浜祇園,526-0061,長浜市祇園町２１,株式会社ユタカファーマシー,,0749-53-2495,,2023-08-01,2028-12-31,5612273.xlsx
薬局,71238-100,どんぐり薬局中山店,526-0025,長浜市分木町２－１７,株式会社チェックポイント,,,,2024-07-30,2029-12-31,5612273.xlsx
薬局,71240-100,ユタカ薬局高月,529-0241,長浜市高月町高月９１０－１,株式会社ユタカファーマシー,,0749-53-2164,,2024-09-02,2029-12-31,5612273.xlsx
薬局,71242-100,長浜調剤薬局,526-0021,長浜市八幡中山町３９４,株式会社セレネファーマシー,,0749-53-2661,,2024-09-01,2029-12-31,5612273.xlsx
薬局,71244-100,クオール薬局長浜高月店,529-0233,長浜市高月町渡岸寺１５３－７,クオール株式会社,,0749-85-6589,,2024-11-01,2029-12-31,5612273.xlsx
薬局,71246-100,ニカ薬局　長浜店,526-0021,長浜市八幡中山町３０５－６－１０２,株式会社ニカスト,,0749-57-6265,,2024-11-01,2029-12-31,5612273.xlsx
薬局,71250-100,ユタカ薬局米原下多良,521-0016,米原市下多良二丁目５６,株式会社ユタカファーマシー,,0749-53-2106,,2024-12-05,2029-12-31,5612273.xlsx
薬局,71253-100,ケアリア調剤薬局,526-0043,長浜市大戌亥町２８８－５,株式会社ケアリアプラス,,0749-68-3585,,2025-03-01,2030-12-31,5612273.xlsx
薬局,71254-100,阪神調剤薬局　長浜店,526-0052,長浜市神前町９－３７,株式会社スギ薬局,,0749-68-1785,,2025-03-01,2030-12-31,5612273.xlsx
薬局,71255-100,春日薬局　米原店,521-0013,米原市梅ケ原１４１３－１,株式会社Ｐｓ,,0749-53-4503,,2025-02-25,2030-12-31,5612273.xlsx
薬局,90172-100,株式会社ルックドイ薬局　安曇川店,520-1214,高島市安曇川町末広三丁目１８,株式会社　ルックドイ薬局,,0740-32-2848,,2023-01-01,2028-12-31,5612273.xlsx
薬局,90202-100,ひかり薬局,520-1501,高島市新旭町旭１０６７ー２,有限会社ウィズ・ピース,,0740-25-5546,,2024-01-01,2029-12-31,5612273.xlsx
薬局,90203-100,たんぽぽ薬局高島店,520-1121,高島市勝野２２４０－１,たんぽぽ薬局株式会社,,0740-36-8131,,2024-01-01,2029-12-31,5612273.xlsx
薬局,90212-100,ケーエーシー薬局,520-1605,高島市今津町南新保１６５番地,有限会社ケーエーシー,,0740-22-8848,,2025-01-01,2030-12-31,5612273.xlsx
薬局,90223-100,有限会社今井薬局　駅前店,520-1631,高島市今津町名小路一丁目３－７,有限会社今井薬局,,0740-22-4193,,2026-01-01,2031-12-31,5612273.xlsx
薬局,90228-100,つくし薬局　新旭店,520-1532,高島市新旭町熊野本一丁目１－１６,有限会社つくし薬局,,0740-25-8384,,2021-01-01,2026-12-31,5612273.xlsx
薬局,90244-100,株式会社戸井薬局今津駅前店,520-1622,高島市今津町中沼二丁目１－２,株式会社戸井薬局,,0740-22-5004,,2022-01-01,2027-12-31,5612273.xlsx
薬局,90299-100,ふれあい薬局・今津,520-1621,高島市今津町今津１５０４－４,株式会社近畿予防医学研究所,,0740-24-7177,,2024-01-01,2029-12-31,5612273.xlsx
薬局,90310-100,フタバ薬局新旭店,520-1501,高島市新旭町旭１０３０－３,株式会社フタバ,,0740-25-8270,,2025-01-01,2030-12-31,5612273.xlsx
薬局,90338-100,りんご薬局,520-1632,高島市今津町桜町一丁目７－９,株式会社りんご,,0740-22-0411,,2022-01-01,2027-12-31,5612273.xlsx
薬局,90339-100,たかひげ調剤薬局,520-1501,高島市新旭町旭７１１－１,株式会社マーレ薬品,,0740-25-0720,,2023-01-01,2028-12-31,5612273.xlsx
薬局,90344-100,千寿堂薬局,520-1214,高島市安曇川町末広三丁目２３－２,有限会社コスモメディカル,,0740-32-8040,,2024-01-01,2029-12-31,5612273.xlsx
薬局,90345-100,たんぽぽ薬局　新高島店,520-1121,高島市勝野２２５４－２８,たんぽぽ薬局株式会社,,0740-36-8211,,2024-01-01,2029-12-31,5612273.xlsx
薬局,90350-100,琵琶湖さざなみ薬局,520-1121,高島市勝野１９９－７,株式会社愛知メディックス,,0740-36-0099,,2024-01-01,2029-12-31,5612273.xlsx
薬局,90361-100,めぐみ薬局　新旭店,520-1532,高島市新旭町熊野本一丁目６－１１,株式会社恵,,0740-33-7255,,2025-01-01,2030-12-31,5612273.xlsx
薬局,90365-100,共創未来　高島薬局,520-1823,高島市マキノ町中庄４７３－９１,株式会社ファーマみらい,,0740-27-8112,,2025-01-01,2030-12-31,5612273.xlsx
薬局,90388-100,ユタカ薬局　安曇川,520-1212,高島市安曇川町西万木429,株式会社ユタカファーマシー,,0740-32-6021,,2023-01-01,2028-12-31,5612273.xlsx
薬局,90394-100,ウエルシア薬局　高島新旭店,520-1501,高島市新旭町旭６１０－１,ウエルシア薬局株式会社,,0740-25-0860,,2025-01-01,2030-12-31,5612273.xlsx
薬局,90398-100,ドリーム薬局　安曇川店,520-1212,高島市安曇川町西万木１２６４－３,有限会社未来,,0740-32-8066,,2025-01-01,2030-12-31,5612273.xlsx
薬局,90401-100,ふれあい薬局・高島,520-1121,高島市勝野２２４６－４,株式会社近畿予防医学研究所,,0740-36-8151,,2025-01-01,2030-12-31,5612273.xlsx
薬局,90411-100,みつばち調剤薬局,520-1216,高島市安曇川町中央二丁目３－１４,株式会社スリーエム,,0740-32-3799,,2021-02-01,2026-12-31,5612273.xlsx
薬局,90424-100,とうじゅ薬局,520-1501,高島市新旭町旭一丁目８－５　エスパ１階,株式会社メディカルシーズン,,0740-25-5117,,2022-08-01,2027-12-31,5612273.xlsx
薬局,90434-100,調剤薬局マリーンマキノ病院前店,520-1823,高島市マキノ町中庄４７３－１３１,株式会社アテナファーマシー,,0740-20-2525,,2024-02-01,2029-12-31,5612273.xlsx
薬局,90447-100,戸井薬局,520-1533,高島市新旭町安井川１２５２－１,株式会社　ルックドイ薬局,,0740-25-2004,,2026-01-21,2031-12-31,5612273.xlsx
薬局,90449-100,とうじゅ薬局,520-1216,高島市安曇川町中央三丁目１番２７,株式会社メディカルシーズン,,0740-25-5117,,2026-04-27,2031-12-31,5612273.xlsx
店舗販売業,20127-350,平和堂薬品　アル・プラザ守山,524-0012,守山市播磨田町１８５－１,株式会社平和堂,,077-581-1800,,2021-01-01,2026-12-31,5612274.xlsx
店舗販売業,20148-350,セイシンドー,525-0066,草津市矢橋町２３－９３,進藤　道雄,,077-563-4702,,2022-01-01,2027-12-31,5612274.xlsx
店舗販売業,20805-350,Ｂｅａｕｔｙ Ｒｏａｄ　アル・プラザ野洲,520-2331,野洲市小篠原１０００,株式会社平和堂,,077-588-5500,,2023-01-01,2028-12-31,5612274.xlsx
店舗販売業,20846-350,ドラッグユタカ　守山店,524-0044,守山市古高町３８４,株式会社ユタカファーマシー,,077-581-1631,,2021-01-01,2026-12-31,5612274.xlsx
店舗販売業,20849-350,クスリキリン堂　栗東店,520-3035,栗東市霊仙寺三丁目２－２９,株式会社キリン堂,,077-554-7100,,2021-01-01,2026-12-31,5612274.xlsx
店舗販売業,20911-350,平和堂薬品　くさつ平和堂,525-0032,草津市大路一丁目１０－２７　くさつ平和堂地下１階内,株式会社平和堂,,077-562-2755,,2021-01-01,2026-12-31,5612274.xlsx
店舗販売業,20922-350,Ｂｅａｕｔｙ　Ｒｏａｄ　アル・プラザ草津,525-0025,草津市西渋川一丁目２３－３０　アルプラザ草津１階内,株式会社平和堂,,077-561-6200,,2021-01-01,2026-12-31,5612274.xlsx
店舗販売業,20937-350,クスリキリン堂　守山梅田店,524-0037,守山市梅田町１１－１９,株式会社キリン堂,,077-581-3972,,2021-01-01,2026-12-31,5612274.xlsx
店舗販売業,20945-350,ココカラファイン　フェリエ南草津店,525-0055,草津市野路一丁目１５－５　フェリエ南草津内１階,株式会社ココカラファイン　ヘルスケア,,077-566-7520,,2021-01-01,2026-12-31,5612274.xlsx
店舗販売業,20957-350,小島薬店,524-0022,守山市守山一丁目９－５,有限会社こじま,,077-582-2215,,2024-01-01,2029-12-31,5612274.xlsx
店舗販売業,20989-350,ＨＥｉＷＡドラッグ　アル・プラザ栗東,520-3031,栗東市綣二丁目３－２２　アルプラザ栗東１階内,株式会社平和堂,,077-551-6300,,2021-01-01,2026-12-31,5612274.xlsx
店舗販売業,21362-350,松喬堂,520-2331,野洲市小篠原１９９２－７　大生ビルⅡ１０３,木本　順子,,077-588-2430,,2024-01-01,2029-12-31,5612274.xlsx
店舗販売業,21388-350,クスリキリン堂　守山播磨田店,524-0012,守山市播磨田町３０６３,株式会社キリン堂,,077-514-1526,,2021-01-01,2026-12-31,5612274.xlsx
店舗販売業,21450-350,クスリキリン堂　草津追分店,525-0048,草津市追分南六丁目１－６,株式会社キリン堂,,077-569-4925,,2021-01-01,2026-12-31,5612274.xlsx
店舗販売業,21460-350,ドラッグユタカ　志津東草津店,525-0047,草津市追分一丁目３－３０,株式会社ユタカファーマシー,,077-566-2288,,2022-01-01,2027-12-31,5612274.xlsx
店舗販売業,21474-350,ココカラファイン　ガーデンシティ草津店,525-0032,草津市大路一丁目１－１　エルティ９３２＆ガーデンシティ草津２階,株式会社ココカラファイン　ヘルスケア,,077-569-4868,,2021-01-01,2026-12-31,5612274.xlsx
店舗販売業,21483-350,クスリキリン堂　守山水保店,524-0102,守山市水保町１２６７,株式会社キリン堂,,077-584-2577,,2021-01-01,2026-12-31,5612274.xlsx
店舗販売業,21512-350,ドラッグユタカ　栗東高野店,520-3045,栗東市高野６２０－１,株式会社ユタカファーマシー,,077-552-8912,,2021-01-01,2026-12-31,5612274.xlsx
店舗販売業,21628-350,ドラッグユタカ　西草津店,525-0028,草津市上笠二丁目３３－１２,株式会社ユタカファーマシー,,077-566-0045,,2022-01-01,2027-12-31,5612274.xlsx
店舗販売業,21632-350,Ｋａｍｐｏ　Ｓａｌｏｎ　Ｆｌｏｒａ,525-0059,草津市野路一丁目１４－３８　サンマール南草津３０３,株式会社ＦＬＯＲＡ,,077-562-9370,,2024-01-01,2029-12-31,5612274.xlsx
店舗販売業,21675-350,西友野洲店　薬売場,520-2362,野洲市市三宅１０１３,株式会社西友,,077-586-3601,,2021-01-01,2026-12-31,5612274.xlsx
店舗販売業,21682-350,株式会社薬舗たんぽぽ,520-3015,栗東市安養寺二丁目５－１５,株式会社薬舗たんぽぽ,,077-554-5467,,2021-01-01,2026-12-31,5612274.xlsx
店舗販売業,21728-350,クスリキリン堂　野洲店,520-2353,野洲市久野部１４９－１,株式会社キリン堂,,077-586-8821,,2022-01-01,2027-12-31,5612274.xlsx
店舗販売業,21760-350,西友南草津店　薬売場,525-0055,草津市野路一丁目１３－３６,株式会社西友,,077-565-8666,,2022-01-01,2027-12-31,5612274.xlsx
店舗販売業,21775-350,なかたに薬店,525-0005,草津市志那町９１６,中谷　功,,077-568-2622,,2023-01-01,2028-12-31,5612274.xlsx
店舗販売業,21777-350,健康相談にこにこ堂,525-0053,草津市矢倉一丁目５－３３,有限会社にこにこ堂,,077-562-1165,,2023-01-01,2028-12-31,5612274.xlsx
店舗販売業,21815-350,ザ・ビッグエクストラ野洲店ドラッグ,520-2435,野洲市乙窪４８０－１,イオンビッグ株式会社,,077-589-1200,,2023-01-01,2028-12-31,5612274.xlsx
店舗販売業,21889-350,野洲行畑薬店,520-2341,野洲市行畑二丁目１－３　１F,秋岡　智子,,077-599-3848,,2024-01-01,2029-12-31,5612274.xlsx
店舗販売業,21906-350,ドラッグジャパン　栗東店,520-3024,栗東市小柿三丁目５,株式会社スギ薬局,,077-553-1040,,2025-01-01,2030-12-31,5612274.xlsx
店舗販売業,21914-350,ココカラファイン　平井店,525-0023,草津市平井五丁目１７－１３,株式会社ココカラファイン　ヘルスケア,,077-566-7051,,2025-01-01,2030-12-31,5612274.xlsx
店舗販売業,21928-350,ドラッグユタカ　栗東安養寺店,520-3015,栗東市安養寺三丁目１－３９,株式会社ユタカファーマシー,,077-554-9335,,2025-01-01,2030-12-31,5612274.xlsx
店舗販売業,21958-350,タムラ薬販,520-2341,野洲市行畑２６４－１,田村　雅裕,,077-586-0644,,2025-01-01,2030-12-31,5612274.xlsx
店舗販売業,21963-350,クスリのアオキ　霊仙寺店,520-3035,栗東市霊仙寺一丁目４－６,株式会社クスリのアオキ,,077-551-2333,,2026-01-01,2031-12-31,5612274.xlsx
店舗販売業,21964-350,クスリのアオキ　目川店,520-3013,栗東市目川１４３３,株式会社クスリのアオキ,,077-551-2820,,2026-01-01,2031-12-31,5612274.xlsx
店舗販売業,21985-350,ウエルシア野洲小篠原店,520-2331,野洲市小篠原１６１１－１,ウエルシア薬局株式会社,,077-518-0063,,2026-01-01,2031-12-31,5612274.xlsx
店舗販売業,21991-350,ウエルシア滋賀守山店,524-0022,守山市守山六丁目１０－３７,ウエルシア薬局株式会社,,077-514-0620,,2026-01-01,2031-12-31,5612274.xlsx
店舗販売業,21994-350,ウエルシア栗東手原店,520-3047,栗東市手原一丁目９－１７,ウエルシア薬局株式会社,,077-554-9494,,2026-01-01,2031-12-31,5612274.xlsx
店舗販売業,22010-350,クスリキリン堂　草津図書館前店,525-0036,草津市草津町１５４２,株式会社キリン堂,,077-562-6700,,2026-01-01,2031-12-31,5612274.xlsx
店舗販売業,22055-350,ツルハドラッグ栗東安養寺店,520-3015,栗東市安養寺八丁目２－２２,株式会社ツルハ,,077-551-6268,,2021-01-01,2026-12-31,5612274.xlsx
店舗販売業,22097-350,ドラッグユタカ栗東小柿店,520-3024,栗東市小柿六丁目４－２８,株式会社ユタカファーマシー,,077-551-2805,,2021-01-01,2026-12-31,5612274.xlsx
店舗販売業,22108-350,薬マツモトキヨシ　ピエリ守山店,524-0101,守山市今浜町２６２０－５　ピエリ守山１階,株式会社マツモトキヨシ,,077-584-3205,,2021-01-01,2026-12-31,5612274.xlsx
店舗販売業,22118-350,ドラッグユタカ野洲店,520-2352,野洲市冨波乙８２８,株式会社ユタカファーマシー,,077-586-1160,,2022-01-01,2027-12-31,5612274.xlsx
店舗販売業,22140-350,スギドラッグ　草津店,525-0036,草津市草津町１５２０－１,株式会社スギ薬局,,077-566-6915,,2022-01-01,2027-12-31,5612274.xlsx
店舗販売業,22162-350,クスリのアオキ　川田店,524-0001,守山市川田町７５７－１,株式会社クスリのアオキ,,077-585-9515,,2022-01-01,2027-12-31,5612274.xlsx
店舗販売業,22165-350,Ｖ・ｄｒｕｇ　霊仙寺店,520-3035,栗東市霊仙寺五丁目３－２０,中部薬品株式会社,,077-584-5822,,2022-01-01,2027-12-31,5612274.xlsx
店舗販売業,22212-350,ドラッグコスモスへそ店,520-3031,栗東市綣四丁目２－２１,株式会社コスモス薬品,,077-551-2565,,2023-01-01,2028-12-31,5612274.xlsx
店舗販売業,22240-350,ドラッグユタカ守山播磨田店,524-0012,守山市播磨田町６６３－１,株式会社ユタカファーマシー,,077-514-2711,,2024-01-01,2029-12-31,5612274.xlsx
店舗販売業,22262-350,スギドラッグ　守山東店,524-0041,守山市勝部五丁目７－１８,株式会社スギ薬局,,077-574-8911,,2024-01-01,2029-12-31,5612274.xlsx
店舗販売業,22273-350,スギドラッグ　栗東ひがし店,520-3041,栗東市出庭５２３－１,株式会社スギ薬局,,077-574-8901,,2025-01-01,2030-12-31,5612274.xlsx
店舗販売業,22283-350,スギドラッグ　草津大路店,525-0032,草津市大路三丁目５－８,株式会社スギ薬局,,077-584-5890,,2025-01-01,2030-12-31,5612274.xlsx
店舗販売業,22317-350,ウエルシア草津野路店,525-0059,草津市野路四丁目４－１,ウエルシア薬局株式会社,,077-569-5004,,2026-01-01,2031-12-31,5612274.xlsx
店舗販売業,22318-350,ドラッグユタカ　栗東野尻店,520-3027,栗東市野尻５８０,株式会社ユタカファーマシー,,077-554-7001,,2026-01-01,2031-12-31,5612274.xlsx
店舗販売業,22356-350,スギドラッグ　野洲店,520-2331,野洲市小篠原１９８０－５,株式会社スギ薬局,,077-518-1051,,2026-01-01,2031-12-31,5612274.xlsx
店舗販売業,22357-350,クスリのアオキ野洲店,520-2331,野洲市小篠原１２６９－２,株式会社クスリのアオキ,,077-574-8706,,2026-01-01,2031-12-31,5612274.xlsx
店舗販売業,22363-350,ドラッグユタカ草津追分南店,525-0048,草津市追分南二丁目１１－１１,株式会社ユタカファーマシー,,077-561-5530,,2026-01-01,2031-12-31,5612274.xlsx
店舗販売業,22376-350,スギドラッグ　エイスクエア店,525-0025,草津市西渋川一丁目２３－３　エイスクエアＳＡＲＡ東館１階,株式会社スギ薬局,,077-598-0913,,2021-01-25,2026-12-31,5612274.xlsx
店舗販売業,22435-350,ローソンＳ栗東大橋店,520-3046,栗東市大橋七丁目２－２２,株式会社ＦＲＬ,,077-553-1137,,2021-10-12,2026-12-31,5612274.xlsx
店舗販売業,22438-350,ウエルシア野洲市三宅店,520-2362,野洲市市三宅２３７５,ウエルシア薬局株式会社,,077-588-5031,,2021-11-15,2026-12-31,5612274.xlsx
店舗販売業,22440-350,ウエルシア守山今宿店,524-0046,守山市今宿四丁目５－１０,ウエルシア薬局株式会社,,077-514-1661,,2021-12-13,2026-12-31,5612274.xlsx
店舗販売業,22451-350,株式会社高岡屋,525-0034,草津市草津三丁目９－１４,株式会社高岡屋,,077-564-2511,,2022-02-03,2027-12-31,5612274.xlsx
店舗販売業,22454-350,スギドラッグ　南草津店,525-0055,草津市南草津プリムタウン四丁目１７－３０　ルビットパーク南草津,株式会社スギ薬局,,077-598-0762,,2022-04-06,2027-12-31,5612274.xlsx
店舗販売業,22455-350,ドラッグユタカ南草津店,525-0055,草津市野路町６８９－３,株式会社ユタカファーマシー,,077-563-6722,,2022-04-19,2027-12-31,5612274.xlsx
店舗販売業,22467-350,ウエルシア滋賀草津町店,525-0036,草津市草津町１８９９,ウエルシア薬局株式会社,,077-561-0131,,2022-05-17,2027-12-31,5612274.xlsx
店舗販売業,22474-350,スーパーセンタートライアル草津矢橋店,525-0066,草津市矢橋町２２１,株式会社トライアルストアーズ,,077-598-5093,,2022-08-24,2027-12-31,5612274.xlsx
店舗販売業,22475-350,サンドラッグ野洲店,520-2331,野洲市小篠原１０００　アルプラザ野洲店１階,株式会社サンドラッグ,,077-509-9858,,2022-08-19,2027-12-31,5612274.xlsx
店舗販売業,22502-350,ドラッグコスモス川原店,525-0022,草津市川原一丁目９－１,株式会社コスモス薬品,,,,2022-12-05,2027-12-31,5612274.xlsx
店舗販売業,22513-350,フジ薬品　アルプラザ,525-0025,草津市西渋川一丁目２３－３０　アルプラザ草津内,有限会社フジ薬局,,077-567-1981,,2023-01-12,2028-12-31,5612274.xlsx
店舗販売業,22524-350,マルワ漢方,525-0032,草津市大路一丁目８－２５　エムビル１Ｆ,京山　公子,,077-564-3511,,2023-03-22,2028-12-31,5612274.xlsx
店舗販売業,22542-350,クスリのアオキ草津下物店,525-0001,草津市下物町５１－１,株式会社クスリのアオキ,,077-584-5646,,2023-06-28,2028-12-31,5612274.xlsx
店舗販売業,22582-350,松喬堂,520-2331,野洲市小篠原１９７９,木本　順子,,077-588-2430,,2024-02-28,2029-12-31,5612274.xlsx
店舗販売業,22610-350,ローソン　栗東御園店,520-3005,栗東市御園１８９３,多賀　雄,,077-558-0070,,2025-02-03,2030-12-31,5612274.xlsx
店舗販売業,22612-350,クスリキリン堂　守山駅前店,524-0037,守山市梅田町２８－１,株式会社キリン堂,,077-581-2360,,2024-09-05,2029-12-31,5612274.xlsx
店舗販売業,22617-350,ゲンキー小島店,524-0002,守山市小島町１６０２,ゲンキー株式会社,,077-516-7740,,2024-11-04,2030-11-03,5612274.xlsx
店舗販売業,22628-350,クスリのアオキ草津野村店,525-0027,草津市野村四丁目３－３,株式会社クスリのアオキ,,077-516-8880,,2025-02-05,2030-12-31,5612274.xlsx
店舗販売業,22636-350,薬マツモトキヨシ　ハズイタウン守山店,524-0045,守山市金森町４８８,株式会社マツモトキヨシ,,077-514-8020,,2025-02-12,2030-12-31,5612274.xlsx
店舗販売業,22653-350,スギドラッグ　守山店,524-0021,守山市吉身三丁目１４－３０,株式会社スギ薬局,,077-514-1911,,2025-05-01,2030-12-31,5612274.xlsx
店舗販売業,22654-350,ゲンキ―山田店,525-0061,草津市北山田町坊ノ後６９－１,ゲンキ―株式会社,,077-518-8970,,2025-05-12,2031-05-11,5612274.xlsx
店舗販売業,22662-350,クスリキリン堂　草津かがやき通り店,525-0048,草津市追分南三丁目２５－４,株式会社キリン堂,,077-567-3120,,2025-07-01,2030-12-31,5612274.xlsx
店舗販売業,22664-350,ドラッグコスモス小柿店,520-3024,栗東市小柿三丁目４－４３,株式会社コスモス薬品,,077-518-8989,,2025-07-14,2030-12-31,5612274.xlsx
店舗販売業,22691-350,ゲンキー西渋川店,525-0025,草津市西渋川二丁目１－２８,ゲンキー株式会社,,,,2026-03-09,2032-03-08,5612274.xlsx
店舗販売業,22694-350,ドラッグコスモス下鈎店,520-3026,栗東市下鈎８９６,株式会社コスモス薬品,,077-552-5303,,2026-03-17,2031-12-31,5612274.xlsx
店舗販売業,30034-350,昭和化学工業株式会社,520-3433,甲賀市甲賀町大原市場１５７,昭和化学工業株式会社,,0748-88-2174,,2022-01-01,2027-12-31,5612274.xlsx
店舗販売業,30035-350,日新製薬株式会社,528-0013,甲賀市水口町宮の前２－６２,日新製薬株式会社,,0748-62-4161,,2024-01-01,2029-12-31,5612274.xlsx
店舗販売業,30074-350,ニコニコ薬店,520-3105,湖南市石部西一丁目３－４,中井　さち子,,0748-77-6700,,2023-01-01,2028-12-31,5612274.xlsx
店舗販売業,30309-350,健康相談処たつおか,528-0235,甲賀市土山町大野４９５８－１,立岡　万利夫,,0748-67-1358,,2022-01-01,2027-12-31,5612274.xlsx
店舗販売業,30366-350,平和堂薬品　アル・プラザ水口,528-0037,甲賀市水口町本綾野５６６－１,株式会社平和堂,,0748-62-7101,,2021-01-01,2026-12-31,5612274.xlsx
店舗販売業,30380-350,ドラッグユタカ　信楽店,529-1835,甲賀市信楽町長野１２８０－３,株式会社ユタカファーマシー,,0748-82-1553,,2022-01-01,2027-12-31,5612274.xlsx
店舗販売業,30399-350,ドラッグユタカ　水口店,528-0037,甲賀市水口町本綾野２－２,株式会社ユタカファーマシー,,0748-63-4810,,2021-01-01,2026-12-31,5612274.xlsx
店舗販売業,30566-350,ドラッグユタカ　甲南店,520-3313,甲賀市甲南町新治２０２７,株式会社ユタカファーマシー,,0748-86-0296,,2022-01-01,2027-12-31,5612274.xlsx
店舗販売業,30567-350,ドラッグユタカ　土山店,528-0235,甲賀市土山町大野４９４６－１,株式会社ユタカファーマシー,,0748-67-0771,,2021-01-01,2026-12-31,5612274.xlsx
店舗販売業,30573-350,カインズ　甲賀店,528-0056,甲賀市水口町泉１４０５,株式会社カインズ,,0748-63-8000,,2021-01-01,2026-12-31,5612274.xlsx
店舗販売業,30631-350,クスリキリン堂　甲南町店,520-3311,甲賀市甲南町竜法師３３８－３　フレンドタウン甲賀,株式会社キリン堂,,0748-86-8805,,2021-01-01,2026-12-31,5612274.xlsx
店舗販売業,30655-350,ドラッグユタカ　水口暁店,528-0012,甲賀市水口町暁５１３３,株式会社ユタカファーマシー,,0748-63-1356,,2021-01-01,2026-12-31,5612274.xlsx
店舗販売業,30697-350,西友水口店薬売場,528-0005,甲賀市水口町水口６０８４－１,株式会社西友,,0748-63-8111,,2023-01-01,2028-12-31,5612274.xlsx
店舗販売業,30699-350,日新薬品工業株式会社,520-3426,甲賀市甲賀町田堵野８０－１,日新薬品工業株式会社,,0748-88-4156,,2023-01-01,2028-12-31,5612274.xlsx
店舗販売業,30715-350,こぶけ薬品,528-0017,甲賀市水口町京町６－１,古武家　義敬,,0748-62-2239,,2024-01-01,2029-12-31,5612274.xlsx
店舗販売業,30716-350,こぶけ薬品,528-0042,甲賀市水口町虫生野中央９０,古武家　佳代子,,0748-62-0081,,2024-01-01,2029-12-31,5612274.xlsx
店舗販売業,30722-350,スギドラッグ　甲西店,520-3252,湖南市岩根３６７,株式会社スギ薬局,,0748-75-8520,,2024-01-01,2029-12-31,5612274.xlsx
店舗販売業,30735-350,株式会社大正堂,528-0028,甲賀市水口町城東３－３８,株式会社大正堂,,0748-65-3001,,2025-01-01,2030-12-31,5612274.xlsx
店舗販売業,30744-350,ツルハドラッグ　菩提寺店,520-3242,湖南市菩提寺西三丁目１１－１３,株式会社ツルハ,,0748-74-4114,,2025-01-01,2030-12-31,5612274.xlsx
店舗販売業,30758-350,ウエルシア甲賀水口貴生川店,528-0049,甲賀市水口町貴生川二丁目６２,ウエルシア薬局株式会社,,0748-65-3557,,2026-01-01,2031-12-31,5612274.xlsx
店舗販売業,30766-350,ザ・ビッグエクストラ湖南店ドラッグ,520-3252,湖南市岩根４５８０,イオンビッグ株式会社,,0748-72-5510,,2026-01-01,2031-12-31,5612274.xlsx
店舗販売業,30805-350,ドラッグコスモス夏見店,520-3223,湖南市夏見２１３１,株式会社コスモス薬品,,0748-71-2468,,2022-01-01,2027-12-31,5612274.xlsx
店舗販売業,30808-350,クスリのアオキ石部東店,520-3107,湖南市石部東六丁目４－１０,株式会社クスリのアオキ,,0748-69-7071,,2022-01-01,2027-12-31,5612274.xlsx
店舗販売業,30815-350,ドラッグユタカ　石部店,520-3106,湖南市石部中央六丁目１－３１,株式会社ユタカファーマシー,,0748-77-8011,,2022-01-01,2027-12-31,5612274.xlsx
店舗販売業,30823-350,クスリのアオキ　水口店,528-0005,甲賀市水口町水口６０２０－１,株式会社クスリのアオキ,,0748-69-5322,,2022-01-01,2027-12-31,5612274.xlsx
店舗販売業,30824-350,ドラッグジャパン　信楽店,529-1851,甲賀市信楽町長野１２９６－１,株式会社スギ薬局,,0748-78-0010,,2022-01-01,2027-12-31,5612274.xlsx
店舗販売業,30853-350,スーパーセンタートライアル湖南店,520-3233,湖南市柑子袋２５０－５,株式会社トライアルストアーズ,,0748-72-7171,,2024-01-01,2029-12-31,5612274.xlsx
店舗販売業,30871-350,ドラッグユタカ甲西店,520-3254,湖南市岩根中央三丁目７,株式会社ユタカファーマシー,,0748-72-2666,,2024-01-01,2029-12-31,5612274.xlsx
店舗販売業,30887-350,ドラッグコスモス甲南野田店,520-3308,甲賀市甲南町野田５０５－１,株式会社コスモス薬品,,0748-86-8353,,2025-01-01,2030-12-31,5612274.xlsx
店舗販売業,30893-350,ドラッグコスモス石部店,520-3106,湖南市石部中央四丁目７－４０,株式会社コスモス薬品,,0748-77-8010,,2026-01-01,2031-12-31,5612274.xlsx
店舗販売業,30896-350,ドラッグコスモス名坂店,528-0036,甲賀市水口町東名坂２８３－１,株式会社コスモス薬品,,0748-65-1231,,2026-01-01,2031-12-31,5612274.xlsx
店舗販売業,30897-350,ドラッグユタカ水口的場店,528-0000,甲賀市水口町的場１０６,株式会社ユタカファーマシー,,0748-65-0575,,2026-01-01,2031-12-31,5612274.xlsx
店舗販売業,30903-350,大野養真堂,528-0005,甲賀市水口町水口３２０５,有限会社大野養真堂,,0748-62-8566,,2026-01-01,2031-12-31,5612274.xlsx
店舗販売業,30906-350,ドラッグコスモス甲賀市役所前店,528-0005,甲賀市水口町水口６１９５,株式会社コスモス薬品,,0748-65-0211,,2026-01-01,2031-12-31,5612274.xlsx
店舗販売業,30912-350,クスリのアオキ土山店,528-0235,甲賀市土山町大野５００５－１,株式会社クスリのアオキ,,0748-67-0112,,2021-03-31,2026-12-31,5612274.xlsx
店舗販売業,30915-350,クスリのアオキ三雲店,520-3221,湖南市三雲２３８－５,株式会社クスリのアオキ,,0748-69-7622,,2021-04-28,2026-12-31,5612274.xlsx
店舗販売業,30924-350,クスリのアオキ甲賀店,520-3433,甲賀市甲賀町大原市場７９９,株式会社クスリのアオキ,,0748-88-2011,,2022-01-19,2027-12-31,5612274.xlsx
店舗販売業,30961-350,ゲンキー土山頓宮店,528-0232,甲賀市土山町前野１１７－１,ゲンキー株式会社,,,,2023-01-16,2029-01-15,5612274.xlsx
店舗販売業,30967-350,ツルハドラッグ湖南岩根店,520-3252,湖南市岩根４５８０　イオンタウン湖南　１階,株式会社ツルハ,,0748-69-7268,,2024-02-01,2029-12-31,5612274.xlsx
店舗販売業,30971-350,ゲンキー甲南野田店,520-3308,甲賀市甲南町野田７９１－１,ゲンキー株式会社,,0748-76-4470,,2024-04-01,2029-12-31,5612274.xlsx
店舗販売業,31000-350,ドラッグユタカ甲西中央店,520-3234,湖南市中央一丁目４０－１,株式会社ユタカファーマシー,,0749-69-6850,,2025-03-26,2030-12-31,5612274.xlsx
店舗販売業,31006-350,ゲンキー信楽店,529-1851,甲賀市信楽町長野６７２,ゲンキー株式会社,,0748-69-5980,,2025-05-26,2030-12-31,5612274.xlsx
店舗販売業,31019-350,自然と漢方　サンポウ,520-3322,甲賀市甲南町深川２５３１－２,株式会社志貫堂,,0748-76-1077,,2025-10-27,2030-12-31,5612274.xlsx
店舗販売業,40004-350,太陽堂　本店,527-0029,東近江市八日市町１３－１５,株式会社太陽堂薬局,,0748-22-0308,,2021-01-01,2026-12-31,5612274.xlsx
店舗販売業,40037-350,ドラッグユタカ　五個荘店,529-1413,東近江市五個荘簗瀬町４－３,株式会社ユタカファーマシー,,0748-48-5888,,2021-01-01,2026-12-31,5612274.xlsx
店舗販売業,40282-350,島田薬品,520-2531,蒲生郡竜王町山之上４５８２－１,島田　幸子,,0748-57-0072,,2022-01-01,2027-12-31,5612274.xlsx
店舗販売業,40283-350,中村薬品,523-0005,近江八幡市末広町６７１,中村　知史,,0748-37-6049,,2024-01-01,2029-12-31,5612274.xlsx
店舗販売業,40525-350,福地製薬株式会社　日野工場,529-1606,蒲生郡日野町寺尻８２４,福地製薬株式会社,,0748-52-2323,,2023-01-01,2028-12-31,5612274.xlsx
店舗販売業,40532-350,ドラッグユタカ　八日市店,527-0013,東近江市東中野町３１４,株式会社ユタカファーマシー,,0748-22-2501,,2021-01-01,2026-12-31,5612274.xlsx
店舗販売業,40599-350,片岡薬店,523-0005,近江八幡市末広町７３４,片岡　信博,,0748-37-6030,,2023-01-01,2028-12-31,5612274.xlsx
店舗販売業,40627-350,ドラッグユタカ　八日市御園店,527-0057,東近江市岡田町１１８,株式会社ユタカファーマシー,,0748-24-2312,,2022-01-01,2027-12-31,5612274.xlsx
店舗販売業,40685-350,ドラッグユタカ　能登川店,521-1224,東近江市林町２３６,株式会社ユタカファーマシー,,0748-42-9991,,2022-01-01,2027-12-31,5612274.xlsx
店舗販売業,40700-350,ＣｏＣｏドラ　フレンドマート能登川店,521-1221,東近江市垣見町１５１５　フレンドマート能登川店内,株式会社平和堂,,0748-42-3695,,2023-01-01,2028-12-31,5612274.xlsx
店舗販売業,40724-350,ケンユードラッグ,527-0016,東近江市今崎町１６３　ＭＥＧＡドン・キホーテＵＮＹ東近江店内,立岡　勇雄,,0748-20-1855,,2024-01-01,2029-12-31,5612274.xlsx
店舗販売業,40734-350,クスリキリン堂　東浜店,527-0021,東近江市八日市東浜町２－２４,株式会社キリン堂,,0748-24-9211,,2021-01-01,2026-12-31,5612274.xlsx
店舗販売業,41008-350,ドラッグユタカ　日野店,529-1601,蒲生郡日野町松尾９４８－１０,株式会社ユタカファーマシー,,0748-52-5777,,2022-01-01,2027-12-31,5612274.xlsx
店舗販売業,41057-350,株式会社　近江兄弟社,523-8515,近江八幡市魚屋町元２９,株式会社　近江兄弟社,,0748-32-3131,,2024-01-01,2029-12-31,5612274.xlsx
店舗販売業,41070-350,平和堂薬品　アル・プラザ近江八幡,523-0893,近江八幡市桜宮町２０２－１　アルプラザ近江八幡１階内,株式会社平和堂,,0748-31-2880,,2024-01-01,2029-12-31,5612274.xlsx
店舗販売業,41181-350,鳥居薬品,523-0013,近江八幡市長光寺町２１,鳥居　恵美子,,0748-37-0644,,2022-01-01,2027-12-31,5612274.xlsx
店舗販売業,41184-350,株式会社日吉,523-0821,近江八幡市多賀町３７２－２,株式会社日吉,,0748-32-5111,,2022-01-01,2027-12-31,5612274.xlsx
店舗販売業,41202-350,ドラッグユタカ安土店,521-1311,近江八幡市安土町下豊浦４７０５－１,株式会社ユタカファーマシー,,0748-46-5033,,2022-01-01,2027-12-31,5612274.xlsx
店舗販売業,41206-350,有限会社八幡健康プラザ,523-0061,近江八幡市江頭町４６２－１,有限会社八幡健康プラザ,,0748-33-5516,,2022-01-01,2027-12-31,5612274.xlsx
店舗販売業,41230-350,ドラッグユタカ近江八幡店,523-0893,近江八幡市桜宮町２００－９,株式会社ユタカファーマシー,,0748-34-7571,,2022-01-01,2027-12-31,5612274.xlsx
店舗販売業,41237-350,ドラッグユタカ竜王店,520-2552,蒲生郡竜王町小口１６６４－１,株式会社ユタカファーマシー,,0748-58-5330,,2023-01-01,2028-12-31,5612274.xlsx
店舗販売業,41276-350,日野薬品工業株式会社,529-1642,蒲生郡日野町上野田１１９,日野薬品工業株式会社,,0748-52-1231,,2024-01-01,2029-12-31,5612274.xlsx
店舗販売業,41315-350,蒲生ドラッグ,529-1537,東近江市市子殿町１３８６,株式会社レークケア,,0748-55-4050,,2025-01-01,2030-12-31,5612274.xlsx
店舗販売業,41320-350,堀井百薬堂,523-0057,近江八幡市田中江町２３８,堀井　信太朗,,0748-36-8310,,2025-01-01,2030-12-31,5612274.xlsx
店舗販売業,41325-350,ソムリエの薬剤師がやってるお店です。,523-0061,近江八幡市江頭町４４８－３,株式会社日本飲兵衛薬剤師機構,,0748-33-8602,,2025-01-01,2030-12-31,5612274.xlsx
店舗販売業,41330-350,スギドラッグ　八日市店,527-0025,東近江市八日市東本町６－４８,株式会社スギ薬局,,0748-43-2244,,2026-01-01,2031-12-31,5612274.xlsx
店舗販売業,41335-350,クスリのアオキ東近江幸町店,527-0031,東近江市幸町１－８,株式会社クスリのアオキ,,0748-20-2211,,2026-01-01,2031-12-31,5612274.xlsx
店舗販売業,41339-350,平和堂薬品　フレンドマート日野店,529-1601,蒲生郡日野町松尾８４４－１０,株式会社平和堂,,0748-52-9400,,2026-01-01,2031-12-31,5612274.xlsx
店舗販売業,41349-350,ウエルシア東近江八日市店,527-0015,東近江市中野町２６９,ウエルシア薬局株式会社,,0748-20-3177,,2026-01-01,2031-12-31,5612274.xlsx
店舗販売業,41350-350,クスリのアオキ東沖野店,527-0033,東近江市東沖野五丁目１７－１,株式会社クスリのアオキ,,0748-36-1781,,2026-01-01,2031-12-31,5612274.xlsx
店舗販売業,41369-350,有限会社くすりのエンゼル,527-0042,東近江市外町５６１－２,有限会社くすりのエンゼル,,0748-36-2074,,2021-01-01,2026-12-31,5612274.xlsx
店舗販売業,41405-350,ローソン　日野河原店,529-1602,蒲生郡日野町河原一丁目１７,株式会社酢屋忠本店,,0748-53-3003,,2022-01-01,2027-12-31,5612274.xlsx
店舗販売業,41414-350,ドラッグユタカ近江八幡十王店,523-0063,近江八幡市十王町８６－４,株式会社ユタカファーマシー,,0748-31-3400,,2022-01-01,2027-12-31,5612274.xlsx
店舗販売業,41416-350,マツモトキヨシＯＵＴＬＥＴ　三井アウトレットパーク滋賀竜王店,520-2551,蒲生郡竜王町薬師１１７８－６９４,株式会社マツモトキヨシ,,0748-58-5087,,2022-01-01,2027-12-31,5612274.xlsx
店舗販売業,41433-350,平和堂薬品　アル・プラザ八日市,527-0011,東近江市八日市浜野町３－１　アル・プラザ八日市１階,株式会社平和堂,,0748-24-1222,,2022-01-01,2027-12-31,5612274.xlsx
店舗販売業,41435-350,ウエルシア　近江八幡若宮店,523-0037,近江八幡市東町１８７－１,ウエルシア薬局株式会社,,0748-38-5025,,2022-01-01,2027-12-31,5612274.xlsx
店舗販売業,41442-350,山田薬舗,529-1601,蒲生郡日野町松尾１５１６,山田　敏之,,0748-52-0080,,2023-01-01,2028-12-31,5612274.xlsx
店舗販売業,41448-350,ドラッグコスモス蒲生日野店,529-1641,蒲生郡日野町日田６５,株式会社コスモス薬品,,0748-52-9710,,2023-01-01,2028-12-31,5612274.xlsx
店舗販売業,41453-350,和音漢方堂,523-0893,近江八幡市桜宮町２０６－２０　ヤマセビル１－Ａ,堤　里香,,0748-33-8188,,2023-01-01,2028-12-31,5612274.xlsx
店舗販売業,41464-350,ウエルシア　東近江沖野店,527-0034,東近江市沖野四丁目１－７,ウエルシア薬局株式会社,,0748-20-2650,,2024-01-01,2029-12-31,5612274.xlsx
店舗販売業,41473-350,ドラッグコスモス中野店,527-0015,東近江市中野町６０３－１,株式会社コスモス薬品,,0748-20-1666,,2024-01-01,2029-12-31,5612274.xlsx
店舗販売業,41474-350,クスリのアオキ日野店,529-1601,蒲生郡日野町松尾一丁目１８,株式会社クスリのアオキ,,0748-52-8820,,2024-01-01,2029-12-31,5612274.xlsx
店舗販売業,41477-350,スギドラッグ　近江八幡北店,523-0828,近江八幡市宮内町１８７,株式会社スギ薬局,,0748-29-3992,,2024-01-01,2029-12-31,5612274.xlsx
店舗販売業,41479-350,クスリのアオキ清水店,527-0018,東近江市八日市清水三丁目２－２７,株式会社クスリのアオキ,,0748-29-3317,,2024-01-01,2029-12-31,5612274.xlsx
店舗販売業,41482-350,ドラッグユタカ近江八幡武佐店,523-0012,近江八幡市武佐町４９４－４,株式会社ユタカファーマシー,,0748-38-8082,,2024-01-01,2029-12-31,5612274.xlsx
店舗販売業,41483-350,ウエルシア近江八幡多賀町店,523-0821,近江八幡市多賀町４６０,ウエルシア薬局株式会社,,0748-31-2750,,2024-01-01,2029-12-31,5612274.xlsx
店舗販売業,41496-350,クスリのアオキ出町店,523-0892,近江八幡市出町１８０,株式会社クスリのアオキ,,0748-36-2917,,2025-01-01,2030-12-31,5612274.xlsx
店舗販売業,41505-350,スギドラッグ能登川店,521-1221,東近江市垣見町９７１,株式会社スギ薬局,,,,2025-01-01,2030-12-31,5612274.xlsx
店舗販売業,41538-350,西友八日市店　薬売場,527-0023,東近江市八日市緑町９－３０,株式会社西友,,0748-23-3133,,2026-01-01,2031-12-31,5612274.xlsx
店舗販売業,41552-350,ウエルシア近江八幡鷹飼店,523-0891,近江八幡市鷹飼町４５５－１,ウエルシア薬局株式会社,,0748-31-4319,,2021-03-11,2026-12-31,5612274.xlsx
店舗販売業,41557-350,クスリのアオキ五個荘店,529-1415,東近江市五個荘五位田町１１番地,株式会社クスリのアオキ,,0748-43-1093,,2021-05-06,2026-12-31,5612274.xlsx
店舗販売業,41566-350,スギドラッグ　近江八幡南店,523-0891,近江八幡市鷹飼町南三丁目１番地１１,株式会社スギ薬局,,0748-38-8410,,2021-09-24,2026-12-31,5612274.xlsx
店舗販売業,41572-350,クスリのアオキ安土店,521-1311,近江八幡市安土町下豊浦８７１３－１,株式会社クスリのアオキ,,0748-36-3512,,2022-01-04,2027-12-31,5612274.xlsx
店舗販売業,41573-350,養生庵　sakai,527-0004,東近江市建部堺町２０８,込山　利志栄,,0748-26-5551,,2022-01-20,2027-12-31,5612274.xlsx
店舗販売業,41590-350,ゲンキー八日市御園店,527-0052,東近江市寺町５８８－２,ゲンキー株式会社,,0748-36-2980,,2022-05-24,2028-05-23,5612274.xlsx
店舗販売業,41593-350,クスリのアオキ湖東店,527-0113,東近江市池庄町２１３１,株式会社クスリのアオキ,,0749-45-0700,,2022-06-22,2027-12-31,5612274.xlsx
店舗販売業,41594-350,ゲンキーひばり通り店,527-0034,東近江市沖野二丁目字沖野１１７,ゲンキー株式会社,,0748-43-1190,,2022-07-05,2027-12-31,5612274.xlsx
店舗販売業,41604-350,ゲンキー五個荘店,529-1444,東近江市五個荘石塚町１９０－４,ゲンキー株式会社,,0748-43-1830,,2022-09-19,2028-09-18,5612274.xlsx
店舗販売業,41627-350,クスリキリン堂　近江八幡西庄店,523-0816,近江八幡市西庄町２７８１,株式会社キリン堂,,0748-31-0555,,2022-12-16,2027-12-31,5612274.xlsx
店舗販売業,41649-350,ゲンキー山之上店,520-2531,蒲生郡竜王町山之上５１８９,ゲンキー株式会社,,0748-36-2450,,2023-10-16,2029-10-15,5612274.xlsx
店舗販売業,41651-350,ウエルシア　東近江市子殿店,529-1537,東近江市市子殿町２４０－２,ウエルシア薬局株式会社,,,,2023-10-23,2028-12-31,5612274.xlsx
店舗販売業,41653-350,スギドラッグ　近江八幡西店,523-0031,近江八幡市堀上町１２７－１,株式会社スギ薬局,,0748-31-3685,,2023-11-02,2028-12-31,5612274.xlsx
店舗販売業,41659-350,スギドラッグ　八日市南店,527-0013,東近江市東中野町４－２３,株式会社スギ薬局,,,,2023-12-01,2028-12-31,5612274.xlsx
店舗販売業,41663-350,ゲンキー湖東長店,527-0122,東近江市長町１４１－４,ゲンキー株式会社,,0749-45-0032,,2024-02-19,2030-02-18,5612274.xlsx
店舗販売業,41694-350,クスリのアオキ近江八幡白鳥店,523-0032,近江八幡市白鳥町９７－１,株式会社クスリのアオキ,,0748-29-3600,,2025-01-15,2030-12-31,5612274.xlsx
店舗販売業,41699-350,ウエルシア東近江佐野町店,521-1222,東近江市佐野町６６５－１,ウエルシア薬局株式会社,,0748-34-2106,,2025-03-24,2030-12-31,5612274.xlsx
店舗販売業,41700-350,ゲンキー八日市清水店,527-0018,東近江市八日市清水二丁目１２－３１,ゲンキー株式会社,,0748-34-1960,,2025-04-07,2031-04-06,5612274.xlsx
店舗販売業,41703-350,スギドラッグ　近江八幡店,523-0894,近江八幡市中村町４９－１３,株式会社スギ薬局,,0748-31-1151,,2025-05-01,2030-12-31,5612274.xlsx
店舗販売業,41704-350,ゲンキー鷹飼店,523-0896,近江八幡市鷹飼町北三丁目２－９,ゲンキー株式会社,,0748-34-0410,,2025-05-05,2031-05-04,5612274.xlsx
店舗販売業,41705-350,ゲンキー猪子店,521-1223,東近江市猪子町４３７－３,ゲンキー株式会社,,0748-34-0620,,2025-05-12,2031-05-11,5612274.xlsx
店舗販売業,41717-350,スーパーセンタートライアル近江八幡店,523-0083,近江八幡市小船木町８３１－１,株式会社トライアルストアーズ,,050-3852-0066,,2025-08-07,2030-12-31,5612274.xlsx
店舗販売業,41730-350,ドラッグユタカ能登川佐野店,521-1222,東近江市佐野町１９８－１,株式会社ユタカファーマシー,,0748-29-3122,,2025-12-05,2030-12-31,5612274.xlsx
店舗販売業,41738-350,ゲンキー江頭店,523-0061,近江八幡市江頭町４３８－２,ゲンキー株式会社,,,,2026-03-02,2032-03-01,5612274.xlsx
店舗販売業,41740-350,ゲンキー内池店,529-1644,蒲生郡日野町内池９３１,ゲンキー株式会社,,0748-34-4110,,2026-03-30,2032-03-29,5612274.xlsx
店舗販売業,60362-350,ドラッグユタカ　彦根高宮店,522-0201,彦根市高宮町１５５８,株式会社ユタカファーマシー,,0749-26-6966,,2022-01-01,2027-12-31,5612274.xlsx
店舗販売業,60534-350,ドラッグユタカ　彦根店,522-0069,彦根市馬場一丁目７－２,株式会社ユタカファーマシー,,0749-26-8819,,2022-01-01,2027-12-31,5612274.xlsx
店舗販売業,60721-350,カインズ彦根店,522-0069,彦根市馬場二丁目１－１,株式会社カインズ,,0749-26-1000,,2021-01-01,2026-12-31,5612274.xlsx
店舗販売業,60835-350,ドラッグユタカ　彦根地蔵店,522-0029,彦根市地蔵町１８０－３,株式会社ユタカファーマシー,,0749-27-1511,,2021-01-01,2026-12-31,5612274.xlsx
店舗販売業,60887-350,ドラッグユタカ　甲良店,522-0244,犬上郡甲良町在士８０９,株式会社ユタカファーマシー,,0749-38-5050,,2021-01-01,2026-12-31,5612274.xlsx
店舗販売業,60899-350,クスリキリン堂　南彦根店,522-0054,彦根市西今町４３５－１,株式会社キリン堂,,0749-21-3088,,2021-01-01,2026-12-31,5612274.xlsx
店舗販売業,60907-350,ドラッグユタカ　彦根南店,522-0055,彦根市野瀬町１５４－１,株式会社ユタカファーマシー,,0749-27-5150,,2022-01-01,2027-12-31,5612274.xlsx
店舗販売業,60916-350,Ｂｅａｕｔｙ　Ｒｏａｄ　アル・プラザ彦根,522-0074,彦根市大東町２－２８　アルプラザ彦根１Ｆ内,株式会社平和堂,,0749-24-4111,,2022-01-01,2027-12-31,5612274.xlsx
店舗販売業,60917-350,ウェルネス　サワ,522-0044,彦根市竹ケ鼻町４３－２　ＶｉｖａＣｉｔｙ彦根１Ｆ,株式会社エスウィン,,0749-27-6137,,2022-01-01,2027-12-31,5612274.xlsx
店舗販売業,60919-350,スギドラッグ　彦根東店,522-0038,彦根市西沼波町２６４－１,株式会社スギ薬局,,0749-21-2438,,2022-01-01,2027-12-31,5612274.xlsx
店舗販売業,60930-350,サンドラッグ　愛知川店,529-1331,愛知郡愛荘町愛知川５８　平和堂愛知川店アモール内,株式会社サンドラッグ,,0749-49-6380,,2022-01-01,2027-12-31,5612274.xlsx
店舗販売業,60962-350,びわこ薬品,522-0027,彦根市東沼波町２４９－２,川崎　由紀夫,,0749-22-4568,,2024-01-01,2029-12-31,5612274.xlsx
店舗販売業,60978-350,ベイシア　彦根店,522-0069,彦根市馬場二丁目１－１,株式会社ベイシア,,0749-30-3333,,2024-01-01,2029-12-31,5612274.xlsx
店舗販売業,60979-350,スギドラッグ　稲枝店,521-1124,彦根市野良田町３１１,株式会社スギ薬局,,0749-43-8025,,2024-01-01,2029-12-31,5612274.xlsx
店舗販売業,61016-350,Ｂｅａｕｔｙ　Ｒｏａｄ ビバシティ平和堂,522-0044,彦根市竹ケ鼻町４３－１　ビバシティ平和堂1階内,株式会社平和堂,,0749-27-5555,,2025-01-01,2030-12-31,5612274.xlsx
店舗販売業,61017-350,ザ・ビッグエクストラ彦根店ドラッグ,522-0007,彦根市古沢町２５５－１,イオンビッグ株式会社,,0749-21-3460,,2025-01-01,2030-12-31,5612274.xlsx
店舗販売業,61034-350,ドラッグユタカ日夏店,522-0047,彦根市日夏町３６９６,株式会社ユタカファーマシー,,0749-28-2814,,2026-01-01,2031-12-31,5612274.xlsx
店舗販売業,61049-350,クスリキリン堂　彦根後三条店,522-0086,彦根市後三条町６３１,株式会社キリン堂,,0749-21-3425,,2026-01-01,2031-12-31,5612274.xlsx
店舗販売業,61102-350,クスリのアオキ西今店,522-0054,彦根市西今町３１４－１,株式会社クスリのアオキ,,0749-47-5535,,2022-01-01,2027-12-31,5612274.xlsx
店舗販売業,61112-350,ドラッグユタカ彦根中央店,522-0043,彦根市小泉町８６９－４,株式会社ユタカファーマシー,,0749-24-4031,,2022-01-01,2027-12-31,5612274.xlsx
店舗販売業,61121-350,ドラッグコスモス豊郷店,529-1175,犬上郡豊郷町沢１７９－４,株式会社コスモス薬品,,0749-35-0050,,2022-01-01,2027-12-31,5612274.xlsx
店舗販売業,61125-350,ドラッグコスモスベルロード店,522-0041,彦根市平田町５４６,株式会社コスモス薬品,,0749-301560,,2022-01-01,2027-12-31,5612274.xlsx
店舗販売業,61133-350,ザ・ビッグ豊郷店ドラッグ,529-1173,犬上郡豊郷町高野瀬１９７－１　ザ・ビッグ豊郷店内,イオンビッグ株式会社,,0749-35-3520,,2023-01-01,2028-12-31,5612274.xlsx
店舗販売業,61143-350,クスリのアオキ彦根駅前店,522-0074,彦根市大東町７－３０,株式会社クスリのアオキ,,0749-47-3335,,2023-01-01,2028-12-31,5612274.xlsx
店舗販売業,61145-350,スギドラッグ彦根中央店,522-0039,彦根市和田町４７－２,株式会社スギ薬局,,0749-49-2012,,2023-01-01,2028-12-31,5612274.xlsx
店舗販売業,61169-350,ドラッグコスモス彦根駅東店,522-0010,彦根市駅東町３－３,株式会社コスモス薬品,,0749-21-5088,,2024-01-01,2029-12-31,5612274.xlsx
店舗販売業,61171-350,ドラッグコスモス愛知川店,529-1321,愛知郡愛荘町豊満１２５９,株式会社コスモス薬品,,0749-42-8488,,2024-01-01,2029-12-31,5612274.xlsx
店舗販売業,61173-350,近江治療院　東洋療法専門院,522-0054,彦根市西今町７２０－３２,當山　伸一,,0749-26-5137,,2024-01-01,2029-12-31,5612274.xlsx
店舗販売業,61188-350,薬　小川長寿堂,522-0341,犬上郡多賀町多賀６４３,小川　和子,,0749-48-0064,,2026-01-01,2031-12-31,5612274.xlsx
店舗販売業,61216-350,クスリのアオキ岡町店,522-0037,彦根市岡町２５－１,株式会社クスリのアオキ,,0749-47-3815,,2021-10-27,2026-12-31,5612274.xlsx
店舗販売業,61251-350,クスリのアオキ秦荘店,529-1234,愛知郡愛荘町安孫子２４３,株式会社クスリのアオキ,,0749-37-3630,,2023-01-04,2028-12-31,5612274.xlsx
店舗販売業,61261-350,ゲンキー後三条店,522-0051,彦根市中藪町５９７－２,ゲンキー株式会社,,0749-49-3540,,2023-05-29,2028-12-31,5612274.xlsx
店舗販売業,61262-350,漢方相談　ウェルネスサワ,522-0236,彦根市犬方町６９３,株式会社エスウィン,,0749-28-0037,,2023-06-30,2028-12-31,5612274.xlsx
店舗販売業,61296-350,ゲンキー川瀬馬場店,522-0223,彦根市川瀬馬場町１０８９－１,ゲンキー株式会社,,0749-47-5980,,2024-07-15,2029-12-31,5612274.xlsx
店舗販売業,61302-350,スギドラッグ　河瀬店,522-0223,彦根市川瀬馬場町１０８０－１,株式会社スギ薬局,,0749-28-7511,,2024-09-01,2029-12-31,5612274.xlsx
店舗販売業,61313-350,ゲンキー高宮店,522-0201,彦根市高宮町８０３－１,ゲンキー株式会社,,0749-49-2180,,2025-05-19,2031-05-18,5612274.xlsx
店舗販売業,61314-350,ゲンキー甲良店,522-0244,犬上郡甲良町在士３４８－１,ゲンキー株式会社,,0749-32-9133,,2025-06-09,2031-06-08,5612274.xlsx
店舗販売業,61330-350,メガセンタートライアル彦根店,522-0223,彦根市川瀬馬場町２２０,株式会社トライアルストアーズ,,0749-28-7706,,2026-03-19,2031-12-31,5612274.xlsx
店舗販売業,70052-350,和光薬品,529-0133,長浜市新旭町１６６,上田　修一,,0749-73-2286,,2024-01-01,2029-12-31,5612274.xlsx
店舗販売業,70053-350,片山薬店,526-0059,長浜市元浜町１１－２５,片山　敏丈,,0749-62-0935,,2023-01-01,2028-12-31,5612274.xlsx
店舗販売業,70056-350,ドラッグミヤゲン,526-0053,長浜市宮前町１６－７,有限会社宮源商店,,0749-62-0491,,2023-01-01,2028-12-31,5612274.xlsx
店舗販売業,70422-350,川薬留,526-0059,長浜市元浜町２７－１２,川　多美,,0749-62-2953,,2024-01-01,2029-12-31,5612274.xlsx
店舗販売業,70442-350,ドラッグユタカ　３６５店,521-0236,米原市間田５０６－２,株式会社ユタカファーマシー,,0749-55-1200,,2021-01-01,2026-12-31,5612274.xlsx
店舗販売業,70521-350,ドラッグユタカ　浅井店,526-0242,長浜市三田町１７４４－１,株式会社ユタカファーマシー,,0749-74-4125,,2021-01-01,2026-12-31,5612274.xlsx
店舗販売業,70736-350,クスリキリン堂　米原店,521-0016,米原市下多良三丁目２２,株式会社キリン堂,,0749-52-8811,,2021-01-01,2026-12-31,5612274.xlsx
店舗販売業,70843-350,株式会社小林老舗,526-0203,長浜市野瀬町８８０,株式会社小林老舗,,0749-76-0638,,2021-01-01,2026-12-31,5612274.xlsx
店舗販売業,70876-350,ドラッグユタカ長浜八幡中山店,526-0021,長浜市八幡中山町５０３,株式会社ユタカファーマシー,,0749-63-3258,,2022-01-01,2027-12-31,5612274.xlsx
店舗販売業,70879-350,ドラッグユタカ木之本店,529-0426,長浜市木之本町黒田１０７５－１,株式会社ユタカファーマシー,,0749-82-3223,,2022-01-01,2027-12-31,5612274.xlsx
店舗販売業,70883-350,宮本漢方薬店,526-0802,長浜市東上坂町８５８,宮本　良男,,0749-65-4302,,2023-01-01,2028-12-31,5612274.xlsx
店舗販売業,70919-350,ドラッグユタカ近江店,521-0073,米原市箕浦３６６－３,株式会社ユタカファーマシー,,0749-52-5522,,2024-01-01,2029-12-31,5612274.xlsx
店舗販売業,70923-350,Ｂｅａｕｔｙ　Ｒｏａｄ　アルプラザ長浜,526-0845,長浜市小堀町４５０　アル・プラザ長浜１階内,株式会社平和堂,,0749-65-7700,,2024-01-01,2029-12-31,5612274.xlsx
店舗販売業,70932-350,ザ・ビッグ高月店ドラッグ,529-0261,長浜市高月町東物部４５－１,イオンビッグ株式会社,,0749-85-6211,,2025-01-01,2030-12-31,5612274.xlsx
店舗販売業,70943-350,スギドラッグ　長浜店,526-0025,長浜市分木町４－２９,株式会社スギ薬局,,0749-53-3910,,2025-01-01,2030-12-31,5612274.xlsx
店舗販売業,70945-350,スギドラッグ　近江店,521-0073,米原市箕浦３６１－３,株式会社スギ薬局,,0749-53-2288,,2025-01-01,2030-12-31,5612274.xlsx
店舗販売業,70962-350,クスリのアオキ宮司店,526-0831,長浜市宮司町６７７,株式会社クスリのアオキ,,0749-53-3690,,2026-01-01,2031-12-31,5612274.xlsx
店舗販売業,70971-350,平和堂薬品　フレンドマート長浜駅前店,526-0057,長浜市北船町１－１５,株式会社平和堂,,0749-63-1301,,2021-01-01,2026-12-31,5612274.xlsx
店舗販売業,70973-350,ドラッグユタカ長浜店,526-0033,長浜市平方町３７５－４,株式会社ユタカファーマシー,,0749-65-2009,,2021-01-01,2026-12-31,5612274.xlsx
店舗販売業,71053-350,ドラッグコスモス八幡中山店,526-0021,長浜市八幡中山町３０５－４,株式会社コスモス薬品,,0749-64-4040,,2023-01-01,2028-12-31,5612274.xlsx
店舗販売業,71055-350,イズミヤ薬品,526-0031,長浜市八幡東町９－１　長浜楽市１Ｆ,株式会社いずみや商店,,0749-65-1029,,2024-01-01,2029-12-31,5612274.xlsx
店舗販売業,71056-350,いずみや薬店,526-0801,長浜市千草町５１－１２,株式会社いずみや商店,,0749-64-1238,,2024-01-01,2029-12-31,5612274.xlsx
店舗販売業,71070-350,ドラッグコスモス高月店,529-0205,長浜市高月町唐川１３－１,株式会社コスモス薬品,,0749-85-8100,,2024-01-01,2029-12-31,5612274.xlsx
店舗販売業,71073-350,クスリのアオキ神照店,526-0015,長浜市神照町９３１,株式会社クスリのアオキ,,0749-53-2522,,2024-01-01,2029-12-31,5612274.xlsx
店舗販売業,71077-350,クスリのアオキ平方店,526-0033,長浜市平方町３２８,株式会社クスリのアオキ,,0749-53-2197,,2025-01-01,2030-12-31,5612274.xlsx
店舗販売業,71079-350,スギドラッグ　木之本店,529-0425,長浜市木之本町木之本１５８６－４,株式会社スギ薬局,,0749-82-8015,,2025-01-01,2030-12-31,5612274.xlsx
店舗販売業,71084-350,クスリのアオキ近江店,521-0062,米原市宇賀野２５５－１,株式会社クスリのアオキ,,0749-53-2386,,2025-01-01,2030-12-31,5612274.xlsx
店舗販売業,71097-350,ドラッグユタカ長浜園店,526-0061,長浜市祇園町２１,株式会社ユタカファーマシー,,0749-64-6150,,2025-01-01,2030-12-31,5612274.xlsx
店舗販売業,71100-350,くすりのヨシイ,526-0031,長浜市八幡東町３０８－４　１Ｆ,有限会社セイファ,,0749-65-2822,,2025-01-01,2030-12-31,5612274.xlsx
店舗販売業,71132-350,ドラッグユタカ　米原下多良店,521-0016,米原市下多良二丁目５６,株式会社ユタカファーマシー,,0748-52-8151,,2026-01-01,2031-12-31,5612274.xlsx
店舗販売業,71139-350,ドラッグユタカ長浜宮司店,526-0831,長浜市宮司町１２００,株式会社ユタカファーマシー,,0749-62-2123,,2021-03-01,2026-12-31,5612274.xlsx
店舗販売業,71142-350,スギドラッグ　長浜中央店,526-0031,長浜市八幡東町４５０,株式会社スギ薬局,,0749-53-3885,,2021-04-08,2026-12-31,5612274.xlsx
店舗販売業,71151-350,ゲンキー木之本店,529-0425,長浜市木之本町木之本１５１７,ゲンキー株式会社,,0749-57-6440,,2021-08-06,2027-08-05,5612274.xlsx
店舗販売業,71152-350,ドラッグコスモス長浜祇??園店,526-0061,長浜市祇園町３０４－１,株式会社コスモス薬品,,0749-68-3885,,2021-09-09,2026-12-31,5612274.xlsx
店舗販売業,71154-350,クスリのアオキ長浜加納店,526-0804,長浜市加納町６５５－７,株式会社クスリのアオキ,,0749-53-2852,,2021-09-29,2026-12-31,5612274.xlsx
店舗販売業,71161-350,クスリのアオキ虎姫店,529-0141,長浜市五村２０９－１,株式会社クスリのアオキ,,0749-53-2257,,2022-01-26,2027-12-31,5612274.xlsx
店舗販売業,71162-350,ゲンキー米原駅西店,521-0016,米原市下多良一丁目３８,ゲンキー株式会社,,0749-53-2890,,2022-02-14,2028-02-13,5612274.xlsx
店舗販売業,71168-350,クスリのアオキ浅井店,526-0244,長浜市内保町２７０９－１,株式会社クスリのアオキ,,0749-53-2230,,2022-05-18,2027-12-31,5612274.xlsx
店舗販売業,71169-350,ゲンキーびわ店,526-0105,長浜市細江町追崎１２－５,ゲンキー株式会社,,,,2022-05-26,2028-05-25,5612274.xlsx
店舗販売業,71170-350,ゲンキー湖北店,529-0331,長浜市湖北町八日市下法事９８９－１,ゲンキー株式会社,,0749-53-3950,,2022-05-19,2028-05-18,5612274.xlsx
店舗販売業,71171-350,ゲンキー浅井店,526-0244,長浜市内保町大池８３－２,ゲンキー株式会社,,0749-53-4690,,2022-05-26,2028-05-25,5612274.xlsx
店舗販売業,71178-350,クスリのアオキ山東店,521-0236,米原市間田５８１－４,株式会社クスリのアオキ,,0749-53-2736,,2022-08-17,2027-12-31,5612274.xlsx
店舗販売業,71195-350,ゲンキー近江店,521-0062,米原市宇賀野２１２－１,ゲンキー株式会社,,0749-59-3280,,2023-03-02,2029-03-01,5612274.xlsx
店舗販売業,71198-350,スギドラッグ　長浜南店,526-0042,長浜市勝町１０５,株式会社スギ薬局,,0749-53-3852,,2023-04-04,2028-12-31,5612274.xlsx
店舗販売業,71201-350,ゲンキー西浅井店,529-0701,長浜市西浅井町塩津浜１２０８－６,ゲンキー株式会社,,0749-51-9113,,2023-04-17,2029-04-16,5612274.xlsx
店舗販売業,71202-350,医心堂薬店,521-0236,米原市間田１７３,医心堂健康センター合同会社,,0749-55-3066,,2023-04-06,2028-12-31,5612274.xlsx
店舗販売業,71203-350,ゲンキー山東店,521-0232,米原市坂口１５５,ゲンキー株式会社,,0749-53-2470,,2023-05-12,2029-05-11,5612274.xlsx
店舗販売業,71214-350,ゲンキー河南店,521-0021,米原市河南３４０－１,ゲンキー株式会社,,0749-57-6950,,2023-10-09,2029-10-08,5612274.xlsx
店舗販売業,71241-350,ドラッグユタカ高月店,529-0241,長浜市高月町高月９１０－１,株式会社ユタカファーマシー,,,,2024-09-16,2029-12-31,5612274.xlsx
店舗販売業,71270-350,ゲンキー南小足店,526-0843,長浜市南小足町２４８,ゲンキー株式会社,,,,2026-03-02,2032-03-01,5612274.xlsx
店舗販売業,71272-350,ゲンキー杉澤店,521-0322,米原市杉澤９１６,ゲンキー株式会社,,,,2026-04-13,2032-04-12,5612274.xlsx
店舗販売業,71273-350,ゲンキー地福寺店,526-0036,長浜市地福寺町１０－４０,ゲンキー株式会社,,,,2026-04-13,2032-04-12,5612274.xlsx
店舗販売業,90019-350,伊場薬店,520-1217,高島市安曇川町田中４３７－２,伊場　智子,,0740-32-0124,,2022-01-01,2027-12-31,5612274.xlsx
店舗販売業,90227-350,ドラッグユタカ安曇川店,520-1212,高島市安曇川町西万木４２９,株式会社ユタカファーマシー,,0740-32-4535,,2022-01-01,2027-12-31,5612274.xlsx
店舗販売業,90308-350,ドラッグユタカ今津店,520-1621,高島市今津町今津１７００,株式会社ユタカファーマシー,,0740-22-1622,,2022-01-01,2027-12-31,5612274.xlsx
店舗販売業,90332-350,Ｂｅａｕｔｙ Ｒｏａｄ　あどがわ店,520-1212,高島市安曇川町西万木５５　平和堂あどがわ店内,株式会社平和堂,,0740-32-2411,,2022-01-01,2027-12-31,5612274.xlsx
店舗販売業,90360-350,ドラッグジャパン　新旭店,520-1522,高島市新旭町新庄1002,株式会社スギ薬局,,0740-25-6262,,2025-01-01,2030-12-31,5612274.xlsx
店舗販売業,90370-350,ドラッグジャパン　今津店,520-1605,高島市今津町南新保４９４－１,株式会社スギ薬局,,0740-33-7715,,2021-01-01,2026-12-31,5612274.xlsx
店舗販売業,90383-350,ドラッグコスモス安曇川店,520-1212,高島市安曇川町西万木１９３,株式会社コスモス薬品,,0740-32-6020,,2022-01-01,2027-12-31,5612274.xlsx
店舗販売業,90393-350,ウエルシア高島新旭店,520-1501,高島市新旭町旭６１０-１,ウエルシア薬局株式会社,,0740-25-0850,,2024-01-01,2029-12-31,5612274.xlsx
店舗販売業,90395-350,SUPER CENTER PLANT 高島店,520-1221,高島市安曇川町青柳１４８６－１,株式会社ＰＬＡＮＴ,,0740-32-6080,,2025-01-01,2030-12-31,5612274.xlsx
店舗販売業,90419-350,きんとく薬舗,520-1221,高島市安曇川町青柳９８５－１,中村　出恵,,0740-32-1911,,2022-01-01,2027-12-31,5612274.xlsx
店舗販売業,90420-350,ゲンキー今津弘川店,520-1611,高島市今津町弘川２９１－１,ゲンキー株式会社,,0740-28-7290,,2022-01-31,2027-12-31,5612274.xlsx
店舗販売業,90421-350,ゲンキー新旭店,520-1501,高島市新旭町旭６５２－１,ゲンキー株式会社,,0740-28-7970,,2022-02-07,2027-12-31,5612274.xlsx
店舗販売業,90425-350,クスリのアオキ高島新旭店,520-1532,高島市新旭町熊野本一丁目７－２,株式会社クスリのアオキ,,0740-33-7717,,2022-08-31,2027-12-31,5612274.xlsx
店舗販売業,90427-350,ゲンキー安曇川店,520-1213,高島市安曇川町五番領１２８－１,ゲンキー株式会社,,0740-28-7440,,2022-11-14,2027-12-31,5612274.xlsx
店舗販売業,90429-350,ドラッグコスモス今津店,520-1611,高島市今津町弘川６５０,株式会社コスモス薬品,,0740-22-1351,,2023-01-06,2028-12-31,5612274.xlsx
店舗販売業,90441-350,クスリのアオキ近江今津店,520-1621,高島市今津町今津１６７７－１９,株式会社クスリのアオキ,,0740-28-7317,,2025-03-26,2030-12-31,5612274.xlsx
