許可番号,法人・団体名,施設名,業種,許可申請年月日,許可開始年月日,許可満了年月日,条件
100005-01,アルピナＢＩ株式会社,バード　キャッスル,飲食店営業,2021/10/07,2021/11/01,2027/10/31,
100008-01,,茶坊,飲食店営業,2020/10/20,2020/11/01,2026/10/31,
100009-01,,もくもく,飲食店営業,2021/10/07,2021/11/01,2027/10/31,
100010-29,葛川漁業協同組合,葛川漁業協同組合,そうざい製造業,2020/10/14,2020/11/01,2026/10/31,申請のあった取扱品目の製造に限る
100017-01,株式会社石楠花山荘,石楠花山荘,飲食店営業,2021/10/07,2021/11/01,2027/10/31,
100025-01,,伊香立食堂,飲食店営業,2020/10/16,2020/11/01,2026/10/31,
100028-01,,吉田食料品店,飲食店営業,2021/10/07,2021/11/01,2027/10/31,
100028-03,,吉田食料品店,食肉販売業,2021/10/07,2021/11/01,2027/10/31,とさつ・解体は行わないこと
100028-04,,吉田食料品店,魚介類販売業,2021/10/07,2021/11/01,2027/10/31,
100071-01,,珈琲館ＤＯＭＯＮ,飲食店営業,2022/10/11,2022/11/01,2028/10/31,
100080-01,,やきとり滝吉,飲食店営業,2021/10/07,2021/11/01,2027/10/31,
100118-01,株式会社トージツフーズ,株式会社トージツフーズ堅田食堂,飲食店営業,2021/10/07,2021/11/01,2028/10/31,
100120-01,株式会社トージツフーズ,株式会社トージツフーズ堅田龍湖寮,飲食店営業,2024/10/17,2024/11/01,2031/10/31,
100195-01,大津観光株式会社,クラブ　ナンディ,飲食店営業,2021/10/07,2021/11/01,2027/10/31,
100196-01,大津観光株式会社,里湯昔話雄山荘,飲食店営業,2020/10/12,2020/11/01,2026/10/31,
100197-01,大津観光株式会社,ゆすらうめ,飲食店営業,2021/10/07,2021/11/01,2027/10/31,
100206-01,,池見商店,飲食店営業,2021/10/07,2021/11/01,2027/10/31,
100206-03,,池見商店,食肉販売業,2022/10/12,2022/11/01,2028/10/31,とさつ・解体は行わないこと
100206-04,,池見商店,魚介類販売業,2022/10/12,2022/11/01,2028/10/31,
100217-01,株式会社マリーナ雄琴,マリーナ雄琴,飲食店営業,2025/10/27,2025/11/01,2031/10/31,
100224-01,株式会社雄琴荘,雄琴荘,飲食店営業,2020/10/12,2020/11/01,2026/10/31,
100228-01,株式会社きくのや,暖灯館　きくのや,飲食店営業,2021/10/25,2021/11/01,2028/10/31,
100229-01,株式会社きくのや,ラウンジ万葉,飲食店営業,2021/10/25,2021/11/01,2027/10/31,
100240-01,,鳥與志,飲食店営業,2021/10/07,2021/11/01,2027/10/31,
100242-01,株式会社琵琶湖グランドホテル,琵琶湖グランドホテル,飲食店営業,2021/10/12,2021/11/01,2028/10/31,
100243-01,株式会社琵琶湖グランドホテル,琵琶湖グランドホテル西館,飲食店営業,2022/10/11,2022/11/01,2028/10/31,
100257-12,株式会社芙蓉園,白毫,喫茶店営業,2020/10/12,2020/11/01,2026/10/31,
100269-01,,さくらんぼ,飲食店営業,2020/10/12,2020/11/01,2026/10/31,
100291-01,,コロラドコーヒーショップ　ユキヨ店,飲食店営業,2022/02/08,2022/03/01,2028/02/29,
100292-01,一般財団法人泉会,びわこ老人の家,飲食店営業,2022/02/08,2022/03/01,2028/02/29,
100305-01,,味平,飲食店営業,2023/10/13,2023/11/01,2029/10/31,
100306-01,,ふじ川,飲食店営業,2022/10/11,2022/11/01,2028/10/31,
100306-04,,ふじ川,魚介類販売業,2022/10/11,2022/11/01,2028/10/31,
100309-01,,宿汐,飲食店営業,2022/10/11,2022/11/01,2028/10/31,
100317-20,有限会社玉利商店,玉利商店,みそ又はしょうゆ製造業,2025/10/20,2025/11/01,2031/10/31,申請のあった取扱品目の製造に限る。
100323-11,レーク滋賀農業協同組合,ＪＡレーク滋賀下阪本農産物加工所,菓子製造業,2022/10/11,2022/11/01,2028/10/31,申請のあった取扱品目の製造に限る
100323-20,レーク滋賀農業協同組合,ＪＡレーク滋賀下阪本農産物加工所,みそ又はしょうゆ製造業,2022/10/11,2022/11/01,2028/10/31,申請のあった取扱品目の製造に限る
100338-01,一冨士フードサービス株式会社,２１２Ｂ　事業所,飲食店営業,2019/10/16,2019/11/01,2026/10/31,
100366-01,有限会社きべ,きべ,飲食店営業,2021/01/28,2021/03/01,2027/02/28,
100382-07,,ファミリーショップオーク,魚介類販売業,2021/02/08,2021/03/01,2027/02/28,
100469-01,有限会社藤興業,ＨＯＴＥＬ　ＦＥＥＬ　ＬＡＫＥ　ＶＩＥＷ,飲食店営業,2021/02/03,2021/03/01,2027/02/28,
100500-01,,仕出し割烹　昇力,飲食店営業,2021/02/09,2021/03/01,2027/02/28,
100500-27,,仕出し割烹　昇力,冷凍食品製造業,2022/12/07,2022/12/21,2029/02/28,申請のあった取扱品目の製造に限る
100532-01,,焼肉ちさかや,飲食店営業,2022/02/07,2022/03/01,2028/02/29,
100536-01,,うまいもん処　花実,飲食店営業,2022/02/07,2022/03/01,2028/02/29,
100542-01,,おふくろの味　ひさ,飲食店営業,2021/02/04,2021/03/01,2027/02/28,
100571-02,日本酪農協同株式会社,日本酪農協同株式会社滋賀工場,菓子製造業,2021/02/01,2021/03/01,2028/02/29,申請のあった取扱品目の製造に限る
100571-32,日本酪農協同株式会社,日本酪農協同株式会社滋賀工場,清涼飲料水製造業,2021/02/01,2021/03/01,2028/02/29,申請のあった取扱品目の製造に限る
100571-07,日本酪農協同株式会社,日本酪農協同株式会社滋賀工場,乳処理業,2025/02/06,2025/03/01,2032/02/29,
100571-13,日本酪農協同株式会社,日本酪農協同株式会社滋賀工場,乳製品製造業,2025/03/01,2025/03/01,2032/02/29,申請のあった取扱品目の製造に限る
100581-01,,ぴんぽん,飲食店営業,2022/02/07,2022/03/01,2028/02/29,
100582-01,,岩井商店,飲食店営業,2022/02/07,2022/03/01,2028/02/29,
100582-03,,岩井商店,食肉販売業,2022/02/07,2022/03/01,2028/02/29,とさつ・解体は行わないこと
100584-01,,ホテル大津,飲食店営業,2026/02/09,2026/03/01,2032/02/29,
100585-01,,シャモ亭,飲食店営業,2026/02/18,2026/03/01,2032/02/29,
100617-01,株式会社かねよ,かねよレストラン,飲食店営業,2022/02/07,2022/03/01,2028/02/29,
100618-01,株式会社かねよ,かねよ,飲食店営業,2024/02/13,2024/03/01,2031/02/28,
100630-01,,喫茶　こがねむし,飲食店営業,2026/02/17,2026/03/01,2032/02/29,
100653-01,,かな,飲食店営業,2026/02/09,2026/03/01,2032/02/29,
100662-01,株式会社風月堂商事,レストラン風月,飲食店営業,2024/02/13,2024/03/01,2031/02/28,
100662-11,株式会社風月堂商事,レストラン風月,菓子製造業,2024/02/13,2024/03/01,2031/02/28,申請のあった取扱品目の製造に限る
100665-01,スギ商事株式会社,開運そば,飲食店営業,2021/02/04,2021/03/01,2027/02/28,
100670-01,比叡山自動車道株式会社,夢見が丘,飲食店営業,2022/02/07,2022/03/01,2028/02/29,
100691-02,有限会社西田豆腐店,西田豆腐店,菓子製造業,2021/01/28,2021/03/01,2027/02/28,申請のあった取扱品目の製造に限る
100691-26,有限会社西田豆腐店,西田豆腐店,豆腐製造業,2021/01/28,2021/03/01,2027/02/28,申請のあった取扱品目の製造に限る
100698-11,株式会社大忠堂,大忠堂,菓子製造業,2023/02/07,2023/03/01,2029/02/28,申請のあった取扱品目の製造に限る
100772-01,有限会社モーム,モーム,飲食店営業,2026/02/06,2026/03/01,2032/02/29,
100801-01,,スナックプチハウス,飲食店営業,2021/02/05,2021/03/01,2027/02/28,
100849-01,,スナックゆき,飲食店営業,2026/01/19,2026/03/01,2032/02/29,
101008-16,株式会社阪本屋,阪本屋,水産製品製造業,2023/06/26,2023/07/13,2030/02/28,申請のあった取扱品目の製造に限る
101053-01,株式会社タニムメ水産,タニムメ水産,飲食店営業,2020/08/25,2020/08/27,2027/02/28,
101053-07,株式会社タニムメ水産,タニムメ水産,魚介類販売業,2021/02/15,2021/03/01,2027/02/28,
101053-17,株式会社タニムメ水産,タニムメ水産,食肉販売業,2021/02/15,2021/03/01,2027/02/28,獣畜のとさつ・解体をしないこと
101053-29,株式会社タニムメ水産,タニムメ水産,そうざい製造業,2021/02/15,2021/03/01,2027/02/28,申請のあった取扱品目の製造に限る
101059-01,,サモワール,飲食店営業,2022/02/10,2022/03/01,2028/02/29,
101064-04,株式会社鮮魚卸山本,鮮魚卸山本,魚介類販売業,2023/02/14,2023/03/01,2029/02/28,
101069-01,,田中川魚店,飲食店営業,2022/02/21,2022/03/01,2028/02/29,
101069-04,,田中川魚店,魚介類販売業,2022/02/21,2022/03/01,2028/02/29,
101115-07,株式会社オカモト水産,オカモト水産,魚介類販売業,2021/02/24,2021/03/01,2027/02/28,
101115-17,株式会社オカモト水産,オカモト水産,食肉販売業,2021/02/24,2021/03/01,2027/02/28,とさつ・解体をしないこと
101115-29,株式会社オカモト水産,オカモト水産,そうざい製造業,2021/02/24,2021/03/01,2027/02/28,申請のあった取扱品目の製造に限る
101120-07,有限会社丸二食品,丸二食品,魚介類販売業,2021/02/01,2021/03/01,2027/02/28,
101120-01,有限会社丸二食品,丸二食品,飲食店営業,2024/02/13,2024/03/01,2030/02/28,
101169-01,,豆信,飲食店営業,2025/02/06,2025/03/01,2031/02/28,
101173-01,,千石鮓,飲食店営業,2026/02/16,2026/03/01,2031/02/28,
101251-11,有限会社かのこ,（有）かのこ,菓子製造業,2022/02/07,2022/03/01,2028/02/29,申請のあった取扱品目の製造に限る
101257-13,有限会社佐野製餡所,佐野製餡所,あん類製造業,2021/01/26,2021/03/01,2027/02/28,申請のあった取扱品目の製造に限る
101303-01,,大津屋,飲食店営業,2026/02/06,2026/03/01,2032/02/29,
101303-04,,大津屋,魚介類販売業,2026/02/06,2026/03/01,2032/02/29,
101307-25,,中村食料品店,そうざい製造業,2025/02/06,2025/03/01,2031/02/28,申請のあった取扱品目の製造に限る
101363-01,,トミヒロ,飲食店営業,2021/02/01,2021/03/01,2027/02/28,
101439-21,有限会社平井商店,有限会社平井商店,酒類製造業,2026/02/17,2026/03/01,2032/02/29,申請のあった取扱品目の製造に限る。
101440-01,,肉のフルタ,飲食店営業,2025/02/05,2025/03/01,2031/02/28,
101440-03,,肉のフルタ,食肉販売業,2022/02/07,2022/03/01,2028/02/29,とさつ・解体は行わないこと
101459-01,,津ノ清,飲食店営業,2023/02/07,2023/03/01,2029/02/28,
101467-20,有限会社九重味噌,有限会社九重味噌,みそ又はしょうゆ製造業,2025/02/06,2025/03/01,2031/02/28,申請のあった取扱品目の製造に限る
101502-01,,喫茶ルンルン,飲食店営業,2021/02/01,2021/03/01,2027/02/28,
101535-04,,米藤,魚介類販売業,2026/02/06,2026/03/01,2031/02/28,
101538-11,有限会社鶴里堂,大津菓子調進所　有限会社鶴里堂,菓子製造業,2026/02/12,2026/03/01,2032/02/29,申請のあった取扱品目の製造に限る。
101600-01,株式会社ＯＫＣ,滋賀銀行本店従業員食堂,飲食店営業,2021/02/24,2021/03/01,2028/02/29,
101653-01,有限会社松田魚伊商店,有限会社松田魚伊商店,飲食店営業,2021/02/24,2021/03/01,2027/02/28,そうざいは店頭販売に限る
101653-07,有限会社松田魚伊商店,有限会社松田魚伊商店,魚介類販売業,2021/02/24,2021/03/01,2027/02/28,
101653-25,有限会社松田魚伊商店,有限会社松田魚伊商店,そうざい製造業,2026/02/20,2026/03/01,2032/02/29,申請のあった取扱品目の製造に限る。
101673-01,株式会社かね吉,かね吉,飲食店営業,2022/02/07,2022/03/01,2028/02/29,
101702-11,株式会社パレット,パレット膳所店,菓子製造業,2024/02/21,2024/03/01,2031/02/28,申請のあった取扱品目の製造に限る
101731-01,,まーさん,飲食店営業,2021/02/03,2021/03/01,2027/02/28,
101751-01,,お好み焼プカプカ,飲食店営業,2021/01/29,2021/03/01,2027/02/28,
101770-07,有限会社國領商店,國領ストアー,魚介類販売業,2021/02/03,2021/03/01,2027/02/28,
101770-17,有限会社國領商店,國領ストアー,食肉販売業,2021/02/03,2021/03/01,2027/02/28,とさつ・解体をしないこと
101806-07,,石幸,魚介類販売業,2021/02/01,2021/03/01,2027/02/28,
101806-17,,石幸,食肉販売業,2021/02/01,2021/03/01,2027/02/28,とさつ・解体をしないこと
101806-25,,石幸,そうざい製造業,2025/02/06,2025/03/01,2031/02/28,申請のあった取扱品目の製造に限る
101928-01,株式会社アヤハレークサイドホテル,アヤハレークサイドホテル,飲食店営業,2022/02/07,2022/03/01,2029/02/28,
101929-01,株式会社アヤハレークサイドホテル,アヤハレークサイドホテル喫茶コーナー,飲食店営業,2022/02/07,2022/03/01,2028/02/29,
101971-01,有限会社禧亭,禧亭（ヒジョン）,飲食店営業,2022/06/10,2022/07/01,2028/06/30,
101978-01,,新井,飲食店営業,2021/06/18,2021/07/01,2027/06/30,簡易な営業に限る
102004-04,,ひろせ食品,魚介類販売業,2026/06/09,2026/07/01,2032/06/30,
102013-25,株式会社いのうえ,いのうえ,そうざい製造業,2022/06/17,2022/07/01,2028/06/30,申請のあった取扱品目の製造に限る
102027-01,つる家有限会社,つる家,飲食店営業,2021/06/14,2021/07/01,2027/06/30,
102028-01,有限会社亀屋広房,亀屋広房,飲食店営業,2022/06/10,2022/07/01,2028/06/30,
102028-11,有限会社亀屋広房,亀屋広房,菓子製造業,2022/06/10,2022/07/01,2028/06/30,申請のあった取扱品目の製造に限る
102033-11,,松田常盤堂,菓子製造業,2022/06/10,2022/07/01,2028/06/30,申請のあった取扱品目の製造に限る
102035-11,,音羽軒,菓子製造業,2025/06/17,2025/07/01,2031/06/30,申請のあった取扱品目の製造に限る。
102057-01,,竹喜,飲食店営業,2022/06/10,2022/07/01,2028/06/30,
102118-01,株式会社ＯＫＣ,ＯＫＣ炊飯工場,飲食店営業,2021/06/15,2021/07/01,2027/06/30,
102127-01,,蘭,飲食店営業,2026/06/09,2026/07/01,2032/06/30,
102130-01,株式会社すかいらーくレストランツ,ガスト　膳所店,飲食店営業,2026/06/15,2026/07/01,2033/06/30,
102157-01,,若葉クラブ,飲食店営業,2021/06/25,2021/07/01,2027/06/30,
102226-24,有限会社八木製麺所,八木製めん所,麺類製造業,2022/06/10,2022/07/01,2028/06/30,申請のあった取扱品目の製造に限る
102227-01,,グリル喫茶　ひろむ,飲食店営業,2022/06/10,2022/07/01,2028/06/30,
102241-01,有限会社山川商事,万福,飲食店営業,2021/06/28,2021/07/01,2027/06/30,
102241-03,有限会社山川商事,万福,食肉販売業,2024/10/31,2024/11/15,2031/06/30,とさつ・解体は行わないこと
102264-25,有限会社豆藤,豆藤石山店,そうざい製造業,2021/06/18,2021/07/01,2028/06/30,申請のあった取扱品目の製造に限る
102272-01,,カナダ,飲食店営業,2021/06/14,2021/07/01,2027/06/30,
102281-01,,食堂　こうちゃん,飲食店営業,2025/06/10,2025/07/01,2031/06/30,
102357-11,,ぱんのしろいぬ,菓子製造業,2023/06/13,2023/07/01,2029/06/30,申請のあった取扱品目の製造に限る
102374-01,,ウインク　ミラー,飲食店営業,2022/06/10,2022/07/01,2028/06/30,
102383-01,有限会社唐橋,旅館　唐橋,飲食店営業,2026/06/12,2026/07/01,2032/06/30,
102393-01,株式会社ファイブスター,ココス瀬田唐橋店,飲食店営業,2024/06/12,2024/07/01,2031/06/30,
102397-01,,鳥忠,飲食店営業,2021/06/17,2021/07/01,2027/06/30,
102506-02,株式会社アペックス西日本,自販０３　三陽建材,調理の機能を有する自動販売機により食品を調理し、調理された食品を販売する営業,2023/02/20,2023/03/01,2028/02/29,自動販売機による営業に限る設置台数は１台に限る
102561-01,,すし樹奈里,飲食店営業,2022/06/10,2022/07/01,2028/06/30,
102568-11,中森製菓株式会社,中森製菓株式会社,菓子製造業,2026/06/10,2026/07/01,2032/06/30,申請のあった取扱品目の製造に限る。
102581-01,,イースト,飲食店営業,2022/06/10,2022/07/01,2028/06/30,
102599-01,株式会社菩提樹,菩提樹,飲食店営業,2021/06/15,2021/07/01,2027/06/30,
102606-01,,新月,飲食店営業,2026/06/16,2026/07/01,2032/06/30,
102612-01,有限会社小松家,有限会社小松家,飲食店営業,2026/06/15,2026/07/01,2032/06/30,
102615-01,株式会社洗心寮,淡味の膳処　洗心寮,飲食店営業,2024/06/13,2024/07/01,2031/06/30,
102619-01,,憩食堂,飲食店営業,2022/06/10,2022/07/01,2028/06/30,
102660-01,滋賀大学生活協同組合,滋賀大学生活協同組合,飲食店営業,2026/06/11,2026/07/01,2032/06/30,
102661-01,,共弥寿し,飲食店営業,2023/06/15,2023/07/01,2029/06/30,
102667-01,有限会社鶴,玉純寿司,飲食店営業,2021/06/21,2021/07/01,2027/06/30,
102674-01,株式会社叶匠寿庵,叶匠寿庵,飲食店営業,2024/06/11,2024/07/01,2031/06/30,
102674-11,株式会社叶匠寿庵,叶匠寿庵,菓子製造業,2023/10/23,2023/10/27,2031/06/30,申請のあった取扱品目の製造に限る
102687-01,,南郷荘,飲食店営業,2022/06/10,2022/07/01,2028/06/30,
102717-01,,カフェ＆フローラ　メープル,飲食店営業,2021/06/17,2021/07/01,2027/06/30,
102735-04,滋賀県漁業協同組合連合会,滋賀県漁業協同組合連合会　観光流通部　流通改善課,魚介類販売業,2022/06/10,2022/07/01,2029/06/30,
102735-27,滋賀県漁業協同組合連合会,滋賀県漁業協同組合連合会　観光流通部　流通改善課,冷凍食品製造業,2023/06/13,2023/07/01,2030/06/30,申請のあった取扱品目の製造に限る
102744-01,,さくら食堂,飲食店営業,2021/06/17,2021/07/01,2027/06/30,
102750-01,,志づ屋,飲食店営業,2025/06/10,2025/07/01,2031/06/30,
102767-01,,和彩　まるまた,飲食店営業,2021/06/15,2021/07/01,2027/06/30,
102771-01,,うおう商店,飲食店営業,2021/06/18,2021/07/01,2027/06/30,
102777-01,,多田商店,飲食店営業,2021/06/14,2021/07/01,2027/06/30,
102778-04,,森田商店（滋賀８００す・７９５）,魚介類販売業,2023/02/17,2023/03/01,2029/02/28,自動車による営業に限る魚介類の処理行為はしないこと
102780-01,中井観光株式会社,ジル　リバサイド,飲食店営業,2021/06/22,2021/07/01,2027/06/30,
102814-25,株式会社大重商店,大重商店,そうざい製造業,2022/06/10,2022/07/01,2028/06/30,申請のあった取扱品目の製造に限る
102830-04,株式会社魚耕,株式会社　魚耕,魚介類販売業,2022/06/10,2022/07/01,2028/06/30,
102834-04,株式会社大重商店,大重商店,魚介類販売業,2022/06/10,2022/07/01,2028/06/30,
102835-04,株式会社滋賀コモリ,滋賀コモリ,魚介類販売業,2022/06/20,2022/07/01,2028/06/30,
102837-04,大津水産株式会社,大津水産,魚介類販売業,2022/06/10,2022/07/01,2028/06/30,
102838-04,有限会社大友,大友,魚介類販売業,2022/06/10,2022/07/01,2028/06/30,
102841-05,株式会社うおいち,株式会社　うおいち　滋賀,魚介類競り売り営業,2022/06/10,2022/07/01,2028/06/30,
102873-01,,上松食堂,飲食店営業,2021/06/25,2021/07/01,2027/06/30,
102879-01,,ケーキハウストップス,飲食店営業,2022/06/14,2022/07/01,2028/06/30,
102879-11,,ケーキハウストップス,菓子製造業,2026/06/10,2026/07/01,2032/06/30,申請のあった取扱品目の製造に限る。
102917-01,,ボウシヤ,飲食店営業,2021/06/17,2021/07/01,2027/06/30,
102928-01,,カフェ・バー　ヨッコ,飲食店営業,2021/06/17,2021/07/01,2027/06/30,
102950-01,,むつごろう,飲食店営業,2021/06/14,2021/07/01,2027/06/30,
103032-01,,丸萬,飲食店営業,2025/06/09,2025/07/01,2031/06/30,
103109-01,,パブレストシンシア,飲食店営業,2021/06/17,2021/07/01,2027/06/30,
103111-01,,異麗夢,飲食店営業,2022/06/10,2022/07/01,2028/06/30,
103139-01,,ビストロ　アルル,飲食店営業,2025/06/16,2025/07/01,2031/06/30,
103175-01,,初駒,飲食店営業,2022/06/14,2022/07/01,2028/06/30,
103177-20,,浜源醤油店,みそ又はしょうゆ製造業,2025/06/12,2025/07/01,2030/06/30,申請のあった取扱品目の製造に限る。
103184-01,,近藤珈琲,飲食店営業,2026/06/10,2026/07/01,2032/06/30,
103186-01,一冨士フードサービス株式会社,２７５事業所,飲食店営業,2024/06/13,2024/07/01,2031/06/30,
103199-01,,コーヒーとスナック　星,飲食店営業,2021/06/18,2021/07/01,2027/06/30,簡易な営業に限る
103239-01,サトフードサービス株式会社,和食さと　瀬田店,飲食店営業,2021/06/22,2021/07/01,2027/06/30,
103239-03,サトフードサービス株式会社,和食さと　瀬田店,食肉販売業,2021/10/28,2021/11/09,2028/06/30,とさつ・解体は行わないこと
103295-25,,中井商店,そうざい製造業,2021/06/18,2021/07/01,2027/06/30,申請のあった取扱品目の製造に限る
103331-01,株式会社トラスト,マクドナルド瀬田店,飲食店営業,2022/06/17,2022/07/01,2028/06/30,
103332-01,株式会社オーミランチサービス,近江鍛工株式会社内食堂,飲食店営業,2026/06/09,2026/07/01,2032/06/30,
103361-01,有限会社ゴールド,風色のビーナス,飲食店営業,2022/02/07,2022/03/01,2028/02/29,簡易な営業に限る
103362-01,鶴喜そば製菓株式会社,鶴喜そば唐崎店,飲食店営業,2022/02/07,2022/03/01,2028/02/29,
103378-01,,ことぶき,飲食店営業,2022/02/07,2022/03/01,2027/02/28,
103400-01,,花梨,飲食店営業,2026/02/17,2026/03/01,2032/02/29,
103411-01,,活省　つじくら,飲食店営業,2022/02/07,2022/03/01,2028/02/29,
103412-01,,よしべえ,飲食店営業,2021/01/29,2021/03/01,2027/02/28,
103417-01,一冨士フードサービス株式会社,２１２事業所,飲食店営業,2024/10/17,2024/11/01,2031/10/31,
103470-11,,金時堂,菓子製造業,2022/10/11,2022/11/01,2028/10/31,申請のあった取扱品目の製造に限る
103472-08,滋賀びわ湖漁業協同組合,堅田漁業協同組合,魚介類競り売り営業,2020/10/21,2020/11/01,2026/10/31,
103485-07,,魚善商店,魚介類販売業,2020/10/16,2020/11/01,2026/10/31,
103485-17,,魚善商店,食肉販売業,2020/10/16,2020/11/01,2026/10/31,とさつ・解体をしないこと
103485-29,,魚善商店,そうざい製造業,2020/10/16,2020/11/01,2026/10/31,申請のあった取扱品目の製造に限る
103488-01,,魚太,飲食店営業,2020/10/14,2020/11/01,2026/10/31,
103488-04,,魚太,魚介類販売業,2021/10/07,2021/11/01,2027/10/31,
103490-01,,そば處　美登路,飲食店営業,2020/10/20,2020/11/01,2026/10/31,
103490-28,,そば處　美登路,麺類製造業,2020/10/20,2020/11/01,2026/10/31,申請のあった取扱品目の製造に限る
103512-01,,金時堂,飲食店営業,2021/10/07,2021/11/01,2027/10/31,
103532-01,株式会社王将フードサービス,餃子の王将堅田店,飲食店営業,2022/10/11,2022/11/01,2028/10/31,
103534-01,,げんごろう,飲食店営業,2020/10/14,2020/11/01,2026/10/31,
103616-01,,茶処さわよし,飲食店営業,2022/10/11,2022/11/01,2028/10/31,
103617-29,魚信淡水有限会社,魚信淡水有限会社,そうざい製造業,2020/10/16,2020/11/01,2026/10/31,申請のあった取扱品目の製造に限る
103617-04,魚信淡水有限会社,魚信淡水有限会社,魚介類販売業,2024/10/17,2024/11/01,2030/10/31,
103632-01,,幸湖路,飲食店営業,2022/10/11,2022/11/01,2028/10/31,
103633-01,サトフードサービス株式会社,和食さと堅田南店,飲食店営業,2024/10/23,2024/11/01,2031/10/31,
103633-03,サトフードサービス株式会社,和食さと堅田南店,食肉販売業,2021/10/22,2021/11/01,2027/10/31,とさつ・解体は行わないこと
103638-01,,喫茶万亀,飲食店営業,2020/10/12,2020/11/01,2026/10/31,
103710-01,株式会社ビューロッジ琵琶,ビューロッジ琵琶,飲食店営業,2020/10/21,2020/11/01,2026/10/31,そうざいは店頭販売に限る
103712-01,,きよみ荘,飲食店営業,2022/10/11,2022/11/01,2028/10/31,
103717-01,,ラ・アルベルカ,飲食店営業,2022/10/11,2022/11/01,2028/10/31,
103720-11,鶴喜そば製菓株式会社,鶴喜そば製菓,菓子製造業,2022/10/11,2022/11/01,2028/10/31,申請のあった取扱品目の製造に限る
103720-24,鶴喜そば製菓株式会社,鶴喜そば製菓,麺類製造業,2022/10/11,2022/11/01,2028/10/31,申請のあった取扱品目の製造に限る
103722-01,,珈琲人,飲食店営業,2020/10/12,2020/11/01,2026/10/31,
103728-01,,スナック大名,飲食店営業,2021/10/07,2021/11/01,2027/10/31,
103735-01,株式会社魚石,株式会社魚石,飲食店営業,2020/10/12,2020/11/01,2026/10/31,
103735-07,株式会社魚石,株式会社魚石,魚介類販売業,2020/10/12,2020/11/01,2026/10/31,
103735-17,株式会社魚石,株式会社魚石,食肉販売業,2020/10/12,2020/11/01,2026/10/31,とさつ・解体をしないこと
103736-01,,日吉そば　小倉家,飲食店営業,2022/10/11,2022/11/01,2027/10/31,
103740-20,,大文字屋,みそ又はしょうゆ製造業,2022/10/11,2022/11/01,2027/10/31,申請のあった取扱品目の製造に限る
103745-11,株式会社西洋軒,西洋軒,菓子製造業,2021/10/07,2021/10/19,2028/10/31,申請のあった取扱品目の製造に限る
103747-01,株式会社芙蓉園,芙蓉園,飲食店営業,2020/10/12,2020/11/01,2026/10/31,
103749-01,宗教法人日吉大社,日吉大社　売店,飲食店営業,2022/10/11,2022/11/01,2028/10/31,
103753-01,株式会社芙蓉園,芙蓉園　別館,飲食店営業,2020/10/12,2020/11/01,2026/10/31,
103782-01,,ばん茶,飲食店営業,2020/10/12,2020/11/01,2026/10/31,
103820-01,滋賀製パン株式会社,滋賀製パン株式会社,飲食店営業,2020/10/20,2020/11/01,2026/10/31,
103820-02,滋賀製パン株式会社,滋賀製パン株式会社,菓子製造業,2020/10/20,2020/11/01,2026/10/31,申請のあった取扱品目の製造に限る
103820-27,滋賀製パン株式会社,滋賀製パン株式会社,冷凍食品製造業,2021/12/06,2021/12/22,2028/10/31,申請のあった取扱品目の製造に限る
103823-01,,魚石,飲食店営業,2023/10/27,2023/11/01,2029/10/31,
103823-25,,魚石,そうざい製造業,2021/10/25,2021/11/01,2027/10/31,申請のあった取扱品目の製造に限る
103828-01,,ドライブイン　ワニ,飲食店営業,2022/10/18,2022/11/01,2028/10/31,
103829-01,,民宿　山宗,飲食店営業,2022/10/11,2022/11/01,2028/10/31,
103840-01,,和邇浜青年会館,飲食店営業,2020/10/13,2020/11/01,2026/10/31,
103843-01,,千鳥荘,飲食店営業,2022/10/11,2022/11/01,2028/10/31,
103844-01,,民宿　日出美荘　喫茶サンライズ,飲食店営業,2022/10/11,2022/11/01,2028/10/31,
103850-01,,串辰,飲食店営業,2021/10/01,2021/11/01,2027/10/31,
103863-03,株式会社平和堂,平和堂和邇店,食肉販売業,2023/10/13,2023/11/01,2030/10/31,とさつ・解体は行わないこと
103877-01,株式会社阪村研究所,志賀ヨットクラブ,飲食店営業,2021/10/11,2021/11/01,2027/10/31,
103934-01,アルピナＢＩ株式会社,エキナカキッチン,飲食店営業,2022/10/18,2022/11/01,2028/10/31,
103943-01,,お食事　清林,飲食店営業,2022/10/11,2022/11/01,2028/10/31,
103956-01,,喜多呂,飲食店営業,2021/10/11,2021/11/01,2027/10/31,
103959-04,,北川食料品店,魚介類販売業,2022/07/28,2022/08/05,2028/10/31,
104002-01,,ペパーミントハウス,飲食店営業,2020/10/14,2020/11/01,2026/10/31,
104011-01,,一休比良,飲食店営業,2024/10/17,2024/11/01,2030/10/31,簡易な営業に限る
104029-03,,杉江食料品店,食肉販売業,2021/10/07,2021/11/01,2027/10/31,とさつ・解体は行わないこと
104029-04,,杉江食料品店,魚介類販売業,2021/10/07,2021/11/01,2027/10/31,
104035-01,,ペンション　レークサイド,飲食店営業,2022/10/13,2022/11/01,2028/10/31,
104036-01,大末産業株式会社,比良レークハウス,飲食店営業,2023/10/13,2023/11/01,2030/10/31,
104036-11,大末産業株式会社,比良レークハウス,菓子製造業,2025/06/20,2025/07/09,2031/10/31,申請のあった取扱品目の製造に限る。
104061-07,,湖畔荘,魚介類販売業,2020/07/13,2020/07/22,2026/10/31,
104061-17,,湖畔荘,食肉販売業,2020/07/13,2020/07/22,2026/10/31,とさつ・解体をしないこと
104061-01,,湖畔荘,飲食店営業,2022/10/11,2022/11/01,2028/10/31,
104063-01,株式会社大塚商会,琵琶レイクオーツカ,飲食店営業,2024/10/17,2024/11/01,2031/10/31,
104064-01,株式会社大塚商会,琵琶レイクオーツカ,飲食店営業,2020/10/21,2020/11/01,2026/10/31,
104069-01,株式会社Ａｕｒｅｌｉａ,ＬＡＧＯ,飲食店営業,2020/10/27,2020/11/01,2026/10/31,
104070-01,,きくの家,飲食店営業,2021/10/22,2021/11/01,2027/10/31,
104123-25,細川食品株式会社,細川食品,そうざい製造業,2025/10/09,2025/11/01,2031/10/31,申請のあった取扱品目の製造に限る。
104124-25,,川端商店,そうざい製造業,2022/10/11,2022/11/01,2028/10/31,申請のあった取扱品目の製造に限る
104129-25,木原食品有限会社,木原食品（有）,そうざい製造業,2022/10/21,2022/11/01,2028/10/31,申請のあった取扱品目の製造に限る
104131-25,,松井網元商店,そうざい製造業,2023/10/13,2023/11/01,2028/10/31,申請のあった取扱品目の製造に限る
104145-01,有限会社神雷,神雷,飲食店営業,2021/02/12,2021/03/01,2027/02/28,
104165-25,株式会社ＯＫＣ,ＯＫＣ本社工場,そうざい製造業,2025/06/17,2025/07/01,2032/06/30,申請のあった取扱品目の製造に限る。
104235-01,,スナック友,飲食店営業,2022/02/08,2022/03/01,2028/02/29,
104237-04,有限会社松水商店,有限会社松水商店,魚介類販売業,2021/06/18,2021/07/01,2027/06/30,
104237-25,有限会社松水商店,有限会社松水商店,そうざい製造業,2026/06/12,2026/07/01,2032/06/30,申請のあった取扱品目の製造に限る。
104337-11,株式会社パレット,パレット唐崎店,菓子製造業,2023/02/07,2023/03/01,2029/02/28,申請のあった取扱品目の製造に限る
104361-01,,そば處　やま喜,飲食店営業,2023/02/07,2023/03/01,2029/02/28,
104386-01,株式会社ファイブスター,ココス堅田店,飲食店営業,2019/10/16,2019/11/01,2026/10/31,
104395-01,有限会社中国料理登煌,中国料理登煌,飲食店営業,2022/10/19,2022/11/01,2028/10/31,
104414-22,有限会社田中豆腐店,有限会社田中豆腐店,豆腐製造業,2023/10/13,2023/11/01,2030/10/31,申請のあった取扱品目の製造に限る
104430-01,,中重,飲食店営業,2021/10/11,2021/11/01,2027/10/31,
104449-01,,喫茶ケンワ,飲食店営業,2022/02/08,2022/03/01,2028/02/29,
104457-01,ケイアイ興業株式会社,ホテル　ブルーレーク大津,飲食店営業,2022/02/10,2022/03/01,2029/02/28,
104460-10,株式会社シーボーン・ジャパン,シーボーン・ジャパン,食品の冷凍又は冷蔵業,2021/03/19,2021/03/30,2029/02/28,申請のあった取扱品目の製造に限る
104460-17,株式会社シーボーン・ジャパン,シーボーン・ジャパン,食肉販売業,2021/01/29,2021/03/01,2028/02/29,とさつ・解体をしないこと
104460-04,株式会社シーボーン・ジャパン,シーボーン・ジャパン,魚介類販売業,2026/02/06,2026/03/01,2033/02/28,
104460-25,株式会社シーボーン・ジャパン,シーボーン・ジャパン,そうざい製造業,2026/02/06,2026/03/01,2033/02/28,申請のあった取扱品目の製造に限る。
104476-14,株式会社近江ミネラルウォーターサービス,近江ミネラルウォーターサービス,清涼飲料水製造業,2022/06/10,2022/07/01,2028/06/30,申請のあった取扱品目の製造に限る
104492-01,,喫茶レストラン　ａｇａｉｎ,飲食店営業,2022/02/09,2022/03/01,2028/02/29,
104498-01,,焼肉　湖岸,飲食店営業,2022/06/10,2022/07/01,2028/06/30,
104521-01,,スナック伽羅,飲食店営業,2022/02/07,2022/03/01,2028/02/29,
104522-11,レーク滋賀農業協同組合,ＪＡレーク滋賀石山農産物加工所,菓子製造業,2022/06/10,2022/07/01,2028/06/30,申請のあった取扱品目の製造に限る
104522-20,レーク滋賀農業協同組合,ＪＡレーク滋賀石山農産物加工所,みそ又はしょうゆ製造業,2022/06/10,2022/07/01,2028/06/30,申請のあった取扱品目の製造に限る
104522-25,レーク滋賀農業協同組合,ＪＡレーク滋賀石山農産物加工所,そうざい製造業,2022/06/10,2022/07/01,2028/06/30,申請のあった取扱品目の製造に限る
104529-10,明治亭株式会社,明治亭株式会社,食品の冷凍又は冷蔵業,2021/03/25,2021/04/09,2029/02/28,申請のあった取扱品目の製造に限る
104529-03,明治亭株式会社,明治亭株式会社,食肉販売業,2022/02/07,2022/03/01,2029/02/28,とさつ・解体は行わないこと
104529-25,明治亭株式会社,明治亭株式会社,そうざい製造業,2026/02/06,2026/03/01,2032/02/29,申請のあった取扱品目の製造に限る。
104567-01,株式会社平和亭,平和亭,飲食店営業,2021/02/19,2021/03/01,2027/02/28,
104567-03,株式会社平和亭,平和亭,食肉販売業,2025/02/19,2025/02/28,2031/02/28,とさつ・解体は行わないこと
104572-01,,御座敷　うおいし,飲食店営業,2024/10/21,2024/11/01,2030/10/31,
104615-01,,利やん,飲食店営業,2026/02/16,2026/03/01,2032/02/29,
104636-01,株式会社すかいらーくレストランツ,ガスト雄琴店,飲食店営業,2025/10/17,2025/11/01,2031/10/31,
104637-01,,憩食堂＆フィドル,飲食店営業,2022/06/10,2022/07/01,2028/06/30,
104653-01,,大倉たこやき店,飲食店営業,2022/06/10,2022/07/01,2028/06/30,
104672-01,,珍竹林パートⅢ,飲食店営業,2026/02/13,2026/03/01,2032/02/29,
104676-01,,與八郎,飲食店営業,2026/06/16,2026/07/01,2032/06/30,
104697-01,,マタリ,飲食店営業,2026/02/09,2026/03/01,2032/02/29,
104700-01,株式会社すかいらーくレストランツ,ガスト　堅田店,飲食店営業,2025/10/16,2025/11/01,2031/10/31,
104717-03,魚重産業株式会社,魚重産業株式会社,食肉販売業,2023/02/07,2023/03/01,2030/02/28,とさつ・解体は行わないこと
104717-04,魚重産業株式会社,魚重産業株式会社,魚介類販売業,2023/02/07,2023/03/01,2030/02/28,
104717-25,魚重産業株式会社,魚重産業株式会社,そうざい製造業,2023/02/07,2023/03/01,2030/02/28,申請のあった取扱品目の製造に限る
104717-27,魚重産業株式会社,魚重産業株式会社,冷凍食品製造業,2022/02/21,2022/03/01,2029/02/28,申請のあった取扱品目の製造に限る
104731-01,,南庄．志満家,飲食店営業,2025/10/14,2025/11/01,2031/10/31,
104757-01,,三吉,飲食店営業,2026/06/09,2026/07/01,2032/06/30,
104764-01,株式会社西武・プリンスホテルズワールドワイド,スカイラウンジ　トップオブオオツ,飲食店営業,2026/02/13,2026/03/01,2033/02/28,
104766-01,株式会社西武・プリンスホテルズワールドワイド,フランス料理　ボーセジュール,飲食店営業,2024/02/15,2024/03/01,2031/02/28,
104770-01,株式会社西武・プリンスホテルズワールドワイド,びわ湖大津プリンスホテル　ガーデンレストラン,飲食店営業,2026/02/13,2026/03/01,2033/02/28,
104771-01,株式会社西武・プリンスホテルズワールドワイド,コーヒーショップ　マルモラーダ,飲食店営業,2024/02/15,2024/03/01,2031/02/28,
104772-01,株式会社西武・プリンスホテルズワールドワイド,ロビーラウンジ　ポートニオ,飲食店営業,2026/02/13,2026/03/01,2032/02/29,
104773-01,株式会社西武・プリンスホテルズワールドワイド,びわ湖大津プリンスホテル　ホテル棟３階　洋食宴会,飲食店営業,2024/02/15,2024/03/01,2031/02/28,
104774-11,株式会社西武・プリンスホテルズワールドワイド,びわ湖大津プリンスホテル　Ｂ１Ｆ,菓子製造業,2024/02/15,2024/03/01,2031/02/28,申請のあった取扱品目の製造に限る
104792-25,有限会社豆藤,豆藤,そうざい製造業,2025/02/06,2025/03/01,2032/02/29,申請のあった取扱品目の製造に限る
104849-01,,スシャール,飲食店営業,2026/02/16,2026/03/01,2032/02/29,
104956-01,有限会社二葉屋,二葉屋,飲食店営業,2022/06/17,2022/07/01,2028/06/30,
104964-01,,夜間飛行,飲食店営業,2026/06/16,2026/07/01,2032/06/30,
104982-11,,ツェルマット,菓子製造業,2021/06/14,2021/07/01,2027/06/30,申請のあった取扱品目の製造に限る
105029-01,株式会社琵琶湖グランドホテル,琵琶湖グランドホテル京近江,飲食店営業,2021/10/12,2021/11/01,2028/10/31,
105030-01,株式会社琵琶湖グランドホテル,琵琶湖グランドホテル京近江スナック,飲食店営業,2020/10/20,2020/11/01,2026/10/31,
105040-01,,長谷川商店,飲食店営業,2020/10/14,2020/11/01,2026/10/31,
105040-03,,長谷川商店,食肉販売業,2022/10/12,2022/11/01,2028/10/31,とさつ・解体は行わないこと
105040-04,,長谷川商店,魚介類販売業,2022/10/12,2022/11/01,2028/10/31,
105053-01,,六ちゃん,飲食店営業,2021/06/15,2021/07/01,2027/06/30,
105094-01,有限会社魚清,魚清楼,飲食店営業,2025/10/21,2025/11/01,2031/10/31,
105104-11,,アンジェリック・ドーワ,菓子製造業,2021/06/15,2021/07/01,2027/06/30,申請のあった取扱品目の製造に限る
105137-01,,勢多うお忠,飲食店営業,2021/06/18,2021/07/01,2027/06/30,
105172-01,,吾嬬,飲食店営業,2021/06/18,2021/07/01,2027/06/30,
105204-01,,松栄館,飲食店営業,2021/10/11,2021/11/01,2027/10/31,
105225-01,龍谷大学生活協同組合,龍谷大学生活協同組合　青志館,飲食店営業,2025/06/11,2025/07/01,2032/06/30,
105242-01,株式会社西武・プリンスホテルズワールドワイド,びわ湖大津プリンスホテル　中国料理　李芳,飲食店営業,2020/02/20,2020/03/01,2027/02/28,そうざいは店頭販売に限る
105243-01,株式会社西武・プリンスホテルズワールドワイド,びわ湖大津プリンスホテル　コンベンションホール淡海　和食,飲食店営業,2020/02/20,2020/03/01,2027/02/28,そうざいは店頭販売に限る
105244-01,株式会社西武・プリンスホテルズワールドワイド,びわ湖大津プリンスホテル　コンベンションホール淡海　洋食,飲食店営業,2020/02/20,2020/03/01,2027/02/28,そうざいは店頭販売に限る
105245-02,株式会社西武・プリンスホテルズワールドワイド,びわ湖大津プリンスホテル　コンベンションホール淡海　１Ｆ,菓子製造業,2020/02/20,2020/03/01,2027/02/28,申請のあった取扱品目の製造に限る
105303-01,,しゃりん,飲食店営業,2022/02/07,2022/03/01,2028/02/29,
105368-01,有限会社嶋屋,嶋屋支店（浮御堂前）,飲食店営業,2022/10/11,2022/11/01,2028/10/31,
105368-11,有限会社嶋屋,嶋屋支店（浮御堂前）,菓子製造業,2022/10/11,2022/11/01,2028/10/31,申請のあった取扱品目の製造に限る
105369-02,株式会社井筒八ッ橋本舗,株式会社井筒八ッ橋本舗　追分工場,菓子製造業,2021/02/02,2021/03/01,2028/02/29,申請のあった取扱品目の製造に限る
105420-04,有限会社朝日屋,朝日屋,魚介類販売業,2022/10/20,2022/11/01,2028/10/31,
105420-25,有限会社朝日屋,朝日屋,そうざい製造業,2022/10/20,2022/11/01,2028/10/31,申請のあった取扱品目の製造に限る
105428-01,,大衆割烹　じん,飲食店営業,2022/10/19,2022/11/01,2028/10/31,
105448-03,株式会社寺新鶏肉店,寺新鶏肉店,食肉販売業,2026/06/11,2026/07/01,2033/06/30,
105484-01,株式会社湯元舘,湯元舘　２Ｆ　厨房,飲食店営業,2021/10/11,2021/11/01,2028/10/31,
105485-01,株式会社湯元舘,湯元舘　アマーレ,飲食店営業,2022/10/13,2022/11/01,2028/10/31,
105486-01,株式会社湯元舘,湯元舘　蝉丸亭,飲食店営業,2022/10/13,2022/11/01,2028/10/31,
105492-01,,Ｆｏｒｔｅ（フォルテ）,飲食店営業,2022/06/10,2022/07/01,2028/06/30,
105532-01,石山観光株式会社,茶丈　藤村,飲食店営業,2023/06/13,2023/07/01,2030/06/30,
105532-11,石山観光株式会社,茶丈　藤村,菓子製造業,2023/06/13,2023/07/01,2030/06/30,申請のあった取扱品目の製造に限る
105553-01,一冨士フードサービス株式会社,８０９事業所,飲食店営業,2025/06/23,2025/07/01,2031/06/30,
105586-01,株式会社孫幸,株式会社孫幸,飲食店営業,2023/10/16,2023/11/01,2029/10/31,
105622-01,有限会社やまつね,やまつね,飲食店営業,2022/10/13,2022/11/01,2028/10/31,
105631-01,富士産業株式会社,山田整形外科病院,飲食店営業,2019/10/24,2019/11/01,2026/10/31,
105645-01,株式会社平和堂,平和堂　和邇店　デリカ,飲食店営業,2019/10/16,2019/11/01,2026/10/31,そうざいは店頭販売に限る
105645-11,株式会社平和堂,平和堂　和邇店　デリカ,菓子製造業,2024/10/22,2024/11/01,2031/10/31,申請のあった取扱品目の製造に限る
105684-11,株式会社中西永生堂,近江あられ本舗　株式会社中西永生堂,菓子製造業,2024/10/17,2024/11/01,2030/10/31,申請のあった取扱品目の製造に限る
105727-01,株式会社ビーエスシー・インターナショナル,ＢＳＣウォータースポーツセンター,飲食店営業,2022/10/13,2022/11/01,2028/10/31,
105727-25,株式会社ビーエスシー・インターナショナル,ＢＳＣウォータースポーツセンター,そうざい製造業,2023/02/14,2023/02/21,2029/10/31,申請のあった取扱品目の製造に限る
105750-01,,雄松館,飲食店営業,2022/10/18,2022/11/01,2028/10/31,
105751-03,有限会社ミートショップなかえ,ミートショップなかえ,食肉販売業,2023/06/13,2023/07/01,2029/06/30,とさつ・解体は行わないこと
105761-01,有限会社鳥ショウ,鳥寿鶏肉店,飲食店営業,2023/06/13,2023/07/01,2029/06/30,
105761-03,有限会社鳥ショウ,鳥寿鶏肉店,食肉販売業,2023/06/13,2023/07/01,2029/06/30,獣畜のとさつ・解体をしないこと
105799-01,,なみ路,飲食店営業,2023/10/13,2023/11/01,2029/10/31,
105812-01,株式会社山よし,山よし　堅田店,飲食店営業,2020/10/13,2020/11/01,2026/10/31,
105837-01,,ベーカリーショップ　エルブ,飲食店営業,2020/10/16,2020/11/01,2026/10/31,
105837-02,,ベーカリーショップ　エルブ,菓子製造業,2020/10/16,2020/11/01,2026/10/31,申請のあった取扱品目の製造に限る
105843-01,株式会社ゼスト,見聞録,飲食店営業,2020/10/21,2020/11/01,2026/10/31,
105845-01,ロイヤルフードサービス株式会社,ロイヤルホスト　浜大津店,飲食店営業,2024/02/13,2024/03/01,2031/02/28,
105872-01,,凡楽,飲食店営業,2026/06/10,2026/07/01,2032/06/30,
105890-01,,石柳,飲食店営業,2026/06/12,2026/07/01,2032/06/30,
105918-01,株式会社ＯＫＣ,全国市町村国際文化研修所,飲食店営業,2021/02/24,2021/03/01,2028/02/29,
105919-01,株式会社ＯＫＣ,全国市町村国際文化研修所,飲食店営業,2021/02/24,2021/03/01,2027/02/28,
105926-01,,玉吉　よし川,飲食店営業,2022/02/16,2022/03/01,2028/02/29,
105926-04,,玉吉　よし川,魚介類販売業,2022/02/16,2022/03/01,2028/02/29,
105936-01,,杣の道,飲食店営業,2025/10/22,2025/11/01,2031/10/31,
105954-01,,ＢＬＯＳＳＯＭ（ブロッサム）,飲食店営業,2026/06/08,2026/07/01,2032/06/30,
105963-25,有限会社大家,有限会社　大家,そうざい製造業,2024/05/28,2024/05/31,2030/06/30,申請のあった取扱品目の製造に限る
105991-01,株式会社テモテ,味味香　大津事業所,飲食店営業,2022/02/07,2022/03/01,2029/02/28,
105995-04,株式会社平和堂,株式会社　平和堂　フレンドマート石山寺辺店,魚介類販売業,2021/06/18,2021/07/01,2028/06/30,
105999-01,,ＭＥＭＢＥＲ’Ｓ　ラマージュ,飲食店営業,2021/06/17,2021/07/01,2027/06/30,
106041-11,,大玉,菓子製造業,2025/10/14,2025/11/01,2031/10/31,申請のあった取扱品目の製造に限る。
106042-01,株式会社三仁,ラーメン藤　わに店,飲食店営業,2020/10/21,2020/11/01,2026/10/31,そうざいは店頭販売に限る
106042-10,株式会社三仁,ラーメン藤　わに店,食品の冷凍又は冷蔵業,2021/03/03,2021/03/15,2027/10/31,申請のあった取扱品目の製造に限る
106057-01,,う膳,飲食店営業,2024/10/15,2024/11/01,2031/10/31,
106094-01,,果林,飲食店営業,2021/02/24,2021/03/01,2027/02/28,
106105-01,鶴喜そば製菓株式会社,鶴喜そば　比叡山店,飲食店営業,2023/10/13,2023/11/01,2030/10/31,
106106-01,琵琶湖汽船株式会社,道の駅　びわ湖大橋米プラザレストラン,飲食店営業,2024/10/17,2024/11/01,2031/10/31,
106106-25,琵琶湖汽船株式会社,道の駅　びわ湖大橋米プラザレストラン,そうざい製造業,2024/10/17,2024/11/01,2031/10/31,申請のあった取扱品目の製造に限る
106118-01,株式会社ローソン・ユナイテッドシネマ,ユナイテッド・シネマ大津,飲食店営業,2025/02/06,2025/03/01,2032/02/29,
106118-11,株式会社ローソン・ユナイテッドシネマ,ユナイテッド・シネマ大津,菓子製造業,2025/02/06,2025/03/01,2032/02/29,申請のあった取扱品目の製造に限る
106146-01,株式会社寺新鶏肉店,鳥料理　寺田屋,飲食店営業,2021/06/15,2021/07/01,2027/06/30,
106150-01,,響,飲食店営業,2021/01/29,2021/03/01,2027/02/28,
106255-01,,ぜんちゃん,飲食店営業,2022/10/13,2022/11/01,2028/10/31,
106297-01,株式会社𠮷野家,𠮷野家　大津膳所店,飲食店営業,2023/02/16,2023/03/01,2029/02/28,
106302-01,,メゾン・ド・フルール,飲食店営業,2022/06/14,2022/07/01,2028/06/30,
106302-11,,メゾン・ド・フルール,菓子製造業,2022/06/14,2022/07/01,2028/06/30,申請のあった取扱品目の製造に限る
106333-01,,たんぽぽ,飲食店営業,2021/10/11,2021/11/01,2027/10/31,
106337-01,株式会社元廣,びっくりドンキー大津店,飲食店営業,2026/02/06,2026/03/01,2033/02/28,
106341-01,,喫茶軽食ポプラ,飲食店営業,2021/10/28,2021/11/01,2027/10/31,
106345-01,,ＭＯＶＥ,飲食店営業,2022/02/08,2022/03/01,2028/02/29,簡易な営業に限る
106349-01,,ラウンジほし,飲食店営業,2022/02/15,2022/03/01,2028/02/29,
106349-25,,ラウンジほし,そうざい製造業,2025/02/06,2025/03/01,2031/02/28,申請のあった取扱品目の製造に限る
106350-01,有限会社ウオチュウ,魚忠,飲食店営業,2023/02/07,2023/03/01,2029/02/28,
106384-01,有限会社新近江別館,あみ舟料理新近江別館,飲食店営業,2022/06/17,2022/07/01,2028/06/30,
106393-01,,物豆喜,飲食店営業,2021/06/17,2021/07/01,2027/06/30,簡易な営業に限る
106415-01,,そば福,飲食店営業,2022/06/17,2022/07/01,2028/06/30,
106448-01,,椀向八寸行楽庵,飲食店営業,2026/06/15,2026/07/01,2033/06/30,
106456-21,浪乃音酒造株式会社,浪乃音酒造株式会社,酒類製造業,2022/10/13,2022/11/01,2028/10/31,申請のあった取扱品目の製造に限る
106512-11,有限会社徳三商店,有限会社徳三商店,菓子製造業,2022/02/08,2022/03/01,2028/02/29,申請のあった取扱品目の製造に限る
106545-01,株式会社品川,近江牛　品川亭,飲食店営業,2023/02/10,2023/03/01,2029/02/28,
106545-03,株式会社品川,近江牛　品川亭,食肉販売業,2023/02/10,2023/03/01,2029/02/28,とさつ・解体は行わないこと
106584-01,,寿司廣,飲食店営業,2022/02/08,2022/03/01,2028/02/29,
106585-01,,馬杉湖魚店,飲食店営業,2022/06/17,2022/07/01,2028/06/30,
106585-04,,馬杉湖魚店,魚介類販売業,2022/06/17,2022/07/01,2028/06/30,
106619-01,,Ｄ’ｓ　ｈｕｔ,飲食店営業,2023/10/23,2023/11/01,2028/10/31,
106620-11,,季節の和菓子　花こよみ,菓子製造業,2022/06/14,2022/07/01,2028/06/30,申請のあった取扱品目の製造に限る
106627-17,株式会社フクナガ,かつくら大津店,食肉販売業,2021/02/18,2021/03/01,2027/06/30,とさつ・解体をしないこと
106627-01,株式会社フクナガ,かつくら大津店,飲食店営業,2022/06/14,2022/07/01,2028/06/30,
106654-25,山喜食品有限会社,山喜食品有限会社,そうざい製造業,2022/10/17,2022/11/01,2028/10/31,申請のあった取扱品目の製造に限る
106656-01,,カフェドール,飲食店営業,2022/10/11,2022/11/01,2028/10/31,
106677-01,株式会社バーガー・ワン,ゼッテリア浜大津アーカス店,飲食店営業,2023/02/10,2023/03/01,2030/02/28,
106682-01,株式会社滋賀南山,南山比叡平店ミロ,飲食店営業,2023/02/07,2023/03/01,2029/02/28,
106686-01,,喫茶デレナティ,飲食店営業,2022/06/14,2022/07/01,2028/06/30,
106695-11,株式会社一圓興産,パン工房バオバブの木,菓子製造業,2024/06/11,2024/07/01,2031/06/30,申請のあった取扱品目の製造に限る
106700-11,,手作りクッキー・ノチェロ,菓子製造業,2026/06/10,2026/07/01,2032/06/30,申請のあった取扱品目の製造に限る。
106708-01,株式会社琵琶湖グランドホテル,琵琶湖グランドホテル（京友禅厨房）,飲食店営業,2019/10/16,2019/11/01,2026/10/31,
106728-01,株式会社湖西互助センター,株式会社セレマ堅田代理店湖西シティーホール,飲食店営業,2022/10/13,2022/11/01,2028/10/31,
106738-01,,こぐまハウス,飲食店営業,2022/10/13,2022/11/01,2028/10/31,
106755-01,,麪せい,飲食店営業,2024/02/13,2024/03/01,2030/02/28,
106761-01,,一品料理正恵,飲食店営業,2023/02/07,2023/03/01,2029/02/28,
106786-25,,滝川商店,そうざい製造業,2022/10/13,2022/11/01,2028/10/31,申請のあった取扱品目の製造に限る
106787-04,有限会社田村淡水,有限会社田村淡水,魚介類販売業,2022/10/13,2022/11/01,2028/10/31,
106787-25,有限会社田村淡水,有限会社田村淡水,そうざい製造業,2022/10/13,2022/11/01,2028/10/31,申請のあった取扱品目の製造に限る
106808-01,京阪ホテルズ＆リゾーツ株式会社,琵琶湖ホテル洋食１Ｆ主厨房,飲食店営業,2020/02/18,2020/03/01,2027/02/28,
106808-02,京阪ホテルズ＆リゾーツ株式会社,琵琶湖ホテル洋食１Ｆ主厨房,菓子製造業,2020/02/18,2020/03/01,2027/02/28,申請のあった取扱品目の製造に限る
106809-01,京阪ホテルズ＆リゾーツ株式会社,琵琶湖ホテル瑠璃３Ｆ宴会場,飲食店営業,2020/02/18,2020/03/01,2027/02/28,
106810-01,京阪ホテルズ＆リゾーツ株式会社,琵琶湖ホテル和食５Ｆ,飲食店営業,2020/02/18,2020/03/01,2027/02/28,
106810-03,京阪ホテルズ＆リゾーツ株式会社,琵琶湖ホテル和食５Ｆ,食肉販売業,2023/02/07,2023/03/01,2030/02/28,とさつ・解体は行わないこと
106812-01,京阪ホテルズ＆リゾーツ株式会社,琵琶湖ホテル２Ｆ洋食,飲食店営業,2020/02/18,2020/03/01,2027/02/28,
106814-01,京阪ホテルズ＆リゾーツ株式会社,琵琶湖ホテル桃山２Ｆ,飲食店営業,2023/02/07,2023/03/01,2030/02/28,
106815-01,株式会社ＯＫＣ,琵琶湖ホテル従業員食堂１Ｆ,飲食店営業,2020/02/18,2020/03/01,2027/02/28,
106849-02,社会福祉法人ノエル福祉会,ノエルしごとの家,菓子製造業,2020/06/29,2020/07/01,2027/06/30,申請のあった取扱品目の製造に限る
106858-01,国家公務員共済組合連合会,国家公務員共済組合連合会びわこ保養所,飲食店営業,2019/10/16,2019/11/01,2026/10/31,そうざいは店頭販売に限る
106858-29,国家公務員共済組合連合会,国家公務員共済組合連合会びわこ保養所,そうざい製造業,2021/03/09,2021/03/17,2028/10/31,申請のあった取扱品目の製造に限る
106858-03,国家公務員共済組合連合会,国家公務員共済組合連合会びわこ保養所,食肉販売業,2025/10/16,2025/11/01,2032/10/31,とさつ・解体は行わないこと。
106858-04,国家公務員共済組合連合会,国家公務員共済組合連合会びわこ保養所,魚介類販売業,2025/10/16,2025/11/01,2032/10/31,
106875-01,,御料理はなのや,飲食店営業,2023/06/13,2023/07/01,2029/06/30,
106883-01,,燦ＳＡＮ,飲食店営業,2023/06/13,2023/07/01,2029/06/30,
106892-01,,ムーンナイト・バー月夜,飲食店営業,2023/02/13,2023/03/01,2029/02/28,
106901-11,,ナチュラルホームメイドケーキ風子,菓子製造業,2023/02/07,2023/03/01,2029/02/28,申請のあった取扱品目の製造に限る
106921-01,有限会社金波,金波,飲食店営業,2023/06/13,2023/07/01,2029/06/30,
106932-01,地方職員共済組合滋賀県支部,ホテルピアザびわ湖１Ｆおよび６Ｆ主厨房,飲食店営業,2020/02/18,2020/03/01,2027/02/28,
106934-01,地方職員共済組合滋賀県支部,ホテルピアザびわ湖７Ｆビアガーデンパントリー,飲食店営業,2020/02/18,2020/03/01,2027/02/28,
106935-01,地方職員共済組合滋賀県支部,ホテルピアザびわ湖１Ｆ洋食厨房,飲食店営業,2020/02/18,2020/03/01,2027/02/28,
106943-01,,味ごよみ柳生,飲食店営業,2024/02/13,2024/03/01,2030/02/28,
106950-01,,つぼた,飲食店営業,2023/06/13,2023/07/01,2029/06/30,
106950-04,,つぼた,魚介類販売業,2023/06/13,2023/07/01,2029/06/30,
106967-01,株式会社持成,やきとり大吉　石山寺店,飲食店営業,2023/06/16,2023/07/01,2029/06/30,
106968-01,,やきとり一番,飲食店営業,2023/02/14,2023/03/01,2029/02/28,
106998-01,株式会社不二家商事,（株）不二家商事（龍谷大学青雲館１Ｆ食堂）,飲食店営業,2020/06/25,2020/07/01,2027/06/30,
106999-01,株式会社不二家商事,（株）不二家商事（龍谷大学青雲館２Ｆ食堂）,飲食店営業,2020/06/25,2020/07/01,2027/06/30,
107000-01,株式会社平和堂,フレンドマート雄琴駅前店（デリカ）,飲食店営業,2020/10/21,2020/11/01,2027/10/31,そうざいは店頭販売に限る
107000-02,株式会社平和堂,フレンドマート雄琴駅前店（デリカ）,菓子製造業,2020/10/21,2020/11/01,2027/10/31,申請のあった取扱品目の製造に限る
107003-01,,カフェ　ａｃｏ,飲食店営業,2024/02/13,2024/03/01,2030/02/28,
107016-01,株式会社平和堂,フレンドマート雄琴駅前店（鮮魚）,飲食店営業,2020/10/21,2020/11/01,2027/10/31,そうざいは店頭販売に限る
107016-07,株式会社平和堂,フレンドマート雄琴駅前店（鮮魚）,魚介類販売業,2020/10/21,2020/11/01,2027/10/31,
107034-25,,直屋,そうざい製造業,2024/02/13,2024/03/01,2030/02/28,申請のあった取扱品目の製造に限る
107046-03,株式会社松喜屋,株式会社松喜屋　精肉部,食肉販売業,2023/06/13,2023/07/01,2031/06/30,とさつ・解体は行わないこと
107054-01,東住吉マルタマフーズ株式会社,医療法人湖青会老人保健施設ケアセンター志賀,飲食店営業,2020/10/14,2020/11/01,2027/10/31,
107058-01,有限会社エイト観光,コート・ダジュール,飲食店営業,2024/06/24,2024/07/01,2030/06/30,
107085-01,,こんがり亭,飲食店営業,2024/02/13,2024/03/01,2030/02/28,
107115-01,,安っさん,飲食店営業,2024/06/17,2024/07/01,2030/06/30,
107149-01,,いっさ瀬田駅前店,飲食店営業,2024/06/19,2024/07/01,2030/06/30,
107168-01,株式会社Ｅｍｉｎｅｎｃｅコーポレーション,一品料理花醂,飲食店営業,2024/06/12,2024/07/01,2030/06/30,
107185-01,有限会社不動観光,大津市民病院内食堂まんま,飲食店営業,2021/02/08,2021/03/01,2028/02/29,
107195-01,,すぎ多,飲食店営業,2024/10/17,2024/11/01,2030/10/31,
107198-01,株式会社松喜屋,れすとらん松喜屋本館,飲食店営業,2021/06/15,2021/07/01,2028/06/30,
107198-30,株式会社松喜屋,れすとらん松喜屋本館,密封包装食品製造業,2023/07/18,2023/07/31,2031/06/30,申請のあった取扱品目の製造に限る
107198-25,株式会社松喜屋,れすとらん松喜屋本館,そうざい製造業,2026/06/08,2026/07/01,2033/06/30,申請のあった取扱品目の製造に限る。
107201-01,,カントリーレイク・ＪＯＵＪＯＵＸ,飲食店営業,2024/10/17,2024/11/01,2030/10/31,
107209-01,,めはりや,飲食店営業,2020/10/14,2020/11/01,2026/10/31,
107212-25,有限会社豆藤,豆藤・大津サポートセンター,そうざい製造業,2024/06/12,2024/07/01,2032/06/30,申請のあった取扱品目の製造に限る
107216-01,メルコリゾートサービス株式会社,湖西荘,飲食店営業,2020/10/20,2020/11/01,2027/10/31,
107235-01,,キッチン・ふらいぱん,飲食店営業,2024/06/11,2024/07/01,2030/06/30,
107247-01,,ＳＥＡ　ＬＩＯＮ,飲食店営業,2024/10/17,2024/11/01,2030/10/31,
107256-11,有限会社八荒堂,有限会社八荒堂,菓子製造業,2024/10/22,2024/11/01,2030/10/31,申請のあった取扱品目の製造に限る
107263-11,株式会社団十郎,団十郎,菓子製造業,2024/06/12,2024/07/01,2030/06/30,申請のあった取扱品目の製造に限る
107263-25,株式会社団十郎,団十郎,そうざい製造業,2024/06/12,2024/07/01,2030/06/30,申請のあった取扱品目の製造に限る
107270-01,,Ｃａｆｅ月の山,飲食店営業,2024/10/17,2024/11/01,2030/10/31,
107272-01,有限会社ＳＩフーズ,炭火焼肉屋さかい大津堅田店,飲食店営業,2021/10/11,2021/11/01,2027/10/31,
107296-29,有限会社大友,有限会社大友市場加工場,そうざい製造業,2020/06/03,2020/07/01,2027/06/30,申請のあった取扱品目の製造に限る
107296-04,有限会社大友,有限会社大友市場加工場,魚介類販売業,2022/06/10,2022/07/01,2028/06/30,
107296-27,有限会社大友,有限会社大友市場加工場,冷凍食品製造業,2022/06/10,2022/07/01,2028/06/30,申請のあった取扱品目の製造に限る
107323-01,,るーむ　ぶな,飲食店営業,2024/10/18,2024/11/01,2030/10/31,
107326-01,株式会社叶匠寿庵,山寿亭,飲食店営業,2023/06/13,2023/07/01,2030/06/30,
107326-03,株式会社叶匠寿庵,山寿亭,食肉販売業,2023/06/13,2023/07/01,2030/06/30,とさつ・解体は行わないこと
107327-01,,メンバーズ　ジャム,飲食店営業,2025/02/17,2025/03/01,2031/02/28,
107334-01,,鉄板焼喜烙亭,飲食店営業,2025/02/06,2025/03/01,2031/02/28,
107336-01,,やきとり仁吉浜大津店,飲食店営業,2025/02/06,2025/03/01,2031/02/28,
107339-01,株式会社新羅,株式会社新羅焼肉の本家新羅,飲食店営業,2021/10/19,2021/11/01,2027/10/31,
107349-01,社会福祉法人おおつ福祉会,社会就労センターこだま,飲食店営業,2022/02/08,2022/03/01,2028/02/29,
107349-11,社会福祉法人おおつ福祉会,社会就労センターこだま,菓子製造業,2022/02/08,2022/03/01,2028/02/29,申請のあった取扱品目の製造に限る
107362-04,,御座敷　うおいし,魚介類販売業,2024/10/21,2024/11/01,2030/10/31,
107368-20,農事組合法人新免営農組合,農産物加工所アグリピア新免,みそ又はしょうゆ製造業,2024/06/11,2024/07/01,2030/06/30,申請のあった取扱品目の製造に限る
107396-01,株式会社琵琶湖グランドホテル,琵琶湖グランドホテルレストラン近江路,飲食店営業,2025/10/10,2025/11/01,2031/10/31,
107397-01,株式会社琵琶湖グランドホテル,琵琶湖グランドホテルラウンジスィートフィッシュ,飲食店営業,2025/10/10,2025/11/01,2031/10/31,
107399-01,有限会社國領商店,有限会社國領商店,飲食店営業,2025/02/06,2025/03/01,2031/02/28,
107403-01,,中華そば専門店殿,飲食店営業,2025/10/16,2025/11/01,2031/10/31,
107409-01,サトフードサービス株式会社,和食さと西大津店,飲食店営業,2022/02/08,2022/03/01,2028/02/29,
107409-03,サトフードサービス株式会社,和食さと西大津店,食肉販売業,2021/11/05,2021/11/15,2028/02/29,とさつ・解体は行わないこと
107410-01,株式会社治元,ほっとけや　瀬田店,飲食店営業,2021/06/15,2021/07/01,2027/06/30,
107414-01,,貴公子,飲食店営業,2024/10/17,2024/11/01,2030/10/31,簡易な営業に限る
107431-01,,ラウンジクリスタル,飲食店営業,2024/10/17,2024/11/01,2030/10/31,
107453-01,株式会社平和堂,（株）平和堂スーパーフレンド大石店,飲食店営業,2024/06/12,2024/07/01,2031/06/30,
107453-03,株式会社平和堂,（株）平和堂スーパーフレンド大石店,食肉販売業,2021/06/17,2021/07/01,2028/06/30,とさつ・解体は行わないこと
107486-01,,ランチサービスポポロ,飲食店営業,2022/02/08,2022/03/01,2028/02/29,
107493-01,大末産業株式会社,同志社びわこリトリートセンター,飲食店営業,2022/10/13,2022/11/01,2029/10/31,
107553-01,株式会社三井寺力餅本家,（株）三井寺力餅本家,飲食店営業,2025/02/06,2025/03/01,2031/02/28,簡易な営業に限る
107554-01,株式会社三井寺力餅本家,（株）三井寺力餅本家,飲食店営業,2025/02/06,2025/03/01,2031/02/28,
107554-11,株式会社三井寺力餅本家,（株）三井寺力餅本家,菓子製造業,2025/02/06,2025/03/01,2031/02/28,申請のあった取扱品目の製造に限る
107559-01,,遊心亭てもや,飲食店営業,2025/10/14,2025/11/01,2031/10/31,
107573-01,株式会社天下一品,天下一品御殿浜店,飲食店営業,2026/06/16,2026/07/01,2032/06/30,
107575-01,有限会社中国料理登煌,比叡　三九良,飲食店営業,2021/05/17,2021/05/20,2028/10/31,
107575-11,有限会社中国料理登煌,比叡　三九良,菓子製造業,2021/10/14,2021/11/01,2028/10/31,申請のあった取扱品目の製造に限る
107583-01,,レストランはと和迩店,飲食店営業,2020/10/21,2020/11/01,2026/10/31,
107588-01,,ひろ,飲食店営業,2025/06/09,2025/07/01,2031/06/30,
107594-01,,旅館おかもと荘,飲食店営業,2022/10/13,2022/11/01,2028/10/31,
107658-01,,ミートショップうしお,飲食店営業,2025/06/20,2025/07/01,2031/06/30,
107658-03,,ミートショップうしお,食肉販売業,2025/06/20,2025/07/01,2031/06/30,とさつ・解体は行わないこと。
107678-01,,ファミリーマート大津神領二丁目店,飲食店営業,2020/06/29,2020/07/01,2027/06/30,
107683-01,,三国,飲食店営業,2021/06/17,2021/07/01,2027/06/30,
107686-01,,珈琲やたなか,飲食店営業,2025/10/15,2025/11/01,2031/10/31,
107688-01,,お好み焼鉄板焼きっちゃん,飲食店営業,2025/06/11,2025/07/01,2031/06/30,
107692-01,株式会社ボノボーノ,オリーブキッチン大津店,飲食店営業,2022/06/10,2022/07/01,2028/06/30,
107693-01,,バク,飲食店営業,2025/10/17,2025/11/01,2031/10/31,
107693-11,,バク,菓子製造業,2025/10/17,2025/11/01,2031/10/31,申請のあった取扱品目の製造に限る。
107724-01,シダックスコントラクトフードサービス株式会社,ｍ５４６６０,飲食店営業,2022/06/14,2022/07/01,2028/06/30,
107739-07,株式会社国華荘,びわ湖花街道,魚介類販売業,2020/10/20,2020/11/01,2027/10/31,
107739-17,株式会社国華荘,びわ湖花街道,食肉販売業,2020/10/20,2020/11/01,2027/10/31,とさつ・解体をしないこと
107739-01,株式会社国華荘,びわ湖花街道,飲食店営業,2022/10/14,2022/11/01,2029/10/31,
107740-01,株式会社国華荘,らむぷ（びわ湖花街道）,飲食店営業,2022/10/14,2022/11/01,2028/10/31,
107761-01,山和食品株式会社,田吾作（たごさく）,飲食店営業,2020/02/18,2020/03/01,2027/02/28,
107764-04,有限会社山本,有限会社山本,魚介類販売業,2026/06/15,2026/07/01,2032/06/30,
107781-01,株式会社天下一品,天下一品唐崎店,飲食店営業,2026/02/13,2026/03/01,2032/02/29,
107790-01,大津観光株式会社,里湯昔話雄山荘４Ｆ厨房,飲食店営業,2025/10/03,2025/11/01,2031/10/31,
107791-01,メルコリゾートサービス株式会社,京都産業大学松の浦セミナーハウス,飲食店営業,2025/10/17,2025/11/01,2033/10/31,
107792-01,,ティールーム　サンパティ,飲食店営業,2026/02/06,2026/03/01,2032/02/29,
107797-01,,キッチンバー・ポパイ,飲食店営業,2022/06/14,2022/07/01,2028/06/30,
107804-01,,やきとり・鍋料理　大海（おおみ）,飲食店営業,2025/10/14,2025/11/01,2031/10/31,
107835-01,,扇寿司,飲食店営業,2026/02/06,2026/03/01,2032/02/29,
107847-01,,地鶏炭焼　ばんさん,飲食店営業,2026/06/16,2026/07/01,2032/06/30,
107872-01,有限会社ふゅーちゃサービス,ふゅーちゃ,飲食店営業,2022/02/08,2022/03/01,2028/02/29,
107880-01,株式会社シー・オー・エム,ケンタッキーフライドチキン石山店,飲食店営業,2023/06/13,2023/07/01,2030/06/30,
107880-11,株式会社シー・オー・エム,ケンタッキーフライドチキン石山店,菓子製造業,2023/06/13,2023/07/01,2030/06/30,申請のあった取扱品目の製造に限る
107890-02,,こさぶろ屋,菓子製造業,2020/10/16,2020/11/01,2026/10/31,申請のあった取扱品目の製造に限る
107890-22,,こさぶろ屋,みそ製造業,2020/10/16,2020/12/07,2027/10/31,申請のあった取扱品目の製造に限る
107890-29,,こさぶろ屋,そうざい製造業,2020/10/16,2020/11/01,2026/10/31,申請のあった取扱品目の製造に限る
107890-29,,こさぶろ屋,漬物製造業,2024/05/31,2024/06/20,2030/10/31,申請のあった取扱品目の製造に限る
107920-11,,Ｃｈａｔｏｎ（シャトン）,菓子製造業,2026/02/09,2026/03/01,2032/02/29,申請のあった取扱品目の製造に限る。
107941-11,,シャトレーゼ工場直売店　堅田店,菓子製造業,2023/10/13,2023/11/01,2030/10/31,申請のあった取扱品目の製造に限る
107964-01,株式会社滋賀給食,大津市北部学校給食共同調理場,飲食店営業,2018/10/19,2018/11/01,2026/10/31,
108028-01,,ファミリーれすとらん　ひろせ　寿し正,飲食店営業,2020/10/21,2020/11/01,2026/10/31,
108036-01,富士産業株式会社,大津赤十字志賀病院,飲食店営業,2018/10/19,2018/11/01,2026/10/31,
108039-11,,サースフェー,菓子製造業,2021/06/14,2021/07/01,2027/06/30,申請のあった取扱品目の製造に限る
108040-02,,菓子工房道草,菓子製造業,2020/10/21,2020/11/01,2026/10/31,申請のあった取扱品目の製造に限る
108040-01,,菓子工房道草,飲食店営業,2025/10/21,2025/11/01,2031/10/31,
108042-11,,ｃｈｅｒｒｙ　＆　ｂｅｒｒｙ,菓子製造業,2026/06/10,2026/07/01,2032/06/30,申請のあった取扱品目の製造に限る。
108048-01,,ブレッツァ,飲食店営業,2023/10/19,2023/11/01,2030/10/31,
108048-11,,ブレッツァ,菓子製造業,2023/10/19,2023/11/01,2030/10/31,申請のあった取扱品目の製造に限る
108050-01,,コーヒールーム　尊,飲食店営業,2021/02/08,2021/03/01,2027/02/28,
108054-01,坂口興産株式会社,フルレット　ドゥース,飲食店営業,2023/06/13,2023/07/01,2030/06/30,
108054-11,坂口興産株式会社,フルレット　ドゥース,菓子製造業,2023/06/13,2023/07/01,2030/06/30,申請のあった取扱品目の製造に限る
108055-01,坂口興産株式会社,ガストロノーム,飲食店営業,2023/06/13,2023/07/01,2030/06/30,
108056-01,坂口興産株式会社,ガストロノーム,飲食店営業,2023/06/13,2023/07/01,2030/06/30,
108056-11,坂口興産株式会社,ガストロノーム,菓子製造業,2023/06/13,2023/07/01,2030/06/30,申請のあった取扱品目の製造に限る
108062-01,有限会社宗八,宗八,飲食店営業,2020/10/14,2020/11/01,2026/10/31,そうざいは店頭販売に限る
108080-17,株式会社ＴＡＧ－１,熟成焼肉いちばん大津膳所店,食肉販売業,2021/02/16,2021/02/22,2028/02/29,とさつ・解体をしないこと
108080-01,株式会社ＴＡＧ－１,熟成焼肉いちばん大津膳所店,飲食店営業,2022/02/10,2022/03/01,2029/02/28,
108087-01,,すなっくチャオ　パートⅡ,飲食店営業,2021/06/15,2021/07/01,2027/06/30,
108133-01,,ぶんぷく亭,飲食店営業,2021/06/14,2021/07/01,2027/06/30,
108139-01,,びわ小屋食堂,飲食店営業,2020/10/16,2020/11/01,2026/10/31,
108145-01,株式会社エル・スエヒロフードサービス,関西電力株式会社　滋賀支社食堂,飲食店営業,2021/02/22,2021/03/01,2027/02/28,
108173-01,,杉江食料品店,飲食店営業,2020/10/14,2020/11/01,2026/10/31,そうざいは店頭販売に限る
108174-01,,ひさのや,飲食店営業,2020/10/13,2020/11/01,2026/10/31,
108192-01,,とり工房　ＫＡＷＡＫＩＴＡ,飲食店営業,2021/06/18,2021/07/01,2027/06/30,
108209-01,有限会社新近江別館,（有）新近江別館　第二厨房,飲食店営業,2024/06/11,2024/07/01,2031/06/30,
108209-25,有限会社新近江別館,（有）新近江別館　第二厨房,そうざい製造業,2024/06/11,2024/07/01,2031/06/30,申請のあった取扱品目の製造に限る
108219-02,サントリービバレッジソリューション株式会社,自販０２　帝産湖南交通　事務所前,調理の機能を有する自動販売機により食品を調理し、調理された食品を販売する営業,2023/02/21,2023/03/01,2028/02/29,自動販売機による営業に限る設置台数は１台に限る
108221-01,有限会社ムツミ,ファミリーマート　大津京駅前店,飲食店営業,2024/02/14,2024/03/01,2031/02/28,
108232-01,有限会社セルポワ,セルポワ,飲食店営業,2022/06/14,2022/07/01,2028/06/30,
108233-01,,アル・ゴー,飲食店営業,2023/10/18,2023/11/01,2029/10/31,
108254-29,,中村食品,そうざい製造業,2021/02/08,2021/03/01,2027/02/28,申請のあった取扱品目の製造に限る
108257-01,エルアイビーリゾート株式会社,ロータリーピア８８,飲食店営業,2021/10/12,2021/11/01,2027/10/31,
108268-01,,尚商,飲食店営業,2021/02/19,2021/03/01,2027/02/28,
108276-01,株式会社皇子山カントリークラブ,皇子山カントリークラブ,飲食店営業,2022/02/18,2022/03/01,2028/02/29,
108279-01,宗教法人西教寺,西教寺研修道場　別館食堂,飲食店営業,2024/10/17,2024/11/01,2031/10/31,
108285-01,株式会社ＷＨＯ,アンソレイラ,飲食店営業,2022/10/13,2022/11/01,2029/10/31,
108294-01,,ｃｏｃｔｕｒａ　桜井,飲食店営業,2021/06/15,2021/07/01,2027/06/30,
108298-01,有限会社いま村,鮨匠いま村,飲食店営業,2021/06/17,2021/07/01,2027/06/30,
108305-01,,ＢＥＮＩＹＡ,飲食店営業,2021/06/17,2021/07/01,2027/06/30,
108319-01,,森のＡＣＨＡ,飲食店営業,2021/10/12,2021/11/01,2027/10/31,
108319-11,,森のＡＣＨＡ,菓子製造業,2021/10/12,2021/11/01,2027/10/31,申請のあった取扱品目の製造に限る
108324-01,,レストラン　ジュラ,飲食店営業,2021/06/17,2021/07/01,2027/06/30,
108329-01,有限会社ブルーベリーフィールズ紀伊國屋,ブルーベリーフィールズ紀伊國屋,飲食店営業,2022/07/05,2022/07/13,2028/10/31,
108329-25,有限会社ブルーベリーフィールズ紀伊國屋,ブルーベリーフィールズ紀伊國屋,そうざい製造業,2022/10/13,2022/11/01,2028/10/31,申請のあった取扱品目の製造に限る
108381-01,,ラウンジ　みわ,飲食店営業,2021/10/11,2021/11/01,2027/10/31,
108383-01,くら寿司株式会社,くら寿司　大津におの浜店,飲食店営業,2025/02/17,2025/03/01,2032/02/29,
108389-01,,千加想,飲食店営業,2021/06/21,2021/07/01,2027/06/30,簡易な営業に限る
108397-01,,まるん,飲食店営業,2021/06/17,2021/07/01,2027/06/30,
108408-25,有限会社ごはん屋,ごはん屋大津店,そうざい製造業,2025/02/06,2025/03/01,2032/02/29,申請のあった取扱品目の製造に限る
108411-01,,Ｗｏｏｄｐｅｃｋｅｒ,飲食店営業,2021/06/18,2021/07/01,2027/06/30,
108412-21,月の里酒造株式会社,月の里酒造株式会社,酒類製造業,2023/06/20,2023/07/01,2028/06/30,申請のあった取扱品目の製造に限る
108444-01,,ＲＯＹＡＬ　ＲＯＯＭ　紗句来,飲食店営業,2021/06/17,2021/07/01,2027/06/30,簡易な営業に限る
108447-01,カッパ・クリエイト株式会社,かっぱ寿司　大津尾花川店／丼ぶり専門　清水港　バンノウ水産　大津尾花川店,飲食店営業,2023/02/28,2023/03/08,2031/02/28,
108454-01,,きまま亭しま,飲食店営業,2021/10/12,2021/11/01,2027/10/31,
108455-01,,ビストロ　こっからん　ＨＯＲＩＩ,飲食店営業,2022/02/08,2022/03/01,2028/02/29,
108458-01,,マイルド,飲食店営業,2022/02/08,2022/03/01,2028/02/29,
108476-01,,焼肉　淡海屋,飲食店営業,2022/06/14,2022/07/01,2028/06/30,
108477-01,有限会社セルポワ,おととや,飲食店営業,2022/06/14,2022/07/01,2028/06/30,
108489-01,エルアイビーリゾート株式会社,フリアン　山ノ上迎賓館,飲食店営業,2025/02/06,2025/03/01,2032/02/29,
108494-01,東住吉マルタマフーズ株式会社,社会福祉法人　湖青福祉会　ケアタウンからさき,飲食店営業,2025/02/06,2025/03/01,2032/02/29,
108495-01,株式会社平和堂,フレンドマート膳所店,飲食店営業,2024/06/13,2024/07/01,2031/06/30,
108495-11,株式会社平和堂,フレンドマート膳所店,菓子製造業,2024/06/13,2024/07/01,2031/06/30,申請のあった取扱品目の製造に限る
108498-01,有限会社鴨石,しづか楼,飲食店営業,2021/10/12,2021/11/01,2027/10/31,
108502-01,株式会社松屋フーズ,松屋　松のや　大津店,飲食店営業,2025/06/09,2025/07/01,2032/06/30,
108502-25,株式会社松屋フーズ,松屋　松のや　大津店,そうざい製造業,2025/06/09,2025/07/01,2032/06/30,申請のあった取扱品目の製造に限る。
108504-29,株式会社いとふ,株式会社いとふ　びわこ工場,そうざい製造業,2020/02/18,2020/03/01,2027/02/28,申請のあった取扱品目の製造に限る
108504-11,株式会社いとふ,株式会社いとふ　びわこ工場,菓子製造業,2022/02/08,2022/03/01,2028/02/29,申請のあった取扱品目の製造に限る
108504-27,株式会社いとふ,株式会社いとふ　びわこ工場,冷凍食品製造業,2024/02/14,2024/03/01,2031/02/28,申請のあった取扱品目の製造に限る
108540-01,一冨士フードサービス株式会社,日本電気硝子大津硝友クラブ,飲食店営業,2024/02/14,2024/03/01,2031/02/28,
108547-01,株式会社花折,株式会社　花折,飲食店営業,2021/10/12,2021/11/01,2027/10/31,
108547-25,株式会社花折,株式会社　花折,そうざい製造業,2021/10/12,2021/11/01,2027/10/31,申請のあった取扱品目の製造に限る
108548-17,有限会社キャトルレーヴ,レストランオペラ,食肉販売業,2020/11/09,2020/11/13,2028/02/29,とさつ・解体をしないこと
108548-01,有限会社キャトルレーヴ,レストランオペラ,飲食店営業,2025/02/21,2025/03/01,2032/02/29,
108549-01,有限会社キャトルレーヴ,ドリンクコーナーＭ,飲食店営業,2022/02/07,2022/03/01,2029/02/28,
108550-01,有限会社キャトルレーヴ,ドリンクコーナーＬ,飲食店営業,2022/02/07,2022/03/01,2029/02/28,
108558-01,,京てまり,飲食店営業,2022/02/15,2022/03/01,2028/02/29,
108567-01,,メゾン　ローズ,飲食店営業,2022/10/18,2022/11/01,2028/10/31,
108567-11,,メゾン　ローズ,菓子製造業,2022/10/18,2022/11/01,2028/10/31,申請のあった取扱品目の製造に限る
108571-01,,宮角庵　でんや,飲食店営業,2023/06/13,2023/07/01,2030/06/30,
108588-01,日清医療食品株式会社,華頂会,飲食店営業,2022/06/14,2022/07/01,2028/06/30,
108594-01,有限会社カワニシ,ミート＆デリカ　カワニシ,飲食店営業,2022/06/14,2022/07/01,2028/06/30,
108594-03,有限会社カワニシ,ミート＆デリカ　カワニシ,食肉販売業,2022/06/14,2022/07/01,2028/06/30,とさつ・解体は行わないこと
108595-01,有限会社カワニシ,リバーウエスト,飲食店営業,2022/06/14,2022/07/01,2028/06/30,
108621-01,,愉友里,飲食店営業,2022/02/08,2022/03/01,2028/02/29,
108625-01,株式会社あきんどスシロー,スシロー瀬田店,飲食店営業,2025/06/16,2025/07/01,2032/06/30,
108627-01,延暦寺,延暦寺会館（書院）,飲食店営業,2022/10/13,2022/11/01,2028/10/31,
108628-01,有限会社マック５,季節料理　幸　みゆき,飲食店営業,2022/06/14,2022/07/01,2028/06/30,
108629-01,,風月堂　招福庵,飲食店営業,2022/06/17,2022/07/01,2028/06/30,
108673-01,株式会社ＷＨＯ,オプテックス（株）内　社員食堂,飲食店営業,2023/10/18,2023/11/01,2030/10/31,
108687-01,,魚喜,飲食店営業,2022/02/08,2022/03/01,2028/02/29,
108714-01,,蓬莱の家共同作業所,飲食店営業,2022/10/18,2022/11/01,2028/10/31,
108714-11,,蓬莱の家共同作業所,菓子製造業,2022/10/18,2022/11/01,2028/10/31,申請のあった取扱品目の製造に限る
108715-01,ハーベスト株式会社,田上保育園店,飲食店営業,2024/06/12,2024/07/01,2031/06/30,
108724-01,,喫茶・軽食　拾穂庵,飲食店営業,2022/10/18,2022/11/01,2028/10/31,
108737-01,有限会社藤野食肉食品センター,近江　お肉処ふじ,飲食店営業,2022/10/19,2022/11/01,2028/10/31,
108737-03,有限会社藤野食肉食品センター,近江　お肉処ふじ,食肉販売業,2022/10/19,2022/11/01,2028/10/31,とさつ・解体は行わないこと
108739-01,,スナック　まるご,飲食店営業,2023/02/07,2023/03/01,2029/02/28,
108745-01,有限会社グロウジャパンフード,新日本料理美遊膳くし屋敷,飲食店営業,2023/02/07,2023/03/01,2029/02/28,
108759-01,,豆嘉,飲食店営業,2022/06/14,2022/07/01,2028/06/30,
108769-21,株式会社叶匠寿庵,株式会社　叶匠寿庵（梅蔵）,酒類製造業,2024/06/11,2024/07/01,2030/06/30,申請のあった取扱品目の製造に限る
108772-01,,キール,飲食店営業,2023/02/07,2023/03/01,2029/02/28,
108822-01,株式会社フーズネット,にぎり長次郎膳所店,飲食店営業,2026/02/17,2026/03/01,2033/02/28,
108825-01,有限会社シップス,シップス,飲食店営業,2022/10/20,2022/11/01,2028/10/31,
108843-01,コンパスグループ・ジャパン株式会社,カフェ　コルネット,飲食店営業,2023/02/07,2023/03/01,2029/02/28,
108863-01,トータルケアライフ株式会社,喫茶コンソルテ,飲食店営業,2023/06/13,2023/07/01,2029/06/30,
108876-01,,家庭料理　おごじょ庵,飲食店営業,2023/06/13,2023/07/01,2029/06/30,
108883-01,株式会社平和堂,平和堂和邇店,飲食店営業,2019/11/19,2019/12/03,2027/10/31,そうざいは店頭販売に限る
108883-04,株式会社平和堂,平和堂和邇店,魚介類販売業,2024/10/22,2024/11/01,2031/10/31,
108886-01,,支那そば　天下ご麺,飲食店営業,2023/02/07,2023/03/01,2029/02/28,
108897-01,,瀨戸,飲食店営業,2022/10/21,2022/11/01,2028/10/31,
108897-11,,瀨戸,菓子製造業,2022/10/21,2022/11/01,2028/10/31,申請のあった取扱品目の製造に限る
108899-01,,中髙年カラオケ喫茶スナック　はまゆう,飲食店営業,2023/02/07,2023/03/01,2029/02/28,簡易な営業に限る
108901-01,,ビストロ　フジハラ,飲食店営業,2023/06/13,2023/07/01,2029/06/30,
108912-01,有限会社ブルーベリーフィールズ紀伊國屋,成安造形大学内　カフェテリア「結」紀伊國屋,飲食店営業,2022/10/13,2022/11/01,2028/10/31,
108917-01,株式会社ハートフレンド,フレスコ　みどり店,飲食店営業,2023/10/13,2023/10/25,2030/10/31,
108936-01,奥比叡観光株式会社,根本中堂前売店,飲食店営業,2022/10/18,2022/11/01,2028/10/31,
108951-01,,ななみ,飲食店営業,2022/10/19,2022/11/01,2028/10/31,
108964-01,,ととち丸,飲食店営業,2023/06/19,2023/07/01,2029/06/30,
108965-01,,しろくま,飲食店営業,2023/02/07,2023/03/01,2029/02/28,
108982-01,株式会社ハートフレンド,フレスコ　向陽店（すしコーナー）,飲食店営業,2025/10/27,2025/11/01,2032/10/31,
108984-03,株式会社ハートフレンド,フレスコ　向陽店（精肉・牛乳）,食肉販売業,2025/10/27,2025/11/01,2032/10/31,とさつ・解体は行わないこと。
109001-01,株式会社王将フードサービス,餃子の王将　国道大津店,飲食店営業,2023/06/13,2023/07/01,2029/06/30,
109006-11,,ｃａｆｅ　Ｎａｔｔｙ,菓子製造業,2022/02/14,2022/03/01,2028/02/29,申請のあった取扱品目の製造に限る
109018-01,北村産業株式会社,居酒屋・馬処　こはち,飲食店営業,2023/10/13,2023/11/01,2029/10/31,
109037-01,有限会社ビックファーマー,ピザ・リトルパーティー唐崎店,飲食店営業,2023/02/07,2023/03/01,2029/02/28,
109038-07,,おゝ杉,魚介類販売業,2020/05/20,2020/05/22,2027/02/28,
109038-01,,おゝ杉,飲食店営業,2023/02/07,2023/03/01,2029/02/28,
109053-22,,上田豆腐店,豆腐製造業,2023/10/18,2023/11/01,2029/10/31,申請のあった取扱品目の製造に限る
109054-01,株式会社プリズム,ドックガーデンカフェ　ワンワンパパリッチ,飲食店営業,2023/10/13,2023/11/01,2029/10/31,
109055-17,明治亭株式会社,レストラン明治亭,食肉販売業,2021/02/10,2021/03/01,2027/02/28,とさつ・解体をしないこと
109055-01,明治亭株式会社,レストラン明治亭,飲食店営業,2023/02/07,2023/03/01,2029/02/28,
109064-01,琵琶湖汽船株式会社,ミシガン　１Ｆレストラン,飲食店営業,2024/02/21,2024/03/01,2030/02/28,船舶による営業に限る
109066-01,琵琶湖汽船株式会社,ビアンカ　ホライズン,飲食店営業,2024/02/21,2024/03/01,2030/02/28,船舶による営業に限る
109067-01,琵琶湖汽船株式会社,ビアンカ　ブリーズ,飲食店営業,2024/02/21,2024/03/01,2030/02/28,船舶による営業に限る
109068-01,株式会社すき家,すき家　大津真野店,飲食店営業,2019/10/16,2019/11/01,2026/10/31,
109072-01,,駅長さん,飲食店営業,2023/10/18,2023/11/01,2029/10/31,
109072-11,,駅長さん,菓子製造業,2023/10/18,2023/11/01,2029/10/31,申請のあった取扱品目の製造に限る
109074-01,,権兵衛,飲食店営業,2024/02/14,2024/03/01,2030/02/28,
109094-04,,鎌江商店,魚介類販売業,2024/02/14,2024/03/01,2030/02/28,
109097-01,,ＣＡＦＥ　ＲＡＧＡＺＺＡ,飲食店営業,2023/10/13,2023/11/01,2029/10/31,
109108-01,,魚屋　いせやん,飲食店営業,2022/10/18,2022/11/01,2028/10/31,
109108-04,,魚屋　いせやん,魚介類販売業,2023/10/13,2023/11/01,2029/10/31,
109111-01,,ラウンジ　らんまん,飲食店営業,2024/02/14,2024/03/01,2030/02/28,
109133-01,協栄ビル管理株式会社,大谷大学湖西キャンパスセミナーハウス１Ｆ,飲食店営業,2019/10/16,2019/11/01,2026/10/31,
109139-01,,鉄板お好みよかよか,飲食店営業,2023/06/19,2023/07/01,2029/06/30,
109141-01,,カフェＣｏｃｏｎａ,飲食店営業,2023/10/20,2023/11/01,2029/10/31,
109144-01,北村産業株式会社,旬菜こはち,飲食店営業,2023/10/13,2023/11/01,2029/10/31,
109145-01,,下田屋,飲食店営業,2024/02/14,2024/03/01,2030/02/28,
109146-14,株式会社岩深水,株式会社岩深水滋賀工場,清涼飲料水製造業,2023/06/13,2023/07/01,2029/06/30,申請のあった取扱品目の製造に限る
109192-04,大津水産株式会社,大津水産（株）,魚介類販売業,2026/06/09,2026/07/01,2033/06/30,
109192-25,大津水産株式会社,大津水産（株）,そうざい製造業,2026/06/09,2026/07/01,2033/06/30,申請のあった取扱品目の製造に限る。
109194-01,,Ｌ’ＡＭＡＮＴＥ,飲食店営業,2024/02/14,2024/03/01,2030/02/28,
109196-01,,ファミリーマート大津西の庄店,飲食店営業,2026/02/12,2026/03/01,2033/02/28,
109212-01,,利芭亭,飲食店営業,2024/06/19,2024/07/01,2030/06/30,
109212-11,,利芭亭,菓子製造業,2024/06/19,2024/07/01,2030/06/30,申請のあった取扱品目の製造に限る
109213-01,有限会社藤野食肉食品センター,有限会社藤野食肉食品センター,飲食店営業,2023/10/16,2023/11/01,2029/10/31,
109213-03,有限会社藤野食肉食品センター,有限会社藤野食肉食品センター,食肉販売業,2023/10/16,2023/11/01,2029/10/31,とさつ・解体は行わないこと
109213-25,有限会社藤野食肉食品センター,有限会社藤野食肉食品センター,そうざい製造業,2023/10/16,2023/11/01,2029/10/31,申請のあった取扱品目に限る
109218-01,,ビストロ　なかの,飲食店営業,2023/10/23,2023/11/01,2029/10/31,
109218-11,,ビストロ　なかの,菓子製造業,2023/10/23,2023/11/01,2029/10/31,申請のあった取扱品目の製造に限る
109223-01,延暦寺,延暦寺会館,飲食店営業,2019/10/16,2019/11/01,2026/10/31,
109226-01,,Ｄｅｌｔａ　Ｃａｆｅ,飲食店営業,2024/06/11,2024/07/01,2030/06/30,
109226-27,,Ｄｅｌｔａ　Ｃａｆｅ,冷凍食品製造業,2023/11/21,2024/01/22,2030/06/30,申請のあった取扱品目の製造に限る
109240-01,,ＢＡＲ　ＲＩＧ,飲食店営業,2023/10/16,2023/11/01,2029/10/31,
109241-01,,伽藍堂（からんどう）,飲食店営業,2024/06/12,2024/07/01,2030/06/30,
109256-25,有限会社清元楼,近江懐石　清元,そうざい製造業,2021/10/12,2021/11/01,2028/10/31,申請のあった取扱品目の製造に限る
109256-01,有限会社清元楼,近江懐石　清元,飲食店営業,2025/10/09,2025/11/01,2031/10/31,
109258-01,,四ツ辻の辻一,飲食店営業,2024/02/14,2024/03/01,2030/02/28,
109263-01,延暦寺,延暦寺会館（れいほう）,飲食店営業,2022/10/13,2022/11/01,2028/10/31,
109270-01,株式会社すき家,すき家１国大津瀬田店,飲食店営業,2024/06/14,2024/07/01,2030/06/30,
109277-01,,居酒屋　おかん,飲食店営業,2023/10/20,2023/11/01,2029/10/31,
109281-01,,おあしす,飲食店営業,2024/02/14,2024/03/01,2030/02/28,簡易な営業に限る
109286-01,,イタリアレストラン　Ｓｏｒｒｉｓｏ,飲食店営業,2024/06/13,2024/07/01,2030/06/30,
109296-01,,ラウンジ麗亜,飲食店営業,2024/06/11,2024/07/01,2030/06/30,
109306-01,,カフェ　ひろせ,飲食店営業,2023/10/16,2023/11/01,2029/10/31,
109329-11,,ベーカリー　ｃａｆｅ　ＭＡＲＡＳＳＡ,菓子製造業,2024/10/17,2024/11/01,2030/10/31,申請のあった取扱品目の製造に限る
109342-04,,京滋フーズ,魚介類販売業,2026/06/18,2026/07/01,2033/06/30,
109354-01,株式会社なか卯,なか卯　大津瀬田店,飲食店営業,2020/06/17,2020/07/01,2027/06/30,
109355-11,,坂本　さるや,菓子製造業,2024/10/17,2024/11/01,2030/10/31,申請のあった取扱品目の製造に限る
109356-11,,ｐａｔｉｓｓｅｒｉｅ　ＢｅＢｅ　パティスリー　ベベ,菓子製造業,2024/02/16,2024/03/01,2030/02/28,申請のあった取扱品目の製造に限る
109380-01,,古蝶庵,飲食店営業,2024/06/18,2024/07/01,2030/06/30,
109389-01,,おでん　旬菜　ろざん,飲食店営業,2024/02/13,2024/03/01,2030/02/28,
109395-01,有限会社Ｆｉｔ　Ｐｒｏ,美味皆快膳所店,飲食店営業,2024/02/16,2024/03/01,2030/02/28,
109397-01,株式会社叶匠寿庵,叶匠寿庵　寿長生の郷　菓子教室厨房,飲食店営業,2020/06/29,2020/07/01,2027/06/30,
109397-02,株式会社叶匠寿庵,叶匠寿庵　寿長生の郷　菓子教室厨房,菓子製造業,2020/06/29,2020/07/01,2027/06/30,申請のあった取扱品目の製造に限る
109397-12,株式会社叶匠寿庵,叶匠寿庵　寿長生の郷　菓子教室厨房,アイスクリーム類製造業,2022/06/14,2022/07/01,2028/06/30,申請のあった取扱品目の製造に限る
109408-01,株式会社緑水亭,びわこ緑水亭（びわの風・ラウンジ）,飲食店営業,2024/10/17,2024/11/01,2030/10/31,
109411-04,,佐の富,魚介類販売業,2024/10/17,2024/11/01,2030/10/31,
109411-25,,佐の富,そうざい製造業,2024/10/17,2024/11/01,2030/10/31,申請のあった取扱品目の製造に限る
109425-01,,マチイハウス,飲食店営業,2024/10/21,2024/11/01,2030/10/31,
109430-01,,ラウンジ　Ｎｅｗ　ハート,飲食店営業,2024/10/17,2024/11/01,2030/10/31,
109439-01,株式会社快活フロンティア,快活ＣＬＵＢ　大津膳所店,飲食店営業,2024/02/14,2024/03/01,2030/02/28,
109440-01,,インド料理　ラジャス,飲食店営業,2024/10/17,2024/11/01,2030/10/31,
109449-01,株式会社木もれび,湯の宿　木もれび,飲食店営業,2020/10/12,2020/11/01,2027/10/31,
109451-01,,力餅,飲食店営業,2024/06/12,2024/07/01,2030/06/30,
109457-01,有限会社カワナカ,じどりや穏座,飲食店営業,2024/10/16,2024/11/01,2030/10/31,
109463-01,,ＲＯＺ　＆　ＭＡＲＹ,飲食店営業,2024/10/15,2024/11/01,2030/10/31,
109463-11,,ＲＯＺ　＆　ＭＡＲＹ,菓子製造業,2024/10/15,2024/11/01,2030/10/31,申請のあった取扱品目の製造に限る
109464-25,,栗原どんぐりの里,そうざい製造業,2021/10/12,2021/11/01,2027/10/31,申請のあった取扱品目の製造に限る
109466-01,富士産業株式会社,医療法人竹林ウィメンズクリニック,飲食店営業,2020/06/16,2020/07/01,2027/06/30,
109472-01,,はやと,飲食店営業,2024/06/19,2024/07/01,2030/06/30,
109477-01,ワタミ株式会社,旨唐揚げと居酒メシ　ミライザカ　瀬田駅前店,飲食店営業,2020/06/05,2020/07/01,2027/06/30,
109479-17,有限会社カワナカ,かしわの川中,食肉販売業,2020/10/13,2020/11/01,2027/10/31,獣畜のとさつ・解体をしないこと
109481-11,,ＢＯＵＬＡＮＧＥＲＩＥ　ａｔ　ｈｏｍｅ（ブランジェリー　アット　ホーム）,菓子製造業,2024/10/18,2024/11/01,2030/10/31,申請のあった取扱品目の製造に限る
109498-01,,カフェ　りりーべる,飲食店営業,2024/06/13,2024/07/01,2030/06/30,
109512-01,,別館　利やん,飲食店営業,2025/02/18,2025/03/01,2031/02/28,
109530-04,株式会社マリングレイス,株式会社マリングレイス（３０６号）,魚介類販売業,2021/06/18,2021/07/01,2027/06/30,
109549-01,株式会社魚国総本社,魚国総本社・大津２６２８５－１,飲食店営業,2021/02/05,2021/03/01,2028/02/29,
109565-01,株式会社ジェイアール西日本フードサービスネット,デリカフェ・キッチン石山,飲食店営業,2021/06/15,2021/07/01,2027/06/30,
109565-11,株式会社ジェイアール西日本フードサービスネット,デリカフェ・キッチン石山,菓子製造業,2021/06/15,2021/07/01,2027/06/30,申請のあった取扱品目の製造に限る
109566-04,滋賀びわ湖漁業協同組合,滋賀びわ湖漁業協同組合　瀬田支所,魚介類販売業,2024/06/19,2024/07/01,2030/06/30,
109580-01,株式会社平和堂,平和堂坂本店　精肉,飲食店営業,2022/10/14,2022/11/01,2029/10/31,
109580-03,株式会社平和堂,平和堂坂本店　精肉,食肉販売業,2022/10/14,2022/11/01,2029/10/31,とさつ・解体は行わないこと
109581-01,株式会社平和堂,平和堂坂本店　鮮魚,飲食店営業,2022/10/14,2022/11/01,2029/10/31,
109581-04,株式会社平和堂,平和堂坂本店　鮮魚,魚介類販売業,2022/10/14,2022/11/01,2029/10/31,
109582-01,株式会社平和堂,平和堂坂本店　デリカ,飲食店営業,2020/10/13,2020/11/01,2027/10/31,そうざいは店頭販売に限る
109582-02,株式会社平和堂,平和堂坂本店　デリカ,菓子製造業,2020/10/13,2020/11/01,2027/10/31,申請のあった取扱品目の製造に限る
109582-25,株式会社平和堂,平和堂坂本店　デリカ,そうざい製造業,2022/10/14,2022/11/01,2029/10/31,申請のあった取扱品目の製造に限る
109583-01,株式会社平和堂,平和堂坂本店　寿司,飲食店営業,2022/10/14,2022/11/01,2029/10/31,
109597-01,テルウェル西日本株式会社,ＮＴＴ大津ビル食堂,飲食店営業,2021/02/12,2021/03/01,2028/02/29,
109602-01,,おばんざい処　双月,飲食店営業,2025/06/09,2025/07/01,2031/06/30,
109605-01,株式会社シルキー,レディースマーケット　浜大津店,飲食店営業,2025/02/06,2025/03/01,2031/02/28,
109611-01,,旨い魚と近江の味処　大津つりや,飲食店営業,2025/02/12,2025/03/01,2031/02/28,
109613-01,株式会社来来亭,来来亭　西大津店,飲食店営業,2021/02/22,2021/03/01,2028/02/29,
109620-01,,旨い魚にあえる店　酒房　えんや,飲食店営業,2025/02/12,2025/03/01,2031/02/28,
109640-24,,洛東フーズ,麺類製造業,2025/02/06,2025/03/01,2031/02/28,申請のあった取扱品目の製造に限る
109647-01,株式会社美食,にぎり屋本舗　和の職人,飲食店営業,2020/10/13,2020/11/01,2027/10/31,
109651-01,株式会社テイクアンドギヴ・ニーズ,ＮＥＥＤＳ大津　ｂｙ　ＴＡＫＥ　ａｎｄ　ＧＩＶＥ　ＮＥＥＤＳ　ＷＥＤＤＩＮＧ,飲食店営業,2022/02/08,2022/03/01,2029/02/28,
109660-01,株式会社アヤハレークサイドホテル,比良とぴあ,飲食店営業,2020/10/14,2020/11/01,2027/10/31,
109675-01,株式会社緑水亭,びわこ緑水亭,飲食店営業,2024/10/17,2024/11/01,2030/10/31,
109718-01,有限会社惣菜のさくら,惣菜のさくら,飲食店営業,2021/06/18,2021/07/01,2028/06/30,
109727-01,株式会社ハートフレンド,スーパーフレスコ四ノ宮店,飲食店営業,2023/01/13,2023/02/08,2030/02/28,
109729-01,有限会社ムツミ,ファミリーマート　皇子が丘公園前店,飲食店営業,2020/02/18,2020/03/01,2027/02/28,
109735-01,富士産業株式会社,医療法人良善会　ひかり病院,飲食店営業,2024/02/21,2024/03/01,2032/02/29,
109737-01,株式会社西武・プリンスホテルズワールドワイド,びわ湖大津プリンスホテル　ホテル棟Ｂ１　厨房,飲食店営業,2023/02/10,2023/03/01,2030/02/28,
109738-01,株式会社西武・プリンスホテルズワールドワイド,びわ湖大津プリンスホテル　コンベションホール淡海２階　オードブル,飲食店営業,2023/02/10,2023/03/01,2030/02/28,
109738-25,株式会社西武・プリンスホテルズワールドワイド,びわ湖大津プリンスホテル　コンベションホール淡海２階　オードブル,そうざい製造業,2023/02/10,2023/03/01,2030/02/28,申請のあった取扱品目の製造に限る
109741-22,ゆば富士有限会社,ゆば富士（有）,豆腐製造業,2021/06/17,2021/07/01,2028/06/30,申請のあった取扱品目の製造に限る
109741-25,ゆば富士有限会社,ゆば富士（有）,そうざい製造業,2021/06/17,2021/07/01,2028/06/30,申請のあった取扱品目の製造に限る
109741-27,ゆば富士有限会社,ゆば富士（有）,冷凍食品製造業,2025/06/17,2025/07/01,2031/06/30,申請のあった取扱品目の製造に限る。
109743-01,株式会社あきんどスシロー,スシロー大津堅田店,飲食店営業,2021/10/12,2021/11/01,2028/10/31,
109751-01,,すみれ堂,飲食店営業,2025/06/10,2025/07/01,2031/06/30,
109785-01,,サンフェリカ,飲食店営業,2025/02/12,2025/03/01,2031/02/28,
109790-01,ホリデーアフタヌーン株式会社,ホリデーアフタヌーン株式会社,飲食店営業,2025/10/17,2025/11/01,2031/10/31,
109790-11,ホリデーアフタヌーン株式会社,ホリデーアフタヌーン株式会社,菓子製造業,2025/10/17,2025/11/01,2031/10/31,申請のあった取扱品目の製造に限る。
109795-01,,カフェ　ボナペティ美湖,飲食店営業,2025/10/03,2025/11/01,2031/10/31,
109803-01,,ローソン大津伊香立店,飲食店営業,2020/10/27,2020/11/01,2027/10/31,
109810-01,,セブン－イレブン　大津国分１丁目店,飲食店営業,2020/06/09,2020/07/01,2027/06/30,
109818-01,,喫茶グリーブ,飲食店営業,2025/02/06,2025/03/01,2031/02/28,
109836-01,株式会社ＳＯＹＯＫＡＺＥ,大津ケアセンターそよ風,飲食店営業,2021/06/18,2021/07/01,2028/06/30,
109864-01,株式会社本気,来来亭　瀬田店,飲食店営業,2025/06/18,2025/07/01,2031/06/30,
109865-01,,ま～ふぁ,飲食店営業,2025/02/18,2025/03/01,2031/02/28,
109873-01,,台湾料理　味鮮,飲食店営業,2021/02/15,2021/03/01,2028/02/29,
109881-01,株式会社ＨＥＳＴＡ大倉,ザ　グランリゾート近江舞子,飲食店営業,2023/10/18,2023/11/01,2031/10/31,
109882-01,株式会社ＨＥＳＴＡ大倉,ザ　グランリゾート近江舞子　湖畔,飲食店営業,2025/10/21,2025/11/01,2031/10/31,
109884-01,ＬＭＲ株式会社,まいどおおきに　大津坂本食堂,飲食店営業,2021/10/12,2021/11/01,2027/10/31,
109892-01,株式会社小僧寿し,小僧寿し　南郷店,飲食店営業,2021/06/15,2021/07/01,2027/06/30,
109933-01,Ｍ＆Ｓフードサービス株式会社,定食屋　宮本むなし　ＪＲ石山駅前店,飲食店営業,2026/06/09,2026/07/01,2033/06/30,
109946-11,,ウッド・ペッカー,菓子製造業,2026/02/18,2026/03/01,2032/02/29,申請のあった取扱品目の製造に限る。
109956-01,一冨士フードサービス株式会社,いしづみ,飲食店営業,2022/02/10,2022/03/01,2029/02/28,
109967-01,株式会社ペッシュ・コンパーニャ,嶋寿司,飲食店営業,2025/06/17,2025/07/01,2031/06/30,
109970-01,株式会社ちか定,ちか定,飲食店営業,2021/06/17,2021/07/01,2027/06/30,
109975-01,,カラオケ＆喫茶　うふ,飲食店営業,2025/06/16,2025/07/01,2031/06/30,
109976-04,株式会社ハートフレンド,フレスコ国分店　鮮魚,魚介類販売業,2021/06/21,2021/07/01,2028/06/30,
109978-01,株式会社ハートフレンド,フレスコ国分店　デリカ,飲食店営業,2021/06/21,2021/07/01,2028/06/30,
109982-03,株式会社松島,肉の松島,食肉販売業,2026/02/13,2026/03/01,2032/02/29,とさつ・解体は行わないこと。
109986-01,株式会社アヤハレークサイドホテル,比良とぴあ　ガーデンバーベキュー,飲食店営業,2025/10/27,2025/11/01,2031/10/31,
109989-01,株式会社都給食,株式会社Ｉ．Ｓ．Ｔ,飲食店営業,2021/06/15,2021/07/01,2028/06/30,
110005-01,,海京,飲食店営業,2026/02/09,2026/03/01,2032/02/29,
110007-01,,やきとりの名門　秋吉大津店,飲食店営業,2026/02/06,2026/03/01,2032/02/29,
110026-01,株式会社平和堂,株式会社平和堂　フレンドマート石山寺辺店　デリカ,飲食店営業,2023/06/13,2023/07/01,2030/06/30,
110026-11,株式会社平和堂,株式会社平和堂　フレンドマート石山寺辺店　デリカ,菓子製造業,2023/06/13,2023/07/01,2030/06/30,申請のあった取扱品目の製造に限る
110026-25,株式会社平和堂,株式会社平和堂　フレンドマート石山寺辺店　デリカ,そうざい製造業,2024/06/13,2024/07/01,2031/06/30,申請のあった取扱品目の製造に限る
110028-27,戸倉商事株式会社,戸倉商事株式会社　ママパン事業部　２階,冷凍食品製造業,2022/02/08,2022/03/01,2029/02/28,申請のあった取扱品目の製造に限る
110028-31,戸倉商事株式会社,戸倉商事株式会社　ママパン事業部　２階,食品の小分け業,2022/02/08,2022/03/01,2029/02/28,
110028-32,戸倉商事株式会社,戸倉商事株式会社　ママパン事業部　２階,添加物製造業,2022/02/08,2022/03/01,2029/02/28,申請のあった取扱品目の製造に限る
110049-04,大津水産株式会社,大津水産株式会社,魚介類販売業,2026/06/09,2026/07/01,2032/06/30,
110076-01,,ひまわり,飲食店営業,2026/02/18,2026/03/01,2032/02/29,
110083-11,株式会社パレット,パレット　本店,菓子製造業,2024/02/21,2024/03/01,2032/02/29,申請のあった取扱品目の製造に限る
110083-12,株式会社パレット,パレット　本店,アイスクリーム類製造業,2024/02/21,2024/03/01,2032/02/29,申請のあった取扱品目の製造に限る
110091-01,,手づくりシフォンケーキ　ｄｉｍｐｌｅ（ディンプル）,飲食店営業,2025/10/14,2025/11/01,2031/10/31,
110091-11,,手づくりシフォンケーキ　ｄｉｍｐｌｅ（ディンプル）,菓子製造業,2025/10/14,2025/11/01,2031/10/31,申請のあった取扱品目の製造に限る。
110125-01,,手うちそば　松永,飲食店営業,2026/02/17,2026/03/01,2032/02/29,
110135-01,,ファミリーマート　びわ湖浜大津駅前店,飲食店営業,2021/02/24,2021/03/01,2028/02/29,
110142-01,株式会社秀宝,株式会社秀宝,飲食店営業,2023/02/17,2023/03/01,2028/02/29,巡回移動営業に限る申請のあった営業場所に限る申請のあった取扱品目に限る加熱調理食品の提供に限る簡単な調理加工行為に限る
110149-03,エスフーズ株式会社,エスフーズ（株）京滋営業所,食肉販売業,2023/06/15,2023/07/01,2031/06/30,
110149-09,エスフーズ株式会社,エスフーズ（株）京滋営業所,食肉処理業,2023/06/15,2023/07/01,2031/06/30,
110154-01,有限会社セルポワ,セルポワデリカ,飲食店営業,2021/06/17,2021/07/01,2027/06/30,
110158-01,有限会社キューコーポレーション,ローソン藤尾小金塚店,飲食店営業,2021/02/12,2021/03/01,2028/02/29,そうざいは店頭販売に限る
110179-01,,癒しの里　全州亭,飲食店営業,2020/10/14,2020/11/01,2026/10/31,
110182-01,株式会社天一食品商事,ことゆう,飲食店営業,2022/10/18,2022/11/01,2029/10/31,
110199-01,株式会社王将フードサービス,餃子の王将　瀬田店,飲食店営業,2026/06/08,2026/07/01,2032/06/30,
110215-01,,かぐや,飲食店営業,2020/10/12,2020/11/01,2026/10/31,
110222-01,,金子精肉店,飲食店営業,2020/10/20,2020/11/01,2026/10/31,そうざいは店頭販売に限る
110222-17,,金子精肉店,食肉販売業,2020/10/20,2020/11/01,2026/10/31,とさつ・解体をしないこと
110255-01,,叡山寿し,飲食店営業,2020/10/12,2020/11/01,2026/10/31,
110271-01,,マルユキ　和美庵,飲食店営業,2020/10/21,2020/11/01,2026/10/31,
110276-01,,蛸笑,飲食店営業,2026/06/08,2026/07/01,2032/06/30,
110280-01,,Ｌｉｎｅ,飲食店営業,2021/02/26,2021/03/01,2027/02/28,
110284-01,株式会社ナリコマエンタープライズ,湖の花　ナリコマ厨房,飲食店営業,2022/10/18,2022/11/01,2029/10/31,
110288-01,,商人屋,飲食店営業,2026/06/08,2026/07/01,2032/06/30,
110317-01,株式会社リブレ,株式会社　リブレ,飲食店営業,2020/10/21,2020/11/01,2026/10/31,
110318-01,株式会社魚国総本社,魚国総本社・大津２６４７３,飲食店営業,2022/10/18,2022/11/01,2028/10/31,
110320-01,,青木煮豆店,飲食店営業,2020/10/21,2020/11/01,2026/10/31,そうざいは店頭販売に限る
110320-29,,青木煮豆店,そうざい製造業,2020/10/21,2020/11/01,2026/10/31,申請のあった取扱品目の製造に限る
110320-11,,青木煮豆店,菓子製造業,2024/10/30,2024/11/01,2030/10/31,申請のあった取扱品目の製造に限る
110338-11,,和菜,菓子製造業,2021/10/11,2021/11/01,2027/10/31,申請のあった取扱品目の製造に限る
110340-01,医療法人藤樹会,喫茶　比叡,飲食店営業,2021/02/03,2021/03/01,2027/02/28,
110341-01,,道草,飲食店営業,2021/02/12,2021/03/01,2027/02/28,
110367-01,,チング,飲食店営業,2021/02/26,2021/03/01,2027/02/28,
110407-01,守山観光開発株式会社,ＡＣＴ堅田　クク,飲食店営業,2021/10/12,2021/11/01,2027/10/31,
110413-01,,珈琲処　きまま,飲食店営業,2021/02/16,2021/03/01,2027/02/28,
110415-01,,きらり,飲食店営業,2021/02/04,2021/03/01,2027/02/28,
110420-01,,ショットラウンジ　オアシス,飲食店営業,2026/06/08,2026/07/01,2032/06/30,
110436-32,株式会社江洲比良の水,株式会社江洲比良の水,清涼飲料水製造業,2020/10/20,2020/11/01,2026/10/31,申請のあった取扱品目の製造に限る
110440-01,,スナック　忍,飲食店営業,2021/06/15,2021/07/01,2027/06/30,簡易な営業に限る
110441-01,チムニー株式会社,豊丸水産石山駅前店,飲食店営業,2023/06/23,2023/07/01,2030/06/30,
110442-11,社会福祉法人めぶき福祉会,咲くら,菓子製造業,2023/06/15,2023/07/01,2030/06/30,申請のあった取扱品目の製造に限る
110444-01,株式会社平和堂,（株）平和堂　フレンドマートグリーンヒル青山店　デリカ売場,飲食店営業,2023/06/15,2023/07/01,2030/06/30,
110444-11,株式会社平和堂,（株）平和堂　フレンドマートグリーンヒル青山店　デリカ売場,菓子製造業,2023/06/15,2023/07/01,2030/06/30,申請のあった取扱品目の製造に限る
110445-01,株式会社平和堂,（株）平和堂　フレンドマートグリーンヒル青山店　鮮魚売場,飲食店営業,2020/06/19,2020/07/01,2027/06/30,店頭販売に限る
110445-04,株式会社平和堂,（株）平和堂　フレンドマートグリーンヒル青山店　鮮魚売場,魚介類販売業,2023/06/15,2023/07/01,2030/06/30,
110447-03,株式会社平和堂,（株）平和堂　フレンドマートグリーンヒル青山店　精肉売場,食肉販売業,2023/06/15,2023/07/01,2030/06/30,とさつ・解体は行わないこと
110447-01,株式会社平和堂,（株）平和堂　フレンドマートグリーンヒル青山店　精肉売場,飲食店営業,2026/06/10,2026/07/01,2033/06/30,
110455-01,一般財団法人天智聖徳文教財団,近江勧学館,飲食店営業,2023/02/07,2023/03/01,2030/02/28,
110465-01,エニック株式会社,業務スーパー大津美崎店,飲食店営業,2026/02/24,2026/03/04,2033/06/30,
110480-01,,プリムローズ,飲食店営業,2021/10/21,2021/11/01,2027/10/31,
110491-01,株式会社センタービレッジ,ローソン　大津富士見台店,飲食店営業,2021/06/23,2021/07/01,2028/06/30,
110492-01,株式会社ハートフレンド,フレスコＺＥＺＥ店　デリカコーナー,飲食店営業,2023/06/26,2023/07/01,2029/06/30,
110492-11,株式会社ハートフレンド,フレスコＺＥＺＥ店　デリカコーナー,菓子製造業,2025/06/18,2025/07/01,2032/06/30,申請のあった取扱品目の製造に限る。
110493-04,株式会社ハートフレンド,フレスコＺＥＺＥ店　鮮魚コーナー,魚介類販売業,2023/06/26,2023/07/01,2030/06/30,
110495-03,株式会社ハートフレンド,フレスコＺＥＺＥ店　精肉コーナー,食肉販売業,2023/06/26,2023/07/01,2030/06/30,とさつ・解体は行わないこと
110499-01,大末産業株式会社,大阪成蹊学園びわこセミナーハウス,飲食店営業,2020/10/21,2020/11/01,2026/10/31,
110500-01,,はる香,飲食店営業,2021/06/14,2021/07/01,2027/06/30,
110502-01,,浜茶屋,飲食店営業,2021/02/26,2021/03/01,2027/02/28,
110504-01,,楽旨庵　えん,飲食店営業,2021/06/23,2021/07/01,2027/06/30,
110508-01,株式会社叶匠寿庵,株式会社叶匠寿庵（滋賀８８０あ・４７８）,飲食店営業,2024/02/16,2024/03/01,2029/02/28,自動車による営業に限る申請のあった取扱品目に限る
110510-01,,竹生,飲食店営業,2020/10/13,2020/11/01,2026/10/31,
110514-01,株式会社鮎家本店,鮎家本店,飲食店営業,2020/10/12,2020/11/01,2026/10/31,そうざいは店頭販売に限る
110520-01,カネ美食品株式会社,カネ美食品（株）一里山店,飲食店営業,2023/06/15,2023/07/01,2030/06/30,
110523-01,,寿司ふじ,飲食店営業,2021/06/14,2021/07/01,2027/06/30,
110523-03,,寿司ふじ,食肉販売業,2022/08/30,2022/09/05,2029/06/30,とさつ・解体は行わないこと
110523-25,,寿司ふじ,そうざい製造業,2022/03/03,2022/04/18,2027/06/30,申請のあった取扱品目の製造に限る
110524-01,元三フード株式会社,肉のげんさん,飲食店営業,2023/06/15,2023/07/01,2030/06/30,
110524-03,元三フード株式会社,肉のげんさん,食肉販売業,2023/06/15,2023/07/01,2030/06/30,とさつ・解体は行わないこと
110525-01,株式会社フレイバー・プラザ,焼肉　家蔵　青山店,飲食店営業,2021/06/23,2021/07/01,2027/06/30,
110525-03,株式会社フレイバー・プラザ,焼肉　家蔵　青山店,食肉販売業,2021/06/23,2021/07/01,2027/06/30,とさつ・解体は行わないこと
110528-01,,立木音楽堂,飲食店営業,2021/06/15,2021/07/01,2027/06/30,
110536-01,,寺田物産,飲食店営業,2021/02/09,2021/03/01,2027/02/28,
110536-02,,寺田物産,菓子製造業,2021/02/09,2021/03/01,2027/02/28,申請のあった取扱品目の製造に限る
110538-01,有限会社一心,西大津葬儀法要会館,飲食店営業,2023/02/14,2023/03/01,2030/02/28,
110543-11,,赤毛のアン,菓子製造業,2021/06/17,2021/07/01,2028/06/30,申請のあった取扱品目の製造に限る
110553-01,,ステーキ・鉄板料理　けんぶろ,飲食店営業,2021/06/17,2021/07/01,2027/06/30,
110554-01,,そば処　近江路,飲食店営業,2023/10/17,2023/11/01,2030/10/31,
110555-01,株式会社鮮魚たかぎ,鮮魚たかぎ　一里山店,飲食店営業,2023/06/15,2023/07/01,2030/06/30,
110555-04,株式会社鮮魚たかぎ,鮮魚たかぎ　一里山店,魚介類販売業,2023/06/15,2023/07/01,2030/06/30,
110560-01,,奥田ボート,飲食店営業,2021/02/08,2021/03/01,2027/02/28,
110560-14,,奥田ボート,アイスクリーム類製造業,2021/02/08,2021/03/01,2027/02/28,ソフトクリームサーバー機による製造に限る
110565-01,,お茶とお菓子　プリュス,飲食店営業,2021/02/09,2021/03/01,2027/02/28,
110565-02,,お茶とお菓子　プリュス,菓子製造業,2021/02/09,2021/03/01,2027/02/28,申請のあった取扱品目の製造に限る
110566-04,ユニー株式会社,ピアゴ一里山店,魚介類販売業,2023/06/15,2023/07/01,2030/06/30,
110568-03,ユニー株式会社,ピアゴ一里山店,食肉販売業,2023/06/15,2023/07/01,2030/06/30,とさつ・解体は行わないこと
110574-01,株式会社ＮＯＲＩ,大戸屋　ごはん処　フォレオ大津一里山店,飲食店営業,2023/06/15,2023/07/01,2030/06/30,
110585-01,ドリームフーズ株式会社,近江ちゃんぽん亭　フォレオ大津一里山店,飲食店営業,2022/06/17,2022/07/01,2028/06/30,
110590-01,,赤トンボ,飲食店営業,2020/10/14,2020/11/01,2026/10/31,
110595-01,,オムライス　ケンゾウ,飲食店営業,2021/06/15,2021/07/01,2027/06/30,
110597-01,株式会社ナビス,あそびば真野店,飲食店営業,2021/10/19,2021/11/01,2027/10/31,
110598-01,株式会社湖国料理井筒,湖国料理井筒,飲食店営業,2021/02/10,2021/03/01,2027/02/28,
110599-01,株式会社ミスズ,生活文化事業部,飲食店営業,2021/10/04,2021/11/01,2027/10/31,
110603-01,,ｍａｄｏｃａｆｅ,飲食店営業,2021/02/17,2021/03/01,2027/02/28,そうざいは店頭販売に限る
110603-02,,ｍａｄｏｃａｆｅ,菓子製造業,2021/02/17,2021/03/01,2027/02/28,申請のあった取扱品目の製造に限る
110603-14,,ｍａｄｏｃａｆｅ,アイスクリーム類製造業,2020/05/22,2020/05/26,2027/02/28,ソフトクリームサーバー機による製造に限る
110607-11,株式会社柿安本店,口福堂,菓子製造業,2023/06/20,2023/07/01,2030/06/30,申請のあった取扱品目の製造に限る
110608-01,映フードサービス株式会社,コリアンダイニング　李朝園　大津一里山店,飲食店営業,2023/06/23,2023/07/01,2030/06/30,
110613-01,スガキコシステムズ株式会社,スガキヤ　フォレオ大津一里山店,飲食店営業,2021/06/14,2021/07/01,2027/06/30,
110614-01,スガキコシステムズ株式会社,スガキヤ　アルプラザ堅田店,飲食店営業,2022/10/20,2022/11/01,2029/10/31,
110616-01,,カフェロマーナ,飲食店営業,2021/10/14,2021/11/01,2027/10/31,
110617-01,元三フード株式会社,肉のげんさん　平和堂堅田店,飲食店営業,2023/10/16,2023/11/01,2030/10/31,
110617-03,元三フード株式会社,肉のげんさん　平和堂堅田店,食肉販売業,2023/10/16,2023/11/01,2030/10/31,とさつ・解体は行わないこと
110621-01,株式会社平和堂,ＡＰ堅田　デリカ,飲食店営業,2023/10/16,2023/11/01,2030/10/31,
110621-11,株式会社平和堂,ＡＰ堅田　デリカ,菓子製造業,2023/10/16,2023/11/01,2030/10/31,申請のあった取扱品目の製造に限る
110622-03,株式会社平和堂,ＡＰ堅田　精肉,食肉販売業,2023/10/16,2023/11/01,2030/10/31,とさつ・解体は行わないこと
110624-01,株式会社平和堂,ＡＰ堅田　鮮魚,飲食店営業,2023/10/16,2023/11/01,2030/10/31,
110624-04,株式会社平和堂,ＡＰ堅田　鮮魚,魚介類販売業,2023/10/16,2023/11/01,2030/10/31,
110637-24,株式会社山本そば製粉,（株）山本そば製粉　パスタ製造所,麺類製造業,2021/10/11,2021/11/01,2027/10/31,申請のあった取扱品目の製造に限る
110639-01,株式会社ハートフレンド,フレスコ仰木の里店　惣菜・寿司作業室,飲食店営業,2023/10/13,2023/11/01,2030/10/31,
110641-01,株式会社ハートフレンド,フレスコ仰木の里店　鮮魚作業室,飲食店営業,2023/10/13,2023/11/01,2030/10/31,
110641-04,株式会社ハートフレンド,フレスコ仰木の里店　鮮魚作業室,魚介類販売業,2023/10/13,2023/11/01,2030/10/31,
110650-01,,炭火焼肉じろう,飲食店営業,2021/10/14,2021/11/01,2027/10/31,
110665-01,,みのりのお店　山村旅館,飲食店営業,2021/10/14,2021/11/01,2027/10/31,
110672-01,株式会社夢光,来来亭　膳所店,飲食店営業,2021/01/29,2021/03/01,2027/02/28,
110679-01,株式会社鮎家,カフェ　フランシス・クーパー,飲食店営業,2023/10/17,2023/11/01,2030/10/31,
110679-11,株式会社鮎家,カフェ　フランシス・クーパー,菓子製造業,2023/10/17,2023/11/01,2030/10/31,申請のあった取扱品目の製造に限る
110684-01,,ｂａｋｉｎｇ　ｓａｌｏｎ　ｃｒｅｓｃｅｎｔ,飲食店営業,2021/10/11,2021/11/01,2027/10/31,
110684-11,,ｂａｋｉｎｇ　ｓａｌｏｎ　ｃｒｅｓｃｅｎｔ,菓子製造業,2021/10/11,2021/11/01,2027/10/31,申請のあった取扱品目の製造に限る
110689-01,琵琶湖汽船株式会社,ｍｅｇｕｍｉ　レストラン,飲食店営業,2021/02/04,2021/03/01,2027/02/28,船舶による営業に限る
110691-01,一般財団法人滋賀県警察職員互助会,一般財団法人　滋賀県警察職員互助会　売店,飲食店営業,2022/02/09,2022/03/01,2028/02/29,
110701-01,株式会社ＮＥＣライベックス,滋賀大学教育学部附属学校,飲食店営業,2025/02/05,2025/03/01,2033/02/28,
110702-01,,ＡＵＮＴＹ－ＭＥＥ　ＢＵＲＧＥＲ,飲食店営業,2021/02/04,2021/03/01,2027/02/28,
110702-03,,ＡＵＮＴＹ－ＭＥＥ　ＢＵＲＧＥＲ,食肉販売業,2022/03/16,2022/03/24,2028/10/31,とさつ・解体は行わないこと
110718-01,株式会社髙橋エーベン,レストラン　ヴュルツブルク,飲食店営業,2021/02/03,2021/03/01,2027/02/28,そうざいは店頭販売に限る
110723-01,,セブン－イレブン大津大萱３丁目店,飲食店営業,2022/06/14,2022/07/01,2029/06/30,
110726-01,,ティオ,飲食店営業,2021/02/25,2021/03/01,2027/02/28,
110735-01,株式会社ザックエンタープライズ,セカンドハウス　フォレオ一里山,飲食店営業,2024/06/13,2024/07/01,2030/06/30,
110735-11,株式会社ザックエンタープライズ,セカンドハウス　フォレオ一里山,菓子製造業,2021/06/17,2021/07/01,2027/06/30,申請のあった取扱品目の製造に限る
110737-01,,渚庵,飲食店営業,2021/02/02,2021/03/01,2027/02/28,
110737-24,,渚庵,麺類製造業,2021/10/18,2021/10/27,2028/02/29,申請のあった取扱品目の製造に限る
110737-25,,渚庵,そうざい製造業,2021/10/18,2021/10/27,2028/02/29,申請のあった取扱品目の製造に限る
110752-01,社会福祉法人滋賀同仁会,大津老人ホーム交流広場,飲食店営業,2022/02/17,2022/03/01,2028/02/29,
110754-01,株式会社ビーメイツ,アンチョビ　打出浜,飲食店営業,2022/02/08,2022/03/01,2028/02/29,
110757-01,,めんぼう,飲食店営業,2021/06/14,2021/07/01,2027/06/30,
110759-01,,ｓｈｏｔ　ｂａｒ　Ｓ,飲食店営業,2022/02/15,2022/03/01,2028/02/29,
110787-01,,コーヒーハウス　ショコラ　大津店,飲食店営業,2022/02/08,2022/03/01,2028/02/29,
110791-01,宗教法人石山寺,石山寺　茶丈　拾翠園,飲食店営業,2021/06/17,2021/07/01,2027/06/30,
110806-01,,みのりのお店　実結,飲食店営業,2021/10/14,2021/11/01,2027/10/31,
110809-01,株式会社王将フードサービス,餃子の王将　皇子山店,飲食店営業,2023/02/09,2023/03/01,2029/02/28,
110814-01,株式会社マックアースフーズ,サーティワンアイスクリーム　フォレオ大津一里山店,飲食店営業,2021/06/18,2021/07/01,2027/06/30,
110818-11,,ｃａｌｍ,菓子製造業,2021/10/14,2021/11/01,2027/10/31,申請のあった取扱品目の製造に限る
110818-01,,ｃａｌｍ,飲食店営業,2025/10/21,2025/11/01,2031/10/31,
110819-01,株式会社アスク,ルネ大津膳所フロント,飲食店営業,2023/06/15,2023/07/01,2030/06/30,
110823-01,,Ｍｕｓｅ　Ｃａｆｅ　ナチュレ,飲食店営業,2021/06/15,2021/07/01,2027/06/30,
110824-01,,カラオケバーｙｏｕ,飲食店営業,2021/06/14,2021/07/01,2027/06/30,
110839-01,元三フード株式会社,生鮮館げんさん堅田店　精肉コーナー,飲食店営業,2023/10/16,2023/11/01,2030/10/31,
110839-03,元三フード株式会社,生鮮館げんさん堅田店　精肉コーナー,食肉販売業,2023/10/16,2023/11/01,2030/10/31,とさつ・解体は行わないこと
110840-01,元三フード株式会社,生鮮館げんさん堅田店　鮮魚コーナー,飲食店営業,2023/10/16,2023/11/01,2030/10/31,
110840-04,元三フード株式会社,生鮮館げんさん堅田店　鮮魚コーナー,魚介類販売業,2023/10/16,2023/11/01,2030/10/31,
110844-11,株式会社ウィリングネス,宇治川餅　大津店,菓子製造業,2022/02/07,2022/03/01,2028/02/29,申請のあった取扱品目の製造に限る
110850-01,,焼鳥　ひの弥,飲食店営業,2021/10/14,2021/11/01,2027/10/31,
110851-01,,デリ・スイーツ　ポップ（滋賀８００す・４３７）,飲食店営業,2025/02/05,2025/03/01,2030/02/28,自動車による営業に限る申請のあった取扱品目に限る
110852-11,,Ｇａｌｅｔｔｅ,菓子製造業,2022/10/18,2022/11/01,2028/10/31,申請のあった取扱品目の製造に限る
110854-01,,めん処　みつき,飲食店営業,2022/02/08,2022/03/01,2028/02/29,
110859-01,株式会社バーガー・ワン,ゼッテリア瀬田駅前店,飲食店営業,2021/06/14,2021/07/01,2027/06/30,
110869-01,エームサービス株式会社,エームＳＪ　０２１９,飲食店営業,2023/06/15,2023/07/01,2030/06/30,
110875-12,株式会社丸長食品,株式会社　丸長食品,アイスクリーム類製造業,2022/02/08,2022/03/01,2028/02/29,申請のあった取扱品目の製造に限る
110879-01,,ボン・リジェール,飲食店営業,2021/10/21,2021/11/01,2027/10/31,
110879-11,,ボン・リジェール,菓子製造業,2021/10/21,2021/11/01,2027/10/31,申請のあった取扱品目の製造に限る
110886-01,,お好み焼　喜作,飲食店営業,2022/06/14,2022/07/01,2028/06/30,
110895-01,株式会社天下一品,天下一品膳所店,飲食店営業,2024/06/13,2024/07/01,2031/06/30,
110925-01,,食工房　はっぴい,飲食店営業,2022/06/16,2022/07/01,2028/06/30,
110925-11,,食工房　はっぴい,菓子製造業,2022/06/16,2022/07/01,2028/06/30,申請のあった取扱品目の製造に限る
110928-01,,セブン－イレブン　大津一里山店,飲食店営業,2024/06/24,2024/07/01,2031/06/30,
110939-01,,Ｄａｒｔｓ＆Ｃａｆｅ　ＣＬＯＵＤ,飲食店営業,2022/02/08,2022/03/01,2028/02/29,簡易な営業に限る
110944-01,株式会社にしよ,炭火割烹　蔓ききょう,飲食店営業,2022/06/14,2022/07/01,2028/06/30,
110944-15,株式会社にしよ,炭火割烹　蔓ききょう,食肉製品製造業,2022/07/21,2022/07/28,2029/06/30,申請のあった取扱品目の製造に限る
110946-01,株式会社東横イン,東横イン京都琵琶湖大津,飲食店営業,2023/02/10,2023/03/01,2030/02/28,
110949-01,,舞子屋,飲食店営業,2021/10/14,2021/11/01,2027/10/31,
110957-01,感動フードサービス株式会社,ちゃんぽん亭総本家Ｏｈ！Ｍｅ大津テラス店,飲食店営業,2022/02/08,2022/03/01,2028/02/29,
110959-01,,カラオケ喫茶　愛ちゃん,飲食店営業,2022/06/14,2022/07/01,2028/06/30,
110966-01,有限会社イマムラ,ＩＭＡＭＵＲＡ　ＫＩＴＣＨＥＮ　ＩＬ　ＣＵＯＲＥ,飲食店営業,2022/06/14,2022/07/01,2028/06/30,
110981-01,株式会社ホスピタリティオペレーションズ,スマイルホテル大津瀬田,飲食店営業,2022/06/14,2022/07/01,2028/06/30,
110982-01,,ＧＲＡＮＤ　ＰＬＡＣＥ,飲食店営業,2022/02/08,2022/03/01,2028/02/29,
110987-01,,平井長食料品店,飲食店営業,2021/10/14,2021/11/01,2027/10/31,
110987-04,,平井長食料品店,魚介類販売業,2021/10/14,2021/11/01,2027/10/31,
110991-11,株式会社アイズカンパニー,ビアード・パパ　フォレオ大津一里山店,菓子製造業,2022/06/14,2022/07/01,2028/06/30,申請のあった取扱品目の製造に限る
110992-01,,杢兵衛,飲食店営業,2022/06/14,2022/07/01,2028/06/30,
111004-01,,ＣＡＦＥ　ＶｉＶｉ　Ｎｏｂａ,飲食店営業,2022/06/14,2022/07/01,2028/06/30,
111019-01,,和らく屋　誠,飲食店営業,2022/06/16,2022/07/01,2028/06/30,
111036-01,,ｔｒａｓｐａｒｅｎｔｅ,飲食店営業,2023/02/10,2023/03/01,2029/02/28,
111045-01,医療法人社団あかつき会,ハーネスト唐崎　喫茶店,飲食店営業,2022/10/18,2022/11/01,2028/10/31,
111048-01,,ミニストップ大津石山寺３丁目店,飲食店営業,2024/06/13,2024/07/01,2031/06/30,
111057-01,株式会社ジェイアール西日本デイリーサービスネット,セブン－イレブンハートインＪＲ大津京駅前店,飲食店営業,2022/02/08,2022/03/01,2028/02/29,
111080-01,,ホルモン　バクダン,飲食店営業,2022/06/14,2022/07/01,2028/06/30,
111083-01,,コーヒーハウス　ラーゼス,飲食店営業,2023/02/10,2023/03/01,2029/02/28,
111084-01,,マータント,飲食店営業,2022/02/08,2022/03/01,2028/02/29,
111089-11,株式会社大誠,パン工房１００大津美崎店,菓子製造業,2024/06/19,2024/07/01,2031/06/30,申請のあった取扱品目の製造に限る
111090-11,,ａｔ　Ｓｍｉｌｅ,菓子製造業,2022/10/18,2022/11/01,2028/10/31,申請のあった取扱品目の製造に限る
111094-01,,美味中華　嘉秋,飲食店営業,2022/06/17,2022/07/01,2028/06/30,
111100-11,社会福祉法人共生シンフォニー,がんばカンパニー,菓子製造業,2025/06/09,2025/07/01,2033/06/30,申請のあった取扱品目の製造に限る。
111108-01,,串ＺＯー,飲食店営業,2022/10/19,2022/11/01,2028/10/31,
111111-11,,山口ファーム工房,菓子製造業,2022/06/17,2022/07/01,2028/06/30,申請のあった取扱品目の製造に限る
111113-01,株式会社マツヤスーパー,マツヤスーパー大津美崎店（惣菜）,飲食店営業,2024/06/19,2024/07/01,2031/06/30,
111113-11,株式会社マツヤスーパー,マツヤスーパー大津美崎店（惣菜）,菓子製造業,2023/06/16,2023/07/01,2030/06/30,申請のあった取扱品目の製造に限る
111114-04,株式会社マツヤスーパー,マツヤスーパー大津美崎店（海産物）,魚介類販売業,2024/06/19,2024/07/01,2031/06/30,
111116-03,株式会社マツヤスーパー,マツヤスーパー大津美崎店（精肉）,食肉販売業,2024/06/19,2024/07/01,2031/06/30,とさつ・解体は行わないこと
111123-01,,カラオケ喫茶華,飲食店営業,2022/10/18,2022/11/01,2028/10/31,
111132-01,株式会社ハートフレンド,フレスコ大津店　鮮魚コーナー,飲食店営業,2025/02/20,2025/03/01,2032/02/29,
111132-04,株式会社ハートフレンド,フレスコ大津店　鮮魚コーナー,魚介類販売業,2025/02/20,2025/03/01,2032/02/29,
111134-01,琵琶湖汽船株式会社,湖の駅　浜大津,飲食店営業,2025/02/12,2025/03/01,2032/02/29,
111135-01,株式会社リストランテラーゴ,リストランテ　ラーゴ,飲食店営業,2025/02/17,2025/03/01,2032/02/29,
111140-01,株式会社スーパーホテル,スーパーホテル大津駅前,飲食店営業,2023/02/14,2023/03/01,2029/02/28,
111153-01,,あい,飲食店営業,2022/06/16,2022/07/01,2028/06/30,
111155-01,,近江路,飲食店営業,2022/10/18,2022/11/01,2028/10/31,
111158-01,琵琶湖汽船株式会社,琵琶湖大橋米プラザ　おいしや　うれしや,飲食店営業,2022/10/18,2022/11/01,2028/10/31,
111158-03,琵琶湖汽船株式会社,琵琶湖大橋米プラザ　おいしや　うれしや,食肉販売業,2022/10/18,2022/11/01,2028/10/31,とさつ・解体は行わないこと
111158-04,琵琶湖汽船株式会社,琵琶湖大橋米プラザ　おいしや　うれしや,魚介類販売業,2022/10/18,2022/11/01,2028/10/31,
111159-01,西日本高速道路リテール株式会社,西日本高速道路リテール株式会社　草津上り売店,飲食店営業,2024/06/13,2024/07/01,2031/06/30,
111160-01,西日本高速道路リテール株式会社,西日本高速道路リテール株式会社　草津上り売店　テイクアウトコーナー,飲食店営業,2024/06/13,2024/07/01,2031/06/30,
111167-01,株式会社モダン・ミール,モダン・ミール,飲食店営業,2025/02/12,2025/03/01,2032/02/29,
111175-01,株式会社八谷,餃子の王将　ＦＣ　膳所店,飲食店営業,2025/02/12,2025/03/01,2032/02/29,
111192-01,,ティアラ,飲食店営業,2022/06/16,2022/07/01,2028/06/30,
111201-04,株式会社味紀行うち川,味紀行うち川,魚介類販売業,2022/06/16,2022/07/01,2028/06/30,
111206-01,,スイート・バジル,飲食店営業,2023/02/13,2023/03/01,2029/02/28,
111210-01,株式会社平和堂,フレンドマート大津西の庄店デリカ,飲食店営業,2025/02/12,2025/03/01,2032/02/29,
111211-04,株式会社平和堂,フレンドマート大津西の庄店鮮魚,魚介類販売業,2025/02/12,2025/03/01,2032/02/29,
111213-03,株式会社平和堂,フレンドマート大津西の庄店精肉,食肉販売業,2025/02/12,2025/03/01,2032/02/29,とさつ・解体は行わないこと
111237-01,,カフェレストラン　アドリア,飲食店営業,2022/06/16,2022/07/01,2028/06/30,
111245-01,,セブン－イレブン　大津真野２丁目店,飲食店営業,2024/10/30,2024/11/01,2031/10/31,
111254-01,,プチ薔薇,飲食店営業,2022/10/20,2022/11/01,2028/10/31,
111254-11,,プチ薔薇,菓子製造業,2022/10/20,2022/11/01,2028/10/31,申請のあった取扱品目の製造に限る
111254-29,,プチ薔薇,漬物製造業,2024/07/17,2024/08/14,2030/10/31,申請のあった取扱品目の製造に限る
111254-20,,プチ薔薇,みそ又はしょうゆ製造業,2026/02/25,2026/03/12,2032/10/31,申請のあった取扱品目の製造に限る。
111269-01,,夜カフェ　ｄｉｍｐｌｅ,飲食店営業,2022/10/18,2022/11/01,2028/10/31,
111271-01,,カラオケ＆コーヒー　ＳＡＳＵＫＥ,飲食店営業,2023/06/22,2023/07/01,2029/06/30,
111273-01,,スナック　みどり,飲食店営業,2023/06/19,2023/07/01,2029/06/30,
111278-01,感動フードサービス株式会社,おごと食堂,飲食店営業,2022/10/20,2022/11/01,2028/10/31,
111279-01,株式会社魚国総本社,魚国総本社・大津２６４４３,飲食店営業,2025/02/12,2025/03/01,2032/02/29,
111300-01,京阪カントリー株式会社,京阪カントリー倶楽部レストラン,飲食店営業,2023/06/15,2023/07/01,2029/06/30,
111302-01,,やきとり　大吉　志賀店,飲食店営業,2022/10/18,2022/11/01,2028/10/31,
111308-01,有限会社凛ｓｔｙｌｅ,ひより　堅田店,飲食店営業,2023/10/17,2023/11/01,2030/10/31,
111310-01,,カフェ＆ゲストハウス　あん,飲食店営業,2023/06/15,2023/07/01,2029/06/30,
111319-01,,バーディー,飲食店営業,2023/02/06,2023/03/01,2029/02/28,簡易な営業に限る
111324-11,,パン工房モグモグ,菓子製造業,2022/10/18,2022/11/01,2028/10/31,申請のあった取扱品目の製造に限る
111328-01,,酒処　まるいち,飲食店営業,2023/10/17,2023/11/01,2029/10/31,
111338-01,株式会社ウインドキューブ,ウインド　キューブ,飲食店営業,2023/10/17,2023/11/01,2029/10/31,
111341-01,,花ひさ,飲食店営業,2022/10/18,2022/11/01,2028/10/31,
111344-01,,蓮　－ＬＯＴＵＳ－,飲食店営業,2023/06/15,2023/07/01,2029/06/30,
111357-01,,魚金,飲食店営業,2022/10/20,2022/11/01,2028/10/31,
111357-04,,魚金,魚介類販売業,2022/10/20,2022/11/01,2028/10/31,
111361-01,,Ｊｕｎ　純,飲食店営業,2022/10/18,2022/11/01,2028/10/31,
111364-01,,乃味芳,飲食店営業,2023/06/15,2023/07/01,2029/06/30,
111365-24,,らー麺　鉄山靠,麺類製造業,2025/05/01,2025/05/12,2031/06/30,申請のあった取扱品目の製造に限る。
111365-01,,らー麺　鉄山靠,飲食店営業,2025/06/20,2025/07/01,2031/06/30,
111369-01,,可和文,飲食店営業,2025/06/09,2025/07/01,2032/06/30,
111372-01,,三楽,飲食店営業,2023/06/15,2023/07/01,2029/06/30,
111373-01,,鉄心,飲食店営業,2023/06/16,2023/07/01,2029/06/30,
111381-01,,セカンドコート魚,飲食店営業,2023/02/10,2023/03/01,2029/02/28,
111382-10,株式会社品川,近江牛　品川亭,食品の冷凍又は冷蔵業,2020/06/09,2020/06/16,2028/02/29,申請のあった取扱品目の製造に限る
111382-29,株式会社品川,近江牛　品川亭,そうざい製造業,2020/06/09,2020/06/16,2028/02/29,申請のあった取扱品目の製造に限る
111382-01,株式会社品川,近江牛　品川亭,飲食店営業,2023/02/10,2023/03/01,2030/02/28,
111400-01,中部フーズ株式会社,バロー真野店　デリカ,飲食店営業,2025/10/16,2025/11/01,2032/10/31,
111401-11,株式会社バロー,バロー真野店（北欧倶楽部）,菓子製造業,2025/07/17,2025/07/31,2032/10/31,申請のあった取扱品目の製造に限る。
111403-04,株式会社バロー,バロー真野店　水産,魚介類販売業,2025/10/16,2025/11/01,2032/10/31,
111404-03,株式会社バロー,バロー真野店　畜産,食肉販売業,2025/10/16,2025/11/01,2032/10/31,とさつ・解体は行わないこと。
111420-01,,すなっく　ウサギ,飲食店営業,2023/06/15,2023/07/01,2029/06/30,簡易な営業に限る
111428-01,有限会社いま村,ラーメン藤　大津石山店,飲食店営業,2023/06/15,2023/07/01,2029/06/30,
111442-01,株式会社アドバンス,カレーハウスＣｏＣｏ壱番屋　大津堅田店,飲食店営業,2023/10/17,2023/11/01,2029/10/31,
111451-01,おごと温泉旅館協同組合,大津市おごと温泉観光公園,飲食店営業,2024/10/16,2024/11/01,2031/10/31,
111454-01,,セブン－イレブン　大津月輪店,飲食店営業,2025/06/20,2025/07/01,2032/06/30,
111456-01,ラックホテル株式会社,ラックホテル大津石山,飲食店営業,2024/06/11,2024/07/01,2031/06/30,
111457-01,株式会社マルイ,ファミリーマート　大津御殿浜店,飲食店営業,2025/06/09,2025/07/01,2032/06/30,
111462-01,合同会社ＣＳＭ,セブン－イレブン大津松山町店,飲食店営業,2025/02/12,2025/03/01,2032/02/29,
111462-11,合同会社ＣＳＭ,セブン－イレブン大津松山町店,菓子製造業,2025/02/12,2025/03/01,2032/02/29,申請のあった取扱品目の製造に限る
111467-01,有限会社天平フーズ,有限会社天平フーズ,飲食店営業,2026/02/13,2026/03/01,2031/02/28,巡回移動営業に限る。申請のあった取扱品目に限る。加熱調理食品の提供に限る。簡易な調理に限る。
111473-01,マルニワールド株式会社,かつ麦　大津店,飲食店営業,2024/02/14,2024/03/01,2031/02/28,
111474-01,株式会社ＡＪＩコーポレーション,Ｈａｓｈｉｎｇ,飲食店営業,2023/02/10,2023/03/01,2029/02/28,
111474-11,株式会社ＡＪＩコーポレーション,Ｈａｓｈｉｎｇ,菓子製造業,2023/02/10,2023/03/01,2029/02/28,申請のあった取扱品目の製造に限る
111480-01,,串揚げ蕎麦処　たむらや,飲食店営業,2023/02/10,2023/03/01,2029/02/28,
111484-01,,文福,飲食店営業,2023/02/09,2023/03/01,2029/02/28,
111488-01,琵琶湖汽船株式会社,ミシガン　２Ｆホール・カフェ,飲食店営業,2024/02/21,2024/03/01,2030/02/28,船舶による営業に限る
111489-01,琵琶湖汽船株式会社,ミシガン　３Ｆスナック,飲食店営業,2024/02/21,2024/03/01,2030/02/28,船舶による営業に限る
111494-01,,カナリア茶家,飲食店営業,2023/10/17,2023/11/01,2029/10/31,
111495-17,株式会社琵琶湖グランドホテル,琵琶湖グランドホテル東館,食肉販売業,2020/07/21,2020/08/07,2027/10/31,とさつ・解体をしないこと
111495-01,株式会社琵琶湖グランドホテル,琵琶湖グランドホテル東館,飲食店営業,2025/10/10,2025/11/01,2032/10/31,
111501-01,,伊与門,飲食店営業,2023/10/17,2023/11/01,2029/10/31,
111506-11,社会福祉法人湘南学園,れもん会社,菓子製造業,2025/06/18,2025/07/01,2032/06/30,申請のあった取扱品目の製造に限る。
111507-01,,ｋｉｔｃｈｅｎ　ｋｏｋｏｒｏ,飲食店営業,2023/06/21,2023/07/01,2029/06/30,
111516-01,,宴,飲食店営業,2024/03/01,2024/03/01,2030/02/28,
111519-01,大塚製薬株式会社,大塚製薬株式会社　大塚比叡山荘,飲食店営業,2020/02/20,2020/03/01,2027/02/28,
111520-01,,やきとり仁吉西の庄店,飲食店営業,2024/02/14,2024/03/01,2030/02/28,
111523-11,株式会社ブレイス,ｖｅｒｂｉｎｄｅｎ（フェルビンデン）,菓子製造業,2023/10/13,2023/11/01,2029/10/31,申請のあった取扱品目の製造に限る
111524-25,株式会社Ｆａｃｉｏ,エフマートもみじヶ丘店,そうざい製造業,2025/06/20,2025/07/01,2032/06/30,申請のあった取扱品目の製造に限る。
111525-01,株式会社魚国総本社,魚国総本社・大津２６４５１,飲食店営業,2020/02/18,2020/03/01,2027/02/28,
111526-01,有限会社いま村,串の店　いま村,飲食店営業,2023/06/15,2023/07/01,2029/06/30,
111549-01,,卯月のぞみ,飲食店営業,2023/06/16,2023/07/01,2029/06/30,
111552-01,有限会社丸二果実店,（有）丸二果実店,飲食店営業,2024/02/15,2024/03/01,2030/02/28,
111552-11,有限会社丸二果実店,（有）丸二果実店,菓子製造業,2025/02/18,2025/03/01,2031/02/28,申請のあった取扱品目の製造に限る
111553-01,株式会社魚国総本社,魚国総本社・大津２６４５２,飲食店営業,2026/01/27,2026/03/01,2033/02/28,
111555-01,有限会社アルバテック,有限会社アルバテック（尾張小牧４８３え３６３６）,飲食店営業,2022/02/14,2022/03/01,2027/02/28,自動車による営業に限る申請のあった取扱品目に限る
111567-01,株式会社魚国総本社,魚国総本社・大津２６４５３,飲食店営業,2025/06/05,2025/07/01,2032/06/30,
111572-01,くら寿司株式会社,くら寿司　瀬田店,飲食店営業,2025/06/13,2025/07/01,2032/06/30,
111578-01,,串揚げ三昧　ｈｏｎｏｂｏｎｏ,飲食店営業,2024/02/21,2024/03/01,2030/02/28,
111594-02,,ＳＰＵＴＮＩＣ,菓子製造業,2021/03/15,2021/03/19,2027/06/30,申請のあった取扱品目の製造に限る
111594-01,,ＳＰＵＴＮＩＣ,飲食店営業,2023/06/19,2023/07/01,2029/06/30,
111594-25,,ＳＰＵＴＮＩＣ,そうざい製造業,2021/06/21,2021/07/02,2028/06/30,申請のあった取扱品目の製造に限る
111603-01,,セブン－イレブン　大津瀬田西インター店,飲食店営業,2026/06/17,2026/07/01,2033/06/30,
111607-01,株式会社サイゼリヤ,サイゼリヤフォレオ大津一里山店,飲食店営業,2025/06/20,2025/07/01,2032/06/30,
111608-01,,なごみ弁当　大津店,飲食店営業,2026/02/13,2026/03/01,2033/02/28,
111622-01,,居酒屋花とう,飲食店営業,2024/02/19,2024/03/01,2030/02/28,
111622-03,,居酒屋花とう,食肉販売業,2024/11/18,2024/12/05,2031/02/28,とさつ・解体は行わないこと
111622-25,,居酒屋花とう,そうざい製造業,2024/11/18,2024/12/05,2031/02/28,申請のあった取扱品目の製造に限る
111649-01,,スナック　トモ,飲食店営業,2023/10/18,2023/11/01,2029/10/31,
111650-01,,ｓｎａｃｋ　Ｒｙｏ,飲食店営業,2023/10/13,2023/11/01,2029/10/31,
111659-01,宗教法人圓満院,精進料理　もみじ乃,飲食店営業,2026/02/16,2026/03/01,2032/02/29,
111669-01,株式会社緑水亭,びわこ緑水亭（びわの風２Ｆ）,飲食店営業,2025/10/20,2025/11/01,2032/10/31,
111679-17,株式会社湖国料理井筒,湖畔レストラン「キャビン」,食肉販売業,2020/10/02,2020/10/12,2026/10/31,とさつ・解体をしないこと
111679-01,株式会社湖国料理井筒,湖畔レストラン「キャビン」,飲食店営業,2023/10/17,2023/11/01,2029/10/31,
111682-01,,才・ＳＡＩ,飲食店営業,2025/06/12,2025/07/01,2031/06/30,
111689-01,株式会社秀静,ローソン　大萱一丁目店,飲食店営業,2026/06/09,2026/07/01,2033/06/30,
111690-11,有限会社カワナカ,かしわの川中,菓子製造業,2024/07/17,2024/07/31,2031/10/31,申請のあった取扱品目の製造に限る
111690-15,有限会社カワナカ,かしわの川中,食肉製品製造業,2022/09/21,2022/10/04,2029/10/31,申請のあった取扱品目の製造に限る
111690-25,有限会社カワナカ,かしわの川中,そうざい製造業,2024/09/24,2024/10/03,2031/10/31,申請のあった取扱品目の製造に限る
111697-01,有限会社ケーアンドエヌ,酒仙ひむか,飲食店営業,2024/02/14,2024/03/01,2030/02/28,
111697-03,有限会社ケーアンドエヌ,酒仙ひむか,食肉販売業,2021/09/13,2021/09/15,2028/02/29,とさつ・解体は行わないこと
111697-04,有限会社ケーアンドエヌ,酒仙ひむか,魚介類販売業,2021/09/13,2021/09/15,2028/02/29,
111701-11,,廣栄堂寿延,菓子製造業,2023/10/17,2023/11/01,2029/10/31,申請のあった取扱品目の製造に限る
111704-02,株式会社アペックス西日本,自販０３　琵琶湖大橋レストハウス　琵琶湖大橋米プラザ内（ＣＣＷ）,調理の機能を有する自動販売機により食品を調理し、調理された食品を販売する営業,2022/02/14,2022/03/01,2027/02/28,自動販売機による営業に限る設置台数は１台に限る
111710-11,,ベーカリーＴＯＩＲＯ,菓子製造業,2024/02/15,2024/03/01,2030/02/28,申請のあった取扱品目の製造に限る
111713-01,,居酒屋　きゅうきゅう,飲食店営業,2024/06/13,2024/07/01,2030/06/30,
111715-01,,Ｂｅｅｒｓ！,飲食店営業,2024/06/13,2024/07/01,2030/06/30,
111717-01,,オステリア　チエロアルト,飲食店営業,2024/06/13,2024/07/01,2030/06/30,
111717-11,,オステリア　チエロアルト,菓子製造業,2024/06/13,2024/07/01,2030/06/30,申請のあった取扱品目の製造に限る
111718-01,,シュシュ　ｃｈｏｕ　ｃｈｏｕ,飲食店営業,2024/02/14,2024/03/01,2030/02/28,簡易な営業に限る
111721-01,株式会社ＯＫＣ,びわ湖放送（株）食堂,飲食店営業,2024/02/22,2024/03/01,2030/02/28,
111743-01,,ととや一,飲食店営業,2024/02/14,2024/03/01,2030/02/28,
111747-01,誠賢グループ株式会社,大衆居酒屋　ニューくろ万,飲食店営業,2024/02/14,2024/03/01,2030/02/28,
111753-01,有限会社まごころや,炉ばた焼　大蔵屋　石山駅前店,飲食店営業,2024/06/11,2024/07/01,2030/06/30,
111754-01,,ｕｃｈｉ　ｃａｆｅ＊,飲食店営業,2024/10/18,2024/11/01,2030/10/31,
111754-11,,ｕｃｈｉ　ｃａｆｅ＊,菓子製造業,2024/10/18,2024/11/01,2030/10/31,申請のあった取扱品目の製造に限る
111757-01,東住吉マルタマフーズ株式会社,医療法人弘英会　琵琶湖大橋病院,飲食店営業,2020/10/21,2020/11/01,2027/10/31,
111759-01,,スナック　Ｓｈｉｋｉ,飲食店営業,2024/06/11,2024/07/01,2030/06/30,簡易な営業に限る
111766-01,株式会社文教,ローソン滋賀医大病院店,飲食店営業,2026/06/15,2026/07/01,2033/06/30,
111770-01,,Ｚｏｏ（ずう）,飲食店営業,2026/02/12,2026/03/01,2032/02/29,
111776-01,,ＣＯＣＯ　ＫＵＯＮ,飲食店営業,2024/10/18,2024/11/01,2030/10/31,
111778-01,,居酒屋やすし,飲食店営業,2024/06/12,2024/07/01,2030/06/30,
111782-01,,笑い飯,飲食店営業,2025/10/14,2025/11/01,2031/10/31,
111791-11,株式会社叶匠寿庵,株式会社　叶匠寿庵　開発棟,菓子製造業,2026/06/12,2026/07/01,2033/06/30,申請のあった取扱品目の製造に限る。
111795-01,株式会社オーイズミフーズ,くいもの屋わん石山駅前店,飲食店営業,2026/06/10,2026/07/01,2033/06/30,
111804-27,,ラーメン　桃李路,冷凍食品製造業,2023/05/22,2023/05/25,2029/06/30,申請のあった取扱品目の製造に限る
111815-01,,グリーン　ドット,飲食店営業,2024/02/14,2024/03/01,2030/02/28,
111816-01,,喫茶　翔湖,飲食店営業,2024/02/14,2024/03/01,2030/02/28,
111818-01,,ＯＳＡＮＰＯ ＣＡＦＥ,飲食店営業,2024/02/15,2024/03/01,2030/02/28,
111818-11,,ＯＳＡＮＰＯ ＣＡＦＥ,菓子製造業,2022/02/08,2022/03/01,2028/02/29,申請のあった取扱品目の製造に限る
111819-11,,手作り弁当　貴の屋,菓子製造業,2024/10/18,2024/11/01,2030/10/31,申請のあった取扱品目の製造に限る
111819-25,,手作り弁当　貴の屋,そうざい製造業,2024/10/18,2024/11/01,2030/10/31,申請のあった取扱品目の製造に限る
111854-01,,もも,飲食店営業,2024/02/16,2024/03/01,2030/02/28,
111855-01,,高栄商事,飲食店営業,2019/10/18,2019/11/01,2026/10/31,
111866-01,株式会社塩梅,特別養護老人ホーム　榛原の里,飲食店営業,2020/10/21,2020/11/01,2027/10/31,
111867-04,株式会社マリングレイス,株式会社マリングレイス（３０１号）,魚介類販売業,2024/06/13,2024/06/21,2030/06/30,
111867-25,株式会社マリングレイス,株式会社マリングレイス（３０１号）,そうざい製造業,2024/06/13,2024/06/21,2030/06/30,申請のあった取扱品目の製造に限る
111872-01,特定非営利活動法人ＡＪＡ,喫茶　びわたん,飲食店営業,2025/02/12,2025/03/01,2031/02/28,
111873-01,琵琶湖汽船株式会社,ビアンカ　クラウド,飲食店営業,2025/02/17,2025/03/01,2031/02/28,船舶による営業に限る
111882-01,チムニー株式会社,はなの舞　大津駐屯地店,飲食店営業,2025/02/17,2025/03/01,2031/02/28,
111893-01,,カフェ　さくら,飲食店営業,2024/06/12,2024/07/01,2030/06/30,
111894-01,,志恩,飲食店営業,2024/10/18,2024/11/01,2030/10/31,
111898-01,,寿司きしだ,飲食店営業,2024/06/19,2024/07/01,2030/06/30,
111904-01,株式会社鳥貴族西日本,鳥貴族　石山店,飲食店営業,2024/06/12,2024/07/01,2030/06/30,
111906-01,,居酒屋　初美,飲食店営業,2025/02/18,2025/03/01,2031/02/28,
111912-01,有限会社ホテルテトラＯ２,ボンシェール,飲食店営業,2025/02/18,2025/03/01,2031/02/28,
111918-01,株式会社サイゼリヤ,サイゼリヤＯｈ！Ｍｅ大津テラス店,飲食店営業,2020/02/18,2020/03/01,2027/02/28,
111921-01,株式会社すかいらーくレストランツ,ステーキガスト　大津瀬田店,飲食店営業,2025/06/13,2025/07/01,2031/06/30,
111932-01,,スパイス王国　ｍｉｎｉ　Ｏｈ！Ｍｅ　大津ＴＥＲＲＡＣＥ店,飲食店営業,2025/02/20,2025/03/01,2031/02/28,
111936-01,,舞ベリー,飲食店営業,2024/10/28,2024/11/01,2030/10/31,
111937-04,,ハヤシフーズ,魚介類販売業,2024/06/12,2024/07/01,2030/06/30,
111937-25,,ハヤシフーズ,そうざい製造業,2024/06/12,2024/07/01,2030/06/30,申請のあった取扱品目の製造に限る
111939-01,株式会社フジオフードシステム,大津神領食堂,飲食店営業,2026/06/22,2026/07/01,2032/06/30,
111947-01,株式会社廣見,鮨　廣見屋白川土,飲食店営業,2024/06/14,2024/07/01,2030/06/30,
111948-01,株式会社ツースリー,新福菜館　石山寺店,飲食店営業,2024/06/14,2024/07/01,2030/06/30,
111961-01,くら寿司株式会社,くら寿司　堅田店,飲食店営業,2025/10/16,2025/11/01,2031/10/31,
111964-01,ドリームフーズ株式会社,近江ちゃんぽん亭　堅田店,飲食店営業,2024/10/18,2024/11/01,2030/10/31,
111971-01,,夢幻遊庵　ＭＵＧＥＮＹＵＡＮ,飲食店営業,2024/10/16,2024/11/01,2030/10/31,
111974-01,,焼人　くらちゃん,飲食店営業,2020/06/15,2020/07/01,2027/06/30,
111977-01,,やきとり大吉　堅田店,飲食店営業,2024/10/17,2024/11/01,2030/10/31,
111978-01,株式会社天一食品商事,葦の花,飲食店営業,2025/10/03,2025/11/01,2031/10/31,
111980-01,株式会社天一食品商事,イタリア料理　ボザール,飲食店営業,2025/10/03,2025/11/01,2031/10/31,
111983-01,布施マルタマフーズ株式会社,ハートランド南志賀,飲食店営業,2025/02/19,2025/03/01,2031/02/28,
111985-01,株式会社セレマ,ＮＩＨＯ,飲食店営業,2020/06/30,2020/07/01,2027/06/30,
111989-01,,村田とうふ,飲食店営業,2025/06/12,2025/07/01,2031/06/30,
111989-22,,村田とうふ,豆腐製造業,2025/06/12,2025/07/01,2031/06/30,申請のあった取扱品目の製造に限る。
111992-01,,とりのとりこ,飲食店営業,2025/02/12,2025/03/01,2031/02/28,
111993-01,,タコス屋サリー（奈良１３０す・・３５）,飲食店営業,2023/02/14,2023/03/01,2028/02/29,自動車による営業に限る申請のあった取扱品目に限る
111995-01,株式会社平和堂,平和堂フレンドマート大津京店　デリカ,飲食店営業,2020/02/18,2020/03/01,2027/02/28,そうざいは店頭販売に限る
111995-02,株式会社平和堂,平和堂フレンドマート大津京店　デリカ,菓子製造業,2020/02/18,2020/03/01,2027/02/28,申請のあった取扱品目の製造に限る
111996-01,株式会社平和堂,平和堂フレンドマート大津京店　鮮魚,飲食店営業,2020/02/18,2020/03/01,2027/02/28,そうざいは店頭販売に限る
111996-07,株式会社平和堂,平和堂フレンドマート大津京店　鮮魚,魚介類販売業,2020/02/18,2020/03/01,2027/02/28,
111998-17,株式会社平和堂,平和堂フレンドマート大津京店　精肉,食肉販売業,2020/02/18,2020/03/01,2027/02/28,とさつ・解体をしないこと
111998-25,株式会社平和堂,平和堂フレンドマート大津京店　精肉,そうざい製造業,2024/01/15,2024/01/23,2031/02/28,申請のあった取扱品目の製造に限る
112000-17,,おで湖,食肉販売業,2020/07/08,2020/07/20,2027/02/28,とさつ・解体をしないこと
112000-01,,おで湖,飲食店営業,2025/02/19,2025/03/01,2031/02/28,
112003-11,,ＢＡＫＥＲＹ　ｄｒｙｒｉｖｅｒ,菓子製造業,2025/02/17,2025/03/01,2031/02/28,申請のあった取扱品目の製造に限る
112019-01,,Ｌｕｃｋ,飲食店営業,2024/10/18,2024/11/01,2030/10/31,
112036-01,有限会社シライ,ラーメン　一徹,飲食店営業,2025/10/15,2025/11/01,2031/10/31,
112051-01,有限会社空のめぐみ,炭火串焼き　ソラナカ,飲食店営業,2024/10/21,2024/11/01,2030/10/31,
112052-01,株式会社杢兵衛造船所,旅客船「一番丸」,飲食店営業,2023/02/16,2023/03/01,2029/02/28,船舶による営業に限る臨時的営業に限る申請のあった取扱品目に限る加熱調理食品の提供に限る簡単な調理加工行為に限る
112061-02,社会福祉法人美輪湖の家大津,瑞穂,菓子製造業,2020/06/26,2020/07/01,2027/06/30,申請のあった取扱品目の製造に限る
112061-22,社会福祉法人美輪湖の家大津,瑞穂,みそ製造業,2020/06/26,2020/07/01,2027/06/30,申請のあった取扱品目の製造に限る
112062-02,社会福祉法人美輪湖の家大津,瑞穂　別館（食品加工）,菓子製造業,2020/06/26,2020/07/01,2027/06/30,申請のあった取扱品目の製造に限る
112063-28,社会福祉法人美輪湖の家大津,瑞穂　別館（麺類）,麺類製造業,2020/06/26,2020/07/01,2027/06/30,申請のあった取扱品目の製造に限る
112067-01,,ラウンジ花,飲食店営業,2025/02/17,2025/03/01,2031/02/28,
112074-01,,旬食　むら多,飲食店営業,2025/10/15,2025/11/01,2031/10/31,
112087-01,株式会社ｓｈｉｏｒｉｙａ,御肴　かわせみ,飲食店営業,2025/02/17,2025/03/01,2031/02/28,
112088-01,株式会社アンブロシア,ファミリーマート石山駅前店,飲食店営業,2020/06/15,2020/07/01,2027/06/30,
112097-01,,ｐａｎ　ｃａｆｅ　ＳＵＺＵ－ｙａ,飲食店営業,2025/06/16,2025/07/01,2031/06/30,
112097-11,,ｐａｎ　ｃａｆｅ　ＳＵＺＵ－ｙａ,菓子製造業,2025/06/16,2025/07/01,2031/06/30,申請のあった取扱品目の製造に限る。
112101-01,株式会社平和堂,フレンドマート瀬田川店　デリカ,飲食店営業,2020/06/09,2020/07/01,2027/06/30,そうざいは店頭販売に限る
112101-02,株式会社平和堂,フレンドマート瀬田川店　デリカ,菓子製造業,2020/06/09,2020/07/01,2027/06/30,申請のあった取扱品目の製造に限る
112101-25,株式会社平和堂,フレンドマート瀬田川店　デリカ,そうざい製造業,2025/06/20,2025/07/01,2032/06/30,申請のあった取扱品目の製造に限る。
112102-01,株式会社平和堂,フレンドマート瀬田川店　鮮魚,飲食店営業,2020/06/09,2020/07/01,2027/06/30,そうざいは店頭販売に限る
112102-07,株式会社平和堂,フレンドマート瀬田川店　鮮魚,魚介類販売業,2020/06/09,2020/07/01,2027/06/30,
112104-17,株式会社平和堂,平和堂フレンドマート瀬田川店　精肉,食肉販売業,2020/06/09,2020/07/01,2027/06/30,とさつ・解体をしないこと
112104-01,株式会社平和堂,平和堂フレンドマート瀬田川店　精肉,飲食店営業,2026/06/09,2026/07/01,2033/06/30,
112108-01,フジパンストアー株式会社,パリクロアッサン,飲食店営業,2020/06/26,2020/07/01,2027/06/30,
112108-02,フジパンストアー株式会社,パリクロアッサン,菓子製造業,2020/06/26,2020/07/01,2027/06/30,申請のあった取扱品目の製造に限る
112111-01,株式会社ハートフルキッチン,株式会社ハートフルキッチン関西営業所,飲食店営業,2021/10/14,2021/11/01,2028/10/31,
112116-01,,Ｎｏｕｂ,飲食店営業,2025/10/10,2025/11/01,2031/10/31,
112118-01,有限会社ミートショップなかえ,肉よし,飲食店営業,2025/06/20,2025/07/01,2031/06/30,
112118-03,有限会社ミートショップなかえ,肉よし,食肉販売業,2025/06/20,2025/07/01,2031/06/30,とさつ・解体は行わないこと。
112124-01,株式会社グランビスタホテル＆リゾート,株式会社グランビスタ　ホテル＆リゾート　大津ハイウェイレストラン,飲食店営業,2020/02/18,2020/03/01,2027/02/28,
112124-14,株式会社グランビスタホテル＆リゾート,株式会社グランビスタ　ホテル＆リゾート　大津ハイウェイレストラン,アイスクリーム類製造業,2020/02/18,2020/03/01,2027/02/28,ソフトクリームサーバー機による製造に限る
112124-11,株式会社グランビスタホテル＆リゾート,株式会社グランビスタ　ホテル＆リゾート　大津ハイウェイレストラン,菓子製造業,2022/02/08,2022/03/01,2029/02/28,申請のあった取扱品目の製造に限る
112125-01,株式会社グランビスタホテル＆リゾート,大津ハイウェイレストラン　専門店,飲食店営業,2026/02/13,2026/03/01,2033/02/28,
112131-01,,宙　ｓｏｒａ,飲食店営業,2025/10/09,2025/11/01,2031/10/31,
112133-01,,Ｂａｒ　ＡＬＬＵＲＥ,飲食店営業,2025/06/10,2025/07/01,2031/06/30,
112136-01,,居酒屋　もりた／ｈｉｒｕｎｏｂｕ,飲食店営業,2025/02/17,2025/03/01,2031/02/28,
112139-01,,カフェレストラン　ペコリーノ,飲食店営業,2025/10/20,2025/11/01,2031/10/31,
112144-01,株式会社ホテルアルファ－ワン大津,アルファ・ガーデン,飲食店営業,2026/02/09,2026/03/01,2032/02/29,
112147-17,イワシタ商事株式会社,おふろｃａｆｅびわこ座　レストラン,食肉販売業,2020/11/06,2020/11/11,2027/06/30,とさつ・解体をしないこと
112147-01,イワシタ商事株式会社,おふろｃａｆｅびわこ座　レストラン,飲食店営業,2025/02/12,2025/02/19,2031/06/30,
112148-01,イワシタ商事株式会社,おふろｃａｆｅびわこ座　喫茶,飲食店営業,2025/06/11,2025/07/01,2031/06/30,
112151-01,,貸席清林,飲食店営業,2019/10/24,2019/11/01,2026/10/31,
112155-01,,ぎゃれ楽坐,飲食店営業,2025/06/11,2025/07/01,2031/06/30,
112175-01,,Ｌｅ　ｍａｔｉｎ　Ｏｒａｇｅ（京都４８０ち５７６９）,飲食店営業,2023/02/17,2023/03/01,2028/02/29,自動車による営業に限る申請のあった取扱品目に限る簡易な調理に限る加熱調理食品の提供に限る
112178-01,,一本槍,飲食店営業,2025/06/18,2025/07/01,2031/06/30,
112179-01,,まると,飲食店営業,2025/06/16,2025/07/01,2031/06/30,
112180-01,,セブン－イレブン大津南志賀４丁目店,飲食店営業,2020/02/18,2020/03/01,2027/02/28,
112181-01,,ファミリーマート大津瀬田四丁目店,飲食店営業,2020/06/29,2020/07/01,2027/06/30,
112191-02,株式会社アペックス西日本,自販０３　日本精工株式会社　大津工場　整備（ＣＣＷ）,調理の機能を有する自動販売機により食品を調理し、調理された食品を販売する営業,2023/02/20,2023/03/01,2028/02/29,自動販売機による営業に限る設置台数は１台に限る
112206-11,,一心堂,菓子製造業,2025/10/16,2025/11/01,2031/10/31,申請のあった取扱品目の製造に限る。
112209-01,有限会社西輝,ローソン大津際川三丁目店,飲食店営業,2020/02/12,2020/03/01,2027/02/28,そうざいは店頭販売に限る
112209-02,有限会社西輝,ローソン大津際川三丁目店,菓子製造業,2020/02/12,2020/03/01,2027/02/28,申請のあった取扱品目の製造に限る
112213-01,,ほっかほっか亭　大津唐崎店,飲食店営業,2025/02/19,2025/03/01,2031/02/28,
112215-01,株式会社アドバンス,カレーハウスＣｏＣｏ壱番屋　大津におの浜店,飲食店営業,2025/02/17,2025/03/01,2031/02/28,
112222-01,,美庵（びあん）,飲食店営業,2026/02/16,2026/03/01,2032/02/29,
112227-01,有限会社ＫＯＰＰＥ,ｋｏｐｐｅ,飲食店営業,2025/06/19,2025/07/01,2031/06/30,
112227-11,有限会社ＫＯＰＰＥ,ｋｏｐｐｅ,菓子製造業,2025/06/19,2025/07/01,2031/06/30,申請のあった取扱品目の製造に限る。
112230-02,,Ｌａ　Ｐｉｅｔｒａ（ラ・ピエトラ）,菓子製造業,2020/08/20,2020/08/28,2027/06/30,申請のあった取扱品目の製造に限る
112230-01,,Ｌａ　Ｐｉｅｔｒａ（ラ・ピエトラ）,飲食店営業,2025/06/19,2025/07/01,2031/06/30,
112238-01,,そば処　めんぼう,飲食店営業,2026/02/06,2026/03/01,2032/02/29,
112241-01,ハーベスト株式会社,玉野浦保育園店,飲食店営業,2021/06/15,2021/07/01,2029/06/30,
112242-01,,やおとら,飲食店営業,2026/02/12,2026/03/01,2032/02/29,
112247-01,一冨士フードサービス株式会社,２１０１事業所,飲食店営業,2020/10/20,2020/11/01,2027/10/31,
112256-01,株式会社エスレイ,Ｐダイニング　浜大津アーカス店,飲食店営業,2021/02/10,2021/03/01,2028/02/29,そうざいは店頭販売に限る
112259-01,,和食屋　おとと,飲食店営業,2025/06/09,2025/07/01,2031/06/30,
112260-01,,Ｈｅｕｒｅｕｘ,飲食店営業,2025/10/15,2025/11/01,2031/10/31,
112270-01,イートランド株式会社,大津市南部学校給食共同調理場,飲食店営業,2021/02/19,2021/03/01,2028/02/29,
112271-01,,小太郎,飲食店営業,2026/02/09,2026/03/01,2032/02/29,
112273-01,中部フーズ株式会社,中部フーズ株式会社（惣菜・寿司コーナー）,飲食店営業,2021/02/25,2021/03/01,2028/02/29,そうざいは店頭販売に限る
112274-02,株式会社バロー,株式会社バロー大津店（北欧倶楽部）,菓子製造業,2021/02/25,2021/03/01,2028/02/29,申請のあった取扱品目の製造に限る
112276-17,株式会社バロー,株式会社バロー大津店（精肉コーナー）,食肉販売業,2021/02/25,2021/03/01,2027/02/28,とさつ・解体をしないこと
112281-01,株式会社コウ・フード・サービス,鶏こう　総本店,飲食店営業,2025/06/23,2025/07/01,2031/06/30,
112282-01,,ＡＮＣＨＯＲ．恵子,飲食店営業,2025/06/20,2025/07/01,2031/06/30,
112284-01,一冨士フードサービス株式会社,２３７８事業所,飲食店営業,2021/10/14,2021/11/01,2029/10/31,
112288-07,株式会社バロー,株式会社バロー大津店（鮮魚コーナー）,魚介類販売業,2021/02/25,2021/03/01,2027/02/28,
112288-01,株式会社バロー,株式会社バロー大津店（鮮魚コーナー）,飲食店営業,2024/05/30,2024/07/11,2031/02/28,
112291-01,株式会社西武・プリンスホテルズワールドワイド,瀬田ゴルフコース　レストラン,飲食店営業,2020/06/11,2020/07/01,2027/06/30,
112292-01,株式会社西武・プリンスホテルズワールドワイド,瀬田ゴルフコース　北コースＮｏ．１５売店,飲食店営業,2025/06/16,2025/07/01,2031/06/30,
112293-01,株式会社西武・プリンスホテルズワールドワイド,瀬田ゴルフコース　北コースＮｏ．７　売店,飲食店営業,2025/06/16,2025/07/01,2031/06/30,
112294-01,株式会社サンデリカ,株式会社サンデリカ滋賀事業所,飲食店営業,2020/06/26,2020/07/01,2027/06/30,
112294-02,株式会社サンデリカ,株式会社サンデリカ滋賀事業所,菓子製造業,2020/06/26,2020/07/01,2027/06/30,申請のあった取扱品目の製造に限る
112294-29,株式会社サンデリカ,株式会社サンデリカ滋賀事業所,そうざい製造業,2020/06/26,2020/07/01,2027/06/30,申請のあった取扱品目の製造に限る
112308-01,,旬彩　和さび,飲食店営業,2025/06/19,2025/07/01,2031/06/30,
112310-01,,炭火厨房　根っこ,飲食店営業,2025/06/17,2025/07/01,2031/06/30,
112312-01,,Ｔａｊ　Ｍａｈａｌ　Ｅｖｅｒｅｓｔ,飲食店営業,2026/06/12,2026/07/01,2032/06/30,
112313-11,,Ｌａｎｄｗｅｇ,菓子製造業,2023/10/17,2023/11/01,2029/10/31,申請のあった取扱品目の製造に限る
112313-01,,Ｌａｎｄｗｅｇ,飲食店営業,2025/10/14,2025/11/01,2031/10/31,
112318-01,,Ａｎ　ｄｅｕｘ,飲食店営業,2019/10/16,2019/11/01,2026/10/31,
112318-02,,Ａｎ　ｄｅｕｘ,菓子製造業,2019/10/16,2019/11/01,2026/10/31,申請のあった取扱品目の製造に限る
112325-01,,大船,飲食店営業,2025/06/10,2025/07/01,2031/06/30,
112328-01,株式会社モスストアカンパニー,モスバーガー大津美崎町店,飲食店営業,2020/06/23,2020/07/01,2027/06/30,
112328-02,株式会社モスストアカンパニー,モスバーガー大津美崎町店,菓子製造業,2020/06/23,2020/07/01,2027/06/30,申請のあった取扱品目の製造に限る
112330-01,,スナック　美怜,飲食店営業,2026/02/09,2026/03/01,2032/02/29,
112331-01,株式会社団喜,団喜　本店,飲食店営業,2025/10/09,2025/11/01,2031/10/31,
112334-01,株式会社湯元舘,湯元舘　はなれ　葭蘆葦,飲食店営業,2020/10/12,2020/11/01,2027/10/31,
112337-01,,Ｇ家じ～や,飲食店営業,2025/10/09,2025/11/01,2031/10/31,
112344-01,株式会社ウタシカン,ピザハット瀬田店,飲食店営業,2025/06/09,2025/07/01,2031/06/30,
112350-01,株式会社平和堂,株式会社　平和堂　フレンドマート石山寺辺店,飲食店営業,2020/06/15,2020/07/01,2027/06/30,そうざいは店頭販売に限る
112355-01,,ローソン大津栄町店,飲食店営業,2021/06/14,2021/07/01,2028/06/30,
112359-01,,ＣＯＣＯ＊Ｍ,飲食店営業,2025/10/15,2025/11/01,2031/10/31,
112360-01,株式会社西武・プリンスホテルズワールドワイド,瀬田ゴルフコース　北コースレストラン,飲食店営業,2021/06/15,2021/07/01,2027/06/30,
112362-01,,タコス屋　Ｅｌ　Ｃｈａｎｇａｒｒｏ（滋賀４８０さ・５４８）,飲食店営業,2024/02/20,2024/03/01,2029/02/28,自動車による営業に限る申請のあった取扱品目に限る簡易な調理に限る加熱調理食品の提供に限る
112369-01,株式会社Ｅｎｄｌｅｓｓ,とんかつ　かつ源　大津衣川店,飲食店営業,2025/10/17,2025/11/01,2031/10/31,
112370-01,株式会社天下一品,天下一品　堅田店,飲食店営業,2020/10/15,2020/11/01,2026/10/31,そうざいは店頭販売に限る
112373-01,株式会社秀静,ローソン大津大江二丁目店,飲食店営業,2021/06/17,2021/07/01,2028/06/30,
112376-01,,ＢＨ　ｃａｆｅ,飲食店営業,2025/10/22,2025/11/01,2031/10/31,
112382-01,株式会社てるの屋,新福菜館　大津京店,飲食店営業,2026/02/18,2026/03/01,2032/02/29,
112385-01,株式会社佳翔,和ダイニング　和（なごみ）,飲食店営業,2026/02/06,2026/03/01,2032/02/29,
112389-01,有限会社オーエス工業,炭火焼肉　ダイニング　りょう花,飲食店営業,2026/05/11,2026/07/01,2032/06/30,
112394-01,,Ｃｅｓｓａ　（セッサ）,飲食店営業,2026/02/09,2026/03/01,2032/02/29,
112397-01,,ラウンジ　ＬｉＰ,飲食店営業,2025/10/20,2025/11/01,2031/10/31,
112398-01,株式会社ジョイフル関西,ジョイフル大津萱野浦店,飲食店営業,2021/06/15,2021/07/01,2028/06/30,
112399-04,株式会社平和堂,フレンドマート膳所店（鮮魚）,魚介類販売業,2021/06/08,2021/06/11,2028/06/30,
112406-01,,Ｎｏｅｌ,飲食店営業,2025/10/15,2025/11/01,2031/10/31,
112407-01,,よしくら,飲食店営業,2026/02/09,2026/03/01,2032/02/29,
112409-01,,花ゆき,飲食店営業,2025/10/10,2025/11/01,2031/10/31,
112411-01,株式会社モンテローザ,魚民,飲食店営業,2021/02/10,2021/03/01,2028/02/29,
112421-01,,月影うさぎ,飲食店営業,2026/06/08,2026/07/01,2032/06/30,
112424-01,,リュエルしなやか,飲食店営業,2026/02/12,2026/03/01,2032/02/29,
112431-01,,みっけ,飲食店営業,2026/06/15,2026/07/01,2032/06/30,
112442-07,有限会社村河漁業,（有）村河漁業,魚介類販売業,2020/10/16,2020/11/01,2027/10/31,
112442-10,有限会社村河漁業,（有）村河漁業,食品の冷凍又は冷蔵業,2020/10/16,2020/11/01,2027/10/31,申請のあった取扱品目の製造に限る
112442-29,有限会社村河漁業,（有）村河漁業,そうざい製造業,2020/10/16,2020/11/01,2027/10/31,申請のあった取扱品目の製造に限る
112450-01,ＳＰＣＲＥＡＴＥ株式会社,ハレルヤ,飲食店営業,2026/06/15,2026/07/01,2032/06/30,
112451-01,,パン・キュイジーヌ・マ・ヨシムラ　,飲食店営業,2026/06/15,2026/07/01,2032/06/30,
112451-11,,パン・キュイジーヌ・マ・ヨシムラ,菓子製造業,2026/06/15,2026/07/01,2032/06/30,申請のあった取扱品目の製造に限る。
112452-11,ミエ・トロワジイル有限会社,ミエ・トロワジイル,菓子製造業,2025/10/16,2025/11/01,2031/10/31,申請のあった取扱品目の製造に限る。
112456-01,株式会社パンプキンズコーポレーション,パンプキンズコーポレーション　浮田クリニック店,飲食店営業,2020/10/20,2020/11/01,2027/10/31,
112460-01,株式会社ＨＩＲＯコーポレーション,もてなし家　とっくり,飲食店営業,2026/02/12,2026/03/01,2032/02/29,
112462-01,,カフェ　カマラード,飲食店営業,2026/06/10,2026/07/01,2032/06/30,
112463-01,株式会社トライアルカンパニー,スーパーセンタートライアル滋賀大津店　惣菜,飲食店営業,2021/06/15,2021/07/01,2028/06/30,
112465-03,株式会社トライアルカンパニー,スーパーセンタートライアル滋賀大津店　食肉,食肉販売業,2021/06/15,2021/07/01,2028/06/30,とさつ・解体は行わないこと
112479-31,株式会社明光ファクトリー,株式会社明光ファクトリー,食品の小分け業,2021/06/24,2021/07/01,2027/06/30,
112487-01,,グラバー亭,飲食店営業,2026/06/10,2026/07/01,2032/06/30,
112488-01,,あらい,飲食店営業,2026/02/09,2026/03/01,2032/02/29,
112491-01,,ふくろう珈琲店,飲食店営業,2026/06/08,2026/07/01,2032/06/30,
112492-07,,魚富商店,魚介類販売業,2020/10/16,2020/11/01,2026/10/31,
112492-29,,魚富商店,そうざい製造業,2020/10/16,2020/11/01,2026/10/31,申請のあった取扱品目の製造に限る
112496-01,,Ｃａｆｅ　Ｂａｒ　Ｃｅｒｖｉｎｏ,飲食店営業,2020/10/21,2020/11/01,2026/10/31,
112499-11,有限会社五兵衛,五兵衛,菓子製造業,2023/03/15,2023/03/23,2030/02/28,申請のあった取扱品目の製造に限る
112499-01,有限会社五兵衛,五兵衛,飲食店営業,2026/02/09,2026/03/01,2032/02/29,
112500-01,株式会社アドバンス,アドバンス　キッチンファクトリー　移動販売車（滋賀８００す３１３８）,飲食店営業,2024/02/20,2024/03/01,2030/02/28,自動車による営業に限る申請のあった取扱品目に限る
112502-01,,セブン－イレブン　大津大江７丁目店,飲食店営業,2021/06/14,2021/07/01,2028/06/30,
112509-01,布施マルタマフーズ株式会社,サービス付き高齢者住宅　ハートランド瀬田,飲食店営業,2021/06/17,2021/07/01,2029/06/30,
112510-01,日本レストランシステム株式会社,星乃珈琲店　大津別保店,飲食店営業,2026/06/16,2026/07/01,2032/06/30,
112511-01,日本レストランシステム株式会社,星乃珈琲店　大津真野店,飲食店営業,2020/10/14,2020/11/01,2026/10/31,
112511-02,日本レストランシステム株式会社,星乃珈琲店　大津真野店,菓子製造業,2020/10/14,2020/11/01,2026/10/31,申請のあった取扱品目の製造に限る
112513-01,,ごはん処　志琉家,飲食店営業,2026/02/12,2026/03/01,2032/02/29,
112517-01,有限会社カレーハウスドン,カレーハウス　ＤＯＮ（鈴鹿８００さ・８４５）,飲食店営業,2024/02/22,2024/03/01,2030/02/28,自動車による営業に限る申請のあった取扱品目に限る
112518-01,,セブン－イレブン　大津大将軍店,飲食店営業,2021/06/28,2021/07/01,2028/06/30,
112524-11,,薪窯焼きのパン　るぅた,菓子製造業,2021/10/11,2021/11/01,2028/10/31,申請のあった取扱品目の製造に限る
112527-01,,出島クラブ,飲食店営業,2020/10/13,2020/11/01,2026/10/31,
112527-30,,出島クラブ,密封包装食品製造業,2022/01/31,2022/02/14,2028/10/31,申請のあった取扱品目の製造に限る
112530-01,,稲家,飲食店営業,2026/06/08,2026/07/01,2032/06/30,
112531-01,,串カツ　立飲　揚揚,飲食店営業,2026/05/29,2026/07/01,2032/06/30,
112532-01,株式会社叶匠寿庵,叶匠寿庵　寿長生の郷　民家,飲食店営業,2021/04/26,2021/05/13,2027/06/30,
112532-01,株式会社叶匠寿庵,叶匠寿庵　寿長生の郷　民家,飲食店営業,2022/05/30,2022/06/13,2028/06/30,
112532-11,株式会社叶匠寿庵,叶匠寿庵　寿長生の郷　民家,菓子製造業,2026/06/09,2026/07/01,2032/06/30,申請のあった取扱品目の製造に限る。
112535-01,,ニコニコキッチン　大津店,飲食店営業,2021/06/14,2021/07/01,2028/06/30,
112536-01,,割烹　山さき,飲食店営業,2026/06/08,2026/07/01,2032/06/30,
112540-01,株式会社Ｂｅｓｔ　Ｄｅｌｉｇｈｔ　Ｇｒｏｕｐ,ホテル　アトランティス大津店,飲食店営業,2026/05/12,2026/07/01,2032/06/30,
112543-01,エームサービス株式会社,エームＳＪ　０２６７－１店,飲食店営業,2021/06/14,2021/07/01,2028/06/30,
112544-01,エームサービス株式会社,エームＳＪ　０２６７－２店,飲食店営業,2021/06/14,2021/07/01,2028/06/30,
112558-01,合資会社ＴＲＦ－ｏｎｅ,ファミリーマート　大将軍一丁目店,飲食店営業,2021/06/21,2021/07/01,2028/06/30,
112567-01,株式会社ＣＳ香里,Ｒｅｓｔａｕｒａｎｔ　Ｂｅｌ　ｖａｎ　Ｂｒｕｇｇｅ,飲食店営業,2021/02/05,2021/03/01,2027/02/28,
112568-01,,ハピネス　ビレッジ,飲食店営業,2021/02/04,2021/03/01,2027/02/28,
112570-01,滋賀医科大学生活協同組合,滋賀医科大学生活協同組合　食堂,飲食店営業,2021/06/18,2021/07/01,2028/06/30,
112573-01,,たけとら,飲食店営業,2020/10/15,2020/11/01,2026/10/31,
112575-01,琵琶湖汽船株式会社,ケータリングキッチン調理作業場,飲食店営業,2022/02/10,2022/03/01,2029/02/28,
112585-01,有限会社ＣＳＳ,ローソン真野インター店,飲食店営業,2021/10/14,2021/11/01,2028/10/31,
112590-01,,ＣＬＯＶＥＲ,飲食店営業,2026/06/08,2026/07/01,2032/06/30,
112591-11,,和菓子　豊月,菓子製造業,2022/02/10,2022/03/01,2028/02/29,申請のあった取扱品目の製造に限る
112595-01,,肉料理　くすたろう,飲食店営業,2021/02/08,2021/03/01,2027/02/28,
112598-11,,里山のめぐみ,菓子製造業,2026/06/09,2026/07/01,2032/06/30,申請のあった取扱品目の製造に限る。
112598-30,,里山のめぐみ,密封包装食品製造業,2026/06/09,2026/07/01,2032/06/30,申請のあった取扱品目の製造に限る。
112604-01,,ファミリーマート　そがわ千町店,飲食店営業,2021/06/14,2021/07/01,2028/06/30,
112605-01,,わらく,飲食店営業,2021/02/25,2021/03/01,2027/02/28,
112616-01,社会福祉法人共生シンフォニー,夢創舎,飲食店営業,2021/06/17,2021/07/01,2028/06/30,
112617-01,,Ｃａｆｅ　Ｄｉｎｉｎｇ　ＳＹＮＣ,飲食店営業,2020/10/21,2020/11/01,2026/10/31,
112622-01,,喫茶アキ,飲食店営業,2021/02/18,2021/03/01,2027/02/28,
112622-02,,喫茶アキ,菓子製造業,2021/02/18,2021/03/01,2027/02/28,申請のあった取扱品目の製造に限る
112628-29,,農工房ひらの加工部,漬物製造業,2024/07/22,2024/07/31,2031/06/30,申請のあった取扱品目の製造に限る
112629-01,,Ｊｅｗｅｌ,飲食店営業,2020/10/20,2020/11/01,2026/10/31,完成品又は半完成品の簡単な調理加工行為に限る
112631-01,株式会社ウイルステージ,カレータイム,飲食店営業,2021/06/14,2021/07/01,2028/06/30,
112631-25,株式会社ウイルステージ,カレータイム,そうざい製造業,2024/11/01,2024/11/07,2031/06/30,申請のあった取扱品目の製造に限る
112633-03,株式会社ハートフレンド,スーパーフレスコ神領店　精肉,食肉販売業,2021/06/18,2021/07/01,2028/06/30,とさつ・解体は行わないこと
112634-04,株式会社ハートフレンド,スーパーフレスコ神領店　鮮魚,魚介類販売業,2021/06/18,2021/07/01,2028/06/30,
112635-04,株式会社ハートフレンド,スーパーフレスコ神領店　鮮魚　バックヤード,魚介類販売業,2021/06/18,2021/07/01,2028/06/30,
112636-01,株式会社ハートフレンド,スーパーフレスコ神領店　デリカ,飲食店営業,2021/06/18,2021/07/01,2028/06/30,
112638-01,,窓屋,飲食店営業,2026/06/08,2026/07/01,2032/06/30,
112640-01,Ｗ．Ｓマーケッツ株式会社,プティ・ボヌール　大津京店,飲食店営業,2022/02/10,2022/03/01,2029/02/28,
112640-11,Ｗ．Ｓマーケッツ株式会社,プティ・ボヌール　大津京店,菓子製造業,2022/02/10,2022/03/01,2029/02/28,申請のあった取扱品目の製造に限る
112650-01,マックスバリュ東海株式会社,マックスバリュ膳所店　惣菜,飲食店営業,2022/02/08,2022/03/01,2029/02/28,
112651-01,マックスバリュ東海株式会社,マックスバリュ膳所店　寿司,飲食店営業,2022/02/08,2022/03/01,2029/02/28,
112652-04,マックスバリュ東海株式会社,マックスバリュ膳所店　水産,魚介類販売業,2022/02/08,2022/03/01,2029/02/28,
112653-03,マックスバリュ東海株式会社,マックスバリュ膳所店　畜産,食肉販売業,2022/02/08,2022/03/01,2029/02/28,とさつ・解体は行わないこと
112656-11,株式会社団十郎,団十郎,菓子製造業,2026/06/03,2026/07/01,2032/06/30,申請のあった取扱品目の製造に限る。
112658-01,,Ｗａｎｉ　Ｂａｓｅ,飲食店営業,2020/10/16,2020/11/01,2026/10/31,
112671-01,,創作家庭料理　おかん,飲食店営業,2026/06/11,2026/07/01,2032/06/30,
112673-01,,イタリアンバール　セレナ食堂,飲食店営業,2026/06/09,2026/07/01,2032/06/30,
112675-01,,ウグイス,飲食店営業,2026/06/10,2026/07/01,2032/06/30,
112676-01,株式会社塩梅,琵琶湖中央リハビリテーション病院,飲食店営業,2022/06/21,2022/07/01,2029/06/30,
112678-01,,ａ　ｔａｂｌｅ,飲食店営業,2020/10/20,2020/11/01,2026/10/31,
112678-02,,ａ　ｔａｂｌｅ,菓子製造業,2020/10/20,2020/11/01,2026/10/31,申請のあった取扱品目の製造に限る
112679-01,,ソース　オブ　ライフ,飲食店営業,2021/10/07,2021/11/01,2028/10/31,
112682-01,,ｓｏｒａｔｏｃｏ,飲食店営業,2020/10/19,2020/11/01,2026/10/31,そうざいは店頭販売に限る
112682-02,,ｓｏｒａｔｏｃｏ,菓子製造業,2020/10/19,2020/11/01,2026/10/31,申請のあった取扱品目の製造に限る
112683-01,,居酒屋　きこ,飲食店営業,2026/06/08,2026/07/01,2032/06/30,
112685-01,株式会社Ｆ・ｆ・ｆ,ＣＡＦＥ　ボーノ,飲食店営業,2020/10/12,2020/11/01,2026/10/31,
112698-01,合資会社スパールレイ,セブン－イレブン　大津神領店,飲食店営業,2021/06/15,2021/07/01,2028/06/30,
112701-01,株式会社大垣書店,大垣書店　フォレオ大津一里山店,飲食店営業,2021/06/15,2021/07/01,2027/06/30,
112703-01,有限会社まごころや,大蔵家総本店,飲食店営業,2022/06/16,2022/07/01,2028/06/30,
112710-01,株式会社Ｓｍｉｌｅ　Ｍａｋｅｒ,ファミリーマート大津国分店,飲食店営業,2022/06/16,2022/07/01,2028/06/30,
112711-11,,みけ夢,菓子製造業,2021/06/18,2021/07/01,2027/06/30,申請のあった取扱品目の製造に限る
112715-01,株式会社ＦＯＲＣＥ　ＡＢＩＬＩＴＹ,Ｇｉｒｌｓ　ｂａｒ　ＳＯＡＲ,飲食店営業,2021/06/18,2021/07/01,2027/06/30,簡易な営業に限る
112719-01,,カフェ　ヴィーゼ,飲食店営業,2020/10/14,2020/11/01,2026/10/31,
112723-01,,とり駒,飲食店営業,2021/06/17,2021/07/01,2027/06/30,
112724-01,,マロン,飲食店営業,2020/10/14,2020/11/01,2026/10/31,そうざいは店頭販売に限る
112729-01,アコーディア・ゴルフ・アセット合同会社,大津カントリークラブ　東コース　レストラン,飲食店営業,2022/06/14,2022/07/01,2029/06/30,
112731-01,アコーディア・ゴルフ・アセット合同会社,大津カントリークラブ　西コース　レストラン,飲食店営業,2022/06/14,2022/07/01,2029/06/30,
112734-01,,とりこう庵,飲食店営業,2021/02/01,2021/03/01,2027/02/28,そうざいは店頭販売に限る
112745-01,株式会社ジェイアール西日本デイリーサービスネット,セブン－イレブンハートインＪＲ石山駅南口店,飲食店営業,2021/06/14,2021/07/01,2028/06/30,
112746-01,群星フードサービス株式会社,ごはん屋瀬田店,飲食店営業,2021/06/24,2021/07/01,2027/06/30,
112755-01,,ＲＯＳＡ,飲食店営業,2020/10/27,2020/11/01,2026/10/31,
112758-01,株式会社マック,ＮＹＤＳ大津市役所店,飲食店営業,2022/02/10,2022/03/01,2029/02/28,
112767-01,有限会社ブルーベリーフィールズ紀伊國屋,カフェテリア結紀伊國屋（パン）,飲食店営業,2020/10/29,2020/11/01,2026/10/31,
112767-02,有限会社ブルーベリーフィールズ紀伊國屋,カフェテリア結紀伊國屋（パン）,菓子製造業,2020/10/29,2020/11/01,2026/10/31,申請のあった取扱品目の製造に限る
112771-01,,うりずん,飲食店営業,2021/02/26,2021/03/01,2027/02/28,
112773-01,,ローソン大津大平一丁目　店,飲食店営業,2022/06/17,2022/07/01,2028/06/30,
112774-01,株式会社ラウンドワンジャパン,ラウンドワンスタジアム　浜大津アーカス店（２階フードカウンター）,飲食店営業,2021/02/05,2021/03/01,2027/02/28,
112775-01,株式会社ラウンドワンジャパン,ラウンドワンスタジアム　浜大津アーカス店（３階　厨房）,飲食店営業,2021/02/05,2021/03/01,2027/02/28,
112776-01,株式会社ラウンドワンジャパン,ラウンドワンスタジアム　浜大津アーカス店（４階フードカウンター）,飲食店営業,2021/02/05,2021/03/01,2027/02/28,
112777-01,,ブラッスリー　久仁　Ｃｕｊｉｎ,飲食店営業,2021/02/04,2021/03/01,2027/02/28,
112785-01,,ＣＨＥＥＭＡ　ＡＵＮＴＹ（チーマ　アンティ）,飲食店営業,2020/10/14,2020/11/01,2026/10/31,そうざいは店頭販売に限る
112785-02,,ＣＨＥＥＭＡ　ＡＵＮＴＹ（チーマ　アンティ）,菓子製造業,2020/10/14,2020/11/01,2026/10/31,申請のあった取扱品目の製造に限る
112791-01,,ふじ井,飲食店営業,2020/10/20,2020/11/01,2026/10/31,
112792-01,,セブン－イレブン　琵琶湖大橋西口店,飲食店営業,2021/10/07,2021/11/01,2028/10/31,
112794-01,,ローソン　大津市萱野浦　店,飲食店営業,2022/06/16,2022/07/01,2028/06/30,
112797-01,,クラブ　静香,飲食店営業,2021/02/26,2021/03/01,2027/02/28,
112801-01,,たまや,飲食店営業,2021/02/25,2021/03/01,2027/02/28,
112808-11,株式会社団喜,株式会社団喜,菓子製造業,2021/10/12,2021/11/01,2028/10/31,申請のあった取扱品目の製造に限る
112809-01,元三フード株式会社,生鮮館げんさん堅田店　そう菜コーナー,飲食店営業,2021/10/07,2021/11/01,2028/10/31,
112809-11,元三フード株式会社,生鮮館げんさん堅田店　そう菜コーナー,菓子製造業,2024/10/18,2024/11/01,2031/10/31,申請のあった取扱品目の製造に限る
112809-25,元三フード株式会社,生鮮館げんさん堅田店　そう菜コーナー,そうざい製造業,2025/10/20,2025/11/01,2032/10/31,申請のあった取扱品目の製造に限る。
112813-01,,杢,飲食店営業,2020/10/20,2020/11/01,2026/10/31,
112813-11,,杢,菓子製造業,2022/10/20,2022/11/01,2028/10/31,申請のあった取扱品目の製造に限る
112815-01,株式会社アンブロシア,ファミリーマート大津朝日が丘店,飲食店営業,2022/02/10,2022/03/01,2029/02/28,
112820-01,,Ｌａｐｉｎ　ａｍｏｕｒ,飲食店営業,2021/10/11,2021/11/01,2027/10/31,
112822-01,,とり重,飲食店営業,2021/02/26,2021/03/01,2027/02/28,
112825-01,,ｊｏｕ,飲食店営業,2021/02/26,2021/03/01,2027/02/28,
112833-11,和公企画株式会社,パンブロー　大津一里山店,菓子製造業,2022/06/17,2022/07/01,2029/06/30,申請のあった取扱品目の製造に限る
112836-01,,Ｗａｎｉ　Ｂａｓｅ（滋賀８００さ８４５６）,飲食店営業,2025/02/05,2025/03/01,2030/02/28,自動車による営業に限る申請のあった取扱品目に限る簡易な調理に限る加熱調理食品の提供に限る
112841-01,,旬彩酒房西ぼり,飲食店営業,2021/06/18,2021/07/01,2027/06/30,
112843-01,,トワイライト倶楽部,飲食店営業,2021/02/18,2021/03/01,2027/02/28,
112847-01,,やきもん亭,飲食店営業,2025/02/05,2025/03/01,2030/02/28,簡単な調理加工行為に限る巡回移動営業に限る申請のあった営業場所に限る申請のあった取扱品目に限る加熱調理食品の提供に限る
112848-03,株式会社かないち,肉処　かないち,食肉販売業,2022/06/16,2022/07/01,2029/06/30,とさつ・解体をしないこと
112852-01,株式会社ＲＭＣ,ファミリーマート　大津黒津店,飲食店営業,2022/06/16,2022/07/01,2028/06/30,
112853-01,,銀のうさぎ,飲食店営業,2021/06/15,2021/07/01,2027/06/30,
112856-01,,Ｅｌｉｓｅ,飲食店営業,2021/02/08,2021/03/01,2027/02/28,
112860-01,有限会社惣菜のさくら,喫茶イシイ,飲食店営業,2021/06/18,2021/07/01,2027/06/30,
112861-11,,パティスリー　カシュカシュ,菓子製造業,2022/06/15,2022/07/01,2029/06/30,申請のあった取扱品目の製造に限る
112861-01,,パティスリー　カシュカシュ,飲食店営業,2026/05/07,2026/05/29,2032/06/30,
112869-01,東住吉マルタマフーズ株式会社,特別養護老人ホーム　風流里,飲食店営業,2023/06/16,2023/07/01,2031/06/30,
112871-01,,スナック　Ｅｍｕ　エム,飲食店営業,2021/10/11,2021/11/01,2027/10/31,
112875-01,,ｃｈｉｙｏ,飲食店営業,2021/02/08,2021/03/01,2027/02/28,
112875-02,,ｃｈｉｙｏ,菓子製造業,2021/02/08,2021/03/01,2027/02/28,申請のあった取扱品目の製造に限る
112876-01,生活協同組合コープしが,コープぜぜ店　惣菜コーナー,飲食店営業,2023/02/09,2023/03/01,2030/02/28,
112877-04,生活協同組合コープしが,コープぜぜ店　鮮魚コーナー,魚介類販売業,2023/02/09,2023/03/01,2030/02/28,
112878-03,生活協同組合コープしが,コープぜぜ店　精肉コーナー,食肉販売業,2023/02/09,2023/03/01,2030/02/28,とさつ・解体は行わないこと
112881-01,株式会社ハナウマ,ローソン大津平野二丁目店,飲食店営業,2022/06/16,2022/07/01,2028/06/30,
112882-02,,Ａｍｂｉｔｉｅｕｓｅ－ｓａｌｏｎ,菓子製造業,2021/02/09,2021/03/01,2027/02/28,申請のあった取扱品目の製造に限る
112883-11,生活協同組合コープしが,コープぜぜ店　ベーカリーコーナー,菓子製造業,2022/02/10,2022/03/01,2029/02/28,申請のあった取扱品目の製造に限る
112885-02,,工房　比良の四季菜,菓子製造業,2020/10/16,2020/11/01,2026/10/31,申請のあった取扱品目の製造に限る
112885-29,,工房　比良の四季菜,そうざい製造業,2020/10/16,2020/11/01,2026/10/31,申請のあった取扱品目の製造に限る
112886-02,,ｐａｔｉｓｓｅｒｉｅ　ｂｏｎＳＯＵＶＥＮＩＲＳ（パティスリ　ボンスヴニール）,菓子製造業,2021/02/03,2021/03/01,2027/02/28,申請のあった取扱品目の製造に限る
112891-01,,自転車処どてるし,飲食店営業,2021/10/11,2021/11/01,2027/10/31,
112892-03,ヴィアンド株式会社,サカエ屋（石山店）,食肉販売業,2021/06/18,2021/07/01,2027/06/30,とさつ・解体は行わないこと
112892-25,ヴィアンド株式会社,サカエ屋（石山店）,そうざい製造業,2021/06/18,2021/07/01,2027/06/30,申請のあった取扱品目の製造に限る
112893-01,,ＢＡＲ　Ｍｅｇ．Ｃ,飲食店営業,2021/06/17,2021/07/01,2027/06/30,
112895-14,株式会社Ｃ．Ｒ．Ｓ,株式会社Ｃ．Ｒ．Ｓ,清涼飲料水製造業,2021/10/14,2021/11/01,2027/10/31,申請のあった取扱品目の製造に限る
112898-01,,花ちょうちん,飲食店営業,2021/02/24,2021/03/01,2027/02/28,そうざいは店頭販売に限る
112899-01,あしづかホーム株式会社,ＫＡＹＡＮＯ　ＣＯＦＦＥＥ,飲食店営業,2021/06/14,2021/07/01,2027/06/30,
112914-01,,鉄板屋　Ｒａｍｐ,飲食店営業,2021/01/29,2021/03/01,2027/02/28,
112915-11,生活協同組合コープしが,コープぜぜ店　農産コーナー,菓子製造業,2023/02/09,2023/02/24,2030/02/28,申請のあった取扱品目の製造に限る
112918-01,株式会社ホライズン,ローソン浜大津四丁目店,飲食店営業,2022/02/10,2022/03/01,2029/02/28,
112920-01,株式会社ホライズン,ローソン大津駅前店,飲食店営業,2022/02/10,2022/03/01,2029/02/28,
112921-01,特定非営利活動法人夢の木,ダイニング　ゆめの木,飲食店営業,2022/10/20,2022/11/01,2029/10/31,
112921-11,特定非営利活動法人夢の木,ダイニング　ゆめの木,菓子製造業,2022/10/20,2022/11/01,2029/10/31,申請のあった取扱品目の製造に限る
112922-01,,居酒屋すいめい,飲食店営業,2022/02/10,2022/03/01,2028/02/29,
112923-01,株式会社共立,おべんとうや堅田店,飲食店営業,2021/10/11,2021/11/01,2027/10/31,
112925-01,,Ｅ－ｇｉｒｌｓ,飲食店営業,2022/02/10,2022/03/01,2028/02/29,
112926-01,,葡萄屋,飲食店営業,2021/06/15,2021/07/01,2027/06/30,
112928-01,株式会社ＣＡＭＥＬ,灯　ともり,飲食店営業,2021/06/14,2021/07/01,2027/06/30,
112930-01,エームサービス株式会社,エームＳＪ　１３４４店,飲食店営業,2021/06/14,2021/07/01,2028/06/30,
112936-01,,仰木の里そば処だるま,飲食店営業,2021/10/12,2021/11/01,2027/10/31,
112937-01,,ｔｕｋｕ＿ｔａ,飲食店営業,2021/10/11,2021/11/01,2027/10/31,
112937-11,,ｔｕｋｕ＿ｔａ,菓子製造業,2021/10/11,2021/11/01,2027/10/31,申請のあった取扱品目の製造に限る
112938-01,,直,飲食店営業,2022/02/10,2022/03/01,2028/02/29,
112941-01,,立正園茶舗,飲食店営業,2021/10/11,2021/11/01,2027/10/31,
112946-01,宗教法人園城寺,園城寺　本寿院　ながら茶房,飲食店営業,2022/02/10,2022/03/01,2028/02/29,
112948-01,株式会社京都第一興商,ビッグエコー瀬田店,飲食店営業,2021/06/15,2021/07/01,2027/06/30,
112952-01,株式会社湖国料理井筒,喫茶　カフェテリア,飲食店営業,2021/10/11,2021/11/01,2027/10/31,
112958-01,株式会社井筒八ツ橋本舗,株式会社井筒八ツ橋本舗　追分店,飲食店営業,2022/02/10,2022/03/01,2028/02/29,
112960-01,,馳走柚子,飲食店営業,2022/02/10,2022/03/01,2028/02/29,
112961-01,株式会社あたか,あたか飯店　浜大津店,飲食店営業,2022/02/10,2022/03/01,2028/02/29,
112964-01,京阪ホテルズ＆リゾーツ株式会社,琵琶湖ホテル屋上アウトドアバーベキュー星,飲食店営業,2023/02/07,2023/03/01,2030/02/28,
112969-01,株式会社秀静,ローソン琵琶湖グランドホテル店,飲食店営業,2022/10/24,2022/11/01,2028/10/31,
112970-25,,キムチの玉朱（オクジュ）,そうざい製造業,2021/10/12,2021/11/01,2027/10/31,申請のあった取扱品目の製造に限る
112970-29,,キムチの玉朱（オクジュ）,漬物製造業,2024/11/18,2024/11/27,2031/10/31,申請のあった取扱品目の製造に限る
112974-01,,滋賀石山ＴＯＭＯにぼ次朗,飲食店営業,2021/06/15,2021/07/01,2027/06/30,
112976-01,一冨士フードサービス株式会社,２４８６事業所,飲食店営業,2023/02/10,2023/03/01,2030/02/28,
112978-01,マックスバリュ東海株式会社,マックスバリュ膳所店　ドリップコーヒー,飲食店営業,2022/02/08,2022/03/01,2028/02/29,簡易な営業に限る
112985-01,ブライアンテック有限会社,Ｆｉｋａ　Ｃｏｆｆｅｅ,飲食店営業,2022/02/10,2022/03/01,2028/02/29,
112991-01,,しちふく,飲食店営業,2022/02/10,2022/03/01,2028/02/29,
112994-01,,ウエザ,飲食店営業,2021/10/13,2021/11/01,2027/10/31,
112997-01,,中津からあげ専門店　吉吾（大分８００す３１０３）,飲食店営業,2026/02/20,2026/03/01,2031/02/28,自動車による営業に限る。給水・廃水タンクの容量は約２００Ｌ以上とする。
113003-01,トータルケアライフ株式会社,ｃａｆｅ　ｅｔ　ａｌｏｒｓ（カフェ・エ・アロール）,飲食店営業,2021/06/14,2021/07/01,2027/06/30,
113004-01,,Ｓｉｖａ,飲食店営業,2021/10/12,2021/11/01,2027/10/31,簡易な営業に限る
113009-01,株式会社アリス,鳥貴族　瀬田店,飲食店営業,2022/06/16,2022/07/01,2028/06/30,
113013-01,株式会社ヨシックスフーズ,や台ずし　大津駅前町,飲食店営業,2022/02/10,2022/03/01,2028/02/29,
113015-17,,ラウンジ　みかど,食肉販売業,2020/07/13,2020/07/17,2027/06/30,とさつ・解体をしないこと
113015-01,,ラウンジ　みかど,飲食店営業,2021/09/08,2021/09/15,2028/06/30,
113019-01,,ＣＡＭＯ！ｕｆｌａｇｅ,飲食店営業,2022/06/16,2022/07/01,2029/06/30,
113020-01,,ｃｈｏｕ　ｃｈｏｕ,飲食店営業,2022/02/22,2022/03/01,2028/02/29,
113022-01,株式会社川端商店,セブンーイレブン　大津真野４丁目店,飲食店営業,2022/10/20,2022/11/01,2028/10/31,
113024-01,,呑み処　美ゆき,飲食店営業,2021/06/25,2021/07/01,2027/06/30,
113025-01,,ＯＲＩＯＮ,飲食店営業,2021/06/14,2021/07/01,2027/06/30,簡易な営業に限る
113028-01,,輝良里,飲食店営業,2021/06/15,2021/07/01,2027/06/30,
113031-01,,ピンクのリボン,飲食店営業,2021/06/14,2021/07/01,2027/06/30,
113037-01,,なないちいち,飲食店営業,2021/06/14,2021/07/01,2027/06/30,
113043-01,株式会社江口・グループ,わびさび・屋,飲食店営業,2021/06/15,2021/07/01,2027/06/30,
113045-01,,酔ｉｎ,飲食店営業,2021/06/17,2021/07/01,2027/06/30,
113046-01,,炭火焼肉　界家,飲食店営業,2023/06/20,2023/07/01,2030/06/30,
113047-01,トレスリアルエステート株式会社,モンシェルトントン,飲食店営業,2021/06/14,2021/07/01,2027/06/30,
113050-01,京阪ホテルズ＆リゾーツ株式会社,琵琶湖ホテル　２Ｆダイニング　ベルラーゴ,飲食店営業,2023/02/07,2023/03/01,2030/02/28,
113051-01,京阪ホテルズ＆リゾーツ株式会社,琵琶湖ホテル　２Ｆバー　ベルラーゴ,飲食店営業,2023/02/07,2023/03/01,2029/02/28,
113053-01,有限会社向陽淀すし,有限会社向陽淀すし,飲食店営業,2021/10/12,2021/11/01,2027/10/31,
113055-11,,ひらぱん,菓子製造業,2021/10/15,2021/11/01,2027/10/31,申請のあった取扱品目の製造に限る
113055-30,,ひらぱん,密封包装食品製造業,2021/08/10,2021/08/19,2027/10/31,申請のあった取扱品目の製造に限る
113056-11,株式会社菓匠将満,株式会社菓匠将満,菓子製造業,2021/10/29,2021/11/01,2027/10/31,申請のあった取扱品目の製造に限る
113057-01,株式会社高栄ホーム,家カフェ＋Ｇａｒｄｅｎ,飲食店営業,2023/06/26,2023/07/01,2030/06/30,
113057-11,株式会社高栄ホーム,家カフェ＋Ｇａｒｄｅｎ,菓子製造業,2023/06/26,2023/07/04,2031/06/30,申請のあった取扱品目の製造に限る
113058-01,,Ｂ・Ｂ・ＤＹＬＡＮ,飲食店営業,2021/10/12,2021/11/01,2027/10/31,
113059-11,,二丁目商店,菓子製造業,2021/10/12,2021/11/01,2027/10/31,申請のあった取扱品目の製造に限る
113067-01,,滋賀　丼丸　大津駅前店,飲食店営業,2022/02/10,2022/03/01,2028/02/29,
113069-01,社会福祉法人大津市社会福祉事業団,大津市立北老人福祉センター,飲食店営業,2021/10/14,2021/11/01,2027/10/31,
113071-01,,クッキングサロン田中,飲食店営業,2021/10/12,2021/11/01,2027/10/31,
113071-11,,クッキングサロン田中,菓子製造業,2024/10/17,2024/10/24,2030/10/31,申請のあった取扱品目の製造に限る
113077-01,大津志賀地域振興観光株式会社,道の駅「妹子の郷」,飲食店営業,2022/10/20,2022/11/01,2028/10/31,
113077-11,大津志賀地域振興観光株式会社,道の駅「妹子の郷」,菓子製造業,2022/10/20,2022/11/01,2028/10/31,申請のあった取扱品目の製造に限る
113078-01,,旬食　べに屋,飲食店営業,2021/10/12,2021/11/01,2027/10/31,
113079-01,大津志賀地域振興観光株式会社,ローソン和邇妹子の郷店,飲食店営業,2022/10/20,2022/11/01,2028/10/31,
113083-01,布施マルタマフーズ株式会社,サービス付高齢者向け住宅　ハートランド湖西,飲食店営業,2024/02/15,2024/03/01,2032/02/29,
113088-01,株式会社ｎａｄｅｓｈｉｃｏ,ウオマルと鶏丸　石山店,飲食店営業,2023/06/16,2023/07/01,2030/06/30,
113094-01,,ｒｕＲｅｍａｋｅ,飲食店営業,2022/02/07,2022/03/01,2028/02/29,
113096-01,,ファミリーマート大津稲津一丁目店,飲食店営業,2023/06/16,2023/07/01,2030/06/30,
113098-01,株式会社光洋,カフェ・コア　大津赤十字病院店,飲食店営業,2022/02/10,2022/03/01,2028/02/29,
113099-11,株式会社光洋,レストラン「ビアンモール」パン工房,菓子製造業,2023/02/10,2023/03/01,2029/02/28,申請のあった取扱品目の製造に限る
113100-01,株式会社光洋,レストラン「ビアンモール」,飲食店営業,2023/02/10,2023/03/01,2029/02/28,
113101-17,株式会社１＆Ｄ,ワンカルビ西大津店,食肉販売業,2020/04/22,2020/04/24,2027/02/28,とさつ・解体をしないこと
113101-01,株式会社１＆Ｄ,ワンカルビ西大津店,飲食店営業,2023/02/08,2023/03/01,2029/02/28,
113105-11,,手づくり工房ＪＵＮ,菓子製造業,2022/06/16,2022/07/01,2028/06/30,申請のあった取扱品目の製造に限る
113114-01,株式会社平和堂,（株）平和堂スーパーフレンド大石店,飲食店営業,2023/06/16,2023/07/01,2030/06/30,
113118-01,宗教法人近江福音自由教会,カフェ　おうみ’ｎ,飲食店営業,2022/02/10,2022/03/01,2028/02/29,
113123-01,,メンバーズＭＯＲＥ,飲食店営業,2022/02/10,2022/03/01,2028/02/29,
113130-01,医療法人桂川レディースクリニック,医療法人桂川レディースクリニック,飲食店営業,2023/06/19,2023/07/01,2030/06/30,
113132-01,株式会社ヤオキュウコーポレーション,（株）ヤオキュウコーポレーション,飲食店営業,2023/02/10,2023/03/01,2030/02/28,
113132-25,株式会社ヤオキュウコーポレーション,（株）ヤオキュウコーポレーション,そうざい製造業,2023/02/10,2023/03/01,2030/02/28,申請のあった取扱品目の製造に限る
113133-01,,ふじの木茶屋,飲食店営業,2022/02/10,2022/03/01,2028/02/29,
113139-01,,咲たこ,飲食店営業,2026/02/12,2026/03/01,2031/02/28,巡回移動営業に限る。申請のあった取扱品目に限る。加熱調理食品の提供に限る。簡易な調理に限る。
113141-01,株式会社鳥貴族西日本,鳥貴族　大津京店,飲食店営業,2023/02/10,2023/03/01,2029/02/28,
113143-01,,里カフェ　優空,飲食店営業,2021/10/11,2021/11/01,2027/10/31,
113143-11,,里カフェ　優空,菓子製造業,2021/10/11,2021/11/01,2027/10/31,申請のあった取扱品目の製造に限る
113144-24,特定非営利活動法人あめんど,特定非営利活動法人あめんど,ソース類製造業,2020/07/17,2020/07/29,2028/06/30,申請のあった取扱品目の製造に限る
113144-11,特定非営利活動法人あめんど,特定非営利活動法人あめんど,菓子製造業,2022/06/16,2022/07/01,2028/06/30,申請のあった取扱品目の製造に限る
113144-30,特定非営利活動法人あめんど,特定非営利活動法人あめんど,密封包装食品製造業,2022/08/03,2022/08/24,2029/06/30,申請のあった取扱品目の製造に限る
113145-01,,サロンカフェ　茶々,飲食店営業,2022/02/08,2022/03/01,2028/02/29,
113154-01,有限会社楽坐,ブッチャーズバル　十八,飲食店営業,2022/02/10,2022/03/01,2028/02/29,
113155-11,大黒天物産株式会社,ラ・ムー雄琴店（ベーカリー）,菓子製造業,2022/10/19,2022/11/01,2029/10/31,申請のあった取扱品目の製造に限る
113156-01,大黒天物産株式会社,ラ・ムー雄琴店（惣菜）,飲食店営業,2022/10/19,2022/11/01,2029/10/31,
113157-01,大黒天物産株式会社,ラ・ムー雄琴店（パクパク）,飲食店営業,2022/10/19,2022/11/01,2029/10/31,
113158-03,大黒天物産株式会社,ラ・ムー雄琴店（精肉）,食肉販売業,2022/10/19,2022/11/01,2029/10/31,とさつ・解体は行わないこと
113160-01,大黒天物産株式会社,ラ・ムー雄琴店（鮮魚）,飲食店営業,2022/10/19,2022/11/01,2029/10/31,
113160-04,大黒天物産株式会社,ラ・ムー雄琴店（鮮魚）,魚介類販売業,2022/10/19,2022/11/01,2029/10/31,
113162-01,,大阪みつわ,飲食店営業,2026/02/16,2026/03/01,2031/02/28,巡回移動営業に限る。申請のあった取扱品目に限る。加熱調理食品の提供に限る。簡易な調理に限る。
113163-01,,ｃａｆｅ　ｆｕｋｕｂａｋｏ,飲食店営業,2022/06/16,2022/07/01,2028/06/30,
113163-11,,ｃａｆｅ　ｆｕｋｕｂａｋｏ,菓子製造業,2022/06/16,2022/07/01,2028/06/30,申請のあった取扱品目の製造に限る
113173-01,,カラオケ　Ｌｉｖｅ　Ｓｔｕｄｉｏ　ＲＩＯＮ（里音）,飲食店営業,2021/10/14,2021/11/01,2027/10/31,
113174-01,株式会社ハーモニー・レゾナンス,Ｃａｆｅ＆Ｒｅｓｔａｕｒａｎｔ　Ｒｉｎｄｕ　ＢＡＬＩ,飲食店営業,2022/06/16,2022/07/01,2028/06/30,
113176-01,株式会社平和堂,株式会社　平和堂　フレンドマート唐崎店　デリカ,飲食店営業,2023/02/10,2023/03/01,2030/02/28,
113176-11,株式会社平和堂,株式会社　平和堂　フレンドマート唐崎店　デリカ,菓子製造業,2023/02/10,2023/03/01,2030/02/28,申請のあった取扱品目の製造に限る
113177-01,株式会社平和堂,株式会社　平和堂　フレンドマート唐崎店　鮮魚,飲食店営業,2023/02/10,2023/03/01,2030/02/28,
113177-04,株式会社平和堂,株式会社　平和堂　フレンドマート唐崎店　鮮魚,魚介類販売業,2023/02/10,2023/03/01,2030/02/28,
113178-03,株式会社平和堂,株式会社　平和堂　フレンドマート唐崎店　精肉,食肉販売業,2023/02/10,2023/03/01,2030/02/28,とさつ・解体は行わないこと
113179-01,,ｃａｆｅ＆ｇａｌｌｅｒｙ　キマッシ,飲食店営業,2021/10/14,2021/11/01,2027/10/31,
113181-22,,西駒とうふ店,豆腐製造業,2022/10/20,2022/11/01,2028/10/31,申請のあった取扱品目の製造に限る
113183-11,,ヒノデマフィンアンドベーグル,菓子製造業,2021/10/14,2021/11/01,2027/10/31,申請のあった取扱品目の製造に限る
113183-01,,ヒノデマフィンアンドベーグル,飲食店営業,2025/10/21,2025/11/01,2031/10/31,
113188-01,,ファミリーマート和邇南浜店,飲食店営業,2022/10/24,2022/11/01,2028/10/31,
113194-01,有限会社ＡＳＰ,Ａ．Ｓ．Ｐ　ＣＯＦＦＥＥ　堅田店,飲食店営業,2021/10/18,2021/11/01,2027/10/31,
113196-01,,一杯呑家（笑）なりぞう,飲食店営業,2022/06/17,2022/07/01,2028/06/30,簡易な営業に限る
113197-01,株式会社セブン－イレブン・ジャパン,セブン－イレブン　大津坂本３丁目店,飲食店営業,2023/10/17,2023/11/01,2030/10/31,
113199-01,,白虎,飲食店営業,2022/10/20,2022/11/01,2029/10/31,
113199-25,,白虎,そうざい製造業,2022/10/20,2022/11/01,2029/10/31,申請のあった取扱品目の製造に限る
113201-01,,サラン,飲食店営業,2022/06/17,2022/07/01,2028/06/30,
113205-01,,セブン－イレブン　大津阪本店,飲食店営業,2023/10/16,2023/11/01,2030/10/31,
113211-11,株式会社平和堂,平和堂　和迩店（ベーカリー）,菓子製造業,2023/10/13,2023/11/01,2030/10/31,申請のあった取扱品目に限る
113212-01,株式会社ＣＡＭＥＬ,粉もんダイニング　あ・うん　ＩＳＨＩＹＡＭＡ,飲食店営業,2022/06/17,2022/07/01,2028/06/30,
113218-01,ブライト株式会社,割烹　ゆう介,飲食店営業,2022/02/10,2022/03/01,2028/02/29,
113223-01,株式会社ハートフレンド,フレスコ　向陽店（デリカ）,飲食店営業,2023/10/13,2023/11/01,2030/10/31,
113224-01,株式会社ハートフレンド,フレスコ　向陽店（鮮魚）,飲食店営業,2023/10/13,2023/11/01,2030/10/31,
113224-04,株式会社ハートフレンド,フレスコ　向陽店（鮮魚）,魚介類販売業,2023/10/13,2023/11/01,2030/10/31,
113228-01,有限会社ケーアンドエヌ,カフェ　白いピアノ,飲食店営業,2022/02/14,2022/03/01,2028/02/29,
113230-01,ＳＰＣＲＥＡＴＥ株式会社,セタセンター,飲食店営業,2022/06/17,2022/07/01,2028/06/30,
113232-01,,梅原水産,飲食店営業,2022/06/17,2022/07/01,2028/06/30,
113234-01,,小町,飲食店営業,2022/06/20,2022/07/01,2028/06/30,
113236-01,,Ｇｏ　Ｃｒａｙｏｎ,飲食店営業,2022/02/14,2022/03/01,2028/02/29,
113237-12,ジェラート・ベネ株式会社,ジェラート・ベネ　滋賀工場,アイスクリーム類製造業,2023/10/17,2023/11/01,2030/10/31,申請のあった取扱品目の製造に限る
113239-02,株式会社フォルスタッフ,パッチョコーネ,菓子製造業,2020/04/06,2020/04/10,2026/10/31,申請のあった取扱品目の製造に限る
113239-29,株式会社フォルスタッフ,パッチョコーネ,そうざい製造業,2020/09/25,2020/09/30,2026/10/31,申請のあった取扱品目の製造に限る
113239-01,株式会社フォルスタッフ,パッチョコーネ,飲食店営業,2022/10/18,2022/11/01,2028/10/31,
113240-01,,ひろ,飲食店営業,2022/02/14,2022/03/01,2028/02/29,簡易な営業に限る
113242-01,株式会社魚国総本社,魚国総本社・大津２７９５４,飲食店営業,2023/02/10,2023/03/01,2029/02/28,
113245-01,,タカラ麻雀,飲食店営業,2022/02/14,2022/03/01,2029/02/28,
113247-01,株式会社淡海,セブン－イレブン瀬田駅前店,飲食店営業,2023/06/16,2023/07/01,2030/06/30,
113250-01,,セブン－イレブン　大津唐崎２丁目店,飲食店営業,2023/02/13,2023/03/01,2030/02/28,
113254-01,,お食事・喫茶・龍,飲食店営業,2022/10/20,2022/11/01,2028/10/31,
113256-01,,いさ奈,飲食店営業,2022/02/14,2022/03/01,2028/02/29,
113258-01,株式会社ファイブスター,ココス瀬田川店,飲食店営業,2023/06/16,2023/07/01,2030/06/30,
113262-01,,ｈｅｌｌｏ,飲食店営業,2022/06/17,2022/07/01,2028/06/30,簡易な営業に限る
113268-01,,ラウンジ　ジュン,飲食店営業,2022/02/15,2022/03/01,2028/02/29,
113270-01,,スタンド　林屋,飲食店営業,2022/02/21,2022/03/01,2028/02/29,
113272-01,有限会社森の生活,オーベルジュメソン,飲食店営業,2022/10/20,2022/11/01,2028/10/31,
113273-11,株式会社鮎家,株式会社　鮎家　藤齋事業部,菓子製造業,2023/10/17,2023/11/01,2030/10/31,申請のあった取扱品目の製造に限る
113274-11,,よりみちぱん,菓子製造業,2024/02/19,2024/03/01,2031/02/28,申請のあった取扱品目の製造に限る
113275-01,,Ｂａｒ　ｉｃｏｃａ,飲食店営業,2022/02/14,2022/03/01,2028/02/29,
113282-01,,割烹　成,飲食店営業,2022/02/14,2022/03/01,2028/02/29,
113283-01,塩梅株式会社,Ｏｓｔｅｒｉａ　Ｂｌａｎｃａ,飲食店営業,2022/06/21,2022/07/01,2028/06/30,
113284-01,,お食事　アケミ,飲食店営業,2022/02/15,2022/03/01,2028/02/29,
113285-01,,タナカ,飲食店営業,2023/02/10,2023/03/01,2029/02/28,
113289-01,株式会社ＣＲＥＡＴＩＶＥ　ＲＯＯＭ,ライブスペース　ユーストン,飲食店営業,2022/06/16,2022/07/01,2028/06/30,
113293-01,株式会社不二家商事,ファミリーマート龍谷大学店,飲食店営業,2023/06/20,2023/07/01,2030/06/30,
113296-01,,手作りパン工房　たんぽぽ,飲食店営業,2022/06/21,2022/07/01,2028/06/30,
113296-11,,手作りパン工房　たんぽぽ,菓子製造業,2022/06/21,2022/07/01,2028/06/30,申請のあった取扱品目の製造に限る
113303-01,株式会社日本セレモニー,大津石山典礼会館,飲食店営業,2023/06/22,2023/07/01,2030/06/30,
113308-01,大吉畜産株式会社,農家レストラン　だいきち,飲食店営業,2023/10/17,2023/11/01,2029/10/31,
113308-03,大吉畜産株式会社,農家レストラン　だいきち,食肉販売業,2023/10/17,2023/11/01,2029/10/31,とさつ・解体は行わないこと
113308-25,大吉畜産株式会社,農家レストラン　だいきち,そうざい製造業,2023/10/17,2023/11/01,2029/10/31,申請のあった取扱品目の製造に限る
113309-01,,石山寺山門前　ほたるの里　寺前浪漫,飲食店営業,2022/06/17,2022/07/01,2028/06/30,
113312-01,株式会社叶匠寿庵,叶匠寿庵　石山寺店,飲食店営業,2022/06/17,2022/07/01,2028/06/30,
113314-01,株式会社仁々木,仁々木　石山寺店,飲食店営業,2022/05/30,2022/06/03,2028/06/30,
113316-11,株式会社ＬＡＰＯ,ＰＡＴＩＳＳＥＲＩＥ　ＬＡ　ＰＯＣＨＥ,菓子製造業,2024/02/19,2024/03/01,2031/02/28,申請のあった取扱品目の製造に限る
113317-01,,びわ湖食堂　きまぐれ,飲食店営業,2023/02/14,2023/03/01,2029/02/28,
113319-01,,駅前酒場　御蔵,飲食店営業,2023/02/13,2023/03/01,2029/02/28,
113321-01,株式会社Ｇｒａｎｄｅ　Ｖａｒｉｅｔｅ,Ｌｏｕｎｇｅ　Ｂｅｌｌｅ,飲食店営業,2022/06/17,2022/07/01,2028/06/30,簡易な営業に限る
113324-01,,レコーズ,飲食店営業,2023/02/14,2023/03/01,2029/02/28,
113334-01,,四季彩,飲食店営業,2022/10/20,2022/11/01,2028/10/31,
113335-01,,焙煎函数ＣＡＦＥ２ＣＶ,飲食店営業,2022/06/13,2022/07/01,2028/06/30,
113335-11,,焙煎函数ＣＡＦＥ２ＣＶ,菓子製造業,2022/06/13,2022/07/01,2028/06/30,申請のあった取扱品目の製造に限る
113338-01,西武造園株式会社,びわこ池田記念墓地公園内　湖水亭,飲食店営業,2023/06/16,2023/07/01,2030/06/30,
113343-01,,居酒屋　友,飲食店営業,2022/06/17,2022/07/01,2028/06/30,
113345-01,株式会社ハートフレンド,フレスコ堅田店（デリカ）,飲食店営業,2023/10/13,2023/11/01,2030/10/31,
113346-03,株式会社ハートフレンド,フレスコ堅田店（精肉）,食肉販売業,2023/10/13,2023/11/01,2030/10/31,とさつ・解体は行わないこと
113347-01,株式会社ハートフレンド,フレスコ堅田店（鮮魚）,飲食店営業,2023/10/13,2023/11/01,2030/10/31,
113347-04,株式会社ハートフレンド,フレスコ堅田店（鮮魚）,魚介類販売業,2023/10/13,2023/11/01,2030/10/31,
113357-01,,ＩＫＯＩⅡ,飲食店営業,2022/10/24,2022/11/01,2028/10/31,
113359-03,株式会社Ｗｈａｔ’ｓ,Ｗｈａｔ’ｓ　Ｔｈｅ　Ｌｉｆｅ　Ｓｔｙｌｅ,食肉販売業,2023/10/23,2023/11/01,2030/10/31,とさつ・解体は行わないこと
113359-15,株式会社Ｗｈａｔ’ｓ,Ｗｈａｔ’ｓ　Ｔｈｅ　Ｌｉｆｅ　Ｓｔｙｌｅ,食肉製品製造業,2023/10/23,2023/11/01,2030/10/31,申請のあった取扱品目の製造に限る
113363-01,,八百与,飲食店営業,2023/02/14,2023/03/01,2029/02/28,
113364-01,,オステリア　ソニドーロ,飲食店営業,2023/02/14,2023/03/01,2029/02/28,
113367-01,,ｃｏｓｉ‐ｃｏｓｉ,飲食店営業,2022/10/20,2022/11/01,2028/10/31,
113376-01,,みらいや,飲食店営業,2022/06/17,2022/07/01,2028/06/30,
113377-01,合同会社原企画,セブン－イレブン　大津石山駅前店,飲食店営業,2023/06/16,2023/07/01,2030/06/30,
113378-01,株式会社近畿予防医学研究所,ここあ石山内厨房,飲食店営業,2023/06/16,2023/07/01,2030/06/30,
113380-14,ハニー珈琲株式会社,ハニー珈琲株式会社　Ｌａｋｅ　Ｂｉｗａ　Ｆａｃｔｏｒｙ,清涼飲料水製造業,2023/10/20,2023/11/01,2030/10/31,申請のあった取扱品目の製造に限る
113380-19,ハニー珈琲株式会社,ハニー珈琲株式会社　Ｌａｋｅ　Ｂｉｗａ　Ｆａｃｔｏｒｙ,食用油脂製造業,2023/10/20,2023/11/01,2030/10/31,申請のあった取扱品目の製造に限る
113383-01,Ｎダイニング株式会社,創作厨房なごみや堅田店,飲食店営業,2022/10/11,2022/11/01,2028/10/31,
113384-11,,ゆらり,菓子製造業,2022/10/20,2022/11/01,2028/10/31,申請のあった取扱品目の製造に限る
113390-01,,ＲＥＳＥＲＶＯＩＲ,飲食店営業,2024/06/12,2024/07/01,2031/06/30,
113396-01,,清水家,飲食店営業,2022/06/17,2022/07/01,2028/06/30,
113398-11,株式会社平和堂,アルプラザ堅田　青果,菓子製造業,2023/10/16,2023/11/01,2030/10/31,申請のあった取扱品目の製造に限る
113399-01,京阪ホテルズ＆リゾーツ株式会社,琵琶湖ホテル２Ｆ天麩羅・鮨おおみ,飲食店営業,2024/02/14,2024/03/01,2031/02/28,
113400-01,京阪ホテルズ＆リゾーツ株式会社,琵琶湖ホテル２Ｆ鉄板焼おおみ,飲食店営業,2024/02/14,2024/03/01,2031/02/28,
113401-01,京阪ホテルズ＆リゾーツ株式会社,琵琶湖ホテル２Ｆ日本料理おおみ,飲食店営業,2024/02/14,2024/03/01,2031/02/28,
113401-25,京阪ホテルズ＆リゾーツ株式会社,琵琶湖ホテル２Ｆ日本料理おおみ,そうざい製造業,2022/01/06,2022/01/13,2029/02/28,申請のあった取扱品目の製造に限る
113406-01,株式会社Ｗｈａｔ’ｓ,Ｗｈａｔ’ｓ　Ｔｈｅ　Ｌｉｆｅ　Ｓｔｙｌｅ,飲食店営業,2023/10/23,2023/11/01,2030/10/31,
113406-30,株式会社Ｗｈａｔ’ｓ,Ｗｈａｔ’ｓ　Ｔｈｅ　Ｌｉｆｅ　Ｓｔｙｌｅ,密封包装食品製造業,2022/04/27,2022/05/10,2029/10/31,申請のあった取扱品目の製造に限る
113406-25,株式会社Ｗｈａｔ’ｓ,Ｗｈａｔ’ｓ　Ｔｈｅ　Ｌｉｆｅ　Ｓｔｙｌｅ,そうざい製造業,2025/10/09,2025/11/01,2031/10/31,申請のあった取扱品目の製造に限る。
113408-01,株式会社とりあんテーブル,とりあん大津京店,飲食店営業,2023/02/17,2023/03/01,2029/02/28,
113411-01,株式会社中安,中安酒店,飲食店営業,2023/02/14,2023/03/01,2029/02/28,
113414-01,アルピナＢＩ株式会社,びわ湖テラスカフェ,飲食店営業,2022/10/18,2022/11/01,2028/10/31,
113417-01,株式会社木の家専門店谷口工務店,大津百町スタジオ,飲食店営業,2023/02/20,2023/03/01,2029/02/28,
113423-01,,小町たこ亭　瀬田川店,飲食店営業,2024/06/19,2024/07/01,2030/06/30,
113427-01,株式会社かねよ,逢坂山かねよ食品加工部,飲食店営業,2024/02/13,2024/03/01,2031/02/28,
113427-25,株式会社かねよ,逢坂山かねよ食品加工部,そうざい製造業,2024/02/13,2024/03/01,2031/02/28,申請のあった取扱品目の製造に限る
113427-27,株式会社かねよ,逢坂山かねよ食品加工部,冷凍食品製造業,2024/02/13,2024/03/01,2031/02/28,申請のあった取扱品目の製造に限る
113428-01,,ナイトバーロゼ,飲食店営業,2023/02/06,2023/03/01,2029/02/28,
113438-01,株式会社あなぶき社宅サービス,志賀荘,飲食店営業,2022/10/20,2022/11/01,2028/10/31,
113441-11,,ゆるり　のんびり　おうちぱん,菓子製造業,2023/06/16,2023/07/01,2029/06/30,申請のあった取扱品目の製造に限る
113444-01,株式会社緑水亭,びわこ緑水亭　Ｂ棟（ダイニング棟）,飲食店営業,2023/10/17,2023/11/01,2030/10/31,
113449-01,ドリームフーズ株式会社,ちゃんぽん亭総本家　ビエラ大津店,飲食店営業,2024/02/13,2024/03/01,2031/02/28,
113450-01,ドリームフーズ株式会社,こんき庵　ビエラ大津店,飲食店営業,2024/02/15,2024/03/01,2031/02/28,
113452-01,フィットＭＤストアーズ合同会社,セブン－イレブン　大津美崎町店,飲食店営業,2024/06/13,2024/07/01,2031/06/30,
113453-01,,無心庵,飲食店営業,2023/02/14,2023/03/01,2029/02/28,
113458-01,,お食事処にしお,飲食店営業,2023/02/14,2023/03/01,2029/02/28,
113459-01,,Ｆｏｕｒ　Ｂａｒｓ,飲食店営業,2023/06/19,2023/07/01,2029/06/30,
113460-01,ビーフスタイルオカキ株式会社,ＯＫＡＫＩ　ビエラ大津店,飲食店営業,2024/02/15,2024/03/01,2031/02/28,
113460-03,ビーフスタイルオカキ株式会社,ＯＫＡＫＩ　ビエラ大津店,食肉販売業,2024/02/15,2024/03/01,2031/02/28,とさつ・解体は行わないこと
113464-25,,叔おこわや,そうざい製造業,2023/06/16,2023/07/01,2029/06/30,申請のあった取扱品目の製造に限る
113465-01,株式会社バルニバービオーガスト,ＴＨＥ　ＣＡＬＥＮＤＡＲ,飲食店営業,2024/02/15,2024/03/01,2031/02/28,
113466-01,株式会社バルニバービオーガスト,ＴＨＥ　ＣＡＬＥＮＤＡＲ（バーカウンター）,飲食店営業,2023/02/10,2023/03/01,2029/02/28,
113468-01,薬膳館株式会社,茶館喫茶去,飲食店営業,2023/06/16,2023/07/01,2029/06/30,
113474-01,株式会社ジェイアール西日本デイリーサービスネット,セブン－イレブンハートインビエラ大津店,飲食店営業,2024/02/15,2024/03/01,2031/02/28,
113476-01,,ビーンズ,飲食店営業,2023/06/16,2023/07/01,2029/06/30,
113479-01,スターバックスコーヒージャパン株式会社,スターバックスコーヒー　ビエラ大津店,飲食店営業,2023/02/14,2023/03/01,2029/02/28,
113483-01,,宮崎料理と旨い酒　ひなはる,飲食店営業,2022/10/19,2022/11/01,2028/10/31,
113486-11,,閑陽庭,菓子製造業,2023/10/17,2023/11/01,2029/10/31,申請のあった取扱品目の製造に限る
113486-30,,閑陽庭,密封包装食品製造業,2023/10/17,2023/11/01,2029/10/31,申請のあった取扱品目の製造に限る
113487-01,,ＬＵＣＥルーチェ,飲食店営業,2022/10/20,2022/11/01,2028/10/31,
113488-01,,手ごねパン教室　ル・アンジェ,飲食店営業,2023/06/16,2023/07/01,2029/06/30,
113488-11,,手ごねパン教室　ル・アンジェ,菓子製造業,2023/06/16,2023/07/01,2029/06/30,申請のあった取扱品目の製造に限る
113491-01,,カプリの丘（滋賀４８０そ１８５１）,飲食店営業,2022/02/14,2022/03/01,2027/02/28,自動車による営業に限る申請のあった取扱品目に限る簡易な調理に限る加熱調理食品の提供に限る
113492-01,,ＨＯＴ＆ＨＯＴ　ｍｕｒａｏｋａ,飲食店営業,2023/06/13,2023/07/01,2029/06/30,
113493-01,,ととやむらた,飲食店営業,2023/06/16,2023/07/01,2029/06/30,
113493-04,,ととやむらた,魚介類販売業,2023/06/16,2023/07/01,2029/06/30,
113495-25,有限会社清元楼,キッチンスタジオ　清元,そうざい製造業,2022/10/13,2022/11/01,2028/10/31,申請のあった取扱品目の製造に限る
113497-01,,Ｌｉａｎ,飲食店営業,2023/06/26,2023/07/01,2029/06/30,
113500-11,,ｃｏｃｏ　ＣＡＭＥＬ,菓子製造業,2023/06/19,2023/07/01,2029/06/30,申請のあった取扱品目の製造に限る
113501-11,小川珈琲株式会社,小川珈琲株式会社　堅田工房,菓子製造業,2022/01/12,2022/01/25,2029/10/31,申請のあった取扱品目の製造に限る
113501-12,小川珈琲株式会社,小川珈琲株式会社　堅田工房,アイスクリーム類製造業,2021/06/18,2021/06/24,2028/10/31,申請のあった取扱品目の製造に限る
113505-01,,味処　藤みつ,飲食店営業,2023/06/26,2023/07/01,2029/06/30,
113505-11,,味処　藤みつ,菓子製造業,2023/06/26,2023/07/01,2029/06/30,申請のあった取扱品目の製造に限る
113506-01,株式会社トイダック,大津　魂心家,飲食店営業,2024/02/15,2024/03/01,2031/02/28,
113508-01,,讃岐ノ助,飲食店営業,2022/10/20,2022/11/01,2028/10/31,
113511-01,株式会社すき家,すき家　浜大津店,飲食店営業,2024/02/15,2024/03/01,2031/02/28,
113514-01,,吉江酒店,飲食店営業,2023/02/14,2023/03/01,2029/02/28,
113515-01,株式会社魚国総本社,魚国総本社・大津瀬田２６３０１,飲食店営業,2024/06/12,2024/07/01,2031/06/30,
113517-01,,焼肉　おきな,飲食店営業,2023/06/19,2023/07/01,2029/06/30,
113518-27,有限会社華都公司,有限会社華都公司　滋賀工場,冷凍食品製造業,2024/10/18,2024/11/01,2031/10/31,申請のあった取扱品目の製造に限る
113523-01,,Ｂａｒ　ＯＹＡＪＩ,飲食店営業,2023/06/19,2023/07/01,2029/06/30,
113523-11,,Ｂａｒ　ＯＹＡＪＩ,菓子製造業,2025/02/03,2025/02/17,2031/06/30,申請のあった取扱品目の製造に限る
113526-01,株式会社杢兵衛造船所,レークウエスト,飲食店営業,2023/10/20,2023/11/01,2029/10/31,
113528-01,株式会社サンフェステ,かつや　大津瀬田店,飲食店営業,2023/06/19,2023/07/01,2029/06/30,
113529-01,,マウンテン瀬田,飲食店営業,2023/06/19,2023/07/01,2029/06/30,
113530-01,サトフードサービス株式会社,さん天　大津瀬田店,飲食店営業,2023/06/19,2023/07/01,2029/06/30,
113532-01,,居酒屋　馨ちゃん,飲食店営業,2023/06/20,2023/07/01,2029/06/30,
113533-01,,ＳＴＡＮＣＥ　ＣＯＦＦＥＥ＆ＢＡＲ,飲食店営業,2023/06/19,2023/07/01,2029/06/30,
113534-07,,中喜屋,魚介類販売業,2020/01/22,2020/02/12,2026/10/31,
113534-17,,中喜屋,食肉販売業,2020/01/22,2020/02/12,2026/10/31,とさつ・解体をしないこと
113538-01,株式会社輪,俺のケータリング　輪（京都１３０と・・２９）,飲食店営業,2022/02/15,2022/03/01,2028/02/29,自動車による営業に限る申請のあった取扱品目に限る
113540-11,,ｃｏｌｏｒｉｅ（クロリ）,菓子製造業,2023/10/17,2023/11/01,2029/10/31,申請のあった取扱品目の製造に限る
113543-11,株式会社ローゼン,マネケンＪＲ大津駅店,菓子製造業,2023/02/14,2023/03/01,2029/02/28,申請のあった取扱品目の製造に限る
113545-01,,つむぐ,飲食店営業,2023/02/14,2023/03/01,2029/02/28,
113547-31,,エコロはるちゃん,食品の小分け業,2023/02/14,2023/03/01,2029/02/28,
113548-01,株式会社いがやリテイリング,いがや　大津美崎店,飲食店営業,2024/06/14,2024/07/01,2031/06/30,
113548-03,株式会社いがやリテイリング,いがや　大津美崎店,食肉販売業,2024/06/14,2024/07/01,2031/06/30,とさつ・解体は行わないこと
113550-20,レーク滋賀農業協同組合,ＪＡレーク滋賀堅田農産物加工所,みそ又はしょうゆ製造業,2023/10/17,2023/11/01,2029/10/31,申請のあった取扱品目の製造に限る
113553-01,株式会社バロー,株式会社バロー茶が崎店（魚そうざい）,飲食店営業,2023/02/15,2023/03/01,2030/02/28,
113554-01,株式会社バロー,株式会社バロー茶が崎店（水産売場）,飲食店営業,2024/02/21,2024/03/01,2031/02/28,
113554-04,株式会社バロー,株式会社バロー茶が崎店（水産売場）,魚介類販売業,2024/02/21,2024/03/01,2031/02/28,
113555-01,中部フーズ株式会社,株式会社バロー茶が崎店（そうざい売場）,飲食店営業,2024/02/21,2024/03/01,2031/02/28,
113556-11,株式会社バロー,株式会社バロー茶が崎店（ベーカリー売場）,菓子製造業,2024/02/21,2024/03/01,2031/02/28,申請のあった取扱品目の製造に限る
113557-01,株式会社バロー,株式会社バロー茶が崎店（畜産売場）,飲食店営業,2024/02/21,2024/03/01,2031/02/28,
113557-03,株式会社バロー,株式会社バロー茶が崎店（畜産売場）,食肉販売業,2024/02/21,2024/03/01,2031/02/28,とさつ・解体は行わないこと
113562-01,,みかづき　ｃａｆｅ,飲食店営業,2023/02/20,2023/03/01,2029/02/28,
113562-11,,みかづき　ｃａｆｅ,菓子製造業,2024/02/19,2024/03/01,2030/02/28,申請のあった取扱品目の製造に限る
113563-01,株式会社はなまる,はなまるうどんフォレオ大津一里山店,飲食店営業,2023/06/22,2023/07/01,2030/06/30,
113567-01,,かなめ,飲食店営業,2023/06/20,2023/07/01,2029/06/30,
113568-01,ヤマダアールカンパニー株式会社,Ｒ　ｃａｆｅ　Ｈｕｌｉ　Ｈｕｌｉ　Ｃｈｉｃｋｅｎ,飲食店営業,2022/02/18,2022/03/01,2027/02/28,簡単な調理加工行為に限る巡回移動営業に限る申請のあった営業場所に限る申請のあった取扱品目に限る加熱調理食品の提供に限る
113571-01,,白汀苑,飲食店営業,2023/10/17,2023/11/01,2029/10/31,
113571-11,,白汀苑,菓子製造業,2026/03/16,2026/03/26,2032/10/31,申請のあった取扱品目の製造に限る。
113577-11,株式会社ノースビレッジ,ノースビレッジ加工場,菓子製造業,2023/10/18,2023/11/01,2029/10/31,申請のあった取扱品目の製造に限る
113577-25,株式会社ノースビレッジ,ノースビレッジ加工場,そうざい製造業,2023/10/18,2023/11/01,2029/10/31,申請のあった取扱品目の製造に限る
113582-01,,セブン－イレブン大津膳所駅前通り店,飲食店営業,2024/02/15,2024/03/01,2031/02/28,
113583-01,,カラオケパブ縁,飲食店営業,2023/06/23,2023/07/01,2029/06/30,
113588-01,株式会社あきんどスシロー,スシロー西大津店,飲食店営業,2024/02/15,2024/03/01,2031/02/28,
113590-11,株式会社アスビール,近江おごと「ハーブガーデン」,菓子製造業,2023/10/18,2023/11/01,2029/10/31,申請のあった取扱品目の製造に限る
113590-30,株式会社アスビール,近江おごと「ハーブガーデン」,密封包装食品製造業,2023/11/02,2023/11/09,2029/10/31,申請のあった取扱品目の製造に限る
113591-01,,ＣＲＡＦＴ　ＢＥＥＲ＆ＯＹＳＴＥＲ　ＢＡＲ　ＫＡＫＩＭＡＳＡ,飲食店営業,2023/06/20,2023/07/01,2029/06/30,
113593-01,,Ｂｏｏｎ,飲食店営業,2023/06/20,2023/07/01,2029/06/30,
113597-01,コンパスグループ・ジャパン株式会社,厚生棟２階ローム食堂,飲食店営業,2024/06/11,2024/07/01,2031/06/30,
113600-01,,鮮魚　のりを,飲食店営業,2023/02/08,2023/03/01,2029/02/28,
113600-04,,鮮魚　のりを,魚介類販売業,2023/02/08,2023/03/01,2029/02/28,
113603-01,,華松,飲食店営業,2023/06/23,2023/07/01,2029/06/30,
113609-01,エームサービス株式会社,エーム０２９２－１,飲食店営業,2024/06/13,2024/07/01,2031/06/30,
113610-01,エームサービス株式会社,エーム０２９２－２,飲食店営業,2024/06/13,2024/07/01,2031/06/30,
113611-01,,鳥のとりまき,飲食店営業,2023/06/23,2023/07/01,2029/06/30,
113612-01,有限会社ごはん屋,ごはん屋　キッチンカー（滋賀８００す４６７２）,飲食店営業,2022/02/14,2022/03/01,2028/02/29,自動車による営業に限る
113615-01,,お好み、鉄板焼　衣,飲食店営業,2023/02/14,2023/03/01,2029/02/28,
113618-01,株式会社西武・プリンスホテルズワールドワイド,Ｌａｋｅ　Ｖｉｅｗ　Ｄｉｎｉｎｇ　Ｂｉｏｎａ,飲食店営業,2024/02/15,2024/03/01,2031/02/28,
113619-01,株式会社西武・プリンスホテルズワールドワイド,Ｂｉｏｎａ　東側厨房,飲食店営業,2024/02/15,2024/03/01,2031/02/28,
113626-01,有限会社トピックスマート,ローソン瀬田駅前店,飲食店営業,2024/06/12,2024/07/01,2031/06/30,
113633-01,,Ｗｈｉｔｙ　Ｈｏｕｓｅ（ホワイティ　ハウス）,飲食店営業,2023/10/18,2023/11/01,2029/10/31,
113636-01,,古の時,飲食店営業,2023/10/18,2023/11/01,2029/10/31,
113642-01,,スナック　ツインクル／お昼ごはん、喫茶　ついんくる,飲食店営業,2024/02/19,2024/03/01,2030/02/28,
113643-01,ＡＬＷＡＹＳ株式会社,ノミビョウタン,飲食店営業,2024/02/19,2024/03/01,2030/02/28,
113648-11,,香のか,菓子製造業,2023/06/20,2023/07/01,2029/06/30,申請のあった取扱品目の製造に限る
113650-01,富士産業株式会社,滋賀病院附属介護老人保健施設,飲食店営業,2024/06/11,2024/07/01,2031/06/30,
113651-01,大末産業株式会社,びわこ成蹊スポーツ大学　アスリート寮　「ＭＵＳＡＳＨＩ」,飲食店営業,2024/10/18,2024/11/01,2031/10/31,
113652-02,トーヨーベンディング株式会社,自販１４　大津サービスエリア上り線２Ｆ中央入口横,調理の機能を有する自動販売機により食品を調理し、調理された食品を販売する営業,2023/02/20,2023/03/01,2028/02/29,自動販売機による営業に限る設置台数は１台に限る
113657-01,,虹や,飲食店営業,2023/06/19,2023/07/01,2029/06/30,
113657-24,,虹や,麺類製造業,2026/06/15,2026/07/01,2032/06/30,申請のあった取扱品目の製造に限る。
113659-01,,エル・チャンガーロ,飲食店営業,2024/02/20,2024/03/01,2030/02/28,
113660-01,,ウグイスヤ,飲食店営業,2023/06/20,2023/07/01,2029/06/30,
113661-01,,ダイニングスタジオ　コルク,飲食店営業,2024/02/19,2024/03/01,2030/02/28,
113664-01,株式会社第一食品,住宅型有料老人ホーム　ニチイメゾン瀬田,飲食店営業,2024/06/19,2024/07/01,2031/06/30,
113667-01,,くろき,飲食店営業,2023/06/19,2023/07/01,2029/06/30,
113670-01,,Ｏｓｔｅｒｉａ　ｅ　ｂａｒ　Ｒ,飲食店営業,2023/06/20,2023/07/01,2029/06/30,
113674-01,一般社団法人京都手をつなぐ育成会,山科珈琲,飲食店営業,2024/02/13,2024/03/01,2030/02/28,
113674-11,一般社団法人京都手をつなぐ育成会,山科珈琲,菓子製造業,2024/02/13,2024/03/01,2030/02/28,申請のあった取扱品目の製造に限る
113677-01,株式会社ヤサカ,宅配クック　ワン　ツゥ　スリー　大津店,飲食店営業,2025/02/17,2025/03/01,2032/02/29,
113678-11,,Ｂｏｕｌａｎｇｅｒｉｅ　ＦＥＲＭＥ,菓子製造業,2023/06/26,2023/07/01,2029/06/30,申請のあった取扱品目の製造に限る
113680-02,株式会社湖北設計,大津町家の宿　粋世,菓子製造業,2020/10/13,2020/10/16,2027/02/28,申請のあった取扱品目の製造に限る
113680-01,株式会社湖北設計,大津町家の宿　粋世,飲食店営業,2024/02/15,2024/03/01,2030/02/28,
113681-01,,ＨＡＲＥ　ＢＡＲＥ,飲食店営業,2023/06/20,2023/07/01,2029/06/30,
113701-01,,歌乃愛,飲食店営業,2023/06/21,2023/07/01,2029/06/30,簡易な営業に限る
113702-11,,トロワランジェ,菓子製造業,2024/02/20,2024/03/01,2030/02/28,申請のあった取扱品目の製造に限る
113703-11,株式会社平和堂,平和堂フレンドマート石山寺辺店　青果売場,菓子製造業,2023/06/13,2023/07/01,2030/06/30,申請のあった取扱品目の製造に限る
113706-01,,むあ文庫,飲食店営業,2023/10/18,2023/11/01,2029/10/31,
113712-31,株式会社ロジ・ウエイズ,（株）ロジ・ウエイズ　菓子製造加工所,食品の小分け業,2023/06/20,2023/07/01,2029/06/30,
113713-11,株式会社平和堂,株式会社平和堂坂本店（青果カットフルーツ室）,菓子製造業,2024/10/21,2024/11/01,2031/10/31,申請のあった取扱品目の製造に限る
113719-01,株式会社全国チェーン竜鳳,やきとり竜鳳（滋賀８８０あ１８８５）,飲食店営業,2023/02/17,2023/03/01,2029/02/28,自動車による営業に限る申請のあった取扱品目に限る簡易な調理に限る加熱調理食品の提供に限る
113724-01,,ＰＨＹＴＯＮＣＩＤＥ,飲食店営業,2023/10/18,2023/11/01,2029/10/31,
113724-11,,ＰＨＹＴＯＮＣＩＤＥ,菓子製造業,2023/10/18,2023/11/01,2029/10/31,申請のあった取扱品目の製造に限る
113731-01,,ＨＡＲＢＯＲ　ＲＥＳＴＡＵＲＡＮＴ　Ｒｃａｆｅ　ａｔ　Ｍａｒｉｎａ,飲食店営業,2023/10/25,2023/11/01,2029/10/31,
113731-03,,ＨＡＲＢＯＲ　ＲＥＳＴＡＵＲＡＮＴ　Ｒｃａｆｅ　ａｔ　Ｍａｒｉｎａ,食肉販売業,2023/10/25,2023/11/01,2029/10/31,とさつ・解体は行わないこと
113731-04,,ＨＡＲＢＯＲ　ＲＥＳＴＡＵＲＡＮＴ　Ｒｃａｆｅ　ａｔ　Ｍａｒｉｎａ,魚介類販売業,2023/10/25,2023/11/01,2029/10/31,
113731-11,,ＨＡＲＢＯＲ　ＲＥＳＴＡＵＲＡＮＴ　Ｒｃａｆｅ　ａｔ　Ｍａｒｉｎａ,菓子製造業,2023/10/25,2023/11/01,2029/10/31,申請のあった取扱品目の製造に限る
113732-01,有限会社まごころや,炉ばた焼大蔵屋大津京駅前店,飲食店営業,2024/02/20,2024/03/01,2030/02/28,
113735-01,,焼肉　南大門,飲食店営業,2023/10/18,2023/11/01,2029/10/31,
113740-01,有限会社楽坐,串かつ　ハレルヤ,飲食店営業,2025/02/17,2025/03/01,2032/02/29,
113742-01,山崎製パン株式会社,サンエトワール膳所店,飲食店営業,2024/02/15,2024/03/01,2030/02/28,
113742-11,山崎製パン株式会社,サンエトワール膳所店,菓子製造業,2024/02/15,2024/03/01,2030/02/28,申請のあった取扱品目の製造に限る
113747-01,,アトリエ・ボンジュール,飲食店営業,2023/06/20,2023/07/01,2029/06/30,
113748-03,株式会社平和堂,フレンドマート雄琴駅前店（精肉）,食肉販売業,2024/10/18,2024/11/01,2031/10/31,とさつ・解体は行わないこと
113749-11,株式会社平和堂,フレンドマート雄琴駅前店（ベーカリー）,菓子製造業,2024/10/18,2024/11/01,2031/10/31,申請のあった取扱品目の製造に限る
113754-01,,ローソン大津南郷一丁目店,飲食店営業,2024/06/13,2024/07/01,2031/06/30,
113756-03,株式会社平和堂,フレンドマート膳所店（精肉）,食肉販売業,2024/06/13,2024/07/01,2031/06/30,とさつ・解体は行わないこと
113757-01,,ヴォーグ,飲食店営業,2024/02/19,2024/03/01,2030/02/28,簡易な営業に限る
113758-01,株式会社ジェイアール西日本デイリーサービスネット,セブン－イレブンハートインＪＲ膳所駅改札口店,飲食店営業,2025/02/17,2025/03/01,2032/02/29,簡易な営業に限る
113765-01,,ボートモンキ,飲食店営業,2024/02/14,2024/03/01,2030/02/28,
113767-01,,ｎｅｓｔ．,飲食店営業,2024/02/19,2024/03/01,2030/02/28,
113767-11,,ｎｅｓｔ．,菓子製造業,2024/02/19,2024/03/01,2030/02/28,申請のあった取扱品目の製造に限る
113769-01,,ガーリッシュ　ガーリック（京都８００せ６９８７）,飲食店営業,2023/02/16,2023/03/01,2029/02/28,自動車による営業に限る
113770-01,特定非営利活動法人滋賀県社会就労事業振興センター,ウッディ伊香立,飲食店営業,2023/10/18,2023/11/01,2029/10/31,
113770-11,特定非営利活動法人滋賀県社会就労事業振興センター,ウッディ伊香立,菓子製造業,2023/08/21,2023/08/24,2029/10/31,申請のあった取扱品目の製造に限る
113771-01,,咲たこ（京都８００せ６８９３）,飲食店営業,2023/02/20,2023/03/01,2028/02/29,自動車による営業に限る申請のあった取扱品目に限る
113772-01,株式会社鳥貴族西日本,鳥貴族　膳所店,飲食店営業,2025/02/21,2025/03/01,2032/02/29,
113773-01,株式会社結喜,株式会社　結喜,飲食店営業,2020/06/26,2020/07/01,2026/10/31,
113773-11,株式会社結喜,株式会社　結喜,菓子製造業,2024/10/18,2024/11/01,2031/10/31,申請のあった取扱品目の製造に限る
113775-01,株式会社不二家商事,株式会社不二家商事　びわこ成蹊スポーツ大学　レストラン,飲食店営業,2024/10/15,2024/11/01,2031/10/31,
113777-17,,奥村製氷,氷雪製造業,2024/02/15,2024/03/01,2030/02/28,申請のあった取扱品目の製造に限る
113778-01,アルピナＢＩ株式会社,カフェスタンド,飲食店営業,2024/10/18,2024/11/01,2031/10/31,
113785-01,一般社団法人大津市商店街連盟,大津市商店街連盟,飲食店営業,2023/02/20,2023/03/01,2028/02/29,簡単な調理加工行為に限る巡回移動営業に限る申請のあった営業場所に限る申請のあった取扱品目に限る加熱調理食品の提供に限る
113786-01,,ファミリーマート大津におの浜三丁目店,飲食店営業,2025/02/14,2025/03/01,2032/02/29,
113787-01,,居酒屋　みたむら,飲食店営業,2024/06/13,2024/07/01,2029/06/30,
113789-01,株式会社Ｒｉｖｉｒｄ,ＢＡＢＹ　ＦＡＣＥ　Ｐｌａｎｅｔ’ｓ　大津瀬田店,飲食店営業,2025/06/25,2025/07/01,2032/06/30,
113792-01,株式会社ダイエー,ダイエー瀬田店　惣菜,飲食店営業,2026/06/10,2026/07/01,2034/06/30,
113792-11,株式会社ダイエー,ダイエー瀬田店　惣菜,菓子製造業,2026/06/10,2026/07/01,2034/06/30,申請のあった取扱品目の製造に限る。
113793-01,株式会社ダイエー,ダイエー瀬田店　イートイン,飲食店営業,2026/06/10,2026/07/01,2034/06/30,
113793-11,株式会社ダイエー,ダイエー瀬田店　イートイン,菓子製造業,2026/06/10,2026/07/01,2034/06/30,申請のあった取扱品目の製造に限る。
113794-01,株式会社ダイエー,ダイエー瀬田店　米飯,飲食店営業,2026/06/10,2026/07/01,2034/06/30,
113794-11,株式会社ダイエー,ダイエー瀬田店　米飯,菓子製造業,2026/06/10,2026/07/01,2034/06/30,申請のあった取扱品目の製造に限る。
113797-04,株式会社ダイエー,ダイエー瀬田店　鮮魚,魚介類販売業,2026/06/10,2026/07/01,2034/06/30,
113798-03,株式会社ダイエー,ダイエー瀬田店　精肉,食肉販売業,2026/06/10,2026/07/01,2034/06/30,とさつ・解体は行わないこと。
113802-04,,鮮魚　きた村,魚介類販売業,2024/02/15,2024/03/01,2030/02/28,
113805-01,株式会社ＯＳＡＲＡ,ＣＯＺＡＲＡ,飲食店営業,2024/10/21,2024/11/01,2030/10/31,
113809-01,,呑み処　あっちゃん,飲食店営業,2024/02/19,2024/03/01,2030/02/28,
113815-01,,創作家庭料理　つわぶき,飲食店営業,2024/02/15,2024/03/01,2030/02/28,
113816-01,,シャイン・シード,飲食店営業,2024/06/12,2024/07/01,2030/06/30,簡易な営業に限る
113818-01,株式会社ＤＡＩＧＯホールディングス,醍醐（滋賀８００す４４１４）,飲食店営業,2023/02/20,2023/03/01,2029/02/28,自動車による営業に限る申請のあった取扱品目に限る
113820-01,,翔屋,飲食店営業,2023/10/24,2023/11/01,2029/10/31,
113820-11,,翔屋,菓子製造業,2023/10/24,2023/11/01,2029/10/31,申請のあった取扱品目の製造に限る
113820-25,,翔屋,そうざい製造業,2023/10/24,2023/11/01,2029/10/31,申請のあった取扱品目の製造に限る
113821-01,株式会社ＯＫＣ,サンデリカ滋賀事業所　従業員食堂,飲食店営業,2025/06/17,2025/07/01,2032/06/30,
113823-01,株式会社みやこ,縁みやこ,飲食店営業,2024/02/14,2024/03/01,2030/02/28,
113826-01,株式会社平和堂,フレンドマート大津なかまち店　鮮魚売場,飲食店営業,2026/02/18,2026/03/01,2034/02/28,
113826-04,株式会社平和堂,フレンドマート大津なかまち店　鮮魚売場,魚介類販売業,2026/02/18,2026/03/01,2034/02/28,
113827-03,株式会社平和堂,フレンドマート大津なかまち店　精肉売場,食肉販売業,2026/02/18,2026/03/01,2034/02/28,とさつ・解体は行わないこと。
113828-01,株式会社平和堂,フレンドマート大津なかまち店　デリカ惣菜売場,飲食店営業,2025/02/17,2025/03/01,2032/02/29,
113828-11,株式会社平和堂,フレンドマート大津なかまち店　デリカ惣菜売場,菓子製造業,2025/02/17,2025/03/01,2032/02/29,申請のあった取扱品目の製造に限る
113829-01,椿農産株式会社,椿農産株式会社　農家産（ＭＩＮＯＲＩＫＥＳＡＮ）（滋賀８００す４５０６）,飲食店営業,2023/02/20,2023/03/01,2029/02/28,自動車による営業に限る申請のあった取扱品目に限る
113830-01,株式会社ヨシックスフーズ,や台ずし　膳所駅前町,飲食店営業,2025/02/17,2025/03/01,2032/02/29,
113831-01,合同会社みおん,セブン－イレブン大津苗鹿店,飲食店営業,2024/10/21,2024/11/01,2031/10/31,
113832-01,元三フード株式会社,肉のげんさん　フレンドマート大津なかまち店,飲食店営業,2025/02/17,2025/03/01,2032/02/29,
113832-03,元三フード株式会社,肉のげんさん　フレンドマート大津なかまち店,食肉販売業,2025/02/17,2025/03/01,2032/02/29,とさつ・解体は行わないこと
113840-01,,梅ＢＡＲ,飲食店営業,2024/06/11,2024/07/01,2030/06/30,
113843-11,合同会社フォレスト,フォレスト石山,菓子製造業,2024/06/12,2024/07/01,2030/06/30,申請のあった取扱品目の製造に限る
113844-01,,韓Ｄｉｎｉｎｇ　瀬田駅前らんぷ亭,飲食店営業,2025/06/17,2025/07/01,2031/06/30,
113845-01,,ＭＯＳＳ－ＣＡＦＥ　ＮＡＮＮＡＮ,飲食店営業,2024/06/11,2024/07/01,2030/06/30,
113847-11,,ｈｏｎｏｈｏｎｏ,菓子製造業,2024/02/19,2024/03/01,2030/02/28,申請のあった取扱品目の製造に限る
113853-03,有限会社藤野食肉食品センター,肉惣菜ミムロ,食肉販売業,2023/10/16,2023/11/01,2029/10/31,とさつ・解体は行わないこと
113853-25,有限会社藤野食肉食品センター,肉惣菜ミムロ,そうざい製造業,2023/10/16,2023/11/01,2029/10/31,申請のあった取扱品目に限る
113856-11,株式会社平和堂,株式会社平和堂　フレンドマート石山寺辺店　ベーカリー,菓子製造業,2025/06/11,2025/07/01,2032/06/30,申請のあった取扱品目の製造に限る。
113857-03,株式会社平和堂,株式会社平和堂　フレンドマート石山寺辺店　精肉,食肉販売業,2025/06/11,2025/07/01,2032/06/30,とさつ・解体は行わないこと。
113864-01,生活協同組合コープしが,コープかたた店　惣菜,飲食店営業,2024/10/21,2024/11/01,2031/10/31,
113864-11,生活協同組合コープしが,コープかたた店　惣菜,菓子製造業,2024/10/21,2024/11/01,2031/10/31,申請のあった取扱品目の製造に限る
113865-04,生活協同組合コープしが,コープかたた店　水産,魚介類販売業,2024/10/21,2024/11/01,2031/10/31,
113866-03,生活協同組合コープしが,コープかたた店　精肉,食肉販売業,2024/10/21,2024/11/01,2031/10/31,とさつ・解体は行わないこと
113867-11,生活協同組合コープしが,コープかたた店　農産,菓子製造業,2024/10/21,2024/11/01,2031/10/31,申請のあった取扱品目の製造に限る
113868-11,生活協同組合コープしが,コープかたた店　ベーカリー,菓子製造業,2024/10/21,2024/11/01,2031/10/31,申請のあった取扱品目の製造に限る
113869-11,,ＣＨＡＮＴＥＲ（シャンテ）,菓子製造業,2024/06/17,2024/07/01,2030/06/30,申請のあった取扱品目の製造に限る
113872-01,,セブン－イレブン大津仰木の里店,飲食店営業,2024/10/23,2024/11/01,2031/10/31,
113876-11,,焼菓子屋　Ｒａｎｕｎｃｕｌｕｓ,菓子製造業,2024/06/12,2024/07/01,2030/06/30,申請のあった取扱品目の製造に限る
113878-11,,パティスリー　タロウ,菓子製造業,2022/06/01,2022/06/17,2029/02/28,申請のあった取扱品目の製造に限る
113880-01,,余花朗,飲食店営業,2023/10/18,2023/11/01,2029/10/31,
113887-11,,Ｐａｔｉｓｓｅｒｉｅ　Ｌｕｍｉｅｒｅ,菓子製造業,2025/02/18,2025/03/01,2032/02/29,申請のあった取扱品目の製造に限る
113892-01,特定非営利活動法人ＢＲＡＨａｒｔ．,ｃａｆｅ　＆　ｇａｌｌｅｒｙ　ｓｐｏｏｎｓ,飲食店営業,2024/06/19,2024/07/01,2030/06/30,
113893-01,株式会社叶匠寿庵,寿長生の郷　野坐１Ｆベーカリー,飲食店営業,2025/06/17,2025/07/01,2032/06/30,
113893-11,株式会社叶匠寿庵,寿長生の郷　野坐１Ｆベーカリー,菓子製造業,2025/06/17,2025/07/01,2032/06/30,申請のあった取扱品目の製造に限る。
113894-01,株式会社叶匠寿庵,寿長生の郷　野坐２Ｆカフェ,飲食店営業,2024/06/11,2024/07/01,2030/06/30,
113894-11,株式会社叶匠寿庵,寿長生の郷　野坐２Ｆカフェ,菓子製造業,2024/06/11,2024/07/01,2030/06/30,申請のあった取扱品目の製造に限る
113895-01,,本格炭火焼き鳥　ＡＧＮＩ／ラーメン匠,飲食店営業,2024/06/13,2024/07/01,2030/06/30,
113897-01,,串串ダイニング　串まる,飲食店営業,2024/06/13,2024/07/01,2030/06/30,
113899-01,,Ｂａｒｏｎｇ（滋賀４８０た１１７５）,飲食店営業,2023/02/20,2023/03/01,2028/02/29,自動車による営業に限る申請のあった取扱品目に限る
113900-03,株式会社プロテクト,業務スーパー西大津店,食肉販売業,2024/03/19,2024/04/03,2032/02/29,とさつ・解体は行わないこと
113906-01,,ＢＡＲ　ＪＡＭＥＳ,飲食店営業,2024/10/21,2024/11/01,2030/10/31,
113907-01,,銀石（ＧＩＮＳＨＩ）,飲食店営業,2024/06/19,2024/07/01,2030/06/30,
113911-01,,やきとり大吉　唐崎駅店,飲食店営業,2024/02/19,2024/03/01,2030/02/28,
113915-01,,ダイニング・カフェ　リップル,飲食店営業,2024/10/17,2024/11/01,2030/10/31,
113916-11,株式会社なごみ,シャトレーゼ瀬田店,菓子製造業,2025/06/10,2025/07/01,2032/06/30,申請のあった取扱品目の製造に限る。
113917-01,,ｃｒｏｉｓｅｒ,飲食店営業,2024/06/19,2024/07/01,2030/06/30,
113919-01,,マイルストーン,飲食店営業,2024/02/21,2024/03/01,2030/02/28,
113920-01,株式会社佐知’ｓＰｏｃｋｅｔ,佐知’ｓＰｏｃｋｅｔ,飲食店営業,2024/02/19,2024/03/01,2030/02/28,
113920-11,株式会社佐知’ｓＰｏｃｋｅｔ,佐知’ｓＰｏｃｋｅｔ,菓子製造業,2024/02/19,2024/03/01,2030/02/28,申請のあった取扱品目の製造に限る
113920-25,株式会社佐知’ｓＰｏｃｋｅｔ,佐知’ｓＰｏｃｋｅｔ,そうざい製造業,2024/02/19,2024/03/01,2030/02/28,申請のあった取扱品目の製造に限る
113920-27,株式会社佐知’ｓＰｏｃｋｅｔ,佐知’ｓＰｏｃｋｅｔ,冷凍食品製造業,2024/02/19,2024/03/01,2030/02/28,申請のあった取扱品目の製造に限る
113923-01,,みず田,飲食店営業,2024/06/25,2024/07/01,2030/06/30,
113924-01,布施マルタマフーズ株式会社,住宅型有料老人ホーム善幸苑大津,飲食店営業,2025/02/19,2025/03/01,2032/02/29,
113929-01,株式会社全国チェーン竜鳳,やきとり竜鳳（滋賀８８０あ１７６６）,飲食店営業,2023/02/17,2023/03/01,2029/02/28,自動車による営業に限る申請のあった取扱品目に限る簡易な調理に限る加熱調理食品の提供に限る
113932-01,,○彌,飲食店営業,2024/02/20,2024/03/01,2030/02/28,
113934-01,,若狭直送　魚石鮮魚店,飲食店営業,2024/10/16,2024/11/01,2030/10/31,
113934-04,,若狭直送　魚石鮮魚店,魚介類販売業,2024/10/16,2024/11/01,2030/10/31,
113937-01,,Ｃａｆｅ　ｄｅ　ｌｕｎｅ（滋賀４８０た２２４４）,飲食店営業,2023/02/20,2023/03/01,2028/02/29,自動車による営業に限る申請のあった取扱品目に限る簡易な調理に限る加熱調理食品の提供に限る
113938-01,,メンバーズクラブ聖,飲食店営業,2024/02/21,2024/03/01,2030/02/28,
113942-02,,食＆夢工房,菓子製造業,2019/11/21,2019/12/04,2026/10/31,申請のあった取扱品目の製造に限る
113943-01,,とき,飲食店営業,2024/10/22,2024/11/01,2030/10/31,
113946-01,リンガーハットジャパン株式会社,リンガーハット　フォレオ大津一里山店,飲食店営業,2025/06/16,2025/07/01,2032/06/30,
113947-01,大王フードサービス株式会社,京阪電気鉄道　錦織社員食堂,飲食店営業,2025/02/17,2025/03/01,2032/02/29,
113948-01,株式会社三田三,株式会社三田三,飲食店営業,2024/02/20,2024/03/01,2030/02/28,
113951-01,,Ｓｈｉｈ　Ｔｚｕ　ｃａｆｅ　＆　ＢＡＲ,飲食店営業,2023/02/14,2023/03/01,2028/02/29,巡回移動営業に限る申請のあった営業場所に限る申請のあった取扱品目に限る加熱調理食品の提供に限る簡単な調理加工行為に限る
113955-01,,カフェ＆ダイニング　シャレード,飲食店営業,2024/06/19,2024/07/01,2030/06/30,
113957-01,,カラオケ喫茶ポスト,飲食店営業,2024/10/22,2024/11/01,2030/10/31,
113959-01,,ｋｉｔｃｈｅｎ＆ｃａｆｅ　ｄｅｎｉｍ,飲食店営業,2024/06/12,2024/07/01,2030/06/30,
113960-01,大津観光株式会社,里山,飲食店営業,2024/10/22,2024/11/01,2030/10/31,
113961-11,株式会社阪急デリカ,阪急ベーカリー　フォレオ大津一里山店,菓子製造業,2025/06/23,2025/07/01,2032/06/30,申請のあった取扱品目の製造に限る。
113963-01,,ＴＡＰＰＹ＆ＣＵＰＰＹ（滋賀４８３け８８１０）,飲食店営業,2023/02/22,2023/03/01,2028/02/29,自動車による営業に限る申請のあった取扱品目に限る
113967-11,,ＯＫＩ,菓子製造業,2024/10/22,2024/11/01,2030/10/31,申請のあった取扱品目の製造に限る
113968-01,大華商事有限会社,ローソン大津堅田駅西店,飲食店営業,2025/10/22,2025/11/01,2032/10/31,
113971-01,,炭匠とりんちゅ,飲食店営業,2024/06/12,2024/07/01,2030/06/30,
113973-01,,近江もーれつや,飲食店営業,2023/02/13,2023/03/01,2028/02/29,簡単な調理加工行為に限る巡回移動営業に限る申請のあった営業場所に限る申請のあった取扱品目に限る加熱調理食品の提供に限る
113974-01,,Ｋａｓｅｎ　佳山,飲食店営業,2024/02/20,2024/03/01,2030/02/28,
113975-01,,Ｊｕｎｋｉｅｓ（滋賀４８０た１６６３）,飲食店営業,2023/02/20,2023/03/01,2028/02/29,自動車による営業に限る申請のあった取扱品目に限る
113988-01,株式会社Ｎｅｘｔｈｅｒｏ,ももたろう堅田店,飲食店営業,2024/10/25,2024/11/01,2030/10/31,
113989-01,株式会社Ｎｅｘｔｈｅｒｏ,ももたろう石山店,飲食店営業,2024/06/12,2024/07/01,2030/06/30,
113991-01,株式会社ウタシカン,ピザハット大津店,飲食店営業,2024/06/19,2024/07/01,2030/06/30,
113994-01,有限会社光風堂菓舗,有限会社光風堂菓舗,飲食店営業,2023/02/13,2023/03/01,2028/02/29,巡回移動営業に限る申請のあった営業場所に限る申請のあった取扱品目に限る加熱調理食品の提供に限る簡単な調理加工行為に限る
113995-32,近江麦酒株式会社,近江麦酒,清涼飲料水製造業,2021/02/22,2021/03/04,2027/10/31,申請のあった取扱品目の製造に限る
113995-01,近江麦酒株式会社,近江麦酒,飲食店営業,2024/10/22,2024/11/01,2030/10/31,
113995-21,近江麦酒株式会社,近江麦酒,酒類製造業,2024/10/22,2024/11/01,2030/10/31,申請のあった取扱品目の製造に限る
114000-01,株式会社すかいらーくレストランツ,から好し　大津堅田,飲食店営業,2025/10/15,2025/11/01,2032/10/31,
114002-01,,ライダーズカフェＭＭ,飲食店営業,2024/06/19,2024/07/01,2030/06/30,
114003-01,,南極堂,飲食店営業,2024/10/16,2024/11/01,2030/10/31,
114011-01,,てづくり弁当　うまいもんや,飲食店営業,2024/02/20,2024/03/01,2030/02/28,
114014-01,ハーベスト株式会社,夕照たまのうら,飲食店営業,2026/05/26,2026/07/01,2034/06/30,
114019-01,,ｂｌｏｏｍ,飲食店営業,2024/06/19,2024/07/01,2030/06/30,簡易な営業に限る
114020-11,,Ｃｈｏｃｏｌａｔｅｒｉｅ　ＨＩＳＡＳＨＩ,菓子製造業,2024/10/22,2024/11/01,2030/10/31,申請のあった取扱品目の製造に限る
114021-01,株式会社アプリコット,Ｃａｆｅ　Ｆｒａｎｋ’ｙ,飲食店営業,2025/06/16,2025/07/01,2032/06/30,
114023-01,,なかがわ養蜂場　ハチノワ　カフェ,飲食店営業,2024/06/20,2024/07/01,2030/06/30,
114023-11,,なかがわ養蜂場　ハチノワ　カフェ,菓子製造業,2024/06/20,2024/07/01,2030/06/30,申請のあった取扱品目の製造に限る
114024-01,,秋桜,飲食店営業,2024/06/17,2024/07/01,2030/06/30,
114025-01,株式会社マコトフードサービス,ラーメンまこと屋　大津堅田店,飲食店営業,2025/10/20,2025/11/01,2031/10/31,
114029-01,,Ｏｓｔｅｒｉａ　Ｂａｒ　ＣＯＳＩ　ＣＯＳＩ,飲食店営業,2025/02/05,2025/03/01,2031/02/28,
114038-01,,中華彩鮮　ＲＩＮＭＥＩ,飲食店営業,2024/06/17,2024/07/01,2030/06/30,
114040-01,有限会社美富久,らーめん　みふく,飲食店営業,2025/02/18,2025/03/01,2031/02/28,
114042-01,株式会社ＯＫＣ,滋賀短期大学　学生食堂,飲食店営業,2025/02/17,2025/03/01,2031/02/28,
114043-01,株式会社滋賀フーズ,滋賀フーズ,飲食店営業,2024/02/22,2024/03/01,2029/02/28,巡回移動営業に限る申請のあった営業場所に限る申請のあった取扱品目に限る加熱調理食品の提供に限る簡単な調理加工行為に限る
114049-02,ナショナル・ベンディング株式会社,自販０６　日伸工業（株）　事務所棟横　屋外休憩所６０３６２,調理の機能を有する自動販売機により食品を調理し、調理された食品を販売する営業,2024/02/21,2024/03/01,2029/02/28,自動販売機による営業に限る設置台数は１台に限る
114050-01,株式会社ホリーズ,ホリーズカフェ　オーミーオオツテラス店,飲食店営業,2025/02/18,2025/03/01,2031/02/28,
114051-15,株式会社松喜屋,れすとらん松喜屋新館,食肉製品製造業,2021/12/23,2021/12/28,2029/06/30,申請のあった取扱品目の製造に限る
114051-01,株式会社松喜屋,れすとらん松喜屋新館,飲食店営業,2025/06/16,2025/07/01,2032/06/30,
114051-25,株式会社松喜屋,れすとらん松喜屋新館,そうざい製造業,2025/06/16,2025/07/01,2032/06/30,申請のあった取扱品目の製造に限る。
114053-16,株式会社川野商店,株式会社川野商店大津支店,水産製品製造業,2022/08/29,2022/09/27,2029/06/30,申請のあった取扱品目の製造に限る
114059-01,,ＴＨＥ　ＲＯＶＥＲ　（ザ・ローバー）,飲食店営業,2024/10/22,2024/11/01,2030/10/31,
114059-11,,ＴＨＥ　ＲＯＶＥＲ　（ザ・ローバー）,菓子製造業,2024/10/22,2024/11/01,2030/10/31,申請のあった取扱品目の製造に限る
114061-01,,ＬＲ　ｃｏｆｆｅｅ（滋賀８００る１７２３）,飲食店営業,2024/02/20,2024/03/01,2029/02/28,自動車による営業に限る
114062-01,パレットワークス株式会社,バルサゴ,飲食店営業,2025/02/18,2025/03/01,2031/02/28,
114065-30,株式会社リスペクト,株式会社リスペクト　,密封包装食品製造業,2025/10/16,2025/11/01,2032/10/31,申請のあった取扱品目の製造に限る。
114066-01,,ｋａｎａｓａｎ（滋賀８８０あ１６９９）,飲食店営業,2024/02/20,2024/03/01,2029/02/28,自動車による営業に限る申請のあった取扱品目に限る
114068-01,,Ｂａｒ　Ｊｕｌｉｅｔ,飲食店営業,2025/02/18,2025/03/01,2031/02/28,簡易な営業に限る
114069-01,,オランチョ,飲食店営業,2024/06/11,2024/07/01,2030/06/30,
114070-01,株式会社平和堂,フレンドマート大津テラス店　デリカ,飲食店営業,2026/02/06,2026/03/01,2033/02/28,
114070-11,株式会社平和堂,フレンドマート大津テラス店　デリカ,菓子製造業,2026/02/06,2026/03/01,2033/02/28,申請のあった取扱品目の製造に限る。
114072-01,株式会社平和堂,フレンドマート大津テラス店　ジュースバー,飲食店営業,2026/02/06,2026/03/01,2033/02/28,
114073-11,株式会社平和堂,フレンドマート大津テラス店　青果,菓子製造業,2026/02/06,2026/03/01,2033/02/28,申請のあった取扱品目の製造に限る。
114074-03,株式会社平和堂,フレンドマート大津テラス店　精肉,食肉販売業,2026/02/06,2026/03/01,2033/02/28,とさつ・解体は行わないこと。
114075-01,株式会社平和堂,フレンドマート大津テラス店　鮮魚,飲食店営業,2026/02/06,2026/03/01,2033/02/28,
114075-04,株式会社平和堂,フレンドマート大津テラス店　鮮魚,魚介類販売業,2026/02/06,2026/03/01,2033/02/28,
114076-01,株式会社平和堂,フレンドマート大津テラス店　デリカすし,飲食店営業,2026/02/06,2026/03/01,2033/02/28,
114076-11,株式会社平和堂,フレンドマート大津テラス店　デリカすし,菓子製造業,2026/02/06,2026/03/01,2033/02/28,申請のあった取扱品目の製造に限る。
114077-01,,ｋｉｔｃｈｅｎ　Ｍ　おくとぱす　Ｑｕｅｅｎ,飲食店営業,2024/02/20,2024/03/01,2029/02/28,申請のあった営業場所に限る巡回移動営業に限る申請のあった取扱品目に限る加熱調理食品の提供に限る簡単な調理加工行為に限る
114078-01,合資会社スパールレイ,セブン－イレブン　名神高速草津ＰＡ上り店,飲食店営業,2025/06/09,2025/07/01,2032/06/30,
114079-01,株式会社ｎｅｃｔａｒ　ｃｏｍｐａｎｙ,ファミリーマート大津今堅田店,飲食店営業,2025/10/20,2025/11/01,2032/10/31,
114085-01,,ＺＵＳＨＩＳＭ－ズシズム－,飲食店営業,2024/06/21,2024/07/01,2030/06/30,
114086-01,株式会社ティー・エス・ケー,ＫＥＹ’Ｓ　ＣＡＦＥ　大津テラス店,飲食店営業,2025/02/19,2025/03/01,2031/02/28,
114087-15,株式会社デイリーフーズ,はなひさ　大津店,食肉製品製造業,2026/01/06,2026/01/26,2033/02/28,申請のあった取扱品目の製造に限る。
114087-01,株式会社デイリーフーズ,はなひさ　大津店,飲食店営業,2026/02/06,2026/03/01,2033/02/28,
114087-03,株式会社デイリーフーズ,はなひさ　大津店,食肉販売業,2026/02/06,2026/03/01,2033/02/28,とさつ・解体は行わないこと。
114093-11,,Ｂａｋｅｒｙ　ｎｉｃｏｐａｎ０２,菓子製造業,2025/02/21,2025/03/01,2031/02/28,申請のあった取扱品目の製造に限る
114094-01,ヤマダアールカンパニー株式会社,ＡＳＯＢＩＷＡ,飲食店営業,2024/10/29,2024/11/01,2030/10/31,
114094-03,ヤマダアールカンパニー株式会社,ＡＳＯＢＩＷＡ,食肉販売業,2024/10/29,2024/11/01,2030/10/31,とさつ・解体は行わないこと
114094-04,ヤマダアールカンパニー株式会社,ＡＳＯＢＩＷＡ,魚介類販売業,2024/10/29,2024/11/01,2030/10/31,
114094-11,ヤマダアールカンパニー株式会社,ＡＳＯＢＩＷＡ,菓子製造業,2024/10/29,2024/11/01,2030/10/31,申請のあった取扱品目の製造に限る
114098-01,株式会社自遊人,茶屋,飲食店営業,2025/02/18,2025/03/01,2031/02/28,
114099-11,,Ｇｒａｎｏｌａ風の森,菓子製造業,2024/06/19,2024/07/01,2030/06/30,申請のあった取扱品目の製造に限る
114100-01,合同会社ｆｕｗａｒｉ,パンとケーキのお店　ｆｕｗａｒｉ,飲食店営業,2024/10/22,2024/11/01,2030/10/31,
114100-11,合同会社ｆｕｗａｒｉ,パンとケーキのお店　ｆｕｗａｒｉ,菓子製造業,2024/10/22,2024/11/01,2030/10/31,申請のあった取扱品目の製造に限る
114101-01,,ｓａｋａｅｍａｃｈｉ　ｔａｎｅ,飲食店営業,2024/06/14,2024/07/01,2030/06/30,
114105-01,,松の浦キャンプ場　みのりのお店,飲食店営業,2024/10/22,2024/11/01,2030/10/31,簡易な営業に限る
114107-01,,五宝食品,飲食店営業,2024/01/31,2024/03/01,2029/02/28,簡単な調理加工行為に限る加熱調理食品の提供に限る巡回移動営業に限る申請のあった営業場所に限る申請のあった取扱品目に限る
114108-01,株式会社創美,カフェ　ぽっとらっく,飲食店営業,2025/06/19,2025/07/01,2032/06/30,
114109-01,,ファミリーマート大津高砂店,飲食店営業,2026/02/17,2026/03/01,2033/02/28,
114110-01,琵琶湖汽船株式会社,学習船「うみのこ」,飲食店営業,2026/02/13,2026/03/01,2033/02/28,
114119-01,,ＨＵＮＴＩＭＥ　ＣＹＣＬＥ　ＳＴＯＲＥ,飲食店営業,2024/06/19,2024/07/01,2030/06/30,
114119-11,,ＨＵＮＴＩＭＥ　ＣＹＣＬＥ　ＳＴＯＲＥ,菓子製造業,2024/06/19,2024/07/01,2030/06/30,申請のあった取扱品目の製造に限る
114120-01,株式会社ホライズン,Ｊカフェ,飲食店営業,2025/02/18,2025/03/01,2031/02/28,
114121-01,株式会社平和堂,アル・プラザ瀬田　精肉,飲食店営業,2025/06/17,2025/07/01,2032/06/30,
114121-03,株式会社平和堂,アル・プラザ瀬田　精肉,食肉販売業,2025/06/17,2025/07/01,2032/06/30,とさつ・解体は行わないこと。
114122-01,株式会社平和堂,アル・プラザ瀬田　精肉生食,飲食店営業,2025/06/17,2025/07/01,2032/06/30,
114123-01,株式会社平和堂,アル・プラザ瀬田　デリカ,飲食店営業,2025/06/17,2025/07/01,2032/06/30,
114123-11,株式会社平和堂,アル・プラザ瀬田　デリカ,菓子製造業,2025/06/17,2025/07/01,2032/06/30,申請のあった取扱品目の製造に限る。
114124-01,株式会社平和堂,アル・プラザ瀬田　鮮魚,飲食店営業,2025/06/17,2025/07/01,2032/06/30,
114124-04,株式会社平和堂,アル・プラザ瀬田　鮮魚,魚介類販売業,2025/06/17,2025/07/01,2032/06/30,
114125-11,株式会社平和堂,アル・プラザ瀬田　青果,菓子製造業,2025/06/17,2025/07/01,2032/06/30,申請のあった取扱品目の製造に限る。
114128-01,,三本松,飲食店営業,2024/06/13,2024/07/01,2030/06/30,
114131-01,株式会社八寅,粉もん屋八膳所駅前店,飲食店営業,2025/02/06,2025/03/01,2031/02/28,
114132-25,株式会社高谷商店,株式会社高谷商店,そうざい製造業,2025/06/16,2025/07/01,2032/06/30,申請のあった取扱品目の製造に限る。
114133-11,株式会社叶匠寿庵,叶匠寿庵　加工所,菓子製造業,2024/06/11,2024/07/01,2030/06/30,申請のあった取扱品目の製造に限る
114135-01,,ファミリーマートおごと温泉店,飲食店営業,2025/10/20,2025/11/01,2032/10/31,
114136-01,株式会社Ｍｅｒｋｍａｌ,かのや,飲食店営業,2025/02/18,2025/03/01,2031/02/28,
114137-01,,中国料理　旦,飲食店営業,2025/02/06,2025/03/01,2031/02/28,
114138-01,株式会社自遊人,近江屋,飲食店営業,2025/02/18,2025/03/01,2031/02/28,
114139-01,株式会社ＢｅｓｔＤｅｌｉｇｈｔＧｒｏｕｐ,ホテル　ロータス　大津店,飲食店営業,2024/06/12,2024/07/01,2030/06/30,
114142-01,株式会社アスク,プレサンスレジェンド琵琶湖　カフェ,飲食店営業,2026/02/12,2026/03/01,2033/02/28,
114145-29,,パルメン・ガルテン,漬物製造業,2023/08/02,2023/09/13,2030/06/30,申請のあった取扱品目の製造に限る
114145-11,,パルメン・ガルテン,菓子製造業,2025/06/11,2025/07/01,2031/06/30,申請のあった取扱品目の製造に限る。
114145-25,,パルメン・ガルテン,そうざい製造業,2025/06/11,2025/07/01,2031/06/30,申請のあった取扱品目の製造に限る。
114146-01,敷島住宅株式会社,敷島住宅　滋賀支店,飲食店営業,2025/06/16,2025/07/01,2031/06/30,
114146-11,敷島住宅株式会社,敷島住宅　滋賀支店,菓子製造業,2025/06/16,2025/07/01,2031/06/30,申請のあった取扱品目の製造に限る。
114148-01,,ｓａｆａｒｉ　ｓｕｒｆｅｒｓ,飲食店営業,2024/06/25,2024/07/01,2030/06/30,
114149-01,,ＣＡＦＥ　ＢＡＲ　ｍ,飲食店営業,2025/02/18,2025/03/01,2031/02/28,
114150-17,,モツ鍋　きりん屋,食肉販売業,2021/01/25,2021/01/28,2027/06/30,とさつ・解体をしないこと
114151-01,,たこ焼　はるちゃん,飲食店営業,2024/10/22,2024/11/01,2030/10/31,
114152-01,株式会社Ｄ＆Ｍグループ,ｃｌｕｂ　Ｄｉａｎａ,飲食店営業,2024/06/26,2024/07/01,2030/06/30,
114163-01,株式会社ＢｅｓｔＤｅｌｉｇｈｔＧｒｏｕｐ,ホテル　ルナ　大津店,飲食店営業,2025/06/16,2025/07/01,2031/06/30,
114166-01,,伊とう,飲食店営業,2025/06/20,2025/07/01,2031/06/30,
114167-01,株式会社Ｈｙｇｇｅ,配食のふれ愛　瀬田店,飲食店営業,2025/06/16,2025/07/01,2031/06/30,
114169-01,Ｍ’ｓキッチン株式会社,日吉の森保育園,飲食店営業,2018/07/12,2018/07/31,2026/10/31,
114170-01,株式会社第一食品,ニチイメゾン瀬田Ⅱ番館,飲食店営業,2026/06/11,2026/07/01,2033/06/30,
114173-01,アルピナＢＩ株式会社,ノーススタンド,飲食店営業,2024/10/18,2024/11/01,2030/10/31,
114174-01,,Ｃａｆｅ　ｍａｒｖｅｌ,飲食店営業,2025/02/18,2025/03/01,2031/02/28,
114178-01,,肴と肉酒場たま屋,飲食店営業,2025/06/20,2025/07/01,2031/06/30,
114183-01,,まんぷく味,飲食店営業,2025/06/10,2025/07/01,2031/06/30,
114185-11,,ｍａｃｈａｋｏ,菓子製造業,2025/10/16,2025/11/01,2032/10/31,申請のあった取扱品目の製造に限る。
114186-01,,木のした料理店,飲食店営業,2024/10/22,2024/11/01,2030/10/31,
114187-01,株式会社近江舞子観光,焼肉バンバン,飲食店営業,2025/10/20,2025/11/01,2031/10/31,
114187-03,株式会社近江舞子観光,焼肉バンバン,食肉販売業,2025/10/20,2025/11/01,2031/10/31,とさつ・解体は行わないこと。
114191-01,一冨士フードサービス株式会社,２７０３８事業所,飲食店営業,2026/06/08,2026/07/01,2033/06/30,
114192-01,株式会社タレの秋末,焼肉　あきすえ,飲食店営業,2025/06/24,2025/07/01,2031/06/30,
114194-01,社会福祉法人共生シンフォニー,はっぴぃミール,飲食店営業,2026/06/15,2026/07/01,2033/06/30,
114196-01,株式会社小林屋,豚丼信玄,飲食店営業,2024/10/22,2024/11/01,2030/10/31,
114196-25,株式会社小林屋,豚丼信玄,そうざい製造業,2024/10/22,2024/11/01,2030/10/31,申請のあった取扱品目の製造に限る
114198-01,株式会社近江・かど萬,株式会社　近江・かど萬,飲食店営業,2026/02/20,2026/03/01,2033/02/28,
114198-03,株式会社近江・かど萬,株式会社　近江・かど萬,食肉販売業,2026/02/20,2026/03/01,2033/02/28,とさつ・解体は行わないこと。
114199-01,,オリンピア食堂（京都８００せ８２７９）,飲食店営業,2024/02/22,2024/03/01,2029/02/28,自動車による営業に限る申請のあった取扱品目に限る
114200-01,一冨士フードサービス株式会社,２７０４１事業所,飲食店営業,2026/06/08,2026/07/01,2033/06/30,
114202-01,,天衣無縫,飲食店営業,2025/02/18,2025/03/01,2031/02/28,
114202-11,,天衣無縫,菓子製造業,2025/02/18,2025/03/01,2031/02/28,申請のあった取扱品目の製造に限る
114204-01,株式会社本家力軒,本家力軒,飲食店営業,2025/02/18,2025/03/01,2031/02/28,
114204-11,株式会社本家力軒,本家力軒,菓子製造業,2025/02/18,2025/03/01,2031/02/28,申請のあった取扱品目の製造に限る
114209-01,株式会社ウタシカン,ケンタッキーフライドチキン・ピザハット堅田店,飲食店営業,2024/10/22,2024/11/01,2030/10/31,
114212-01,菊稼株式会社,台湾食味,飲食店営業,2025/02/25,2025/03/01,2031/02/28,
114212-27,菊稼株式会社,台湾食味,冷凍食品製造業,2021/09/21,2021/09/28,2028/02/29,申請のあった取扱品目の製造に限る
114214-13,株式会社第一化成,株式会社第一化成　びわ湖プラント,乳製品製造業,2025/10/17,2025/11/01,2032/10/31,申請のあった取扱品目の製造に限る。
114214-32,株式会社第一化成,株式会社第一化成　びわ湖プラント,添加物製造業,2025/10/17,2025/11/01,2032/10/31,申請のあった取扱品目の製造に限る。
114215-01,一般社団法人近江ツーリズムボード,近江ツーリズムボード　３号車（滋賀８００わ・４０１）,飲食店営業,2024/02/15,2024/03/01,2029/02/28,自動車による営業に限る申請のあった取扱品目に限る
114222-01,株式会社セブンズ,セブンズクレープ（滋賀８３０た３５８８）,飲食店営業,2024/02/20,2024/03/01,2030/02/28,自動車による営業に限る申請のあった取扱品目に限る
114224-01,株式会社湯元舘,馳走処　樂浪,飲食店営業,2025/10/21,2025/11/01,2032/10/31,
114227-04,マックスバリュ東海株式会社,マックスバリュ大津月輪店　水産,魚介類販売業,2026/06/09,2026/07/01,2033/06/30,
114228-03,マックスバリュ東海株式会社,マックスバリュ大津月輪店　畜産,食肉販売業,2026/06/09,2026/07/01,2033/06/30,とさつ・解体は行わないこと。
114229-01,マックスバリュ東海株式会社,マックスバリュ大津月輪店　試食室,飲食店営業,2026/06/09,2026/07/01,2033/06/30,
114230-01,マックスバリュ東海株式会社,マックスバリュ大津月輪店　寿司,飲食店営業,2026/06/09,2026/07/01,2033/06/30,
114231-01,マックスバリュ東海株式会社,マックスバリュ大津月輪店　デリカ,飲食店営業,2026/06/09,2026/07/01,2033/06/30,
114232-11,マックスバリュ東海株式会社,マックスバリュ大津月輪店　ベーカリー・サンドイッチ室,菓子製造業,2026/06/09,2026/07/01,2033/06/30,申請のあった取扱品目の製造に限る。
114238-01,菊稼株式会社,蒸し料理の店　ぜろはち　大津テラス店,飲食店営業,2026/02/20,2026/03/01,2033/02/28,
114241-11,,御饅頭処　餅兵もちひょう,菓子製造業,2025/02/18,2025/03/01,2031/02/28,申請のあった取扱品目の製造に限る
114242-01,,レマンドマキ,飲食店営業,2024/05/17,2024/05/31,2030/06/30,
114242-11,,レマンドマキ,菓子製造業,2024/05/17,2024/05/31,2030/06/30,申請のあった取扱品目の製造に限る
114243-01,,昭和カフェ４５,飲食店営業,2025/06/16,2025/07/01,2031/06/30,
114246-01,,近江牛と近江野菜グリル漣,飲食店営業,2025/02/18,2025/03/01,2031/02/28,
114246-25,,近江牛と近江野菜グリル漣,そうざい製造業,2025/01/28,2025/02/17,2031/02/28,申請のあった取扱品目の製造に限る
114247-01,合資会社ＴＲＦ－ｏｎｅ,ファミリーマート大津におの浜店,飲食店営業,2026/02/10,2026/03/01,2033/02/28,
114250-01,,Ｇａｒｄｅｎ　ｃａｆｅ　ちもしい・ぐらす,飲食店営業,2025/06/11,2025/07/01,2031/06/30,
114259-01,,あっぱれ（滋賀４８０た９７７１）,飲食店営業,2024/02/19,2024/03/01,2029/02/28,自動車による営業に限る申請のあった取扱品目に限る
114260-01,,Ｌｉｅｎ,飲食店営業,2025/10/20,2025/11/01,2031/10/31,
114261-01,有限会社ＣＳＳ,ローソンおごと温泉店,飲食店営業,2018/11/02,2018/12/06,2026/10/31,
114267-01,,サニーズ京滋店（滋賀８００す５５３５）,飲食店営業,2024/02/20,2024/03/01,2029/02/28,自動車による営業に限る申請のあった取扱品目に限る
114268-01,,ファミリーマート大津唐崎一丁目店,飲食店営業,2026/02/09,2026/03/01,2033/02/28,
114269-01,,モーニングカフェ　フジタニ洋品店,飲食店営業,2025/02/12,2025/03/01,2031/02/28,
114270-01,,ぎゅういち参上堅田本店,飲食店営業,2025/10/20,2025/11/01,2031/10/31,
114271-02,,ＭＡＲＫＥＴ　Ｅｓｐｒｅｓｓｏ＆Ｖｅｇｅｔａｂｌｅｓ,菓子製造業,2020/07/29,2020/08/05,2027/02/28,申請のあった取扱品目の製造に限る
114271-01,,ＭＡＲＫＥＴ　Ｅｓｐｒｅｓｓｏ＆Ｖｅｇｅｔａｂｌｅｓ,飲食店営業,2025/02/18,2025/03/01,2031/02/28,
114279-01,,Ｂａｒ　Ｍ’ｓ,飲食店営業,2025/02/18,2025/03/01,2031/02/28,簡易な営業に限る
114280-01,スカイツリー株式会社,ファミリーマート大津月輪三丁目店,飲食店営業,2026/06/09,2026/07/01,2033/06/30,
114287-01,株式会社ハートフレンド,フレスコ大津店　デリカコーナー,飲食店営業,2025/02/20,2025/03/01,2032/02/29,
114292-01,株式会社ｉｉｄａ不動産,ｉｉ・ｃａｆｅ　×　ｄａ・ｂａｒ,飲食店営業,2025/02/17,2025/03/01,2031/02/28,
114293-01,,ＭＯＡ,飲食店営業,2025/06/09,2025/07/01,2031/06/30,
114295-01,,たいやけやけたん（滋賀４８０せ７９５７）,飲食店営業,2024/02/20,2024/03/01,2029/02/28,自動車による営業に限る申請のあった取扱品目に限る簡易な調理に限る加熱調理食品の提供に限る
114298-01,,ＳＱＵＩＲＲＥＬ　ＮＥＳＴ　ＣＯＦＦＥＥ（滋賀４８０た６７８９）,飲食店営業,2024/02/13,2024/03/01,2029/02/28,自動車による営業に限る申請のあった取扱品目に限る簡易な調理に限る加熱調理食品の提供に限る
114299-01,,伊東屋,飲食店営業,2025/02/19,2025/03/01,2031/02/28,
114307-11,,Ｗｉｔｈ　Ｈｅｒｂ,菓子製造業,2025/10/09,2025/11/01,2031/10/31,申請のあった取扱品目の製造に限る。
114310-01,,京なか,飲食店営業,2025/02/19,2025/03/01,2031/02/28,
114311-01,,ＣＲＥＤＹＡ,飲食店営業,2025/02/19,2025/03/01,2031/02/28,
114316-01,有限会社あかねや,ベルエキップ,飲食店営業,2025/02/19,2025/03/01,2031/02/28,
114318-11,株式会社平和堂,（株）平和堂フレンドマート唐崎店青果売場,菓子製造業,2026/02/13,2026/03/01,2033/02/28,申請のあった取扱品目の製造に限る。
114319-11,株式会社平和堂,株式会社平和堂　フレンドマートグリーンヒル青山店,菓子製造業,2026/06/10,2026/07/01,2033/06/30,申請のあった取扱品目の製造に限る。
114320-01,,ファミリーマート大津膳所駅前店,飲食店営業,2026/02/12,2026/03/01,2033/02/28,
114322-11,株式会社平和堂,平和堂フレンドマート瀬田川店　青果,菓子製造業,2025/06/20,2025/07/01,2032/06/30,申請のあった取扱品目の製造に限る。
114323-01,,ほっともっと大津今堅田店,飲食店営業,2019/01/22,2019/01/25,2026/10/31,
114325-25,,モダン,そうざい製造業,2025/10/14,2025/11/01,2031/10/31,申請のあった取扱品目の製造に限る。
114326-01,,ファミリーマート大津大萱店,飲食店営業,2026/06/10,2026/07/01,2033/06/30,
114328-01,,とまり,飲食店営業,2025/02/19,2025/03/01,2031/02/28,
114329-11,株式会社平和堂,株式会社平和堂　フレンドマート膳所店（青果）,菓子製造業,2026/06/12,2026/07/01,2033/06/30,申請のあった取扱品目の製造に限る。
114330-11,株式会社平和堂,平和堂フレンドマート大津京店　青果,菓子製造業,2026/02/12,2026/03/01,2033/02/28,申請のあった取扱品目の製造に限る。
114332-01,株式会社近江鳥真,近江鳥真,飲食店営業,2025/10/10,2025/11/01,2031/10/31,
114332-03,株式会社近江鳥真,近江鳥真,食肉販売業,2025/10/10,2025/11/01,2031/10/31,とさつ・解体は行わないこと。
114338-01,有限会社ごはん屋,ごはん屋　テント,飲食店営業,2024/02/20,2024/03/01,2029/02/28,巡回移動営業に限る申請のあった営業場所に限る申請のあった取扱品目に限る加熱調理食品の提供に限る
114340-01,,ウッキー膳所店,飲食店営業,2024/02/21,2024/03/01,2029/02/28,巡回移動営業に限る申請のあった営業場所に限る申請のあった取扱品目に限る加熱調理食品の提供に限る簡単な調理加工行為に限る
114342-01,アルピナＢＩ株式会社,びわ湖ストリート,飲食店営業,2025/10/09,2025/11/01,2031/10/31,
114344-01,奥比叡観光株式会社,比叡山峰道レストラン,飲食店営業,2019/02/06,2019/03/05,2026/10/31,そうざいは店頭販売に限る
114345-11,株式会社平和堂,フレンドマート大津なかまち店　青果売場,菓子製造業,2026/02/18,2026/03/01,2033/02/28,申請のあった取扱品目の製造に限る。
114346-01,,でらほや,飲食店営業,2025/10/16,2025/11/01,2031/10/31,
114348-01,株式会社ま喜の,株式会社ま喜の,飲食店営業,2025/02/19,2025/03/01,2031/02/28,
114349-01,,ＺＥＲＯ企画,飲食店営業,2024/02/27,2024/03/01,2029/02/28,申請のあった営業場所に限る巡回移動営業に限る申請のあった取扱品目に限る加熱調理食品の提供に限る簡単な調理加工行為に限る
114354-01,,ＢＡＲ　ＳＴＯＮＥ’Ｓ,飲食店営業,2025/06/20,2025/07/01,2031/06/30,
114358-01,株式会社満天星,ＶＩＷＡＫＯ　ＧＬＡＳＴＡＲ,飲食店営業,2025/10/09,2025/11/01,2031/10/31,
114359-01,株式会社満天星,ＶＩＷＡＫＯ　ＧＬＡＳＴＡＲ　バー,飲食店営業,2025/10/09,2025/11/01,2031/10/31,
114362-01,一冨士フードサービス株式会社,１６８５４－１業所,飲食店営業,2019/02/27,2019/03/25,2027/02/28,
114363-01,一冨士フードサービス株式会社,１６８５４－２業所,飲食店営業,2019/02/27,2019/03/25,2027/02/28,
114364-01,富士産業株式会社,ＪＣＨＯ滋賀病院,飲食店営業,2026/06/11,2026/07/01,2033/06/30,
114365-01,,ほうほうの森　森商店,飲食店営業,2025/06/09,2025/07/01,2031/06/30,
114366-01,一冨士フードサービス株式会社,１６８６７事業所,飲食店営業,2019/03/05,2019/03/26,2027/02/28,
114367-02,,ＳＴＵＤＩＯ　Ｓｔｈｉｒａ,菓子製造業,2020/09/29,2020/10/06,2027/06/30,申請のあった取扱品目の製造に限る
114367-01,,ＳＴＵＤＩＯ　Ｓｔｈｉｒａ,飲食店営業,2025/06/12,2025/07/01,2031/06/30,
114368-01,びわこプレジデント観光株式会社,比良ゴルフ倶楽部　レストラン,飲食店営業,2019/03/08,2019/03/13,2026/10/31,
114368-02,びわこプレジデント観光株式会社,比良ゴルフ倶楽部　レストラン,菓子製造業,2019/03/08,2019/03/13,2026/10/31,申請のあった取扱品目の製造に限る
114369-01,びわこプレジデント観光株式会社,比良ゴルフ倶楽部　アウトコース売店,飲食店営業,2025/10/15,2025/11/01,2031/10/31,
114370-01,びわこプレジデント観光株式会社,比良ゴルフ倶楽部　インコース売店,飲食店営業,2025/10/15,2025/11/01,2031/10/31,
114372-01,株式会社ＺＡＰ,和の道,飲食店営業,2019/03/12,2019/04/19,2027/02/28,
114375-01,株式会社グランビスタホテル＆リゾート,レストラン　叡山,飲食店営業,2019/03/18,2019/03/28,2027/02/28,
114376-01,株式会社グランビスタホテル＆リゾート,大津ハイウェイレストラン　１階　テイクアウトコーナー,飲食店営業,2019/03/18,2019/03/28,2027/02/28,
114376-02,株式会社グランビスタホテル＆リゾート,大津ハイウェイレストラン　１階　テイクアウトコーナー,菓子製造業,2019/03/18,2019/03/28,2027/02/28,申請のあった取扱品目の製造に限る
114376-14,株式会社グランビスタホテル＆リゾート,大津ハイウェイレストラン　１階　テイクアウトコーナー,アイスクリーム類製造業,2019/03/18,2019/03/28,2027/02/28,ソフトクリームサーバー機による製造に限る
114377-01,,ＫＥＮＩ－Ｓ　ＺＡＫＫＡ＆ＤＲＩＮＫ　ＣＡＦＥ,飲食店営業,2025/06/12,2025/07/01,2031/06/30,
114378-01,,幸盛丸,飲食店営業,2025/06/13,2025/07/01,2031/06/30,
114382-01,エムケイ石油株式会社,ＭＫグループ琵琶湖研修センター,飲食店営業,2019/03/27,2019/04/09,2026/10/31,
114384-01,,松水,飲食店営業,2025/10/16,2025/11/01,2031/10/31,
114384-11,,松水,菓子製造業,2025/10/16,2025/11/01,2031/10/31,申請のあった取扱品目の製造に限る。
114385-01,,ＢｅｅｒＣａｆｅ　Ｍｉ　ｃａｓａ,飲食店営業,2025/06/11,2025/07/01,2031/06/30,
114386-01,株式会社アモーレながすぎ,コメダ珈琲店　大津堅田店,飲食店営業,2025/10/14,2025/11/01,2031/10/31,
114388-01,株式会社アモーレながすぎ,コメダ珈琲店　瀬田川唐橋店,飲食店営業,2025/06/13,2025/07/01,2031/06/30,
114389-11,,ＨＡＷＡ,菓子製造業,2025/10/22,2025/11/01,2031/10/31,申請のあった取扱品目の製造に限る。
114391-02,株式会社平和堂,平和堂　和邇店　青果,菓子製造業,2019/04/04,2019/04/11,2026/10/31,申請のあった取扱品目の製造に限る
114392-11,社会福祉法人美輪湖の家大津,茗荷塾ワークショップさかもと,菓子製造業,2021/07/21,2021/07/29,2027/10/31,申請のあった取扱品目の製造に限る
114392-29,社会福祉法人美輪湖の家大津,茗荷塾ワークショップさかもと,漬物製造業,2022/07/04,2022/07/11,2028/10/31,申請のあった取扱品目の製造に限る
114392-24,社会福祉法人美輪湖の家大津,茗荷塾ワークショップさかもと,麺類製造業,2025/10/10,2025/11/01,2031/10/31,申請のあった取扱品目の製造に限る。
114394-01,,ほっこりキッチン,飲食店営業,2025/06/09,2025/07/01,2031/06/30,
114394-11,,ほっこりキッチン,菓子製造業,2025/06/09,2025/07/01,2031/06/30,申請のあった取扱品目の製造に限る。
114395-01,,月麦の音,飲食店営業,2026/02/09,2026/03/01,2032/02/29,
114395-11,,月麦の音,菓子製造業,2026/02/09,2026/03/01,2032/02/29,申請のあった取扱品目の製造に限る。
114399-01,有限会社魚重食品,うなぎ、串焼　たけ,飲食店営業,2026/02/19,2026/03/01,2032/02/29,
114401-04,株式会社真心食品,株式会社　真心食品,魚介類販売業,2025/10/22,2025/11/01,2031/10/31,
114401-25,株式会社真心食品,株式会社　真心食品,そうざい製造業,2025/10/22,2025/11/01,2031/10/31,申請のあった取扱品目の製造に限る。
114402-01,,ＣＬＯＶＥＲ,飲食店営業,2025/06/23,2025/07/01,2031/06/30,
114403-17,,キュイジーヌラボ　ポンピエール,食肉販売業,2021/03/15,2021/03/31,2027/10/31,とさつ・解体をしないこと
114403-29,,キュイジーヌラボ　ポンピエール,そうざい製造業,2021/03/15,2021/03/31,2027/10/31,申請のあった取扱品目の製造に限る
114404-25,,うしお,そうざい製造業,2025/06/09,2025/07/01,2031/06/30,申請のあった取扱品目の製造に限る。
114405-01,,Ｂｉｇ　Ｅ’ｓ　Ｂａｒ＆Ｇｒｉｌｌ,飲食店営業,2025/10/14,2025/11/01,2031/10/31,
114405-03,,Ｂｉｇ　Ｅ’ｓ　Ｂａｒ＆Ｇｒｉｌｌ,食肉販売業,2025/10/14,2025/11/01,2031/10/31,とさつ・解体は行わないこと。
114409-01,社会福祉法人志賀福祉会,真野しょうぶ苑　地域交流スペース,飲食店営業,2025/10/15,2025/11/01,2032/10/31,
114410-01,,Ｋａｆｆｅ　ＴａＫ,飲食店営業,2025/06/23,2025/07/01,2031/06/30,
114410-11,,Ｋａｆｆｅ　ＴａＫ,菓子製造業,2025/06/23,2025/07/01,2031/06/30,申請のあった取扱品目の製造に限る。
114411-01,,ローソン　大津島の関店,飲食店営業,2019/04/18,2019/04/26,2027/02/28,
114412-11,株式会社滋賀ごてん本舗,株式会社　滋賀ごてん本舗,菓子製造業,2025/10/09,2025/11/01,2031/10/31,申請のあった取扱品目の製造に限る。
114416-01,,旬魚旬菜　だいこくや,飲食店営業,2025/06/17,2025/07/01,2031/06/30,
114417-01,株式会社魚しげ,サンディ　大津際川店,飲食店営業,2019/04/25,2019/06/06,2027/02/28,
114417-07,株式会社魚しげ,サンディ　大津際川店,魚介類販売業,2019/04/25,2019/05/10,2027/02/28,
114419-01,,里山のＤａｉｄｏｃｏ　Ｌｕｌｕ,飲食店営業,2025/10/09,2025/11/01,2031/10/31,
114421-01,,いざかっぱ,飲食店営業,2026/02/12,2026/03/01,2032/02/29,
114424-01,,おたふく,飲食店営業,2026/02/12,2026/03/01,2032/02/29,
114426-02,,姜ちゃん,菓子製造業,2021/04/22,2021/05/18,2027/06/30,申請のあった取扱品目の製造に限る
114426-01,,姜ちゃん,飲食店営業,2025/06/16,2025/07/01,2031/06/30,
114428-01,,セブンイレブン近江舞子店,飲食店営業,2019/05/15,2019/05/23,2026/10/31,
114429-02,有限会社嶋屋,御菓子処嶋屋,菓子製造業,2019/05/15,2019/05/23,2026/10/31,申請のあった取扱品目の製造に限る
114429-01,有限会社嶋屋,御菓子処嶋屋,飲食店営業,2021/06/14,2021/07/13,2028/10/31,
114431-01,,自由空間　ももとせ,飲食店営業,2025/06/20,2025/07/01,2031/06/30,
114435-01,,旨夢路本舗（滋賀８３０さ・４６６）,飲食店営業,2025/02/05,2025/03/01,2031/02/28,自動車による営業に限る申請のあった取扱品目に限る
114438-01,,配食のふれ愛　びわこ湖西店,飲食店営業,2025/10/17,2025/11/01,2031/10/31,
114441-01,,京おばんざい　ぽん,飲食店営業,2025/06/19,2025/07/01,2031/06/30,
114442-01,,Ｂｕｔｔｅｒｆｌｙ　Ｐｅａ,飲食店営業,2026/02/06,2026/03/01,2032/02/29,
114443-01,,ｈｏｋｋｏｒｉ　ｃａｆｅ,飲食店営業,2025/06/10,2025/07/01,2031/06/30,
114443-11,,ｈｏｋｋｏｒｉ　ｃａｆｅ,菓子製造業,2025/06/10,2025/07/01,2031/06/30,申請のあった取扱品目の製造に限る。
114446-01,極藤之嘉株式会社,ＬＩＶＥ　ＳＰＡＣＥ　ＳＭＡＬＬ　ＣＡＳＴＬＥ,飲食店営業,2025/10/09,2025/11/01,2031/10/31,
114448-01,,Ｃａｆｅ　７８２,飲食店営業,2025/06/10,2025/07/01,2031/06/30,
114449-01,,天ぷら割烹　湖都　臣,飲食店営業,2026/02/04,2026/03/01,2032/02/29,
114456-01,,浜大津こじま家,飲食店営業,2026/02/16,2026/03/01,2032/02/29,
114463-01,,麺匠　眞－Ｓｈｉｎ－,飲食店営業,2026/02/06,2026/03/01,2032/02/29,
114465-01,,麺屋　しん,飲食店営業,2026/06/02,2026/07/01,2032/06/30,
114470-11,合同会社ａｓｗｅｌｌ,ａｓｗｅｌｌ,菓子製造業,2023/09/11,2023/09/25,2030/06/30,申請のあった取扱品目の製造に限る
114470-01,合同会社ａｓｗｅｌｌ,ａｓｗｅｌｌ,飲食店営業,2026/06/11,2026/07/01,2032/06/30,
114471-01,,ルルフェ,飲食店営業,2019/07/04,2019/08/06,2026/10/31,
114471-02,,ルルフェ,菓子製造業,2019/07/04,2019/08/06,2026/10/31,申請のあった取扱品目の製造に限る
114478-01,株式会社ジェイアール西日本デイリーサービスネット,セブン－イレブンＪＲ大津駅前,飲食店営業,2019/07/05,2019/07/23,2027/02/28,
114479-01,株式会社鮮魚たかぎ,髙木鮮魚店堅田店,飲食店営業,2019/07/09,2019/07/19,2026/10/31,
114480-01,株式会社ビーエスシー・インターナショナル,サニーレイク,飲食店営業,2025/10/14,2025/11/01,2031/10/31,
114483-01,,喫茶・長江,飲食店営業,2026/02/09,2026/03/01,2032/02/29,
114489-01,,酒菜　わをん,飲食店営業,2026/02/16,2026/03/01,2032/02/29,
114490-01,株式会社和空プロジェクト,ながら茶房　（和空三井寺）,飲食店営業,2026/02/12,2026/03/01,2032/02/29,
114493-01,,Ｎｉｃｏ,飲食店営業,2026/02/18,2026/03/01,2032/02/29,
114495-01,ヤマダアールカンパニー株式会社,Ｒ　ｃａｆｅ,飲食店営業,2025/10/20,2025/11/01,2031/10/31,
114495-11,ヤマダアールカンパニー株式会社,Ｒ　ｃａｆｅ,菓子製造業,2025/10/20,2025/11/01,2031/10/31,申請のあった取扱品目の製造に限る。
114496-12,株式会社ルメルシエ,ｐａｔｉｓｓｅｒｉｅ＆ｄｅｌｉｃａｆｅ　ＲｅＭｅｒｃｉｅｒ,アイスクリーム類製造業,2023/09/11,2023/09/26,2029/10/31,申請のあった取扱品目の製造に限る
114496-01,株式会社ルメルシエ,ｐａｔｉｓｓｅｒｉｅ＆ｄｅｌｉｃａｆｅ　ＲｅＭｅｒｃｉｅｒ,飲食店営業,2025/09/25,2025/11/01,2031/10/31,
114496-11,株式会社ルメルシエ,ｐａｔｉｓｓｅｒｉｅ＆ｄｅｌｉｃａｆｅ　ＲｅＭｅｒｃｉｅｒ,菓子製造業,2025/09/25,2025/11/01,2031/10/31,申請のあった取扱品目の製造に限る。
114497-01,株式会社国華荘,びわ湖花街道　カフェ開花亭,飲食店営業,2019/07/23,2019/08/09,2027/10/31,
114503-01,かねまん食品株式会社,鮮魚かねまん　ファミリーマート＋エフ・マーケット大津南郷店,飲食店営業,2019/08/01,2019/08/28,2027/06/30,そうざいは店頭販売に限る
114503-07,かねまん食品株式会社,鮮魚かねまん　ファミリーマート＋エフ・マーケット大津南郷店,魚介類販売業,2019/08/01,2019/08/28,2027/06/30,
114504-01,,焼肉びわ,飲食店営業,2026/06/08,2026/07/01,2032/06/30,
114505-01,,一心　～Ｈｉｔｏｋｏｋｏｒｏ～,飲食店営業,2025/10/20,2025/11/01,2031/10/31,
114509-01,,焼肉　響－ＨＩＢＩＫＩ－,飲食店営業,2025/10/22,2025/11/01,2031/10/31,
114510-01,,ダイニングテーブル　ネズ,飲食店営業,2025/10/09,2025/11/01,2031/10/31,
114513-01,,コンセルボ堅田店,飲食店営業,2019/08/26,2019/08/30,2026/10/31,
114513-02,,コンセルボ堅田店,菓子製造業,2019/08/26,2019/08/30,2026/10/31,申請のあった取扱品目の製造に限る
114515-01,,ウエノダイスケ商事（滋賀８０３む・・・８）,飲食店営業,2025/02/04,2025/03/01,2030/02/28,自動車による営業に限る
114518-01,株式会社瑛心,株式会社　瑛心,飲食店営業,2019/08/29,2019/09/24,2027/06/30,
114518-07,株式会社瑛心,株式会社　瑛心,魚介類販売業,2019/08/29,2019/09/24,2027/06/30,
114521-01,株式会社ジェイ・エス・ビー・フードサービス,グランメゾン迎賓館大津大将軍,飲食店営業,2019/09/05,2019/09/19,2028/06/30,
114522-01,,深田（滋賀８３０す１１３７）,飲食店営業,2025/02/06,2025/03/01,2030/02/28,自動車による営業に限る申請のあった取扱品目に限る
114524-01,株式会社廣見,鮨　廣見屋　別館,飲食店営業,2019/09/10,2019/09/18,2027/06/30,
114525-01,株式会社アスク,プレミスト大津ステーションレジデンス　カフェ,飲食店営業,2019/09/10,2019/09/24,2027/02/28,
114525-02,株式会社アスク,プレミスト大津ステーションレジデンス　カフェ,菓子製造業,2019/09/10,2019/09/24,2027/02/28,申請のあった取扱品目の製造に限る
114526-02,トーヨーベンディング株式会社,自販１４　大津サービスエリア下り線,調理の機能を有する自動販売機により食品を調理し、調理された食品を販売する営業,2025/02/12,2025/03/01,2030/02/28,自動販売機による営業（設置台数は１台）に限る
114527-01,,お弁当・おかん,飲食店営業,2026/02/09,2026/03/01,2032/02/29,
114528-01,株式会社まちおこし,野洲のおっさんおにぎり食堂,飲食店営業,2026/02/06,2026/03/01,2032/02/29,
114529-01,株式会社Ｋ志賀,ローソン　志賀荒川店,飲食店営業,2019/09/18,2019/10/03,2026/10/31,
114530-01,株式会社秀静,ローソン　大津仰木の里東,飲食店営業,2019/09/24,2019/10/01,2026/10/31,そうざいは店頭販売に限る
114532-01,,メンバーズ　ＮＡＧＯＭＩ,飲食店営業,2026/02/06,2026/03/01,2032/02/29,
114533-02,株式会社平和堂,フレンドマート大津駅前店（青果）,菓子製造業,2019/09/26,2019/10/24,2027/02/28,申請のあった取扱品目の製造に限る
114534-01,株式会社平和堂,フレンドマート大津駅前店（鮮魚）,飲食店営業,2020/01/10,2020/01/17,2027/02/28,
114534-07,株式会社平和堂,フレンドマート大津駅前店（鮮魚）,魚介類販売業,2019/09/26,2019/10/24,2027/02/28,
114535-01,株式会社平和堂,フレンドマート大津駅前店（デリカ）,飲食店営業,2019/09/26,2019/10/24,2027/02/28,そうざいは店頭販売に限る
114535-02,株式会社平和堂,フレンドマート大津駅前店（デリカ）,菓子製造業,2019/09/26,2019/10/24,2027/02/28,申請のあった取扱品目の製造に限る
114541-01,株式会社平和堂,フレンドマート大津駅前店（精肉）,飲食店営業,2020/01/14,2020/01/17,2027/02/28,
114541-17,株式会社平和堂,フレンドマート大津駅前店（精肉）,食肉販売業,2019/10/04,2019/10/24,2027/02/28,とさつ・解体をしないこと
114544-01,株式会社オールインワン,とんかつ　いしざき,飲食店営業,2026/05/25,2026/07/01,2032/06/30,
114545-01,,創食　きんぎょ,飲食店営業,2026/06/23,2026/07/01,2032/06/30,
114547-01,,ＩＮＵＴＡＫＵ食堂,飲食店営業,2019/10/09,2019/10/25,2026/10/31,
114548-01,,酔い処　ぼんた,飲食店営業,2025/10/10,2025/11/01,2031/10/31,
114549-01,,餃子バル宮川,飲食店営業,2019/10/10,2019/10/29,2027/06/30,そうざいは店頭販売に限る
114551-01,フジパンストアー株式会社,エピシェール大津京,飲食店営業,2019/10/11,2019/11/26,2027/02/28,
114551-02,フジパンストアー株式会社,エピシェール大津京,菓子製造業,2019/10/11,2019/11/26,2027/02/28,申請のあった取扱品目の製造に限る
114555-01,,ローソン　大津一里山,飲食店営業,2019/10/16,2019/10/28,2027/06/30,
114556-01,株式会社メフォス,メフォス　１０３８１号店,飲食店営業,2019/10/16,2019/12/11,2027/06/30,
114557-01,株式会社新門荘,万両力石　浜大津店,飲食店営業,2026/02/12,2026/03/01,2032/02/29,
114559-01,,近江牛　たなか善,飲食店営業,2026/06/10,2026/07/01,2032/06/30,
114559-03,,近江牛　たなか善,食肉販売業,2026/06/10,2026/07/01,2032/06/30,とさつ・解体は行わないこと。
114560-01,,ＬＥＯＮ,飲食店営業,2026/02/18,2026/03/01,2032/02/29,
114561-01,スターバックスコーヒージャパン株式会社,スターバックスコーヒーブランチ大津京店,飲食店営業,2026/02/12,2026/03/01,2032/02/29,
114564-01,,Ｃａｆｅ　ｄｅ　ｌｕｎｅ（滋賀４８０ち６８４１）,飲食店営業,2025/02/17,2025/03/01,2030/02/28,自動車による営業に限る申請のあった取扱品目に限る
114567-01,株式会社ゼンショク,牛でん近江大津京店,飲食店営業,2019/11/01,2019/11/27,2027/02/28,
114568-01,ＪＢレストラン株式会社,ＬＯＮＧ－ｈｕ　ＤＩＮＩＮＧ　ブランチ大津京店,飲食店営業,2019/11/01,2019/11/26,2027/02/28,そうざいは店頭販売に限る
114570-01,,ＨＩＲＡ　ＨＯＴＥＬ,飲食店営業,2019/11/05,2019/11/14,2027/10/31,
114571-02,学校法人純美禮学園,学校法人純美禮学園　滋賀短期大学　製菓実習室,菓子製造業,2019/11/05,2019/11/08,2027/02/28,申請のあった取扱品目の製造に限る
114573-02,,未来館,菓子製造業,2019/11/06,2019/11/15,2026/10/31,申請のあった取扱品目の製造に限る
114574-01,株式会社Ｓｅｖｅｎｔｈ　Ｇｅｎｅｒａｔｉｏｎ　Ｐｒｏｊｅｃｔ,ＳＧ－Ｐａｒｋ,飲食店営業,2019/11/06,2019/11/26,2027/02/28,そうざいは店頭販売に限る
114574-02,株式会社Ｓｅｖｅｎｔｈ　Ｇｅｎｅｒａｔｉｏｎ　Ｐｒｏｊｅｃｔ,ＳＧ－Ｐａｒｋ,菓子製造業,2020/04/20,2020/04/24,2027/02/28,申請のあった取扱品目の製造に限る
114574-29,株式会社Ｓｅｖｅｎｔｈ　Ｇｅｎｅｒａｔｉｏｎ　Ｐｒｏｊｅｃｔ,ＳＧ－Ｐａｒｋ,そうざい製造業,2020/04/20,2020/04/24,2027/02/28,申請のあった取扱品目の製造に限る
114575-02,株式会社ラ・ナチュール,ラ・パティスリー　ナチュール,菓子製造業,2019/11/06,2019/11/11,2027/06/30,申請のあった取扱品目の製造に限る
114575-14,株式会社ラ・ナチュール,ラ・パティスリー　ナチュール,アイスクリーム類製造業,2019/11/06,2019/11/11,2027/06/30,ソフトクリームサーバー機による製造に限る
114577-01,マックスバリュ東海株式会社,マックスバリュ大津京店　（試食室）,飲食店営業,2019/11/06,2019/11/26,2027/02/28,そうざいは店頭販売に限る
114578-01,マックスバリュ東海株式会社,マックスバリュ大津京店　（デリカ・寿司）,飲食店営業,2019/11/06,2019/11/26,2027/02/28,そうざいは店頭販売に限る
114580-01,マックスバリュ東海株式会社,マックスバリュ大津京店　（ベーカリー室・サンドイッチ室）,飲食店営業,2019/11/06,2019/11/26,2027/02/28,
114580-02,マックスバリュ東海株式会社,マックスバリュ大津京店　（ベーカリー室・サンドイッチ室）,菓子製造業,2019/11/06,2019/11/26,2027/02/28,申請のあった取扱品目の製造に限る
114581-01,マックスバリュ東海株式会社,マックスバリュ大津京店　（畜産室・生食室）,飲食店営業,2019/11/06,2019/11/26,2027/02/28,そうざいは店頭販売に限る
114581-17,マックスバリュ東海株式会社,マックスバリュ大津京店　（畜産室・生食室）,食肉販売業,2019/11/06,2019/11/26,2027/02/28,とさつ・解体をしないこと
114583-07,マックスバリュ東海株式会社,マックスバリュ大津京店　（水産）,魚介類販売業,2019/11/06,2019/11/26,2027/02/28,
114586-01,ドリームフーズ株式会社,ちゃんぽん亭総本家　ブランチ大津京店,飲食店営業,2019/11/08,2019/11/26,2027/02/28,
114589-01,株式会社琵琶湖グランドホテル,琵琶湖グランドホテル　万葉,飲食店営業,2019/11/13,2019/12/18,2027/10/31,
114593-11,,ＨＯＴ　ＭＩＬＫ,菓子製造業,2023/10/18,2023/10/26,2030/06/30,申請のあった取扱品目の製造に限る
114596-01,,和風スナック　せん,飲食店営業,2026/06/08,2026/07/01,2032/06/30,
114597-11,,なごみぱん,菓子製造業,2026/02/09,2026/03/01,2032/02/29,申請のあった取扱品目の製造に限る。
114598-11,,スイーツサロン桜,菓子製造業,2026/06/09,2026/07/01,2032/06/30,申請のあった取扱品目の製造に限る。
114601-01,,ラーメン　モリン,飲食店営業,2026/02/18,2026/03/01,2032/02/29,
114602-01,,カプリの丘,飲食店営業,2019/12/04,2019/12/11,2026/10/31,
114606-11,有限会社ブルーベリーフィールズ紀伊國屋,ブルーベリーフィールズ　紀伊國屋　ジャム工房,缶詰又は瓶詰食品製造業,2019/12/16,2019/12/23,2026/10/31,申請のあった取扱品目の製造に限る
114606-32,有限会社ブルーベリーフィールズ紀伊國屋,ブルーベリーフィールズ　紀伊國屋　ジャム工房,清涼飲料水製造業,2020/06/26,2020/07/01,2026/10/31,申請のあった取扱品目の製造に限る
114607-01,,文楽,飲食店営業,2025/02/05,2025/03/01,2030/02/28,簡単な調理加工行為に限る巡回移動営業に限る申請のあった営業場所に限る申請のあった取扱品目に限る加熱調理食品の提供に限る
114610-01,株式会社ＦＵＫＵ,ドミノ・ピザ大津別保店,飲食店営業,2026/06/12,2026/07/01,2032/06/30,
114612-01,株式会社スリーパーティーズ,餃子屋,飲食店営業,2025/02/14,2025/03/01,2030/02/28,巡回移動営業に限る申請のあった営業場所に限る申請のあった取扱品目に限る加熱調理食品の提供に限る簡単な調理加工行為に限る
114613-01,株式会社アスモフードサービス,ハーネスト唐崎,飲食店営業,2019/12/24,2020/01/15,2027/10/31,
114616-01,,Ｒ’ｓ　ＨＡＰＰＹ　ＢＡＫＥ　ＣＡＦＥ,飲食店営業,2026/06/10,2026/07/01,2032/06/30,
114617-01,株式会社アモーレながすぎ,コメダ珈琲店　大津皇子が丘店,飲食店営業,2026/01/26,2026/03/01,2032/02/29,
114625-01,,Ｓｈｉｈ　Ｔｚｕ　ｃａｆｅ,飲食店営業,2020/01/10,2020/01/16,2026/10/31,
114625-02,,Ｓｈｉｈ　Ｔｚｕ　ｃａｆｅ,菓子製造業,2020/01/10,2020/01/16,2026/10/31,申請のあった取扱品目の製造に限る
114626-01,,ｎｏｎｎａ,飲食店営業,2020/01/10,2020/01/27,2026/10/31,
114628-11,,ウリロコキッチン,菓子製造業,2026/02/06,2026/03/01,2032/02/29,申請のあった取扱品目の製造に限る。
114632-01,株式会社シカゴピザ,シカゴピザ　堅田店,飲食店営業,2020/01/17,2020/01/31,2026/10/31,
114635-01,,京紫野,飲食店営業,2020/01/20,2020/01/27,2026/10/31,
114636-01,株式会社平和堂,平和堂坂本店　４Ｆ寿司,飲食店営業,2020/01/20,2020/01/31,2027/10/31,
114637-01,,ｍａｎｍａ,飲食店営業,2026/02/16,2026/03/01,2032/02/29,
114638-01,株式会社ＭＴフードサービス,大津大石寮,飲食店営業,2026/06/15,2026/07/01,2032/06/30,
114640-01,株式会社清修庵,清修庵　フォレオ大津一里山店,飲食店営業,2026/06/08,2026/07/01,2032/06/30,
114641-01,株式会社𠮷野家,𠮷野家　大津堅田店,飲食店営業,2020/01/29,2020/02/13,2026/10/31,そうざいは店頭販売に限る
114642-01,株式会社ＴＨＥ　ＳＭＩＬＥ　ＣＨＯＣＯＬＡＴＥ,ＴＨＥ　ＳＭＩＬＥ　ＣＨＯＣＯＬＡＴＥ（ショップ）,飲食店営業,2026/02/20,2026/03/01,2032/02/29,
114643-02,株式会社ＴＨＥ　ＳＭＩＬＥ　ＣＨＯＣＯＬＡＴＥ,ＴＨＥ　ＳＭＩＬＥ　ＣＨＯＣＯＬＡＴＥ（工房）,菓子製造業,2020/01/29,2020/02/13,2027/02/28,申請のあった取扱品目の製造に限る
114645-10,株式会社Ｍｕｎｄｏ　Ｒｉｃｏ,鴨川しん,食品の冷凍又は冷蔵業,2020/01/30,2020/02/05,2027/02/28,申請のあった取扱品目の製造に限る
114645-17,株式会社Ｍｕｎｄｏ　Ｒｉｃｏ,鴨川しん,食肉販売業,2020/01/30,2020/02/05,2027/02/28,とさつ・解体をしないこと
114645-29,株式会社Ｍｕｎｄｏ　Ｒｉｃｏ,鴨川しん,そうざい製造業,2020/01/30,2020/02/05,2027/02/28,申請のあった取扱品目の製造に限る
114646-01,株式会社ＳＩＸ　ＳＥＮＳＥＳ,古民家個室　肉和食　石山ＮＩＫＵＫＡＰＰＯＵ,飲食店営業,2026/06/08,2026/07/01,2032/06/30,
114647-01,株式会社ＳＩＸ　ＳＥＮＳＥＳ,肉とチーズの古民家バル　ＩＳＨＩＹＡＭＡ　ＭＥＡＴ　ＭＡＲＣＨＥ,飲食店営業,2024/02/02,2024/02/09,2030/06/30,
114649-01,,浦いち,飲食店営業,2025/02/12,2025/03/01,2030/02/28,巡回移動営業に限る申請のあった営業場所に限る申請のあった取扱品目に限る加熱調理食品の提供に限る簡単な調理加工行為に限る
114653-01,,ＮＡＳＩ　ＫＵＣＩＮＧ　ＢＩＷＡＫＯ,飲食店営業,2020/02/05,2020/02/28,2026/10/31,そうざいは店頭販売に限る
114653-02,,ＮＡＳＩ　ＫＵＣＩＮＧ　ＢＩＷＡＫＯ,菓子製造業,2020/07/07,2020/07/22,2026/10/31,申請のあった取扱品目の製造に限る
114655-01,,ｔｏｉ　ｔｏｉ　ｔｏｉ,飲食店営業,2020/02/06,2020/03/02,2027/02/28,完成品又は半完成品の簡単な調理加工行為に限る
114657-02,,御菓子処嶋屋支店,菓子製造業,2020/02/07,2020/02/13,2026/10/31,申請のあった取扱品目の製造に限る
114658-01,,利兵衛,飲食店営業,2020/02/07,2020/02/13,2026/10/31,
114658-02,,利兵衛,菓子製造業,2020/02/07,2020/02/13,2026/10/31,申請のあった取扱品目の製造に限る
114660-01,株式会社ＨＩＲＯコーポレーション,鉄板焼もぐら,飲食店営業,2026/02/12,2026/03/01,2032/02/29,
114661-01,株式会社東川鮮魚店,スーパーサンライズ坂本店　鮮魚コーナー,飲食店営業,2020/02/17,2020/03/10,2027/10/31,そうざいは店頭販売に限る
114661-07,株式会社東川鮮魚店,スーパーサンライズ坂本店　鮮魚コーナー,魚介類販売業,2020/02/17,2020/03/10,2027/10/31,
114661-29,株式会社東川鮮魚店,スーパーサンライズ坂本店　鮮魚コーナー,そうざい製造業,2020/02/17,2020/03/10,2027/10/31,申請のあった取扱品目の製造に限る
114663-01,株式会社プロテクト,スーパーサンライズ坂本店　精肉コーナー,飲食店営業,2020/02/17,2020/03/10,2027/10/31,そうざいは店頭販売に限る
114663-17,株式会社プロテクト,スーパーサンライズ坂本店　精肉コーナー,食肉販売業,2020/02/17,2020/03/10,2027/10/31,とさつ・解体をしないこと
114663-29,株式会社プロテクト,スーパーサンライズ坂本店　精肉コーナー,そうざい製造業,2020/02/17,2020/03/10,2027/10/31,申請のあった取扱品目の製造に限る
114664-01,株式会社プロテクト,スーパーサンライズ坂本店　惣菜コーナー,飲食店営業,2020/02/17,2020/03/10,2027/10/31,そうざいは店頭販売に限る
114664-02,株式会社プロテクト,スーパーサンライズ坂本店　惣菜コーナー,菓子製造業,2020/02/17,2020/03/10,2027/10/31,申請のあった取扱品目の製造に限る
114664-29,株式会社プロテクト,スーパーサンライズ坂本店　惣菜コーナー,そうざい製造業,2020/02/17,2020/03/10,2027/10/31,申請のあった取扱品目の製造に限る
114666-01,,とんかつ棹　市役所前店,飲食店営業,2026/02/16,2026/03/01,2032/02/29,
114667-01,株式会社Ｗａａａａａｌｋ,とんかつ棹　瀬田店,飲食店営業,2026/06/09,2026/07/01,2032/06/30,
114668-01,株式会社パレット,カフェ・ド・シナモニ,飲食店営業,2020/02/18,2020/03/19,2027/02/28,
114669-02,,輝良里　パン工房,菓子製造業,2020/02/19,2020/03/05,2027/06/30,申請のあった取扱品目の製造に限る
114670-01,株式会社ＷＩＹＮフードサービス,角煮ラーメン　匠,飲食店営業,2020/02/21,2020/02/28,2026/10/31,そうざいは店頭販売に限る
114673-01,株式会社ジェイアール西日本デイリーサービスネット,セブン－イレブンハートインＪＲ堅田駅前店,飲食店営業,2020/02/26,2020/03/19,2027/10/31,
114675-01,,ｇｕｒｕｒｉ,飲食店営業,2020/02/26,2020/03/04,2027/02/28,
114675-02,,ｇｕｒｕｒｉ,菓子製造業,2020/02/26,2020/03/04,2027/02/28,申請のあった取扱品目の製造に限る
114676-01,,Ｓｎａｃｋ　Ｂａｒ．ＰＥＲＯ,飲食店営業,2020/02/26,2020/03/13,2027/02/28,完成品又は半完成品の簡単な調理加工行為に限る
114677-01,株式会社東亜コーポレーション,カラオケ　ジョイジョイ　大津膳所店,飲食店営業,2020/02/28,2020/03/31,2027/02/28,
114680-01,,一期一会,飲食店営業,2020/03/04,2020/03/17,2026/10/31,
114681-01,フジ産業株式会社,ＫＡ５０６１６,飲食店営業,2026/06/10,2026/07/01,2032/06/30,
114682-01,,あそこ,飲食店営業,2020/03/06,2020/03/19,2027/02/28,
114683-01,,もず,飲食店営業,2020/03/06,2020/03/13,2027/02/28,そうざいは店頭販売に限る
114684-01,株式会社元廣,びっくりドンキー瀬田店,飲食店営業,2026/06/10,2026/07/01,2032/06/30,
114685-01,,酒と肴　いちゑ,飲食店営業,2020/03/09,2020/03/31,2027/02/28,
114688-02,,きなせや,菓子製造業,2020/03/09,2020/03/12,2026/10/31,申請のあった取扱品目の製造に限る
114691-01,オフィス北村合同会社,御料理柿の里,飲食店営業,2020/03/11,2020/03/24,2026/10/31,
114692-01,オフィス北村合同会社,ＫＡＫＩＮＯＳＡＴＯ　ＤＥＬＩ,飲食店営業,2020/03/11,2020/03/24,2027/10/31,そうざいは店頭販売に限る
114692-02,オフィス北村合同会社,ＫＡＫＩＮＯＳＡＴＯ　ＤＥＬＩ,菓子製造業,2020/03/11,2020/03/24,2027/10/31,申請のあった取扱品目の製造に限る
114695-01,,麺匠たに鶏,飲食店営業,2026/06/15,2026/07/01,2032/06/30,
114696-01,,居酒屋　なのは,飲食店営業,2020/03/16,2020/03/31,2026/10/31,
114698-01,,藕　（おう）,飲食店営業,2026/06/16,2026/07/01,2032/06/30,
114700-01,一般財団法人防衛弘済会,ローソン自衛隊大津駐屯地店,飲食店営業,2020/03/18,2020/04/22,2028/02/29,
114702-01,,ローソン大津比叡辻二丁目店,飲食店営業,2020/03/23,2020/03/31,2027/10/31,
114703-01,株式会社ＭＴフードサービス,田上枝寮,飲食店営業,2026/06/15,2026/07/01,2032/06/30,
114704-01,,中津からあげ専門店　吉吾（大分８００す４７７９）,飲食店営業,2026/02/20,2026/03/01,2031/02/28,自動車による営業に限る。給水・廃水タンクの容量は約２００Ｌ以上とする。
114707-01,,Ｃａｆｅ＆Ｂａｒ　Ｈｏａｐｉｌｉ,飲食店営業,2020/03/24,2020/04/01,2026/10/31,
114708-01,一冨士フードサービス株式会社,４７５５４事業所,飲食店営業,2020/03/24,2020/03/31,2028/02/29,
114712-01,,とりやき家　鶏庵,飲食店営業,2020/03/26,2020/03/31,2026/10/31,
114713-01,,焼肉　たんたん,飲食店営業,2020/03/26,2020/04/02,2027/02/28,
114714-01,,ヨギヨ,飲食店営業,2020/03/31,2020/04/07,2027/02/28,そうざいは店頭販売に限る
114715-01,,ここち夢,飲食店営業,2020/03/31,2020/04/07,2027/02/28,そうざいは店頭販売に限る
114717-01,有限会社桐生,桐生,飲食店営業,2020/04/06,2020/04/08,2028/02/29,
114719-01,東住吉マルタマフーズ株式会社,医療法人輝生会　介護福祉サービス　ルミエス松が丘　有料老人ホーム,飲食店営業,2020/04/10,2020/04/28,2027/06/30,
114721-01,合同会社Ｍｏｕｔｏｎ,肉処　牛慎,飲食店営業,2020/04/13,2020/05/14,2026/10/31,
114722-01,,未来珈琲,飲食店営業,2020/04/16,2020/05/15,2026/10/31,
114724-01,株式会社ＳＵＲＹＡ,クラウン　カリー＆ケバブ　大津京店,飲食店営業,2020/04/28,2020/05/14,2028/02/29,そうざいは店頭販売に限る
114726-01,,麺汰,飲食店営業,2020/05/07,2020/05/11,2026/10/31,
114728-01,ワタキューセイモア株式会社,ファミリーマート市立大津市民病院店,飲食店営業,2020/05/12,2020/05/22,2028/02/29,
114729-01,,ｃｌｕｂ　Ｄａｚｚｌｉｎ,飲食店営業,2026/06/11,2026/07/01,2032/06/30,
114730-01,,チャプターワン,飲食店営業,2020/05/14,2020/05/22,2027/02/28,
114730-02,,チャプターワン,菓子製造業,2020/08/03,2020/08/06,2027/02/28,申請のあった取扱品目の製造に限る
114731-01,Ｍ’ｓキッチン株式会社,ひえいの森保育園,飲食店営業,2020/05/18,2020/05/29,2027/10/31,
114733-01,,東海道街道商い六代　からっ風,飲食店営業,2020/05/20,2020/05/28,2027/02/28,そうざいは店頭販売に限る
114734-01,株式会社Ｂｅｓｔｐａｌｓ,Ｂｅｓｔｐａｌｓ　南志賀の里高齢者グループホーム店,飲食店営業,2020/05/20,2020/05/26,2027/02/28,
114735-11,,ｃａｆｅ“ＯｓｓＯ”,菓子製造業,2025/10/09,2025/11/01,2030/10/31,申請のあった取扱品目の製造に限る。
114736-01,株式会社光洋,ＫＯＹＯセブンイレブン大津赤十字病院,飲食店営業,2020/05/25,2020/06/11,2028/02/29,
114739-01,有限会社一心,日本料理　一心,飲食店営業,2020/05/25,2020/06/03,2027/06/30,
114740-01,,ポッポ,飲食店営業,2020/05/27,2020/06/17,2027/02/28,そうざいは店頭販売に限る
114741-01,,ＨＡＣＨＩＹＡＤＯ３３９,飲食店営業,2020/05/27,2020/06/01,2026/10/31,
114741-02,,ＨＡＣＨＩＹＡＤＯ３３９,菓子製造業,2020/05/27,2020/06/01,2026/10/31,申請のあった取扱品目の製造に限る
114741-14,,ＨＡＣＨＩＹＡＤＯ３３９,アイスクリーム類製造業,2020/08/12,2020/09/03,2026/10/31,ソフトクリームサーバー機による製造に限る
114743-02,合同会社アージュ,ポッキーとエンジェル,菓子製造業,2020/06/01,2020/06/08,2026/10/31,申請のあった取扱品目の製造に限る
114745-01,,Ｂａｒ　Ｙ,飲食店営業,2020/06/05,2020/06/11,2026/10/31,完成品又は半完成品の簡単な調理加工行為に限る
114749-01,,カフェ・レストラン　インティ,飲食店営業,2020/06/08,2020/06/12,2027/02/28,
114751-02,医療法人藤樹会,ＰＡＮ　ＤＥ　ＭＩＬＩＩ,菓子製造業,2020/06/11,2020/06/17,2027/02/28,申請のあった取扱品目の製造に限る
114753-11,,はっとカフェ　ＨＡＴＣａＦＥ,菓子製造業,2021/07/07,2021/07/14,2028/06/30,申請のあった取扱品目の製造に限る
114753-01,,はっとカフェ　ＨＡＴＣａＦＥ,飲食店営業,2026/06/15,2026/07/01,2032/06/30,
114757-01,株式会社Ｐｉｉｃ,Ｔｈｅ　Ｃｈｅｅｓｅ　Ｂａｇｌｅ,飲食店営業,2020/06/30,2020/07/09,2026/10/31,
114760-01,,ＷＩＮＳ,飲食店営業,2020/07/01,2020/07/10,2026/10/31,完成品又は半完成品の簡単な調理加工行為に限る
114761-01,有限会社おごとハーブ農園,月子茶屋,飲食店営業,2020/07/03,2020/07/10,2027/10/31,
114762-01,,ふわり,飲食店営業,2020/07/06,2020/07/20,2027/06/30,
114762-02,,ふわり,菓子製造業,2020/07/06,2020/07/20,2027/06/30,申請のあった取扱品目の製造に限る
114764-01,,まぐろ家,飲食店営業,2020/07/06,2020/07/21,2027/06/30,そうざいは店頭販売に限る
114764-07,,まぐろ家,魚介類販売業,2020/07/06,2020/07/21,2027/06/30,
114765-02,株式会社洗心寮,石山寺プリン本舗,菓子製造業,2020/07/08,2020/07/17,2028/06/30,申請のあった取扱品目の製造に限る
114765-14,株式会社洗心寮,石山寺プリン本舗,アイスクリーム類製造業,2020/07/08,2020/07/17,2028/06/30,ソフトクリームサーバー機による製造に限る
114767-12,株式会社ダイエー,イオンフードスタイル瀬田店,喫茶店営業,2020/07/09,2020/07/27,2027/06/30,
114769-01,,ＢＡＲ　ＣＬＯＷＮ,飲食店営業,2020/07/13,2020/07/20,2026/10/31,
114770-01,株式会社ＴＫグループ,やきとりタイガー１号店,飲食店営業,2020/07/14,2020/07/22,2027/02/28,そうざいは店頭販売に限る
114771-01,,みやび庵,飲食店営業,2020/07/14,2020/07/27,2028/06/30,そうざいは店頭販売に限る
114772-01,,Ａｚｕｒ,飲食店営業,2020/07/14,2020/07/21,2027/02/28,
114774-01,,Ｂａｒ’＃Ｒｅ：８,飲食店営業,2020/07/15,2020/07/21,2026/10/31,
114775-01,,．ＣＯＦＦＥＥ,飲食店営業,2020/07/15,2020/07/27,2027/06/30,
114776-01,,ＳＡＮＤＨＹＡ　膳所店,飲食店営業,2020/07/16,2020/07/28,2027/02/28,そうざいは店頭販売に限る
114777-01,ブライアンテック有限会社,Ｆｉｋａ　Ｃｏｆｆｅｅ,飲食店営業,2020/07/16,2020/08/13,2027/02/28,
114782-01,日方商事株式会社,いっぷく食堂,飲食店営業,2020/07/21,2020/07/29,2027/02/28,
114785-01,株式会社丸富,肉の丸富　坂本店,飲食店営業,2020/07/28,2020/08/05,2026/10/31,そうざいは店頭販売に限る
114785-17,株式会社丸富,肉の丸富　坂本店,食肉販売業,2020/07/28,2020/08/05,2026/10/31,とさつ・解体をしないこと
114788-01,,ｂｉｓｔｒｏ　ｇｕｃｃｈｏ,飲食店営業,2020/07/31,2020/08/13,2027/06/30,
114789-01,,餃子バル　デコマル,飲食店営業,2020/07/31,2020/08/12,2027/06/30,そうざいは店頭販売に限る
114791-01,株式会社ジェイアール西日本デイリーサービスネット,セブン－イレブンハートインＪＲおごと温泉駅前店,飲食店営業,2020/08/05,2020/08/24,2027/10/31,
114792-01,,中村食堂,飲食店営業,2020/08/05,2020/08/12,2027/02/28,
114799-01,,ＴＨＥ　ＢＡＲ　ＳＩＥＬＵ,飲食店営業,2020/08/11,2020/08/19,2027/06/30,
114800-01,,千載屋一遇,飲食店営業,2020/08/11,2020/08/19,2027/06/30,
114801-01,,ＫＡＭＡＲＵ,飲食店営業,2020/08/11,2020/08/24,2028/02/29,
114801-02,,ＫＡＭＡＲＵ,菓子製造業,2020/08/11,2020/08/24,2028/02/29,申請のあった取扱品目の製造に限る
114803-01,株式会社カジタコーポレーション,かじた,飲食店営業,2020/08/12,2020/08/21,2027/06/30,
114804-01,合同会社西東エステート,エスニックＣａｆｅ　Ｔｈｅ　Ｗｅｓｔ　Ｅａｓｔ,飲食店営業,2020/08/14,2020/09/17,2027/02/28,そうざいは店頭販売に限る
114807-01,,リオネグロ,飲食店営業,2020/08/17,2020/08/28,2027/02/28,
114808-01,,楽心庵　カフェ　ＩＯＲＩ,飲食店営業,2020/08/20,2020/09/15,2026/10/31,
114811-01,株式会社プライムサンズ,Ｈａｎａｃｏｃｏ,飲食店営業,2020/09/04,2020/09/11,2026/10/31,
114811-11,株式会社プライムサンズ,Ｈａｎａｃｏｃｏ,菓子製造業,2022/11/02,2022/11/10,2029/10/31,申請のあった取扱品目の製造に限る
114813-01,一冨士フードサービス株式会社,４７６４５事業所　ケアハウス,飲食店営業,2020/09/09,2020/09/23,2027/10/31,
114814-01,一冨士フードサービス株式会社,４７６４５事業所　デイサービス,飲食店営業,2020/09/09,2020/09/23,2027/10/31,
114815-01,株式会社Ｗａａａａａｌｋ,とんかつ棹　丼,飲食店営業,2020/09/10,2020/09/16,2027/02/28,そうざいは店頭販売に限る
114817-01,株式会社創,Ｊｉｎｅｎ,飲食店営業,2020/09/11,2020/09/16,2027/02/28,そうざいは店頭販売に限る
114817-02,株式会社創,Ｊｉｎｅｎ,菓子製造業,2020/09/11,2020/09/16,2027/02/28,申請のあった取扱品目の製造に限る
114817-29,株式会社創,Ｊｉｎｅｎ,そうざい製造業,2020/09/11,2020/09/16,2027/02/28,申請のあった取扱品目の製造に限る
114818-01,,ほっとすていしょん比良,飲食店営業,2020/09/14,2020/10/08,2026/10/31,そうざいは店頭販売に限る
114819-01,,手作り工房比良の里,飲食店営業,2020/09/14,2020/10/08,2027/10/31,
114819-02,,手作り工房比良の里,菓子製造業,2020/09/14,2020/10/08,2027/10/31,申請のあった取扱品目の製造に限る
114819-22,,手作り工房比良の里,みそ製造業,2020/09/14,2020/10/08,2027/10/31,申請のあった取扱品目の製造に限る
114819-29,,手作り工房比良の里,そうざい製造業,2020/09/14,2020/10/08,2027/10/31,申請のあった取扱品目の製造に限る
114820-01,株式会社ＬＯＬ,Ｍｅｒｃｕｒｙ,飲食店営業,2020/09/16,2020/10/19,2027/06/30,
114821-01,,ＣＩＲＣＬＥ,飲食店営業,2020/09/18,2020/10/02,2026/10/31,
114823-01,,カラオケスナック　くみ,飲食店営業,2020/09/18,2020/09/25,2026/10/31,
114824-01,株式会社丸富,丸富精肉店　大津本店,飲食店営業,2020/09/18,2020/09/30,2027/02/28,そうざいは店頭販売に限る
114824-17,株式会社丸富,丸富精肉店　大津本店,食肉販売業,2020/09/18,2020/09/30,2027/02/28,とさつ・解体をしないこと
114825-01,株式会社水口,京都丹波なお道堅田店,飲食店営業,2020/09/23,2020/09/30,2026/10/31,
114825-02,株式会社水口,京都丹波なお道堅田店,菓子製造業,2020/09/23,2020/09/30,2026/10/31,申請のあった取扱品目の製造に限る
114826-01,株式会社グレイス・ワン,近江うどん　ゑびす亭,飲食店営業,2020/09/24,2020/10/01,2027/06/30,
114827-01,有限会社ＴＥＡＭ　ＭＵＳＴ　ＬＴＤ,ますたん,飲食店営業,2020/09/28,2020/10/08,2026/10/31,
114829-01,有限会社サンヤマト,レイクビュー阪本,飲食店営業,2020/11/10,2020/11/18,2027/10/31,そうざいは店頭販売に限る
114829-07,有限会社サンヤマト,レイクビュー阪本,魚介類販売業,2020/09/29,2020/10/12,2026/10/31,
114829-17,有限会社サンヤマト,レイクビュー阪本,食肉販売業,2020/09/29,2020/10/12,2026/10/31,とさつ・解体をしないこと
114830-01,,みんなのカラオケさろん　楽縫喜,飲食店営業,2020/09/30,2020/10/13,2027/06/30,
114831-01,,ミニストップ　大津大門通店,飲食店営業,2020/10/01,2020/10/12,2028/02/29,そうざいは店頭販売に限る
114831-14,,ミニストップ　大津大門通店,アイスクリーム類製造業,2020/10/01,2020/10/12,2028/02/29,ソフトクリームサーバー機による製造に限る
114832-01,,Ｓｎａｃｋ　Ｎｏａ,飲食店営業,2020/09/30,2020/10/06,2027/06/30,
114833-01,株式会社マルサン・クリエイト,マルレ,飲食店営業,2020/10/01,2020/10/09,2027/02/28,そうざいは店頭販売に限る
114833-02,株式会社マルサン・クリエイト,マルレ,菓子製造業,2020/10/01,2020/10/09,2027/02/28,申請のあった取扱品目の製造に限る
114834-01,,カラオケ喫茶　幸,飲食店営業,2020/10/02,2020/10/13,2027/06/30,完成品又は半完成品の簡単な調理加工行為に限る
114836-01,,鯛の鯛,飲食店営業,2020/10/05,2020/10/29,2027/06/30,
114837-01,,粉もん　おかちゃん,飲食店営業,2020/10/07,2020/10/26,2027/06/30,そうざいは店頭販売に限る
114844-01,,大ちゃん,飲食店営業,2020/10/19,2020/10/28,2026/10/31,
114846-01,株式会社平和堂,平和堂石山（デリカ）,飲食店営業,2020/10/21,2020/10/29,2028/06/30,そうざいは店頭販売に限る
114846-02,株式会社平和堂,平和堂石山（デリカ）,菓子製造業,2020/10/21,2020/10/29,2028/06/30,申請のあった取扱品目の製造に限る
114847-01,株式会社平和堂,平和堂石山（青果）,飲食店営業,2020/10/21,2020/10/29,2028/06/30,
114847-02,株式会社平和堂,平和堂石山（青果）,菓子製造業,2020/10/21,2020/10/29,2028/06/30,申請のあった取扱品目の製造に限る
114849-01,株式会社平和堂,平和堂石山（鮮魚）,飲食店営業,2020/10/21,2020/10/29,2028/06/30,
114849-07,株式会社平和堂,平和堂石山（鮮魚）,魚介類販売業,2020/10/21,2020/10/29,2028/06/30,
114850-01,株式会社平和堂,平和堂石山（精肉・生食）,飲食店営業,2020/10/21,2020/10/29,2027/06/30,そうざいは店頭販売に限る
114851-17,株式会社平和堂,平和堂石山（精肉）,食肉販売業,2020/10/21,2020/10/29,2028/06/30,とさつ・解体をしないこと
114852-02,株式会社一圓興産,パン工房バオバブの木平和堂石山店,菓子製造業,2020/10/21,2020/11/04,2028/06/30,申請のあった取扱品目の製造に限る
114853-01,株式会社一圓興産,バオバブスタンド平和堂石山店,飲食店営業,2020/10/21,2020/11/04,2028/06/30,
114853-14,株式会社一圓興産,バオバブスタンド平和堂石山店,アイスクリーム類製造業,2020/10/21,2020/11/04,2028/06/30,ソフトクリームサーバー機による製造に限る
114854-01,元三フード株式会社,げんさん石山店,飲食店営業,2020/10/23,2020/11/04,2028/06/30,そうざいは店頭販売に限る
114854-17,元三フード株式会社,げんさん石山店,食肉販売業,2020/10/23,2020/11/04,2028/06/30,とさつ・解体をしないこと
114855-01,,庭　美,飲食店営業,2026/01/22,2026/03/01,2031/02/28,巡回移動営業に限る。申請のあった取扱品目に限る。加熱調理食品の提供に限る。
114857-07,株式会社滋賀コモリ,滋賀コモリ第二加工場,魚介類販売業,2020/10/28,2020/11/11,2027/06/30,
114859-01,株式会社トラスト,マクドナルド　フォレオ大津一里山店,飲食店営業,2020/10/29,2020/11/17,2028/06/30,
114859-02,株式会社トラスト,マクドナルド　フォレオ大津一里山店,菓子製造業,2020/10/29,2020/11/17,2028/06/30,申請のあった取扱品目の製造に限る
114859-14,株式会社トラスト,マクドナルド　フォレオ大津一里山店,アイスクリーム類製造業,2020/10/29,2020/11/17,2028/06/30,ソフトクリームサーバー機による製造に限る
114865-01,株式会社シェ・ラ・メール,シェ・ラ・メール,飲食店営業,2020/11/04,2020/12/07,2027/06/30,
114865-02,株式会社シェ・ラ・メール,シェ・ラ・メール,菓子製造業,2020/11/04,2020/12/07,2027/06/30,申請のあった取扱品目の製造に限る
114866-01,,Ｇ．Ｏ．Ａ．Ｔ　Ｃａｆｅ,飲食店営業,2020/11/04,2020/11/09,2027/06/30,
114866-02,,Ｇ．Ｏ．Ａ．Ｔ　Ｃａｆｅ,菓子製造業,2020/11/04,2020/11/09,2027/06/30,申請のあった取扱品目の製造に限る
114868-01,,ミニストップ大津唐崎店,飲食店営業,2020/11/09,2020/11/18,2028/02/29,そうざいは店頭販売に限る
114868-14,,ミニストップ大津唐崎店,アイスクリーム類製造業,2020/11/09,2020/11/18,2028/02/29,ソフトクリームサーバー機による製造に限る
114869-01,有限会社一心,下阪本シティホール,飲食店営業,2020/11/10,2020/11/16,2027/10/31,
114879-01,株式会社滋賀レイクスターズ,Ｌａｋｅｓ　Ｓｔｏｒｅ＆Ｃａｆｅ,飲食店営業,2020/11/26,2020/12/07,2027/02/28,
114881-01,,でめきん,飲食店営業,2020/12/01,2020/12/08,2027/06/30,
114882-01,,ホイップ　ホイップ,飲食店営業,2020/12/02,2020/12/17,2027/02/28,
114882-02,,ホイップ　ホイップ,菓子製造業,2020/12/02,2020/12/17,2027/02/28,申請のあった取扱品目の製造に限る
114882-14,,ホイップ　ホイップ,アイスクリーム類製造業,2020/12/02,2020/12/17,2027/02/28,ソフトクリームサーバー機による製造に限る
114883-01,,ベタ焼山葵,飲食店営業,2020/12/03,2020/12/10,2027/10/31,そうざいは店頭販売に限る
114884-01,,てれんてくだ,飲食店営業,2020/12/03,2020/12/08,2027/02/28,完成品又は半完成品の簡単な調理加工行為に限る
114885-01,ＢＳＬ株式会社,桜バー,飲食店営業,2020/12/07,2020/12/15,2027/10/31,
114886-01,,ラウンジ　Ｌｏｃｏ,飲食店営業,2020/12/07,2020/12/18,2027/06/30,完成品又は半完成品の簡単な調理加工行為に限る
114887-01,,ｓｔｙｌｅ,飲食店営業,2020/12/07,2020/12/17,2027/06/30,
114888-01,,Ｄｉｎｉｎｇ　湊屋（京都８００せ９８２４）,飲食店営業,2026/02/18,2026/03/01,2031/02/28,自動車による営業に限る。申請のあった取扱品目に限る。給水・廃水タンクの容量は約８０Ｌ以上とする。
114889-01,株式会社平和堂,株式会社平和堂　フレンドマート膳所店　ベーカリー,飲食店営業,2020/12/09,2021/01/28,2028/06/30,
114889-02,株式会社平和堂,株式会社平和堂　フレンドマート膳所店　ベーカリー,菓子製造業,2020/12/09,2021/01/28,2028/06/30,申請のあった取扱品目の製造に限る
114890-01,,好運来（中華物産）,飲食店営業,2020/12/11,2020/12/22,2028/10/31,そうざいは店頭販売に限る
114890-02,,好運来（中華物産）,菓子製造業,2020/12/11,2020/12/22,2028/10/31,申請のあった取扱品目の製造に限る
114890-07,,好運来（中華物産）,魚介類販売業,2020/12/11,2020/12/22,2028/10/31,
114890-17,,好運来（中華物産）,食肉販売業,2020/12/11,2020/12/22,2028/10/31,とさつ・解体をしないこと
114891-01,,居酒屋さく,飲食店営業,2020/12/14,2020/12/17,2027/02/28,
114892-01,,甲賀米粉たい焼き（滋賀８００す７２８７）,飲食店営業,2026/02/18,2026/03/01,2031/02/28,自動車による営業に限る。申請のあった取扱品目に限る。簡易な調理に限る。加熱調理食品の提供に限る。
114893-01,,Ｌｏｕｎｇｅ　Ｍｏａｎａ,飲食店営業,2020/12/15,2020/12/23,2027/02/28,
114894-01,,ＰＡＳＴＡ＆ＢＡＲ　１ｏｎｅ,飲食店営業,2020/12/17,2021/02/08,2027/02/28,
114895-01,,パンのふくみみ,飲食店営業,2020/12/18,2021/01/08,2027/02/28,
114895-02,,パンのふくみみ,菓子製造業,2020/12/18,2021/01/08,2027/02/28,申請のあった取扱品目の製造に限る
114897-01,,平和亭　南館,飲食店営業,2020/12/23,2021/01/15,2027/02/28,
114898-01,株式会社ＣｉｔｙＣｒｅａｔｉｏｎ,ＡＳＯＢＩＢＡＲ　ＯＮ（アソビバー　オン）,飲食店営業,2020/12/24,2021/01/15,2027/06/30,
114899-01,株式会社ＣｉｔｙＣｒｅａｔｉｏｎ,Ｌｏｕｎｇｅ　ｖｉｖｉ,飲食店営業,2020/12/24,2021/01/15,2027/06/30,完成品又は半完成品の簡単な調理加工行為に限る
114900-01,株式会社９４ＧＲＯＵＰ,焼鳥　串カツ　串串,飲食店営業,2020/12/25,2021/01/08,2027/06/30,そうざいは店頭販売に限る
114901-01,株式会社ＣｉｔｙＣｒｅａｔｉｏｎ,ＣＬＵＢ　ＬＯＮＡ,飲食店営業,2021/01/04,2021/01/15,2027/06/30,完成品又は半完成品の簡単な調理加工行為に限る
114902-01,有限会社桐生,桐生,飲食店営業,2021/01/07,2021/01/18,2028/02/29,
114903-01,合同会社ホットイーツ,ほっともっと大津今堅田店,飲食店営業,2021/01/07,2021/01/18,2028/10/31,
114904-01,株式会社リレスタ,おもひやりキッチン,飲食店営業,2021/01/08,2021/01/14,2028/02/29,
114905-01,,楽亭,飲食店営業,2021/01/08,2021/01/14,2027/02/28,
114909-01,ジャパンフードエンターテイメント株式会社,カモガワベーカリー膳所店,飲食店営業,2021/01/08,2021/02/09,2027/02/28,
114909-02,ジャパンフードエンターテイメント株式会社,カモガワベーカリー膳所店,菓子製造業,2021/01/08,2021/02/09,2027/02/28,申請のあった取扱品目の製造に限る
114910-01,,ハピネス,飲食店営業,2021/01/13,2021/01/21,2027/06/30,完成品又は半完成品の簡単な調理加工行為に限る
114912-01,株式会社最後に勝つ,肉食堂　最後にカツ。,飲食店営業,2021/01/15,2021/01/25,2027/02/28,
114913-01,株式会社最後に勝つ,肉食堂　最後にカツ。,飲食店営業,2021/01/15,2021/01/25,2027/02/28,
114914-01,株式会社う嵐,株式会社　う嵐,飲食店営業,2021/01/20,2021/01/28,2027/02/28,
114919-01,,ファミリーマート　大津唐崎店,飲食店営業,2021/01/26,2021/02/15,2028/02/29,
114920-01,,ＫＷＣ,飲食店営業,2021/01/28,2021/02/05,2027/02/28,
114921-01,,Ｃａｆｅ＆Ｌｕｎｃｈ　Ｓａｒａｉ,飲食店営業,2021/01/29,2021/02/04,2027/06/30,そうざいは店頭販売に限る
114921-11,,Ｃａｆｅ＆Ｌｕｎｃｈ　Ｓａｒａｉ,菓子製造業,2022/06/21,2022/07/04,2029/06/30,申請のあった取扱品目の製造に限る
114922-01,,セブン－イレブン　大津螢谷店,飲食店営業,2021/02/01,2021/02/24,2028/06/30,
114923-01,株式会社ネクストイノベーション,近江牛炭火焼肉弁当　牛若丸（滋賀８３０ね２９２９）,飲食店営業,2026/02/17,2026/03/01,2031/02/28,自動車による営業に限る。申請のあった取扱品目に限る。給水・廃水タンクの容量は約８０Ｌ以上とする。
114924-01,,豆菜料理　はなさび,飲食店営業,2021/02/02,2021/02/08,2027/06/30,
114925-01,一般社団法人近江ツーリズムボード,近江ツーリズムボード　１号車（滋賀８００わ・４００）,飲食店営業,2026/02/16,2026/03/01,2031/02/28,自動車による営業に限る。給水・廃水タンクの容量は約２００Ｌ以上とする。
114927-02,株式会社ＥＧｐｌａｎ,小麦の奴隷,菓子製造業,2021/02/03,2021/02/25,2028/02/29,申請のあった取扱品目の製造に限る
114927-01,株式会社ＥＧｐｌａｎ,小麦の奴隷,飲食店営業,2021/12/24,2022/01/04,2028/02/29,
114930-01,,カフェ庵,飲食店営業,2021/02/09,2021/02/26,2027/06/30,
114931-01,,ティールーム　シャイ,飲食店営業,2021/02/10,2021/03/10,2028/02/29,
114933-01,,嬉酔　くわ乃,飲食店営業,2021/02/16,2021/02/26,2027/10/31,
114934-01,,はなさび　Ｂａｒ,飲食店営業,2021/02/17,2021/02/22,2027/06/30,完成品又は半完成品の簡単な調理加工行為に限る
114935-01,,ＰＹＯＮ　ＤＯＧ　５８０,飲食店営業,2021/02/17,2021/02/22,2027/10/31,
114935-02,,ＰＹＯＮ　ＤＯＧ　５８０,菓子製造業,2021/02/17,2021/02/22,2027/10/31,申請のあった取扱品目の製造に限る
114936-01,,カフェ楽,飲食店営業,2021/02/17,2021/02/25,2027/02/28,
114938-01,,サンレイ・フーズ（滋賀８００す４８２４）,飲食店営業,2026/02/20,2026/03/01,2031/02/28,自動車による営業に限る。給水・廃水タンクの容量は約２００Ｌ以上とする。
114939-01,有限会社至誠庵,有限会社　至誠庵,飲食店営業,2021/02/22,2021/03/03,2028/06/30,
114939-02,有限会社至誠庵,有限会社　至誠庵,菓子製造業,2021/02/22,2021/03/03,2028/06/30,申請のあった取扱品目の製造に限る
114939-07,有限会社至誠庵,有限会社　至誠庵,魚介類販売業,2021/03/15,2021/03/19,2028/06/30,
114939-29,有限会社至誠庵,有限会社　至誠庵,そうざい製造業,2021/02/22,2021/03/03,2028/06/30,申請のあった取扱品目の製造に限る
114941-01,,一期一会,飲食店営業,2021/02/25,2021/03/04,2027/10/31,
114942-01,株式会社比良山荘,比良山荘,飲食店営業,2021/02/25,2021/03/04,2027/10/31,
114942-07,株式会社比良山荘,比良山荘,魚介類販売業,2021/02/25,2021/03/04,2027/10/31,
114942-17,株式会社比良山荘,比良山荘,食肉販売業,2021/02/25,2021/03/04,2027/10/31,とさつ・解体をしないこと
114942-29,株式会社比良山荘,比良山荘,そうざい製造業,2021/02/25,2021/03/04,2027/10/31,申請のあった取扱品目の製造に限る
114943-07,株式会社庄兵衛商店,庄兵衛商店,魚介類販売業,2021/02/25,2021/03/04,2027/10/31,
114943-17,株式会社庄兵衛商店,庄兵衛商店,食肉販売業,2021/02/25,2021/03/04,2027/10/31,とさつ・解体をしないこと
114947-01,滋賀マルタマフーズ株式会社,りんく大津　浦の郷,飲食店営業,2021/03/01,2021/03/09,2028/10/31,
114948-01,滋賀マルタマフーズ株式会社,医療法人緑生会　介護老人保健施設チェルシー,飲食店営業,2021/03/01,2021/03/09,2028/06/30,
114949-01,滋賀マルタマフーズ株式会社,社会福祉法人　志賀福祉会　特別養護老人ホーム　真野しょうぶ苑,飲食店営業,2021/03/01,2021/03/09,2029/10/31,
114950-01,滋賀マルタマフーズ株式会社,近江舞子　しょうぶ苑　厨房,飲食店営業,2021/03/01,2021/03/09,2028/10/31,
114951-01,滋賀マルタマフーズ株式会社,社会福祉法人　大石福祉会　介護老人福祉施設　リバプール,飲食店営業,2021/03/01,2021/03/09,2028/06/30,
114952-01,,メンバーズ　Ｒｏｌａｎ,飲食店営業,2021/03/02,2021/03/11,2028/02/29,
114953-01,,ＬＩＶＥＨＯＵＳＥ　Ｂ－ＦＬＡＴ,飲食店営業,2021/03/03,2021/03/11,2028/02/29,完成品又は半完成品の簡単な調理加工行為に限る
114954-01,株式会社モト・レガシー,モトカフェ,飲食店営業,2021/03/05,2021/03/24,2027/10/31,
114955-01,株式会社エバーグレイズ琵琶湖,エバーグレイズ琵琶湖,飲食店営業,2021/03/05,2021/04/14,2028/10/31,
114955-07,株式会社エバーグレイズ琵琶湖,エバーグレイズ琵琶湖,魚介類販売業,2021/03/05,2021/04/14,2028/10/31,魚介類の処理行為はしないこと
114955-17,株式会社エバーグレイズ琵琶湖,エバーグレイズ琵琶湖,食肉販売業,2021/03/05,2021/04/14,2028/10/31,とさつ・解体をしないこと
114956-01,シダックスフードサービス株式会社,日吉台至明こども園,飲食店営業,2021/03/05,2021/03/30,2028/10/31,
114957-01,合資会社スパールレイ,セブン－イレブン　大津平津店,飲食店営業,2021/03/05,2021/03/19,2028/06/30,
114958-01,,Ｇｏｒｉ’ｓ　Ｋｉｔｃｈｅｎ（京都８００そ・７３３）,飲食店営業,2021/03/09,2021/03/11,2027/02/28,自動車による営業に限る申請のあった取扱品目に限る提供直前に加熱を行う食品の提供に限る
114960-01,龍文堂精版印刷株式会社,ささなみ,飲食店営業,2021/03/10,2021/03/17,2027/10/31,
114962-01,,楽らくキッチンカー（滋賀８３１ね９９９９）,飲食店営業,2021/03/12,2021/03/16,2027/02/28,自動車による営業に限る申請のあった取扱品目に限る提供直前に加熱を行う食品の提供に限る
114963-01,株式会社ＴＡＮＫ,寺町ベース,飲食店営業,2021/03/15,2021/04/01,2028/02/29,そうざいは店頭販売に限る
114963-02,株式会社ＴＡＮＫ,寺町ベース,菓子製造業,2021/03/15,2021/04/01,2028/02/29,申請のあった取扱品目の製造に限る
114964-01,株式会社沙羅,本格炭火焼うなぎ　えん,飲食店営業,2021/03/16,2021/03/31,2027/10/31,そうざいは店頭販売に限る
114966-01,,ラメリストア,飲食店営業,2021/03/18,2021/03/31,2027/10/31,
114967-01,アラネット株式会社,ＳＥＥＨＩＮ？,飲食店営業,2021/03/18,2021/03/31,2027/10/31,
114968-01,,奏－かなで－,飲食店営業,2021/03/22,2021/05/07,2028/02/29,
114969-01,,Ｇｒａｎ,飲食店営業,2021/03/22,2021/03/26,2027/06/30,
114970-01,,桜蔵,飲食店営業,2021/03/23,2021/03/26,2027/06/30,そうざいは店頭販売に限る
114970-02,,桜蔵,菓子製造業,2021/03/23,2021/03/26,2027/06/30,申請のあった取扱品目の製造に限る
114970-29,,桜蔵,そうざい製造業,2021/03/23,2021/03/26,2027/06/30,申請のあった取扱品目の製造に限る
114971-01,株式会社ＴＨＥＡＴＥＲ９,ＣＲＡＺＹ　ＳＰＩＣＥ　フォレオ大津一里山店,飲食店営業,2021/03/23,2021/04/23,2027/06/30,
114973-01,,Ｃｌｕｂ　Ｌｕｌｕ,飲食店営業,2021/03/23,2021/04/02,2027/06/30,完成品又は半完成品の簡単な調理加工行為に限る
114974-01,,ＴＡＢＡＳＡ　ＣＡＦＥ,飲食店営業,2021/03/23,2021/04/30,2026/10/31,
114975-01,,ＤＩＶＥ,飲食店営業,2021/03/24,2021/04/01,2027/06/30,
114977-01,株式会社京料理花萬,京料理花萬　聖パウロこども園,飲食店営業,2021/03/24,2021/03/30,2029/02/28,
114978-01,株式会社大聖,Ｃａｆｅ　ＤＯＮＺＩ,飲食店営業,2021/03/24,2021/03/29,2027/10/31,
114979-01,,Ｃｏｎｔｉｎｅｎｔａｌ　Ｂｒｅａｋｆａｓｔ＆Ｃｏｆｆｅｅ（滋賀８００す６７９３）,飲食店営業,2021/03/24,2021/03/26,2027/02/28,自動車による営業に限る申請のあった取扱品目に限る提供直前に加熱を行う食品の提供に限る
114981-07,ノーラ株式会社,ノーラ株式会社　水産事業部,魚介類販売業,2021/03/25,2021/04/09,2027/10/31,
114984-01,,もりもり商事（滋賀８００す６６３２）,飲食店営業,2021/03/29,2021/03/31,2027/02/28,簡単な調理加工行為に限る自動車による営業に限る申請のあった取扱品目に限る提供直前に加熱を行う食品の提供に限る
114986-01,株式会社マルイ,ファミリーマート大津茶が崎店,飲食店営業,2021/03/30,2021/04/26,2029/02/28,
114987-01,,ＣＡＲＮＩＶＡＬ　ＬＯＣＫ（なにわ４８０を・・７１）,飲食店営業,2021/03/30,2021/04/01,2027/02/28,自動車による営業に限る申請のあった取扱品目に限る提供直前に加熱を行う食品の提供に限る簡単な調理加工行為に限る
114989-01,,Ｑｕｅｅｎ’ｓ　Ｌｕｃｋ　ＣＡＳＩＮＯ,飲食店営業,2021/04/01,2021/04/07,2027/06/30,
114990-02,株式会社平和堂,フレンドマート雄琴駅前店（青果）,菓子製造業,2021/04/01,2021/04/07,2028/10/31,申請のあった取扱品目の製造に限る
114991-01,,Ｔｅｒｒａ,飲食店営業,2021/04/02,2021/04/26,2028/02/29,そうざいは店頭販売に限る
114993-01,昭和土地建物株式会社,夢湖庵,飲食店営業,2021/04/06,2021/04/22,2027/10/31,
114996-01,株式会社ＣＬフォーラム,マリオンクレープ＆レモネード,飲食店営業,2021/04/08,2021/04/28,2027/06/30,
114996-02,株式会社ＣＬフォーラム,マリオンクレープ＆レモネード,菓子製造業,2021/04/08,2021/04/28,2027/06/30,申請のあった取扱品目の製造に限る
114998-01,株式会社ヨシックスフーズ,や台ずし石山駅前町,飲食店営業,2021/04/08,2021/05/21,2027/06/30,
115001-01,,Ｄｒｅａｍ,飲食店営業,2021/04/12,2021/05/06,2028/02/29,完成品又は半完成品の簡単な調理加工行為に限る
115003-29,,栗原屋,そうざい製造業,2021/04/14,2021/05/13,2027/10/31,申請のあった取扱品目の製造に限る
115005-01,株式会社東京インテリア家具,ＭＯＡｃａｆｅ,飲食店営業,2021/04/14,2021/04/20,2027/06/30,
115007-01,ブライト株式会社,らうんじ茶ちゃ,飲食店営業,2021/04/15,2021/04/20,2028/02/29,完成品又は半完成品の簡単な調理加工行為に限る
115008-01,まる亀畜産株式会社,ホルモン焼肉　カメチク　石山店,飲食店営業,2021/04/19,2021/04/27,2027/06/30,そうざいは店頭販売に限る
115008-03,まる亀畜産株式会社,ホルモン焼肉　カメチク　石山店,食肉販売業,2022/02/08,2022/02/18,2028/06/30,とさつ・解体は行わないこと
115009-01,,Ｌｏｕｎｇｅ　Ｐｌａｔｉｎｕｍ,飲食店営業,2021/04/19,2021/04/27,2027/06/30,
115010-01,,自然ごはんのお店　おおきな木,飲食店営業,2021/04/20,2021/04/30,2026/10/31,そうざいは店頭販売に限る
115010-02,,自然ごはんのお店　おおきな木,菓子製造業,2021/04/20,2021/04/30,2026/10/31,申請のあった取扱品目の製造に限る
115012-01,株式会社ＥＤＩＴＩＯＮ京都,麺屋　エディション　雄琴店,飲食店営業,2021/04/20,2021/05/07,2027/10/31,
115015-01,株式会社ニチイ学館,東洋紡株式会社　企業内保育園　おーきっず,飲食店営業,2021/04/21,2021/05/07,2029/10/31,
115016-01,株式会社サンパーク,Ｍｙ　Ｃｏｏｋｃａｒ（大阪１００た１２４５）,飲食店営業,2021/04/22,2021/04/26,2027/02/28,簡単な調理加工行為に限る自動車による営業に限る申請のあった取扱品目に限る提供直前に加熱を行う食品の提供に限る
115017-02,,Ｍａｃｉｏ　Ｌａｂｏ,菓子製造業,2021/04/26,2021/04/28,2027/02/28,巡回移動営業に限る申請のあった取扱品目に限る申請のあった営業場所に限る提供直前に加熱を行う食品の提供に限る
115018-01,株式会社グルメ杵屋,キッチンカー２号（品川４８０こ１１０７）,飲食店営業,2021/04/26,2021/04/28,2027/02/28,自動車による営業に限る申請のあった取扱品目に限る提供直前に加熱を行う食品の提供に限る
115019-01,,ＰｏｎｙＣｒａｆｔ　Ｃａｆｅ,飲食店営業,2021/04/26,2021/05/24,2027/10/31,
115020-01,,Ｙ’ｓ　Ｂａｒ,飲食店営業,2021/04/27,2021/05/18,2027/06/30,
115021-29,社会福祉法人おおつ福祉会,多機能型事業所ふうね,そうざい製造業,2021/04/30,2021/05/13,2028/10/31,申請のあった取扱品目の製造に限る
115022-01,,ＢＡＲ左嵜,飲食店営業,2021/04/30,2021/05/07,2028/02/29,完成品又は半完成品の簡単な調理加工行為に限る
115023-01,,ＯＨＡＮＡ３１５,飲食店営業,2021/04/30,2021/05/24,2027/10/31,
115023-02,,ＯＨＡＮＡ３１５,菓子製造業,2021/04/30,2021/05/24,2027/10/31,申請のあった取扱品目の製造に限る
115024-01,,Ｋ：ＨＵＳＥ　ＳＴＡＮＤ（ＬＢＳＭ７Ｘ３７８Ｋ２１９０２９）,飲食店営業,2021/05/06,2021/05/07,2027/02/28,自動車による営業に限る申請のあった取扱品目に限る提供直前に加熱を行う食品の提供に限る簡単な調理加工行為に限る
115026-01,,アジュール,飲食店営業,2021/05/07,2021/05/19,2027/06/30,完成品又は半完成品の簡単な調理加工行為に限る
115027-01,富士産業株式会社,瀬田川病院,飲食店営業,2021/05/07,2021/05/21,2028/06/30,
115028-01,,ラウンジ　ティラー,飲食店営業,2021/05/10,2021/05/24,2028/02/29,完成品又は半完成品の簡単な調理加工行為に限る
115029-01,株式会社ＳＴＯＶＥ,グリル　ストーブ,飲食店営業,2021/05/11,2021/05/19,2028/06/30,
115029-11,株式会社ＳＴＯＶＥ,グリル　ストーブ,菓子製造業,2023/11/16,2023/11/22,2031/06/30,申請のあった取扱品目の製造に限る
115030-02,,ｉＳｗｅｅｔ,菓子製造業,2021/05/11,2021/05/13,2027/02/28,巡回移動営業に限る申請のあった取扱品目に限る申請のあった営業場所に限る提供直前に加熱を行う食品の提供に限る
115031-02,株式会社合格,広島たま屋,菓子製造業,2021/05/12,2021/05/14,2027/02/28,巡回移動営業に限る申請のあった取扱品目に限る申請のあった営業場所に限る提供直前に加熱を行う食品の提供に限る
115032-01,,イマココ,飲食店営業,2021/05/14,2021/05/24,2027/10/31,
115033-01,,ＮＩＮＡ　ＳＰＩＣＥ（滋賀８００す６８２０）,飲食店営業,2021/05/17,2021/05/19,2027/02/28,自動車による営業に限る申請のあった取扱品目に限る提供直前に加熱を行う食品の提供に限る簡単な調理加工行為に限る
115034-01,日清医療食品株式会社,市立大津市民病院,飲食店営業,2021/05/17,2021/05/26,2029/02/28,
115035-01,,Ｋ．Ｓ　Ｂａｒ,飲食店営業,2021/05/21,2021/05/31,2027/06/30,
115036-01,株式会社Ｍｅｒｋｍａｌ,ＭＡＤＲＥ　ＭＡＤＲＥ,飲食店営業,2021/05/24,2021/05/26,2028/02/29,
115037-01,,ＨａＬｕ　－ｆｏｏｄ　ｔｒｕｃｋ－（京都４８０の８５０９）,飲食店営業,2021/05/24,2021/05/26,2027/02/28,自動車による営業に限る申請のあった取扱品目に限る提供直前に加熱を行う食品の提供に限る
115038-01,,いも福亭,飲食店営業,2021/05/25,2021/05/27,2027/02/28,簡単な調理加工行為に限る巡回移動営業に限る申請のあった取扱品目に限る申請のあった営業場所に限る提供直前に加熱を行う食品の提供に限る
115039-01,有限会社いさみ,ＤＥＬＩＢＡＣＯ（京都４８０は１５１１）,飲食店営業,2021/05/25,2021/05/27,2027/02/28,自動車による営業に限る申請のあった取扱品目に限る提供直前に加熱を行う食品の提供に限る
115040-01,,リトル・リトル（滋賀５８１て９０３４）,飲食店営業,2021/05/26,2021/05/28,2027/02/28,簡単な調理加工行為に限る自動車による営業に限る申請のあった取扱品目に限る提供直前に加熱を行う食品の提供に限る
115040-02,,リトル・リトル（滋賀５８１て９０３４）,菓子製造業,2021/05/26,2021/05/28,2027/02/28,自動車による営業に限る申請のあった取扱品目に限る提供直前に加熱を行う食品の提供に限る
115041-01,,ｉｎｏｓｅｎ　ｃａｆｅ（京都４８０の８７７５）,飲食店営業,2021/05/27,2021/05/31,2027/02/28,自動車による営業に限る申請のあった取扱品目に限る提供直前に加熱を行う食品の提供に限る簡単な調理加工行為に限る
115042-01,キラメキノ未来株式会社,キラメキノトリ　滋賀西大津店,飲食店営業,2021/06/01,2021/06/07,2028/02/29,
115043-01,,ヌイトメルスペース,飲食店営業,2021/06/01,2021/06/09,2029/02/28,
115043-11,,ヌイトメルスペース,菓子製造業,2021/06/01,2021/06/09,2029/02/28,申請のあった取扱品目の製造に限る
115044-01,,勝呑み　えん,飲食店営業,2021/06/01,2021/06/07,2028/02/29,
115045-01,咲蔵商事株式会社,近江牛咲蔵大津店,飲食店営業,2021/06/01,2021/06/04,2029/02/28,
115045-03,咲蔵商事株式会社,近江牛咲蔵大津店,食肉販売業,2021/06/01,2021/06/04,2029/02/28,とさつ・解体は行わないこと
115045-25,咲蔵商事株式会社,近江牛咲蔵大津店,そうざい製造業,2021/06/01,2021/06/04,2029/02/28,申請のあった取扱品目の製造に限る
115046-01,株式会社ＯＴＡ,ピザーラ大津店／ビバパエリア大津店,飲食店営業,2021/06/01,2021/06/16,2028/06/30,
115047-01,,ホルモン近江国,飲食店営業,2021/06/02,2021/06/22,2027/06/30,
115054-01,,立ち呑み　焼肉　ここち,飲食店営業,2021/06/03,2021/06/14,2027/06/30,
115055-25,環境商店株式会社,ｅｃｏ農園本社,そうざい製造業,2021/06/03,2021/06/09,2027/06/30,申請のあった取扱品目の製造に限る
115059-11,,ｆａｎｔａｉｌ,菓子製造業,2021/06/04,2021/06/18,2027/10/31,申請のあった取扱品目の製造に限る
115060-01,株式会社ＬＥＯＣ,アクティバ琵琶　ケアレジデンス,飲食店営業,2021/06/07,2021/06/24,2028/10/31,
115061-01,株式会社ＬＥＯＣ,アクティバ琵琶　レジデンス　２階,飲食店営業,2021/06/07,2021/06/24,2027/10/31,
115062-01,株式会社ＬＥＯＣ,アクティバ琵琶　レジデンス　６階,飲食店営業,2021/06/07,2021/06/24,2027/10/31,
115063-01,合同会社アージュ,のりまき天国,飲食店営業,2021/06/07,2021/06/18,2027/10/31,
115064-11,,クウ・フラン　はちやど,菓子製造業,2021/06/07,2021/06/14,2027/10/31,申請のあった取扱品目の製造に限る
115069-01,,滋賀県立美術館　ｋｏｌｍｉｏ　ｉｎ　ｔｈｅ　ｍｕｓｅｕｍ,飲食店営業,2021/06/09,2021/06/18,2028/06/30,
115070-01,,スープのある日常（滋賀４８０つ７１６７）,飲食店営業,2021/06/10,2021/06/14,2027/02/28,自動車による営業に限る申請のあった取扱品目に限る加熱調理食品の提供に限る簡易な調理に限る
115071-01,株式会社千成亭風土,キッチンカー（滋賀８３０そ２９２９）,飲食店営業,2021/06/10,2021/06/14,2028/02/29,自動車による営業に限る申請のあった取扱品目に限る
115075-01,,大衆酒場ゑい司,飲食店営業,2021/06/11,2021/06/21,2027/06/30,
115076-01,,ひよどりｃａｆｅ,飲食店営業,2021/06/14,2021/06/24,2027/02/28,巡回移動営業に限る申請のあった営業場所に限る申請のあった取扱品目に限る加熱調理食品の提供に限る簡単な調理加工行為に限る
115078-01,株式会社タレの秋末,焼肉　あきすえ（滋賀１００せ・８６５）,飲食店営業,2021/06/14,2021/06/16,2027/02/28,自動車による営業に限る
115082-01,,ＨＯＷ　ＡＢＯＵＴ　ＳＨＲＩＭＰ　ＴＯＮＩＧＨＴ？,飲食店営業,2021/06/15,2021/06/23,2027/06/30,
115084-01,コケッコーズ合同会社,きなこっぺ　１号車（滋賀４８３か・２７５）,飲食店営業,2021/06/16,2021/06/18,2027/02/28,自動車による営業に限る申請のあった取扱品目に限る簡易な調理に限る加熱調理食品の提供に限る
115089-01,株式会社ロマンライフ,マールブランシュ　キッチンカー　（京都８３０せ１０２５）,飲食店営業,2022/04/18,2022/04/20,2029/02/28,自動車による営業に限る申請のあった取扱品目に限る
115090-01,株式会社平和堂,株式会社　平和堂　フレンドマート　石山寺辺店　鮮魚寿司作業室,飲食店営業,2021/06/18,2021/07/02,2028/06/30,
115091-01,,ほりい商店（京都１００そ・８５３）,飲食店営業,2021/06/18,2021/06/22,2027/02/28,自動車による営業に限る
115092-01,,エデン,飲食店営業,2021/06/18,2021/06/28,2027/06/30,
115093-01,株式会社ＳＢＩＣ,かさねや　大津店,飲食店営業,2021/06/18,2021/07/02,2028/06/30,
115094-01,,湖国ノ恵,飲食店営業,2021/06/21,2021/06/24,2027/10/31,
115106-01,,Ｍｉｘ　Ｂａｒ　ＭＵＲＡＳＡＫＩ,飲食店営業,2021/06/24,2021/06/30,2027/06/30,
115112-11,ＢＲＥＡＤＥＲ株式会社,Ｗｈａｔ’ｓ　Ｔｈｅ　Ｌｉｆｅ　Ｓｔｙｌｅ（ＢＲＥＡＤＥＲ）,菓子製造業,2021/06/25,2021/08/02,2027/10/31,申請のあった取扱品目の製造に限る
115116-01,株式会社元廣,丸源ラーメン　大津店,飲食店営業,2021/06/30,2021/08/06,2028/06/30,
115117-01,有限会社桐生,あんしん祭典　石山家族葬ホール,飲食店営業,2021/06/30,2021/07/07,2030/06/30,
115120-11,,タルトリーぺパン,菓子製造業,2021/07/01,2021/07/26,2028/06/30,申請のあった取扱品目の製造に限る
115121-11,,パン工房ささき,菓子製造業,2021/07/01,2021/07/09,2027/10/31,申請のあった取扱品目の製造に限る
115139-01,ＢＵＲＧＥＲ　ＳＴＡＮＤ　ＨＯＨＲＡＩ合同会社,ＨＯＨＲＡＩ　ＢＵＲＧＥＲ,飲食店営業,2021/07/02,2021/07/12,2027/10/31,
115140-01,株式会社叶匠寿庵,寿長生の郷　移動販売車（４６１６）,飲食店営業,2021/07/05,2021/07/21,2028/02/29,申請のあった取扱品目に限る自動車による営業に限る
115143-01,株式会社ＣＬフォーラム,マリオンクレープ＆レモネード,飲食店営業,2021/07/06,2021/07/15,2027/02/28,簡単な調理加工行為に限る申請のあった取扱品目に限る臨時的営業に限る加熱調理食品の提供に限る
115144-25,,つなぐキッチン,そうざい製造業,2021/07/07,2021/07/15,2028/02/29,申請のあった取扱品目の製造に限る
115147-01,,ハガレン,飲食店営業,2021/07/08,2021/07/21,2028/02/29,
115152-01,,Ｃａｆｅ　ｋｏｙａｍａ,飲食店営業,2021/07/12,2021/07/14,2027/02/28,申請のあった取扱品目に限る巡回移動営業に限る申請のあった営業場所に限る加熱調理食品の提供に限る簡単な調理加工行為に限る
115155-01,,ｖａ　ｂｉｎ,飲食店営業,2021/07/15,2021/09/17,2028/06/30,
115156-01,,手打ちうどん　ヤマエ,飲食店営業,2021/07/15,2021/07/28,2028/06/30,
115157-01,,うっきー,飲食店営業,2021/07/19,2021/07/21,2028/02/29,
115159-01,,ＢＡＲ　ＲｉＭ,飲食店営業,2021/07/21,2021/08/04,2028/02/29,簡易な営業に限る
115161-01,,ＢＡＲ　Ｋ３,飲食店営業,2021/07/21,2021/07/29,2027/10/31,
115162-01,株式会社花園,花神楽　パンダ焼き,飲食店営業,2021/07/21,2021/07/27,2027/02/28,巡回移動営業に限る申請のあった営業場所に限る申請のあった取扱品目に限る加熱調理食品の提供に限る簡単な調理加工行為に限る
115164-01,株式会社サンフェステ,業務スーパー大津神領店　馳走菜,飲食店営業,2021/07/29,2021/08/23,2029/06/30,
115165-04,米田水産株式会社,業務スーパー大津神領店　米田水産鮮魚,魚介類販売業,2021/07/29,2021/08/23,2030/06/30,
115165-25,米田水産株式会社,業務スーパー大津神領店　米田水産鮮魚,そうざい製造業,2022/05/10,2022/05/13,2030/06/30,申請のあった取扱品目の製造に限る
115166-01,フィットＭＤストアーズ合同会社,セブン－イレブン　大津竜が丘店,飲食店営業,2021/07/29,2021/08/20,2029/02/28,
115167-12,株式会社佐知’ｓＰｏｃｋｅｔ,佐知’ｓＰｏｃｋｅｔ　第二工房,アイスクリーム類製造業,2021/07/30,2021/09/03,2028/02/29,申請のあった取扱品目の製造に限る
115168-01,,ＢＡＲＲＥＬＥ（京都８００そ１７４５）,飲食店営業,2021/08/02,2021/08/04,2027/02/28,自動車による営業に限る申請のあった取扱品目に限る
115169-01,,あまみ,飲食店営業,2021/08/02,2021/08/04,2028/02/29,
115171-01,,スタンド商。,飲食店営業,2021/08/03,2021/08/23,2028/06/30,
115173-01,,モバイルカフェ　クルーチ（滋賀８００す６９５７）,飲食店営業,2021/08/03,2021/08/05,2027/02/28,自動車による営業に限る申請のあった取扱品目に限る
115174-01,,ビアンカ（滋賀４８０て３２１３）,飲食店営業,2021/08/04,2021/08/06,2027/02/28,自動車による営業に限る申請のあった取扱品目に限る
115177-01,株式会社アフェクト,２５グラム（名古屋８００ぬ・２１１）,飲食店営業,2021/08/05,2021/08/10,2028/02/29,自動車による営業に限る
115180-01,,ＯｍＯｍ　Ｋｉｔｃｈｅｎ（京都８００そ１５６５）,飲食店営業,2021/08/06,2021/08/11,2027/02/28,自動車による営業に限る
115183-11,一般社団法人滋賀県介護支援協会,米粉のパン屋さん　ＢＩＯ,菓子製造業,2021/08/12,2021/08/26,2028/02/29,申請のあった取扱品目の製造に限る
115184-01,株式会社ＯＣ,焼肉酒場　まほろば,飲食店営業,2021/08/12,2021/08/26,2027/10/31,
115186-01,,我,飲食店営業,2021/08/13,2021/08/23,2027/10/31,
115188-11,株式会社ｂｅｅｇｌｅ,株式会社ｂｅｅｇｌｅ,菓子製造業,2021/08/17,2021/08/26,2029/06/30,申請のあった取扱品目の製造に限る
115190-01,,Ｂａｌｉ,飲食店営業,2021/08/18,2021/08/26,2028/06/30,
115192-01,,御幸家,飲食店営業,2021/08/20,2021/08/30,2028/02/29,
115193-01,,Ｂａｒ　Ｉ－Ｊｉａｔ,飲食店営業,2021/08/23,2021/09/02,2028/02/29,
115194-01,株式会社本家つる㐂,本家鶴㐂そば,飲食店営業,2021/08/23,2021/08/26,2027/10/31,
115195-01,,ぴかいち本舗,飲食店営業,2021/08/24,2021/08/26,2027/02/28,簡単な調理加工行為に限る巡回移動営業に限る申請のあった取扱品目に限る加熱調理食品の提供に限る申請のあった営業場所に限る
115196-01,,Ｂａｒ．Ｈｉｇｈ．Ｈｉｇｈ,飲食店営業,2021/08/24,2021/09/06,2027/10/31,
115198-01,株式会社ウイステリアフーズ,ウイステリアフーズ（大阪８３０そ５５７７）,飲食店営業,2021/08/27,2021/08/31,2027/02/28,自動車による営業に限る申請のあった取扱品目に限る
115199-01,株式会社来来亭,来来亭　堅田店,飲食店営業,2021/08/30,2021/09/21,2027/10/31,
115201-01,,アルヴィラ近江舞子,飲食店営業,2021/08/31,2021/09/08,2028/10/31,
115202-01,,Ｓｗｅｅｔｓ‘ｎ’ｃａｆｅ　＆Ｕ＝Ａｎｄ　ｙｏｕ～アンジュ～,飲食店営業,2021/08/31,2021/09/02,2027/02/28,巡回移動営業に限る申請のあった営業場所に限る申請のあった取扱品目に限る加熱調理食品の提供に限る簡単な調理加工行為に限る
115204-01,株式会社ジェイグループホールディングス,大津サービスエリア（下り）フードコート,飲食店営業,2021/09/01,2021/09/28,2028/02/29,
115206-01,ＣＲＥＳＣＯ株式会社,横浜家系ラーメンこころ家大津店,飲食店営業,2021/09/03,2021/09/22,2027/10/31,
115207-01,株式会社Ｒｃｍ,宮崎県日南市じとっこ組合石山駅前店,飲食店営業,2021/09/03,2021/09/13,2028/06/30,
115210-01,,ＷＥＥＫＥＮＤＳ　ＣＡＦＥ,飲食店営業,2021/09/03,2021/09/09,2027/10/31,
115211-01,,酒は友を呼ぶ！,飲食店営業,2021/09/06,2021/09/21,2028/06/30,
115214-01,株式会社杉嶋,おふく,飲食店営業,2021/09/07,2021/09/15,2028/02/29,
115215-01,株式会社魚石,魚石亭,飲食店営業,2021/09/07,2021/09/14,2027/10/31,
115216-01,株式会社フロントラインプロダクション,リップタイドマリン,飲食店営業,2021/09/07,2021/09/17,2027/10/31,簡易な営業に限る
115217-01,びわこオーガニックファーム株式会社,びわ春号（なにわ８０３り・・・８）,飲食店営業,2021/09/07,2021/09/09,2028/02/29,自動車による営業に限る
115218-01,株式会社Ｔ’Ｓ－ＳＴＹＬＥ,Ｔ’Ｓ－ＳＴＹＬＥ（なにわ８００せ２４３２）,飲食店営業,2021/09/08,2021/09/10,2027/02/28,自動車による営業に限る申請のあった取扱品目に限る
115219-01,,Ｋｉｓａｉ　Ｋｉｔｃｈｅｎ　Ｃａｒ（京都４８５は・・１５）,飲食店営業,2021/09/09,2021/09/13,2027/02/28,自動車による営業に限る申請のあった取扱品目に限る
115223-01,有限会社ＴＥＡＭＭＵＳＴＬＴＤ,ますたん号（京都８３０た１２１５）,飲食店営業,2021/09/14,2021/09/16,2027/02/28,自動車による営業に限る申請のあった取扱品目に限る
115224-01,,居酒家　集,飲食店営業,2021/09/15,2021/09/24,2028/02/29,
115225-01,株式会社アポロ,大阪城,飲食店営業,2021/09/15,2021/09/17,2027/02/28,巡回移動営業に限る申請のあった営業場所に限る申請のあった取扱品目に限る加熱調理食品の提供に限る
115232-01,株式会社ジェイグループホールディングス,ＭＯＵＭＯＵカフェ（２Ｆ）,飲食店営業,2021/09/17,2021/10/06,2028/02/29,
115233-01,株式会社ジェイグループホールディングス,テイクアウトコーナー,飲食店営業,2021/09/17,2021/10/13,2028/02/29,
115234-01,株式会社ジェイグループホールディングス,ＭＯＵＭＯＵカフェ,飲食店営業,2021/09/17,2021/10/11,2029/02/28,
115235-01,,ＳＴＥＬＬＡＲ,飲食店営業,2021/09/21,2021/09/27,2028/06/30,
115239-01,,明月,飲食店営業,2021/09/24,2021/11/22,2028/06/30,簡易な営業に限る
115241-04,有限会社魚辰,魚辰,魚介類販売業,2021/09/28,2021/10/04,2028/02/29,
115242-01,合同会社ＮＦｏｏｄｓ,んっちゃん,飲食店営業,2021/09/28,2021/10/01,2027/02/28,臨時的営業に限る申請のあった取扱品目に限る加熱調理食品の提供に限る簡単な調理加工行為に限る申請のあった営業期間に限る
115243-01,,ナギサクラブ,飲食店営業,2022/06/13,2022/06/24,2028/02/29,
115243-11,,ナギサクラブ,菓子製造業,2021/09/29,2021/10/08,2027/02/28,申請のあった取扱品目の製造に限る
115243-27,,ナギサクラブ,冷凍食品製造業,2021/09/29,2021/10/08,2027/02/28,申請のあった取扱品目の製造に限る
115244-01,株式会社ＢＲＩＤＧＥＢＩＧ,Ｃｌｕｂ　ＬＩＥＮ,飲食店営業,2021/09/30,2021/10/12,2028/06/30,
115248-01,,旬遊あゆら,飲食店営業,2021/10/01,2021/10/07,2028/02/29,
115249-01,,古民家カフェＳＯＲＡ,飲食店営業,2021/10/01,2021/10/15,2028/02/29,
115250-01,,橘屋,飲食店営業,2021/10/01,2021/10/07,2028/02/29,
115251-01,医療法人さくら会,特別養護老人ホーム　けやきの杜,飲食店営業,2021/10/04,2021/10/06,2028/10/31,
115252-11,,ｎａｏ　ａｐｐｒｅｃｉａｔｅ,菓子製造業,2021/10/04,2021/10/29,2027/10/31,申請のあった取扱品目の製造に限る
115256-01,株式会社大磯屋製麺所,大磯屋製麺所（三河８３０さ１２８１）,飲食店営業,2021/10/05,2021/10/07,2028/02/29,自動車による営業に限る
115257-01,,ウッキー（京都１００そ５５８７）,飲食店営業,2021/10/05,2021/10/07,2028/02/29,自動車による営業に限る申請のあった取扱品目に限る簡易な調理に限る加熱調理食品の提供に限る
115259-01,,キッチンカーベジラブ（滋賀４８０て４２４１）,飲食店営業,2021/10/06,2021/10/08,2028/02/29,自動車による営業に限る申請のあった取扱品目に限る
115261-01,株式会社ＲＯＫＵ,大谷茶屋,飲食店営業,2021/10/07,2021/10/15,2028/02/29,
115262-01,合同会社ＮＦｏｏｄｓ,んっちゃん,飲食店営業,2021/10/07,2021/10/11,2027/02/28,加熱調理食品の提供に限る巡回移動営業に限る申請のあった営業場所に限る申請のあった取扱品目に限る簡単な調理加工行為に限る
115265-01,,Ｈｏｎｄａ　Ｃｒａｆｔｓ,飲食店営業,2025/01/06,2025/01/22,2031/06/30,
115265-11,,Ｈｏｎｄａ　Ｃｒａｆｔｓ,菓子製造業,2025/01/06,2025/01/22,2031/06/30,申請のあった取扱品目の製造に限る
115266-11,一般社団法人Ｓｍｉｌｅｓ,一般社団法人Ｓｍｉｌｅｓ,菓子製造業,2021/10/11,2021/11/10,2028/10/31,申請のあった取扱品目の製造に限る
115267-01,,タンベー,飲食店営業,2021/10/11,2021/11/25,2028/10/31,
115268-01,,喫茶　Ｃｈｉａｋｉ,飲食店営業,2021/10/11,2021/10/21,2028/06/30,
115269-01,,パブ　オギーズ,飲食店営業,2021/10/11,2021/10/26,2028/02/29,
115270-01,株式会社湯元舘,湯元舘　カフェ花雲水,飲食店営業,2021/10/11,2021/11/01,2028/10/31,
115277-01,,もんきち（滋賀８００す６９５３）,飲食店営業,2021/10/15,2021/10/19,2028/02/29,自動車による営業に限る
115279-01,株式会社アイビス,ｓｗｅｅｔｓ　ｋｉｔｃｈｅｎ　ｍｉｇｎｏｎ（滋賀８００す８２７８）,飲食店営業,2021/10/18,2021/10/27,2028/02/29,自動車による営業に限る
115280-01,,やまやまぱーく,飲食店営業,2021/10/19,2021/11/08,2028/02/29,
115281-01,株式会社Ｇｒａｎｄｅ　Ｖａｒｉｅｔｅ,居酒屋　一,飲食店営業,2021/10/19,2021/11/16,2028/06/30,
115285-11,松井建設株式会社,晴耕舎　ヤックル,菓子製造業,2021/10/20,2021/11/15,2028/10/31,申請のあった取扱品目の製造に限る
115287-01,,Ｌｏｕｎｇｅ　Ｇｉｒｌ’ｓ,飲食店営業,2021/10/22,2021/10/29,2027/10/31,
115288-01,,Ｌｏｕｎｇｅ　Ｍ’ｓ,飲食店営業,2021/10/25,2021/11/04,2028/06/30,
115290-01,食品デザイン株式会社,食品デザイン　金魚（なにわ８００す９４９４）,飲食店営業,2021/10/25,2021/10/27,2028/02/29,自動車による営業に限る申請のあった取扱品目に限る
115291-01,株式会社Ｄｕｘ,Ｃｈｉｌｌ　Ｏｖｅｒ,飲食店営業,2021/10/25,2021/11/04,2028/06/30,簡易な営業に限る
115293-11,資生園株式会社,資生園株式会社,菓子製造業,2021/10/26,2021/10/29,2027/10/31,申請のあった取扱品目の製造に限る
115311-01,,まるふく,飲食店営業,2021/11/01,2021/11/09,2028/02/29,
115312-11,株式会社ドンク,ＤＯＮＱＥＤＩＴＥＲ大津テラス店,菓子製造業,2021/11/01,2021/11/26,2029/02/28,申請のあった取扱品目の製造に限る
115314-01,,ソライロカフェ（京都１００そ４７６９）,飲食店営業,2021/11/04,2021/11/08,2027/02/28,自動車による営業に限る申請のあった取扱品目に限る
115319-01,,ＳＨＩＧＡ’ｓ　Ｂａｒ　湖風庵,飲食店営業,2021/11/05,2021/11/22,2028/02/29,
115320-01,,Ｊｙｕ　Ｊｙｕ,飲食店営業,2021/11/08,2021/11/18,2028/02/29,
115321-01,,Ｓｅｃｒｅｔ,飲食店営業,2021/11/08,2021/12/01,2028/02/29,簡易な営業に限る
115325-01,,炭火焼肉・ちゃんこ・千なり,飲食店営業,2021/11/09,2021/11/17,2028/10/31,
115325-03,,炭火焼肉・ちゃんこ・千なり,食肉販売業,2021/11/09,2021/11/17,2028/10/31,とさつ・解体は行わないこと
115325-25,,炭火焼肉・ちゃんこ・千なり,そうざい製造業,2022/09/30,2022/10/07,2028/10/31,申請のあった取扱品目の製造に限る
115326-01,食品デザイン株式会社,食品デザイン　金魚（なにわ４８０た２５６９）,飲食店営業,2021/11/09,2021/11/11,2027/02/28,自動車による営業に限る申請のあった取扱品目に限る
115327-01,,ここしか,飲食店営業,2021/11/09,2021/12/13,2028/10/31,
115327-11,,ここしか,菓子製造業,2021/11/09,2021/12/13,2028/10/31,申請のあった取扱品目の製造に限る
115327-25,,ここしか,そうざい製造業,2021/11/09,2021/12/13,2028/10/31,申請のあった取扱品目の製造に限る
115333-01,,御菓子処みずおか,飲食店営業,2021/11/10,2021/11/18,2028/06/30,
115333-11,,御菓子処みずおか,菓子製造業,2021/11/10,2021/11/18,2028/06/30,申請のあった取扱品目の製造に限る
115334-01,,エッグスイッチ（なにわ１００せ８１６５）,飲食店営業,2021/11/10,2021/11/12,2027/02/28,自動車による営業に限る
115336-01,,エイトフーズ（三重１００そ１９３９）,飲食店営業,2021/11/10,2021/11/12,2028/02/29,自動車による営業に限る申請のあった取扱品目に限る
115345-01,株式会社国華荘,花小町（びわ湖花街道）,飲食店営業,2021/11/15,2021/11/18,2029/10/31,
115346-01,,ＳＴＡＲ　ＣＡＦＥ（京都４８０は８１３２）,飲食店営業,2021/11/15,2021/11/17,2027/02/28,自動車による営業に限る申請のあった取扱品目に限る
115349-01,田中ケアサービス株式会社,アネシス大津京,飲食店営業,2021/11/16,2021/11/18,2029/02/28,
115350-01,株式会社楽園,楽園（大阪１００そ８０５１）,飲食店営業,2021/11/16,2021/11/18,2028/02/29,自動車による営業に限る
115351-01,社会福祉法人美輪湖の家大津,ワクラバ,飲食店営業,2021/11/16,2021/12/13,2028/02/29,
115351-25,社会福祉法人美輪湖の家大津,ワクラバ,そうざい製造業,2022/01/07,2022/01/14,2028/02/29,申請のあった取扱品目の製造に限る
115352-11,,鹿吉ケーキラボ,菓子製造業,2021/11/17,2021/11/25,2028/02/29,申請のあった取扱品目の製造に限る
115355-01,,ＤＯＬＣＥ　１０４（なにわ８００せ３８７２）,飲食店営業,2021/11/17,2021/11/19,2028/02/29,自動車による営業に限る申請のあった取扱品目に限る
115356-01,,Ｐｒｉｍｕｓ　ｗｅｌｌｎｅｓｓｋｉｔｃｈｅｎ＆ｍａｒｋｅｔ,飲食店営業,2021/11/18,2021/12/14,2028/02/29,
115356-11,,Ｐｒｉｍｕｓ　ｗｅｌｌｎｅｓｓｋｉｔｃｈｅｎ＆ｍａｒｋｅｔ,菓子製造業,2022/12/14,2022/12/23,2029/02/28,申請のあった取扱品目の製造に限る
115360-11,合同会社江州柚子屋,江州柚子屋,菓子製造業,2021/11/22,2021/11/26,2028/10/31,申請のあった取扱品目の製造に限る
115361-01,,Ｃｌｅａｒ　ｇａｉｎ,飲食店営業,2021/11/22,2021/12/01,2028/10/31,
115367-29,,あしかりキムチ,漬物製造業,2021/11/24,2021/11/30,2028/10/31,申請のあった取扱品目の製造に限る
115369-01,,ト七,飲食店営業,2021/11/25,2021/12/27,2028/06/30,
115370-01,株式会社グッドデリーズ,キッチン　ぶーたん（大阪８００そ４３１３）,飲食店営業,2021/11/26,2021/11/30,2028/02/29,自動車による営業に限る申請のあった取扱品目に限る
115373-11,,不二家平和堂石山店,菓子製造業,2021/11/29,2021/12/15,2028/06/30,申請のあった取扱品目の製造に限る
115375-01,,小腹,飲食店営業,2021/11/30,2021/12/22,2028/10/31,簡易な営業に限る
115376-11,,Ｐａｔｉｓｓｅｒｉｅ　Ｓａｖｅｕｒ　ｄｅ　ｓａｉｓｏｎ,菓子製造業,2021/11/30,2022/01/21,2029/10/31,申請のあった取扱品目の製造に限る
115377-11,,あまからキッチン,菓子製造業,2021/11/30,2021/12/22,2028/10/31,申請のあった取扱品目の製造に限る
115377-29,,あまからキッチン,漬物製造業,2021/11/30,2021/12/22,2028/10/31,申請のあった取扱品目の製造に限る
115377-25,,あまからキッチン,そうざい製造業,2025/09/22,2025/10/02,2031/10/31,申請のあった取扱品目の製造に限る。
115398-01,,韓の味,飲食店営業,2021/12/01,2021/12/07,2028/10/31,
115399-01,,ＢＡＭＢＹ　ＣＡＦＥ（奈良１００せ１１８０）,飲食店営業,2021/12/02,2021/12/06,2027/02/28,自動車による営業に限る申請のあった取扱品目に限る
115400-01,,Ｓｉｚ（京都１００わ４６０７）,飲食店営業,2021/12/02,2021/12/06,2028/02/29,自動車による営業に限る
115401-01,,ＢＡＲ　ＫＡＧＲＡ,飲食店営業,2021/12/02,2022/01/14,2028/02/29,簡易な営業に限る
115402-01,,スナックいつ子,飲食店営業,2021/12/03,2021/12/15,2028/06/30,
115403-01,株式会社ＫＵＲＩＭＡＲＯ,博多串焼　しんべヱ,飲食店営業,2021/12/03,2021/12/17,2028/06/30,
115404-01,,居酒屋やっさん,飲食店営業,2021/12/06,2021/12/17,2028/02/29,
115405-01,,Ｂｉｓｔｒｏ　ＭＡＲＥＹ,飲食店営業,2021/12/06,2022/01/26,2028/02/29,
115406-01,,通尾天神山　古民家薬膳かふぇ　松風庵,飲食店営業,2021/12/06,2022/03/17,2028/10/31,
115406-11,,通尾天神山　古民家薬膳かふぇ　松風庵,菓子製造業,2024/10/07,2024/10/21,2030/10/31,申請のあった取扱品目の製造に限る
115406-27,,通尾天神山　古民家薬膳かふぇ　松風庵,冷凍食品製造業,2024/04/17,2024/04/30,2030/10/31,申請のあった取扱品目の製造に限る
115407-01,,居酒屋　香林,飲食店営業,2021/12/06,2021/12/10,2028/02/29,
115409-01,有限会社魚辰,魚辰,飲食店営業,2021/12/07,2021/12/17,2028/06/30,
115409-04,有限会社魚辰,魚辰,魚介類販売業,2021/12/07,2021/12/17,2028/06/30,
115415-11,,ｒｕｂａｎ,菓子製造業,2021/12/09,2021/12/28,2028/02/29,申請のあった取扱品目の製造に限る
115423-01,ＭＵＳＵＢＩぐるーぷ株式会社,野菜スタンド　旬むすび,飲食店営業,2021/12/13,2022/01/04,2028/02/29,
115424-01,,石修堂（大阪８００そ５６７５）,飲食店営業,2021/12/13,2021/12/15,2028/02/29,自動車による営業に限る
115425-01,株式会社新月,でんや　テラス,飲食店営業,2021/12/13,2021/12/17,2029/06/30,
115426-01,,酒処　二階,飲食店営業,2021/12/13,2021/12/28,2028/02/29,
115482-01,,Ｃａｒｓ　＆　Ｃａｆｅ　ＫｕＫｕｎａ,飲食店営業,2021/12/15,2021/12/24,2028/10/31,
115483-01,,Ｂｕｎａｔ’ｅｔ’ａ（滋賀４８３か・２７３）,飲食店営業,2021/12/15,2021/12/17,2028/02/29,自動車による営業に限る申請のあった取扱品目に限る
115484-01,,平城園瀬田店,飲食店営業,2021/12/16,2021/12/24,2028/06/30,
115484-25,,平城園瀬田店,そうざい製造業,2025/10/24,2025/11/05,2032/06/30,申請のあった取扱品目の製造に限る。
115487-01,,Ｃａｆｅ　ｋｏａｎ,飲食店営業,2021/12/20,2022/01/13,2028/10/31,
115489-01,,まちかどキッチン,飲食店営業,2021/12/20,2022/01/14,2029/02/28,
115495-01,株式会社翔寿物産,麺屋昊鶏　大津店,飲食店営業,2021/12/27,2022/01/14,2028/10/31,
115498-01,,Ｃａｌｌａ６８,飲食店営業,2022/01/06,2022/02/01,2028/02/29,
115499-01,,Ｌｏ　Ｓｐｌｅｎｄｏｒｅ（滋賀８０４と・・・８）,飲食店営業,2022/01/07,2022/01/12,2027/02/28,自動車による営業に限る
115501-11,,三代目田中家,菓子製造業,2022/01/11,2022/01/19,2028/02/29,申請のあった取扱品目の製造に限る
115502-01,株式会社全国チェーン竜鳳,やきとり竜鳳（宇都宮８８０あ１５７０）,飲食店営業,2022/01/11,2022/01/13,2027/02/28,加熱調理食品の提供に限る自動車による営業に限る申請のあった取扱品目に限る簡易な調理に限る
115503-01,株式会社Ｉｎｎｏｖａｔｉｏｎ　Ｐｌａｎｎｉｎｇ,手毬寿司のＣａｆｆｅ　手毬花－ＴＥＭＡＲＩＨＡＮＡ－,飲食店営業,2022/01/11,2022/01/19,2028/06/30,
115504-01,株式会社Ｒｅａｃｈ・Ｓｔｙｌｅ,ｔｗｏ　Ａ’ｓ,飲食店営業,2022/01/11,2022/01/19,2028/06/30,簡易な営業に限る
115505-01,合同会社レーヴプランニング,和酒ダイニング　Ｒｅｂｏｒｎ　りぃぼーん,飲食店営業,2022/01/11,2022/01/19,2028/02/29,
115509-01,合同会社ホットイーツ,ほっともっと大津勧学店,飲食店営業,2022/01/14,2022/01/25,2029/02/28,
115511-01,株式会社リボーン,リ！ボン,飲食店営業,2022/01/17,2022/01/25,2028/06/30,
115513-01,,りふれいん,飲食店営業,2022/01/18,2022/01/31,2028/02/29,
115514-01,,セブンイレブン大津本堅田５丁目店,飲食店営業,2022/01/19,2022/02/21,2029/10/31,
115515-01,,Ｔ　ａｄｄ　Ｍ（滋賀８００す７０８７）,飲食店営業,2022/01/19,2022/01/21,2028/02/29,自動車による営業に限る
115518-01,株式会社内田組,Ｄｒａｇｏ　Ｆｅｌｉｃｅ,飲食店営業,2022/10/05,2022/11/01,2029/06/30,
115518-11,株式会社内田組,Ｄｒａｇｏ　Ｆｅｌｉｃｅ,菓子製造業,2022/10/05,2022/11/01,2029/06/30,申請のあった取扱品目の製造に限る
115519-01,,ぶらり食堂　タナゴコロ（京都４８０ひ４１９４）,飲食店営業,2022/01/24,2022/01/26,2028/02/29,自動車による営業に限る
115520-01,,おみやげ・甘味処　うえだ,飲食店営業,2022/01/24,2022/02/04,2028/10/31,
115520-11,,おみやげ・甘味処　うえだ,菓子製造業,2022/01/24,2022/02/04,2028/10/31,申請のあった取扱品目の製造に限る
115520-25,,おみやげ・甘味処　うえだ,そうざい製造業,2022/01/24,2022/02/04,2028/10/31,申請のあった取扱品目の製造に限る
115524-01,,お伊勢たい焼　縁屋,飲食店営業,2022/01/26,2022/01/28,2027/02/28,巡回移動営業に限る申請のあった取扱品目に限る加熱調理食品の提供に限る簡単な調理加工行為に限る申請のあった営業場所に限る
115525-01,つちのつぶ株式会社,つちのつぶ株式会社,飲食店営業,2022/01/26,2022/02/07,2028/06/30,
115525-25,つちのつぶ株式会社,つちのつぶ株式会社,そうざい製造業,2022/01/26,2022/02/07,2028/06/30,申請のあった取扱品目の製造に限る
115528-01,,自然坊たなか,飲食店営業,2022/01/31,2022/02/08,2028/02/29,
115529-01,,しちの,飲食店営業,2022/01/31,2022/02/28,2028/02/29,簡易な営業に限る
115530-01,豊興産株式会社,レークプラザ,飲食店営業,2022/01/31,2022/02/14,2028/02/29,
115531-01,,ＣＡＦＥ＆ＢＡＲ　ＯＢＢＬｉ（京都１３０そ・２１４）,飲食店営業,2022/02/02,2022/02/04,2027/02/28,自動車による営業に限る申請のあった取扱品目に限る
115532-01,,ｓｏｔｏｋｏ,飲食店営業,2022/02/03,2022/02/15,2028/02/29,
115534-01,東住吉マルタマフーズ株式会社,特別養護老人ホーム　あすは,飲食店営業,2022/02/03,2022/02/24,2030/06/30,
115540-01,株式会社ＣＲＥＡＭ　ＨＯＮＰＯ,ＣＲＥＡＭ　ＨＯＮＰＯ,飲食店営業,2022/02/07,2022/03/25,2029/02/28,
115540-11,株式会社ＣＲＥＡＭ　ＨＯＮＰＯ,ＣＲＥＡＭ　ＨＯＮＰＯ,菓子製造業,2022/02/07,2022/03/25,2029/02/28,申請のあった取扱品目の製造に限る
115541-01,,鳥で候,飲食店営業,2022/02/08,2022/02/21,2028/10/31,
115542-01,,さか井,飲食店営業,2022/02/08,2022/02/17,2028/02/29,
115543-01,ＬＩＮＫ株式会社,ソガシッタン（京都１２０ち・・・１）,飲食店営業,2022/02/09,2022/04/08,2029/02/28,自動車による営業に限る
115544-01,合同会社ヤマモト商店,ＷＩＮＤ　ＳＴＲＥＥＴ　ＦＯＯＤＳ（堺１００さ５７６２）,飲食店営業,2022/02/10,2022/02/15,2028/02/29,自動車による営業に限る
115547-01,有限会社サンキ,ミスタードーナツ　フォレオ大津一里山ショップ,飲食店営業,2022/02/10,2022/03/23,2029/06/30,
115547-11,有限会社サンキ,ミスタードーナツ　フォレオ大津一里山ショップ,菓子製造業,2022/02/10,2022/03/23,2029/06/30,申請のあった取扱品目の製造に限る
115548-01,,暖,飲食店営業,2022/02/14,2022/03/08,2028/10/31,
115550-01,,Ｃａｆｅ　花　花,飲食店営業,2022/02/14,2022/03/17,2028/10/31,
115551-11,,やまだし米,菓子製造業,2022/02/14,2022/02/18,2028/06/30,申請のあった取扱品目の製造に限る
115552-01,,司光フーズ,飲食店営業,2022/02/15,2022/02/17,2027/02/28,申請のあった取扱品目に限る加熱調理食品の提供に限る申請のあった営業場所に限る簡単な調理加工行為に限る巡回移動営業に限る
115553-02,株式会社アペックス西日本,バローホールディングス　大津店　軒下（ＣＣＢＪＩ）,調理の機能を有する自動販売機により食品を調理し、調理された食品を販売する営業,2022/02/15,2022/02/18,2027/02/28,自動販売機による営業に限る設置台数は１台に限る
115554-01,,旬菜食房　けんずいや,飲食店営業,2022/02/16,2022/03/11,2028/10/31,
115555-01,,エムクアテクノロジー,飲食店営業,2022/02/16,2022/03/11,2028/10/31,
115556-01,,湖南ちゃんぽん（滋賀４８５む１０１０）,飲食店営業,2022/02/16,2022/02/18,2027/02/28,自動車による営業に限る申請のあった取扱品目に限る
115557-01,,厳波楼,飲食店営業,2022/02/17,2022/03/02,2029/02/28,
115558-01,株式会社ホライズン,ローソン大津中央二丁目店,飲食店営業,2022/02/18,2022/02/28,2028/02/29,
115559-01,,ローソン大津坂本七丁目店,飲食店営業,2022/02/18,2022/02/25,2028/10/31,
115561-01,奥村管工株式会社,まごころ弁当　大津店,飲食店営業,2022/02/22,2022/03/18,2029/06/30,
115567-01,,京のおばんざい　たいたん（京都８３０ち・７０８）,飲食店営業,2022/03/02,2022/03/04,2028/02/29,自動車による営業に限る申請のあった取扱品目に限る
115572-01,株式会社武翔総合管理,陸上自衛隊　大津駐屯地,飲食店営業,2022/03/03,2022/03/18,2029/02/28,
115573-01,シンセンフードテック株式会社,うなぎ料亭山重　瀬田本店,飲食店営業,2022/03/04,2022/03/09,2028/06/30,
115573-25,シンセンフードテック株式会社,うなぎ料亭山重　瀬田本店,そうざい製造業,2022/03/04,2022/03/09,2028/06/30,申請のあった取扱品目の製造に限る
115576-01,,ｃｒａｆｔ　ｂｅｅｒ　ｈｏｕｓｅ　Ｂ．Ｂ,飲食店営業,2022/03/07,2022/03/24,2029/02/28,
115583-11,,ＷＩＳ,菓子製造業,2022/03/08,2022/03/11,2028/10/31,申請のあった取扱品目の製造に限る
115584-01,株式会社ミツムラ工務店,ミツムラ,飲食店営業,2022/03/08,2022/03/14,2028/06/30,
115588-01,株式会社ＮＥＸＸＴ　Ｌｉｖ,ＡＬＯＨＡ　ＫＩＴＣＨＥＮ,飲食店営業,2022/03/10,2022/03/18,2030/02/28,
115589-01,,Ｔｒａｐ　ＣＡＦＥ（滋賀８８０も・・・１）,飲食店営業,2022/03/10,2022/03/14,2028/02/29,自動車による営業に限る申請のあった取扱品目に限る
115591-01,,ｏｂｅｒｔｏｎ,飲食店営業,2022/03/15,2022/04/13,2028/10/31,
115592-01,株式会社スタンドアウト,Ｄｏｓ,飲食店営業,2022/03/17,2022/04/11,2028/06/30,
115592-11,株式会社スタンドアウト,Ｄｏｓ,菓子製造業,2022/03/17,2022/04/11,2028/06/30,申請のあった取扱品目の製造に限る
115595-03,Ｎダイニング株式会社,Ｎダイニング株式会社,食肉販売業,2022/03/22,2022/04/06,2029/10/31,とさつ・解体は行わないこと
115596-01,株式会社木もれび,びわ湖　松の浦別邸,飲食店営業,2022/03/22,2022/03/30,2028/10/31,
115597-01,,宅食ライフ　大津店,飲食店営業,2022/03/22,2022/03/30,2028/06/30,
115598-01,,ポンテ（滋賀８００す７２９５）,飲食店営業,2022/03/22,2022/03/24,2028/02/29,自動車による営業に限る申請のあった取扱品目に限る
115599-01,,ＹＡＥＨ（京都４８０ひ２４４１）,飲食店営業,2022/03/22,2022/03/24,2028/02/29,自動車による営業に限る申請のあった取扱品目に限る
115600-01,株式会社丸富,丸富精肉店　石山店,飲食店営業,2022/03/22,2022/03/29,2028/06/30,
115600-03,株式会社丸富,丸富精肉店　石山店,食肉販売業,2022/03/22,2022/03/29,2028/06/30,とさつ・解体は行わないこと
115600-09,株式会社丸富,丸富精肉店　石山店,食肉処理業,2022/11/11,2022/11/21,2029/06/30,とさつ・解体は行わないこと
115601-01,特定非営利活動法人ＬＳＨ,Ｑｕｏｃａｒｅ,飲食店営業,2022/03/23,2022/03/31,2029/06/30,
115601-30,特定非営利活動法人ＬＳＨ,Ｑｕｏｃａｒｅ,密封包装食品製造業,2024/09/13,2024/09/26,2032/06/30,申請のあった取扱品目の製造に限る
115602-01,,コップンキッチンカー（滋賀４８０て６９９８）,飲食店営業,2022/03/23,2022/03/25,2028/02/29,自動車による営業に限る申請のあった取扱品目に限る
115603-01,,ＡｉＬｏＢｕｏｎｏ（京都４８０ひ６０６５）,飲食店営業,2022/03/23,2022/03/25,2029/02/28,自動車による営業に限る
115604-01,,桐生の風　Ｆｕｕ,飲食店営業,2022/03/24,2022/04/11,2028/06/30,
115606-01,,テラスキッチン　安寿,飲食店営業,2022/03/25,2022/04/14,2029/10/31,
115606-15,,テラスキッチン　安寿,食肉製品製造業,2022/05/30,2022/06/02,2029/10/31,申請のあった取扱品目の製造に限る
115606-25,,テラスキッチン　安寿,そうざい製造業,2022/03/25,2022/04/14,2029/10/31,申請のあった取扱品目の製造に限る
115608-01,株式会社フードテックジャパン,然の膳　滋賀医科大学医学部附属病院店,飲食店営業,2022/03/28,2022/04/08,2028/06/30,
115610-01,,うつわ　酒　にのご,飲食店営業,2022/03/29,2022/04/12,2028/02/29,
115615-01,,ころちゃん,飲食店営業,2022/03/30,2022/04/07,2029/02/28,
115616-01,,トム＆サム,飲食店営業,2022/03/31,2022/04/07,2029/02/28,簡易な営業に限る
115617-01,,優,飲食店営業,2022/04/01,2022/04/26,2029/02/28,
115622-01,株式会社Ｇｒｅｅｎ　ｅａｒｔｈ,餃子　チョップ,飲食店営業,2022/04/04,2022/04/11,2028/06/30,
115622-27,株式会社Ｇｒｅｅｎ　ｅａｒｔｈ,餃子　チョップ,冷凍食品製造業,2022/04/04,2022/04/11,2028/06/30,申請のあった取扱品目の製造に限る
115623-01,株式会社小樽飯櫃,小樽飯櫃,飲食店営業,2022/04/05,2022/04/07,2028/02/29,簡単な調理加工行為に限る巡回移動営業に限る申請のあった営業場所に限る申請のあった取扱品目に限る加熱調理食品の提供に限る
115624-01,株式会社ｎａｄｅｓｈｉｃｏ,ｍａｌｉｂｕ（滋賀８００す６８７８）,飲食店営業,2022/04/05,2022/04/07,2029/02/28,自動車による営業に限る申請のあった取扱品目に限る
115625-01,,Ｎａｐｐｅｒ（滋賀８００す７０７１）,飲食店営業,2022/04/05,2022/04/07,2028/02/29,自動車による営業に限る
115627-25,株式会社ハートフルギフト,生ぎょうざ　神戸まな家　堅田店,そうざい製造業,2022/04/06,2022/04/14,2028/10/31,申請のあった取扱品目の製造に限る
115628-11,株式会社洗心寮,ツキノベーカリー／芋屋十三,菓子製造業,2022/04/07,2022/04/20,2029/06/30,申請のあった取扱品目の製造に限る
115629-01,株式会社高栄ホーム,Ｂｉｒｄ　Ｃａｆｅ,飲食店営業,2022/04/07,2022/04/19,2029/02/28,
115629-11,株式会社高栄ホーム,Ｂｉｒｄ　Ｃａｆｅ,菓子製造業,2022/04/11,2022/04/19,2029/02/28,申請のあった取扱品目の製造に限る
115631-01,,猫とめがね焙煎所,飲食店営業,2022/04/08,2022/04/14,2029/02/28,
115631-11,,猫とめがね焙煎所,菓子製造業,2022/04/08,2022/04/14,2029/02/28,申請のあった取扱品目の製造に限る
115632-01,,魚丼　うちではま店,飲食店営業,2022/04/08,2022/04/26,2030/02/28,
115633-01,株式会社太閤商事,木曽奈良井宿きむら,飲食店営業,2022/04/08,2022/04/12,2028/02/29,巡回移動営業に限る申請のあった営業場所に限る申請のあった取扱品目に限る加熱調理食品の提供に限る簡単な調理加工行為に限る
115634-01,,Ｃａｆｅ＆Ｃｌｏｔｈｉｎｇ１６１０（滋賀４３０た１６１０）,飲食店営業,2022/04/11,2022/04/13,2028/02/29,自動車による営業に限る申請のあった取扱品目に限る簡易な調理に限る加熱調理食品の提供に限る
115635-01,,Ｇｅｎｉｅ（奈良８００す６８５０）,飲食店営業,2022/04/11,2022/04/13,2029/02/28,自動車による営業に限る
115636-01,,Ｃｏｎｔｉｎｅｎｔａｌ　Ｂｒｅａｋｆａｓｔ＆Ｃｏｆｆｅｅ,飲食店営業,2022/04/11,2022/04/19,2029/02/28,
115636-11,,Ｃｏｎｔｉｎｅｎｔａｌ　Ｂｒｅａｋｆａｓｔ＆Ｃｏｆｆｅｅ,菓子製造業,2022/04/11,2022/04/19,2029/02/28,申請のあった取扱品目の製造に限る
115637-01,株式会社Ｓｍｉｌｅ　Ｍａｋｅｒ,ファミリーマート大津平野店,飲食店営業,2022/04/12,2022/04/21,2028/06/30,
115638-01,株式会社にゃんこのおうち,にゃんこのおうち（滋賀８００の２２２２）,飲食店営業,2022/04/12,2022/04/14,2028/02/29,自動車による営業に限る申請のあった取扱品目に限る
115639-11,,小枝ベーカリー,菓子製造業,2022/04/12,2022/04/20,2028/10/31,申請のあった取扱品目の製造に限る
115640-01,,へんないも屋（滋賀８００す６７９３）,飲食店営業,2022/04/12,2022/04/14,2029/02/28,自動車による営業に限る申請のあった取扱品目に限る
115642-01,,藤屋,飲食店営業,2022/04/15,2022/04/19,2028/02/29,簡単な調理加工行為に限る巡回移動営業に限る申請のあった営業場所に限る申請のあった取扱品目に限る加熱調理食品の提供に限る
115643-01,,王将クラブ,飲食店営業,2022/04/19,2022/04/28,2029/02/28,
115644-01,,酒場　かなで,飲食店営業,2022/04/19,2022/05/10,2029/02/28,簡易な営業に限る
115645-01,合同会社江州柚子屋,江州柚子屋,飲食店営業,2022/04/21,2022/04/25,2028/02/29,簡単な調理加工行為に限る巡回移動営業に限る申請のあった営業場所に限る申請のあった取扱品目に限る加熱調理食品の提供に限る
115646-01,,ＯＷＬ　ＣＯＦＦＥＥ　ＤＩＳＣＯＶＥＲＹ（大阪４００む６８１８）,飲食店営業,2022/04/21,2022/04/25,2028/02/29,自動車による営業に限る申請のあった取扱品目に限る簡易な調理に限る加熱調理食品の提供に限る
115647-01,株式会社進藤工業,ａｒｋ,飲食店営業,2022/04/21,2022/05/02,2028/06/30,簡易な営業に限る
115653-01,,ドミノ･ピザ大津堅田店,飲食店営業,2022/04/22,2022/04/27,2028/10/31,
115654-01,,ｍｉｃａｓａ（滋賀８８０う・３３３）,飲食店営業,2022/04/22,2022/04/26,2029/02/28,自動車による営業に限る申請のあった取扱品目に限る
115655-01,,ｔｗｏ　Ａ’ｓ,飲食店営業,2022/04/22,2022/05/06,2028/06/30,簡易な営業に限る
115656-01,,Ａｃｅ＆Ｋｉｎｇ（滋賀８３０に・１１３）,飲食店営業,2022/04/25,2022/04/27,2028/02/29,自動車による営業に限る
115657-01,,Ａｌｌｅｓ,飲食店営業,2022/04/25,2022/05/10,2028/06/30,
115659-11,,ｃｏｌｏｒｉｅ,菓子製造業,2022/04/25,2022/05/20,2028/10/31,申請のあった取扱品目の製造に限る
115661-01,,めるんパンナ（京都４８０ひ・５８６）,飲食店営業,2022/04/26,2022/04/28,2028/02/29,自動車による営業に限る
115662-01,,スナックバー　杏,飲食店営業,2022/04/26,2022/05/06,2028/06/30,
115665-01,,ＰＡＲＡＭＩ,飲食店営業,2022/04/28,2022/05/20,2028/10/31,
115665-11,,ＰＡＲＡＭＩ,菓子製造業,2022/04/28,2022/05/20,2028/10/31,申請のあった取扱品目の製造に限る
115667-01,,ｃａｆｅ　ＰＯＣＯ,飲食店営業,2022/05/02,2022/05/23,2028/10/31,
115671-01,株式会社ＡＬＣ,マクドナルドびわ湖阪本店,飲食店営業,2022/05/06,2022/05/16,2028/10/31,
115672-01,株式会社ＡＬＣ,マクドナルド柳が崎店,飲食店営業,2022/05/06,2022/05/16,2029/02/28,
115674-01,株式会社ＡＬＣ,マクドナルドびわ湖大橋店,飲食店営業,2022/05/06,2022/05/16,2029/10/31,
115675-01,,末廣,飲食店営業,2022/05/11,2022/06/06,2028/10/31,
115676-01,ハーベスト株式会社,おおぞらデイサービス,飲食店営業,2022/05/13,2022/06/06,2028/06/30,
115678-01,,ＭＯＵＮＴＡＩＮ,飲食店営業,2022/05/13,2022/06/08,2029/02/28,簡易な営業に限る
115680-01,,らー麺　村咲,飲食店営業,2022/05/16,2022/06/02,2028/06/30,
115681-01,,ふあみろく（京都４８３て・７１５）,飲食店営業,2022/05/17,2022/05/19,2028/02/29,自動車による営業に限る申請のあった取扱品目に限る
115683-01,,ｇｅｌａｔｏ ａｎｄ ｃｒｅｐｅ ｃｏｃｏｎｉ,飲食店営業,2022/05/19,2022/05/25,2030/02/28,
115689-01,,カラオケ　湖都里,飲食店営業,2022/05/19,2022/05/25,2029/02/28,
115694-01,有限会社藤野食肉食品センター,（有）藤野食肉食品センター（滋賀８３０さ２４５６）,飲食店営業,2022/05/20,2022/05/24,2029/02/28,自動車による営業に限る
115698-01,,おうちカフェわか,飲食店営業,2022/05/25,2022/06/01,2027/06/30,
115698-11,,おうちカフェわか,菓子製造業,2025/02/17,2025/02/26,2030/06/30,申請のあった取扱品目の製造に限る
115700-01,,ｃｉｏｃｃｏ,飲食店営業,2022/05/27,2022/06/15,2029/02/28,
115701-01,,カフェ・バルーン,飲食店営業,2022/05/31,2022/06/08,2028/06/30,
115702-01,,ＯＴＯＩＲＯ　ＫＩＴＣＨＥＮ（京都４８４ひ３９３９）,飲食店営業,2022/05/30,2022/06/01,2028/02/29,自動車による営業に限る
115703-01,株式会社１１５,しゅん,飲食店営業,2022/05/30,2022/06/08,2028/06/30,
115704-01,株式会社ブロンコビリー,ステーキハウス　ブロンコビリー　大津京店,飲食店営業,2022/05/30,2022/06/06,2030/02/28,
115705-01,,Ｈａｗａｉｉａｎ　Ｔｉｍｅ（なにわ４８０て４０６５）,飲食店営業,2022/05/31,2022/06/02,2028/02/29,自動車による営業に限る
115706-01,有限会社ジャンカラ枚方,ジャンカラ　石山駅直結店,飲食店営業,2022/05/31,2022/07/13,2030/06/30,
115707-01,,からあげ　ゆ～ゆ～,飲食店営業,2022/06/01,2022/06/17,2029/02/28,
115708-01,,喫茶　たんぽぽ,飲食店営業,2022/06/01,2022/06/08,2029/02/28,
115709-01,,ＣａｆｅＪｉｎｔａ,飲食店営業,2022/06/01,2022/06/13,2028/06/30,
115710-01,株式会社ＺＵＮＤ,ラー麺ずんどう屋　大津膳所店,飲食店営業,2022/06/01,2022/06/13,2028/06/30,
115716-01,有限会社松山中央給食,信楽川橋（ＰＣ上部工）工事事務所食堂,飲食店営業,2022/06/06,2022/07/04,2030/06/30,
115720-01,株式会社咲論,カフェ・咲論,飲食店営業,2022/06/10,2022/06/17,2028/06/30,
115721-01,株式会社ネオ・ライズＰＲＯ,京都ぽーく亭（京都８００せ７３５４）,飲食店営業,2022/06/10,2022/06/14,2028/02/29,自動車による営業に限る
115722-01,,Ｎｉｃｏ（滋賀１００せ３８８０）,飲食店営業,2022/06/13,2022/06/15,2029/02/28,自動車による営業に限る申請のあった取扱品目に限る
115724-01,株式会社湯元舘,別邸　あかい　ダイニング琵琶,飲食店営業,2022/06/13,2022/07/11,2029/10/31,
115725-01,株式会社ＮＯＧＩＫＵ,クラムスバナナ（大阪８３０た・８７７）,飲食店営業,2022/06/13,2022/06/15,2029/02/28,自動車による営業に限る
115727-01,アルピナＢＩ株式会社,ＧＲＩＬＬ・ＤＩＮＩＮＧ・ＢＡＲ　ＨＡＬＵＫＡ,飲食店営業,2022/06/14,2022/07/21,2028/10/31,
115728-01,,ＧＥＮ（滋賀８００す７３６１）,飲食店営業,2022/06/15,2022/06/17,2029/02/28,自動車による営業に限る
115729-01,,焼とり　花ひこ　石山店,飲食店営業,2022/06/15,2022/06/23,2028/06/30,
115730-01,,カクトン,飲食店営業,2022/06/16,2022/07/21,2029/06/30,
115731-01,株式会社スリーエム,ＡＦＵＭＩ　ＫＩＴＡＫＯＭＡＴＳＵ,飲食店営業,2022/06/17,2022/07/05,2029/10/31,
115734-01,,ＡＲＩＣＡ　ｆｅ,飲食店営業,2022/06/20,2022/07/06,2028/02/29,臨時的営業に限る申請のあった取扱品目に限る加熱調理食品の提供に限る簡単な調理加工行為に限る
115735-04,滋賀県漁業協同組合連合会,滋賀県南郷水産センター　マスつり場,魚介類販売業,2022/06/20,2022/06/29,2028/06/30,
115736-01,株式会社物語コーポレーション,焼肉きんぐ　大津堅田店,飲食店営業,2022/06/21,2022/07/05,2028/10/31,
115737-01,,ガーリックシュリンプカフェＭＡＩＫＯ,飲食店営業,2022/06/22,2022/06/29,2028/10/31,
115738-01,,マイコビーチパーキング,飲食店営業,2022/06/22,2022/06/29,2028/02/29,簡単な調理加工行為に限る臨時的営業に限る申請のあった取扱品目に限る加熱調理食品の提供に限る
115739-01,,ブロッコリー,飲食店営業,2022/06/24,2022/06/30,2028/02/29,
115740-01,,Ｏｈ！むすび（滋賀８８０え・・８８）,飲食店営業,2022/06/24,2022/06/28,2028/02/29,申請のあった取扱品目に限る自動車による営業に限る
115741-01,,パーンの笛,飲食店営業,2022/06/24,2022/07/11,2029/02/28,
115743-01,,ＢＡＩＨＵ,飲食店営業,2022/06/27,2022/07/05,2029/06/30,
115744-01,,キッチンカー　こまきち（滋賀４８０て７２７９）,飲食店営業,2022/06/27,2022/06/29,2028/02/29,自動車による営業に限る申請のあった取扱品目に限る簡易な調理に限る加熱調理食品の提供に限る
115747-01,,麺屋　やまひで　大津膳所店,飲食店営業,2022/06/29,2022/07/13,2029/02/28,
115749-01,,ｂａｌ ｂａｌ,飲食店営業,2022/07/01,2022/07/06,2028/10/31,
115750-01,有限会社たかぎ水産,魚屋寿司たかぎ瀬田川店,飲食店営業,2022/07/01,2022/07/21,2029/06/30,
115751-01,有限会社たかぎ水産,髙木鮮魚店堅田店,飲食店営業,2022/07/01,2022/07/21,2029/10/31,
115752-01,有限会社ヤマモト,あっぷるこ（滋賀８００す７２３４）,飲食店営業,2022/07/01,2022/07/05,2029/02/28,自動車による営業に限る
115753-01,,ＢｏｏＢｏｏ　Ｋｉｔｃｈｅｎ（京都８３０に１０２０）,飲食店営業,2022/07/05,2022/07/07,2028/02/29,自動車による営業に限る
115754-01,株式会社吉正,満天,飲食店営業,2022/07/05,2022/08/10,2029/06/30,
115754-03,株式会社吉正,満天,食肉販売業,2022/07/05,2022/08/10,2029/06/30,とさつ・解体は行わないこと
115755-01,株式会社ＥＧｐｌａｎ,ライフデリ　大津店,飲食店営業,2022/07/06,2022/07/12,2029/06/30,
115756-01,,モロッコサンドイッチ　ラクダのこぶ,飲食店営業,2022/07/11,2022/07/26,2029/02/28,
115756-11,,モロッコサンドイッチ　ラクダのこぶ,菓子製造業,2022/07/11,2022/07/26,2029/02/28,申請のあった取扱品目の製造に限る
115757-03,株式会社かね吉,かね吉　ショップ,食肉販売業,2022/07/11,2022/07/26,2029/02/28,とさつ・解体は行わないこと
115758-01,株式会社洗心寮,ＩＳＨＩＹＡＭＡＤＥＲＡ　ＣＡＦＥ,飲食店営業,2022/07/11,2022/07/27,2030/06/30,
115759-01,,Ｊａｙ’ｓ　Ｍｏｖｉｎｇ　デリ＆スイーツ　リトル・リトル（滋賀４８３て・８１６）,飲食店営業,2022/07/12,2022/07/14,2029/02/28,自動車による営業に限る申請のあった取扱品目に限る
115760-01,,石臼挽蕎麦　庵（京都８０１も・７７７）,飲食店営業,2022/07/12,2022/07/14,2029/02/28,自動車による営業に限る
115761-01,マリンフード株式会社,セブンズクレープ（滋賀８３０そ３５８８）,飲食店営業,2022/07/13,2022/07/15,2029/02/28,自動車による営業に限る
115762-01,株式会社零,唐橋　龍仙,飲食店営業,2022/07/13,2022/08/25,2029/06/30,
115762-04,株式会社零,唐橋　龍仙,魚介類販売業,2022/07/13,2022/08/25,2029/06/30,
115762-25,株式会社零,唐橋　龍仙,そうざい製造業,2022/07/13,2022/08/25,2029/06/30,申請のあった取扱品目の製造に限る
115765-01,株式会社センターロード,見聞録　浜大津店,飲食店営業,2022/07/14,2022/07/25,2029/02/28,
115766-01,株式会社ゼスト,比叡の杜,飲食店営業,2022/07/14,2022/07/25,2029/10/31,
115766-11,株式会社ゼスト,比叡の杜,菓子製造業,2022/07/14,2022/07/25,2029/10/31,申請のあった取扱品目の製造に限る
115766-25,株式会社ゼスト,比叡の杜,そうざい製造業,2022/07/14,2022/07/25,2029/10/31,申請のあった取扱品目の製造に限る
115766-27,株式会社ゼスト,比叡の杜,冷凍食品製造業,2022/07/14,2022/07/25,2029/10/31,申請のあった取扱品目の製造に限る
115766-29,株式会社ゼスト,比叡の杜,漬物製造業,2022/07/14,2022/07/25,2029/10/31,申請のあった取扱品目の製造に限る
115767-01,,松本食堂,飲食店営業,2022/07/15,2022/07/28,2029/02/28,
115771-01,株式会社丸亀製麺,株式会社丸亀製麺　大津瀬田店,飲食店営業,2022/07/20,2022/08/09,2029/06/30,
115772-01,,ふわこっぺ比叡山坂本店,飲食店営業,2022/07/20,2022/08/08,2028/10/31,
115772-11,,ふわこっぺ比叡山坂本店,菓子製造業,2022/07/20,2022/08/08,2028/10/31,申請のあった取扱品目の製造に限る
115773-01,株式会社エバーグレイズ,エバーグレイズビーチ,飲食店営業,2022/07/21,2022/08/01,2028/10/31,
115774-01,ＤＡＹＳ株式会社,札幌ピリカ,飲食店営業,2022/07/21,2022/07/25,2028/02/29,巡回移動営業に限る申請のあった営業場所に限る申請のあった取扱品目に限る加熱調理食品の提供に限る簡単な調理加工行為に限る
115775-01,株式会社ＧＬＯＢＡＬ　ＬＩＮＫ,ＣＯＣＯ　ｂｅａｎｓ,飲食店営業,2022/07/21,2022/08/03,2028/10/31,
115776-01,株式会社アイランド・ワーク,日向坂４６おひさまｃａｆｅ　滋賀Ｏｈ！Ｍｅ大津テラス店,飲食店営業,2022/07/22,2022/08/01,2029/02/28,
115777-01,株式会社永順,北京料理　好香,飲食店営業,2022/07/25,2022/08/02,2029/02/28,
115778-01,,キッチンカー　いも福亭　１号車（滋賀４００て２３３８）,飲食店営業,2022/07/25,2022/07/27,2028/02/29,自動車による営業に限る
115779-01,有限会社新近江別館,康雲,飲食店営業,2022/07/25,2022/08/03,2029/06/30,
115780-01,,八真道,飲食店営業,2022/07/27,2022/08/03,2029/02/28,
115782-01,,Ｔｏｔａｌ　Ｂｅａｕｔｙ　Ｓａｌｏｎ　Ｐｒｕｍｉｅｒ,飲食店営業,2024/11/01,2025/01/21,2031/02/28,
115782-11,,Ｔｏｔａｌ　Ｂｅａｕｔｙ　Ｓａｌｏｎ　Ｐｒｕｍｉｅｒ,菓子製造業,2024/11/01,2025/01/21,2031/02/28,申請のあった取扱品目の製造に限る
115785-01,,ＢＡＲ　ニコ,飲食店営業,2022/07/29,2022/08/09,2029/06/30,簡易な営業に限る
115786-01,,大杉茶屋,飲食店営業,2022/07/29,2022/08/08,2028/10/31,
115787-01,,おいしい珈琲が飲めるお店（滋賀８００る２００２）,飲食店営業,2022/08/01,2022/08/03,2028/02/29,自動車による営業に限る申請のあった取扱品目に限る簡易な調理に限る加熱調理食品の提供に限る
115788-01,,スワン荘,飲食店営業,2022/08/01,2022/08/05,2028/10/31,
115790-01,,彩～ｃｏｌｏｒ～（京都８３０さ７７１０）,飲食店営業,2022/08/04,2022/08/08,2029/02/28,自動車による営業に限る
115791-01,米田水産株式会社,エフ･マーケット瀬田大江店　鮮魚,飲食店営業,2022/08/05,2022/08/23,2029/06/30,
115791-04,米田水産株式会社,エフ･マーケット瀬田大江店　鮮魚,魚介類販売業,2022/08/05,2022/08/23,2029/06/30,
115792-01,,Ｃａｆｅ　Ｍａｎｉ,飲食店営業,2022/08/05,2022/08/17,2028/10/31,
115792-11,,Ｃａｆｅ　Ｍａｎｉ,菓子製造業,2022/08/05,2022/08/17,2028/10/31,申請のあった取扱品目の製造に限る
115793-01,,九州酒場　榮樂,飲食店営業,2022/08/05,2022/09/05,2029/02/28,
115795-01,,ｍａｒｓ,飲食店営業,2022/08/05,2022/08/17,2029/02/28,
115796-01,,ぼーる,飲食店営業,2022/08/05,2022/08/23,2029/02/28,
115797-01,株式会社スタッフプラス,スタッフプラス,飲食店営業,2022/08/08,2022/09/01,2028/02/29,簡単な調理加工行為に限る巡回移動営業に限る申請のあった営業場所に限る申請のあった取扱品目に限る加熱調理食品の提供に限る
115800-01,,ＥＺＹＣＡＦＥ（京都１０２る１０００）,飲食店営業,2022/08/09,2022/08/17,2029/02/28,自動車による営業に限る申請のあった取扱品目に限る
115801-01,,ｉｋｏｉ（滋賀４８４え１１１８）,飲食店営業,2022/08/12,2022/08/17,2029/02/28,自動車による営業に限る申請のあった取扱品目に限る
115802-03,株式会社丸富,肉の丸富　瀬田店,食肉販売業,2022/08/12,2022/08/23,2029/06/30,とさつ・解体は行わないこと
115803-01,,Ｌａｕｇｈｔａｌｅ,飲食店営業,2022/08/15,2022/08/23,2029/06/30,
115804-01,株式会社Ｆａｃｉｏ,エフ・マーケット瀬田大江店,飲食店営業,2022/08/17,2022/08/23,2029/06/30,
115806-01,タリーズコーヒージャパン株式会社,タリーズコーヒー滋賀医大病院店,飲食店営業,2022/08/18,2022/08/26,2029/06/30,
115807-01,,旬菜料理　アルモンデ,飲食店営業,2022/08/23,2022/09/07,2029/06/30,
115808-01,,Ｃａｆｅ　Ｃｈｅｒｉｓｈ（滋賀４８０て１６００）,飲食店営業,2022/08/25,2022/08/29,2029/02/28,自動車による営業に限る申請のあった取扱品目に限る
115810-01,,大や,飲食店営業,2022/08/26,2022/09/09,2029/02/28,
115811-01,株式会社ラクエドラゴン,カフェ　バグース,飲食店営業,2022/08/26,2022/09/05,2029/10/31,
115812-01,,ＴＡＫＥ　ＯＵＴ　ＫＩＴＣＨＥＮ　４２２　ＡＤＲＩＡ,飲食店営業,2022/08/29,2022/09/29,2029/06/30,
115814-01,,ｋｙｏｔｏ　ケバブ屋　ＭＯＴＯ－３（京都１００そ６１６３）,飲食店営業,2022/08/29,2022/08/31,2029/02/28,自動車による営業に限る
115815-01,,Ｃａｆｅ　Ｏｎｃｅ（滋賀４８３た８６８６）,飲食店営業,2022/08/31,2022/09/02,2029/02/28,自動車による営業に限る
115816-01,,ＢＯＡＴ　ＨＯＵＳＥ　Ｂｉｇ　Ｂａｎｇ,飲食店営業,2022/08/31,2022/09/06,2028/10/31,簡易な営業に限る
115817-01,株式会社ＮＥＸＴ　ＣＯＮＶＩＣＴＩＯＮ,ＮＥＸＴ　ＫＩＴＣＨＥＮ（京都８００そ２６９３）,飲食店営業,2022/09/05,2022/09/07,2029/02/28,自動車による営業に限る申請のあった取扱品目に限る
115818-01,,橙（京都４８０ふ１２７９）,飲食店営業,2022/09/06,2022/09/08,2029/02/28,自動車による営業に限る
115821-01,,Ｈｅａｒｔｂｅａｔ　ＬＯＵＮＧＥ,飲食店営業,2022/09/07,2022/09/29,2029/06/30,
115822-01,株式会社美十,京ばあむワゴン（京都８００そ２６１５）,飲食店営業,2022/09/07,2022/09/09,2029/02/28,自動車による営業に限る
115823-01,株式会社ＨＵＴＩ,輪,飲食店営業,2022/09/08,2022/09/15,2029/02/28,
115824-01,,Ｂｌｙｔｈｅ,飲食店営業,2022/09/08,2022/09/21,2029/02/28,簡易な営業に限る
115825-01,合同会社大善,中華そば　かむら,飲食店営業,2022/09/08,2022/09/20,2029/02/28,
115826-01,ベストアンサー株式会社,グランマ号（滋賀８００す７４３０）,飲食店営業,2022/09/09,2022/09/13,2029/02/28,自動車による営業に限る申請のあった取扱品目に限る簡易な調理に限る加熱調理食品の提供に限る
115827-01,,ＣＡＲＮＩＶＡＬ　ＬＯＣＫ,飲食店営業,2022/09/12,2022/09/14,2028/02/29,巡回移動営業に限る申請のあった営業場所に限る申請のあった取扱品目に限る加熱調理食品の提供に限る簡単な調理加工行為に限る
115828-01,,Ｄｒｉｎｋ　Ｃａｆｅ　Ａｎｄｙ（滋賀４８３か１８２５）,飲食店営業,2022/09/12,2022/09/14,2028/02/29,自動車による営業に限る申請のあった取扱品目に限る
115829-01,,ビストロキッチン井家（滋賀５８１ひ３０２８）,飲食店営業,2022/09/13,2022/09/15,2028/02/29,自動車による営業に限る申請のあった取扱品目に限る
115830-01,,酒と肴　食堂たま屋,飲食店営業,2022/09/14,2022/09/27,2029/06/30,
115832-01,,呑み処　有里,飲食店営業,2022/09/15,2022/09/21,2028/10/31,
115833-01,株式会社京彩宴,株式会社京彩宴　比叡山中・高学生食堂,飲食店営業,2022/09/15,2022/10/01,2029/10/31,
115833-11,株式会社京彩宴,株式会社京彩宴　比叡山中・高学生食堂,菓子製造業,2022/09/15,2022/10/01,2029/10/31,申請のあった取扱品目の製造に限る
115834-01,株式会社京彩宴,株式会社京彩宴　坂本山家寮,飲食店営業,2022/09/15,2022/10/01,2028/10/31,
115835-01,,ピッツェリア　イデンティタ,飲食店営業,2022/09/15,2022/09/28,2028/10/31,
115837-01,,鶏笑　大津南郷店,飲食店営業,2022/09/16,2022/10/03,2029/06/30,
115837-25,,鶏笑　大津南郷店,そうざい製造業,2022/09/16,2022/10/03,2029/06/30,申請のあった取扱品目の製造に限る
115838-01,合同会社キッカケッコ,キッカケッコ　膳所ときめき坂店,飲食店営業,2022/09/16,2022/09/27,2030/02/28,
115842-01,,ｇｕｎｎｉｉ,飲食店営業,2022/09/20,2022/09/26,2029/02/28,
115842-11,,ｇｕｎｎｉｉ,菓子製造業,2022/09/20,2022/09/26,2029/02/28,申請のあった取扱品目の製造に限る
115843-01,株式会社よつ葉ホームデリバリー京滋,よつ葉のおいしいもん,飲食店営業,2022/09/20,2022/09/22,2028/02/29,簡単な調理加工行為に限る巡回移動営業に限る申請のあった営業場所に限る申請のあった取扱品目に限る加熱調理食品の提供に限る
115844-01,株式会社Ｉｎｎｏｖａｔｉｏｎ　Ｐｌａｎｎｉｎｇ,麺や　鴨一,飲食店営業,2022/09/20,2022/09/28,2030/06/30,
115845-11,株式会社ドリーブ,Ｐａｉｎ　Ｐｒｕｎｅｌｌｅ,菓子製造業,2022/09/20,2022/10/19,2029/06/30,申請のあった取扱品目の製造に限る
115848-01,,花琵,飲食店営業,2022/09/21,2022/09/30,2029/02/28,
115849-01,,Ｄｏｊｉ,飲食店営業,2022/09/21,2022/10/21,2028/10/31,
115850-01,,ＨＯＬＯ　ＨＯＬＯ　ＫＩＴＣＨＥＮ（神戸８０６に・・・８）,飲食店営業,2022/09/21,2022/10/05,2029/02/28,自動車による営業に限る
115851-01,,ミニストップ大津大萱店,飲食店営業,2022/09/22,2022/10/03,2030/06/30,
115852-01,,Ｂａｒ　ＮＡＮＤＩ,飲食店営業,2022/09/22,2022/10/03,2029/02/28,
115853-01,株式会社松栄防水,焼肉ビボ,飲食店営業,2022/09/22,2022/10/12,2030/06/30,
115853-03,株式会社松栄防水,焼肉ビボ,食肉販売業,2022/09/22,2022/10/12,2030/06/30,とさつ・解体は行わないこと
115854-01,,鳥鳥　大津店,飲食店営業,2022/09/26,2022/11/14,2029/02/28,
115855-01,医療法人藤樹会,ぎんいろキッチン,飲食店営業,2022/09/26,2022/10/07,2029/02/28,
115855-11,医療法人藤樹会,ぎんいろキッチン,菓子製造業,2026/05/13,2026/06/19,2033/02/28,申請のあった取扱品目の製造に限る。
115858-01,株式会社デリス,ｓｗｅｅｔｓ　ｃａｆｅ　四季折々,飲食店営業,2022/09/28,2022/10/27,2029/06/30,
115858-11,株式会社デリス,ｓｗｅｅｔｓ　ｃａｆｅ　四季折々,菓子製造業,2022/09/28,2022/10/27,2029/06/30,申請のあった取扱品目の製造に限る
115859-01,株式会社ドミノ・ピザジャパン,ドミノ・ピザ大津堅田店,飲食店営業,2022/09/28,2022/10/06,2028/10/31,
115860-01,株式会社Ｆｒｏｎｔｌｉｎｅ,フロントライン（岡山８３０す８４５９）,飲食店営業,2022/09/29,2022/10/03,2029/02/28,自動車による営業に限る
115861-03,,民宿　山宗　（精肉部）,食肉販売業,2022/09/29,2022/10/07,2028/10/31,獣畜のとさつ・解体をしないこと
115862-01,,ｒｏｏｍ,飲食店営業,2022/09/30,2022/10/12,2029/06/30,簡易な営業に限る
115863-01,,ｃｏｌｏｒ’ｓ,飲食店営業,2022/10/03,2022/10/21,2029/02/28,
115873-01,,ｉｍｏａｎ　ｃａｆｅ　４１（滋賀４８３ち・・４１）,飲食店営業,2022/10/04,2022/10/06,2029/02/28,自動車による営業に限る申請のあった取扱品目に限る
115879-01,,Ｍ．Ｍ．Ｐ（和泉８００す８４６３）,飲食店営業,2022/10/04,2022/10/06,2028/02/29,自動車による営業に限る申請のあった取扱品目に限る
115881-01,,みんなの広場　敦賀屋,飲食店営業,2022/10/05,2022/10/18,2029/02/28,
115884-01,,ＫＵＲＯＮＯＬＵＣＫ,飲食店営業,2022/10/06,2022/10/14,2028/10/31,
115884-11,,ＫＵＲＯＮＯＬＵＣＫ,菓子製造業,2022/10/06,2022/10/14,2028/10/31,申請のあった取扱品目の製造に限る
115885-11,,Ｕｌｙｓｓｅｓ．Ｇａｒｄｅｎ（ユリシス．ガーデン）,菓子製造業,2022/10/06,2022/10/21,2029/06/30,申請のあった取扱品目の製造に限る
115886-01,株式会社ＦＵＳＥ　ｆｉｅｌｄ,ＦＵＳＥ,飲食店営業,2022/10/07,2022/12/02,2029/02/28,
115886-11,株式会社ＦＵＳＥ　ｆｉｅｌｄ,ＦＵＳＥ,菓子製造業,2022/10/07,2022/12/02,2029/02/28,申請のあった取扱品目の製造に限る
115887-01,株式会社エスワイフード,世界の山ちゃん　３号車（名古屋８００ぬ８８４８）,飲食店営業,2022/10/07,2022/10/12,2029/02/28,自動車による営業に限る申請のあった取扱品目に限る
115888-01,,ローゼン,飲食店営業,2022/10/11,2022/11/15,2029/06/30,
115891-01,,Ｈａｐｐｙ　Ｊａｍ,飲食店営業,2022/10/11,2022/10/25,2029/02/28,
115892-01,,Ｌｏｕｎｇｅ　ＣＨＩＣＫ,飲食店営業,2022/10/13,2022/10/18,2029/02/28,
115893-01,,ＴＡＫＥＹＡＮ　ＣＡＦＥ（京都４８０つ３１８４）,飲食店営業,2022/10/14,2022/10/18,2028/02/29,自動車による営業に限る申請のあった取扱品目に限る
115894-01,,ＰＯＰコーポレーション（滋賀８００さ９６２１）,飲食店営業,2022/10/17,2022/10/19,2029/02/28,自動車による営業に限る申請のあった取扱品目に限る
115895-01,,せせり串まる　大津店,飲食店営業,2022/10/17,2022/11/01,2029/02/28,
115896-01,,Ｌｉｂｅｒｔｙ　Ｗｉｎ,飲食店営業,2022/10/18,2022/10/26,2029/02/28,簡易な営業に限る
115899-01,ＫａｎＯｎ　Ｓｗｅｅｔｓ株式会社,ＣａＦｅ　ＫａｎＯｎ,飲食店営業,2022/10/20,2022/11/21,2029/02/28,簡易な営業に限る
115900-01,,Ｌｏｕｎｇｅ　月の奇跡,飲食店営業,2022/10/20,2022/11/02,2029/06/30,
115901-11,,菓子工房　ｎ,菓子製造業,2022/10/21,2022/10/27,2028/10/31,申請のあった取扱品目の製造に限る
115902-01,,喜久屋（京都４８０と８８７５）,飲食店営業,2022/10/21,2022/10/25,2028/02/29,自動車による営業に限る申請のあった取扱品目に限る
115903-01,,アリーキッチン（和泉１００せ５００８）,飲食店営業,2022/10/26,2022/10/28,2029/02/28,自動車による営業に限る
115904-01,,ふぁみろく（京都１３０つ・７１５）,飲食店営業,2022/10/26,2022/10/28,2028/02/29,自動車による営業に限る
115906-01,,ゆうあん,飲食店営業,2022/10/26,2022/11/07,2029/02/28,
115906-11,,ゆうあん,菓子製造業,2022/10/26,2022/11/07,2029/02/28,申請のあった取扱品目の製造に限る
115907-01,,Ｋ’ｓ　Ｋｉｔｃｈｅｎ．ｃｏｍ（大阪８００そ６２５９）,飲食店営業,2022/10/27,2022/10/31,2029/02/28,自動車による営業に限る
115910-01,株式会社やまもと笑店,近江牛酒場　熱男　瀬田店,飲食店営業,2022/10/31,2022/11/07,2029/06/30,
115913-01,,スイーツラボ　アンヌプリ,飲食店営業,2022/11/01,2022/11/04,2028/02/29,巡回移動営業に限る申請のあった営業場所に限る申請のあった取扱品目に限る加熱調理食品の提供に限る簡単な調理加工行為に限る
115916-01,,ｍｅｎｕ　ｄｉ　ｏｇｇｉ？,飲食店営業,2022/11/02,2022/11/17,2029/02/28,
115917-01,株式会社プライムサンズ,ＡＲＫ　ＣＯＦＦＥＥ（滋賀４８３う８７５５）,飲食店営業,2022/11/02,2022/11/07,2029/02/28,自動車による営業に限る申請のあった取扱品目に限る
115918-01,,イチゴハウスフルーミング（滋賀４８０て６０２０）,飲食店営業,2022/11/04,2022/11/08,2028/02/29,自動車による営業に限る
115920-01,,ＢＥＮＴＯ＆ＳＯＵＺＡＩ　つめるコメル,飲食店営業,2022/11/04,2022/11/24,2029/10/31,
115921-01,,セブン－イレブン　大津木下町店,飲食店営業,2022/11/04,2022/11/24,2030/06/30,
115922-01,,ｎａｍｕ／ｎａｍｕ（滋賀４００て・９２７）,飲食店営業,2022/11/07,2022/11/09,2028/02/29,自動車による営業に限る
115923-01,合同会社福龍,中華料理　吉勝,飲食店営業,2022/11/07,2022/11/15,2029/10/31,
115925-01,,音楽酒場　もう愛はトゥモロウへ,飲食店営業,2022/11/09,2022/11/16,2029/02/28,
115926-01,株式会社メルカート,メルカート（岐阜８００せ９０７１）,飲食店営業,2022/11/09,2022/11/11,2029/02/28,自動車による営業に限る
115927-01,,中華茶房　富冨,飲食店営業,2022/11/09,2022/11/14,2029/06/30,
115932-01,,台湾茶坊　東方美人,飲食店営業,2022/11/14,2022/11/25,2029/02/28,
115935-01,,ローソン大津本堅田四丁目店,飲食店営業,2022/11/16,2022/11/25,2030/10/31,
115939-01,株式会社Ｗ．Ｆ,ザモンドクラブ,飲食店営業,2022/11/22,2022/12/02,2029/06/30,
115940-01,,おうちカフェ,飲食店営業,2022/11/22,2022/11/25,2028/02/29,巡回移動営業に限る申請のあった営業場所に限る申請のあった取扱品目に限る加熱調理食品の提供に限る簡単な調理加工行為に限る
115941-01,株式会社塩梅,特別養護老人ホーム　松の浦湯治の郷,飲食店営業,2022/11/24,2022/11/29,2030/10/31,
115942-01,,ネクストジェネレーション（鈴鹿１００さ２１３３）,飲食店営業,2022/11/25,2022/11/29,2029/02/28,自動車による営業に限る申請のあった取扱品目に限る
115943-01,株式会社フリオ,ＥＮ,飲食店営業,2022/11/25,2022/12/07,2028/02/29,臨時的営業に限る申請のあった取扱品目に限る加熱調理食品の提供に限る
115945-11,,Ｆｅｌｉｃｉｔｅ,菓子製造業,2022/11/28,2022/12/21,2029/02/28,申請のあった取扱品目の製造に限る
115946-01,,Ｈａｍａ,飲食店営業,2022/11/29,2022/12/19,2030/10/31,
115947-01,株式会社Ｆａｃｉｏ,エフ・マーケット瀬田大江店　鮮魚,飲食店営業,2022/11/29,2022/12/07,2029/06/30,
115947-04,株式会社Ｆａｃｉｏ,エフ・マーケット瀬田大江店　鮮魚,魚介類販売業,2022/11/29,2022/12/07,2029/06/30,
115951-01,株式会社カーメルカンパニー,カーメルビーチクラブ,飲食店営業,2022/12/02,2022/12/12,2029/10/31,簡易な営業に限る
115952-01,,ＰＡＲＡＤＩＳＥ,飲食店営業,2022/12/02,2022/12/09,2029/02/28,
115953-01,,ローソン大津打出浜店,飲食店営業,2022/12/05,2022/12/07,2029/02/28,
115954-01,,多国籍鉄板屋台　ＭＯＮＫＡＺＩ（滋賀１００す４３９２）,飲食店営業,2022/12/05,2022/12/07,2028/02/29,自動車による営業に限る申請のあった取扱品目に限る
115956-01,,ミケとマメ,飲食店営業,2022/12/05,2022/12/12,2029/10/31,
115958-01,株式会社ＮＯＷＬＩＶＥ,エールカステラ,飲食店営業,2022/12/06,2022/12/08,2028/02/29,巡回移動営業に限る申請のあった営業場所に限る申請のあった取扱品目に限る加熱調理食品の提供に限る簡単な調理加工行為に限る
115959-01,株式会社近江庭園,近江綴園,飲食店営業,2022/12/07,2022/12/26,2029/10/31,簡易な営業に限る
115960-01,株式会社橋本商会,ＭＹキッチンカー（京都８００わ１６８４）,飲食店営業,2022/12/08,2022/12/12,2029/02/28,自動車による営業に限る
115961-01,,Ｃａｍｐａｎｅｌｌａ,飲食店営業,2022/12/09,2023/01/10,2029/02/28,
115964-01,株式会社ＨＡＣＣＯ,８５ｃａｆｅ,飲食店営業,2022/12/12,2022/12/20,2029/10/31,
115965-01,,すしとさけ　手水や,飲食店営業,2022/12/12,2022/12/22,2029/02/28,
115966-04,滋賀県漁業協同組合連合会,堅田加工場,魚介類販売業,2022/12/12,2022/12/20,2030/10/31,
115966-27,滋賀県漁業協同組合連合会,堅田加工場,冷凍食品製造業,2022/12/12,2022/12/20,2030/10/31,申請のあった取扱品目の製造に限る
115967-01,,ＢＡＲ　ＴＡＲＺＡＮ,飲食店営業,2022/12/13,2022/12/26,2029/06/30,簡易な営業に限る
115968-01,,ＢＡＳＥ,飲食店営業,2022/12/14,2022/12/16,2028/02/29,簡単な調理加工行為に限る巡回移動営業に限る申請のあった営業場所に限る申請のあった取扱品目に限る加熱調理食品の提供に限る
115969-01,,蜻蛉ｃａｆｅ,飲食店営業,2022/12/15,2022/12/27,2029/10/31,
115969-11,,蜻蛉ｃａｆｅ,菓子製造業,2022/12/15,2022/12/27,2029/10/31,申請のあった取扱品目の製造に限る
115970-01,有限会社山川水産,Ｄ－ＲＩＳＥ,飲食店営業,2022/12/15,2022/12/19,2028/02/29,巡回移動営業に限る申請のあった営業場所に限る申請のあった取扱品目に限る加熱調理食品の提供に限る簡単な調理加工行為に限る
115971-01,松原遊船有限会社,ＭＡＴＳＵＢＡＲＡ　ＣＯＦＦＥＥ,飲食店営業,2022/12/15,2022/12/27,2029/02/28,
115972-11,松原遊船有限会社,ＭＡＴＳＵＢＡＲＡ　ＣＯＦＦＥＥ,菓子製造業,2022/12/15,2022/12/27,2029/02/28,申請のあった取扱品目の製造に限る
115974-01,Ｆａｍｏｕｓ１・ＪＰ株式会社,ＣＲＥＭＡ（京都８００そ２８３０）,飲食店営業,2022/12/20,2022/12/22,2029/02/28,自動車による営業に限る
115975-09,株式会社大聖,Ｏｏｔｏｍｏ　Ｊｉｂｉｅ　Ｆａｃｔｏｒｙ,食肉処理業,2022/12/20,2023/01/04,2029/02/28,
115978-01,大谷園茶舗株式会社,大谷園茶舗（京都８００そ２９７７）,飲食店営業,2022/12/22,2022/12/26,2029/02/28,自動車による営業に限る申請のあった取扱品目に限る
115983-01,,ｍｏｓｈ．,飲食店営業,2023/01/05,2023/01/18,2029/06/30,
115988-01,,韓国ダイニング　から咲,飲食店営業,2023/01/11,2023/01/16,2029/02/28,
115992-01,,ファミリーマート大津雄琴駅前店,飲食店営業,2023/01/12,2023/01/24,2030/10/31,
115993-01,株式会社グルーピア,キッチンカーｓｕｚｕｃａｆｅ（千葉４８３せ１００４）,飲食店営業,2023/01/13,2023/01/17,2028/02/29,自動車による営業に限る申請のあった取扱品目に限る
115994-01,株式会社ＤＡＩＳＹＯＵ,株式会社ＤＡＩＳＹＯＵ,飲食店営業,2023/01/16,2023/01/18,2028/02/29,巡回移動営業に限る申請のあった営業場所に限る申請のあった取扱品目に限る加熱調理食品の提供に限る簡単な調理加工行為に限る
115995-01,,Ｒｉｓａ,飲食店営業,2023/01/16,2023/01/24,2029/06/30,簡易な営業に限る
115996-01,一冨士フードサービス株式会社,２３７８－１　事業所,飲食店営業,2023/01/16,2023/01/19,2029/10/31,
115997-01,株式会社Ｆａｉｎａ,Ｆａｉｎａ００２（滋賀８００す７６４５）,飲食店営業,2023/01/19,2023/01/23,2029/02/28,自動車による営業に限る申請のあった取扱品目に限る
115998-01,,Ｔ’ｓ　Ｋｉｔｃｈｅｎ（滋賀８３０は・・３２）,飲食店営業,2023/01/19,2023/01/23,2029/02/28,自動車による営業に限る申請のあった取扱品目に限る
115999-01,,碧洋,飲食店営業,2023/01/24,2023/02/17,2029/06/30,
116000-01,株式会社Ｌｉｆｅ　ｓｔｙｌｅコロコロ,コロコロイートイン＆デリバリー,飲食店営業,2023/01/24,2023/02/01,2029/02/28,
116001-01,,京太郎,飲食店営業,2023/01/25,2023/02/02,2029/02/28,
116003-01,,オイコーヒー,飲食店営業,2023/01/27,2023/02/01,2029/02/28,
116004-01,株式会社西武・プリンスホテルズワールドワイド,スカイラウンジ　トップオブオオツ　バー,飲食店営業,2023/01/30,2023/02/07,2030/02/28,
116006-01,,魚治商店,飲食店営業,2023/01/31,2023/02/08,2028/10/31,
116007-01,,コバヤシ　キッチン,飲食店営業,2023/01/31,2023/02/17,2029/06/30,
116008-01,,セブン－イレブン大津伊香立公園前店,飲食店営業,2023/02/02,2023/02/08,2030/10/31,
116010-11,,ＫＡＭＥＹＡＰＡＮ,菓子製造業,2023/02/02,2023/02/15,2029/10/31,申請のあった取扱品目の製造に限る
116011-01,,ラウンジエース,飲食店営業,2023/02/02,2023/02/20,2029/02/28,
116015-01,,ＳＷＥＥＴＳ　ＨＯＵＳＥ　Ｌａｋｉｍｅ,飲食店営業,2023/02/08,2023/03/03,2029/06/30,
116015-11,,ＳＷＥＥＴＳ　ＨＯＵＳＥ　Ｌａｋｉｍｅ,菓子製造業,2023/02/08,2023/03/03,2029/06/30,申請のあった取扱品目の製造に限る
116017-01,株式会社ＬＥＯＣ,株式会社　叶匠寿庵　社員食堂,飲食店営業,2023/02/09,2023/03/29,2029/06/30,
116018-03,,川梅,食肉販売業,2023/02/10,2023/02/14,2029/02/28,とさつ・解体は行わないこと
116018-04,,川梅,魚介類販売業,2023/02/10,2023/02/14,2029/02/28,
116019-01,,母のひとあじ,飲食店営業,2023/02/13,2023/02/21,2029/02/28,
116020-02,株式会社アペックス西日本,日本精工株式会社　大津工場　５Ｇ休憩所（ＣＣＢＪＩ）,調理の機能を有する自動販売機により食品を調理し、調理された食品を販売する営業,2023/02/13,2023/02/17,2028/02/29,設置台数は１台に限る
116021-01,,セブン－イレブン　大津おごとマリーナ店,飲食店営業,2023/02/13,2023/02/21,2029/10/31,
116022-11,株式会社ビーエスシー・インターナショナル,Ｋ　ＣＲＡＦＴ,菓子製造業,2023/02/14,2023/02/21,2029/10/31,申請のあった取扱品目の製造に限る
116023-01,,夢屋台（福岡１００た１２３６）,飲食店営業,2023/02/16,2023/02/20,2028/02/29,自動車による営業に限る申請のあった取扱品目に限る
116024-01,,媽媽菜館六花（京都８００そ３１２８）,飲食店営業,2023/02/16,2023/02/20,2029/02/28,自動車による営業に限る申請のあった取扱品目に限る
116026-01,,Ｅｄｅｎ,飲食店営業,2023/02/16,2023/03/03,2030/02/28,
116027-01,,ｃａｆｅ　和をむ,飲食店営業,2023/02/16,2023/03/01,2029/10/31,
116029-01,,京のＫＩＴＣＨＥＮ（京都８３０て・・８９）,飲食店営業,2023/02/20,2023/02/22,2028/02/29,自動車による営業に限る申請のあった取扱品目に限る
116031-01,,たでくうむし珈琲店,飲食店営業,2023/02/20,2023/02/22,2028/02/29,巡回移動営業に限る申請のあった営業場所に限る申請のあった取扱品目に限る加熱調理食品の提供に限る簡単な調理加工行為に限る
116032-01,株式会社ＬＩＦＩＸ,Ｌｏｕｎｇｅ　ｖｉｖｉ,飲食店営業,2023/02/20,2023/03/01,2029/06/30,
116033-01,株式会社ＬＩＦＩＸ,ＡＳＯＢＩＢＡＲ　ＯＮ,飲食店営業,2023/02/20,2023/03/01,2029/06/30,簡易な営業に限る
116035-01,合同会社すきま産業,かすてら　京一華（大阪８３１て６６６６）,飲食店営業,2023/02/24,2023/02/28,2028/02/29,自動車による営業に限る申請のあった取扱品目に限る
116037-01,,キッチンカー　味杏食堂（滋賀８３０さ１１５８）,飲食店営業,2023/02/27,2023/03/01,2029/02/28,自動車による営業に限る
116038-01,株式会社モスストアカンパニー,モスバーガーフォレオ大津一里山店,飲食店営業,2023/02/28,2023/05/01,2030/06/30,
116039-01,株式会社ＴＡＫＫ,ドミノ・ピザ大津松山店,飲食店営業,2023/02/28,2023/03/28,2030/02/28,
116040-11,,みうらのお菓子,菓子製造業,2023/03/01,2023/03/14,2028/10/31,申請のあった取扱品目の製造に限る
116041-01,有限会社くるまや工場,梨村,飲食店営業,2023/03/01,2023/03/09,2029/06/30,
116042-11,,ラメリストア,菓子製造業,2023/03/01,2023/03/08,2029/10/31,申請のあった取扱品目の製造に限る
116046-01,,Ｌｉｂｅｒｏ,飲食店営業,2023/03/02,2023/03/22,2030/02/28,
116047-03,,らんぷ亭セントラルキッチン,食肉販売業,2023/03/03,2023/03/23,2028/06/30,とさつ・解体は行わないこと
116048-01,株式会社ロワゾブリュ,ロワゾブリュ（奈良１００せ３４２７）,飲食店営業,2023/03/06,2023/03/08,2030/02/28,自動車による営業に限る
116049-01,,Ｂａｒ　Ｅｓｐｒｅｓｓａ,飲食店営業,2023/03/06,2023/03/13,2030/02/28,
116051-01,一般財団法人防衛弘済会,大津駐屯地食堂,飲食店営業,2023/03/07,2023/03/15,2030/02/28,
116052-01,株式会社ダブルアール,Ｔ’ｓ　ｃａｆｅ　Ｋｙｏｔｏ（京都８３１ね・・１８）,飲食店営業,2023/03/07,2023/03/09,2030/02/28,自動車による営業に限る
116053-11,,ケロ,菓子製造業,2023/03/07,2023/03/28,2029/10/31,申請のあった取扱品目の製造に限る
116055-01,,カラオケ喫茶　ジャンカジャンガ,飲食店営業,2023/03/08,2023/03/22,2029/10/31,
116059-25,Ｒｕｓｔｏ株式会社,葛川工場,そうざい製造業,2023/03/08,2023/05/17,2029/10/31,申請のあった取扱品目の製造に限る
116060-01,,ふぁいやん（滋賀４８０り８８３２）,飲食店営業,2023/03/09,2023/03/13,2029/02/28,自動車による営業に限る申請のあった取扱品目に限る簡易な調理に限る加熱調理食品の提供に限る
116061-01,,Ｐａｔｉｓｓｅｒｉｅ　Ｙｏｕｐｉ　Ｙｏｕｐｉ,飲食店営業,2023/03/10,2023/03/23,2029/06/30,
116061-11,,Ｐａｔｉｓｓｅｒｉｅ　Ｙｏｕｐｉ　Ｙｏｕｐｉ,菓子製造業,2023/03/10,2023/03/23,2029/06/30,申請のあった取扱品目の製造に限る
116062-01,株式会社ＧＯＨＡＮ,住宅型有料老人ホームぐらんしーる近江神宮北,飲食店営業,2023/03/10,2023/03/23,2031/02/28,
116063-01,,焼肉　夕鶴　膳所店,飲食店営業,2023/03/15,2023/03/23,2030/02/28,
116063-03,,焼肉　夕鶴　膳所店,食肉販売業,2023/03/15,2023/03/23,2030/02/28,とさつ・解体は行わないこと
116064-01,,ＲＯＳＥＳ　ＴＯＷＮ,飲食店営業,2023/03/15,2023/03/22,2029/10/31,
116065-01,株式会社Ｒａｉｎ　Ｔｈｅｎ　Ｓｕｎｎｙ,Ｔａｃｏｍａ食品,飲食店営業,2023/03/15,2023/03/17,2029/02/28,簡単な調理加工行為に限る巡回移動営業に限る申請のあった営業場所に限る申請のあった取扱品目に限る加熱調理食品の提供に限る
116066-01,株式会社Ｒａｉｎ　Ｔｈｅｎ　Ｓｕｎｎｙ,Ｔａｃｏｍａ食品（京都１００そ２１５４）,飲食店営業,2023/03/15,2023/03/17,2029/02/28,自動車による営業に限る
116067-25,,文楽,そうざい製造業,2023/03/16,2023/03/30,2028/10/31,申請のあった取扱品目の製造に限る
116068-11,,パン処　ポコポコ,菓子製造業,2023/03/16,2023/03/28,2029/10/31,申請のあった取扱品目の製造に限る
116069-01,,いまめだ,飲食店営業,2023/03/17,2023/03/31,2030/02/28,
116069-11,,いまめだ,菓子製造業,2024/04/10,2024/04/24,2031/02/28,申請のあった取扱品目の製造に限る
116070-01,,ＲＵＤＥ　ＢＵＲＧＥＲ　ＣＬＵＢ（京都８００そ２３４７）,飲食店営業,2023/03/20,2023/03/23,2029/02/28,自動車による営業に限る
116071-01,一冨士フードサービス株式会社,４９３０６事業所,飲食店営業,2023/03/20,2023/04/05,2030/10/31,
116072-01,,チェッ！チェッ！チェッ！（滋賀１００せ４４７８）,飲食店営業,2023/03/22,2023/03/24,2029/02/28,自動車による営業に限る申請のあった取扱品目に限る
116073-01,,ＨＯＰＥＡＧＯ（滋賀１００せ４４８５）,飲食店営業,2023/03/22,2023/03/24,2029/02/28,自動車による営業に限る
116074-01,株式会社Ｍ＆Ｍ,カフェ　フィガロ,飲食店営業,2023/03/22,2023/03/29,2030/06/30,
116076-01,グリーンホスピタリティフードサービス株式会社,０Ｈ３７３９滋賀,飲食店営業,2023/03/24,2023/04/03,2029/06/30,
116077-01,,ＲＵＩ食堂（滋賀８００す７８２１）,飲食店営業,2023/03/24,2023/03/28,2030/02/28,自動車による営業に限る
116078-01,あたかサービス有限会社,あたか飯店　浜大津店,飲食店営業,2023/03/27,2023/04/04,2030/02/28,
116080-01,,アイミエール,飲食店営業,2023/03/27,2023/04/14,2029/06/30,
116082-01,株式会社グリーンヘルスケアサービス,０Ｈ３６７８滋賀,飲食店営業,2023/03/29,2023/04/07,2030/06/30,
116083-01,株式会社グリーンヘルスケアサービス,０Ｈ２８５８滋賀,飲食店営業,2023/03/29,2023/04/07,2030/06/30,
116084-01,株式会社グリーンヘルスケアサービス,０Ｈ２４０７滋賀,飲食店営業,2023/03/29,2023/04/14,2030/06/30,
116085-01,,ｂｏｃｈｉ　ｂｏｃｈｉ,飲食店営業,2023/03/29,2023/04/06,2030/02/28,
116086-01,株式会社ＬＤＫプロジェクト,ＩＺＡ近江舞子,飲食店営業,2023/03/30,2023/04/06,2029/10/31,
116086-03,株式会社ＬＤＫプロジェクト,ＩＺＡ近江舞子,食肉販売業,2023/03/30,2023/04/06,2029/10/31,とさつ・解体は行わないこと
116087-01,,鈴,飲食店営業,2023/03/30,2023/04/07,2030/02/28,
116090-01,,Ｎｅｗ　Ｙｏｒｋ　Ｋｉｔｃｈｅｎ　Ｔａｚｚ（京都８００そ２６９８）,飲食店営業,2023/04/06,2023/04/10,2029/02/28,自動車による営業に限る
116092-01,,５ｐｏｃｋｅｔ（滋賀４００つ７４０５）,飲食店営業,2023/04/07,2023/04/11,2029/02/28,自動車による営業に限る申請のあった取扱品目に限る簡易な調理に限る加熱調理食品の提供に限る
116093-01,,紗,飲食店営業,2023/04/10,2023/04/18,2030/02/28,
116094-01,株式会社ｏｋｕｎａｇａ,億大福（滋賀４００て３９９２）,飲食店営業,2023/04/10,2023/04/12,2029/02/28,自動車による営業に限る
116095-01,特定非営利活動法人琵琶湖ローイングＣＬＵＢ,Ｌａ　ＣＯＳＳＯ,飲食店営業,2023/04/10,2023/04/25,2030/06/30,
116097-01,,政八,飲食店営業,2024/03/22,2024/03/26,2030/06/30,
116097-25,,政八,そうざい製造業,2024/03/22,2024/03/26,2030/06/30,申請のあった取扱品目の製造に限る
116098-01,株式会社ビーエスシー・インターナショナル,ＢＳＣウォータースポーツセンター（滋賀８００す７８６５）,飲食店営業,2023/04/11,2023/04/13,2030/02/28,自動車による営業に限る
116099-11,,ＹＯＲＩＫＯ,菓子製造業,2023/04/11,2023/04/17,2029/10/31,申請のあった取扱品目の製造に限る
116100-01,,ＨＡＮＡＢＩ,飲食店営業,2023/04/11,2023/04/28,2030/02/28,
116101-01,,リレーションフーズ（和洋スイーツ工房　あん）,飲食店営業,2023/04/12,2023/04/14,2029/02/28,簡単な調理加工行為に限る巡回移動営業に限る申請のあった営業場所に限る申請のあった取扱品目に限る加熱調理食品の提供に限る
116108-01,,北比良焙煎所,飲食店営業,2024/05/09,2024/05/23,2029/10/31,
116111-01,,カルボ（滋賀４８０と４６７２）,飲食店営業,2023/04/14,2023/04/18,2029/02/28,自動車による営業に限る申請のあった取扱品目に限る
116112-01,,カレチヤンチ,飲食店営業,2023/04/17,2023/04/25,2029/10/31,
116113-01,,ニューカフェタイム,飲食店営業,2023/04/17,2023/05/01,2030/02/28,
116114-01,,キッパーズケルシュ大津店,飲食店営業,2023/04/17,2023/05/02,2030/02/28,
116115-01,,ＡＲＩＣＡ　ｆｅ（滋賀１２９９大津）,飲食店営業,2023/04/18,2023/04/20,2029/02/28,自動車による営業に限る申請のあった取扱品目に限る
116116-01,,ＲＹＵＧＥ　ＢＡＳＥ,飲食店営業,2023/04/19,2023/05/08,2029/10/31,
116117-01,,猪ゲルゲ,飲食店営業,2023/04/19,2023/05/01,2029/06/30,
116118-01,,マテロー（滋賀４００て３５４５）,飲食店営業,2023/04/20,2023/04/24,2029/02/28,自動車による営業に限る
116119-01,,Ｔｈｅｋｅ,飲食店営業,2023/04/20,2023/04/27,2030/02/28,
116120-01,,たこよし（京都４８０ふ５８８８）,飲食店営業,2023/04/20,2023/04/24,2029/02/28,自動車による営業に限る申請のあった取扱品目に限る簡易な調理に限る加熱調理食品の提供に限る
116121-01,,ＢＡＲ　ＪＵＮＫ,飲食店営業,2023/04/21,2023/04/26,2030/02/28,
116122-01,,飲みどころ　しゅん,飲食店営業,2023/04/21,2023/04/26,2030/02/28,簡易な営業に限る
116123-01,,Ｇ・Ｂｅａｕｔｙ　Ｆｉｔｎｅｓｓ,飲食店営業,2023/04/24,2023/05/02,2029/10/31,簡易な営業に限る
116124-01,,ひよどりｃａｆｅ,飲食店営業,2023/04/24,2023/05/02,2030/02/28,
116126-01,,唐印屋,飲食店営業,2023/04/25,2023/04/28,2031/02/28,
116128-01,,湖の家,飲食店営業,2023/04/27,2023/05/15,2029/06/30,
116128-03,,湖の家,食肉販売業,2023/04/27,2023/05/15,2029/06/30,とさつ・解体は行わないこと
116128-16,,湖の家,水産製品製造業,2023/04/27,2023/05/15,2029/06/30,申請のあった取扱品目の製造に限る
116128-25,,湖の家,そうざい製造業,2023/04/27,2023/05/15,2029/06/30,申請のあった取扱品目の製造に限る
116129-01,有限会社こんぺいとう,有限会社こんぺいとう　唐橋くじら小規模保育園,飲食店営業,2023/04/28,2023/05/11,2029/06/30,
116130-01,有限会社こんぺいとう,有限会社こんぺいとう　堅田くじら保育園,飲食店営業,2023/04/28,2023/05/11,2031/10/31,
116130-11,有限会社こんぺいとう,有限会社こんぺいとう　堅田くじら保育園,菓子製造業,2023/04/28,2023/05/11,2031/10/31,申請のあった取扱品目の製造に限る
116132-01,株式会社物語コーポレーション,焼肉きんぐ大津膳所店,飲食店営業,2023/05/08,2023/05/31,2030/02/28,
116133-04,,琵琶湖漁師・ラボ　うえの,魚介類販売業,2023/05/08,2023/05/18,2029/06/30,
116133-16,,琵琶湖漁師・ラボ　うえの,水産製品製造業,2023/05/08,2023/05/18,2029/06/30,申請のあった取扱品目の製造に限る
116134-01,,Ｌｏｕｎｇｅ　華　－ｈａｎａ－,飲食店営業,2023/05/09,2023/05/17,2029/10/31,
116135-01,,ビワコスタ（滋賀４８３い７１２５）,飲食店営業,2023/05/09,2023/05/11,2029/02/28,自動車による営業に限る
116136-01,,好運来（中華物産）,飲食店営業,2023/05/09,2023/05/16,2029/10/31,
116136-03,,好運来（中華物産）,食肉販売業,2023/05/09,2023/05/16,2029/10/31,とさつ・解体は行わないこと
116136-04,,好運来（中華物産）,魚介類販売業,2023/05/09,2023/05/16,2029/10/31,
116136-11,,好運来（中華物産）,菓子製造業,2023/05/09,2023/05/16,2029/10/31,申請のあった取扱品目の製造に限る
116137-01,,コロラドコーヒー　大津駅前店,飲食店営業,2023/05/10,2023/05/18,2030/02/28,
116140-01,,カラオケハウス　ＲＡＢＢＩＴ,飲食店営業,2023/05/10,2023/05/24,2030/02/28,簡易な営業に限る
116141-01,しがクロス株式会社,滋賀ダイハツアリーナ,飲食店営業,2025/03/14,2025/03/27,2031/06/30,簡易な営業に限る
116142-01,,Ｍｏｒｅ＆Ｍｏｒｅ,飲食店営業,2023/05/15,2023/05/17,2029/02/28,簡単な調理加工行為に限る巡回移動営業に限る申請のあった営業場所に限る申請のあった取扱品目に限る加熱調理食品の提供に限る
116143-01,,こどもふくｐｏｎｏｒｉ,飲食店営業,2023/05/16,2023/06/01,2029/02/28,申請のあった取扱品目に限る臨時的営業に限る申請のあった営業期間に限る加熱調理食品の提供に限る簡単な調理加工行為に限る
116144-01,,カラオケ＆おばんざい　あきえちゃん,飲食店営業,2023/05/18,2023/05/25,2029/06/30,
116145-01,,京てまり焼,飲食店営業,2023/05/17,2023/05/19,2029/02/28,簡単な調理加工行為に限る巡回移動営業に限る申請のあった営業場所に限る申請のあった取扱品目に限る加熱調理食品の提供に限る
116146-01,,ＢＡＲＲＩＴＺ,飲食店営業,2023/05/19,2023/05/31,2029/06/30,
116149-01,株式会社ＮＩＳＨＩＣＯＲＩ,ＭＵＳＵＢＩＹＡ（京都８３０ひ２９２９）,飲食店営業,2023/05/24,2023/05/26,2029/02/28,自動車による営業に限る
116150-01,,Ａｉｋｏｔｏ　Ｐｉｚｚａ　Ｃｏｎｅ（滋賀４８４せ・・１８）,飲食店営業,2023/05/25,2023/05/29,2030/02/28,自動車による営業に限る申請のあった取扱品目に限る
116151-01,合同会社秋瑩,Ｅｎｇｌｉｓｈ　Ｃａｆｅ,飲食店営業,2023/05/25,2023/06/01,2029/06/30,
116152-01,合同会社ＪＩＲＯ,ＴＨＥ　ＰＬＡＣＥ　Ｋ（ＢＵＴＣＨＥＲ’Ｓ　ＫＩＴＣＨＥＮ　＆　ＣＡＦＥ　ＳＴＡＮＤ）,飲食店営業,2023/05/26,2023/06/23,2029/10/31,
116153-01,,四時,飲食店営業,2023/05/26,2023/06/08,2030/02/28,
116154-01,合同会社旨味家,旨味家,飲食店営業,2023/06/01,2023/06/16,2030/06/30,
116155-01,,Ｌｏ　Ｓｐｌｅｎｄｏｒｅ,飲食店営業,2023/05/31,2023/06/02,2029/02/28,簡単な調理加工行為に限る巡回移動営業に限る申請のあった営業場所に限る申請のあった取扱品目に限る加熱調理食品の提供に限る
116156-01,株式会社孫幸,ｗａｓｈｏｋｕ孫幸,飲食店営業,2023/05/30,2023/06/02,2030/02/28,
116157-01,,ＭａｈａｌｏＡ（京都８３０せ１１９４）,飲食店営業,2023/05/31,2023/06/02,2029/02/28,自動車による営業に限る
116158-29,,南庄　秀,漬物製造業,2023/05/29,2023/06/05,2029/10/31,申請のあった取扱品目の製造に限る
116158-30,,南庄　秀,密封包装食品製造業,2023/05/29,2023/06/05,2029/10/31,申請のあった取扱品目の製造に限る
116159-01,トヨタモビリティ滋賀株式会社,ＢＡＬ　ＮＡＫＡＭＡＣＨＩ,飲食店営業,2023/06/01,2023/06/13,2030/02/28,
116160-01,,Ｂ２タコス（滋賀４８０さ７６４３）,飲食店営業,2023/06/01,2023/06/05,2029/02/28,自動車による営業に限る申請のあった取扱品目に限る
116163-01,株式会社忠真,忠真,飲食店営業,2023/06/02,2023/06/06,2029/02/28,簡単な調理加工行為に限る巡回移動営業に限る申請のあった営業場所に限る申請のあった取扱品目に限る加熱調理食品の提供に限る
116164-01,,カレーハウスＣｏＣｏ壱番屋　大津下阪本店,飲食店営業,2023/06/01,2023/07/01,2030/10/31,
116165-01,住山織物株式会社,蕎麦屋　すみ蔵,飲食店営業,2023/06/02,2023/06/12,2029/06/30,
116166-01,,ＢＹＲＯＮ,飲食店営業,2023/06/02,2023/06/08,2029/06/30,
116168-01,株式会社堀井住建,凛,飲食店営業,2023/06/05,2023/06/15,2029/06/30,
116170-01,,２０の７番地,飲食店営業,2023/06/06,2023/06/09,2029/06/30,
116171-01,,タコス屋　京タコス（京都４８０ふ８９４６）,飲食店営業,2023/06/09,2023/06/13,2030/02/28,自動車による営業に限る
116176-01,有限会社魚善荘,有限会社　魚善荘,飲食店営業,2023/06/12,2023/06/26,2030/10/31,
116176-04,有限会社魚善荘,有限会社　魚善荘,魚介類販売業,2023/06/12,2023/06/26,2030/10/31,
116177-01,,結（滋賀８００す７４７８）,飲食店営業,2023/06/12,2023/06/14,2030/02/28,自動車による営業に限る申請のあった取扱品目に限る
116178-01,,百鬼夜行,飲食店営業,2023/06/12,2023/06/16,2029/06/30,簡易な営業に限る
116181-01,,みやこ庵（京都８００せ７５２３）,飲食店営業,2023/06/14,2023/06/16,2029/02/28,自動車による営業に限る申請のあった取扱品目に限る
116182-01,,湖の家,飲食店営業,2023/06/14,2023/06/16,2029/02/28,簡単な調理加工行為に限る巡回移動営業に限る申請のあった営業場所に限る申請のあった取扱品目に限る加熱調理食品の提供に限る
116183-01,,近江焼肉ホルモンすだく石山店,飲食店営業,2023/06/14,2023/06/22,2029/06/30,
116183-03,,近江焼肉ホルモンすだく石山店,食肉販売業,2023/06/14,2023/06/22,2029/06/30,とさつ・解体は行わないこと
116184-01,株式会社マル新グループ,輝,飲食店営業,2023/06/14,2023/06/26,2029/06/30,
116186-01,,ＨＡＮＫ,飲食店営業,2023/06/19,2023/06/21,2029/02/28,簡単な調理加工行為に限る巡回移動営業に限る申請のあった営業場所に限る申請のあった取扱品目に限る加熱調理食品の提供に限る
116187-01,,おばんざい処　ほっこりや,飲食店営業,2023/06/13,2023/06/21,2029/10/31,
116188-01,,Ａｉｒｌ,飲食店営業,2023/06/19,2023/07/04,2030/02/28,簡易な営業に限る
116189-01,株式会社トゥーライズ,焼肉ろざん瀬田店,飲食店営業,2023/06/19,2023/07/04,2030/06/30,
116189-03,株式会社トゥーライズ,焼肉ろざん瀬田店,食肉販売業,2023/06/19,2023/07/04,2030/06/30,とさつ・解体は行わないこと
116191-01,,ファミリーマート大津真野店,飲食店営業,2023/06/20,2023/06/28,2030/10/31,
116192-01,,ファミリーマート大津ひえい平店,飲食店営業,2023/06/20,2023/06/28,2031/02/28,
116193-01,,ｇｌｏｒｉａ,飲食店営業,2023/06/20,2023/06/27,2030/02/28,
116194-01,株式会社蘭智,コミュニティ　ＢＡＲ　美豚,飲食店営業,2023/06/20,2023/06/26,2029/06/30,
116196-01,,ＨＡＴＣａＦＥ　はっとカフェ（滋賀４８６る・・２４）,飲食店営業,2023/06/21,2023/06/23,2029/02/28,自動車による営業に限る申請のあった取扱品目に限る
116197-01,,ＴＲＡＴＴＯＲＩＡ　ＭＩＲＡＣＯＬＯ,飲食店営業,2023/06/22,2023/06/27,2029/06/30,
116197-25,,ＴＲＡＴＴＯＲＩＡ　ＭＩＲＡＣＯＬＯ,そうざい製造業,2024/09/05,2024/09/18,2031/06/30,申請のあった取扱品目の製造に限る
116198-01,,和,飲食店営業,2023/06/22,2023/07/03,2030/02/28,
116199-01,有限会社浦田総合建設,ＲＵＴＡ　ＴＲＵＣＫ（大阪４８０む１５６０）,飲食店営業,2023/06/26,2023/06/28,2029/02/28,自動車による営業に限る申請のあった取扱品目に限る
116200-01,有限会社不動観光,本宮食堂,飲食店営業,2023/06/14,2023/06/29,2031/02/28,
116201-01,,タケノボウ　チャヤ,飲食店営業,2023/06/27,2023/07/11,2030/06/30,
116201-11,,タケノボウ　チャヤ,菓子製造業,2023/06/27,2023/07/11,2030/06/30,申請のあった取扱品目の製造に限る
116202-29,,柏木竹林農園,漬物製造業,2023/06/28,2023/07/04,2029/06/30,申請のあった取扱品目の製造に限る
116203-01,,ＮＩＮＡ　ＳＰＩＣＥ　ＳＴＡＮＤ,飲食店営業,2023/06/28,2023/07/12,2029/10/31,
116203-11,,ＮＩＮＡ　ＳＰＩＣＥ　ＳＴＡＮＤ,菓子製造業,2023/06/28,2023/07/12,2029/10/31,申請のあった取扱品目の製造に限る
116203-30,,ＮＩＮＡ　ＳＰＩＣＥ　ＳＴＡＮＤ,密封包装食品製造業,2023/06/28,2023/07/12,2029/10/31,申請のあった取扱品目の製造に限る
116204-01,Ｍ＆Ｓフードサービス株式会社,ミスタードーナツ　アル・プラザ堅田,飲食店営業,2023/06/23,2023/07/19,2030/10/31,
116204-11,Ｍ＆Ｓフードサービス株式会社,ミスタードーナツ　アル・プラザ堅田,菓子製造業,2023/06/23,2023/07/19,2030/10/31,申請のあった取扱品目の製造に限る
116210-01,有限会社鶴金社中,ベンツバス１号（練馬８００せ２１１８）,飲食店営業,2023/07/03,2023/07/05,2030/02/28,自動車による営業に限る
116211-01,,酒仙　わたる,飲食店営業,2023/07/03,2023/07/12,2030/02/28,
116212-01,株式会社天保堂,株式会社　天保堂（エルフ）（名古屋８００ね１４１１）,飲食店営業,2023/07/04,2023/07/06,2030/02/28,自動車による営業に限る申請のあった取扱品目に限る
116213-01,株式会社叶匠寿庵,里山館,飲食店営業,2023/07/04,2023/07/20,2030/06/30,
116215-01,,エシカルワゴン（堺８００わ・８２４）,飲食店営業,2023/07/06,2023/07/10,2029/02/28,自動車による営業に限る
116216-01,,バー　レイン,飲食店営業,2023/07/06,2023/07/14,2029/10/31,
116217-01,株式会社ＯｄｄＥＹＥ,カフェ＆ダイニングＮＹＡＮＰＡＳＳ（滋賀４８５つ・２２２）,飲食店営業,2023/07/06,2023/07/10,2029/02/28,自動車による営業に限る申請のあった取扱品目に限る
116218-01,合同会社ＦＩＸ,Ｌｏｕｎｇｅ　ｖｉｖｉ,飲食店営業,2023/07/06,2023/07/14,2030/06/30,
116219-01,合同会社ＦＩＸ,ＡＳＯＢＩＢＡＲ　ＯＮ,飲食店営業,2023/07/06,2023/07/14,2030/06/30,
116220-01,,ａｎｔｏｏ,飲食店営業,2023/07/06,2023/07/12,2029/10/31,
116221-01,有限会社オリーブ,ｗｅｓｔマリーナオリーブ,飲食店営業,2023/07/06,2023/07/19,2029/10/31,
116222-01,,ヤキトリ　タイガー食堂,飲食店営業,2023/07/07,2023/07/14,2030/02/28,
116223-01,,アートアンドビーツ,飲食店営業,2023/07/07,2023/07/11,2029/02/28,申請のあった取扱品目に限る加熱調理食品の提供に限る簡単な調理加工行為に限る巡回移動営業に限る申請のあった営業場所に限る
116224-01,株式会社ＮＯＧＩＫＵ,クラムスバナナ（大阪８３０せ・８７７）,飲食店営業,2023/07/10,2023/07/12,2029/02/28,自動車による営業に限る申請のあった取扱品目に限る
116225-01,,Ｗｉｔｃｈｙ　Ｗｉｎｋ,飲食店営業,2023/07/10,2023/07/28,2030/06/30,簡易な営業に限る
116226-01,株式会社ＡＮＧＥＬ,Ａｎｇｅｌ　ｅｇｇ,飲食店営業,2023/07/10,2023/08/01,2030/06/30,
116227-01,,ｒｕｎｍｏｎ　ｃａｆｅ（京都８０２と・・・５）,飲食店営業,2023/07/10,2023/07/12,2030/02/28,自動車による営業に限る申請のあった取扱品目に限る
116228-01,,Ｐｉｚｚｅｒｉａ　ｆａｎｔａｓｉｓｔａ（滋賀８０８て・・・１）,飲食店営業,2023/07/12,2023/07/14,2029/02/28,自動車による営業に限る
116229-01,,ｕｌｕｃｏｐｐｅカラダにいいカロリー（滋賀８００す７９９５）,飲食店営業,2023/07/13,2023/07/18,2029/02/28,自動車による営業に限る申請のあった取扱品目に限る
116232-01,,雨ノチ晴レ（大阪８００そ８６０９）,飲食店営業,2023/07/13,2023/07/18,2029/02/28,自動車による営業に限る
116233-01,Ｐｌｕｓｔｕｓ合同会社,エンジョイ・フード＆イベント,飲食店営業,2023/07/13,2023/07/18,2029/02/28,簡単な調理加工行為に限る巡回移動営業に限る申請のあった営業場所に限る申請のあった取扱品目に限る加熱調理食品の提供に限る
116235-01,株式会社都給食,湖国精工株式会社　社員食堂,飲食店営業,2023/07/13,2023/07/24,2030/06/30,
116236-01,株式会社カラットフードサービス,大分中津からあげ　ＫＡＲＡＴＴＯ（なにわ８００せ５１２４）,飲食店営業,2023/07/14,2023/07/19,2029/02/28,自動車による営業に限る
116237-01,,クツロギヤ,飲食店営業,2023/07/14,2023/08/02,2030/06/30,
116239-01,,ｃｏｏｐｙ（堺８００さ４５００）,飲食店営業,2023/07/14,2023/07/19,2029/02/28,自動車による営業に限る
116248-01,株式会社ビーケー・ジャパン,バーガーキング　ブランチ大津京,飲食店営業,2023/07/18,2023/08/29,2030/02/28,
116249-01,,瑞祥（滋賀８３０ぬ３９３９）,飲食店営業,2023/07/18,2023/07/20,2029/02/28,自動車による営業に限る申請のあった取扱品目に限る
116250-01,,Ｏｈ　むすび（滋賀８３２せ・・８８）,飲食店営業,2023/07/18,2023/07/20,2029/02/28,自動車による営業に限る。給水・廃水タンクの容量は約２００Ｌ以上とする。
116251-01,株式会社ピーサポート,ｓｏｆｔ　ｃｒｅａｍ　Ｗａ（なにわ４００む・５３５）,飲食店営業,2023/07/18,2023/07/20,2029/02/28,自動車による営業に限る申請のあった取扱品目に限る
116252-01,ワノチヱ本舗株式会社,わのちえ本舗,飲食店営業,2023/07/19,2023/08/03,2030/02/28,
116253-01,,妖姫Ｈｉ－ｃｈａｎ,飲食店営業,2023/07/19,2023/08/02,2030/06/30,
116255-01,株式会社Ｐｅａｃｈ・Ｐｅａｃｅ,Ｌａｓｔ８,飲食店営業,2023/07/20,2023/08/03,2030/06/30,
116255-03,株式会社Ｐｅａｃｈ・Ｐｅａｃｅ,Ｌａｓｔ８,食肉販売業,2023/07/20,2023/08/03,2030/06/30,とさつ・解体は行わないこと
116256-01,株式会社ＯＨＡｒｃｈｉｔｅｃｔｕｒｅ,Ｃａｍｍａ,飲食店営業,2023/07/21,2023/08/14,2030/06/30,
116257-24,株式会社バイテン,川村製麺所,麺類製造業,2023/07/24,2023/07/27,2029/10/31,申請のあった取扱品目の製造に限る
116261-01,,Ｋ’ｓダイニング（大阪１３０さ・３７７）,飲食店営業,2023/07/27,2023/07/31,2029/02/28,自動車による営業に限る申請のあった取扱品目に限る
116262-01,,Ｐａｔｉｓｓｅｒｉｅ　Ｎｏｒｉｋｏ,飲食店営業,2023/07/27,2023/08/02,2030/06/30,
116262-11,,Ｐａｔｉｓｓｅｒｉｅ　Ｎｏｒｉｋｏ,菓子製造業,2023/07/27,2023/08/02,2030/06/30,申請のあった取扱品目の製造に限る
116263-11,合同会社ＮＩＳＩＹＡ,Ｐｏｔ　ｄｅ　ＰＡＴＡＴＡ,菓子製造業,2023/07/28,2023/08/03,2030/02/28,申請のあった取扱品目の製造に限る
116264-01,株式会社ウェアハウス・ジャパン,たこぱん１号（滋賀８３０す２３０６）,飲食店営業,2023/07/28,2023/08/01,2030/02/28,自動車による営業に限る申請のあった取扱品目に限る
116265-11,,Ｓｅａ　ａｎｕｅｎｕｅ,菓子製造業,2023/07/28,2023/08/14,2030/02/28,申請のあった取扱品目の製造に限る
116267-01,株式会社橋本商会,ＭＹキッチンカー（京都８００わ１６８２）,飲食店営業,2023/08/01,2023/08/03,2030/02/28,自動車による営業に限る
116269-01,,クレープ　モン　レーヴ,飲食店営業,2023/08/01,2023/08/31,2030/06/30,
116270-01,,珍辛フーズ（滋賀８００す８０１３）,飲食店営業,2023/08/02,2023/08/04,2030/02/28,自動車による営業に限る申請のあった取扱品目に限る
116271-01,,ＡＳＨ,飲食店営業,2023/08/02,2023/08/14,2030/06/30,
116272-11,,うちだのパン,菓子製造業,2023/08/03,2023/08/14,2031/06/30,申請のあった取扱品目の製造に限る
116273-01,,Ｔａｕｐｏ,飲食店営業,2023/08/03,2023/08/23,2030/02/28,
116273-27,,Ｔａｕｐｏ,冷凍食品製造業,2023/08/03,2023/08/23,2030/02/28,申請のあった取扱品目の製造に限る
116274-01,凪株式会社,ホーのおうち（京都８０３む８０００）,飲食店営業,2023/08/03,2023/08/07,2030/02/28,自動車による営業に限る申請のあった取扱品目に限る
116282-01,,Ｂａｒ　Ａｓｈ,飲食店営業,2023/08/04,2023/09/07,2029/10/31,
116283-01,,ｔｈｉｒｄ　ｃｒｅｐｅ（滋賀４８０と９２５４）,飲食店営業,2023/08/07,2023/08/09,2029/02/28,自動車による営業に限る申請のあった取扱品目に限る
116284-11,合同会社ロゼッタ,パン工房ロゼッタ,菓子製造業,2023/08/07,2023/08/16,2031/06/30,申請のあった取扱品目の製造に限る
116285-01,,ヒュッゲ,飲食店営業,2023/08/08,2023/08/15,2029/10/31,
116287-02,トーヨーベンディング株式会社,成安造形大学　１階事務所入口,調理の機能を有する自動販売機により食品を調理し、調理された食品を販売する営業,2023/08/09,2023/08/21,2029/02/28,自動販売機による営業に限る設置台数は１台に限る
116288-01,,ＣＲＥＷ（京都４８０ほ１６０３）,飲食店営業,2023/08/09,2023/08/14,2029/02/28,自動車による営業に限る申請のあった取扱品目に限る
116290-01,,スナック　パサディナ,飲食店営業,2023/08/16,2023/09/05,2029/06/30,簡易な営業に限る
116292-11,,ｉｎａｒｉ　ｂａｋｅｒｙ,菓子製造業,2023/08/18,2023/08/23,2030/06/30,申請のあった取扱品目の製造に限る
116293-01,,魔法のパンケーキ　ブランチ大津京店,飲食店営業,2023/08/21,2023/09/04,2030/02/28,
116294-01,株式会社チャンチャーレ,晴れたらいいね（滋賀４８４た３９３９）,飲食店営業,2023/08/21,2023/08/23,2029/02/28,自動車による営業に限る申請のあった取扱品目に限る
116295-01,伊串工務店株式会社,ＳＯＬＩＤ　ＣＯＦＦＥＥ,飲食店営業,2023/08/21,2023/08/25,2029/10/31,
116296-01,,ＣＯＣＨＩＹＡ,飲食店営業,2023/08/22,2023/08/30,2030/06/30,
116299-01,株式会社オーテック工業,ＳＨＩＧＡ’ｓ　Ｂａｒ　湖風庵（滋賀８００す７１５７）,飲食店営業,2023/08/23,2023/08/25,2029/02/28,自動車による営業に限る申請のあった取扱品目に限る簡易な調理に限る加熱調理食品の提供に限る
116301-01,一般社団法人仰木地区活性化委員会わさいな仰木,わさいな仰木,飲食店営業,2023/08/25,2023/08/30,2029/10/31,
116301-11,一般社団法人仰木地区活性化委員会わさいな仰木,わさいな仰木,菓子製造業,2023/08/25,2023/08/30,2029/10/31,申請のあった取扱品目の製造に限る
116303-01,,ＣＨＩＭＩ　ＣＨＯＲＩ,飲食店営業,2023/08/28,2023/08/30,2029/02/28,巡回移動営業に限る申請のあった営業場所に限る申請のあった取扱品目に限る加熱調理食品の提供に限る簡単な調理加工行為に限る
116304-01,,プティ　ルッソ（滋賀８００す７９３８）,飲食店営業,2023/08/29,2023/08/31,2029/02/28,自動車による営業に限る申請のあった取扱品目に限る
116306-01,株式会社シンシア,Ａｎｇｅｌ　Ｃａｎｄｙ,飲食店営業,2023/08/29,2023/09/12,2029/10/31,
116307-01,,ＮＯＭＵ．Ｓ　ｋｉｔｃｈｅｎ,飲食店営業,2023/08/30,2023/09/01,2029/02/28,巡回移動営業に限る申請のあった営業場所に限る申請のあった取扱品目に限る加熱調理食品の提供に限る簡単な調理加工行為に限る
116308-01,,月見坂まつがえ千元,飲食店営業,2023/08/30,2023/09/07,2030/02/28,
116309-01,株式会社なぎさ,なぎさＷＡＲＭＳ,飲食店営業,2023/08/30,2023/09/06,2030/02/28,
116309-11,株式会社なぎさ,なぎさＷＡＲＭＳ,菓子製造業,2023/08/30,2023/09/06,2030/02/28,申請のあった取扱品目の製造に限る
116310-01,富士産業株式会社,特別養護老人ホーム　ひかりの里,飲食店営業,2023/08/31,2023/09/25,2031/02/28,
116312-01,,ＧＬＩＴＣＨ　ＢＲＥＡＫ（京都４８０ほ３３４１）,飲食店営業,2023/08/31,2023/09/04,2030/02/28,自動車による営業に限る申請のあった取扱品目に限る
116317-01,,Ｐａｎｄａ　Ｋｉｔｃｈｅｎ（滋賀４８３き・５５７）,飲食店営業,2023/09/05,2023/09/07,2030/02/28,自動車による営業に限る申請のあった取扱品目に限る
116318-01,ｐｕｒｇｅ株式会社,ｎｕｄｇｅ,飲食店営業,2023/09/05,2023/09/20,2030/06/30,
116319-01,,虜,飲食店営業,2023/09/05,2023/09/15,2029/10/31,
116321-01,,夢限屋　Ｐｉｎｋ　Ｐｉｎｋ　＆　Ｃｏｃｏｋｕ（滋賀８３１ね８００８）,飲食店営業,2023/09/07,2023/09/11,2029/02/28,自動車による営業に限る申請のあった取扱品目に限る
116322-01,,Ｃｉｌｉｅｇｉｏ（滋賀８００す７８６０）,飲食店営業,2023/09/07,2023/09/11,2029/02/28,自動車による営業に限る申請のあった取扱品目に限る
116324-01,株式会社総合近江牛商社,焼肉すだく家族亭大津唐崎店,飲食店営業,2023/09/08,2023/09/13,2030/02/28,
116324-03,株式会社総合近江牛商社,焼肉すだく家族亭大津唐崎店,食肉販売業,2023/09/08,2023/09/13,2030/02/28,とさつ・解体は行わないこと
116325-01,株式会社はいぴっく,ぐるきち（練馬８００せ３８０８）,飲食店営業,2023/09/08,2023/09/12,2030/02/28,自動車による営業に限る
116326-01,,Ｐｅａｒｌ,飲食店営業,2023/09/08,2023/09/15,2030/02/28,簡易な営業に限る
116328-01,,ヒノデマフィンアンドベーグル（滋賀８００る２２７０）,飲食店営業,2023/09/11,2023/09/13,2029/02/28,自動車による営業に限る申請のあった取扱品目に限る
116338-01,,ホリスターフーズ（滋賀４９３は・・・１）,飲食店営業,2023/09/14,2023/09/19,2029/02/28,自動車による営業に限る
116339-01,,スイーツショップトレフル（滋賀８００す７９５２）,飲食店営業,2023/09/13,2023/09/15,2030/02/28,自動車による営業に限る申請のあった取扱品目に限る
116340-01,有限会社スマイルホーム,肉酒場ｉｒｏｒｉ,飲食店営業,2023/09/13,2023/09/26,2030/02/28,
116342-11,,気まぐれゆうちゃん,菓子製造業,2023/09/19,2023/09/28,2029/10/31,申請のあった取扱品目の製造に限る
116343-01,株式会社滋賀フーズ,株式会社　滋賀フーズ（滋賀８００す８０５９）,飲食店営業,2023/09/19,2023/09/21,2029/02/28,自動車による営業に限る
116346-01,,錦フーズ,飲食店営業,2023/09/20,2023/09/22,2029/02/28,巡回移動営業に限る申請のあった営業場所に限る申請のあった取扱品目に限る加熱調理食品の提供に限る簡単な調理加工行為に限る
116347-01,,ＭＡＧＥＮＴＡ,飲食店営業,2023/09/20,2023/09/28,2030/06/30,
116348-01,ホリデーアフタヌーン株式会社,ホリデーアフタヌーン　コテージ,飲食店営業,2023/09/20,2023/11/16,2029/10/31,
116349-01,,思ひで酒場　より道,飲食店営業,2023/09/21,2023/09/29,2030/06/30,
116350-01,,ＯＬＩＯＬＩ（京都８００そ１９７２）,飲食店営業,2023/09/21,2023/09/25,2029/02/28,自動車による営業に限る申請のあった取扱品目に限る
116353-11,,ｃｏｏｋｉｅ　ｃｏｒｅ,菓子製造業,2023/09/28,2023/10/04,2030/06/30,申請のあった取扱品目の製造に限る
116354-01,有限会社凜ｓｔｙｌｅ,凜じろう　フォレオ大津一里山店,飲食店営業,2023/09/28,2023/11/29,2030/06/30,
116357-01,,茶漬け屋　こっからっしょ,飲食店営業,2023/10/02,2023/10/10,2030/02/28,
116358-29,,章ゑ屋,漬物製造業,2023/10/02,2023/11/08,2030/10/31,申請のあった取扱品目の製造に限る
116358-30,,章ゑ屋,密封包装食品製造業,2023/10/02,2023/11/08,2030/10/31,申請のあった取扱品目の製造に限る
116359-11,株式会社ルッカトーン,菓子屋　ＭＩＬＫＡ,菓子製造業,2023/10/04,2023/10/13,2030/02/28,申請のあった取扱品目の製造に限る
116360-01,有限会社太穂輿建,Ｆｏｏｄ ｔｒｕｃｋ　ＥＶＥ（京都８３０つ１２２４）,飲食店営業,2023/10/04,2023/10/06,2030/02/28,自動車による営業に限る申請のあった取扱品目に限る
116362-01,株式会社クリスタルリゾート,株式会社クリスタルリゾート　大津営業所,飲食店営業,2023/10/05,2023/10/16,2029/10/31,
116363-01,株式会社ＮＥＸＴ,ＢＡＩＴ＆ＴＡＣＫＬＥ　ＮＥＸＴ,飲食店営業,2023/10/06,2023/10/12,2030/02/28,
116364-01,,らいむー,飲食店営業,2023/10/06,2023/10/20,2029/10/31,
116366-01,Ｌａｋｅ　ｐｏｉｎｔ　ｇｒｏｕｐ株式会社,Ｌａｋｅ　Ｈｏｕｓｅ　中喜屋,飲食店営業,2023/10/10,2023/10/18,2029/10/31,
116366-03,Ｌａｋｅ　ｐｏｉｎｔ　ｇｒｏｕｐ株式会社,Ｌａｋｅ　Ｈｏｕｓｅ　中喜屋,食肉販売業,2023/10/10,2023/10/18,2029/10/31,とさつ・解体は行わないこと
116366-04,Ｌａｋｅ　ｐｏｉｎｔ　ｇｒｏｕｐ株式会社,Ｌａｋｅ　Ｈｏｕｓｅ　中喜屋,魚介類販売業,2023/10/10,2023/10/18,2029/10/31,
116367-01,,いつかきっと,飲食店営業,2023/10/10,2023/10/20,2029/10/31,
116369-01,,ｃｍｏｋｋｏ,飲食店営業,2023/10/11,2023/10/26,2030/02/28,
116370-01,,うまみ堂（大阪８００ち・７１７）,飲食店営業,2023/10/11,2023/10/13,2029/02/28,自動車による営業に限る申請のあった取扱品目に限る
116371-01,,ＫＩＮＯＭＩ－ＫＩＴＣＨＥＮ,飲食店営業,2023/10/12,2023/10/18,2030/02/28,
116371-11,,ＫＩＮＯＭＩ－ＫＩＴＣＨＥＮ,菓子製造業,2023/10/12,2023/10/18,2030/02/28,申請のあった取扱品目の製造に限る
116372-11,,Ｍｏｎ・ｔｒｅｓｏｒ,菓子製造業,2023/10/12,2023/10/24,2031/06/30,申請のあった取扱品目の製造に限る
116372-25,,Ｍｏｎ・ｔｒｅｓｏｒ,そうざい製造業,2023/10/12,2023/10/24,2031/06/30,申請のあった取扱品目の製造に限る
116374-01,,山賊ドッグ,飲食店営業,2023/10/17,2023/10/19,2029/02/28,巡回移動営業に限る申請のあった営業場所に限る申請のあった取扱品目に限る加熱調理食品の提供に限る簡単な調理加工行為に限る
116378-11,株式会社シンシア,Ａｎｇｅｌ　Ｃａｎｄｙ　製造部,菓子製造業,2023/10/17,2023/10/25,2029/10/31,申請のあった取扱品目の製造に限る
116380-01,,肉バルダイニング　Ｍｅａｔ　Ｍｅｅｔ,飲食店営業,2023/10/19,2023/11/09,2030/06/30,
116381-01,株式会社高栄ホーム,ＣＯＹＡ　ＣＡＦＥ,飲食店営業,2023/10/19,2023/11/02,2030/02/28,
116382-01,,ＲＩＰＳＴＩＣＫ（滋賀８３０す・・４６）,飲食店営業,2023/10/19,2023/10/23,2030/02/28,自動車による営業に限る申請のあった取扱品目に限る
116383-01,,魚料理　遊山,飲食店営業,2023/10/19,2023/10/25,2029/10/31,
116388-01,,ともえ,飲食店営業,2023/10/23,2023/11/02,2030/10/31,
116390-01,株式会社写楽,ｃｉｅｌｏ　ｋｉｔｃｈｅｎ（なにわ８００せ３１７７）,飲食店営業,2023/10/25,2023/10/27,2029/02/28,自動車による営業に限る
116391-01,,ＵＮＢＯＵＮＤ　Ｂｉｃｙｃｌｅｓ＆Ｃｏｆｆｅｅ,飲食店営業,2023/10/25,2023/11/07,2030/06/30,
116396-01,株式会社宝膳,宝塚ダイナーズカフェここ（神戸８００ち２８８３）,飲食店営業,2023/10/30,2023/11/01,2029/02/28,自動車による営業に限る申請のあった取扱品目に限る
116397-01,,ゑいじん,飲食店営業,2023/10/31,2023/11/14,2030/02/28,
116399-11,松井商事株式会社,ＣａＦｅ　ＫａｎＯｎ　ＪＲ瀬田店,菓子製造業,2023/11/02,2023/11/28,2030/06/30,申請のあった取扱品目の製造に限る
116401-01,,セブン－イレブン大津馬場１丁目店,飲食店営業,2023/11/02,2023/11/21,2031/02/28,
116402-11,株式会社いのうえ,ＫＡＮ　ＢＥ,菓子製造業,2023/11/07,2023/11/15,2031/06/30,申請のあった取扱品目の製造に限る
116402-14,株式会社いのうえ,ＫＡＮ　ＢＥ,清涼飲料水製造業,2023/11/07,2023/11/15,2031/06/30,申請のあった取扱品目の製造に限る
116402-15,株式会社いのうえ,ＫＡＮ　ＢＥ,食肉製品製造業,2023/11/07,2023/11/15,2031/06/30,申請のあった取扱品目の製造に限る
116402-16,株式会社いのうえ,ＫＡＮ　ＢＥ,水産製品製造業,2023/11/07,2023/11/15,2031/06/30,申請のあった取扱品目の製造に限る
116402-25,株式会社いのうえ,ＫＡＮ　ＢＥ,そうざい製造業,2023/11/15,2023/11/20,2031/06/30,申請のあった取扱品目の製造に限る
116402-30,株式会社いのうえ,ＫＡＮ　ＢＥ,密封包装食品製造業,2023/11/07,2023/11/15,2031/06/30,申請のあった取扱品目の製造に限る
116404-01,,居酒屋　あっちゃ,飲食店営業,2023/11/08,2023/11/15,2029/06/30,
116405-01,株式会社プラン・ドゥ・クリエイト,（株）プラン・ドゥ・クリエイト　大津月輪ケアコミュニティそよ風事業所,飲食店営業,2023/11/08,2023/11/27,2031/06/30,
116406-01,,まり小屋　凡々,飲食店営業,2023/11/08,2023/11/16,2030/06/30,
116407-01,,きまぐれ食堂,飲食店営業,2023/11/08,2023/11/17,2030/10/31,
116407-25,,きまぐれ食堂,そうざい製造業,2025/01/29,2025/02/25,2031/10/31,申請のあった取扱品目の製造に限る
116408-01,,ＢＯＵＬＡＮＧＥＲＩＥ　ｌｅ　ＲＡＳＥ（京都８３０つ・７０７）,飲食店営業,2023/11/13,2023/11/15,2029/02/28,自動車による営業に限る申請のあった取扱品目に限る
116409-01,一般社団法人つばさ,つばさ工房,飲食店営業,2023/11/14,2023/12/22,2030/10/31,
116409-25,一般社団法人つばさ,つばさ工房,そうざい製造業,2026/03/23,2026/04/02,2032/10/31,申請のあった取扱品目の製造に限る。
116410-01,,スナック　ちはやふる,飲食店営業,2023/11/16,2023/12/05,2030/10/31,簡易な営業に限る
116411-01,株式会社トゥーライズ,お鮨の餐（さん）,飲食店営業,2023/11/16,2023/11/22,2030/06/30,
116412-01,株式会社ピソラ,ＰＩＳＯＬＡ大津京店,飲食店営業,2023/11/16,2023/11/29,2030/02/28,
116414-01,,Ｎｉｃｈ,飲食店営業,2023/11/17,2023/12/06,2030/06/30,
116415-01,,スカイ,飲食店営業,2023/11/17,2023/11/21,2029/02/28,簡単な調理加工行為に限る巡回移動営業に限る申請のあった営業場所に限る申請のあった取扱品目に限る加熱調理食品の提供に限る
116419-01,,ＢＵＲＧＥＲ　ＳＵＥＯ（大阪１００た３８００）,飲食店営業,2023/11/20,2023/11/22,2029/02/28,自動車による営業に限る申請のあった取扱品目に限る
116420-01,,魚治商店,飲食店営業,2023/11/20,2023/11/30,2030/10/31,
116420-25,,魚治商店,そうざい製造業,2023/11/20,2023/11/30,2030/10/31,申請のあった取扱品目の製造に限る
116423-30,,食＆夢工房,密封包装食品製造業,2023/11/21,2023/11/30,2030/10/31,申請のあった取扱品目の製造に限る
116424-11,,普門地域村づくり推進会　特産加工部,菓子製造業,2023/11/21,2023/11/29,2030/10/31,申請のあった取扱品目の製造に限る
116424-25,,普門地域村づくり推進会　特産加工部,そうざい製造業,2023/11/21,2023/11/29,2030/10/31,申請のあった取扱品目の製造に限る
116425-01,,一福,飲食店営業,2023/11/21,2023/12/05,2030/10/31,
116426-01,,しののめ（京都４８３か・４２１）,飲食店営業,2023/11/22,2023/11/27,2029/02/28,自動車による営業に限る申請のあった取扱品目に限る簡易な調理に限る加熱調理食品の提供に限る
116427-01,株式会社ＲＴＳ,Ｔａｃｏｍａ食品（京都１００そ７９０９）,飲食店営業,2023/11/22,2023/11/27,2029/02/28,自動車による営業に限る申請のあった取扱品目に限る
116428-01,有限会社光風堂菓舗,光風堂菓舗,飲食店営業,2023/11/22,2023/12/07,2030/02/28,
116428-11,有限会社光風堂菓舗,光風堂菓舗,菓子製造業,2023/11/22,2023/12/07,2030/02/28,申請のあった取扱品目の製造に限る
116429-01,,ＹＹ　ＫＩＴＣＨＥＮ（松本４８３む８１８１）,飲食店営業,2023/11/24,2023/11/28,2029/02/28,自動車による営業に限る申請のあった取扱品目に限る
116431-01,,キッチンカー　ＣＡＳＡ　ＯＱＵＩＮＯ（京都４８４た・３６９）,飲食店営業,2023/11/29,2023/12/01,2029/02/28,自動車による営業に限る申請のあった取扱品目に限る簡易な調理に限る加熱調理食品の提供に限る
116432-01,合同会社ヤマモト商店,ＷＩＮＤ　Ｓｔｒｅｅｔ　Ｆｏｏｄｓ,飲食店営業,2023/12/01,2023/12/05,2029/02/28,巡回移動営業に限る申請のあった営業場所に限る申請のあった取扱品目に限る加熱調理食品の提供に限る簡単な調理加工行為に限る
116433-01,グリーンホスピタリティフードサービス株式会社,０Ｈ４８６７滋賀,飲食店営業,2023/12/04,2023/12/25,2031/02/28,
116434-01,,ＳＴＡＮＤ　ＢＡＲ　千,飲食店営業,2023/12/04,2023/12/13,2030/10/31,
116436-01,,ｅｒｉｋａ,飲食店営業,2023/12/05,2023/12/12,2029/02/28,
116440-11,,橋本家の薬膳ｃａｆｅ,菓子製造業,2024/02/16,2024/03/11,2030/10/31,申請のあった取扱品目の製造に限る
116442-01,,ニコマル（神戸８００ち５７０９）,飲食店営業,2023/12/13,2023/12/15,2029/02/28,自動車による営業に限る
116443-25,,楠　焼売,そうざい製造業,2023/12/13,2024/01/10,2030/02/28,申請のあった取扱品目の製造に限る
116443-01,,楠　焼売,飲食店営業,2025/09/16,2025/09/25,2032/02/29,
116444-01,株式会社ホモ・サピエンス,スパイスランド　ポンセ,飲食店営業,2023/12/13,2023/12/28,2030/02/28,
116445-11,,ｂｉｓｃｕｉｔｓ　ｅｔ　ｃｈｏｃｏｌａｔｓ　ｍａｉｓｏｎ　Ｋｏ,菓子製造業,2023/12/14,2023/12/25,2030/10/31,申請のあった取扱品目の製造に限る
116445-01,,ｂｉｓｃｕｉｔｓ　ｅｔ　ｃｈｏｃｏｌａｔｓ　ｍａｉｓｏｎ　Ｋｏ,飲食店営業,2026/05/18,2026/05/29,2032/10/31,
116447-01,,Ｌａｕｇｈｔｅｒ,飲食店営業,2023/12/15,2023/12/27,2030/02/28,簡易な営業に限る
116448-01,,前畑豆腐店,飲食店営業,2023/12/18,2023/12/20,2029/02/28,巡回移動営業に限る申請のあった営業場所に限る申請のあった取扱品目に限る加熱調理食品の提供に限る簡単な調理加工行為に限る
116449-01,,キッチンカー　ゆきんち　１号車（京都４８０ほ３０２２）,飲食店営業,2023/12/18,2023/12/20,2029/02/28,自動車による営業に限る申請のあった取扱品目に限る
116450-31,株式会社ロジ・ウエイズ,株式会社ロジ・ウエイズ　びわこ物流センター,食品の小分け業,2023/12/18,2024/01/11,2030/06/30,
116451-01,,ｂｅｔｗｅｅｎ　ｂａｇｅｌ,飲食店営業,2023/12/19,2023/12/26,2030/06/30,
116451-11,,ｂｅｔｗｅｅｎ　ｂａｇｅｌ,菓子製造業,2024/03/08,2024/03/13,2030/06/30,申請のあった取扱品目の製造に限る
116452-01,,巡る,飲食店営業,2023/12/19,2023/12/27,2030/02/28,
116452-11,,巡る,菓子製造業,2023/12/19,2023/12/27,2030/02/28,申請のあった取扱品目の製造に限る
116452-25,,巡る,そうざい製造業,2023/12/19,2023/12/27,2030/02/28,申請のあった取扱品目の製造に限る
116454-01,株式会社うさぎ,うさぎフードトラック（堺１００さ３８６３）,飲食店営業,2023/12/20,2023/12/22,2030/02/28,自動車による営業に限る
116455-01,株式会社ＵＮＴＡＫＥ,丸果じゅ屋（堺８３０な１０１０）,飲食店営業,2023/12/20,2023/12/22,2029/02/28,自動車による営業に限る
116456-01,,ＢＡＳＥ（滋賀１０６な・・・８）,飲食店営業,2023/12/21,2023/12/25,2030/02/28,自動車による営業に限る申請のあった取扱品目に限る簡易な調理に限る加熱調理食品の提供に限る
116457-01,株式会社Ｇｇｒｏｕｐ,日本のわんぱく小僧（大阪４８０は９９４８）,飲食店営業,2023/12/21,2023/12/25,2029/02/28,自動車による営業に限る申請のあった取扱品目に限る簡易な調理に限る加熱調理食品の提供に限る
116460-01,,ｐｉｚｚａ　ＵＧＯ（奈良８３０さ２２９１）,飲食店営業,2023/12/22,2023/12/26,2029/02/28,自動車による営業に限る
116461-01,ｍｅａｌｕｕ合同会社,ｃｏｃｏｎｉ,飲食店営業,2023/12/25,2024/01/25,2030/06/30,
116462-01,株式会社青谷フード,ブルバレキッチン（大阪８００そ５２１１）,飲食店営業,2023/12/25,2023/12/27,2030/02/28,自動車による営業に限る申請のあった取扱品目に限る
116464-01,株式会社センダン,ホテルピアザびわ湖　レストラン　タントタント,飲食店営業,2023/12/28,2024/01/12,2031/02/28,
116465-01,合同会社秋瑩,ＭＳ．ＫＡＹＯ　きっちん（和歌山８００す３７３６）,飲食店営業,2024/01/04,2024/01/09,2030/02/28,自動車による営業に限る
116468-01,,Ｌａｉｃａ（京都８３３ふ・・８８）,飲食店営業,2024/01/04,2024/01/09,2029/02/28,自動車による営業に限る申請のあった取扱品目に限る
116469-01,株式会社ハウスパートナー,まる屋,飲食店営業,2024/01/05,2024/01/19,2030/10/31,
116471-01,株式会社ＲＢＴ,ＲＯＣＫＢＯＯＫＫＩＴＣＨＥＮ,飲食店営業,2024/01/05,2024/01/10,2029/02/28,巡回移動営業に限る申請のあった営業場所に限る申請のあった取扱品目に限る加熱調理食品の提供に限る簡単な調理加工行為に限る
116472-01,株式会社ダイエー,キッチンオリジン　ダイエー瀬田店,飲食店営業,2024/05/01,2024/05/02,2030/06/30,
116472-25,株式会社ダイエー,キッチンオリジン　ダイエー瀬田店,そうざい製造業,2024/01/05,2024/01/16,2030/06/30,申請のあった取扱品目の製造に限る
116475-01,トモニキッチン株式会社,あをにヴィレッジ大津堅田,飲食店営業,2024/01/10,2024/01/19,2030/10/31,
116476-01,トモニキッチン株式会社,リールホーム大津坂本,飲食店営業,2024/01/10,2024/01/19,2030/10/31,
116478-01,一般社団法人異才ネットワーク,カフェ　アンビシャス,飲食店営業,2024/01/11,2024/01/29,2030/02/28,
116479-01,,ファミリーマート大津ときめき坂店,飲食店営業,2024/01/11,2024/02/02,2031/02/28,
116480-01,有限会社ジェイホッパーズ,３時のカノム,飲食店営業,2024/01/11,2024/01/22,2029/10/31,簡易な営業に限る
116481-01,,ＯＯＴＩＭＩ　ＢＵＲＧＥＲ（滋賀８００す８２０６）,飲食店営業,2024/01/12,2024/01/16,2029/02/28,自動車による営業に限る
116489-01,,占いカフェ　恐竜や,飲食店営業,2024/01/15,2024/01/24,2030/06/30,
116490-01,株式会社近鉄リテーリング,Ｋｉｎｔｅｔｓｕ　Ｆｏｏｄ　Ｔｒｕｃｋ（なにわ８００せ５４３２）,飲食店営業,2024/01/16,2024/01/18,2030/02/28,自動車による営業に限る
116492-01,株式会社シー・オー・エム,ケンタッキーフライドチキン　フレンドマート大津京店,飲食店営業,2024/01/18,2024/02/07,2031/02/28,
116493-01,,出張バーベキュー湖人（京都８００そ１４８７）,飲食店営業,2024/01/17,2024/01/19,2030/02/28,自動車による営業に限る
116495-01,,浜大津　きんぎょ,飲食店営業,2024/01/22,2024/01/29,2030/02/28,
116496-01,,レストラン　ボートパパ,飲食店営業,2024/01/22,2024/02/01,2031/02/28,
116497-01,,レストラン　ボートクイーン,飲食店営業,2024/01/22,2024/02/01,2031/02/28,
116499-01,株式会社フロンティア,Ｄａｉｌｙ　Ｃｒａｆｔ（滋賀８００す８２１０）,飲食店営業,2024/01/24,2024/01/26,2030/02/28,自動車による営業に限る
116501-11,,しとぎもち本舗,菓子製造業,2024/01/25,2024/01/31,2030/10/31,申請のあった取扱品目の製造に限る
116506-01,株式会社総合近江牛商社,近江牛ホルモン畜産すだく瀬田店,飲食店営業,2024/01/26,2024/02/07,2030/06/30,
116506-03,株式会社総合近江牛商社,近江牛ホルモン畜産すだく瀬田店,食肉販売業,2024/01/26,2024/02/07,2030/06/30,とさつ・解体は行わないこと
116507-01,,ファミリーマート大津瀬田四丁目店,飲食店営業,2024/01/29,2024/02/26,2031/06/30,
116508-01,,まるさん,飲食店営業,2024/01/31,2024/02/13,2030/10/31,
116509-01,合同会社四季,酒と串カツとらぁめん,飲食店営業,2024/01/31,2024/02/09,2030/06/30,
116511-01,,ゆんたく,飲食店営業,2024/02/01,2024/02/13,2030/02/28,
116512-16,株式会社滋賀コモリ,株式会社滋賀コモリ第一水産加工場,水産製品製造業,2024/02/02,2024/02/14,2031/06/30,申請のあった取扱品目の製造に限る
116512-27,株式会社滋賀コモリ,株式会社滋賀コモリ第一水産加工場,冷凍食品製造業,2024/02/02,2024/02/14,2031/06/30,申請のあった取扱品目の製造に限る
116514-01,,ＩＴＡＭＯＮ,飲食店営業,2024/02/05,2024/02/26,2030/06/30,
116515-01,株式会社忠真,紡衣,飲食店営業,2024/02/06,2024/02/13,2030/02/28,
116515-03,株式会社忠真,紡衣,食肉販売業,2024/02/06,2024/02/13,2030/02/28,とさつ・解体は行わないこと
116515-25,株式会社忠真,紡衣,そうざい製造業,2024/02/06,2024/02/13,2030/02/28,申請のあった取扱品目の製造に限る
116516-01,株式会社アスキー,キッチンカー　ジョイント（大阪４８０を・２３８）,飲食店営業,2024/02/08,2024/02/13,2029/02/28,自動車による営業に限る申請のあった取扱品目に限る簡易な調理に限る加熱調理食品の提供に限る
116517-01,,アスキー（なにわ８００せ・８３６）,飲食店営業,2024/02/08,2024/02/13,2029/02/28,自動車による営業に限る申請のあった取扱品目に限る簡易な調理に限る加熱調理食品の提供に限る
116518-01,,ＴＡＫＩＢＩＴＯ　ＣＯＦＦＥＥ,飲食店営業,2024/02/09,2024/02/14,2029/02/28,巡回移動営業に限る申請のあった営業場所に限る申請のあった取扱品目に限る加熱調理食品の提供に限る簡単な調理加工行為に限る
116519-01,,谷口水産,飲食店営業,2024/02/13,2024/03/08,2030/06/30,
116520-01,,鉄平（三重４８０な９２４５）,飲食店営業,2024/02/15,2024/02/19,2030/02/28,自動車による営業に限る申請のあった取扱品目に限る
116521-01,株式会社西武・プリンスホテルズワールドワイド,和食　清水,飲食店営業,2024/02/15,2024/03/19,2032/02/29,
116521-25,株式会社西武・プリンスホテルズワールドワイド,和食　清水,そうざい製造業,2024/02/15,2024/03/19,2032/02/29,申請のあった取扱品目の製造に限る
116522-01,,鳥作まる（大阪１０２と５５５５）,飲食店営業,2024/02/16,2024/02/20,2029/02/28,自動車による営業に限る申請のあった取扱品目に限る
116523-01,,屋台まる,飲食店営業,2024/02/16,2024/02/20,2029/02/28,巡回移動営業に限る申請のあった営業場所に限る申請のあった取扱品目に限る加熱調理食品の提供に限る
116524-01,,ｙｏｍｅ　ｙｏｍｅ,飲食店営業,2024/02/19,2024/03/04,2031/02/28,
116525-01,,一松珈琲,飲食店営業,2024/02/21,2024/02/26,2029/02/28,巡回移動営業に限る申請のあった営業場所に限る申請のあった取扱品目に限る加熱調理食品の提供に限る簡単な調理加工行為に限る
116528-01,大吉畜産株式会社,肉ｃａｆｅ　だいきち牧場,飲食店営業,2024/02/22,2024/04/08,2030/10/31,
116528-03,大吉畜産株式会社,肉ｃａｆｅ　だいきち牧場,食肉販売業,2024/02/22,2024/04/08,2030/10/31,とさつ・解体は行わないこと
116528-25,大吉畜産株式会社,肉ｃａｆｅ　だいきち牧場,そうざい製造業,2024/02/22,2024/04/08,2030/10/31,申請のあった取扱品目の製造に限る
116558-01,,ｔｈｅ　ｐａｒｋ　９５６,飲食店営業,2024/02/26,2024/03/11,2030/10/31,
116559-29,,お漬物のささ田,漬物製造業,2024/02/26,2024/03/12,2031/02/28,申請のあった取扱品目の製造に限る
116562-01,,ＭＡＨＡＬＯ（滋賀８３０つ１０２０）,飲食店営業,2024/02/27,2024/02/29,2030/02/28,自動車による営業に限る
116565-01,株式会社絆,京都すずなり屋　ＫＩＺＵＮＡ,飲食店営業,2024/02/27,2024/02/29,2029/02/28,巡回移動営業に限る申請のあった営業場所に限る申請のあった取扱品目に限る加熱調理食品の提供に限る簡単な調理加工行為に限る
116566-01,,インドの台所,飲食店営業,2024/02/28,2024/03/01,2029/02/28,巡回移動営業に限る申請のあった営業場所に限る申請のあった取扱品目に限る加熱調理食品の提供に限る簡単な調理加工行為に限る
116568-01,合同会社ハローフーズ,まごころ弁当　膳所店,飲食店営業,2024/02/29,2024/03/12,2030/06/30,
116569-01,株式会社叶匠寿庵,寿長生の郷　入口屋台,飲食店営業,2024/02/29,2024/03/06,2030/06/30,
116570-01,合同会社ウズ・マキ,ウズ・マキ,飲食店営業,2024/03/01,2024/03/11,2030/06/30,
116570-11,合同会社ウズ・マキ,ウズ・マキ,菓子製造業,2024/03/01,2024/03/11,2030/06/30,申請のあった取扱品目の製造に限る
116575-01,,酒場キムトノム,飲食店営業,2024/03/01,2024/03/06,2030/06/30,
116576-01,株式会社プロテクト,業務スーパー西大津店　馳走菜,飲食店営業,2024/03/04,2024/04/03,2032/02/29,
116577-01,株式会社ＡＬＣ,マクドナルド近江大橋店,飲食店営業,2024/03/04,2024/03/06,2031/06/30,
116578-01,フランチャイズビジネスインキュベーション株式会社,鰻の成瀬,飲食店営業,2024/03/04,2024/03/13,2030/10/31,
116579-01,,おふくろのハーブ　ｓａｃｈｉ,飲食店営業,2024/03/04,2024/03/06,2030/02/28,巡回移動営業に限る申請のあった営業場所に限る申請のあった取扱品目に限る加熱調理食品の提供に限る簡単な調理加工行為に限る
116582-01,,Ｗｅｌｌ　Ｃａｆｅ（大阪８００ち・１５３）,飲食店営業,2024/03/05,2024/03/07,2030/02/28,自動車による営業に限る申請のあった取扱品目に限る
116583-01,一般社団法人ＢＡＮＤ,ａｗａｉ,飲食店営業,2024/03/05,2024/03/22,2031/02/28,
116584-01,,コモ,飲食店営業,2024/03/06,2024/03/27,2031/02/28,
116585-01,プログレブ株式会社,Ｓｎａｃｋ　音,飲食店営業,2024/03/07,2024/04/03,2030/10/31,
116586-01,株式会社エスサーフ,ファミリーマート大津千町,飲食店営業,2024/03/07,2024/03/26,2031/06/30,
116587-01,株式会社お弁当の浜乃家,陸上自衛隊　大津駐屯地,飲食店営業,2024/03/08,2024/03/25,2032/02/29,
116590-01,,結まーる,飲食店営業,2024/03/11,2024/03/18,2031/02/28,
116591-11,,りんごりんご,菓子製造業,2024/03/12,2024/03/26,2030/06/30,申請のあった取扱品目の製造に限る
116592-01,有限会社こんぺいとう,有限会社こんぺいとう　石山くじら保育園,飲食店営業,2024/03/12,2024/03/21,2031/06/30,
116596-01,株式会社ＯＫＣ,滋賀短期大学　学生ホールカフェ,飲食店営業,2024/03/14,2024/04/10,2031/02/28,
116597-01,株式会社天一食品商事,天下一品ボランティアカー（京都８８す８１８９）,飲食店営業,2024/03/15,2024/03/19,2031/02/28,自動車による営業に限る
116599-01,,ときめき,飲食店営業,2024/03/22,2024/04/02,2032/02/29,
116600-03,株式会社ＩＢＡコーポレーション,肉のしげまさ,食肉販売業,2024/03/25,2024/04/19,2030/06/30,とさつ・解体は行わないこと
116600-25,株式会社ＩＢＡコーポレーション,肉のしげまさ,そうざい製造業,2024/03/25,2024/04/19,2030/06/30,申請のあった取扱品目の製造に限る
116601-01,株式会社濵﨑銃砲火薬店,株式会社濵﨑銃砲火薬店,飲食店営業,2024/03/22,2024/04/08,2032/02/29,
116602-01,,ＨＥＡＬ,飲食店営業,2024/03/26,2024/04/01,2031/02/28,簡易な営業に限る
116603-01,,ＪＵＲＡ,飲食店営業,2024/03/26,2024/04/08,2030/10/31,
116604-01,,８１　ＬＡＢＯ　Ｊ（奈良４８０そ９７６３）,飲食店営業,2024/03/26,2024/04/01,2030/02/28,自動車による営業に限る申請のあった取扱品目に限る
116607-01,,Ｄａｉｌｙ　Ｃｒａｆｔ,飲食店営業,2024/03/29,2024/04/08,2031/02/28,
116609-01,,ＥＬＬＹ’Ｓ　ＣＡＦＥ　えりーずかふぇ（滋賀４８０な２４８７）,飲食店営業,2024/04/01,2024/04/05,2030/02/28,自動車による営業に限る申請のあった取扱品目に限る
116610-01,有限会社アルファ・ウィン,比良ラーメン,飲食店営業,2024/04/01,2024/04/16,2030/10/31,
116611-01,,居酒屋　燈,飲食店営業,2024/04/01,2024/04/22,2030/10/31,
116614-01,農事組合法人グリーンティ土山,グリーンティ土山,飲食店営業,2024/04/03,2024/04/09,2030/02/28,簡単な調理加工行為に限る巡回移動営業に限る申請のあった営業場所に限る申請のあった取扱品目に限る加熱調理食品の提供に限る
116615-29,株式会社つじ川,株式会社つじ川浜大津工場,漬物製造業,2024/04/03,2024/04/16,2031/02/28,申請のあった取扱品目の製造に限る
116616-01,,Ａｎｇｅｌｏ（大阪８００そ９３９８）,飲食店営業,2024/04/04,2024/04/10,2031/02/28,自動車による営業に限る申請のあった取扱品目に限る
116619-01,株式会社かもしかリゾート,かもしか号（滋賀８００す７１１１）,飲食店営業,2024/04/08,2024/04/12,2030/02/28,自動車による営業に限る
116620-01,,Ｇｒａｐｅ（神戸８０５わ・・・７）,飲食店営業,2024/04/08,2024/04/12,2031/02/28,自動車による営業に限る
116621-01,,華麗なるスパイスカレー（大阪８００そ８０５２）,飲食店営業,2024/04/09,2024/04/15,2031/02/28,自動車による営業に限る
116622-01,,Ｂａｒ　Ａｌａｄｄｉｎ,飲食店営業,2024/04/09,2024/04/19,2031/02/28,簡易な営業に限る
116624-01,ドリームフーズ株式会社,近江ちゃんぽん亭　御殿浜店,飲食店営業,2024/04/10,2024/05/01,2030/06/30,
116625-01,,ＡＲＣＨＥＲ（滋賀４８０な３１５５）,飲食店営業,2024/04/11,2024/04/17,2031/02/28,自動車による営業に限る申請のあった取扱品目に限る
116626-01,株式会社ビーエスシー・インターナショナル,ＢＳＣウォータースポーツセンターⅡ（滋賀８００す８３４０）,飲食店営業,2024/04/12,2024/04/18,2031/02/28,自動車による営業に限る
116627-01,合同会社ライフガーディアン,ｉｒｕｂａ　珈琲中毒製作所,飲食店営業,2024/04/11,2024/07/25,2030/06/30,簡易な営業に限る
116628-01,,鉄板居酒屋　いち,飲食店営業,2024/04/11,2024/04/30,2031/02/28,
116630-01,,まるき,飲食店営業,2024/04/12,2024/04/30,2030/10/31,
116632-01,,みっきー珈琲（滋賀５８１ふ９４５０）,飲食店営業,2024/04/12,2024/04/18,2030/02/28,自動車による営業に限る申請のあった取扱品目に限る
116633-01,,らー麺　鉄山靠,飲食店営業,2024/04/12,2024/04/18,2030/06/30,
116634-01,株式会社魚国総本社,魚国総本社・大津２６３３３,飲食店営業,2024/04/15,2024/04/22,2032/10/31,
116636-01,,Ｍａｒｉｎｅ,飲食店営業,2024/04/16,2024/05/07,2030/06/30,
116640-01,株式会社ＺＥＲＯＳＴＡ,ＺＥＲＯＳＴＡ　ＣＡＦＥ（尾張小牧８０２ひ・・・３）,飲食店営業,2024/04/17,2024/04/23,2031/02/28,自動車による営業に限る
116641-01,株式会社秀静,ローソン国道膳所,飲食店営業,2024/04/17,2024/05/15,2032/02/29,
116642-29,株式会社兼田漬物,株式会社兼田漬物　大津工場,漬物製造業,2024/04/22,2024/04/30,2031/02/28,申請のあった取扱品目の製造に限る
116644-01,,ＣＯＦＦＥＥ　ＲＯＡＳＴＥＲＹ　クジラノシッポ,飲食店営業,2024/04/23,2024/04/30,2030/02/28,簡単な調理加工行為に限る巡回移動営業に限る申請のあった営業場所に限る申請のあった取扱品目に限る加熱調理食品の提供に限る
116645-29,,葛川ファーム,漬物製造業,2024/04/23,2024/05/10,2030/10/31,申請のあった取扱品目の製造に限る
116646-01,株式会社ＧＬＯＢＡＬ　ＬＩＮＫ,ＣＯＣＯ　ＢＡＬ,飲食店営業,2024/04/24,2024/05/07,2030/06/30,
116647-01,,Ｙｏｔｓｕｂａ　ｃｏｆｆｅｅ　ｓｔａｎｄ,飲食店営業,2024/04/25,2024/05/02,2030/02/28,巡回移動営業に限る申請のあった営業場所に限る申請のあった取扱品目に限る加熱調理食品の提供に限る簡単な調理加工行為に限る
116648-11,,ｓｕｋｌａａ－スクラ－,菓子製造業,2024/04/25,2024/05/29,2031/02/28,申請のあった取扱品目の製造に限る
116649-01,,ＷＯＲＬＤ　ＫＩＴＣＨＥＮ　Ｔ’ｓ　ｔａｂｌｅ（京都８００そ３５５４）,飲食店営業,2024/04/25,2024/04/30,2031/02/28,自動車による営業に限る
116650-01,,ＬＯＣＡＬ　ＦＯＯＤ　ＳＴＯＲＥ　ＭＵＮＣＨ（滋賀４８０を・・８４）,飲食店営業,2024/04/26,2024/05/01,2030/02/28,自動車による営業に限る申請のあった取扱品目に限る
116652-01,,ナガラビレッジ,飲食店営業,2024/04/30,2024/05/22,2030/02/28,
116652-11,,ナガラビレッジ,菓子製造業,2024/04/30,2024/05/22,2030/02/28,申請のあった取扱品目の製造に限る
116653-01,,カフェ　ゴジュウカラ,飲食店営業,2024/05/01,2024/05/28,2031/02/28,
116654-01,合同会社とりじろう,とりじろう（滋賀８００す８３８８）,飲食店営業,2024/05/01,2024/05/09,2031/02/28,自動車による営業に限る
116655-01,京阪ホテルズ＆リゾーツ株式会社,琵琶湖ホテルプールカフェ,飲食店営業,2024/05/01,2024/05/10,2031/02/28,
116657-29,,八百与,漬物製造業,2024/05/02,2024/05/13,2030/02/28,申請のあった取扱品目の製造に限る
116658-01,,美宮殿,飲食店営業,2024/05/02,2024/05/24,2031/02/28,
116659-01,,ＳＱＵＩＲＲＥＬ　ＮＥＳＴ　ＣＯＦＦＥＥ,飲食店営業,2024/05/07,2024/05/23,2031/02/28,
116660-01,株式会社バロー,株式会社バロー茶が崎店（魚屋の寿司）,飲食店営業,2024/05/07,2024/06/14,2032/02/29,
116661-11,,ｃｈｏｕｃｈｏｕ　ｄｅ　ｌ’ａｎｇｅ,菓子製造業,2024/05/08,2024/05/21,2030/10/31,申請のあった取扱品目の製造に限る
116662-01,一般社団法人近江ツーリズムボード,近江ツーリズムボード　２号車（滋賀８００わ・４０２）,飲食店営業,2024/05/08,2024/05/14,2031/02/28,自動車による営業に限る
116663-13,株式会社丸長食品,株式会社　丸長食品,乳製品製造業,2024/05/08,2024/05/20,2032/02/29,申請のあった取扱品目の製造に限る
116663-26,株式会社丸長食品,株式会社　丸長食品,複合型そうざい製造業,2024/05/08,2024/05/20,2032/02/29,申請のあった取扱品目の製造に限る
116663-29,株式会社丸長食品,株式会社　丸長食品,漬物製造業,2024/05/08,2024/05/20,2032/02/29,申請のあった取扱品目の製造に限る
116663-30,株式会社丸長食品,株式会社　丸長食品,密封包装食品製造業,2024/05/08,2024/05/20,2032/02/29,申請のあった取扱品目の製造に限る
116664-01,,お食事処　大平屋,飲食店営業,2024/05/09,2024/05/30,2030/06/30,
116665-01,,ｓｅａｓｏｎ（滋賀８３０さ・４２３）,飲食店営業,2024/05/09,2024/05/15,2030/02/28,自動車による営業に限る申請のあった取扱品目に限る
116666-02,ＩＪＯＯＺ株式会社,自販　ＩＪＯＯＺ株式会社　ブランチ大津京,調理の機能を有する自動販売機により食品を調理し、調理された食品を販売する営業,2024/04/25,2024/05/16,2030/02/28,自動販売機による営業に限る設置台数は１台に限る
116674-01,,安土信長３号車（滋賀８０２に７７７７）,飲食店営業,2024/05/14,2024/05/20,2031/02/28,自動車による営業に限る
116675-01,株式会社アシスト,おぎひろ家（大阪８００そ９４１２）,飲食店営業,2024/05/14,2024/05/20,2030/02/28,自動車による営業に限る申請のあった取扱品目に限る
116676-30,株式会社天一食品商事,株式会社　天一食品商事,密封包装食品製造業,2024/05/14,2024/05/30,2030/06/30,申請のあった取扱品目の製造に限る
116677-01,株式会社すき家,すき家　大津下阪本店,飲食店営業,2024/06/04,2024/06/26,2031/10/31,
116679-01,,るーあ（京都８００そ４２３９）,飲食店営業,2024/05/17,2024/05/23,2031/02/28,自動車による営業に限る
116680-01,有限会社アルバテック,有限会社アルバテック（春日井１１０さ３６３６）,飲食店営業,2024/05/17,2024/05/23,2031/02/28,自動車による営業に限る申請のあった取扱品目に限る
116681-01,株式会社ＩＬ　ＢＬＵＥＮＯ,Ｓｐｅｒａｎｚａ（三重８００せ４８４５）,飲食店営業,2024/05/20,2024/05/24,2030/02/28,自動車による営業に限る
116683-01,,お酒とごはん　つばき,飲食店営業,2024/05/22,2024/06/26,2031/02/28,
116684-01,株式会社縁,蕎麦酒場　ＳＯＢＡＳＯＢＡ,飲食店営業,2024/05/22,2024/06/07,2030/06/30,
116685-01,,縁屋,飲食店営業,2024/05/23,2024/05/31,2030/06/30,
116686-01,株式会社フォーシーズ,ピザーラお届け号　１９号車（なにわ８３０と８８００）,飲食店営業,2024/05/23,2024/05/29,2031/02/28,自動車による営業に限る
116687-01,,伊賀唐揚げ岡野屋,飲食店営業,2024/05/27,2024/05/31,2030/02/28,巡回移動営業に限る申請のあった営業場所に限る申請のあった取扱品目に限る加熱調理食品の提供に限る簡単な調理加工行為に限る
116688-01,,Ｓｔ．Ｊａｍｅｓ　Ｉｎｆｉｒｍａｒｙ,飲食店営業,2024/05/28,2024/06/24,2031/02/28,
116689-01,ミストラルフーズ関西株式会社,Ｃａｒｅ　Ｖｉｌｌａ　堅田,飲食店営業,2024/05/28,2024/06/06,2030/10/31,
116693-01,株式会社最後に勝つ,肉食堂　最後にカツ。,飲食店営業,2024/05/29,2024/06/12,2030/06/30,
116696-01,,農家の嫁ちゃん。,飲食店営業,2024/05/31,2024/06/06,2030/02/28,巡回移動営業に限る申請のあった営業場所に限る申請のあった取扱品目に限る加熱調理食品の提供に限る簡単な調理加工行為に限る
116699-01,,のきさきタップ,飲食店営業,2024/06/03,2024/06/07,2030/02/28,巡回移動営業に限る申請のあった営業場所に限る申請のあった取扱品目に限る加熱調理食品の提供に限る簡単な調理加工行為に限る
116701-28,戸倉商事株式会社,トクラ大阪　阪本食品工場,複合型冷凍食品製造業,2024/06/04,2024/06/20,2031/10/31,申請のあった取扱品目の製造に限る
116701-31,戸倉商事株式会社,トクラ大阪　阪本食品工場,食品の小分け業,2024/06/04,2024/06/20,2031/10/31,
116701-32,戸倉商事株式会社,トクラ大阪　阪本食品工場,添加物製造業,2024/06/04,2024/06/20,2031/10/31,申請のあった取扱品目の製造に限る
116702-01,,アグリツーリズモタベルナ　あげジャガ屋（大阪４８３く・４４４）,飲食店営業,2024/06/04,2024/06/10,2030/02/28,自動車による営業に限る申請のあった取扱品目に限る
116703-01,,アグリツーリズモタベルナ　あげジャガ屋,飲食店営業,2024/06/04,2024/06/10,2030/02/28,巡回移動営業に限る申請のあった営業場所に限る申請のあった取扱品目に限る加熱調理食品の提供に限る簡単な調理加工行為に限る
116704-01,,ぱくまい。（京都８００そ４２２５）,飲食店営業,2024/06/05,2024/06/11,2031/02/28,自動車による営業に限る申請のあった取扱品目に限る
116705-03,株式会社Ｆａｃｉｏ,ｅｆｔｃｏ　黒津店,食肉販売業,2024/06/05,2024/06/20,2031/06/30,とさつ・解体は行わないこと
116705-31,株式会社Ｆａｃｉｏ,ｅｆｔｃｏ　黒津店,食品の小分け業,2024/06/05,2024/06/20,2031/06/30,
116706-01,クックメディカルフーズ株式会社,ナーシングホーム　アルク大津唐崎,飲食店営業,2024/06/05,2024/08/06,2032/02/29,
116708-01,株式会社フォーシーズ,ピザーラお届け号　２０号車（長岡８３０す８８００）,飲食店営業,2024/06/06,2024/06/12,2031/02/28,自動車による営業に限る
116709-01,株式会社京建設,ＣＯＲＥ　ＬＡＮＤ,飲食店営業,2024/06/07,2024/06/13,2030/02/28,巡回移動営業に限る申請のあった営業場所に限る申請のあった取扱品目に限る加熱調理食品の提供に限る簡単な調理加工行為に限る
116711-01,,コレスキ,飲食店営業,2024/06/10,2024/06/14,2030/02/28,巡回移動営業に限る申請のあった営業場所に限る申請のあった取扱品目に限る加熱調理食品の提供に限る簡単な調理加工行為に限る
116712-01,,Ｓｕｐｐｌｉ,飲食店営業,2024/06/11,2024/07/12,2030/10/31,
116713-01,株式会社戸高工務店,ＹＵＲＥＬ,飲食店営業,2024/06/11,2024/07/11,2031/06/30,
116714-01,株式会社アイオン,Ｒｅｖｅ,飲食店営業,2024/06/12,2024/07/08,2030/10/31,
116715-01,,ＴＯＲＵＴＯＲＵ（大阪８００そ５１１２）,飲食店営業,2024/06/12,2024/06/18,2031/02/28,自動車による営業に限る申請のあった取扱品目に限る
116716-01,,ＴＯＲＵＴＯＲＵ,飲食店営業,2024/06/12,2024/06/18,2030/02/28,巡回移動営業に限る申請のあった営業場所に限る申請のあった取扱品目に限る加熱調理食品の提供に限る簡単な調理加工行為に限る
116717-01,株式会社サニーファーム,カフェ　マイヤミ,飲食店営業,2024/06/13,2024/06/26,2030/10/31,
116718-01,合同会社ＫＳＫ,セブン－イレブン　東レ滋賀事業場店,飲食店営業,2024/06/14,2024/07/05,2031/06/30,
116721-01,,ＮＯＭＵ，Ｓ　ｋｉｔｃｈｅｎ（鈴鹿８３０さ１９８３）,飲食店営業,2024/06/18,2024/06/24,2030/02/28,自動車による営業に限る
116722-01,,猫物語（滋賀４８５の・２２２）,飲食店営業,2024/06/18,2024/06/24,2030/02/28,自動車による営業に限る申請のあった取扱品目に限る
116723-01,萬盛株式会社,中国料理　四季三食,飲食店営業,2024/06/17,2024/07/01,2030/10/31,
116727-30,ハートサポートシステム有限会社,ハートサポートシステム,密封包装食品製造業,2024/06/19,2024/07/02,2030/10/31,申請のあった取扱品目の製造に限る
116728-01,,カステラのきもち,飲食店営業,2024/06/20,2024/06/26,2030/02/28,巡回移動営業に限る申請のあった営業場所に限る申請のあった取扱品目に限る加熱調理食品の提供に限る簡単な調理加工行為に限る
116729-01,ハートサポートシステム有限会社,花のＢｅｉｎｇ,飲食店営業,2024/06/19,2024/07/02,2030/10/31,
116730-02,ＩＪＯＯＺ株式会社,自販　ＩＪＯＯＺ株式会社　コーナン大津瀬田川店,調理の機能を有する自動販売機により食品を調理し、調理された食品を販売する営業,2024/06/14,2024/06/26,2030/02/28,自動販売機による営業に限る設置台数は１台に限る
116731-01,合同会社ＵｐＬｅａｐ,Ｇ　ＢＡＳＥ,飲食店営業,2024/06/27,2024/07/12,2030/10/31,
116732-01,株式会社タツケン,ＩＳＨＩＹＡＭＡ　ＲＯＣＫ　ＢＲＥＷＥＲＹ,飲食店営業,2024/06/14,2024/07/01,2030/06/30,
116732-21,株式会社タツケン,ＩＳＨＩＹＡＭＡ　ＲＯＣＫ　ＢＲＥＷＥＲＹ,酒類製造業,2024/10/07,2024/10/24,2030/06/30,申請のあった取扱品目の製造に限る
116733-11,,ｔａｎｏ　ｔａｎｏ　ｋｉｔｃｈｅｎ,菓子製造業,2024/06/20,2024/07/01,2030/06/30,申請のあった取扱品目の製造に限る
116734-29,,ＫＵＹＯＭＯＮ,漬物製造業,2024/06/19,2024/07/05,2031/06/30,申請のあった取扱品目の製造に限る
116735-01,,咲’ｓ　ｋｉｔｃｈｅｎ（京都８００そ１９８３）,飲食店営業,2024/06/21,2024/06/27,2031/02/28,自動車による営業に限る申請のあった取扱品目に限る
116739-01,,ｉｓｅｔｏ,飲食店営業,2024/06/21,2024/06/27,2030/02/28,巡回移動営業に限る申請のあった営業場所に限る申請のあった取扱品目に限る加熱調理食品の提供に限る簡単な調理加工行為に限る
116740-01,株式会社アストストラテジー,カフェ　ドゥ　ミモザ　ｃａｆｅ　ｄｅ　ｍｉｍｏｓａ,飲食店営業,2024/06/21,2024/07/10,2031/06/30,
116746-01,,ＴＯＲＵＴＯＲＵ（大阪８００そ９２７３）,飲食店営業,2024/06/27,2024/07/03,2030/02/28,自動車による営業に限る申請のあった取扱品目に限る
116747-01,,風珈琲店,飲食店営業,2024/06/27,2024/07/16,2030/10/31,
116748-01,株式会社ルア・コーポレーション,べんと君,飲食店営業,2024/06/27,2024/07/11,2031/02/28,
116749-01,,よにし,飲食店営業,2024/06/28,2024/07/08,2030/10/31,
116751-01,株式会社ＫＴＢ,月島もんじゃ・お好み焼き　どてっぱん石山駅前店,飲食店営業,2024/07/01,2024/07/18,2031/06/30,
116752-01,,神宮茶寮,飲食店営業,2024/07/01,2024/07/25,2031/02/28,
116752-11,,神宮茶寮,菓子製造業,2024/07/01,2024/07/25,2031/02/28,申請のあった取扱品目の製造に限る
116753-01,株式会社叶匠寿庵,イベント室,飲食店営業,2024/07/02,2024/07/16,2031/06/30,
116754-01,,とりのクマさん,飲食店営業,2024/07/02,2024/07/17,2030/10/31,
116755-01,株式会社オールアーツクリエイト,ＡＡＣｍａｒｋｅｔ（滋賀８００す８４１１）,飲食店営業,2024/07/03,2024/07/09,2030/02/28,自動車による営業に限る申請のあった取扱品目に限る
116756-01,株式会社ｕｐ　ｉｔ,ｕｐｉｔ’ｓ　ｋｉｔｃｈｅｎ（京都８３０せ１０１４）,飲食店営業,2024/07/03,2024/07/09,2031/02/28,自動車による営業に限る申請のあった取扱品目に限る
116758-01,,ＮｅｅｄＵ（大阪８００そ９５２８）,飲食店営業,2024/07/04,2024/07/10,2030/02/28,自動車による営業に限る
116759-01,,ｍｉｎｏ’ａｋａ（滋賀８３０つ３００３）,飲食店営業,2024/07/04,2024/07/10,2031/02/28,自動車による営業に限る申請のあった取扱品目に限る
116760-01,,ｙｕｋｋｙ．ｃｏｍ（和泉８００せ１８０８）,飲食店営業,2024/07/05,2024/07/11,2030/02/28,自動車による営業に限る
116761-01,,夢笑喜,飲食店営業,2024/07/08,2024/07/12,2030/02/28,巡回移動営業に限る申請のあった営業場所に限る申請のあった取扱品目に限る加熱調理食品の提供に限る簡単な調理加工行為に限る
116762-01,株式会社叶匠寿庵,寿長生の郷　お楽しみ広場,飲食店営業,2024/07/08,2024/07/22,2031/06/30,
116763-01,,バール　コマド,飲食店営業,2024/07/08,2024/07/16,2031/02/28,
116764-01,,缶おけ,飲食店営業,2024/07/09,2024/07/12,2031/06/30,
116765-01,株式会社アーク,Ａｒｋ館ヶ森（平泉４８０い２６０４）,飲食店営業,2024/07/09,2024/07/16,2030/02/28,自動車による営業に限る申請のあった取扱品目に限る
116766-01,,Ｋ－ＨＯＵＳＥ（京都１００そ１６３２）,飲食店営業,2024/07/10,2024/07/17,2030/02/28,自動車による営業に限る申請のあった取扱品目に限る
116769-01,,まちださん（滋賀８００す８２７７）,飲食店営業,2024/07/10,2024/07/17,2031/02/28,自動車による営業に限る
116770-02,ＩＪＯＯＺ株式会社,自販　ＩＪＯＯＺ株式会社　フォレオ大津一里山２Ｆ,調理の機能を有する自動販売機により食品を調理し、調理された食品を販売する営業,2024/07/10,2024/07/23,2030/02/28,自動販売機による営業に限る設置台数は１台に限る
116773-01,こと京都株式会社,つなぐ食堂（京都８００そ３００８）,飲食店営業,2024/07/11,2024/07/16,2031/02/28,自動車による営業に限る
116774-01,,ヨギチョギ（なにわ８００せ５１６６）,飲食店営業,2024/07/12,2024/07/19,2030/02/28,自動車による営業に限る
116775-01,,Ｄｉｎｉｎｇ　Ｃａｆｅ　ＲＡＶＥＲＳ,飲食店営業,2024/07/12,2024/07/31,2030/10/31,
116780-01,,じぃじの餃子,飲食店営業,2024/07/16,2024/07/22,2030/02/28,巡回移動営業に限る申請のあった営業場所に限る申請のあった取扱品目に限る加熱調理食品の提供に限る簡単な調理加工行為に限る
116781-11,,菓子工房シュウ,菓子製造業,2024/07/16,2024/07/26,2032/02/29,申請のあった取扱品目の製造に限る
116782-01,,ＲＯＤＥＯ,飲食店営業,2024/07/17,2024/08/09,2031/06/30,簡易な営業に限る
116783-01,,じん吉,飲食店営業,2024/07/19,2024/07/31,2031/02/28,
116784-11,,黒墨商店大津店,菓子製造業,2024/07/19,2024/08/02,2031/06/30,申請のあった取扱品目の製造に限る
116785-01,,銀座六丁目、フライの家。京都店（京都８００そ３６０８）,飲食店営業,2024/07/22,2024/07/26,2030/02/28,自動車による営業に限る
116786-01,,いちごびより（滋賀８００す８４８７）,飲食店営業,2024/07/22,2024/07/26,2030/02/28,自動車による営業に限る
116787-01,,ＲＩＲＥ　ＢＩＳＣＵＩＴ,飲食店営業,2024/07/22,2024/08/07,2031/02/28,
116787-11,,ＲＩＲＥ　ＢＩＳＣＵＩＴ,菓子製造業,2024/07/22,2024/08/07,2031/02/28,申請のあった取扱品目の製造に限る
116788-01,ＩＭＡＧＩＮＥ合同会社,ベビーカステラ専門店　○菓子（堺４８３き３５８８）,飲食店営業,2024/07/23,2024/07/29,2030/02/28,自動車による営業に限る申請のあった取扱品目に限る
116789-01,,自然帑（滋賀４８３る２０２１）,飲食店営業,2024/07/24,2024/07/30,2030/02/28,自動車による営業に限る申請のあった取扱品目に限る
116793-01,株式会社ＥＩＧＨＴ　ＯＮＥ８１,ｅｉｇｈｔ　ｏｎｅ　ｃａｆｅ（愛媛１３０ほ・・８１）,飲食店営業,2024/07/26,2024/08/01,2030/02/28,自動車による営業に限る申請のあった取扱品目に限る
116795-01,,フェリチータ・スペース（なにわ８００せ５９６８）,飲食店営業,2024/07/29,2024/08/02,2031/02/28,自動車による営業に限る
116796-01,,ニョッキ,飲食店営業,2024/07/29,2024/08/09,2031/06/30,
116797-01,,ＨＩＴＯＩＫＩ,飲食店営業,2024/07/30,2024/08/05,2030/02/28,巡回移動営業に限る申請のあった営業場所に限る申請のあった取扱品目に限る加熱調理食品の提供に限る
116798-01,株式会社すき家,すき家　キッチンカー１１号車（川崎８００す２０４５）,飲食店営業,2024/07/31,2024/08/06,2031/02/28,自動車による営業に限る
116799-01,一般社団法人ｃｈａｎｇｅｓ,Ｋｉｚｕｎａ,飲食店営業,2024/07/31,2024/08/20,2031/06/30,
116799-11,一般社団法人ｃｈａｎｇｅｓ,Ｋｉｚｕｎａ,菓子製造業,2024/07/31,2024/08/20,2031/06/30,申請のあった取扱品目の製造に限る
116800-11,,いも福亭,菓子製造業,2024/08/01,2024/08/15,2030/10/31,申請のあった取扱品目の製造に限る
116801-01,,ＯＮＥＤＵＳＴＲＩＥＳ（なにわ４８０と３０１９）,飲食店営業,2024/08/01,2024/08/07,2031/02/28,自動車による営業に限る申請のあった取扱品目に限る
116802-01,和歌山マリーナシティ株式会社,黒潮市場（和歌山１３０そ９６４０）,飲食店営業,2024/08/02,2024/08/08,2031/02/28,自動車による営業に限る
116804-03,株式会社かないち,肉処かないち　嘉乃や瀬田店,食肉販売業,2024/08/02,2024/08/29,2031/06/30,とさつ・解体は行わないこと
116807-01,近江麦酒株式会社,クラフトビアガーデン,飲食店営業,2024/08/06,2024/08/09,2031/02/28,
116808-01,,カラオケ喫茶華イベント,飲食店営業,2024/08/06,2024/08/13,2030/02/28,巡回移動営業に限る申請のあった営業場所に限る申請のあった取扱品目に限る加熱調理食品の提供に限る簡単な調理加工行為に限る
116811-01,株式会社パンプキンズコーポレーション,（株）パンプキンズコーポレーション松島産婦人科医院店,飲食店営業,2024/08/07,2024/08/21,2031/02/28,
116812-01,,ＦＯＯＤＴＲＵＣＫ　Ｋａｉ（京都４８０ね９９１１）,飲食店営業,2024/08/07,2024/08/09,2031/02/28,自動車による営業に限る申請のあった取扱品目に限る
116826-01,,ｔａｊｉ　ｃｏｆｆｅｅ　ｒｏａｓｔｅｒｙ,飲食店営業,2024/08/16,2024/08/22,2030/02/28,巡回移動営業に限る申請のあった営業場所に限る申請のあった取扱品目に限る加熱調理食品の提供に限る簡単な調理加工行為に限る
116827-29,,へきさん,漬物製造業,2024/08/16,2024/09/11,2030/10/31,申請のあった取扱品目の製造に限る
116828-01,株式会社新翔工業,Ｓ－ｆｏｏｄ（京都８００そ３２６０）,飲食店営業,2024/08/19,2024/08/23,2031/02/28,自動車による営業に限る申請のあった取扱品目に限る
116829-01,株式会社ミ・カサ,スマイルキッチン（滋賀８００す８４５３）,飲食店営業,2024/08/19,2024/08/23,2031/02/28,自動車による営業に限る
116830-01,株式会社ＧＬＯＢＡＬ　ＬＩＮＫ,ＣＯＣＯ　ＣＡＦＥ,飲食店営業,2024/08/20,2024/08/27,2031/02/28,
116831-01,株式会社ＧＬＯＢＡＬ　ＬＩＮＫ,ＣＯＣＯ　ＢＡＲ,飲食店営業,2024/08/20,2024/08/27,2031/02/28,
116832-30,一般社団法人滋賀県介護支援協会,一般社団法人　滋賀県介護支援協会　しえんからさき,密封包装食品製造業,2024/08/20,2024/09/11,2030/10/31,申請のあった取扱品目の製造に限る
116832-11,一般社団法人滋賀県介護支援協会,一般社団法人　滋賀県介護支援協会　しえんからさき,菓子製造業,2026/07/09,2026/07/24,2033/02/28,申請のあった取扱品目の製造に限る。
116834-01,レーク滋賀農業協同組合,ＪＡレーク滋賀　堅田調理室,飲食店営業,2024/08/22,2024/09/02,2030/10/31,
116835-01,,ｓｅｃｒｅｔ,飲食店営業,2024/08/22,2024/09/18,2031/06/30,
116838-01,,ＫＯＭＥ　Ｃａｆｅ,飲食店営業,2024/08/26,2024/09/10,2031/06/30,
116838-11,,ＫＯＭＥ　Ｃａｆｅ,菓子製造業,2024/08/26,2024/09/10,2031/06/30,申請のあった取扱品目の製造に限る
116839-01,,ＴＡＮＤＯＲＩ　ＹＡＫＩＴＯＲＩ　ＡＮＤ　ＢＡＲ,飲食店営業,2024/08/26,2024/08/29,2031/06/30,
116843-01,株式会社オールアーツクリエイト,Ｔｒａｔｔｏｒｉａ　Ｔｒｅｎｔａｓｅｉ,飲食店営業,2024/08/27,2024/09/04,2031/02/28,
116843-11,株式会社オールアーツクリエイト,Ｔｒａｔｔｏｒｉａ　Ｔｒｅｎｔａｓｅｉ,菓子製造業,2024/08/27,2024/09/04,2031/02/28,申請のあった取扱品目の製造に限る
116843-25,株式会社オールアーツクリエイト,Ｔｒａｔｔｏｒｉａ　Ｔｒｅｎｔａｓｅｉ,そうざい製造業,2024/08/27,2024/09/04,2031/02/28,申請のあった取扱品目の製造に限る
116845-01,,Ｒｉｔｓ　ｃａｆｅｔｅｒｉａ　２０２４,飲食店営業,2024/08/28,2024/09/09,2031/02/28,
116848-01,ベストバリューエネルギー株式会社,ＧＲＡＮＤＥ（京都８００そ１０２９）,飲食店営業,2024/08/29,2024/09/04,2031/02/28,自動車による営業に限る申請のあった取扱品目に限る
116852-01,,ＡＮｃａｆｅ＆ｓｐａｃｅ,飲食店営業,2024/09/02,2024/09/11,2030/10/31,
116852-11,,ＡＮｃａｆｅ＆ｓｐａｃｅ,菓子製造業,2024/09/02,2024/09/11,2030/10/31,申請のあった取扱品目の製造に限る
116853-01,,ＣＨＡＫＲＡ１０８　ｒａｉｓｗａｌ’ｓ　ｋｉｔｃｈｅｎ（大阪８００そ８９０１）,飲食店営業,2024/09/03,2024/09/09,2031/02/28,自動車による営業に限る
116854-01,,やきとり大吉　石山駅前店,飲食店営業,2024/09/02,2024/09/26,2031/06/30,
116855-01,,Ｌｕｌｕｍａｌａ　Ｂａｋｅｈｏｍｅ　ＬＣ,飲食店営業,2024/09/03,2024/09/20,2031/06/30,
116856-01,レーク滋賀農業協同組合,おにぎり亭　キッチンカー（滋賀８００ぬ・・・２）,飲食店営業,2024/09/05,2024/09/11,2031/02/28,自動車による営業に限る
116857-11,,ｓａｃｓａｃ菓子製造,菓子製造業,2024/09/06,2024/09/18,2032/02/29,申請のあった取扱品目の製造に限る
116859-01,,レストラン　ミッシェン,飲食店営業,2024/09/09,2024/10/01,2031/02/28,
116860-01,アシスト株式会社,エンジョイキッチン（鈴鹿８００さ１７４８）,飲食店営業,2024/09/10,2024/09/17,2031/02/28,自動車による営業に限る申請のあった取扱品目に限る
116861-01,,九州博多料理　なべ音（名古屋８００ね３５７１）,飲食店営業,2024/09/11,2024/09/18,2030/02/28,自動車による営業に限る
116862-01,,コートサイド,飲食店営業,2024/09/10,2024/09/20,2031/02/28,
116863-01,,Ｂａｒ　Ｌｉｇａｙａ,飲食店営業,2024/09/10,2024/09/30,2031/02/28,
116864-01,岸本産業有限会社,岸本酒店,飲食店営業,2024/09/12,2024/10/01,2030/10/31,
116867-01,,ＢＡＢＹ　ＳＡＬＬＹ（滋賀４８０な６８３６）,飲食店営業,2024/09/18,2024/09/25,2031/02/28,自動車による営業に限る申請のあった取扱品目に限る
116868-01,,真味（大阪８３０ぬ２９０１）,飲食店営業,2024/09/18,2024/09/25,2031/02/28,自動車による営業に限る申請のあった取扱品目に限る
116869-01,マスターズライフサポート株式会社,おおみ路　中楽坊レストラン,飲食店営業,2024/09/18,2024/10/24,2031/10/31,
116874-01,,ハローコギョ,飲食店営業,2024/09/19,2024/09/26,2030/02/28,簡単な調理加工行為に限る巡回移動営業に限る申請のあった営業場所に限る申請のあった取扱品目に限る加熱調理食品の提供に限る
116875-01,,湖風舎,飲食店営業,2024/09/19,2024/10/02,2031/02/28,
116875-11,,湖風舎,菓子製造業,2024/10/25,2024/11/07,2031/02/28,申請のあった取扱品目の製造に限る
116876-01,,三羽唐,飲食店営業,2024/09/20,2024/09/27,2030/02/28,簡単な調理加工行為に限る巡回移動営業に限る申請のあった営業場所に限る申請のあった取扱品目に限る加熱調理食品の提供に限る
116877-01,,ＧＬＩＴＣＨ　ＢＲＥＡＫ（滋賀１３０そ・５８８）,飲食店営業,2024/09/24,2024/09/30,2030/02/28,自動車による営業に限る申請のあった取扱品目に限る
116878-01,,宅食ライフ　大津本店,飲食店営業,2024/09/25,2024/10/04,2030/10/31,
116880-01,株式会社杢兵衛造船所,屋形船　四季,飲食店営業,2024/09/12,2024/10/01,2031/02/28,船舶による営業に限る臨時的営業に限る申請のあった取扱品目に限る加熱調理食品の提供に限る
116883-01,,まん,飲食店営業,2024/09/27,2024/11/06,2031/10/31,
116885-01,特定非営利活動法人滋賀県社会就労事業振興センター,ウッディ伊香立（滋賀８００す８５９０）,飲食店営業,2024/10/01,2024/10/07,2031/02/28,自動車による営業に限る申請のあった取扱品目に限る
116886-01,株式会社西洋舎,博多らーめん旨ふくちあん,飲食店営業,2024/10/02,2024/10/11,2030/10/31,
116886-24,株式会社西洋舎,博多らーめん旨ふくちあん,麺類製造業,2024/10/02,2024/10/11,2030/10/31,申請のあった取扱品目の製造に限る
116887-01,,パタヤコーポレーション（京都８００そ・８８４）,飲食店営業,2024/10/02,2024/10/08,2030/02/28,自動車による営業に限る申請のあった取扱品目に限る
116888-01,株式会社持成,やきとり大吉　瀬田店,飲食店営業,2024/10/02,2024/10/18,2031/06/30,
116891-01,,モグラと散歩（京都４８０ひ６０６５）,飲食店営業,2024/10/07,2024/10/11,2031/02/28,自動車による営業に限る申請のあった取扱品目に限る簡易な調理に限る加熱調理食品の提供に限る
116892-01,,アンドゴー（滋賀８００み・５５５）,飲食店営業,2024/10/09,2024/10/16,2030/02/28,自動車による営業に限る申請のあった取扱品目に限る
116893-01,株式会社ＯＣ,カラオケ居酒屋　コージー,飲食店営業,2024/10/09,2024/10/30,2030/10/31,
116895-25,株式会社魚耕,株式会社　魚耕,そうざい製造業,2024/10/10,2024/10/24,2031/06/30,申請のあった取扱品目の製造に限る
116896-01,株式会社魚耕,株式会社　魚耕,飲食店営業,2024/10/10,2024/10/24,2030/02/28,巡回移動営業に限る申請のあった営業場所に限る申請のあった取扱品目に限る加熱調理食品の提供に限る簡単な調理加工行為に限る
116897-01,東晟商事株式会社,旬彩　カネスエ大津レイクサイドガーデン店,飲食店営業,2024/10/16,2024/11/15,2033/06/30,
116898-01,株式会社ｃａｒｍｅｌ　ｃｏｍｐａｎｙ,ＣＡＲＭＥＬ（滋賀８００す５４１８）,飲食店営業,2024/10/17,2024/10/23,2030/02/28,自動車による営業に限る
116899-01,合同会社ｃａｒｅｑ’ｓ,ポのカステラ,飲食店営業,2024/10/17,2024/10/23,2030/02/28,巡回移動営業に限る申請のあった営業場所に限る申請のあった取扱品目に限る加熱調理食品の提供に限る簡単な調理加工行為に限る
116900-01,,善庵,飲食店営業,2024/10/17,2024/10/24,2031/02/28,
116904-01,株式会社カネスエ商事,カネスエ大津レイクサイドガーデン店,飲食店営業,2024/10/18,2024/11/15,2033/06/30,
116906-01,,ｍｏｆｕ ｋｉｔｃｈｅｎ（京都４８３け６２６２）,飲食店営業,2024/10/18,2024/10/24,2031/02/28,自動車による営業に限る
116907-01,株式会社ベースワン,キッチンカー　みちゅなり（滋賀８３０さ１６１５）,飲食店営業,2024/10/22,2024/10/28,2031/02/28,自動車による営業に限る
116908-01,,ＹＵ　ｋｉｔｃｈｅｎ（滋賀８００す８５７６）,飲食店営業,2024/10/23,2024/10/29,2031/02/28,自動車による営業に限る
116909-01,,おむすび　遥,飲食店営業,2024/10/22,2024/11/21,2031/02/28,
116910-01,,２５２５ＫＩＴＣＨＥＮ　－Ｐｌａｃｅ　ｔｏ　ｂｅ－,飲食店営業,2024/10/21,2024/11/07,2031/06/30,
116910-11,,２５２５ＫＩＴＣＨＥＮ　－Ｐｌａｃｅ　ｔｏ　ｂｅ－,菓子製造業,2024/10/21,2024/11/07,2031/06/30,申請のあった取扱品目の製造に限る
116911-01,,草庭,飲食店営業,2024/10/23,2024/11/06,2031/10/31,
116913-01,,縁志,飲食店営業,2024/10/28,2024/11/01,2030/02/28,簡単な調理加工行為に限る巡回移動営業に限る申請のあった営業場所に限る申請のあった取扱品目に限る加熱調理食品の提供に限る
116916-01,,岡﨑団子（京都４８０ま２７１０）,飲食店営業,2024/10/29,2024/11/05,2031/02/28,自動車による営業に限る
116917-01,,ｓｐａｒｆｆｌｅ（滋賀１００せ３１８２）,飲食店営業,2024/10/31,2024/11/07,2030/02/28,自動車による営業に限る申請のあった取扱品目に限る
116923-01,,豊上水産,飲食店営業,2024/11/01,2024/11/08,2030/02/28,巡回移動営業に限る申請のあった営業場所に限る申請のあった取扱品目に限る加熱調理食品の提供に限る簡単な調理加工行為に限る
116924-01,,海野物産（海物堂）（大阪８００そ９３７８）,飲食店営業,2024/11/05,2024/11/07,2030/02/28,自動車による営業に限る申請のあった取扱品目に限る
116925-01,株式会社ＯＣ,焼肉酒場　まほろば　膳所ときめき坂店,飲食店営業,2024/11/05,2024/11/21,2031/02/28,
116927-01,,ＰＩＺＺＡ　ＲＯＴＯＬＯ（奈良８３０さ・６９６）,飲食店営業,2024/11/07,2024/11/13,2031/02/28,自動車による営業に限る申請のあった取扱品目に限る
116928-01,,歌乃愛パープル,飲食店営業,2024/11/07,2024/11/15,2031/06/30,
116932-01,,ジジ冒険隊,飲食店営業,2024/11/12,2024/11/18,2030/02/28,巡回移動営業に限る申請のあった営業場所に限る申請のあった取扱品目に限る加熱調理食品の提供に限る簡単な調理加工行為に限る
116933-01,,満月喫茶店,飲食店営業,2024/11/13,2024/12/11,2031/06/30,
116934-02,ＩＪＯＯＺ株式会社,自販　ＩＪＯＯＺ株式会社　バロー大津店,調理の機能を有する自動販売機により食品を調理し、調理された食品を販売する営業,2024/11/13,2024/11/21,2030/02/28,自動販売機による営業（設置台数は１台）に限る
116935-02,ＩＪＯＯＺ株式会社,自販　ＩＪＯＯＺ株式会社　バロー茶が崎店,調理の機能を有する自動販売機により食品を調理し、調理された食品を販売する営業,2024/11/13,2024/11/21,2030/02/28,自動販売機による営業（設置台数は１台）に限る
116938-01,株式会社レインズインターナショナル,牛角食べ放題専門店　大津におの浜店,飲食店営業,2024/11/15,2024/11/27,2031/02/28,
116939-01,,居酒屋　へそ,飲食店営業,2024/11/15,2024/11/25,2032/06/30,
116940-25,,びわこ水産　ゑびす,そうざい製造業,2024/11/18,2024/12/04,2031/10/31,申請のあった取扱品目に限る
116941-03,,Ｕ＿Ｄｅｓｉｇｎ,食肉販売業,2024/11/18,2024/12/13,2031/06/30,とさつ・解体は行わないこと
116941-25,,Ｕ＿Ｄｅｓｉｇｎ,そうざい製造業,2024/11/18,2024/12/13,2031/06/30,申請のあった取扱品目の製造に限る
116943-01,株式会社Ｋ志賀,ローソン志賀荒川,飲食店営業,2024/11/20,2024/11/25,2032/10/31,
116944-01,株式会社エクステンド,カプリチョーザ　ブランチ大津京店,飲食店営業,2024/11/22,2024/12/24,2032/02/29,
116945-01,,餃子の専門店　餃子チョップ　滋賀石山本店,飲食店営業,2024/11/25,2024/11/28,2031/06/30,
116945-27,,餃子の専門店　餃子チョップ　滋賀石山本店,冷凍食品製造業,2025/05/30,2025/06/09,2031/06/30,申請のあった取扱品目の製造に限る。
116945-29,,餃子の専門店　餃子チョップ　滋賀石山本店,漬物製造業,2025/05/30,2025/06/09,2031/06/30,申請のあった取扱品目の製造に限る。
116946-01,株式会社フロントラインプロダクション,大津町中華　マッハ,飲食店営業,2024/11/26,2024/12/06,2031/02/28,
116947-01,,京くらら（京都４８０ほ８６００）,飲食店営業,2024/11/29,2024/12/05,2031/02/28,自動車による営業に限る
116948-01,,シェアカフェ　百種,飲食店営業,2024/12/02,2024/12/11,2031/06/30,
116948-11,,シェアカフェ　百種,菓子製造業,2025/10/02,2025/10/14,2032/06/30,申請のあった取扱品目の製造に限る。
116950-01,,湖風農園　いちご茶屋,飲食店営業,2024/12/03,2024/12/13,2031/06/30,
116950-11,,湖風農園　いちご茶屋,菓子製造業,2024/12/03,2024/12/13,2031/06/30,申請のあった取扱品目の製造に限る
116951-01,株式会社京料理花萬,京料理　花萬　聖母こども園,飲食店営業,2024/12/03,2024/12/23,2032/02/29,
116954-01,株式会社Ｚｉｐ,ヒトシズク,飲食店営業,2024/12/05,2024/12/19,2031/10/31,
116955-01,,福菜家（京都８０４そ８０００）,飲食店営業,2024/12/06,2024/12/12,2030/02/28,自動車による営業に限る
116956-01,,餃子,飲食店営業,2024/12/09,2024/12/13,2030/02/28,巡回移動営業に限る申請のあった営業場所に限る申請のあった取扱品目に限る加熱調理食品の提供に限る簡単な調理加工行為に限る
116957-01,,古民家カフェ　ツナグ,飲食店営業,2024/12/09,2024/12/19,2031/02/28,
116958-01,,ｌａ　ｐｌｕｉｅ,飲食店営業,2024/12/09,2025/01/08,2031/06/30,
116959-01,,ＬＯＶＥ＆ＰＥＡＣＥ（滋賀８３０て・・５８）,飲食店営業,2024/12/09,2024/12/13,2030/02/28,自動車による営業に限る申請のあった取扱品目に限る
116960-01,食品デザイン株式会社,金魚　食品デザイン株式会社（なにわ８００せ５９０４）,飲食店営業,2024/12/10,2024/12/16,2030/02/28,自動車による営業に限る申請のあった取扱品目に限る
116961-01,株式会社ｃｏｏｐｅｒ,ＳＨＯＷＴＩＭＥ（なにわ８００せ４５１６）,飲食店営業,2024/12/11,2024/12/17,2030/02/28,自動車による営業に限る
116963-01,株式会社フリオ,喫茶　ＳＯＵＲＵ,飲食店営業,2024/12/11,2025/06/30,2031/02/28,
116965-01,,ＭｏｇＭｏｇ（滋賀４８０な８０８４）,飲食店営業,2024/12/12,2024/12/18,2030/02/28,自動車による営業に限る申請のあった取扱品目に限る簡易な調理に限る加熱調理食品の提供に限る
116966-01,,Ｂａｒ　Ｇｒａｎ　石山店,飲食店営業,2024/12/16,2024/12/24,2031/06/30,
116967-01,,キッチンカー　ＣＰＣ（京都４８４す６６６６）,飲食店営業,2024/12/17,2024/12/23,2030/02/28,自動車による営業に限る申請のあった取扱品目に限る
116968-11,株式会社Ｇｅｎ＆Ｐａｒｔｎｅｒｓ,ワン・ツー・ヴィレッジ　浜大津,菓子製造業,2024/12/18,2025/01/06,2032/02/29,申請のあった取扱品目の製造に限る
116969-01,,リセスコーヒー,飲食店営業,2024/12/18,2024/12/24,2030/02/28,巡回移動営業に限る申請のあった営業場所に限る申請のあった取扱品目に限る加熱調理食品の提供に限る簡単な調理加工行為に限る
116970-01,,ジョイフル大津坂本店,飲食店営業,2024/12/18,2025/01/01,2033/10/31,
116971-01,,みのり,飲食店営業,2024/12/19,2024/12/25,2030/02/28,巡回移動営業に限る申請のあった営業場所に限る申請のあった取扱品目に限る加熱調理食品の提供に限る簡単な調理加工行為に限る
116973-01,,ＳＨＩＭＡＭＩ　ＣＯＦＦＥＥ,飲食店営業,2024/12/24,2025/01/09,2030/10/31,
116975-01,合同会社茶菓山川,茶菓　山川,飲食店営業,2024/12/25,2024/12/27,2031/02/28,
116975-11,合同会社茶菓山川,茶菓　山川,菓子製造業,2024/12/25,2024/12/27,2031/02/28,申請のあった取扱品目の製造に限る
116976-01,,ブルーマンタ（滋賀４８３ち５２９６）,飲食店営業,2024/12/25,2025/01/07,2030/02/28,自動車による営業に限る申請のあった取扱品目に限る
116977-01,,鉄板処　一階,飲食店営業,2024/12/26,2025/01/10,2031/02/28,
116978-01,,栞,飲食店営業,2024/12/27,2025/01/17,2031/06/30,
116979-01,,ＬＩＴＴＬＥ　ＲＥＴＲＥＡＴ,飲食店営業,2025/01/06,2025/01/22,2031/06/30,
116979-11,,ＬＩＴＴＬＥ　ＲＥＴＲＥＡＴ,菓子製造業,2025/01/06,2025/01/22,2031/06/30,申請のあった取扱品目の製造に限る
116980-01,,マミーズカフェ,飲食店営業,2025/01/07,2025/03/26,2032/02/29,
116981-01,ＡＲＡＰＳＵＮ株式会社,ＡＲＡＰＳＵＮ（大阪１３０ま・・５０）,飲食店営業,2025/01/08,2025/01/15,2031/02/28,自動車による営業に限る申請のあった取扱品目に限る
116982-01,株式会社バロー,バロー真野店のおすし屋さん,飲食店営業,2025/01/08,2025/01/31,2032/10/31,
116983-01,,ＳＫＹ　ＫＩＴＣＨＥＮ（京都８００そ３１８１）,飲食店営業,2025/01/10,2025/01/17,2031/02/28,自動車による営業に限る
116988-01,,ＳＯＬ,飲食店営業,2025/01/14,2025/01/23,2031/06/30,
116989-01,株式会社平和堂,株式会社平和堂　フレンドマート唐崎店　臨時寿司,飲食店営業,2025/01/15,2025/01/31,2031/02/28,
116991-01,,スカイマリン（鈴鹿８３０す７４４４）,飲食店営業,2025/01/17,2025/01/23,2030/02/28,自動車による営業に限る申請のあった取扱品目に限る
116994-01,,ｂｅｌｌ,飲食店営業,2025/01/20,2025/02/14,2031/02/28,
116994-11,,ｂｅｌｌ,菓子製造業,2025/01/20,2025/02/14,2031/02/28,申請のあった取扱品目の製造に限る
116995-01,株式会社カナダハウス,モスバーガー　大津堅田店,飲食店営業,2025/01/20,2025/01/30,2032/10/31,
116999-25,,やいちゃん弁当,そうざい製造業,2025/01/24,2025/02/07,2031/02/28,申請のあった取扱品目の製造に限る
117000-11,,食土記,菓子製造業,2025/01/27,2025/02/03,2031/10/31,申請のあった取扱品目の製造に限る
117001-01,,星,飲食店営業,2025/01/27,2025/01/30,2031/02/28,
117004-01,,Ｐｅｅｋ　Ａ　Ｂｏｏ,飲食店営業,2025/01/28,2025/02/07,2031/06/30,
117005-01,,鮨　小川,飲食店営業,2025/01/29,2025/02/18,2031/02/28,
117007-01,株式会社叶匠寿庵,寿長生の郷　お楽しみ広場（軽食）,飲食店営業,2025/01/31,2025/02/20,2031/06/30,
117008-01,株式会社叶匠寿庵,寿長生の郷　お楽しみ広場（焼物）,飲食店営業,2025/01/31,2025/02/20,2031/06/30,
117009-01,レーク滋賀農業協同組合,びわたんのおにぎり亭　２号車（滋賀８００す８７２２）,飲食店営業,2025/02/03,2025/02/07,2031/02/28,自動車による営業に限る
117010-02,ＩＪＯＯＺ株式会社,自販　ＩＪＯＯＺ株式会社　Ｏｈ！Ｍｅ大津テラス　５階,調理の機能を有する自動販売機により食品を調理し、調理された食品を販売する営業,2025/02/03,2025/02/19,2030/02/28,自動販売機による営業（設置台数は１台）に限る
117014-01,,信楽窯焼きアップルパイ,飲食店営業,2025/02/06,2025/02/13,2030/02/28,巡回移動営業に限る申請のあった営業場所に限る申請のあった取扱品目に限る加熱調理食品の提供に限る簡単な調理加工行為に限る
117015-01,,Ｊｏｙ’ｓ　ｍａｍａ,飲食店営業,2025/02/06,2025/02/20,2031/06/30,
117015-11,,Ｊｏｙ’ｓ　ｍａｍａ,菓子製造業,2025/02/06,2025/02/20,2031/06/30,申請のあった取扱品目の製造に限る
117016-01,,ＣＡＦＥ　Ｌｅａｈａｐｐｙ／Ｂａｒ　Ｍｅｒｃｕｒｙ,飲食店営業,2025/02/06,2025/02/14,2031/06/30,
117017-01,ブライト株式会社,ともや,飲食店営業,2025/02/07,2025/03/04,2031/06/30,
117019-01,,喫茶チドリ（滋賀４８０て５６１６）,飲食店営業,2025/02/07,2025/02/14,2030/02/28,自動車による営業に限る申請のあった取扱品目に限る簡易な調理に限る加熱調理食品の提供に限る
117020-01,株式会社たねや,ＬＡＧＯ大津,飲食店営業,2025/02/13,2025/03/05,2033/02/28,
117020-11,株式会社たねや,ＬＡＧＯ大津,菓子製造業,2025/02/13,2025/03/05,2033/02/28,申請のあった取扱品目の製造に限る
117021-01,Ｃｏｃｈｅ　Ｃｏｃｉｎａ株式会社,Ｃｏｃｈｏ　Ｃｏｃｈｏ,飲食店営業,2025/02/10,2025/02/20,2032/10/31,
117021-25,Ｃｏｃｈｅ　Ｃｏｃｉｎａ株式会社,Ｃｏｃｈｏ　Ｃｏｃｈｏ,そうざい製造業,2025/02/10,2025/02/20,2032/10/31,申請のあった取扱品目の製造に限る
117022-01,日清医療食品株式会社,社会福祉法人滋賀同仁会　特別養護老人ホーム　千寿の郷,飲食店営業,2025/02/10,2025/03/13,2032/06/30,
117023-01,,焼鳥　そう井,飲食店営業,2025/02/10,2025/02/21,2031/06/30,
117024-01,株式会社フィジカルコントロールセンター,龍谷大学龍谷荘,飲食店営業,2025/02/12,2025/03/24,2031/06/30,
117025-01,グレイン合同会社,ありのままカフェ,飲食店営業,2025/02/12,2025/03/05,2032/02/29,
117025-11,グレイン合同会社,ありのままカフェ,菓子製造業,2025/02/12,2025/03/05,2032/02/29,申請のあった取扱品目の製造に限る
117026-01,,ｔｈｅ ｐａｒｋ ９５６　移動,飲食店営業,2025/02/13,2025/02/19,2030/02/28,巡回移動営業に限る申請のあった営業場所に限る申請のあった取扱品目に限る加熱調理食品の提供に限る簡単な調理加工行為に限る
117029-01,有限会社久保商店,ＶＩＥＷ　ＰＬＡＺＡ　打出浜,飲食店営業,2025/02/17,2025/02/21,2031/02/28,
117030-01,,ｂ ｋｏ ｕ,飲食店営業,2025/02/18,2025/02/25,2030/02/28,巡回移動営業に限る申請のあった営業場所に限る申請のあった取扱品目に限る加熱調理食品の提供に限る
117032-01,,ＰｏＰｏ,飲食店営業,2025/02/20,2025/02/27,2030/02/28,巡回移動営業に限る申請のあった営業場所に限る申請のあった取扱品目に限る加熱調理食品の提供に限る簡単な調理加工行為に限る
117033-01,,Ｌａｐｉｎ,飲食店営業,2025/02/19,2025/02/27,2031/06/30,
117034-01,,ささのや,飲食店営業,2025/02/20,2025/03/05,2032/02/29,
117035-11,びわこむしぱんカンパニー合同会社,そのだのむしぱん,菓子製造業,2025/02/21,2025/03/03,2031/10/31,申請のあった取扱品目の製造に限る
117036-11,,ロマン菓子　ル・ボン,菓子製造業,2025/02/25,2025/03/21,2031/06/30,申請のあった取扱品目の製造に限る
117037-01,,炭火焼鳥　でんねん,飲食店営業,2025/02/26,2025/03/04,2031/02/28,巡回移動営業に限る申請のあった営業場所に限る申請のあった取扱品目に限る加熱調理食品の提供に限る簡単な調理加工行為に限る
117038-01,,Ｌｏｖｅ＆Ｐｅａｃｅ　ＰＩＺＺＡ（奈良８００す８１８９）,飲食店営業,2025/02/27,2025/03/05,2031/02/28,自動車による営業に限る
117040-01,株式会社バイテン,らーめん与七,飲食店営業,2025/02/28,2025/03/17,2031/10/31,
117041-11,,よしべぇ,菓子製造業,2025/02/28,2025/03/13,2031/06/30,申請のあった取扱品目の製造に限る
117041-25,,よしべぇ,そうざい製造業,2025/02/28,2025/03/13,2031/06/30,申請のあった取扱品目の製造に限る
117042-01,,うまっ粉（京都８８０あ１００１）,飲食店営業,2025/03/04,2025/03/10,2031/02/28,自動車による営業に限る申請のあった取扱品目に限る
117043-01,株式会社丸富,肉の丸富　皇子山店,飲食店営業,2025/03/04,2025/03/13,2033/02/28,
117043-03,株式会社丸富,肉の丸富　皇子山店,食肉販売業,2025/03/04,2025/03/13,2033/02/28,とさつ・解体は行わないこと
117044-01,,鉄板番長カヲルくん（三重８００せ５５３２）,飲食店営業,2025/03/05,2025/03/11,2031/02/28,自動車による営業に限る申請のあった取扱品目に限る
117045-01,,通尾天神山　古民家薬膳かふぇ松風庵　旧竹林院店,飲食店営業,2025/03/05,2025/05/08,2031/10/31,
117045-11,,通尾天神山　古民家薬膳かふぇ松風庵　旧竹林院店,菓子製造業,2025/03/05,2025/05/08,2031/10/31,申請のあった取扱品目の製造に限る。
117045-27,,通尾天神山　古民家薬膳かふぇ松風庵　旧竹林院店,冷凍食品製造業,2025/03/05,2025/05/08,2031/10/31,申請のあった取扱品目の製造に限る。
117046-11,株式会社三和ハウジング,不二家　フォレオ大津一里山店,菓子製造業,2025/03/05,2025/03/27,2031/06/30,申請のあった取扱品目の製造に限る
117047-11,,ｍｉｇｎｏｎ,菓子製造業,2025/03/05,2025/03/21,2031/06/30,申請のあった取扱品目の製造に限る
117049-01,,ＭＡＨＡＬＯ　ＣＵＲＲＹ　×　ＨＡＫＫＯ（滋賀８３０さ７４１２）,飲食店営業,2025/03/06,2025/03/12,2031/02/28,自動車による営業に限る
117052-01,株式会社ノームコア,ザ・クラシックメデカマンション大津,飲食店営業,2025/03/10,2025/03/26,2033/02/28,
117053-01,,古民家　Ｚｕｔｔｏ,飲食店営業,2025/03/12,2025/04/17,2031/10/31,
117053-11,,古民家　Ｚｕｔｔｏ,菓子製造業,2025/03/12,2025/04/17,2031/10/31,申請のあった取扱品目の製造に限る。
117054-01,有限会社六角ちきりや茶舗,翠葉日／有限会社六角ちきりや茶舗,飲食店営業,2025/03/10,2025/03/26,2031/10/31,
117054-11,有限会社六角ちきりや茶舗,翠葉日／有限会社六角ちきりや茶舗,菓子製造業,2025/03/10,2025/03/26,2031/10/31,申請のあった取扱品目の製造に限る
117055-11,,ｎｏｔｈｉｎｇ　ｆａｎｃｙ　ｓｔｙｌｅ,菓子製造業,2025/03/13,2025/03/19,2031/10/31,申請のあった取扱品目の製造に限る
117057-01,,どりあん食堂,飲食店営業,2025/03/14,2025/03/21,2032/02/29,
117059-11,,ｗａｃｏｙａ,菓子製造業,2025/03/13,2025/04/01,2031/10/31,申請のあった取扱品目の製造に限る
117060-01,,くしろ商店,飲食店営業,2025/03/13,2025/03/26,2031/10/31,
117060-29,,くしろ商店,漬物製造業,2025/03/13,2025/03/26,2031/10/31,申請のあった取扱品目の製造に限る
117060-11,,くしろ商店,菓子製造業,2025/03/13,2025/03/26,2031/10/31,申請のあった取扱品目の製造に限る
117061-01,株式会社勝ジャパン,ＢＡＲ　Ｂｅ－１,飲食店営業,2025/03/14,2025/04/17,2031/10/31,
117062-04,株式会社Ｆａｃｉｏ,エフ・マーケット南郷店（鮮魚）,魚介類販売業,2025/03/14,2025/03/27,2032/06/30,
117063-04,株式会社Ｆａｃｉｏ,エフ・マーケットもみじヶ丘店（鮮魚）,魚介類販売業,2025/03/14,2025/03/27,2032/06/30,
117064-01,株式会社ルア・コーポレーション,べんと君　滋賀短期大学附属高校,飲食店営業,2025/03/17,2025/04/01,2032/02/29,
117065-01,,風待茶房,飲食店営業,2025/03/17,2025/04/03,2032/02/29,
117068-01,株式会社ＣＬフォーラム,囲炉裏　あみ定,飲食店営業,2025/03/19,2025/03/27,2032/06/30,
117068-25,株式会社ＣＬフォーラム,囲炉裏　あみ定,そうざい製造業,2026/01/30,2026/02/12,2033/06/30,申請のあった取扱品目の製造に限る。
117069-01,,ａｐｉｃｏｐｉ　ｅｓｓｅｎｃｅ,飲食店営業,2025/03/21,2025/03/27,2031/02/28,巡回移動営業に限る申請のあった営業場所に限る申請のあった取扱品目に限る加熱調理食品の提供に限る簡単な調理加工行為に限る
117071-01,株式会社チャンチャーレ,晴れたらいいね,飲食店営業,2025/03/24,2025/03/28,2031/02/28,巡回移動営業に限る申請のあった営業場所に限る申請のあった取扱品目に限る加熱調理食品の提供に限る簡単な調理加工行為に限る
117073-01,大黒天物産株式会社,ラ・ムー瀬田店（惣菜）,飲食店営業,2025/03/24,2025/04/14,2032/06/30,
117074-03,大黒天物産株式会社,ラ・ムー瀬田店（精肉）,食肉販売業,2025/03/24,2025/04/14,2032/06/30,とさつ・解体は行わないこと。
117075-01,大黒天物産株式会社,ラ・ムー瀬田店（鮮魚）,飲食店営業,2025/03/24,2025/04/14,2032/06/30,
117075-04,大黒天物産株式会社,ラ・ムー瀬田店（鮮魚）,魚介類販売業,2025/03/24,2025/04/14,2032/06/30,
117076-11,大黒天物産株式会社,ラ・ムー瀬田店（ベーカリー）,菓子製造業,2025/03/24,2025/04/14,2032/06/30,申請のあった取扱品目の製造に限る。
117077-01,大黒天物産株式会社,ラ・ムー瀬田店（パクパク）,飲食店営業,2025/03/24,2025/04/14,2032/06/30,
117078-01,株式会社Ｆｉｎ’ｓＵＰ,Ｈａｐｐｉｎｅｓｓ　Ｓｏｕｐ　Ｓｔｏｃｋｓ（滋賀８００す８８３８）,飲食店営業,2025/03/26,2025/04/01,2031/02/28,自動車による営業に限る。給水・廃水タンクの容量は約２００Ｌ以上とする。
117079-03,株式会社モダン・ミール,モダンミール　セントラルキッチン,食肉販売業,2025/03/25,2025/04/01,2033/02/28,とさつ・解体は行わないこと
117079-25,株式会社モダン・ミール,モダンミール　セントラルキッチン,そうざい製造業,2025/03/25,2025/04/01,2033/02/28,申請のあった取扱品目の製造に限る
117080-01,株式会社ＡＬＣ,マクドナルド大津サービスエリア店,飲食店営業,2025/03/26,2025/04/01,2033/02/28,
117085-01,株式会社ウイング,すまいるいち（滋賀４８０な４６７１）,飲食店営業,2025/03/27,2025/04/02,2031/02/28,自動車による営業に限る
117086-01,株式会社プロフィット,マルキヤ（京都４８０ひ８１２５）,飲食店営業,2025/03/27,2025/04/02,2031/02/28,自動車による営業に限る申請のあった取扱品目に限る
117088-01,,ＦＩＬＥＲ,飲食店営業,2025/03/31,2025/04/11,2031/10/31,
117089-16,,レイクＦＩＳＨ　加藤,水産製品製造業,2025/03/31,2025/04/11,2031/10/31,申請のあった取扱品目の製造に限る。
117090-01,,お家ごはん　沙優,飲食店営業,2025/03/31,2025/04/16,2032/02/29,
117091-01,株式会社ＦＵＳＥ　ｆｉｅｌｄ,ＦＵＳＥ,飲食店営業,2025/04/02,2025/04/08,2031/02/28,巡回移動営業に限る申請のあった営業場所に限る申請のあった取扱品目に限る加熱調理食品の提供に限る簡単な調理加工行為に限る
117092-01,,ラッキーバーガー（三重８００す６２３３）,飲食店営業,2025/04/08,2025/04/14,2032/02/29,自動車による営業に限る。
117093-01,株式会社フリオ,Ｂａｋｅｒｙ　Ｋｙｏ,飲食店営業,2025/04/02,2025/04/25,2032/02/29,
117094-01,,ナカムラアキノリ　珈琲焙煎所,飲食店営業,2025/04/04,2025/04/22,2032/02/29,
117097-01,,ＬＡＵＲＵＳ,飲食店営業,2025/04/09,2025/05/16,2031/06/30,
117098-01,,胡座２ｎｄ,飲食店営業,2025/04/09,2025/04/15,2031/02/28,巡回移動営業に限る。申請のあった営業場所に限る。申請のあった取扱品目に限る。加熱調理食品の提供に限る。簡単な調理加工行為に限る。
117099-11,,布布　レンタルキッチン,菓子製造業,2025/04/09,2025/04/22,2031/10/31,申請のあった取扱品目の製造に限る。
117099-25,,布布　レンタルキッチン,そうざい製造業,2025/04/09,2025/04/22,2031/10/31,申請のあった取扱品目の製造に限る。
117100-01,株式会社Ｉｄｅｎｔｉｔｙ,昼だけ間借り　大津　石山うなぎ,飲食店営業,2025/04/09,2025/04/23,2031/06/30,
117101-15,ヤマダアールカンパニー株式会社,Ｒ　Ｈｏｕｓｅ,食肉製品製造業,2025/04/09,2025/04/25,2031/10/31,申請のあった取扱品目の製造に限る。
117102-01,,居酒屋　ゆきまる,飲食店営業,2025/04/10,2025/04/23,2031/06/30,
117103-01,,ｃａｆｅ　アオイウサギ,飲食店営業,2025/04/11,2025/04/18,2031/06/30,
117104-01,クックメディカルフーズ株式会社,ナーシングホーム　アルク大津下阪本,飲食店営業,2025/04/11,2025/05/12,2032/10/31,
117105-01,,ＨＵＮＧＲＹ ＭＡＮＳ ＢＵＲＧＥＲ（滋賀８００る２４２７）,飲食店営業,2025/04/14,2025/04/18,2032/02/29,自動車による営業に限る。
117107-01,,ちょこっとおばんざい　あっ！！！,飲食店営業,2025/04/15,2025/04/23,2031/06/30,
117109-01,アルピナＢＩ株式会社,Ｃａｆｅ３６０,飲食店営業,2025/04/16,2025/04/25,2032/02/29,臨時的営業に限る。申請のあった取扱品目に限る。加熱調理食品の提供に限る。
117110-01,株式会社ＤＡＩＧＯホールディングス,醍醐（滋賀８００す８７８３）,飲食店営業,2025/04/17,2025/04/23,2031/02/28,自動車による営業に限る。申請のあった取扱品目に限る。
117111-01,,ＨＡＲＬＹ’Ｓ　ＢＵＳ（滋賀８００す８８５８）,飲食店営業,2025/04/18,2025/04/24,2031/02/28,自動車による営業に限る。
117112-01,,ｎａｕｒａａ,飲食店営業,2025/04/18,2025/05/08,2031/06/30,
117112-11,,ｎａｕｒａａ,菓子製造業,2025/04/18,2025/05/08,2031/06/30,申請のあった取扱品目の製造に限る。
117113-01,,ＢＡＲ　ＥＤＥＮ,飲食店営業,2025/04/21,2025/05/02,2031/10/31,
117114-11,,ｓａｎｔａｍａｒｔ,菓子製造業,2025/04/21,2025/05/13,2031/10/31,申請のあった取扱品目の製造に限る。
117115-01,,Ｌｉｂｅｒｔｔｕｒａ,飲食店営業,2025/04/21,2025/04/28,2032/02/29,
117116-01,,ｎｏａ（滋賀８００す８８５５）,飲食店営業,2025/04/22,2025/04/28,2031/02/28,自動車による営業に限る。
117117-01,株式会社ＥＳ　ＰＲＯＵＤ,ぼんまる,飲食店営業,2025/04/22,2025/04/28,2031/02/28,巡回移動営業に限る。申請のあった営業場所に限る。申請のあった取扱品目に限る。加熱調理食品の提供に限る。簡単な調理加工行為に限る。
117118-01,株式会社未来設備,Ｃａｆｅ　Ｅｂｉｓｕ（なにわ４８０に３２３０）,飲食店営業,2025/04/23,2025/04/30,2031/02/28,自動車による営業に限る。申請のあった取扱品目に限る。簡易な調理に限る。加熱調理食品の提供に限る。
117119-01,合同会社とりアカデミー,Ｎｉｃｏ　ｇｒｅｅ　９４１（大阪１３０さ・９４１）,飲食店営業,2025/04/23,2025/04/30,2032/02/29,自動車による営業に限る。申請のあった取扱品目に限る。
117120-01,,ヘブンスカフェ　４号車（豊田８００さ４６４７）,飲食店営業,2025/04/23,2025/04/30,2031/02/28,自動車による営業に限る。申請のあった取扱品目に限る。
117121-01,合同会社旨味家,お弁当屋　旨味家（滋賀４８０に２３４１）,飲食店営業,2025/04/24,2025/05/01,2031/02/28,自動車による営業に限る。
117122-01,,ファミリーマート大津石山寺南店,飲食店営業,2025/04/28,2025/05/28,2032/06/30,
117123-01,株式会社ＬＥＯＣ,ＰＤハウス大津,飲食店営業,2025/04/28,2025/05/22,2032/06/30,
117132-11,株式会社バロー,株式会社バロー茶が崎店（青果売場）,菓子製造業,2025/05/01,2025/06/03,2033/02/28,申請のあった取扱品目の製造に限る。
117133-01,,天雲（滋賀４８０な９４５２）,飲食店営業,2025/05/07,2025/05/13,2031/02/28,自動車による営業に限る。申請のあった取扱品目に限る。
117134-01,,ラメリストア（滋賀１００せ５９２６）,飲食店営業,2025/05/07,2025/05/13,2031/02/28,自動車による営業に限る。給水・廃水タンクの容量は約２００Ｌ以上とする。
117135-01,,Ｈａｔｃｈ　Ｋｉｔｃｈｅｎ（大阪８００ち・４２１）,飲食店営業,2025/05/09,2025/05/15,2031/02/28,自動車による営業に限る。申請のあった取扱品目に限る。
117136-01,株式会社アイプランニング,ＤｏｇＣａｆｅ　戌－ＩＮＵ－／夜犬－ＹＡＫＥＮ－,飲食店営業,2025/05/09,2025/05/19,2031/10/31,
117136-11,株式会社アイプランニング,ＤｏｇＣａｆｅ　戌－ＩＮＵ－／夜犬－ＹＡＫＥＮ－,菓子製造業,2025/10/09,2025/10/21,2031/10/31,申請のあった取扱品目の製造に限る。
117136-25,株式会社アイプランニング,ＤｏｇＣａｆｅ　戌－ＩＮＵ－／夜犬－ＹＡＫＥＮ－,そうざい製造業,2025/12/25,2026/01/15,2032/10/31,申請のあった取扱品目の製造に限る。
117137-11,,Ｐｉｅｎｉ　Ｍｏｋｋｉ,菓子製造業,2025/05/09,2025/05/16,2031/06/30,申請のあった取扱品目の製造に限る。
117137-01,,Ｐｉｅｎｉ　Ｍｏｋｋｉ,飲食店営業,2025/05/09,2025/05/16,2031/06/30,
117138-01,,石焼きつけ麺焔亭,飲食店営業,2025/05/09,2025/05/30,2031/10/31,
117140-01,,ぱらみ商店,飲食店営業,2025/05/13,2025/05/30,2031/10/31,
117140-11,,ぱらみ商店,菓子製造業,2025/05/20,2025/05/30,2031/10/31,申請のあった取扱品目の製造に限る。
117141-02,ＩＪＯＯＺ株式会社,自販　ＩＪＯＯＺ株式会社龍谷大学瀬田キャンパス図書館１Ｆ,調理の機能を有する自動販売機により食品を調理し、調理された食品を販売する営業,2025/05/14,2025/05/21,2031/02/28,自動販売機による営業に限る。設置台数は１台に限る。
117142-01,,ＡＭＵＳＥＭＥＮＴ　ＢＡＲ　Ｒｅｎｔｏ．,飲食店営業,2025/05/14,2025/06/03,2031/06/30,
117143-01,,ＳＫＹ　ＫＩＴＣＨＥＮ,飲食店営業,2025/05/15,2025/05/22,2031/10/31,
117144-01,合同会社ＰＬＵＳ　ＴＨＲＥＥ,佐藤商店,飲食店営業,2025/05/16,2025/05/22,2031/02/28,巡回移動営業に限る。申請のあった営業場所に限る。申請のあった取扱品目に限る。加熱調理食品の提供に限る。簡単な調理加工行為に限る。
117145-01,万石商事有限会社,きまぐれ　きっちん,飲食店営業,2025/05/21,2025/05/28,2031/06/30,
117146-01,株式会社クスリのアオキ,クスリのアオキ大津瀬田店,飲食店営業,2025/05/21,2025/06/24,2032/06/30,
117146-03,株式会社クスリのアオキ,クスリのアオキ大津瀬田店,食肉販売業,2025/05/21,2025/06/24,2032/06/30,とさつ・解体は行わないこと。
117146-04,株式会社クスリのアオキ,クスリのアオキ大津瀬田店,魚介類販売業,2025/05/21,2025/06/24,2032/06/30,
117147-01,株式会社クスリのアオキ,クスリのアオキ大津瀬田店（ベーカリー）,飲食店営業,2025/05/21,2025/06/24,2032/06/30,
117147-11,株式会社クスリのアオキ,クスリのアオキ大津瀬田店（ベーカリー）,菓子製造業,2025/05/21,2025/06/24,2032/06/30,申請のあった取扱品目の製造に限る。
117148-01,株式会社クスリのアオキ,クスリのアオキ大津瀬田店（そうざい）,飲食店営業,2025/05/21,2025/06/24,2032/06/30,
117149-01,株式会社クスリのアオキ,クスリのアオキ大津唐崎店（そうざい）,飲食店営業,2025/05/21,2025/06/17,2033/02/28,
117150-01,株式会社クスリのアオキ,クスリのアオキ大津唐崎店,飲食店営業,2025/05/21,2025/06/17,2033/02/28,
117150-03,株式会社クスリのアオキ,クスリのアオキ大津唐崎店,食肉販売業,2025/05/21,2025/06/17,2033/02/28,とさつ・解体は行わないこと。
117150-04,株式会社クスリのアオキ,クスリのアオキ大津唐崎店,魚介類販売業,2025/05/21,2025/06/17,2033/02/28,
117151-01,,小料理屋　麻,飲食店営業,2025/05/22,2025/06/16,2031/06/30,
117152-01,,熟成壺焼き芋　おげし,飲食店営業,2025/05/22,2025/05/28,2031/02/28,巡回移動営業に限る。申請のあった営業場所に限る。申請のあった取扱品目に限る。加熱調理食品の提供に限る。簡単な調理加工行為に限る。
117153-01,,みやこ庵,飲食店営業,2025/05/22,2025/05/28,2031/02/28,巡回移動営業に限る。申請のあった営業場所に限る。申請のあった取扱品目に限る。加熱調理食品の提供に限る。簡単な調理加工行為に限る。
117154-01,,おばんざい　さくら,飲食店営業,2025/05/23,2025/06/04,2031/10/31,
117155-01,,キッチン　シノヅカ（滋賀８００す８８４６）,飲食店営業,2025/05/23,2025/05/29,2032/02/29,自動車による営業に限る。申請のあった取扱品目に限る。
117156-01,,ＯＧＵ　Ｄｏｎｕｔｓ,飲食店営業,2025/05/26,2025/05/30,2031/02/28,巡回移動営業に限る。申請のあった営業場所に限る。申請のあった取扱品目に限る。加熱調理食品の提供に限る。
117160-01,遊楽ダイニング株式会社,アソビキッチン（滋賀８００す８３３１）,飲食店営業,2025/05/28,2025/06/03,2031/02/28,自動車による営業に限る。給水・廃水タンクの容量は約２００Ｌ以上とする。
117165-01,,ＢＡＮＨ　Ｍｉ　ＢＩＷＡＫＯ,飲食店営業,2025/06/02,2025/06/11,2031/06/30,
117166-01,株式会社クラフトオン,酒ＢＡＲ　ＩＲＯＴＥＲＵ,飲食店営業,2025/06/03,2025/06/09,2031/06/30,
117167-01,,インドネパール料理　ニューアンナプルナ　大津店,飲食店営業,2025/06/04,2025/06/11,2032/02/29,
117168-01,,ニューヨークのラーメン屋　滋賀本店,飲食店営業,2025/06/05,2025/06/18,2032/06/30,
117169-01,株式会社穴太ホールディングス,穴太商店,飲食店営業,2025/06/06,2025/06/20,2031/10/31,
117170-01,ハーベスト株式会社,シニアホーム　勢多夕照苑,飲食店営業,2025/06/06,2025/06/27,2033/06/30,
117171-01,株式会社オフィス・ハイウェイ,和喫茶　かまる,飲食店営業,2025/06/10,2025/06/20,2031/10/31,
117172-01,スターバックスコーヒージャパン株式会社,スターバックスコーヒーフォレオ大津一里山店,飲食店営業,2025/06/11,2025/07/08,2032/06/30,
117174-11,,笑み菓子ｓｏｕｒｉａｎｔ,菓子製造業,2025/06/12,2025/07/07,2032/06/30,申請のあった取扱品目の製造に限る。
117175-01,,ちかちかキッチン（なにわ８３０さ４６２９）,飲食店営業,2025/06/12,2025/06/18,2031/02/28,自動車による営業に限る。給水・廃水タンクの容量は約２００Ｌ以上とする。
117176-01,,キッチン佐藤（京都８００そ４３００）,飲食店営業,2025/06/13,2025/06/19,2032/02/29,自動車による営業に限る。給水・廃水タンクの容量は約２００Ｌ以上とする。
117177-01,,酒肴　なかい,飲食店営業,2025/06/17,2025/07/11,2032/02/29,
117179-01,,レオソル,飲食店営業,2025/06/18,2025/06/26,2030/06/30,
117180-01,,出張料理　湖の家（滋賀４８０と５１１７）,飲食店営業,2025/06/19,2025/06/25,2031/02/28,自動車による営業に限る。申請のあった取扱品目に限る。給水・廃水タンクの容量は約８０Ｌ以上とする。
117181-01,株式会社丸亀製麺,丸亀うどーなつ２号車（相模８００せ８６００）,飲食店営業,2025/06/19,2025/06/25,2031/02/28,自動車による営業に限る。給水・廃水タンクの容量は約２００Ｌ以上とする。
117182-01,,ローソン大津大石東,飲食店営業,2025/06/20,2025/07/03,2033/06/30,
117190-01,株式会社元廣,神戸クック・ワールドビュッフェ　大津テラス店,飲食店営業,2025/06/24,2025/07/22,2033/02/28,
117191-01,,ＢＩＷＡＳＯＲＡ,飲食店営業,2025/06/26,2025/08/28,2031/10/31,
117193-01,,ＨＡＪＩＭＥ　ＫＩＴＣＨＥＮ（滋賀８００す９０２９）,飲食店営業,2025/06/30,2025/07/04,2031/02/28,自動車による営業に限る。給水・廃水タンクの容量は約２００Ｌ以上とする。
117194-01,株式会社Ｒｅ－ｔｅｃ,ｓｅｓｓｉｏｎｓ（滋賀８３０み・１０９）,飲食店営業,2025/06/30,2025/07/04,2031/02/28,自動車による営業に限る。給水・廃水タンクの容量は約２００Ｌ以上とする。
117195-01,,島田商事,飲食店営業,2025/06/30,2025/07/04,2031/02/28,巡回移動営業に限る。申請のあった取扱品目に限る。加熱調理食品の提供に限る。簡易な調理に限る。
117196-01,,牛ｇｙｕ牛（京都８３０さ３８９０）,飲食店営業,2025/07/01,2025/07/04,2031/02/28,自動車による営業に限る。申請のあった取扱品目に限る。給水・廃水タンクの容量は約４０Ｌ以上とする。
117198-01,,西田屋,飲食店営業,2025/07/02,2025/07/08,2031/02/28,巡回移動営業に限る。申請のあった取扱品目に限る。加熱調理食品の提供に限る。簡易な調理に限る。
117199-01,,大津ゲストハウス　栖碩,飲食店営業,2025/07/02,2025/07/09,2032/02/29,
117200-01,,Ｂａｒ．ＫＡＮＡ,飲食店営業,2025/07/02,2025/07/08,2032/02/29,
117201-01,,Ｉｔｔｏｋａｎ　Ｋｉｔｃｈｅｎ,飲食店営業,2025/07/03,2025/07/09,2031/02/28,巡回移動営業に限る。申請のあった取扱品目に限る。加熱調理食品の提供に限る。
117203-01,,Ｔａｐｐｙ＆Ｃｕｐｐｙ（滋賀８３０そ・２１６）,飲食店営業,2025/07/08,2025/07/14,2031/02/28,自動車による営業に限る。申請のあった取扱品目に限る。給水・廃水タンクの容量は約８０Ｌ以上とする。
117204-01,株式会社Ｍａｉｓｏｎ　Ｊ,Ｆｉｌｅｒ　ｃａｆｅ　＆　ｇｏｏｄｓ　ｓｔｏｒｅ,飲食店営業,2025/07/08,2025/07/29,2032/02/29,
117205-01,株式会社ココカラ,天串と海鮮の店　はれ天（なにわ１００せ６４４３）,飲食店営業,2025/07/09,2025/07/15,2031/02/28,自動車による営業に限る。給水・廃水タンクの容量は約２００Ｌ以上とする。
117206-11,,Ｅｌｉｓｅ　おかし工房　幹,菓子製造業,2025/07/09,2025/08/29,2032/02/29,申請のあった取扱品目の製造に限る。
117207-01,,Ｐｏｍｕ　ｂｏｗｌ,飲食店営業,2025/07/09,2025/07/17,2030/10/31,
117208-01,,ＢＡＲ　ハサミヤ,飲食店営業,2025/07/09,2025/07/22,2032/06/30,
117209-01,株式会社エイトシーズ,メッツァ　ケイッティオ（滋賀４８３か５５４４）,飲食店営業,2025/07/09,2025/07/15,2031/02/28,自動車による営業に限る。申請のあった取扱品目に限る。給水・廃水タンクの容量は約８０Ｌ以上とする。
117211-11,,Ｊｕｕｕｋｅ,菓子製造業,2025/07/10,2025/07/22,2032/02/29,申請のあった取扱品目の製造に限る。
117212-01,,カレー焼き　蔦屋（滋賀８３０す８２２８）,飲食店営業,2025/07/10,2025/07/16,2031/02/28,自動車による営業に限る。申請のあった取扱品目に限る。給水・廃水タンクの容量は約８０Ｌ以上とする。
117213-01,,水色キッチンカー（三重４８０は３７３９）,飲食店営業,2025/07/10,2025/07/16,2031/02/28,自動車による営業に限る。申請のあった取扱品目に限る。給水・廃水タンクの容量は約８０Ｌ以上とする。
117214-01,,ＳＯＬ,飲食店営業,2025/07/11,2025/07/17,2031/02/28,巡回移動営業に限る。申請のあった取扱品目に限る。加熱調理食品の提供に限る。簡易な調理に限る。
117215-01,,きら・きら,飲食店営業,2025/07/14,2025/07/22,2031/10/31,
117216-01,株式会社８１１,酒場デデデ,飲食店営業,2025/07/15,2025/07/25,2032/06/30,
117218-01,株式会社富士,ＤＲＩＮＫ　ＳＴＡＮＤ　ＳＡＲＡＮＮＮ（京都８００そ５４９２）,飲食店営業,2025/07/15,2025/07/22,2031/02/28,自動車による営業に限る。給水・廃水タンクの容量は約２００Ｌ以上とする。
117220-01,株式会社叶匠寿庵,果子工房,飲食店営業,2025/07/17,2025/07/30,2032/06/30,
117223-01,,ＭＥＭＢＥＲ’Ｓ　ＴＥＮＫＯ,飲食店営業,2025/07/18,2025/09/01,2032/06/30,
117224-01,,Ｋｙｏｔｏ　ｋｉｔｃｈｅｎ　ｎａｋａｍａｒｕ（京都８００そ５１５２）,飲食店営業,2025/07/22,2025/07/28,2032/02/29,自動車による営業に限る。給水・廃水タンクの容量は約２００Ｌ以上とする。
117225-01,株式会社一二三,とんかつ喫茶ブタとエスプレッソと（飛鳥８１０そ・３５８）,飲食店営業,2025/07/22,2025/07/28,2031/02/28,自動車による営業に限る。申請のあった取扱品目に限る。給水・廃水タンクの容量は約４０Ｌ以上とする。
117226-01,,ワンラブキッチン（姫路８００る・８６３）,飲食店営業,2025/07/22,2025/07/28,2031/02/28,自動車による営業に限る。申請のあった取扱品目に限る。給水・廃水タンクの容量は約８０Ｌ以上とする。
117227-01,宗教法人岩間山正法寺,松風庵,飲食店営業,2025/07/23,2025/08/05,2031/06/30,
117228-01,,インド・ネパール本場料理店　パナス,飲食店営業,2025/07/23,2025/07/31,2031/10/31,
117230-01,,ＳＵＮ　ＧＯ　ＣＡＦＥ（滋賀４８４か・・３５）,飲食店営業,2025/07/24,2025/07/30,2031/02/28,自動車による営業に限る。申請のあった取扱品目に限る。給水・廃水タンクの容量は約８０Ｌ以上とする。
117231-01,,Ｃｏｒｉｓ　ｄｉｎｉｎｇ,飲食店営業,2025/07/24,2025/07/30,2032/02/29,
117232-01,湖南石油株式会社,Ｇａｒａｇｅ　Ｃａｆｅ　ＣＡＲＶＯ（滋賀８３０す２０２４）,飲食店営業,2025/07/29,2025/08/04,2032/02/29,自動車による営業に限る。給水・廃水タンクの容量は約２００Ｌ以上とする。
117234-01,,サンラッキー大津店,飲食店営業,2025/07/30,2025/08/05,2031/02/28,巡回移動営業に限る。申請のあった取扱品目に限る。加熱調理食品の提供に限る。簡易な調理に限る。
117235-01,日清医療食品株式会社,医療法人滋賀勤労者保健会　介護老人保健施設　日和の里,飲食店営業,2025/08/01,2025/10/01,2032/10/31,
117236-01,株式会社Ｌｉｂｅｒａ,こころキッチン（大阪１００た３１２６）,飲食店営業,2025/08/04,2025/08/08,2031/02/28,自動車による営業に限る。申請のあった取扱品目に限る。給水・廃水タンクの容量は約８０Ｌ以上とする。
117237-01,株式会社Ｌｉｂｅｒａ,こころキッチン（大阪１００た１２９１）,飲食店営業,2025/08/04,2025/08/08,2031/02/28,自動車による営業に限る。申請のあった取扱品目に限る。給水・廃水タンクの容量は約８０Ｌ以上とする。
117243-01,,ファミリーマート大津北大路,飲食店営業,2025/08/07,2025/08/27,2033/06/30,
117244-01,,ｎｅｃｏｉｍｏ（滋賀８３０さ・２９９）,飲食店営業,2025/08/07,2025/08/14,2031/02/28,自動車による営業に限る。給水・廃水タンクの容量は約２００Ｌ以上とする。
117245-25,,Ｙｅｌｌｏｗ,そうざい製造業,2025/08/08,2025/08/19,2032/06/30,申請のあった取扱品目の製造に限る。
117246-01,株式会社ＴＡＲＯＣ,Ｓｗｅｅｔｓ　ＨＥＲＯ（堺８３０す９０２０）,飲食店営業,2025/08/08,2025/08/15,2031/02/28,自動車による営業に限る。給水・廃水タンクの容量は約２００Ｌ以上とする。
117247-01,,もひち,飲食店営業,2025/08/08,2025/08/27,2032/10/31,
117249-01,株式会社ＣＬフォーラム,マリオンクレープ　フォレオ大津一里山店,飲食店営業,2025/08/19,2025/09/05,2033/06/30,
117250-01,有限会社山栄製作所,Ｓｏｃｏｇｉ　Ｋｉｔｃｈｅｎ（滋賀８３０は１１２９）,飲食店営業,2025/08/19,2025/08/25,2031/02/28,自動車による営業に限る。給水・廃水タンクの容量は約２００Ｌ以上とする。
117252-01,,クレープラッキー（大阪４８０も１０３８）,飲食店営業,2025/08/20,2025/08/26,2031/02/28,自動車による営業に限る。給水・廃水タンクの容量は約２００Ｌ以上とする。
117253-01,,新次茶館（京都８１５た・・・１）,飲食店営業,2025/08/22,2025/08/28,2031/02/28,自動車による営業に限る。給水・廃水タンクの容量は約２００Ｌ以上とする。
117254-01,,Ｙｅｌｌｏｗ　Ｔｅｎｔ,飲食店営業,2025/08/25,2025/08/29,2031/02/28,巡回移動営業に限る。申請のあった取扱品目に限る。加熱調理食品の提供に限る。簡易な調理に限る。
117255-01,合同会社ハル・プラクティス,ブックカフェ・ハル,飲食店営業,2025/08/25,2025/09/10,2032/02/29,
117256-01,,ｃｏｆｆｅｅ　ｋｕｒｏｔａ,飲食店営業,2025/08/26,2025/09/09,2032/02/29,
117256-11,,ｃｏｆｆｅｅ　ｋｕｒｏｔａ,菓子製造業,2025/08/26,2025/09/09,2032/02/29,申請のあった取扱品目の製造に限る。
117257-01,,Ｒｉｔｓ　ｃａｆｅｔｅｒｉａ　２０２５,飲食店営業,2025/08/27,2025/09/10,2032/02/29,
117258-01,株式会社ａｔ,ａｔ鮪（和泉８００せ・７４５）,飲食店営業,2025/08/27,2025/09/02,2031/02/28,自動車による営業に限る。給水・廃水タンクの容量は約２００Ｌ以上とする。
117259-01,株式会社Ｈａｓｕｄａエンタープライズ,Ｊｏｅ’ｓ　Ｃｏｆｆｅｅ（滋賀８００す９０８１）,飲食店営業,2025/08/29,2025/09/04,2031/02/28,自動車による営業に限る。給水・廃水タンクの容量は約２００Ｌ以上とする。
117260-01,,Ｃａｆｅ　Ａｎｔｓ,飲食店営業,2025/08/29,2025/09/05,2031/02/28,
117260-11,,Ｃａｆｅ　Ａｎｔｓ,菓子製造業,2025/08/29,2025/09/05,2031/02/28,申請のあった取扱品目の製造に限る。
117261-01,有限会社シンコー工業,ＢＯＳＳ　ＴＨＥ　ＫＩＴＣＨＥＮ（京都８００そ４３３４）,飲食店営業,2025/08/29,2025/09/04,2032/02/29,自動車による営業に限る。給水・廃水タンクの容量は約２００Ｌ以上とする。
117262-01,名阪食品株式会社,ルミエス松が丘有料老人ホーム,飲食店営業,2025/08/29,2025/10/10,2033/06/30,
117263-01,,平尾飯（なにわ８００せ６２９０）,飲食店営業,2025/08/29,2025/09/04,2031/02/28,自動車による営業に限る。給水・廃水タンクの容量は約２００Ｌ以上とする。
117264-01,合同会社ロコミイ,きぶん屋（滋賀８００す８２３０）,飲食店営業,2025/09/02,2025/09/08,2031/02/28,自動車による営業に限る。申請のあった取扱品目に限る。給水・廃水タンクの容量は約８０Ｌ以上とする。
117265-01,株式会社リープクリエーション,Ｕｐｉｔ’ｓ　ｋｉｔｃｈｅｎ（滋賀８３０そ・８２６）,飲食店営業,2025/09/03,2025/09/09,2032/02/29,自動車による営業に限る。申請のあった取扱品目に限る。給水・廃水タンクの容量は約８０Ｌ以上とする。
117266-01,株式会社コンフォートフーズふくなが,Ｆのビーフサンド（滋賀８００す８４１５）,飲食店営業,2025/09/08,2025/09/12,2031/02/28,自動車による営業に限る。給水・廃水タンクの容量は約２００Ｌ以上とする。
117269-01,,Ａｔ．１１７．（滋賀８００す８９７９）,飲食店営業,2025/09/10,2025/09/17,2031/02/28,自動車による営業に限る。給水・廃水タンクの容量は約２００Ｌ以上とする。
117270-01,,ＥｒｕＭｅａｌ（大阪８００ち・７５０）,飲食店営業,2025/09/11,2025/09/18,2031/02/28,自動車による営業に限る。給水・廃水タンクの容量は約２００Ｌ以上とする。
117271-01,,結（滋賀８００す９０３６）,飲食店営業,2025/09/11,2025/09/18,2031/02/28,自動車による営業に限る。給水・廃水タンクの容量は約２００Ｌ以上とする。
117272-01,株式会社ＢＲＩＤＧＥＢＩＧ,Ｃｌｕｂ　ＬＵＡＮＡ,飲食店営業,2025/09/11,2025/09/19,2032/06/30,
117273-01,プログレブ株式会社,うなぎ家　みやび,飲食店営業,2025/09/16,2025/10/10,2031/10/31,
117277-02,ＩＪＯＯＺ株式会社,自販　ＩＪＯＯＺ株式会社　浜大津アーカス,調理の機能を有する自動販売機により食品を調理し、調理された食品を販売する営業,2025/09/18,2025/10/08,2031/02/28,自動販売機による営業に限る。設置台数は１台に限る。
117278-01,株式会社フォーシーズ,ピザーラ　キッチンカー　１０号車（神戸８３０る８８００）,飲食店営業,2025/09/18,2025/09/25,2032/02/29,自動車による営業に限る。給水・廃水タンクの容量は約２００Ｌ以上とする。
117279-01,,Ｒ　ｋｉｔｃｈｅｎ（滋賀１００せ６８４８）,飲食店営業,2025/09/19,2025/09/26,2031/02/28,自動車による営業に限る。給水・廃水タンクの容量は約２００Ｌ以上とする。
117280-01,株式会社ウタシカン,ケンタッキーフライドチキン　フォレオ大津一里山店,飲食店営業,2025/09/19,2025/11/28,2033/06/30,
117281-01,,ＢＡＲ　Ｆｏｒｅｓｔ,飲食店営業,2025/09/22,2025/10/03,2032/06/30,
117282-01,アインズ株式会社,走る　ここ滋賀マルシェ（滋賀８００す９１００）,飲食店営業,2025/09/24,2025/09/30,2031/02/28,自動車による営業に限る。給水・廃水タンクの容量は約２００Ｌ以上とする。
117283-01,公益社団法人びわ湖大津観光協会,大津駅観光案内所,飲食店営業,2025/09/24,2025/10/09,2032/02/29,
117284-01,株式会社たけもと建設,ｎｕｔ　ｃａｆｅ＆ｃｒｅｐｅ（神戸８３０み・・７２）,飲食店営業,2025/09/25,2025/10/01,2031/02/28,自動車による営業に限る。給水・廃水タンクの容量は約２００Ｌ以上とする。
117285-01,,セブン－イレブン近江舞子店,飲食店営業,2025/09/30,2025/10/07,2032/10/31,
117286-01,株式会社今川組,キューティーバルーン（一宮１００さ６５２０）,飲食店営業,2025/09/30,2025/10/02,2031/02/28,自動車による営業に限る。申請のあった取扱品目に限る。給水・廃水タンクの容量は約８０Ｌ以上とする。
117287-01,合同会社ＫＨＹシステム,ＫＨＹ　１号店（滋賀８３０さ５６１４）,飲食店営業,2025/09/30,2025/10/06,2031/02/28,自動車による営業に限る。給水・廃水タンクの容量は約２００Ｌ以上とする。
117288-01,株式会社平和堂,株式会社平和堂フレンドマート今堅田店　デリカ作業室,飲食店営業,2025/09/30,2025/10/22,2032/10/31,
117288-11,株式会社平和堂,株式会社平和堂フレンドマート今堅田店　デリカ作業室,菓子製造業,2025/09/30,2025/10/22,2032/10/31,申請のあった取扱品目の製造に限る。
117289-01,株式会社平和堂,株式会社平和堂フレンドマート今堅田店　デリカ寿司作業室,飲食店営業,2025/09/30,2025/10/22,2032/10/31,
117289-11,株式会社平和堂,株式会社平和堂フレンドマート今堅田店　デリカ寿司作業室,菓子製造業,2025/09/30,2025/10/22,2032/10/31,申請のあった取扱品目の製造に限る。
117290-01,株式会社平和堂,株式会社平和堂フレンドマート今堅田店　精肉作業室,飲食店営業,2025/09/30,2025/10/22,2032/10/31,
117290-03,株式会社平和堂,株式会社平和堂フレンドマート今堅田店　精肉作業室,食肉販売業,2025/09/30,2025/10/22,2032/10/31,とさつ・解体は行わないこと。
117291-01,株式会社平和堂,株式会社平和堂フレンドマート今堅田店　食肉製品作業室,飲食店営業,2025/09/30,2025/10/22,2032/10/31,
117292-01,株式会社平和堂,株式会社平和堂フレンドマート今堅田店　鮮魚作業室,飲食店営業,2025/09/30,2025/10/22,2032/10/31,
117292-04,株式会社平和堂,株式会社平和堂フレンドマート今堅田店　鮮魚作業室,魚介類販売業,2025/09/30,2025/10/22,2032/10/31,
117293-01,株式会社平和堂,株式会社平和堂フレンドマート今堅田店　鮮魚寿司作業室,飲食店営業,2025/09/30,2025/10/22,2032/10/31,
117294-01,株式会社平和堂,株式会社平和堂フレンドマート今堅田店　デリカベーカリー作業室,飲食店営業,2025/09/30,2025/10/22,2032/10/31,
117294-11,株式会社平和堂,株式会社平和堂フレンドマート今堅田店　デリカベーカリー作業室,菓子製造業,2025/09/30,2025/10/22,2032/10/31,申請のあった取扱品目の製造に限る。
117295-01,株式会社平和堂,株式会社平和堂フレンドマート今堅田店　青果作業室,飲食店営業,2025/09/30,2025/10/22,2032/10/31,
117296-01,株式会社平和堂,株式会社平和堂フレンドマート今堅田店　青果カットフルーツ作業室,飲食店営業,2025/09/30,2025/10/22,2032/10/31,
117296-11,株式会社平和堂,株式会社平和堂フレンドマート今堅田店　青果カットフルーツ作業室,菓子製造業,2025/09/30,2025/10/22,2032/10/31,申請のあった取扱品目の製造に限る。
117297-01,,ウツミファームボックス（京都８００せ９０６８）,飲食店営業,2025/10/01,2025/10/07,2031/02/28,自動車による営業に限る。給水・廃水タンクの容量は約２００Ｌ以上とする。
117298-01,スターバックスコーヒージャパン株式会社,スターバックスコーヒー　大津堅田店,飲食店営業,2025/10/09,2025/10/22,2031/10/31,
117300-01,,サワディーカー（滋賀８３０さ９５２８）,飲食店営業,2025/10/02,2025/10/08,2031/02/28,自動車による営業に限る。給水・廃水タンクの容量は約２００Ｌ以上とする。
117301-01,,ダイニング　てっちゃん家,飲食店営業,2025/10/07,2025/10/21,2032/06/30,
117304-01,株式会社山新商会,ガウーショ,飲食店営業,2025/10/07,2025/10/14,2031/02/28,巡回移動営業に限る。申請のあった取扱品目に限る。加熱調理食品の提供に限る。簡易な調理に限る。
117306-01,一冨士フードサービス株式会社,４９８２７事業所,飲食店営業,2025/10/08,2025/10/28,2033/02/28,
117307-01,一冨士フードサービス株式会社,４９８２８事業所,飲食店営業,2025/10/08,2025/10/28,2033/02/28,
117308-01,,ｔｈｅ　ｐａｒｋ　９５６（滋賀８００る２４９４）,飲食店営業,2025/10/09,2025/10/16,2031/02/28,自動車による営業に限る。給水・廃水タンクの容量は約２００Ｌ以上とする。
117309-01,,らんちゅう,飲食店営業,2025/10/09,2025/10/15,2032/06/30,
117311-01,,ｐｉｚｚａ３１１０（多摩８００そ６２６２）,飲食店営業,2025/10/09,2025/10/16,2031/02/28,自動車による営業に限る。給水・廃水タンクの容量は約２００Ｌ以上とする。
117313-01,,ｂｅｌｌ,飲食店営業,2025/10/14,2025/10/24,2032/02/29,
117314-01,株式会社Ｌｉｋｅ　Ｃｏｍｐａｎｙ,Ｐｌａｉｓｉｒ（京都８００そ４５１９）,飲食店営業,2025/10/15,2025/10/17,2031/02/28,自動車による営業に限る。給水・廃水タンクの容量は約２００Ｌ以上とする。
117315-01,,コートサイド,飲食店営業,2025/10/16,2025/10/22,2031/02/28,巡回移動営業に限る。申請のあった取扱品目に限る。加熱調理食品の提供に限る。簡易な調理に限る。
117316-01,株式会社Ｊ－ＳＰＯＴ,Ｃｈｏｔ　ＢＡＲ　Ｊ－ＳＰＯＴ,飲食店営業,2025/10/16,2025/10/30,2032/06/30,
117317-01,株式会社平和堂,株式会社平和堂フレンドマート南郷店　精肉作業室,飲食店営業,2025/10/15,2025/10/30,2033/06/30,
117317-03,株式会社平和堂,株式会社平和堂フレンドマート南郷店　精肉作業室,食肉販売業,2025/10/15,2025/10/30,2033/06/30,とさつ・解体は行わないこと。
117318-01,株式会社平和堂,株式会社平和堂フレンドマート南郷店　青果作業室,飲食店営業,2025/10/15,2025/10/30,2033/06/30,
117319-01,株式会社平和堂,株式会社平和堂フレンドマート南郷店　青果カットフルーツ作業室,飲食店営業,2025/10/15,2025/10/30,2033/06/30,
117319-11,株式会社平和堂,株式会社平和堂フレンドマート南郷店　青果カットフルーツ作業室,菓子製造業,2025/10/15,2025/10/30,2033/06/30,申請のあった取扱品目の製造に限る。
117320-01,株式会社平和堂,株式会社平和堂フレンドマート南郷店　鮮魚作業室,飲食店営業,2025/10/15,2025/10/30,2033/06/30,
117320-04,株式会社平和堂,株式会社平和堂フレンドマート南郷店　鮮魚作業室,魚介類販売業,2025/10/15,2025/10/30,2033/06/30,
117321-01,株式会社平和堂,株式会社平和堂フレンドマート南郷店　鮮魚寿司作業室,飲食店営業,2025/10/15,2025/10/30,2033/06/30,
117322-01,株式会社平和堂,株式会社平和堂フレンドマート南郷店　デリカベーカリー作業室,飲食店営業,2025/10/15,2025/10/30,2033/06/30,
117322-11,株式会社平和堂,株式会社平和堂フレンドマート南郷店　デリカベーカリー作業室,菓子製造業,2025/10/15,2025/10/30,2033/06/30,申請のあった取扱品目の製造に限る。
117323-01,株式会社平和堂,株式会社平和堂フレンドマート南郷店　食肉製品作業室,飲食店営業,2025/10/15,2025/10/30,2033/06/30,
117324-01,株式会社平和堂,株式会社平和堂フレンドマート南郷店　デリカ作業室,飲食店営業,2025/10/15,2025/10/30,2033/06/30,
117324-11,株式会社平和堂,株式会社平和堂フレンドマート南郷店　デリカ作業室,菓子製造業,2025/10/15,2025/10/30,2033/06/30,申請のあった取扱品目の製造に限る。
117325-01,,パリのラーメン屋,飲食店営業,2025/10/17,2025/10/30,2032/06/30,
117326-01,株式会社平和堂,株式会社平和堂フレンドマート南郷店　デリカ寿司作業室,飲食店営業,2025/10/15,2025/10/30,2033/06/30,
117326-11,株式会社平和堂,株式会社平和堂フレンドマート南郷店　デリカ寿司作業室,菓子製造業,2025/10/15,2025/10/30,2033/06/30,申請のあった取扱品目の製造に限る。
117327-01,,Ｃｒｅｐｅ　Ｗａｔｔｌｅ（滋賀８００す９０７０）,飲食店営業,2025/10/17,2025/10/23,2031/02/28,自動車による営業に限る。給水・廃水タンクの容量は約２００Ｌ以上とする。
117333-01,,幸甚縁,飲食店営業,2025/10/20,2025/10/24,2031/02/28,巡回移動営業に限る。申請のあった取扱品目に限る。加熱調理食品の提供に限る。簡易な調理に限る。
117335-01,,Ｒｉｖｅｒ　Ｓｉｄｅ　Ｉｎｎ　ＨＩＲＡ,飲食店営業,2025/10/20,2025/11/07,2032/10/31,住宅宿泊事業法施行規則第２条第１号に規定された家屋における営業に限る。食事の提供は宿泊者に限る。１回に提供する食事数は１０食以下に限る。調理従事者は住宅宿泊事業者又はその同居家族に限る。
117336-01,,コンさんの餃子,飲食店営業,2025/10/20,2025/10/24,2031/02/28,
117337-01,株式会社クスリのアオキ,クスリのアオキ大津堅田店（そうざい）,飲食店営業,2025/10/21,2025/11/10,2033/10/31,
117338-01,株式会社クスリのアオキ,クスリのアオキ大津堅田店,飲食店営業,2025/10/21,2025/11/10,2033/10/31,
117338-03,株式会社クスリのアオキ,クスリのアオキ大津堅田店,食肉販売業,2025/10/21,2025/11/10,2033/10/31,とさつ・解体は行わないこと。
117338-04,株式会社クスリのアオキ,クスリのアオキ大津堅田店,魚介類販売業,2025/10/21,2025/11/10,2033/10/31,
117338-11,株式会社クスリのアオキ,クスリのアオキ大津堅田店,菓子製造業,2025/10/21,2025/11/10,2033/10/31,申請のあった取扱品目の製造に限る。
117339-01,三彩食品有限会社,炊匠庵,飲食店営業,2025/10/22,2025/10/28,2031/02/28,巡回移動営業に限る。申請のあった取扱品目に限る。加熱調理食品の提供に限る。簡易な調理に限る。
117340-01,,武内珈琲焙煎所,飲食店営業,2025/10/22,2025/11/18,2032/10/31,
117341-01,有限会社坊’Ｓ,天串　石山駅前店,飲食店営業,2025/10/23,2025/11/05,2032/06/30,
117342-01,,柏木竹林農園,飲食店営業,2025/10/23,2025/10/29,2031/02/28,巡回移動営業に限る。申請のあった取扱品目に限る。加熱調理食品の提供に限る。簡易な調理に限る。
117343-01,,花鳥風月,飲食店営業,2025/10/24,2025/11/05,2032/06/30,
117345-01,,ラーメンつぐみ,飲食店営業,2025/10/28,2025/11/11,2032/02/29,
117345-24,,ラーメンつぐみ,麺類製造業,2025/10/28,2025/11/11,2032/02/29,申請のあった取扱品目の製造に限る。
117346-01,,カジュアル　スナック　ゆみ,飲食店営業,2025/10/28,2025/11/10,2032/02/29,
117353-01,,ｃｕｒｉａ,飲食店営業,2025/10/31,2025/11/10,2032/06/30,
117354-01,,中華そバ。,飲食店営業,2025/10/31,2025/11/10,2032/02/29,
117356-01,,百串,飲食店営業,2025/10/31,2025/11/07,2031/02/28,巡回移動営業に限る。申請のあった取扱品目に限る。加熱調理食品の提供に限る。簡易な調理に限る。
117357-01,,焼肉　甫　ＨＡＪＩＭＥ,飲食店営業,2025/11/04,2025/11/17,2032/02/29,
117358-01,株式会社岩井商会,唐橋サイクルステーション１０１,飲食店営業,2025/11/05,2025/11/13,2032/06/30,
117361-01,,ホリスターフーズ（滋賀８０２せ・・・３）,飲食店営業,2025/11/06,2025/11/12,2031/02/28,自動車による営業に限る。給水・廃水タンクの容量は約２００Ｌ以上とする。
117362-01,,炭火を囲む焼肉　わえん,飲食店営業,2025/11/06,2025/11/18,2032/10/31,
117364-01,,ＦＵ,飲食店営業,2025/11/11,2025/12/08,2032/02/29,
117364-11,,ＦＵ,菓子製造業,2025/12/16,2025/12/23,2032/02/29,申請のあった取扱品目の製造に限る。
117365-01,生活クラブ生活協同組合,生活クラブブース,飲食店営業,2025/11/12,2025/11/18,2031/02/28,巡回移動営業に限る。申請のあった取扱品目に限る。加熱調理食品の提供に限る。簡易な調理に限る。
117366-01,合同会社スタジオつくし,ＮＵＲＩＢＡ,飲食店営業,2025/11/12,2025/11/25,2032/02/29,
117370-01,一冨士フードサービス株式会社,４９８３２事業所,飲食店営業,2025/11/13,2025/12/16,2033/10/31,
117371-01,,Ｔｒａｔｔｏｒｉａ　ＭＩＲＡＣＯＬＯ,飲食店営業,2025/11/13,2025/11/19,2031/02/28,巡回移動営業に限る。申請のあった取扱品目に限る。加熱調理食品の提供に限る。簡易な調理に限る。
117372-02,ＩＪＯＯＺ株式会社,自販　ＩＪＯＯＺ株式会社　大津ＳＡ下り,調理の機能を有する自動販売機により食品を調理し、調理された食品を販売する営業,2025/11/14,2025/12/22,2031/02/28,自動販売機による営業に限る。設置台数は１台に限る。
117374-01,株式会社Ｒｅ　ｂｏｒｎ,味の名門　大将軍　瀬田店,飲食店営業,2025/11/17,2025/12/01,2032/06/30,
117376-01,,施設名非表示（個人名のため）,飲食店営業,2025/11/25,2026/01/15,2032/10/31,
117377-01,,ＳＵＮＮＹ　ＫＩＴＣＨＥＮ　太陽キッチン（京都８３０ぬ・１６８）,飲食店営業,2025/11/26,2025/12/02,2031/02/28,自動車による営業に限る。給水・廃水タンクの容量は約２００Ｌ以上とする。
117378-01,,スィーツキッチン（なにわ４８０ぬ７１９２）,飲食店営業,2025/11/26,2025/12/02,2031/02/28,自動車による営業に限る。申請のあった取扱品目に限る。給水・廃水タンクの容量は約８０Ｌ以上とする。
117379-01,,咲屋,飲食店営業,2025/11/27,2025/12/03,2031/02/28,巡回移動営業に限る。申請のあった取扱品目に限る。加熱調理食品の提供に限る。簡易な調理に限る。
117380-01,,井上商店,飲食店営業,2025/11/27,2025/12/03,2031/02/28,巡回移動営業に限る。申請のあった取扱品目に限る。加熱調理食品の提供に限る。簡易な調理に限る。
117381-01,,９９９　－スリーナイン－（奈良８３０ね・９９９）,飲食店営業,2025/11/27,2025/12/03,2031/02/28,自動車による営業に限る。申請のあった取扱品目に限る。給水・廃水タンクの容量は約８０Ｌ以上とする。
117382-01,,麻婆豆腐専門店　ｃｏｌｏｒｓ,飲食店営業,2025/11/27,2025/12/05,2032/02/29,
117387-01,株式会社ｃ　ｌｉｇｈｔ,ｃ　ｌｉｇｈｔ,飲食店営業,2025/12/02,2025/12/09,2032/10/31,
117388-01,,和彩　万歳　くわの,飲食店営業,2025/12/04,2025/12/16,2032/10/31,
117390-01,,カフェ　みほ’Ｓ,飲食店営業,2025/12/05,2025/12/25,2032/10/31,
117392-01,,イタリアンバル　Ｎｉｃｏ,飲食店営業,2025/12/05,2025/12/22,2032/06/30,
117393-01,,ＢＬＵＥ×２,飲食店営業,2025/12/08,2025/12/23,2032/10/31,
117394-01,,Ｙ・Ｓキッチン（京都５８２さ７７４１）,飲食店営業,2025/12/08,2025/12/12,2031/02/28,自動車による営業に限る。申請のあった取扱品目に限る。給水・廃水タンクの容量は約４０Ｌ以上とする。
117395-01,,ＳＵＭＩＢＩ　ＢＡＳＥ　廣,飲食店営業,2025/12/08,2025/12/26,2032/10/31,
117396-01,,ＤＥＤＥ,飲食店営業,2025/12/09,2025/12/22,2032/06/30,
117397-01,社会福祉法人嘉舟会,社会福祉法人　嘉舟会（和泉８３０そ・１２８）,飲食店営業,2025/12/09,2025/12/15,2032/02/29,自動車による営業に限る。給水・廃水タンクの容量は約２００Ｌ以上とする。
117398-01,,藤本商店,飲食店営業,2025/12/09,2025/12/15,2031/02/28,巡回移動営業に限る。申請のあった営業場所に限る。申請のあった取扱品目に限る。加熱調理食品の提供に限る。簡易な調理に限る。
117399-01,株式会社スリーエスシステム,スリーエス,飲食店営業,2025/12/10,2025/12/16,2031/02/28,巡回移動営業に限る。申請のあった取扱品目に限る。加熱調理食品の提供に限る。簡易な調理に限る。
117400-01,株式会社ＥＡＳＵ,食堂カヤノナギ,飲食店営業,2025/12/10,2026/01/13,2032/06/30,
117401-01,株式会社スワロウ,たこ焼き　近江,飲食店営業,2025/12/12,2025/12/25,2032/02/29,
117402-01,株式会社Ｏｎｅ　Ｒｏｐｅ,ふじた屋（大阪８００ち１２１３）,飲食店営業,2025/12/15,2025/12/19,2031/02/28,自動車による営業に限る。給水・廃水タンクの容量は約２００Ｌ以上とする。
117403-01,クックメディカルフーズ株式会社,ナーシングホーム　アルク大津雄琴,飲食店営業,2025/12/17,2025/12/25,2033/10/31,
117404-01,株式会社ｎａｄｅｓｈｉｃｏ,やきとり鶏丸　石山店,飲食店営業,2025/12/23,2026/01/22,2032/06/30,
117405-01,,焼肉　夕鶴（滋賀４８４ふ・・３１）,飲食店営業,2025/12/23,2026/01/05,2031/02/28,自動車による営業に限る。申請のあった取扱品目に限る。給水・廃水タンクの容量は約８０Ｌ以上とする。
117406-01,,Ｃａｆｅ　Ｎｅｉｇｈｂｏｒｈｏｏｄ,飲食店営業,2025/12/23,2026/01/22,2032/02/29,
117408-01,有限会社京菓子司大黒屋,和菓子とフルーツ飴の店　大黒屋,飲食店営業,2025/12/25,2026/01/07,2031/02/28,巡回移動営業に限る。申請のあった取扱品目に限る。加熱調理食品の提供に限る。簡易な調理に限る。
117410-01,,肉居酒屋　焼金たろう,飲食店営業,2026/01/07,2026/01/21,2032/10/31,
117411-01,,Ｒ’ｓ　ｂａｒ,飲食店営業,2026/01/07,2026/01/20,2032/02/29,
117412-01,名阪食品株式会社,なぎさ保育園,飲食店営業,2026/01/09,2026/02/06,2034/02/28,
117413-01,株式会社ａｔ,ａｔ鮪　２号車（和泉４８７き・・・２）,飲食店営業,2026/01/13,2026/01/15,2031/02/28,自動車による営業に限る。給水・廃水タンクの容量は約２００Ｌ以上とする。
117415-01,株式会社丸富,肉の丸富　堅田店,飲食店営業,2026/01/13,2026/01/21,2033/10/31,
117415-03,株式会社丸富,肉の丸富　堅田店,食肉販売業,2026/01/13,2026/01/21,2033/10/31,とさつ・解体は行わないこと。
117419-01,株式会社平和堂,株式会社平和堂　フレンドマート唐崎店　臨時寿司,飲食店営業,2026/01/14,2026/02/02,2032/02/29,
117420-01,株式会社ＡＬＣ,マクドナルド石山駅前店,飲食店営業,2026/01/14,2026/01/22,2032/06/30,
117421-01,株式会社ＡＬＣ,マクドナルド大津玉野浦店,飲食店営業,2026/01/14,2026/01/23,2032/06/30,
117422-04,株式会社奥田商店,業務スーパー堅田店　鮮魚,魚介類販売業,2026/01/14,2026/01/21,2033/10/31,
117423-25,株式会社奥田商店,業務スーパー堅田店　そうざい,そうざい製造業,2026/01/14,2026/01/21,2033/10/31,申請のあった取扱品目の製造に限る。
117424-01,株式会社平和堂,株式会社平和堂フレンドマート今堅田店　社員食堂（臨時作業場）,飲食店営業,2026/01/15,2026/01/30,2032/10/31,
117425-02,株式会社アペックス西日本,自販０３　有限会社山科ゴルフガーデン　１Ｆロビー,調理の機能を有する自動販売機により食品を調理し、調理された食品を販売する営業,2026/01/15,2026/01/26,2031/02/28,自動販売機による営業に限る。設置台数は１台に限る。
117426-02,株式会社アペックス西日本,自販０３　日本精工株式会社　大津工場　７号休憩所,調理の機能を有する自動販売機により食品を調理し、調理された食品を販売する営業,2026/01/15,2026/01/26,2031/02/28,自動販売機による営業に限る。設置台数は１台に限る。
117429-01,,Ｔｒａｐ　ＣＡＦＥ,飲食店営業,2026/01/21,2026/02/09,2032/10/31,
117430-01,,クラフト大津　海苔がつを,飲食店営業,2026/01/21,2026/01/30,2032/02/29,
117431-01,,ナニワボウル,飲食店営業,2026/01/21,2026/01/27,2031/02/28,巡回移動営業に限る。申請のあった取扱品目に限る。加熱調理食品の提供に限る。簡易な調理に限る。
117436-01,西日本高速道路リテール株式会社,草津仕込センター,飲食店営業,2026/01/21,2026/01/27,2032/06/30,
117437-02,ナショナル・ベンディング株式会社,自販０６　三陽建材株式会社　晴嵐事業所　６０３５６,調理の機能を有する自動販売機により食品を調理し、調理された食品を販売する営業,2026/01/22,2026/02/12,2031/02/28,自動販売機による営業に限る。設置台数は１台に限る。
117439-11,株式会社バロー,バロー真野店（八百屋の生フルーツデザート）,菓子製造業,2026/01/26,2026/02/26,2033/10/31,申請のあった取扱品目の製造に限る。
117440-01,ＴＯＨ株式会社,ＤＥＬＩｃｉｏｕｓ,飲食店営業,2026/01/26,2026/02/09,2032/02/29,
117440-25,ＴＯＨ株式会社,ＤＥＬＩｃｉｏｕｓ,そうざい製造業,2026/01/26,2026/02/09,2032/02/29,申請のあった取扱品目の製造に限る。
117446-01,,Ｂ－Ｒｏｏｍ,飲食店営業,2026/01/27,2026/02/02,2031/02/28,巡回移動営業に限る。申請のあった取扱品目に限る。加熱調理食品の提供に限る。
117448-01,,ファミリーマート　大津大将軍,飲食店営業,2026/01/29,2026/02/24,2033/06/30,
117449-02,株式会社アペックス西日本,自販０３　大津ロングゴルフ　１階自販機コーナー,調理の機能を有する自動販売機により食品を調理し、調理された食品を販売する営業,2026/01/30,2026/02/06,2031/02/28,自動販売機による営業に限る。設置台数は１台に限る。
117450-02,株式会社アペックス西日本,自販０３　大津ロングゴルフ　２階自販機コーナー,調理の機能を有する自動販売機により食品を調理し、調理された食品を販売する営業,2026/01/30,2026/02/06,2031/02/28,自動販売機による営業に限る。設置台数は１台に限る。
117451-01,,焼肉　ＢＵＳＡＮ　ＯＩＳＯ（奈良８００す８３８３）,飲食店営業,2026/02/02,2026/02/06,2031/02/28,自動車による営業に限る。給水・廃水タンクの容量は約２００Ｌ以上とする。
117452-01,,天ぷら割烹　くにもと,飲食店営業,2026/01/30,2026/02/19,2032/02/29,
117453-01,,ＬＩＮＫ　ＯＮＥ（京都８００そ５３０８）,飲食店営業,2026/02/03,2026/02/09,2031/02/28,自動車による営業に限る。給水・廃水タンクの容量は約２００Ｌ以上とする。
117454-01,株式会社タナカヤ,ＥＮＩＮＡＲＵ　ＬＡＫＥ　ＶＩＥＷ　ＶＩＬＬＡ,飲食店営業,2026/02/04,2026/02/18,2032/10/31,
117456-01,花見富永株式会社,キッチン三治郎（京都８０５り・・・８）,飲食店営業,2026/02/04,2026/02/10,2031/02/28,自動車による営業に限る。申請のあった取扱品目に限る。給水・廃水タンクの容量は約８０Ｌ以上とする。
117460-01,,麺屋スリル,飲食店営業,2026/02/09,2026/03/06,2032/10/31,
117461-01,,ウツミファームボックス,飲食店営業,2026/02/09,2026/02/16,2031/02/28,巡回移動営業に限る。申請のあった取扱品目に限る。加熱調理食品の提供に限る。
117462-01,株式会社大輪,株式会社　大輪,飲食店営業,2026/02/10,2026/02/24,2032/02/29,
117463-25,,ゆもらキンパ,そうざい製造業,2026/02/10,2026/02/20,2032/02/29,申請のあった取扱品目の製造に限る。
117464-01,,ビストロ　キッチン　イケ（滋賀８００す９２２７）,飲食店営業,2026/02/10,2026/02/17,2031/02/28,自動車による営業に限る。申請のあった取扱品目に限る。給水・廃水タンクの容量は約８０Ｌ以上とする。
117465-01,,カラオケ喫茶　夢うさぎ,飲食店営業,2026/02/10,2026/02/27,2032/02/29,
117466-01,,中華そば　かめむち,飲食店営業,2026/02/10,2026/07/07,2033/02/28,
117467-01,一般社団法人ひつじの居場所・羊羊,パレード（滋賀８００す８９２７）,飲食店営業,2026/02/12,2026/02/18,2031/02/28,自動車による営業に限る。給水・廃水タンクの容量は約２００Ｌ以上とする。
117468-01,株式会社都給食,日伸工業株式会社,飲食店営業,2026/02/12,2026/02/27,2033/06/30,
117469-01,株式会社不二家商事,ファミリーマートびわこ成蹊スポーツ大学／Ｓ店,飲食店営業,2026/02/13,2026/02/26,2033/10/31,
117470-01,,９,飲食店営業,2026/02/16,2026/03/06,2032/06/30,
117471-01,株式会社五福堂,ＨＯＴ　ＤＯＧ　ＢＡＳＥ（京都８０２は５５５５）,飲食店営業,2026/02/16,2026/02/20,2031/02/28,自動車による営業に限る。申請のあった取扱品目に限る。給水・廃水タンクの容量は約８０Ｌ以上とする。
117473-01,,ＨＯＰＰＥ,飲食店営業,2026/02/16,2026/03/04,2033/02/28,
117474-01,,ＰＯＰ（滋賀８００す９３３８）,飲食店営業,2026/02/17,2026/02/24,2031/02/28,自動車による営業に限る。給水・廃水タンクの容量は約２００Ｌ以上とする。
117475-01,ＢＲＥＡＤＥＲ株式会社,ＢＲＥＡＤＥＲ,飲食店営業,2026/02/17,2026/03/12,2032/10/31,
117476-01,,Ｔｅｒａ　Ｃｉｎｑｕｅｃｅｎｔｏ（京都８００そ３４００）,飲食店営業,2026/02/18,2026/02/25,2031/02/28,自動車による営業に限る。申請のあった取扱品目に限る。給水・廃水タンクの容量は約８０Ｌ以上とする。
117479-01,,いちの家,飲食店営業,2026/02/19,2026/03/05,2032/06/30,
117481-01,,だしたまちゃん,飲食店営業,2026/02/24,2026/03/02,2032/02/29,巡回移動営業に限る。申請のあった取扱品目に限る。加熱調理食品の提供に限る。簡易な調理に限る。
117486-01,,ＰＡＮＺＡ（京都８００そ６０７３）,飲食店営業,2026/02/27,2026/03/05,2032/02/29,自動車による営業に限る。給水・廃水タンクの容量は約２００Ｌ以上とする。
117487-01,株式会社マルヨシ近江茶,近江茶丸吉　日吉坂本店,飲食店営業,2026/03/02,2026/03/18,2032/10/31,
117488-01,株式会社石富プロパティー,Ｍｒ．キッチンカー（大阪８００ち・５２１）,飲食店営業,2026/03/02,2026/03/06,2032/02/29,自動車による営業に限る。申請のあった取扱品目に限る。給水・廃水タンクの容量は約８０Ｌ以上とする。
117489-01,株式会社石富プロパティー,Ｍｒ．キッチンカー（大阪８００そ９５３６）,飲食店営業,2026/03/02,2026/03/06,2032/02/29,自動車による営業に限る。申請のあった取扱品目に限る。給水・廃水タンクの容量は約８０Ｌ以上とする。
117490-01,株式会社石富プロパティー,Ｍｒ．キッチンカー（大阪８００そ７３９７）,飲食店営業,2026/03/02,2026/03/06,2032/02/29,自動車による営業に限る。給水・廃水タンクの容量は約２００Ｌ以上とする。
117491-01,,フクロウ　キッチン（京都４８０み・・５０）,飲食店営業,2026/03/04,2026/03/10,2032/02/29,自動車による営業に限る。給水・廃水タンクの容量は約２００Ｌ以上とする。
117492-01,,下横座,飲食店営業,2026/03/05,2026/03/19,2033/02/28,
117493-01,,ますたん　ｋｉｔｃｈｅｎ,飲食店営業,2026/03/05,2026/03/23,2032/10/31,
117495-01,丸善雄松堂株式会社,丸善キャンパスショップ龍谷大学瀬田売店,飲食店営業,2026/03/09,2026/03/19,2032/06/30,
117496-01,,成安造形大学大食堂　湖都,飲食店営業,2026/03/10,2026/03/26,2032/10/31,
117498-01,,石山商店街ガード下　酒場,飲食店営業,2026/03/10,2026/03/19,2032/06/30,
117499-01,,心ほどけるスイーツ工房　ｍａ・ｓａｒａ,飲食店営業,2026/03/11,2026/03/26,2032/10/31,
117499-11,,心ほどけるスイーツ工房　ｍａ・ｓａｒａ,菓子製造業,2026/03/11,2026/03/26,2032/10/31,申請のあった取扱品目の製造に限る。
117501-01,マリンフード株式会社,マリンカフェ　１号（大阪８００ち１３７０）,飲食店営業,2026/03/12,2026/03/18,2032/02/29,自動車による営業に限る。給水・廃水タンクの容量は約２００Ｌ以上とする。
117502-01,株式会社伏見屋,Ｂｏｏ　Ｂｏｏ　Ｌｕｎｃｈ（滋賀４８０せ２８１６）,飲食店営業,2026/03/12,2026/03/18,2032/02/29,自動車による営業に限る。申請のあった取扱品目に限る。給水・廃水タンクの容量は約４０Ｌ以上とする。
117503-01,株式会社Ｇｅｎ＆Ｐａｒｔｎｅｒｓ,ワン・ツー・ヴィレッジ浜大津,飲食店営業,2026/03/12,2026/03/18,2032/02/29,巡回移動営業に限る。申請のあった取扱品目に限る。加熱調理食品の提供に限る。簡易な調理に限る。
117505-01,,たこ焼き　一心（滋賀８３０さ２０２６）,飲食店営業,2026/03/16,2026/03/23,2032/02/29,自動車による営業に限る。給水・廃水タンクの容量は約２００Ｌ以上とする。
117506-01,株式会社シーアンドシー,滋賀県警察学校　食堂,飲食店営業,2026/03/16,2026/03/31,2033/02/28,
117507-01,,通尾天神山　古民家薬膳かふぇ　松風庵　八百九店,飲食店営業,2026/03/16,2026/04/27,2032/02/29,巡回移動営業に限る。申請のあった取扱品目に限る。加熱調理食品の提供に限る。簡易な調理に限る。
117508-01,株式会社瀬田月輪自動車教習所,株式会社　瀬田月輪自動車教習所,飲食店営業,2026/03/16,2026/04/03,2032/06/30,
117509-01,株式会社石富プロパティー,Ｍｒ．キッチンカー（大阪４８０め１４７１）,飲食店営業,2026/03/17,2026/03/19,2032/02/29,自動車による営業に限る。申請のあった取扱品目に限る。給水・廃水タンクの容量は約８０Ｌ以上とする。
117510-01,,寿司居酒屋ろぐいん,飲食店営業,2026/03/17,2026/05/01,2033/02/28,
117512-01,,鉄板　Ｋｉｔｅ,飲食店営業,2026/03/18,2026/03/31,2032/10/31,
117513-01,,ナイア　キッチン（滋賀８００す９３８９）,飲食店営業,2026/03/19,2026/03/26,2033/02/28,自動車による営業に限る。給水・廃水タンクの容量は約２００Ｌ以上とする。
117514-01,,もくもく（滋賀８００す９３８２）,飲食店営業,2026/03/19,2026/03/26,2032/02/29,自動車による営業に限る。給水・廃水タンクの容量は約２００Ｌ以上とする。
117515-01,,ＬＯＷ　ＰＡＣＥ,飲食店営業,2026/03/25,2026/04/09,2032/10/31,
117515-11,,ＬＯＷ　ＰＡＣＥ,菓子製造業,2026/03/25,2026/04/09,2032/10/31,申請のあった取扱品目の製造に限る。
117516-11,,ブラウニー母さん,菓子製造業,2026/03/30,2026/04/08,2032/06/30,申請のあった取扱品目の製造に限る。
117518-01,,ｋｕｒｉｂｏｕ,飲食店営業,2026/03/30,2026/04/08,2032/06/30,
117519-01,Ｔｒｅｎｄ　Ｃｏｍｐａｎｙ株式会社,Ｔｒｅｎｄ　Ｃｏｏｋｓ,飲食店営業,2026/04/01,2026/04/16,2033/02/28,
117522-01,,ＳＩＳＵ,飲食店営業,2026/04/03,2026/04/13,2033/02/28,
117525-01,一般社団法人やさいごー,やさいごー（滋賀４３０は・８３１）,飲食店営業,2026/04/06,2026/04/10,2032/02/29,自動車による営業に限る。申請のあった取扱品目に限る。給水・廃水タンクの容量は約４０Ｌ以上とする。車内で器具の洗浄を要しない営業に限る。
117526-01,一般社団法人ぎふと,カフエェ　すなみ,飲食店営業,2026/04/03,2026/04/15,2032/10/31,
117527-01,,炭火焼肉　虎ちゃん,飲食店営業,2026/04/06,2026/04/15,2032/10/31,
117527-03,,炭火焼肉　虎ちゃん,食肉販売業,2026/04/06,2026/04/15,2032/10/31,とさつ・解体は行わないこと。
117528-01,,フェラーリ１号（京都８００せ６４５５）,飲食店営業,2026/04/07,2026/04/13,2032/02/29,自動車による営業に限る。申請のあった取扱品目に限る。給水・廃水タンクの容量は約８０Ｌ以上とする。
117530-25,,堅田出町佃煮処　ひなまろ庵,そうざい製造業,2026/04/09,2026/04/21,2032/10/31,申請のあった取扱品目の製造に限る。
117531-01,株式会社Ｔｒｏｐｉｃａｌ　Ｋｅｔｃｈｕｐｓ,岐阜せんから（岐阜８００そ５７１７）,飲食店営業,2026/04/09,2026/04/15,2033/02/28,自動車による営業に限る。給水・廃水タンクの容量は約２００Ｌ以上とする。
117532-01,,Ｂａｒ　Ｓｔａｒ,飲食店営業,2026/04/09,2026/04/21,2033/02/28,
117534-01,,ＲＯＣＫＢＯＯＫＫＩＴＣＨＥＮ（京都８３０さ６９２９）,飲食店営業,2026/04/13,2026/04/17,2032/02/29,自動車による営業に限る。給水・廃水タンクの容量は約２００Ｌ以上とする。
117535-01,,Ｙ－ｓ,飲食店営業,2026/04/13,2026/04/27,2033/02/28,
117535-11,,Ｙ－ｓ,菓子製造業,2026/04/13,2026/04/27,2033/02/28,申請のあった取扱品目の製造に限る。
117536-01,,喫茶　マメフク,飲食店営業,2026/04/14,2026/06/26,2032/10/31,
117537-01,,ウグラタラ,飲食店営業,2026/04/13,2026/04/17,2032/06/30,
117538-01,,ｃｏｉｎ,飲食店営業,2026/04/14,2026/04/24,2033/02/28,
117539-01,,ｙｏｍｅ　ｙｏｍｅ　浜大津店,飲食店営業,2026/04/14,2026/04/21,2033/02/28,
117540-01,株式会社パンとエスプレッソと,パンとエスプレッソとびわこ文化公園,飲食店営業,2026/04/14,2026/05/13,2033/06/30,
117540-11,株式会社パンとエスプレッソと,パンとエスプレッソとびわこ文化公園,菓子製造業,2026/04/14,2026/05/13,2033/06/30,申請のあった取扱品目の製造に限る。
117541-01,株式会社パンとエスプレッソと,パンとエスプレッソと夕照庵,飲食店営業,2026/04/14,2026/06/12,2032/06/30,
117542-01,株式会社鮮魚魚竹,青果市場嘉乃や瀬田店内　株式会社鮮魚魚竹（鮮魚作業室）,飲食店営業,2026/04/16,2026/05/08,2032/06/30,
117542-04,株式会社鮮魚魚竹,青果市場嘉乃や瀬田店内　株式会社鮮魚魚竹（鮮魚作業室）,魚介類販売業,2026/04/16,2026/05/08,2032/06/30,
117543-01,株式会社鮮魚魚竹,青果市場嘉乃や瀬田店内　株式会社鮮魚魚竹（そうざい作業室）,飲食店営業,2026/04/16,2026/05/08,2032/06/30,
117545-01,,雲の間,飲食店営業,2026/04/16,2026/05/07,2031/10/31,
117546-01,,大吉フードサービス（京都８３０つ・４２１）,飲食店営業,2026/04/16,2026/04/22,2032/02/29,自動車による営業に限る。申請のあった取扱品目に限る。給水・廃水タンクの容量は約８０Ｌ以上とする。
117548-01,株式会社ケージーワイ,かごや,飲食店営業,2026/04/17,2026/04/30,2034/02/28,
117551-01,,縁,飲食店営業,2026/04/21,2026/05/01,2033/02/28,
117554-01,,お食事処　和（京都８３０ち・７５３）,飲食店営業,2026/04/27,2026/05/07,2032/02/29,自動車による営業に限る。給水・廃水タンクの容量は約２００Ｌ以上とする。
117555-01,,あっぱれ（滋賀８００す９０５３）,飲食店営業,2026/04/27,2026/05/07,2032/02/29,自動車による営業に限る。申請のあった取扱品目に限る。給水・廃水タンクの容量は約８０Ｌ以上とする。
117558-01,株式会社Ｇｅｎ＆Ｈａｐｐｉｎｅｓｓ,就労継続支援Ｂ型はぴねすファーム,飲食店営業,2026/04/28,2026/05/08,2032/02/29,巡回移動営業に限る。申請のあった取扱品目に限る。加熱調理食品の提供に限る。簡易な調理に限る。
117559-01,,ＢＡＲ　ＲｉＭ,飲食店営業,2026/04/28,2026/05/08,2033/02/28,
117560-25,,いっぽ・いっぽ,そうざい製造業,2026/04/30,2026/05/13,2032/06/30,申請のあった取扱品目の製造に限る。
117563-01,,ｋａｋａ男ｃａｆｅ（大阪８００ち１６４７）,飲食店営業,2026/05/01,2026/05/12,2032/02/29,自動車による営業に限る。給水・廃水タンクの容量は約２００Ｌ以上とする。
117565-01,,串と肴　みやび屋,飲食店営業,2026/05/07,2026/05/28,2033/02/28,
117566-01,株式会社ＭＭＳホールディングス,めんきや（なにわ８００せ７０３３）,飲食店営業,2026/05/07,2026/05/13,2032/02/29,自動車による営業に限る。給水・廃水タンクの容量は約２００Ｌ以上とする。
117567-25,,ＯＫＮ　ｋｉｔｃｈｅｎ,そうざい製造業,2026/05/08,2026/06/01,2033/02/28,申請のあった取扱品目の製造に限る。
117568-25,合同会社Ｈ＆Ｍ,就労継続支援Ｂ型　ＴＯＮＢＯ,そうざい製造業,2026/05/11,2026/06/09,2034/02/28,申請のあった取扱品目の製造に限る。
117569-01,,ＨＡＰＰＹ山（滋賀４８０に９７０４）,飲食店営業,2026/05/13,2026/05/19,2032/02/29,自動車による営業に限る。申請のあった取扱品目に限る。給水・廃水タンクの容量は約４０Ｌ以上とする。
117570-01,,ｗｉｓｔｅｒｉａ－ｃｏｆｆｅｅ－,飲食店営業,2026/05/13,2026/06/02,2032/06/30,
117570-11,,ｗｉｓｔｅｒｉａ－ｃｏｆｆｅｅ－,菓子製造業,2026/05/13,2026/06/02,2032/06/30,申請のあった取扱品目の製造に限る。
117571-01,,ＫＩＮＧｓ,飲食店営業,2026/05/13,2026/05/29,2033/02/28,
117572-01,株式会社丸亀製麺,丸亀製麺大津坂本,飲食店営業,2026/05/14,2026/05/21,2032/10/31,
117573-01,株式会社ノームコア,ザ・クラシックメデカマンション大津ＡＮＮＥＸ,飲食店営業,2026/05/15,2026/05/28,2034/02/28,
117574-01,,ｈｉｓ　ｋｉｔｃｈｅｎ（滋賀８００す９４１５）,飲食店営業,2026/05/18,2026/05/22,2032/02/29,自動車による営業に限る。給水・廃水タンクの容量は約２００Ｌ以上とする。
117575-01,Ｃｒａｎｋｙｓ合同会社,Ｃｒａｎｋｙｓ　ｃｏｆｆｅｅ（滋賀４８０ぬ・２３５）,飲食店営業,2026/05/19,2026/05/25,2032/02/29,自動車による営業に限る。給水・廃水タンクの容量は約２００Ｌ以上とする。
117576-01,,茶店レトア,飲食店営業,2026/05/20,2026/06/02,2031/06/30,
117577-01,,猿屋,飲食店営業,2026/05/20,2026/05/26,2032/02/29,巡回移動営業に限る。申請のあった取扱品目に限る。加熱調理食品の提供に限る。簡易な調理に限る。
117578-01,,麺屋Ｄ,飲食店営業,2026/05/20,2026/06/18,2032/06/30,
117579-01,合同会社Ｎ・Ｋ・Ｍ・ＩＮＴＥＲＮＡＴＩＯＮＡＬ,カリー工房のファーストフード（春日井８００さ１７１３）,飲食店営業,2026/05/21,2026/05/27,2032/02/29,自動車による営業に限る。申請のあった取扱品目に限る。給水・廃水タンクの容量は約８０Ｌ以上とする。
117580-01,,ＲＥ：ＲＩＳＥ（滋賀４８０ぬ・・６４）,飲食店営業,2026/05/21,2026/05/27,2032/02/29,自動車による営業に限る。申請のあった取扱品目に限る。給水・廃水タンクの容量は約８０Ｌ以上とする。
117581-01,,花鈴,飲食店営業,2026/05/21,2026/07/09,2033/06/30,
117582-01,,Ａｌｉｃｅ　Ｇａｒｄｅｎ,飲食店営業,2026/05/21,2026/06/02,2032/06/30,
117583-01,有限会社浜亭,浜亭,飲食店営業,2026/05/25,2026/06/03,2032/06/30,
117584-01,,Ｇ　ＦＡＣＴＯＲＹ（京都８３０せ５８５８）,飲食店営業,2026/05/26,2026/06/01,2032/02/29,自動車による営業に限る。申請のあった取扱品目に限る。給水・廃水タンクの容量は約８０Ｌ以上とする。
117585-01,スギ商事株式会社,中保食堂,飲食店営業,2026/05/26,2026/06/15,2033/02/28,
117586-01,,灯り屋,飲食店営業,2026/05/26,2026/07/03,2033/06/30,
117589-01,株式会社インテリアＡＣＴ,ＥＭＰＩＮＧＡＯ（京都８００そ２３３５）,飲食店営業,2026/05/28,2026/06/03,2032/02/29,自動車による営業に限る。給水・廃水タンクの容量は約２００Ｌ以上とする。
117590-25,株式会社福井商事,株式会社福井商事,そうざい製造業,2026/05/29,2026/06/08,2033/06/30,申請のあった取扱品目の製造に限る。
117592-11,,ｐｕｓｈｋａｒ　ＤＥＬＩ,菓子製造業,2026/06/01,2026/07/01,2032/10/31,申請のあった取扱品目の製造に限る。
117592-25,,ｐｕｓｈｋａｒ　ＤＥＬＩ,そうざい製造業,2026/06/01,2026/07/01,2032/10/31,申請のあった取扱品目の製造に限る。
117592-01,,ｐｕｓｈｋａｒ　ＤＥＬＩ,飲食店営業,2026/06/26,2026/07/01,2032/10/31,
117593-02,ＩＪＯＯＺ株式会社,自販　ＩＪＯＯＺ自動販売機　ＪＲ大津京駅,調理の機能を有する自動販売機により食品を調理し、調理された食品を販売する営業,2026/06/01,2026/06/05,2032/02/29,自動販売機による営業に限る。設置台数は１台に限る。
117594-02,ＩＪＯＯＺ株式会社,自販　ＩＪＯＯＺ自動販売機　ＪＲ石山駅,調理の機能を有する自動販売機により食品を調理し、調理された食品を販売する営業,2026/06/01,2026/06/05,2032/02/29,自動販売機による営業に限る。設置台数は１台に限る。
117595-01,株式会社丸亀製麺,丸亀製麺大津膳所,飲食店営業,2026/06/02,2026/06/12,2033/06/30,
117596-01,,Ｍｙ－ｃｈｕｒｒｏｓ（大阪１００た６１３６）,飲食店営業,2026/06/02,2026/06/08,2032/02/29,自動車による営業に限る。申請のあった取扱品目に限る。給水・廃水タンクの容量は約８０Ｌ以上とする。
117597-01,,キクマル屋（尾張小牧４８０そ・９２７）,飲食店営業,2026/06/02,2026/06/08,2032/02/29,自動車による営業に限る。申請のあった取扱品目に限る。給水・廃水タンクの容量は約８０Ｌ以上とする。
117599-11,株式会社バイテン,ＴＯＩ　ＤＯＮＵＴ,菓子製造業,2026/06/05,2026/06/29,2032/10/31,申請のあった取扱品目の製造に限る。
117600-01,,ＲＩＰＳＴＩＣＫ　ＣＡＦＥ,飲食店営業,2026/06/08,2026/06/17,2032/10/31,
117601-01,株式会社ホットランド西日本,築地　銀だこ,飲食店営業,2026/06/09,2026/06/18,2033/06/30,
117604-01,,げんきやキッチンカー（三重８３０す５５８５）,飲食店営業,2026/06/10,2026/06/16,2032/02/29,自動車による営業に限る。給水・廃水タンクの容量は約２００Ｌ以上とする。
117605-01,株式会社Ｈａｓｕｄａエンタープライズ,Ｊｏｅ’ｓ　Ｃｏｆｆｅｅ（京都８００わ１６３７）,飲食店営業,2026/06/10,2026/06/16,2032/02/29,自動車による営業に限る。給水・廃水タンクの容量は約２００Ｌ以上とする。
117606-25,有限会社みやこ惣房,（有）みやこ惣房,そうざい製造業,2026/06/10,2026/06/29,2033/02/28,申請のあった取扱品目の製造に限る。
117608-01,,ＣＲＥＰＥ　ＤＩ　ＴＵＴＴＩ（名古屋８００ね４８６８）,飲食店営業,2026/06/12,2026/06/18,2032/02/29,自動車による営業に限る。申請のあった取扱品目に限る。給水・廃水タンクの容量は約８０Ｌ以上とする。
117609-01,,ＩＮＵＴＡＫＵひらでん食堂,飲食店営業,2026/06/15,2026/07/01,2032/10/31,
117610-01,,Ｎｅｘｔ　Ｋｉｔｃｈｅｎ（京都８３０そ・１２５）,飲食店営業,2026/06/16,2026/06/22,2032/02/29,自動車による営業に限る。給水・廃水タンクの容量は約２００Ｌ以上とする。
117611-01,有限会社深山,有限会社深山,飲食店営業,2026/06/16,2026/06/22,2032/02/29,巡回移動営業に限る。申請のあった取扱品目に限る。加熱調理食品の提供に限る。簡易な調理に限る。
117613-01,,髭の珈琲（滋賀４００て・７６２）,飲食店営業,2026/06/17,2026/06/23,2032/02/29,自動車による営業に限る。申請のあった取扱品目に限る。給水・廃水タンクの容量は約８０Ｌ以上とする。
117614-01,ＮＳＫＴ合同会社,ｑｕａｔｒｅ（京都８００そ６３２５）,飲食店営業,2026/06/18,2026/06/24,2032/02/29,自動車による営業に限る。給水・廃水タンクの容量は約２００Ｌ以上とする。
117615-01,,焼きとん食堂ライオン,飲食店営業,2026/06/18,2026/06/26,2032/06/30,
117616-01,つちっこ株式会社,つちっこＫｉｔｃｈｅｎ（宮崎８３０せ３５８８）,飲食店営業,2026/06/19,2026/06/25,2032/02/29,自動車による営業に限る。給水・廃水タンクの容量は約２００Ｌ以上とする。
117618-01,,炙りと藁焼き屋　翔,飲食店営業,2026/06/22,2026/06/26,2032/06/30,
117619-01,,八朔,飲食店営業,2026/06/22,2026/06/26,2032/02/29,巡回移動営業に限る。申請のあった取扱品目に限る。加熱調理食品の提供に限る。簡易な調理に限る。
117620-01,,サゴハチ　カフェ（和泉８００せ２２８０）,飲食店営業,2026/06/23,2026/06/29,2032/02/29,自動車による営業に限る。給水・廃水タンクの容量は約２００Ｌ以上とする。
117622-01,,．Ｎ　ＣＯＦＦＥＥ（京都８０２ろ・・・３）,飲食店営業,2026/06/24,2026/06/30,2032/02/29,自動車による営業に限る。給水・廃水タンクの容量は約２００Ｌ以上とする。
117623-01,,フラワー飯店,飲食店営業,2026/06/24,2026/07/22,2033/02/28,
117624-30,株式会社タックフーズ,株式会社　タックフーズ,密封包装食品製造業,2026/06/24,2026/07/22,2033/06/30,申請のあった取扱品目の製造に限る。
117625-01,,ニューまっちばこ,飲食店営業,2026/06/24,2026/07/02,2033/06/30,
117626-01,,アサヒフーズ,飲食店営業,2026/06/25,2026/07/01,2032/02/29,巡回移動営業に限る。申請のあった取扱品目に限る。加熱調理食品の提供に限る。簡易な調理に限る。
117627-01,株式会社Ｂｒｉｇｈｔ,酔いどれ屋／囲　石山駅前店,飲食店営業,2026/06/26,2026/07/10,2033/06/30,
117628-01,株式会社ＭＡＲＥＡ　ＲＯＯＴＳ,Ｔｒａｔｔｏｒｉａ　ＭＡＲＥＡ,飲食店営業,2026/06/29,2026/07/28,2033/10/31,
117631-01,合同会社とりじろう,とりじろう,飲食店営業,2026/06/30,2026/07/06,2032/02/29,巡回移動営業に限る。申請のあった取扱品目に限る。加熱調理食品の提供に限る。簡易な調理に限る。
117632-01,特定非営利活動法人ＢＲＡＨａｒｔ．,Ｋｉｓｓａ　Ｋｉｎａｒｉ,飲食店営業,2026/07/01,2026/07/17,2033/06/30,
117633-01,合同会社あーりー,大津うろこや,飲食店営業,2026/07/01,2026/07/10,2033/02/28,
117634-01,,無限からあげ本舗　Ａｉｒｕ（あいる）（滋賀８３０な・・７３）,飲食店営業,2026/07/01,2026/07/03,2032/02/29,自動車による営業に限る。給水・廃水タンクの容量は約２００Ｌ以上とする。
117635-01,株式会社あぶさんＢＡＳＥ,あぶさん,飲食店営業,2026/07/01,2026/07/16,2032/10/31,
117636-01,,ベビーカステラ西岡,飲食店営業,2026/07/02,2026/07/08,2032/02/29,巡回移動営業に限る。申請のあった取扱品目に限る。加熱調理食品の提供に限る。簡易な調理に限る。
117637-01,,Ｔｅａ　Ｈｏｕｓｅ　Ｋ,飲食店営業,2026/07/06,2026/07/29,2033/02/28,
117638-01,,Ｂａｒ　ＰｕＴｉ,飲食店営業,2026/07/07,2026/07/14,2033/02/28,
117639-01,,ＨＡＣＨＩ,飲食店営業,2026/07/08,2026/07/24,2033/06/30,
117639-11,,ＨＡＣＨＩ,菓子製造業,2026/07/08,2026/07/24,2033/06/30,申請のあった取扱品目の製造に限る。
117642-01,,肉酒家３６１０,飲食店営業,2026/07/09,2026/07/15,2032/02/29,巡回移動営業に限る。申請のあった取扱品目に限る。加熱調理食品の提供に限る。簡易な調理に限る。
117643-01,,駄菓子屋　ｔｅ　ｔｏ　ｔｅ,飲食店営業,2026/07/10,2026/07/22,2032/10/31,
117644-01,,ＨａｐｐｙＲｉｎｇ（岐阜８００そ７４２５）,飲食店営業,2026/07/10,2026/07/16,2032/02/29,自動車による営業に限る。申請のあった取扱品目に限る。給水・廃水タンクの容量は約８０Ｌ以上とする。
117645-01,株式会社Ｇｅｎ＆Ｐａｒｔｎｅｒｓ,Ｇｅｎ＆Ｐａｒｔｎｅｒｓ（滋賀８００す９５２８）,飲食店営業,2026/07/14,2026/07/21,2032/02/29,自動車による営業に限る。給水・廃水タンクの容量は約２００Ｌ以上とする。
117646-01,,日日是好日,飲食店営業,2026/07/15,2026/07/28,2032/10/31,
117647-01,株式会社Ａｕｒｅｌｉａ,ＢＵＲＧＥＲ　ＨＯＵＳＥ　ＬＡＧＯ,飲食店営業,2026/07/15,2026/07/27,2032/10/31,
117649-01,,おいしい珈琲が飲めるお店,飲食店営業,2026/07/15,2026/07/22,2032/02/29,巡回移動営業に限る。申請のあった取扱品目に限る。加熱調理食品の提供に限る。
117650-01,株式会社トリプルバレル,トリプルバレル（和泉８００せ１８１１）,飲食店営業,2026/07/15,2026/07/22,2032/02/29,自動車による営業に限る。申請のあった取扱品目に限る。給水・廃水タンクの容量は約８０Ｌ以上とする。
117652-01,,ＴＡＢＡＳＡ　ＣＡＦＥ,飲食店営業,2026/07/22,2026/07/28,2032/02/29,巡回移動営業に限る。申請のあった取扱品目に限る。加熱調理食品の提供に限る。簡易な調理に限る。
117653-01,株式会社ジー・ウイング,猪天餃子２（春日井８００さ１６８３）,飲食店営業,2026/07/22,2026/07/24,2032/02/29,自動車による営業に限る。申請のあった取扱品目に限る。給水・廃水タンクの容量は約８０Ｌ以上とする。
117654-01,,七福（浜松８００せ１８８４）,飲食店営業,2026/07/22,2026/07/24,2032/02/29,自動車による営業に限る。給水・廃水タンクの容量は約２００Ｌ以上とする。
117657-01,,ラウンジ　宙－ＳＯＲＡ－,飲食店営業,2026/07/22,2026/07/29,2033/06/30,
117659-01,株式会社トーマス,神戸養蜂場　ＩＮ滋賀（神戸８００る１５９０）,飲食店営業,2026/07/23,2026/07/29,2033/02/28,自動車による営業に限る。申請のあった取扱品目に限る。給水・廃水タンクの容量は約８０Ｌ以上とする。
117660-01,株式会社ＥＩＧＨＴ　ＯＮＥ８１,ｅｉｇｈｔ　ｏｎｅ　ｃａｆｅ（愛媛１３０ひ・・８１）,飲食店営業,2026/07/23,2026/07/29,2032/02/29,自動車による営業に限る。給水・廃水タンクの容量は約２００Ｌ以上とする。
117661-01,,麺匠　彩どり．（岐阜８００そ７９６８）,飲食店営業,2026/07/24,2026/07/28,2032/02/29,自動車による営業に限る。給水・廃水タンクの容量は約２００Ｌ以上とする。
117664-01,,森本屋（赤号）（和歌山８３０す５２９６）,飲食店営業,2026/07/24,2026/07/30,2032/02/29,自動車による営業に限る。給水・廃水タンクの容量は約２００Ｌ以上とする。
