カテゴリ,施設名,郵便番号,所在地,住所,番地,法人・団体名,確認・許可年月日,種別,旧種別,登録期限,保健所
理容所,Ａｍｂｅｒ Ｊａｃｋ,520-3037,栗東市北中小路,栗東市北中小路４１３－１,４１３－１,,H17/03/30,,,,草津
理容所,ａｔｔｅｎ ｄｒｉｒ,520-2416,野洲市堤,野洲市堤２０６０－２,２０６０－２,,H17/06/21,,,,草津
理容所,ＢＡＲ ＢＥＲ 井上,520-3015,栗東市安養寺六丁目,栗東市安養寺六丁目６－３７,６－３７,,S60/12/12,,,,草津
理容所,Ｂａｒ Ｂｅｒ ＧＯＬＬＹ,525-0055,草津市野路町,草津市野路町１５４５,１５４５,,H14/03/20,,,,草津
理容所,ＢＡＲ ＢＥＲ ＳＨＯＰ 梅,524-0044,守山市古高町,守山市古高町４５１－１,４５１－１,,H17/11/03,,,,草津
理容所,Ｂａｒ Ｂｅｒ ＹＡＭＡＭＯＴＯ,525-0032,草津市大路一丁目,草津市大路一丁目４－２８,４－２８,,S37/04/07,,,,草津
理容所,ＢＡＲＢＥＲ ＧＬＡＤ,525-0027,草津市野村八丁目,草津市野村八丁目６－２２,６－２２,,H18/11/10,,,,草津
理容所,Ｂａｒｂｅｒ 壱,525-0061,草津市北山田町,草津市北山田町５８－４,５８－４,,H20/07/08,,,,草津
理容所,ＣＲＡＺＥ Ｈａｉｒ,525-0061,草津市北山田町,草津市北山田町２８６,２８６,,H20/03/20,,,,草津
理容所,ＣＵＴ ＢＯＸ ＴＡＫＡ,525-0054,草津市東矢倉一丁目,草津市東矢倉一丁目２－２,２－２,,H14/09/10,,,,草津
理容所,ＥＴＳＵＫＯ ＨＡＩＲ ＭＡＫＥ,525-0037,草津市西大路町,草津市西大路町４－３２ エストピアプラザ ２Ｆ,４－３２ エストピアプラザ ２Ｆ,,H14/10/11,,,,草津
理容所,Ｈａｉｒ ＆ Ｆａｃｅ ａｒｔｅｍｉ ｓ,525-0027,草津市野村一丁目,草津市野村一丁目２６－１１ パステルエイト ２,２６－１１ パステルエイト ２,,H16/05/29,,,,草津
理容所,ＨＡＩＲ ＣＨＡＮＧＥ Ｔ’,520-2323,野洲市三上,野洲市三上４６０－２,４６０－２,,H07/11/02,,,,草津
理容所,ＨＡＩＲ ＭＡＫＥ Ｉ’Ｓ,520-2304,野洲市永原,野洲市永原１０１８－３,１０１８－３,,S45/01/20,,,,草津
理容所,ｈａｉｒ ｍｏｄｅ ニシデ,524-0012,守山市播磨田町,守山市播磨田町１１３８－１,１１３８－１,,S58/01/11,,,,草津
理容所,ＨＡＩＲ ＳＡＬＯＮ オンリー１,524-0041,守山市勝部五丁目,守山市勝部五丁目３－３６,３－３６,,H18/10/20,,,,草津
理容所,Ｈａｉｒ Ｔａｎｉｇｕｃｈｉ,524-0011,守山市今市町,守山市今市町２９－４,２９－４,,S52/10/21,,,,草津
理容所,ＩＢＩＺＡ,524-0043,守山市二町町,守山市二町町３０－４８,３０－４８,,H19/12/18,,,,草津
理容所,ｉｍｐｒｅｓｓ,525-0066,草津市矢橋町,草津市矢橋町３０６－１,３０６－１,,H13/09/14,,,,草津
理容所,ＬＥＡＦ,520-3045,栗東市高野,栗東市高野５０３－３,５０３－３,,H16/01/13,,,,草津
理容所,ＬｏｏＰ（ループ）,525-0023,草津市平井六丁目,草津市平井六丁目８－３１,８－３１,,H12/10/20,,,,草津
理容所,ＱＢハウス アルプラザ野洲店,520-2331,野洲市小篠原,野洲市小篠原１０００ アルプラザ野洲１ Ｆ,１０００ アルプラザ野洲１ Ｆ,キュービーネット株式会社,R06/10/18,,,,草津
理容所,ＳｉＳｉｍｕｏａ（シシムーア）,525-0035,草津市西草津二丁目,草津市西草津二丁目３－１３,３－１３,,H12/11/24,,,,草津
理容所,ＳＷＩＴＣＨ ＯＮ,520-3031,栗東市綣九丁目,栗東市綣九丁目１２－１４,１２－１４,,H19/09/28,,,,草津
理容所,ＴＩＭＮＡＲ ティンナール,524-0022,守山市守山六丁目,守山市守山六丁目１０－７３,１０－７３,,H20/07/01,,,,草津
理容所,ＥＲｄｅ Ｔｓｕｊｉ,524-0104,守山市木浜町,守山市木浜町１８５６－１,１８５６－１,有限会社おしゃれサロンツ ジ,S60/03/26,,,,草津
理容所,おしゃれの館 カズ,524-0061,守山市赤野井町,守山市赤野井町２４４－２,２４４－２,,H03/12/11,,,,草津
理容所,おしゃれの館 ツヂ,524-0022,守山市守山三丁目,守山市守山三丁目２４－１５,２４－１５,有限会社おしゃれの館グル －プ,S61/09/12,,,,草津
理容所,髪のＷＡ タナカ,520-2352,野洲市冨波乙,野洲市冨波乙６８１－４２,６８１－４２,,H07/08/01,,,,草津
理容所,オダ理容,525-0063,草津市南山田町,草津市南山田町８２８,８２８,,S47/04/01,,,,草津
理容所,カット ハウス ムラキ,525-0014,草津市駒井沢町,草津市駒井沢町７０－４,７０－４,,H07/12/06,,,,草津
理容所,カット・プラザ にしうら,525-0054,草津市東矢倉二丁目,草津市東矢倉二丁目８－３,８－３,,H02/12/15,,,,草津
理容所,カットサロン カタヤマ,524-0102,守山市水保町,守山市水保町１２６９－６,１２６９－６,,S56/11/09,,,,草津
理容所,カットサロン コスモー,520-2361,野洲市北野一丁目,野洲市北野一丁目１５－３３,１５－３３,,H20/06/10,,,,草津
理容所,カットサロン タニムラ,520-2313,野洲市大篠原,野洲市大篠原１７４４－３,１７４４－３,,S54/05/15,,,,草津
理容所,カットサロン フジタ,525-0034,草津市草津二丁目,草津市草津二丁目５－１７,５－１７,,S43/06/29,,,,草津
理容所,カットハウス Ｂｉｌｌｙ Ｈｏｌｌｙ,524-0011,守山市今市町,守山市今市町１１３－５,１１３－５,,H15/03/07,,,,草津
理容所,カットハウス キャッツ,525-0034,草津市草津四丁目,草津市草津四丁目８－１９,８－１９,,H15/03/18,,,,草津
理容所,カットハウス クイーン,520-3031,栗東市綣二丁目,栗東市綣二丁目２－３４ ウイングビュー１ Ｆ,２－３４ ウイングビュー１ Ｆ,,H19/09/01,,,,草津
理容所,カットハウス とんぼ,524-0015,守山市矢島町,守山市矢島町１２００,１２００,,H06/07/12,,,,草津
理容所,カットハウス ホラグチ,520-3047,栗東市手原二丁目,栗東市手原二丁目７－３,７－３,有限会社ヘアーサロン ホ ラグチ,H10/12/02,,,,草津
理容所,カットハウス 山次,524-0012,守山市播磨田町,守山市播磨田町１１５－５,１１５－５,,H20/06/04,,,,草津
理容所,keren hair’s matahari,520-3015,栗東市安養寺一丁目,栗東市安養寺一丁目１－１１,１－１１,,H19/03/15,,,,草津
理容所,カット倶楽部 ＴＷＩＳＴ,520-3005,栗東市御園,栗東市御園１８６４－１,１８６４－１,,H06/04/05,,,,草津
理容所,カツベ理容,524-0041,守山市勝部一丁目,守山市勝部一丁目１２－４３,１２－４３,,S54/10/31,,,,草津
理容所,キシモト,524-0015,守山市矢島町,守山市矢島町１２２４,１２２４,,S51/11/25,,,,草津
理容所,グランドビューティプラザナガタ理容室,525-0033,草津市東草津三丁目,草津市東草津三丁目３－１４,３－１４,,H08/05/29,,,,草津
理容所,さんぱつのお店 よこた,525-0011,草津市片岡町,草津市片岡町２２１－１,２２１－１,,H01/04/11,,,,草津
理容所,とこや ハーフポテト,525-0066,草津市矢橋町,草津市矢橋町１２７－１,１２７－１,,S62/03/20,,,,草津
理容所,ナショナル理容店,525-0058,草津市野路東五丁目,草津市野路東五丁目２６－３８,２６－３８,,S48/06/19,,,,草津
理容所,バーバー オン ベルベット,525-0071,草津市南笠東二丁目,草津市南笠東二丁目７－７ ＹＫＳビル３Ｆ,７－７ ＹＫＳビル３Ｆ,,H11/09/09,,,,草津
理容所,ハジメちゃんの館,525-0061,草津市北山田町,草津市北山田町８１９,８１９,,H22/12/28,,,,草津
理容所,ハチヤ理容所,520-3021,栗東市蜂屋,栗東市蜂屋２０４－１,２０４－１,,S41/08/10,,,,草津
理容所,ひさいずみ理容店,525-0063,草津市南山田町,草津市南山田町３７０,３７０,,S40/04/15,,,,草津
理容所,ファミリーサロン いぐち,525-0023,草津市平井一丁目,草津市平井一丁目４－２３,４－２３,,S54/07/28,,,,草津
理容所,ヘアー ドゥ フェリオ,525-0023,草津市平井二丁目,草津市平井二丁目１－３,１－３,,H13/03/02,,,,草津
理容所,ヘアーサロン ＯＰＡＳ,524-0043,守山市二町町,守山市二町町１９０－１,１９０－１,,H19/11/16,,,,草津
理容所,ヘアーサロン あひる,525-0071,草津市南笠東一丁目,草津市南笠東一丁目６－３３,６－３３,,H14/01/29,,,,草津
理容所,ヘアーサロン アレジ,524-0102,守山市水保町,守山市水保町１２５５－７０,１２５５－７０,,H07/10/20,,,,草津
理容所,ヘアーサロン イシカワ,520-2300,野洲市近江富士二丁目,野洲市近江富士二丁目１５－１６,１５－１６,,H07/05/10,,,,草津
理容所,ヘアーサロン かたやま,520-3041,栗東市出庭,栗東市出庭１５０８,１５０８,,H18/06/06,,,,草津
理容所,ヘアーサロン グー,520-3031,栗東市綣二丁目,栗東市綣二丁目５－４－１－２,５－４－１－２,,H11/01/28,,,,草津
理容所,ヘアー＆ビューティサロン ナカガワ,520-3031,栗東市綣七丁目,栗東市綣七丁目７－１３,７－１３,,S47/04/10,,,,草津
理容所,ヘアーサロン レビュー,525-0027,草津市野村二丁目,草津市野村二丁目１－９ グランシティー西大 路１Ｆ,１－９ グランシティー西大 路１Ｆ,,H11/07/07,,,,草津
理容所,ヘアーサロン 村田,525-0014,草津市駒井沢町,草津市駒井沢町１８６－５,１８６－５,,H11/10/04,,,,草津
理容所,ヘアーサロン岸,524-0022,守山市守山一丁目,守山市守山一丁目９－８,９－８,,S63/10/29,,,,草津
理容所,ヘアーズ・さくらい,520-2351,野洲市冨波甲,野洲市冨波甲１１７３－１１,１１７３－１１,,H11/10/01,,,,草津
理容所,ヘアードレッサー ゆかり,525-0053,草津市矢倉二丁目,草津市矢倉二丁目２－５,２－５,,H06/05/02,,,,草津
理容所,ヘアークリエイトサロン クロダ,525-0066,草津市矢橋町,草津市矢橋町１８－９,１８－９,,S54/07/17,,,,草津
理容所,ｈａｉｒ ｓｐｏｔ ＵＥＭＵＲＡ,520-2331,野洲市小篠原,野洲市小篠原８２６－６,８２６－６,,S60/12/12,,,,草津
理容所,ヘアーサロン ウメノ,524-0053,守山市横江町,守山市横江町２２２－２２,２２２－２２,,S63/04/24,,,,草津
理容所,ヘアーサロン さかがみ,525-0066,草津市矢橋町,草津市矢橋町２３－５０,２３－５０,,H02/03/20,,,,草津
理容所,ヘアーサロン ユウメン,525-0035,草津市西草津一丁目,草津市西草津一丁目７－６,７－６,,S60/07/22,,,,草津
理容所,ヘアーサロン 河合,520-3015,栗東市安養寺二丁目,栗東市安養寺二丁目１２－２７,１２－２７,,S52/09/06,,,,草津
理容所,ヘアーサロン アラガ,525-0055,草津市野路町,草津市野路町１０８２－７,１０８２－７,,H20/08/21,,,,草津
理容所,ヘアサロン オクムラ,524-0031,守山市立入町,守山市立入町２５６－２,２５６－２,,H12/07/10,,,,草津
理容所,ヘアーサロン さわ,520-2341,野洲市行畑二丁目,野洲市行畑二丁目１１－１９,１１－１９,,S57/12/14,,,,草津
理容所,ヘアーサロン たにぐち,525-0065,草津市橋岡町,草津市橋岡町２３－２５,２３－２５,,S59/11/09,,,,草津
理容所,ヘアーサロン ダンヒル,525-0028,草津市上笠二丁目,草津市上笠二丁目６－２１上笠ハイツ１－３号,６－２１上笠ハイツ１－３号,,S60/07/02,,,,草津
理容所,ヘアーサロン とこちょう,525-0032,草津市大路一丁目,草津市大路一丁目１－１－１１４,１－１－１１４,,H05/03/08,,,,草津
理容所,ヘアーサロン トモ,525-0023,草津市平井四丁目,草津市平井四丁目３－３２,３－３２,,S52/07/19,,,,草津
理容所,ヘアーサロン ニシムラ,525-0026,草津市渋川一丁目,草津市渋川一丁目６－９,６－９,,H05/02/10,,,,草津
理容所,ヘアーサロン ノムラ,520-2342,野洲市野洲,野洲市野洲２９１,２９１,,S60/03/30,,,,草津
理容所,ヘアーサロン ふじおか,520-3024,栗東市小柿一丁目,栗東市小柿一丁目４－５,４－５,,H04/10/09,,,,草津
理容所,ヘアーサロン フジタ,525-0034,草津市草津一丁目,草津市草津一丁目４－３０,４－３０,,S55/09/30,,,,草津
理容所,ヘアーサロン ヨシダ,525-0034,草津市草津一丁目,草津市草津一丁目８－１０,８－１０,,S34/02/01,,,,草津
理容所,ヘアーサロン 松山,525-0054,草津市東矢倉二丁目,草津市東矢倉二丁目１－１,１－１,,S52/02/22,,,,草津
理容所,ヘアーサロン 日進,520-2333,野洲市栄,野洲市栄２９－２３,２９－２３,,S58/08/04,,,,草津
理容所,ヘアーサロン 利帆,520-2361,野洲市北野一丁目,野洲市北野一丁目６－２,６－２,,S54/03/28,,,,草津
理容所,ヘアスタジオ ポラリス,524-0021,守山市吉身三丁目,守山市吉身三丁目１１－１５ 南貸ビル１－Ｃ,１１－１５ 南貸ビル１－Ｃ,,H19/03/28,,,,草津
理容所,ヘアーデザイン 戸嶋,520-3005,栗東市御園,栗東市御園１０２８ トレセンショップ 内,１０２８ トレセンショップ 内,,S60/09/24,,,,草津
理容所,ヘアープラザ ニシ,525-0054,草津市東矢倉二丁目,草津市東矢倉二丁目９－１４,９－１４,,S60/04/24,,,,草津
理容所,ヘヤーサロン ナカガワ,525-0006,草津市志那中町,草津市志那中町３６４－３,３６４－３,,S36/06/05,,,,草津
理容所,みずほ理容所,524-0102,守山市水保町,守山市水保町４７５－１,４７５－１,,S50/09/01,,,,草津
理容所,めんず るーむ はぶ,525-0055,草津市野路町,草津市野路町６６８－１０,６６８－１０,,H07/11/01,,,,草津
理容所,メンズサロンブルート,525-0000,草津市笠山一丁目,草津市笠山一丁目８－３４,８－３４,,H17/03/09,,,,草津
理容所,ラルジュ,525-0066,草津市矢橋町,草津市矢橋町１６６０（草津総合病院内２ Ｆ）,１６６０（草津総合病院内２ Ｆ）,有限会社ラルジュ,H19/03/30,,,,草津
理容所,リーフ理容赤坂店,520-3016,栗東市小野,栗東市小野１０４２,１０４２,,S62/04/13,,,,草津
理容所,わしだ理容院,520-3023,栗東市坊袋,栗東市坊袋２,２,,S42/04/25,,,,草津
理容所,浦山理容所,520-2351,野洲市冨波甲,野洲市冨波甲８７７－１,８７７－１,,S53/10/17,,,,草津
理容所,永尾理容所,524-0104,守山市木浜町,守山市木浜町１８３７－１,１８３７－１,,S37/11/10,,,,草津
理容所,横田理容所,525-0029,草津市下笠町,草津市下笠町１０４３,１０４３,,S47/12/25,,,,草津
理容所,岡田理容院,525-0028,草津市上笠二丁目,草津市上笠二丁目２８－１５,２８－１５,,H11/07/26,,,,草津
理容所,高林理容,520-2421,野洲市野田,野洲市野田１６５４－１,１６５４－１,,H06/01/26,,,,草津
理容所,済生会滋賀病院,520-3046,栗東市大橋二丁目,栗東市大橋二丁目４－１,４－１,（社福）済生会滋賀県病院,S56/05/02,,,,草津
理容所,散髪屋 さんきち 守山店,524-0022,守山市守山六丁目,守山市守山六丁目１２－１２,１２－１２,有限会社ラルジュ,H15/04/07,,,,草津
理容所,小林理容所,520-3031,栗東市綣七丁目,栗東市綣七丁目８－１３,８－１３,,S52/12/03,,,,草津
理容所,西村理容所,524-0211,守山市小浜町,守山市小浜町１３２２－１,１３２２－１,,H07/02/07,,,,草津
理容所,石井理容所,520-2331,野洲市小篠原,野洲市小篠原３８６－３,３８６－３,,H07/11/21,,,,草津
理容所,石田理容院,525-0004,草津市上寺町,草津市上寺町３５０,３５０,,S50/07/30,,,,草津
理容所,草津合同庁舎内 理容室,525-0034,草津市草津三丁目,草津市草津三丁目１４－７５,１４－７５,,S63/09/28,,,,草津
理容所,太田理容,520-3004,栗東市上砥山,栗東市上砥山１４５２,１４５２,,S43/01/19,,,,草津
理容所,竹村理容所,520-2423,野洲市西河原,野洲市西河原３１３－２,３１３－２,,H06/06/13,,,,草津
理容所,中井理容所,525-0027,草津市野村二丁目,草津市野村二丁目４－６,４－６,,S45/10/28,,,,草津
理容所,中川理容所,525-0059,草津市野路五丁目,草津市野路五丁目９－５,９－５,,H07/05/09,,,,草津
理容所,中川理容店,525-0041,草津市青地町,草津市青地町４７９－２,４７９－２,,S53/07/18,,,,草津
理容所,日進理容店,524-0021,守山市吉身一丁目,守山市吉身一丁目４－１,４－１,,S51/06/15,,,,草津
理容所,髪スタジオ・ホラグチ,524-0021,守山市吉身二丁目,守山市吉身二丁目８－２１,８－２１,有限会社髪スタジオ・ホラ グチ,H16/04/26,,,,草津
理容所,髪切屋 くわがた,525-0054,草津市東矢倉四丁目,草津市東矢倉四丁目２－７,２－７,,H20/03/31,,,,草津
理容所,有限会社ヘアーサロン ノムラ,520-2342,野洲市野洲,野洲市野洲９４１－３,９４１－３,,H03/12/14,,,,草津
理容所,有限会社ヘアーサロン ホラグチ,525-0027,草津市野村六丁目,草津市野村六丁目３－２２,３－２２,有限会社ヘアーサロン ホ ラグチ,H05/03/22,,,,草津
理容所,理容 中沢,524-0004,守山市笠原町,守山市笠原町７０６,７０６,,H08/11/28,,,,草津
理容所,理容・アキナガ,524-0002,守山市小島町,守山市小島町１５６４－３,１５６４－３,,S55/07/01,,,,草津
理容所,理容ＩＮ理栄,525-0071,草津市南笠東四丁目,草津市南笠東四丁目９－６９,９－６９,,H06/01/06,,,,草津
理容所,理容アキラ,524-0046,守山市今宿一丁目,守山市今宿一丁目２－１７,２－１７,,S62/11/24,,,,草津
理容所,理容いこい,520-3005,栗東市御園,栗東市御園４７０－１,４７０－１,,H02/10/23,,,,草津
理容所,理容イマエ,524-0103,守山市洲本町,守山市洲本町１３５６－２,１３５６－２,,S46/12/21,,,,草津
理容所,Ｃｕｔ Ｃｌｕｂ ＤＲＩＦＴ,520-2401,野洲市吉川,野洲市吉川３６００－３,３６００－３,,H05/10/28,,,,草津
理容所,理容キムラ,524-0215,守山市幸津川町,守山市幸津川町１３８２－３,１３８２－３,,S23/07/01,,,,草津
理容所,理容サービス,524-0037,守山市梅田町,守山市梅田町２１５－１守山駅前プラザ２ Ｆ,２１５－１守山駅前プラザ２ Ｆ,,H03/05/11,,,,草津
理容所,理容スギタ,525-0054,草津市東矢倉二丁目,草津市東矢倉二丁目４－３８,４－３８,,H11/06/25,,,,草津
理容所,理容たむら,525-0066,草津市矢橋町,草津市矢橋町８８４－７,８８４－７,,S59/11/16,,,,草津
理容所,理容とみ,525-0037,草津市西大路町,草津市西大路町６－２４,６－２４,,S50/05/17,,,,草津
理容所,理容プラーナ イオン野洲店,520-2435,野洲市乙窪,野洲市乙窪４８０－１ イオン野洲店内,４８０－１ イオン野洲店内,,H22/07/30,,,,草津
理容所,理容プラージュ草津店,525-0032,草津市大路一丁目,草津市大路一丁目１１－８ ジュンビル１Ｆ,１１－８ ジュンビル１Ｆ,阪南理美容株式会社,H16/05/17,,,,草津
理容所,理容ホリイ,525-0034,草津市草津四丁目,草津市草津四丁目３－２４,３－２４,,S45/09/19,,,,草津
理容所,理容ホンダ,524-0037,守山市梅田町,守山市梅田町９８－６,９８－６,,S53/01/13,,,,草津
理容所,理容マツイ,525-0016,草津市北大萱町,草津市北大萱町４７９,４７９,,S51/09/25,,,,草津
理容所,理容ミウラ,524-0061,守山市赤野井町,守山市赤野井町１２６－１,１２６－１,,H12/03/29,,,,草津
理容所,理容みやぎ,520-3047,栗東市手原四丁目,栗東市手原四丁目５－３,５－３,,S52/06/21,,,,草津
理容所,理容ミヤハラ,520-2351,野洲市冨波甲,野洲市冨波甲１１７３－１１,１１７３－１１,,H03/09/11,,,,草津
理容所,理容ヤス,520-2412,野洲市六条,野洲市六条４８５－１２,４８５－１２,,S55/09/09,,,,草津
理容所,理容ヤマダ,520-2413,野洲市吉地,野洲市吉地１３２５,１３２５,,H01/11/02,,,,草津
理容所,理容金田,525-0046,草津市追分町,草津市追分町７８４－１２３,７８４－１２３,,S51/10/29,,,,草津
理容所,理容山口,520-3012,栗東市岡,栗東市岡１９４－７,１９４－７,,S51/07/21,,,,草津
理容所,理容室 若竹,525-0026,草津市渋川一丁目,草津市渋川一丁目８－１７,８－１７,,H13/10/31,,,,草津
理容所,理容室タナカ,520-2304,野洲市永原,野洲市永原５８４,５８４,,H01/02/13,,,,草津
理容所,理容室テラダ,524-0021,守山市吉身一丁目,守山市吉身一丁目１－４,１－４,,S59/11/21,,,,草津
理容所,Ｈａｉｒ＆Ｆａｃｅ ｓａｌｏｎ Ｏｈ ｍａｅ,520-2353,野洲市久野部,野洲市久野部１５０－２２,１５０－２２,,S43/10/07,,,,草津
理容所,理容池田,524-0022,守山市守山二丁目,守山市守山二丁目５－１１,５－１１,,S49/02/01,,,,草津
理容所,理容長野,525-0028,草津市上笠三丁目,草津市上笠三丁目１７－７,１７－７,,S51/08/10,,,,草津
理容所,理容店 ざ座,525-0000,草津市笠山三丁目,草津市笠山三丁目２－６,２－６,,H16/09/22,,,,草津
理容所,理容田中,525-0034,草津市草津一丁目,草津市草津一丁目３－１２,３－１２,,S50/02/26,,,,草津
理容所,ヘアーデザイン Ｗｉｌｌ－Ｂ,524-0012,守山市播磨田町,守山市播磨田町１３０２－８,１３０２－８,,H21/05/01,,,,草津
理容所,ヘアーサロンＭＯＲＩ,524-0046,守山市今宿一丁目,守山市今宿一丁目３－１６,３－１６,,H21/08/19,,,,草津
理容所,Ｇｒｅｅｎ Ｈａｉｒ,525-0034,草津市草津二丁目,草津市草津二丁目１６－１７,１６－１７,,H21/10/07,,,,草津
理容所,ｉｎｎａ ＨＡＩＲ ＤＥＳＩＧＮ Ｙ ＡＭＡＤＡ,525-0029,草津市下笠町,草津市下笠町１０２７－７,１０２７－７,,H22/02/04,,,,草津
理容所,カットサロン ヤマナカ,523-0044,近江八幡市篠原町一丁 目,近江八幡市篠原町一丁 目１１－４,１１－４,,S57/01/06,,,,東近江
理容所,カットスペース たけむら,527-0025,東近江市八日市東本町,東近江市八日市東本町３－２３,３－２３,,H06/09/20,,,,東近江
理容所,カットハウス ＲＩＫＩ,523-0005,近江八幡市末広町,近江八幡市末広町３６２,３６２,,H14/04/04,,,,東近江
理容所,カットハウス しゃぼん,521-1222,東近江市佐野町,東近江市佐野町５６－９,５６－９,,H13/09/19,,,,東近江
理容所,カットハウス スズキ,527-0046,東近江市妙法寺町,東近江市妙法寺町大林６９３－２,大林６９３－２,,H05/05/18,,,,東近江
理容所,カットハウス ハシノ,521-1311,近江八幡市安土町下豊 浦,近江八幡市安土町下豊 浦４５９３－２,４５９３－２,,S63/02/16,,,,東近江
理容所,カットハウス フジイ,527-0013,東近江市東中野町,東近江市東中野町７－３０,７－３０,,H06/01/13,,,,東近江
理容所,カットハウス 髪風船,521-1222,東近江市佐野町,東近江市佐野町４２０－４,４２０－４,,H05/01/05,,,,東近江
理容所,カットハウスアカザワ,529-1603,蒲生郡日野町大窪,蒲生郡日野町大窪１０２２,１０２２,,H20/09/26,,,,東近江
理容所,カットハウスこいずみ,527-0231,東近江市山上町,東近江市山上町１２４８－１,１２４８－１,,H07/02/08,,,,東近江
理容所,カットハウス床龍,523-0877,近江八幡市池田町四丁 目,近江八幡市池田町四丁 目１８,１８,,H11/09/28,,,,東近江
理容所,キムラ理容院,520-2561,蒲生郡竜王町須惠,蒲生郡竜王町須惠１０６５,１０６５,,H09/01/28,,,,東近江
理容所,キムラ理容所,527-0212,東近江市永源寺高野町,東近江市永源寺高野町２８６,２８６,,H06/04/06,,,,東近江
理容所,こにし理容店,523-0806,近江八幡市北之庄町,近江八幡市北之庄町１１６１,１１６１,,S45/05/21,,,,東近江
理容所,サカエ理容室,520-2531,蒲生郡竜王町山之上,蒲生郡竜王町山之上２４７６,２４７６,,H11/03/30,,,,東近江
理容所,サロン ド ジョイ,523-0075,近江八幡市野村町,近江八幡市野村町３０７－４,３０７－４,,S62/09/24,,,,東近江
理容所,サワムラ理容所,527-0039,東近江市青葉町,東近江市青葉町１－２７,１－２７,,S44/04/28,,,,東近江
理容所,しが理容 のと川店,521-1231,東近江市能登川町,東近江市能登川町５０－４,５０－４,,H14/04/17,,,,東近江
理容所,スオウ理容院,523-0887,近江八幡市西元町,近江八幡市西元町５,５,,H03/12/06,,,,東近江
理容所,たけだ理容店,521-1311,近江八幡市安土町下豊 浦,近江八幡市安土町下豊 浦５０９６ Ｋマート前,５０９６ Ｋマート前,,S53/07/27,,,,東近江
理容所,タニ理容所,527-0025,東近江市八日市東本町,東近江市八日市東本町５－３２,５－３２,,S47/11/27,,,,東近江
理容所,トメサ理容院,521-1351,近江八幡市安土町常楽 寺,近江八幡市安土町常楽 寺３００,３００,,S51/06/23,,,,東近江
理容所,パーラー ラムセス,527-0055,東近江市瓜生津町,東近江市瓜生津町１３－１６,１３－１６,,H05/07/14,,,,東近江
理容所,ひかり理容所,529-1628,蒲生郡日野町西大路,蒲生郡日野町西大路２１１６－４,２１１６－４,,S44/07/01,,,,東近江
理容所,ひかり理容所,523-0058,近江八幡市加茂町,近江八幡市加茂町２９６５,２９６５,,S39/11/02,,,,東近江
理容所,ヒナガ理容所,529-1537,東近江市市子殿町,東近江市市子殿町３０３,３０３,,S43/12/01,,,,東近江
理容所,ビューティーセクション チャウズ,529-1601,蒲生郡日野町松尾,蒲生郡日野町松尾３－７ ２Ｆ,３－７ ２Ｆ,,S63/11/22,,,,東近江
理容所,ファミリーサロン ヨネクラ,523-0031,近江八幡市堀上町,近江八幡市堀上町１７０,１７０,,H18/09/29,,,,東近江
理容所,ファミリーヘアーサロン いわさき,527-0063,東近江市大森町,東近江市大森町１５５５,１５５５,,S58/12/16,,,,東近江
理容所,フィール,523-0857,近江八幡市八幡町,近江八幡市八幡町４８－１６,４８－１６,,H14/11/28,,,,東近江
理容所,ふじた理容,527-0103,東近江市湯屋町,東近江市湯屋町１２７８,１２７８,,S60/10/01,,,,東近江
理容所,プラージュ八幡理容,523-0894,近江八幡市中村町,近江八幡市中村町１－２ 山添ビル１Ｆ,１－２ 山添ビル１Ｆ,阪南理美容株式会社,H04/07/31,,,,東近江
理容所,ヘアー モリキ,529-1601,蒲生郡日野町松尾,蒲生郡日野町松尾１５７８,１５７８,,H17/03/22,,,,東近江
理容所,ヘアーサロン Ｍ おく井,521-1311,近江八幡市安土町下豊 浦,近江八幡市安土町下豊 浦十七５０９６－１２７,十七５０９６－１２７,,H04/03/18,,,,東近江
理容所,ヘアーサロン いしばし,529-1402,東近江市五個荘七里町,東近江市五個荘七里町６５－７,６５－７,,S58/07/04,,,,東近江
理容所,ヘアーサロン カワバタ,523-0877,近江八幡市池田町四丁 目,近江八幡市池田町四丁 目３１,３１,,S49/02/08,,,,東近江
理容所,ヘアーサロン キタムラ,529-1413,東近江市五個荘簗瀬町,東近江市五個荘簗瀬町８４８－３,８４８－３,,H01/09/19,,,,東近江
理容所,ヘアーサロン クシダ,521-1225,東近江市山路町,東近江市山路町６９２,６９２,,H06/03/29,,,,東近江
理容所,ヘアーサロン コダマ,529-1541,東近江市蒲生堂町,東近江市蒲生堂町３４０－１２３,３４０－１２３,,H01/12/08,,,,東近江
理容所,ヘアーサロン コバヤシ,523-0037,近江八幡市東町,近江八幡市東町３１１,３１１,,H02/05/30,,,,東近江
理容所,ヘアーサロン コマイ,523-0004,近江八幡市西生来町,近江八幡市西生来町９３１－８,９３１－８,,H02/04/10,,,,東近江
理容所,ヘアーサロン シミズ,521-1222,東近江市佐野町,東近江市佐野町１９７,１９７,,H06/03/08,,,,東近江
理容所,ヘアーサロン スヤマ,523-0856,近江八幡市音羽町,近江八幡市音羽町１９－９,１９－９,,S57/02/24,,,,東近江
理容所,ヘアーサロン ソノダ,520-2573,蒲生郡竜王町鏡,蒲生郡竜王町鏡１１８５,１１８５,,S60/11/18,,,,東近江
理容所,ヘアーサロン タカハシ,529-1404,東近江市宮荘町,東近江市宮荘町６３１－５,６３１－５,,S46/08/06,,,,東近江
理容所,ヘアーサロン なえむら,527-0018,東近江市八日市清水二 丁目,東近江市八日市清水二 丁目９－１,９－１,,S42/03/05,,,,東近江
理容所,ヘアーサロン ナカムラ,521-1341,近江八幡市安土町上豊 浦,近江八幡市安土町上豊 浦１１１０－８,１１１０－８,,S53/07/22,,,,東近江
理容所,ヘアーサロン にしだ,523-0048,近江八幡市緑町二丁目,近江八幡市緑町二丁目１１０５－２７,１１０５－２７,,H05/11/04,,,,東近江
理容所,ヘアーサロン ファミリー,523-0015,近江八幡市上田町,近江八幡市上田町１２５７－２０,１２５７－２０,,S57/09/04,,,,東近江
理容所,ヘアーサロン フクチ,523-0004,近江八幡市西生来町,近江八幡市西生来町１２０３,１２０３,,S58/11/05,,,,東近江
理容所,ヘアーサロン フジオ,527-0005,東近江市建部南町,東近江市建部南町２３５－１,２３５－１,,H08/05/20,,,,東近江
理容所,ヘアーサロン ムライ,523-0022,近江八幡市馬淵町,近江八幡市馬淵町１６５２－１,１６５２－１,,S49/03/22,,,,東近江
理容所,ヘアーサロン ムラタ,520-2521,蒲生郡竜王町川守,蒲生郡竜王町川守４５０－１,４５０－１,,H06/09/26,,,,東近江
理容所,ヘアーサロン ヤスイ,521-1243,東近江市栗見新田町,東近江市栗見新田町７４１,７４１,,S44/04/06,,,,東近江
理容所,ヘアーサロン やまぐち,527-0231,東近江市山上町,東近江市山上町１１７６,１１７６,,S56/11/24,,,,東近江
理容所,ヘアーサロン よこやま,529-1603,蒲生郡日野町大窪,蒲生郡日野町大窪５７９,５７９,,S53/10/16,,,,東近江
理容所,ヘアーサロン ヨネヤマ,523-0031,近江八幡市堀上町,近江八幡市堀上町１４２－４１,１４２－４１,,S51/08/11,,,,東近江
理容所,ヘアーサロン 松村,527-0227,東近江市石谷町,東近江市石谷町５５８－５,５５８－５,,H17/03/16,,,,東近江
理容所,ヘアーサロン 川島,529-1571,東近江市川合町,東近江市川合町１０６６－１,１０６６－１,,S47/01/12,,,,東近江
理容所,ヘアーサロン 大砲館,529-1601,蒲生郡日野町松尾,蒲生郡日野町松尾１４９４,１４９４,,S53/12/12,,,,東近江
理容所,ヘアーサロン 達川,527-0033,東近江市東沖野一丁目,東近江市東沖野一丁目７－４８,７－４８,,H02/10/08,,,,東近江
理容所,ヘアーサロン 池田,527-0012,東近江市八日市本町,東近江市八日市本町１７－９,１７－９,,S50/03/01,,,,東近江
理容所,ヘアーサロン 髪切屋 バル,527-0033,東近江市東沖野三丁目,東近江市東沖野三丁目２－１７,２－１７,,S53/02/28,,,,東近江
理容所,ヘアーサロンいちい,529-1431,東近江市五個荘山本町,東近江市五個荘山本町７８－１,７８－１,,S57/12/01,,,,東近江
理容所,ヘアーサロンタニダ,527-0102,東近江市平柳町,東近江市平柳町６１０,６１０,,H01/08/03,,,,東近江
理容所,ヘアーサロン久松,523-0013,近江八幡市長光寺町,近江八幡市長光寺町９０,９０,,S48/11/16,,,,東近江
理容所,ヘアーサロン川崎,523-0892,近江八幡市出町,近江八幡市出町４９３,４９３,,H13/03/27,,,,東近江
理容所,ヘアースタジオ フィット,529-1631,蒲生郡日野町鎌掛,蒲生郡日野町鎌掛２８４７,２８４７,,H13/06/25,,,,東近江
理容所,ヘアーハウス 燦,527-0034,東近江市沖野二丁目,東近江市沖野二丁目１０－３,１０－３,,S57/07/05,,,,東近江
理容所,ヘアーファッションサロンタイナカ,523-0084,近江八幡市船木町,近江八幡市船木町１１２８－１,１１２８－１,,S59/10/28,,,,東近江
理容所,ヘアーモード 床龍,523-0891,近江八幡市鷹飼町,近江八幡市鷹飼町６７４－１,６７４－１,,H14/04/09,,,,東近江
理容所,ヘアーリラクゼーション Ｉ－ｔｓ,529-1431,東近江市五個荘山本町,東近江市五個荘山本町１０３,１０３,,H19/05/07,,,,東近江
理容所,ヘアーワーク おおたに,527-0045,東近江市中小路町,東近江市中小路町５５１－１ アートＳＨＵＮ ２１ １Ｆ,５５１－１ アートＳＨＵＮ ２１ １Ｆ,,H15/03/26,,,,東近江
理容所,ヘアーワークス Ｙ’ｓ,523-0819,近江八幡市西本郷町西,近江八幡市西本郷町西１－２,１－２,,H07/11/24,,,,東近江
理容所,ヘアサロン やすむら,521-1235,東近江市伊庭町,東近江市伊庭町２３３１,２３３１,,H13/04/13,,,,東近江
理容所,ヘアーサロン高倉,520-2531,蒲生郡竜王町山之上,蒲生郡竜王町山之上１２０４－３,１２０４－３,,H07/11/21,,,,東近江
理容所,ヘアーファッション ナカジマ,527-0113,東近江市池庄町,東近江市池庄町１５２１,１５２１,,H12/05/10,,,,東近江
理容所,ヘブンズ ヘアー,521-1221,東近江市垣見町,東近江市垣見町５５３－３,５５３－３,,H15/02/21,,,,東近江
理容所,マツバラ理容院,523-0063,近江八幡市十王町,近江八幡市十王町３７０,３７０,,S39/08/19,,,,東近江
理容所,ミッチー,527-0046,東近江市妙法寺町,東近江市妙法寺町８８３－５,８８３－５,,S49/12/14,,,,東近江
理容所,ミフネ理容所,523-0813,近江八幡市西本郷町,近江八幡市西本郷町４０１,４０１,,S43/07/04,,,,東近江
理容所,ムッシュ リュウマ,523-0015,近江八幡市上田町,近江八幡市上田町１７６－６,１７６－６,有限会社ムッシュリュウマ,H18/12/22,,,,東近江
理容所,メンズ＆レディースサロン タマミズ,527-0076,東近江市野口町,東近江市野口町１－２８,１－２８,,H11/05/20,,,,東近江
理容所,ユアーズ,529-1421,東近江市五個荘竜田町,東近江市五個荘竜田町６３４,６３４,,H04/04/23,,,,東近江
理容所,ラルジュ神崎中央病院店,529-1445,東近江市五個荘清水鼻 町,東近江市五個荘清水鼻 町９５神崎中央病院内,９５神崎中央病院内,有限会社ラルジュ,H19/05/07,,,,東近江
理容所,リビーブ ひろ,529-1501,東近江市石塔町,東近江市石塔町９６２,９６２,,H10/05/21,,,,東近江
理容所,阿部理容,523-0043,近江八幡市池田本町,近江八幡市池田本町１１０１－９,１１０１－９,,S49/09/04,,,,東近江
理容所,河島美容院,527-0155,東近江市大林町,東近江市大林町６２１,６２１,,S41/06/28,,,,東近江
理容所,橋本理容,523-0085,近江八幡市南津田町,近江八幡市南津田町１８４,１８４,,S29/03/01,,,,東近江
理容所,近江鉄道グループ弥栄会,527-0025,東近江市八日市東本町,東近江市八日市東本町１１－３,１１－３,,H09/07/11,,,,東近江
理容所,高倉理容所,529-1572,東近江市桜川西町,東近江市桜川西町８４,８４,,S41/11/30,,,,東近江
理容所,散髪屋のさんきち,523-0893,近江八幡市桜宮町,近江八幡市桜宮町２１５－１,２１５－１,有限会社ラルジュ,H12/04/07,,,,東近江
理容所,四谷理容院,523-0075,近江八幡市野村町,近江八幡市野村町１５３９－３,１５３９－３,,S31/03/06,,,,東近江
理容所,小澤理容所,527-0125,東近江市小田苅町,東近江市小田苅町２６８,２６８,,S57/11/01,,,,東近江
理容所,床栄,523-0877,近江八幡市池田町二丁 目,近江八幡市池田町二丁 目６,６,,S56/12/10,,,,東近江
理容所,床屋 天海,529-1541,東近江市蒲生堂町,東近江市蒲生堂町３２９－６６,３２９－６６,,H20/05/02,,,,東近江
理容所,床熊,521-1221,東近江市垣見町,東近江市垣見町７１９,７１９,,H20/03/06,,,,東近江
理容所,上川理容店,527-0172,東近江市鯰江町,東近江市鯰江町１４２３－１,１４２３－１,,S37/09/02,,,,東近江
理容所,森野理容院,521-1212,東近江市種町,東近江市種町９５５,９５５,,S33/12/01,,,,東近江
理容所,西村理容所,529-1442,東近江市五個荘塚本町,東近江市五個荘塚本町２５７－３,２５７－３,,S34/01/10,,,,東近江
理容所,西堀理容所,527-0131,東近江市勝堂町,東近江市勝堂町１１２３,１１２３,,H07/03/09,,,,東近江
理容所,赤尾理容院,523-0892,近江八幡市出町,近江八幡市出町６３１,６３１,,S45/05/08,,,,東近江
理容所,川口理容店,529-1653,蒲生郡日野町三十坪,蒲生郡日野町三十坪１２５２－１,１２５２－１,,H13/07/31,,,,東近江
理容所,大林理容店,529-1405,東近江市五個荘金堂町,東近江市五個荘金堂町５１０,５１０,,S63/12/15,,,,東近江
理容所,谷 理容店,527-0071,東近江市今堀町,東近江市今堀町６８７－１,６８７－１,,H01/09/18,,,,東近江
理容所,短長,527-0223,東近江市高木町,東近江市高木町１１５,１１５,,H18/06/01,,,,東近江
理容所,男の美容室カットハウス 戸嶋,527-0029,東近江市八日市町,東近江市八日市町１１－１２,１１－１２,,S60/03/20,,,,東近江
理容所,中村理容所,529-1654,蒲生郡日野町小谷,蒲生郡日野町小谷６,６,,S57/06/08,,,,東近江
理容所,中村理容所,529-1627,蒲生郡日野町仁本木,蒲生郡日野町仁本木６０３－１,６０３－１,,S55/06/20,,,,東近江
理容所,長屋,529-1605,蒲生郡日野町小井口,蒲生郡日野町小井口６４－３８,６４－３８,,H13/12/14,,,,東近江
理容所,田井中理容所,521-1242,東近江市福堂町,東近江市福堂町３４３５－１,３４３５－１,,S34/03/19,,,,東近江
理容所,田中理容店,523-0811,近江八幡市長田町,近江八幡市長田町１２５３－３,１２５３－３,,H02/05/22,,,,東近江
理容所,ヘアーサロン フジイ,527-0115,東近江市下里町,東近江市下里町１４７,１４７,,S30/03/30,,,,東近江
理容所,髪工房Ｐｏｌｉｓｈ 清和館,527-0127,東近江市南清水町,東近江市南清水町１９５－２,１９５－２,,H10/02/20,,,,東近江
理容所,髪細工 やま,529-1642,蒲生郡日野町上野田,蒲生郡日野町上野田８５６,８５６,,H15/01/20,,,,東近江
理容所,髪整形,529-1651,蒲生郡日野町山本,蒲生郡日野町山本７８８－３２９,７８８－３２９,,H14/06/07,,,,東近江
理容所,髪切屋 Ｃｏｏｌｓ,529-1414,東近江市五個荘中町,東近江市五個荘中町１３５－１４,１３５－１４,,H06/06/24,,,,東近江
理容所,髪道楽,523-0891,近江八幡市鷹飼町,近江八幡市鷹飼町１３１９－１スピカ２１１号 室,１３１９－１スピカ２１１号 室,,H11/05/28,,,,東近江
理容所,苗村理容所,527-0028,東近江市八日市金屋二 丁目,東近江市八日市金屋二 丁目２－６,２－６,,S44/10/20,,,,東近江
理容所,富田理容,523-0801,近江八幡市沖島町,近江八幡市沖島町,,,S34/11/20,,,,東近江
理容所,望田理容所,529-1664,蒲生郡日野町蓮花寺,蒲生郡日野町蓮花寺８５４－５,８５４－５,,H04/01/07,,,,東近江
理容所,北川理容室,527-0085,東近江市下羽田町,東近江市下羽田町１４６,１４６,,H14/05/07,,,,東近江
理容所,堀口理容所,527-0023,東近江市八日市緑町,東近江市八日市緑町７－２３ 東近江地域振興局 内,７－２３ 東近江地域振興局 内,,S58/03/01,,,,東近江
理容所,堀江理容室,529-1603,蒲生郡日野町大窪,蒲生郡日野町大窪５８９,５８９,,S46/02/06,,,,東近江
理容所,矢田理容所,523-0084,近江八幡市船木町,近江八幡市船木町１１１１,１１１１,,S49/02/25,,,,東近江
理容所,理髪館,523-0813,近江八幡市西本郷町,近江八幡市西本郷町３０５,３０５,,H18/08/18,,,,東近江
理容所,理髪館,523-0813,近江八幡市西本郷町,近江八幡市西本郷町３０５,３０５,,H10/05/15,,,,東近江
理容所,理容 オカモト,527-0012,東近江市八日市本町,東近江市八日市本町１１－６,１１－６,,S55/05/03,,,,東近江
理容所,理容 オクダ,529-1628,蒲生郡日野町西大路,蒲生郡日野町西大路１２３９,１２３９,,S60/01/10,,,,東近江
理容所,理容 オクムラ,529-1643,蒲生郡日野町里口,蒲生郡日野町里口２２６,２２６,,S51/08/21,,,,東近江
理容所,理容 キタサガミ,527-0015,東近江市中野町,東近江市中野町７４３－２,７４３－２,,S45/12/10,,,,東近江
理容所,理容 サガワ,529-1522,東近江市鋳物師町,東近江市鋳物師町１２７８－２,１２７８－２,,S60/07/20,,,,東近江
理容所,理容 スギウラ,529-1617,蒲生郡日野町中之郷,蒲生郡日野町中之郷４５２－１,４５２－１,,S48/05/19,,,,東近江
理容所,理容 すず,529-1513,東近江市田井町,東近江市田井町２５８,２５８,,S50/04/11,,,,東近江
理容所,理容 すずらん,527-0018,東近江市八日市清水一 丁目,東近江市八日市清水一 丁目６－４,６－４,,H16/11/15,,,,東近江
理容所,理容 まつば,527-0023,東近江市八日市緑町,東近江市八日市緑町５－２５,５－２５,,S61/12/10,,,,東近江
理容所,理容 モロト,527-0086,東近江市上平木町,東近江市上平木町８１２－１,８１２－１,,H08/06/19,,,,東近江
理容所,理容 やまなか,529-1604,蒲生郡日野町村井,蒲生郡日野町村井１０９４,１０９４,,S58/07/20,,,,東近江
理容所,理容 ユカ,521-1221,東近江市垣見町,東近江市垣見町１５３－５,１５３－５,,S60/08/19,,,,東近江
理容所,理容 大洞,529-1511,東近江市桜川東町,東近江市桜川東町４２９,４２９,,S61/11/07,,,,東近江
理容所,理容 田中,521-1231,東近江市能登川町,東近江市能登川町３１５－１,３１５－１,,S50/07/01,,,,東近江
理容所,理容アカイ天,521-1351,近江八幡市安土町常楽 寺,近江八幡市安土町常楽 寺４２１,４２１,,S49/03/05,,,,東近江
理容所,理容あかお,523-0062,近江八幡市丸の内町,近江八幡市丸の内町６－５１,６－５１,,S59/12/06,,,,東近江
理容所,理容オクモト,523-0814,近江八幡市南本郷町一 丁目,近江八幡市南本郷町一 丁目６４－１９,６４－１９,,S48/12/11,,,,東近江
理容所,理容こばた,523-0087,近江八幡市北津田町,近江八幡市北津田町３９６,３９６,,S42/11/20,,,,東近江
理容所,理容サロンひねの,527-0034,東近江市沖野三丁目,東近江市沖野三丁目８－１４,８－１４,,H09/05/01,,,,東近江
理容所,理容ジャングル,523-0893,近江八幡市桜宮町,近江八幡市桜宮町２０６－２１,２０６－２１,,H14/05/24,,,,東近江
理容所,理容セツ,523-0072,近江八幡市牧町,近江八幡市牧町７０６,７０６,,S43/02/12,,,,東近江
理容所,理容タナベ,527-0091,東近江市小脇町,東近江市小脇町１４０４,１４０４,,S34/06/08,,,,東近江
理容所,理容トコスエ,527-0011,東近江市八日市浜野町,東近江市八日市浜野町３－８,３－８,,H10/04/23,,,,東近江
理容所,理容ニシムラ,521-1202,東近江市阿弥陀堂町,東近江市阿弥陀堂町１６７,１６７,,S44/11/11,,,,東近江
理容所,理容フィンガー,523-0893,近江八幡市桜宮町,近江八幡市桜宮町２０２－１ダイエ－近江八幡 ３Ｆ,２０２－１ダイエ－近江八幡 ３Ｆ,株式会社テシマ,H08/04/25,,,,東近江
理容所,理容プラージュ日野店,529-1601,蒲生郡日野町松尾,蒲生郡日野町松尾１１９０－３,１１９０－３,阪南理美容株式会社,H18/07/07,,,,東近江
理容所,ＭｏＬｉｔＡ ＢＡＳＥ,523-0031,近江八幡市堀上町,近江八幡市堀上町３５０－４,３５０－４,,S63/12/06,,,,東近江
理容所,理容原田,523-0843,近江八幡市慈恩寺町上,近江八幡市慈恩寺町上１２,１２,,S37/09/10,,,,東近江
理容所,理容白井,520-2522,蒲生郡竜王町岩井,蒲生郡竜王町岩井５８４,５８４,,S62/03/30,,,,東近江
理容所,ＲＯＯＴＳ,521-1334,近江八幡市安土町西老 蘇,近江八幡市安土町西老 蘇９５４,９５４,,H09/02/01,,,,東近江
理容所,ムラヤマヘアーサロン,527-0125,東近江市小田苅町,東近江市小田苅町３０４－２,３０４－２,,H21/06/02,,,,東近江
理容所,眞空庵,527-0104,東近江市読合堂町,東近江市読合堂町７１８,７１８,,H21/06/08,,,,東近江
理容所,frontier hair & face,523-0015,近江八幡市上田町,近江八幡市上田町１２４９－１６,１２４９－１６,,H21/07/08,,,,東近江
理容所,hair & face resort lux ～ルクス～ ohishi,529-1531,東近江市市子川原町,東近江市市子川原町７２５,７２５,,H21/09/25,,,,東近江
理容所,あさひ,529-1610,蒲生郡日野町奥之池,蒲生郡日野町奥之池８２２,８２２,,H22/10/27,,,,東近江
理容所,ＧＲＡＮＴ ＨＡＩＲ,523-0057,近江八幡市田中江町,近江八幡市田中江町５８５－１,５８５－１,,H23/01/30,,,,東近江
理容所,ヘアーアレンジ．DEEP,523-0042,近江八幡市大森町,近江八幡市大森町１３９－２０,１３９－２０,,H23/05/02,,,,東近江
理容所,カットコムズ近江八幡,523-0893,近江八幡市桜宮町,近江八幡市桜宮町２０２－１ アルプラザ近江 八幡店２階,２０２－１ アルプラザ近江 八幡店２階,,H23/12/01,,,,東近江
理容所,ネオスヘアーリアン,523-0891,近江八幡市鷹飼町北三 丁目,近江八幡市鷹飼町北三 丁目１８－６,１８－６,,H24/01/28,,,,東近江
理容所,ちょきちょきはうす,523-0012,近江八幡市武佐町,近江八幡市武佐町４４７－２,４４７－２,,H25/01/08,,,,東近江
理容所,リズムヘアー＆スパ,523-0056,近江八幡市古川町,近江八幡市古川町１１８０－１０,１１８０－１０,,H25/02/13,,,,東近江
理容所,クイックカットＢＢ イオン近江八幡店,523-0891,近江八幡市鷹飼町南三 丁目,近江八幡市鷹飼町南三 丁目７,７,株式会社ＮＣＮＬジャパン,H25/07/05,,,,東近江
理容所,理容カワシマ湖東支店,527-0135,東近江市横溝町,東近江市横溝町２２７,２２７,,H25/11/01,,,,東近江
理容所,ヘアーサロン溪,529-1601,蒲生郡日野町松尾五丁 目,蒲生郡日野町松尾五丁 目１０,１０,,H25/12/03,,,,東近江
理容所,Ｒｕｓｈ,523-0892,近江八幡市出町,近江八幡市出町４２９－１,４２９－１,,H26/04/28,,,,東近江
理容所,Ｃｕｔ師 ＳＵＧＩＵＲＡ＋Ｃ,529-1617,蒲生郡日野町中之郷,蒲生郡日野町中之郷４５２－８,４５２－８,,H26/11/26,,,,東近江
理容所,トータル・サロン Ｒ・Ｐ,523-0005,近江八幡市末広町,近江八幡市末広町４０６－１５,４０６－１５,,H27/03/26,,,,東近江
理容所,理容カットエー,523-0891,近江八幡市鷹飼町,近江八幡市鷹飼町１７９ イオン近江八幡 ショッピングセンター２Ｆ,１７９ イオン近江八幡 ショッピングセンター２Ｆ,株式会社カットツイン,H28/05/12,,,,東近江
理容所,kamikiriya ごえん,523-0802,近江八幡市大中町,近江八幡市大中町６５－２,６５－２,,H28/07/29,,,,東近江
理容所,Ｙ－ｓｔｙｌｅ ＢＡＲＢＥＲ ＹＡＳ ＵＤＡ,529-1566,東近江市葛巻町,東近江市葛巻町２７５－４,２７５－４,,H28/09/21,,,,東近江
理容所,ヘアサロンかわさき,523-0061,近江八幡市江頭町,近江八幡市江頭町４４０－４,４４０－４,,H28/12/02,,,,東近江
理容所,ＦＡＭＩＬＹ ＨＡＩＲ ＳＡＬＯＮ Ｍｉｌｋ,529-1541,東近江市蒲生堂町,東近江市蒲生堂町５４３,５４３,,H28/12/26,,,,東近江
理容所,プライベートヘアサロン ｔｏｃｏ ｔ ｏｃｏ,523-0894,近江八幡市中村町,近江八幡市中村町４６－１８,４６－１８,,H29/03/23,,,,東近江
理容所,ＢＵＺＺ ｃｕｔ ｃｌｕｂ,527-0047,東近江市野村町,東近江市野村町５１１－６,５１１－６,,H29/08/07,,,,東近江
理容所,Ｂａｒｂｅｒ Ｆｒｅｅ Ｓｔｙｌｅ,520-2531,蒲生郡竜王町山之上,蒲生郡竜王町山之上７１０４－１,７１０４－１,,H29/09/13,,,,東近江
理容所,ヘアーサロン イースト,527-0012,東近江市八日市本町,東近江市八日市本町２－１０ アルザー柳屋１Ｆ,２－１０ アルザー柳屋１Ｆ,,H29/10/18,,,,東近江
理容所,カットコムズ ドンキ近江八幡,523-0891,近江八幡市鷹飼町,近江八幡市鷹飼町２２３－３,２２３－３,,H30/03/06,,,,東近江
理容所,ＲＯＯＴＳ,521-1311,近江八幡市安土町下豊 浦,近江八幡市安土町下豊 浦５０７０－４,５０７０－４,,H30/04/23,,,,東近江
理容所,ＣＵＴ ＣＬＵＢ ＴＡＫＥＩ,527-0051,東近江市林田町,東近江市林田町１２２１－４,１２２１－４,,H30/07/17,,,,東近江
理容所,ヘアーサロン イチダ,529-1443,東近江市五個荘北町屋 町,東近江市五個荘北町屋 町１２－２,１２－２,,H30/10/31,,,,東近江
理容所,カットコムズ ドンキ東近江,527-0016,東近江市今崎町,東近江市今崎町１６３,１６３,,H31/04/23,,,,東近江
理容所,理容イチダ,521-1223,東近江市猪子町,東近江市猪子町２８７－４,２８７－４,,H31/04/24,,,,東近江
理容所,ヘア＆ビューティスパ ＲＡＶＩＲ,527-0232,東近江市青野町,東近江市青野町４４７６－２,４４７６－２,株式会社タベヨシ,R01/10/30,,,,東近江
理容所,Ｂａｒｂｅｒ＆Ｂｅａｕｔｙ ＲＢＫ,527-0011,東近江市八日市浜野町,東近江市八日市浜野町３－１ アピア専門店街２Ｆ,３－１ アピア専門店街２Ｆ,,R02/04/17,,,,東近江
理容所,理容アップカット,527-0012,東近江市八日市本町,東近江市八日市本町１５－１１,１５－１１,合同会社アップカット,R05/05/19,,,,東近江
理容所,エイト ハンズ,523-0805,近江八幡市円山町,近江八幡市円山町７２１‐４,７２１‐４,,R05/11/10,,,,東近江
理容所,Ｌ．Ａ ＢＡＲＢＥＲ ＳＨＯＰ,523-0041,近江八幡市中小森町,近江八幡市中小森町３２８－６,３２８－６,Ｌ．Ａ株式会社,R05/11/29,,,,東近江
理容所,ＢＡＲＢＥＲ ＴＡＫＥ,527-0023,東近江市八日市緑町,東近江市八日市緑町１７－１１－１,１７－１１－１,,R05/12/21,,,,東近江
理容所,ＰＯＭ ＢＯＹＳ ＢＡＲＢＥＲ ＳＨ ＯＰ,523-0816,近江八幡市西庄町,近江八幡市西庄町１２７１－５,１２７１－５,,R06/02/29,,,,東近江
理容所,Ｈａｉｒ Ｒｅｌａｘａｔｉｏｎ Ｎｅ ｕｆ,527-0074,東近江市市辺町,東近江市市辺町２３８４－３,２３８４－３,,R07/03/28,,,,東近江
理容所,カットサロン雪野山,520-2511,蒲生郡竜王町林,蒲生郡竜王町林４０６,４０６,,R07/08/07,,,,東近江
理容所,ＦＬＡＰＣＨＯＰ,521-1211,東近江市今町,東近江市今町４２１－４,４２１－４,,R08/02/05,,,,東近江
理容所,ろっきー,527-0033,東近江市東沖野四丁目,東近江市東沖野四丁目２－１,２－１,,R08/06/29,,,,東近江
理容所,ＢＡＲ ＢＡＲ ＫＩＲＡＫＵ,522-0041,彦根市平田町,彦根市平田町７２－２,７２－２,,H12/03/13,,,,彦根
理容所,ＳＨＵ,521-1112,彦根市金沢町,彦根市金沢町１１５５－５,１１５５－５,,H04/12/11,,,,彦根
理容所,ＢＡＲＢＥＲ こんどう,522-0064,彦根市本町三丁目,彦根市本町三丁目１－３７,１－３７,,H10/03/24,,,,彦根
理容所,ＢａｒＢｅｒＳｈｏｐＳｏｒｉｍａｃｈ ｉ,529-1156,彦根市清崎町,彦根市清崎町１７５９－２,１７５９－２,,H10/01/13,,,,彦根
理容所,ＣＵＴ ＨＯＵＳＥ たにがわ,522-0029,彦根市地蔵町,彦根市地蔵町９０－５,９０－５,,H17/07/07,,,,彦根
理容所,ＣｕＴ倶楽部 Ｎａｇａｓａｋｉ,522-0086,彦根市後三条町,彦根市後三条町４８３－２,４８３－２,,H06/03/07,,,,彦根
理容所,ＥＤＳＥＬ ｈａｉｒ,522-0052,彦根市長曽根南町,彦根市長曽根南町５６３－１０,５６３－１０,,S55/03/31,,,,彦根
理容所,ＵＴＧ,525-0067,草津市新浜町,草津市新浜町３００ イオンモール草津ス ポーツ＆レジャー棟,３００ イオンモール草津ス ポーツ＆レジャー棟,,H22/04/22,,,,草津
理容所,Ｈａｉｒ Ｓａｌｏｎ 笑,520-2331,野洲市小篠原,野洲市小篠原１２５７－５,１２５７－５,,H22/10/19,,,,草津
理容所,ＲＥＧＡＬＯ,524-0101,守山市今浜町,守山市今浜町２２２７－８,２２２７－８,,H22/12/24,,,,草津
理容所,ｉｓａｓａ,525-0031,草津市若竹町,草津市若竹町４－２２,４－２２,,H23/03/01,,,,草津
理容所,ｇｒａｎ－ＢＡＲＢＥＲ＆ｂｅａｕｔｙ ｒｏｏｍ－,524-0034,守山市千代町,守山市千代町１５１－４,１５１－４,,H23/10/11,,,,草津
理容所,ｍｅｎ’ｓ ｈａｉｒ ＳＰＬＥＮＤＯ,520-2361,野洲市北野一丁目,野洲市北野一丁目１１－４,１１－４,,H23/12/19,,,,草津
理容所,ヘアーサロン サイトウ,525-0023,草津市平井一丁目,草津市平井一丁目４－２４,４－２４,,H23/12/14,,,,草津
理容所,ヘアーサロン ダイヤ,520-3045,栗東市高野,栗東市高野７９４－２,７９４－２,,H24/04/19,,,,草津
理容所,ＢａｒＢｅｒ’ｓ ｓｋｅｌｔｅｒ,520-2341,野洲市行畑二丁目,野洲市行畑二丁目２－３４,２－３４,,H24/05/07,,,,草津
理容所,ヘアーサロン マオ,524-0033,守山市浮気町,守山市浮気町３００－１５ グランドメゾ ン２棟１０８,３００－１５ グランドメゾ ン２棟１０８,,H24/05/28,,,,草津
理容所,リビラブ草津ラウンジ,525-0037,草津市西大路町,草津市西大路町９－１８,９－１８,株式会社ハートサービス,H24/11/30,,,,草津
理容所,髪ショップ マコト,524-0012,守山市播磨田町,守山市播磨田町９９２,９９２,,H24/11/28,,,,草津
理容所,ヘアークラブ ホワイト２１,520-3042,栗東市辻,栗東市辻５２６－１,５２６－１,,H25/01/17,,,,草津
理容所,カットサロン マルシアン,524-0022,守山市守山二丁目,守山市守山二丁目１５－５６,１５－５６,,H25/03/06,,,,草津
理容所,ＨＡＩＲ ＳＡＬＯＮ 憩－ｉｋｏｉ－,525-0047,草津市追分三丁目,草津市追分三丁目１４－２,１４－２,,H25/03/25,,,,草津
理容所,美のくうかん 千雅,525-0027,草津市野村六丁目,草津市野村六丁目１－３ コンフォーレＴ１,１－３ コンフォーレＴ１,,H25/05/21,,,,草津
理容所,理容海下,525-0041,草津市青地町,草津市青地町６９２－３,６９２－３,,H25/07/04,,,,草津
理容所,ｈａｉｒ’ｓ ＭＯＭＯＴＡＲＯ ＣＬ ＵＢ,525-0046,草津市追分町,草津市追分町１００８－５,１００８－５,,H25/09/09,,,,草津
理容所,ねいびい－,525-0036,草津市草津町,草津市草津町１５１２ セジュール１号,１５１２ セジュール１号,,H25/11/21,,,,草津
理容所,ＲＥＧＯＬＩＴＨ,524-0063,守山市欲賀町,守山市欲賀町２０３２,２０３２,,H26/03/24,,,,草津
理容所,理容ハセガワ,520-3004,栗東市上砥山,栗東市上砥山３１０５,３１０５,,H26/04/22,,,,草津
理容所,Ｒｅｌａｘ ｓｐａｃｅ Ｌａｌａｍｉ ｕ,525-0011,草津市片岡町,草津市片岡町２１３－１,２１３－１,,H26/05/27,,,,草津
理容所,リンコップ,520-3024,栗東市小柿十丁目,栗東市小柿十丁目１６－１,１６－１,,H26/10/02,,,,草津
理容所,ナナロクバーバー,525-0048,草津市追分南三丁目,草津市追分南三丁目２６－２５,２６－２５,,H27/01/07,,,,草津
理容所,ＨＡＩＲ’Ｓ ＹＡＮＯ,520-3035,栗東市霊仙寺三丁目,栗東市霊仙寺三丁目６－２８,６－２８,,H27/03/02,,,,草津
理容所,ＨＡＩＲ ＳＡＬＯＮ Ｅ－ｓｐａｃｅ 髪タナカ,520-2362,野洲市市三宅,野洲市市三宅８４４,８４４,,H27/03/19,,,,草津
理容所,シンズバーバー,524-0014,守山市石田町,守山市石田町６６２－８,６６２－８,,H27/11/10,,,,草津
理容所,ＴＨＥ－Ｏ,525-0028,草津市上笠四丁目,草津市上笠四丁目１－１０－２,１－１０－２,,H28/01/21,,,,草津
理容所,となりのトコヤ,525-0059,草津市野路一丁目,草津市野路一丁目１２－１１－１０５号,１２－１１－１０５号,,H28/03/17,,,,草津
理容所,フタバ理容 髙橋,525-0028,草津市上笠三丁目,草津市上笠三丁目２－１０ プラザ上笠１－２,２－１０ プラザ上笠１－２,,H28/06/20,,,,草津
理容所,髪空間 心,520-3027,栗東市野尻,栗東市野尻４１７－３,４１７－３,,H28/09/21,,,,草津
理容所,散髪屋 ｓｏｃｉｏ,524-0022,守山市守山四丁目,守山市守山四丁目１３－３２,１３－３２,,H28/10/04,,,,草津
理容所,Ｌａ ｖｉｅ Ｂｅｌｌｅ（理容所）,524-0002,守山市小島町,守山市小島町１６６２－３ １Ｆ,１６６２－３ １Ｆ,,H28/10/14,,,,草津
理容所,バーバ 男髪,520-2333,野洲市栄,野洲市栄３４－１５,３４－１５,,H28/10/17,,,,草津
理容所,ＢＯＤＹ ＫＩＴＣＨＥＮ（理容所）,525-0027,草津市野村一丁目,草津市野村一丁目３－７ １Ｆ,３－７ １Ｆ,,H28/10/17,,,,草津
理容所,ＢａｒＢｅｒ ＯＯＥ,524-0042,守山市焔魔堂町,守山市焔魔堂町６１－３,６１－３,,H29/02/08,,,,草津
理容所,ＢａｒＢｅｒ Ｋａｗａｓｅ,520-2423,野洲市西河原,野洲市西河原２６３４－１,２６３４－１,,H29/02/28,,,,草津
理容所,ヘアールーム シュ・シュ,525-0032,草津市大路一丁目,草津市大路一丁目１７－７ アトリエ２号館,１７－７ アトリエ２号館,,H29/03/07,,,,草津
理容所,理容 カットエー,525-0032,草津市大路一丁目,草津市大路一丁目７－１,７－１,株式会社カットツイン,H29/03/24,,,,草津
理容所,Ｂａｒｂｅｒ ＧＯＮＺＯ,525-0055,草津市野路町,草津市野路町２４８,２４８,,H29/03/31,,,,草津
理容所,ヘアーサロン イケモト,525-0054,草津市東矢倉二丁目,草津市東矢倉二丁目３５－６,３５－６,,H29/08/10,,,,草津
理容所,Ｖａｌｅｕｒ,525-0032,草津市大路一丁目,草津市大路一丁目４－３２,４－３２,,H29/09/07,,,,草津
理容所,髪処 ＨＡＹＡＳＨＩ,524-0013,守山市下之郷三丁目,守山市下之郷三丁目１４－１５,１４－１５,,H30/03/30,,,,草津
理容所,Ｍｕｌｅ,525-0031,草津市若竹町,草津市若竹町５－１０ マイネブルク １ Ｆ－Ｂ,５－１０ マイネブルク １ Ｆ－Ｂ,,H30/06/19,,,,草津
理容所,ＢＡＲＢＥＲ Ｌｉｎｋ,525-0072,草津市笠山四丁目,草津市笠山四丁目３－３３,３－３３,,H30/09/05,,,,草津
理容所,Ｌ．Ａ ＢＡＲ ＢＥＲ ＳＨＯＰ,525-0041,草津市青地町,草津市青地町７４３ １Ｆ,７４３ １Ｆ,,H30/10/19,,,,草津
理容所,髪座,524-0101,守山市今浜町,守山市今浜町２６２０－５,２６２０－５,,H31/02/13,,,,草津
理容所,ＢＡＲＢＥＲＳＨＯＰ ＫＡＭＩＮＡＲ ＩＹＡ,525-0055,草津市野路町,草津市野路町１７１－７６,１７１－７６,,R01/06/05,,,,草津
理容所,とこよし,520-3015,栗東市安養寺一丁目,栗東市安養寺一丁目１３－３７ Ｋビル２Ｆ,１３－３７ Ｋビル２Ｆ,,R01/07/17,,,,草津
理容所,ビューティーフェイスグランデ近鉄百貨 店草津店,525-0026,草津市渋川一丁目,草津市渋川一丁目１－５０ 近鉄百貨店草津店 ４Ｆ,１－５０ 近鉄百貨店草津店 ４Ｆ,株式会社リビアス,R01/08/28,,,,草津
理容所,カット 四季彩,524-0021,守山市吉身四丁目,守山市吉身四丁目５－２０ ほたるの湯内,５－２０ ほたるの湯内,,R01/11/22,,,,草津
理容所,淡海美人（お顔そり）,525-0023,草津市平井四丁目,草津市平井四丁目８－１,８－１,,R01/11/29,,,,草津
理容所,カットコムズ 近鉄草津店,525-0026,草津市渋川一丁目,草津市渋川一丁目１－５０ 近鉄百貨店草津店 ２階,１－５０ 近鉄百貨店草津店 ２階,,R02/02/21,,,,草津
理容所,総合病院内理容室,524-0022,守山市守山五丁目,守山市守山五丁目４－３０,４－３０,,R02/03/10,,,,草津
理容所,日替サロンＴａｌｌｙ,525-0055,草津市野路町,草津市野路町３００１ めるべーゆ杉１０ １号室,３００１ めるべーゆ杉１０ １号室,株式会社タリー,R02/04/21,,,,草津
理容所,ＢＡＲ ＢＥＲ ＲＯＸ,525-0029,草津市下笠町,草津市下笠町７７－１１,７７－１１,,R02/08/07,,,,草津
理容所,理容タイガー,524-0022,守山市守山一丁目,守山市守山一丁目１－１０,１－１０,,R02/09/29,,,,草津
理容所,Ｒｉｖｏｒｏ,524-0021,守山市吉身六丁目,守山市吉身六丁目４－１３,４－１３,,R02/09/29,,,,草津
理容所,しあわせフェィス創造委員会,524-0012,守山市播磨田町,守山市播磨田町２０－５,２０－５,,R02/12/15,,,,草津
理容所,ｃｕｔ ｓａｌｏｎ ＩＴＯ,524-0043,守山市二町町,守山市二町町２３１－３１,２３１－３１,,R02/11/05,,,,草津
理容所,ＫＩＲＥＩ,525-0025,草津市西渋川一丁目,草津市西渋川一丁目１－４ マルウチ３０３,１－４ マルウチ３０３,株式会社ＪＡＭ,R03/02/18,,,,草津
理容所,カットハウス クイーン,520-3031,栗東市綣二丁目,栗東市綣二丁目２－３４ ウイングビュー１ Ｆ,２－３４ ウイングビュー１ Ｆ,,R03/02/24,,,,草津
理容所,かみきり屋 成,525-0061,草津市北山田町,草津市北山田町８４９,８４９,,R03/04/21,,,,草津
理容所,ＣＵＴ ＳＰＡＣＥ ［Ｓｉ：］－ｇｅ ｔ,520-2301,野洲市小南,野洲市小南１３２４－１,１３２４－１,,R03/06/30,,,,草津
理容所,Ｈａｉｒ ｓｐａｃｅ 凛,524-0022,守山市守山五丁目,守山市守山五丁目１－７,１－７,,R03/10/28,,,,草津
理容所,サロン ＴＯＭＯ,524-0043,守山市二町町,守山市二町町１４０－１１,１４０－１１,,R04/02/17,,,,草津
理容所,お剃サロン えん,525-0029,草津市下笠町,草津市下笠町１１９９,１１９９,,R04/06/27,,,,草津
理容所,理容サービス 守山店,524-0012,守山市播磨田町,守山市播磨田町３０９３,３０９３,株式会社ＷＡＫＡＭＡＴＳ Ｕ,R04/11/30,,,,草津
理容所,髪剪處,525-0067,草津市新浜町,草津市新浜町３００ イオンモール草津ス ポーツ＆レジャー棟,３００ イオンモール草津ス ポーツ＆レジャー棟,,R05/06/28,,,,草津
理容所,Ｈａｉｒ Ｄｅｓｉｇｎ Ｌｉｂｒｅ,525-0068,草津市南草津プリムタ ウン,草津市南草津プリムタ ウン二丁目１－３ Ｓｔｙｌｅ ＢＬＤ．１０３号室,二丁目１－３ Ｓｔｙｌｅ ＢＬＤ．１０３号室,,R05/08/04,,,,草津
理容所,エステａｎｄお剃りＨａｎａｋｏ,525-0027,草津市野村一丁目,草津市野村一丁目１６－１４ アンジュール２ Ｆ,１６－１４ アンジュール２ Ｆ,,R05/11/08,,,,草津
理容所,サロン 結,520-3024,栗東市小柿十丁目,栗東市小柿十丁目１０－３８,１０－３８,,R06/04/26,,,,草津
理容所,Ｍａｓｔｅｒｓ Ｈｉｄｅｏｕｔ 結人,525-0063,草津市南山田町,草津市南山田町１１２１－２２,１１２１－２２,有限会社結人,R06/06/26,,,,草津
理容所,散髪屋 ｓｏｃｉｏ 野洲店,520-2343,野洲市大畑,野洲市大畑１４－９,１４－９,,R06/07/05,,,,草津
理容所,理容 ヤマナカ,524-0034,守山市千代町,守山市千代町１０８－５,１０８－５,,R06/10/02,,,,草津
理容所,理容 カットプロ,524-0102,守山市水保町,守山市水保町２２２１－１,２２２１－１,,R06/11/26,,,,草津
理容所,Ｍｅｎ’ｓ Ｓａｌｏｎ ＳＴＡＲＴ,525-0023,草津市平井一丁目,草津市平井一丁目１３－１０,１３－１０,,R07/06/02,,,,草津
理容所,理容カットエー守山店,524-0012,守山市播磨田町,守山市播磨田町３０４０,３０４０,株式会社カットツイン,R07/06/27,,,,草津
理容所,Ｂｉｊｏｕ,525-0066,草津市矢橋町,草津市矢橋町１０５－１ カーサソラッ ツォ壱番館３１６号室,１０５－１ カーサソラッ ツォ壱番館３１６号室,,R07/12/24,,,,草津
理容所,ＯＳ．Ｋ （おしゃれサロンカワグチ）,524-0021,守山市吉身三丁目,守山市吉身三丁目１－３９,１－３９,,R08/05/12,,,,草津
理容所,大江断髪倶楽部,524-0044,守山市古高町,守山市古高町２４６－３,２４６－３,,R08/06/12,,,,草津
理容所,ＡＺＵ・ＭＡＸ（アズ・マックス）,528-0063,甲賀市水口町下山,甲賀市水口町下山６９４－１６８,６９４－１６８,,H18/03/05,,,,甲賀
理容所,髪結床 かわなみ,520-3107,湖南市石部東八丁目,湖南市石部東八丁目１－５,１－５,,H05/02/12,,,,甲賀
理容所,Ｃｕｔ ｓｈｏｐ ｃａｃｔｕｓさ・ ぼ・て・ん,528-0067,甲賀市水口町山,甲賀市水口町山２６５４－１５,２６５４－１５,,H08/09/08,,,,甲賀
理容所,ｃｕｔ ｓｐａｃｅ Ｌｏｏｐ,528-0056,甲賀市水口町泉,甲賀市水口町泉６－２,６－２,,H16/10/22,,,,甲賀
理容所,ＣＵＴ ＳＰＡＣＥ ＱＵＥ,520-3221,湖南市三雲,湖南市三雲４３１,４３１,,H12/08/29,,,,甲賀
理容所,ＣＵＴＨＯＵＳＥ ａｇｉａｔｏ （カットハウス・アジアート）,520-3221,湖南市三雲,湖南市三雲９００－１１,９００－１１,,H15/09/17,,,,甲賀
理容所,ＨＡＩＲ ＣＵＴ ＬＵＭＩＥＲＥ,520-3102,湖南市宮の森二丁目,湖南市宮の森二丁目１０－１２,１０－１２,,H16/12/01,,,,甲賀
理容所,Ｈａｉｒ Ｆａｃｔｏｒｙ ＴＯＳＨＩ,520-3242,湖南市菩提寺,湖南市菩提寺北二丁目１－１,北二丁目１－１,,H17/10/07,,,,甲賀
理容所,Ｈａｉｒ Ｓｐａｃｅ Ｓｈｏｒｅ,528-0063,甲賀市水口町下山,甲賀市水口町下山６９３－３２０,６９３－３２０,,H15/06/02,,,,甲賀
理容所,ＨＡＩＲ’Ｓ ＭＯＭＯ,520-3108,湖南市石部南二丁目,湖南市石部南二丁目３－７,３－７,,H11/07/02,,,,甲賀
理容所,Ｋ’ｓ ｈｏｕｓｅ,520-3242,湖南市菩提寺,湖南市菩提寺東一丁目４－１１,東一丁目４－１１,,H14/11/25,,,,甲賀
理容所,ｍａｄｅ ｉｎ ｈａｉｒ ＴＡＫＡＱ,520-3231,湖南市針,湖南市針３０２－３,３０２－３,,H17/12/14,,,,甲賀
理容所,ｓａｍａ－ｓａｍａ ｈａｉｒ（サマ サマ・ヘアー）,520-3301,甲賀市甲南町寺庄,甲賀市甲南町寺庄４１０,４１０,,H15/10/27,,,,甲賀
理容所,Ｙ’ｓ ＨＡＩＲ,528-0000,甲賀市水口町南林口,甲賀市水口町南林口２５,２５,,H12/11/14,,,,甲賀
理容所,オオホラ理容室,528-0035,甲賀市水口町名坂,甲賀市水口町名坂１９３,１９３,,S55/01/14,,,,甲賀
理容所,オクダ理容店,529-1835,甲賀市信楽町長野,甲賀市信楽町長野８６０,８６０,,H02/07/25,,,,甲賀
理容所,かたた理容,520-3414,甲賀市甲賀町大久保,甲賀市甲賀町大久保２２７－７,２２７－７,,S51/07/29,,,,甲賀
理容所,カット イイダ,520-3321,甲賀市甲南町葛木,甲賀市甲南町葛木１３６７番地１,１３６７番地１,,H13/06/26,,,,甲賀
理容所,カット ステージ パオ,520-3201,湖南市下田,湖南市下田４１８３－２,４１８３－２,,H12/09/18,,,,甲賀
理容所,カットスタジオ ＲＯＤＥＯ,528--006,甲賀市水口町城東,甲賀市水口町城東４－９,４－９,,H17/09/06,,,,甲賀
理容所,カットスタジオ げんの,529-1804,甲賀市信楽町勅旨,甲賀市信楽町勅旨５８７－１,５８７－１,,H01/08/08,,,,甲賀
理容所,カットゾーン ナナ,528-0058,甲賀市水口町北泉一丁 目,甲賀市水口町北泉一丁 目５０－１ ノールフォンテー ヌ２番館１０１,５０－１ ノールフォンテー ヌ２番館１０１,,H18/11/16,,,,甲賀
理容所,カットハウス おくだ,520-3322,甲賀市甲南町深川,甲賀市甲南町深川２２３８,２２３８,,H01/10/31,,,,甲賀
理容所,カットハウス キタダ,529-1803,甲賀市信楽町牧,甲賀市信楽町牧７７７－５,７７７－５,,H02/09/18,,,,甲賀
理容所,カットハウス ビギ,528-0032,甲賀市水口町八坂,甲賀市水口町八坂２－２,２－２,,S61/04/23,,,,甲賀
理容所,カットハウス みきお,520-3201,湖南市下田,湖南市下田１３５１－２,１３５１－２,,S59/04/05,,,,甲賀
理容所,カットハウス・リッツ,528-0067,甲賀市水口町山,甲賀市水口町山６７８－１３８,６７８－１３８,,H12/06/26,,,,甲賀
理容所,カットメイク コダマ,520-3301,甲賀市甲南町寺庄,甲賀市甲南町寺庄９９３－３,９９３－３,,S62/09/01,,,,甲賀
理容所,クラタ理容,528-0024,甲賀市水口町中邸,甲賀市水口町中邸１－５２,１－５２,,S42/02/28,,,,甲賀
理容所,サロン・ド・泉,520-3223,湖南市夏見,湖南市夏見１４３７,１４３７,,H08/06/22,,,,甲賀
理容所,シズカ理容院,528-0017,甲賀市水口町京町,甲賀市水口町京町９－１５,９－１５,,S45/04/09,,,,甲賀
理容所,ちょきちょき はうすＡＫＩＲＡ,520-3332,甲賀市甲南町希望ケ丘 本町九丁目,甲賀市甲南町希望ケ丘 本町九丁目４２１－３４,４２１－３４,,H08/04/15,,,,甲賀
理容所,ブルックス オーセンティック ヘアー ズ,520-3254,湖南市岩根中央三丁目,湖南市岩根中央三丁目４８,４８,,H10/08/18,,,,甲賀
理容所,ヘアークラフト（髪細工）,520-3333,甲賀市甲南町希望ケ丘 五丁目,甲賀市甲南町希望ケ丘 五丁目３３０－１１,３３０－１１,,H14/03/05,,,,甲賀
理容所,ヘアーサロン ＭＯＢＯ,520-3234,湖南市中央五丁目,湖南市中央五丁目１６８中央ビル内 １Ｆ,１６８中央ビル内 １Ｆ,,H01/07/15,,,,甲賀
理容所,ヘアーサロン アート,528-0235,甲賀市土山町大野,甲賀市土山町大野４４２,４４２,,H01/11/14,,,,甲賀
理容所,ヘアーサロン カワサキ,520-3431,甲賀市甲賀町大原中,甲賀市甲賀町大原中６６５,６６５,,S54/12/15,,,,甲賀
理容所,ヘアーサロン こばやし,520-3332,甲賀市甲南町希望ケ丘 本町一丁目,甲賀市甲南町希望ケ丘 本町一丁目２６０６－６１,２６０６－６１,,S61/07/26,,,,甲賀
理容所,ヘアーサロン サワダ,528-0211,甲賀市土山町北土山,甲賀市土山町北土山７８４－２,７８４－２,,H02/04/09,,,,甲賀
理容所,ヘアーサロン シバタ,528-0234,甲賀市土山町徳原,甲賀市土山町徳原１５８－１,１５８－１,,H03/01/17,,,,甲賀
理容所,ヘアーサロン シミズ,520-3433,甲賀市甲賀町大原市場,甲賀市甲賀町大原市場１５７－１１,１５７－１１,,S50/01/13,,,,甲賀
理容所,ヘアーサロン タモリ,528-0212,甲賀市土山町南土山,甲賀市土山町南土山７２３－２,７２３－２,,S63/10/19,,,,甲賀
理容所,ヘアーサロン トム,520-3222,湖南市吉永,湖南市吉永１９３－３,１９３－３,,H08/06/11,,,,甲賀
理容所,ヘアーサロン ハットリ,520-3107,湖南市石部東三丁目,湖南市石部東三丁目１０－５,１０－５,,H10/11/18,,,,甲賀
理容所,ヘアーサロン フクイ,520-3221,湖南市三雲,湖南市三雲１２５０－９,１２５０－９,,S53/02/13,,,,甲賀
理容所,ヘアーサロン フクモト,528-0046,甲賀市水口町三大寺,甲賀市水口町三大寺２３,２３,,S53/07/25,,,,甲賀
理容所,ヘアーサロン ミナミ,528-0006,甲賀市水口町元町,甲賀市水口町元町８－１３,８－１３,,S45/08/05,,,,甲賀
理容所,ヘアーサロン ヤナガ,520-3234,湖南市中央二丁目,湖南市中央二丁目８６,８６,,S51/11/25,,,,甲賀
理容所,ヘアーサロン ヤマナカ,528-0067,甲賀市水口町山,甲賀市水口町山３９２４－７,３９２４－７,,H08/11/30,,,,甲賀
理容所,ヘアーサロン 上西,520-3201,湖南市下田,湖南市下田１４７５,１４７５,,S44/08/06,,,,甲賀
理容所,ヘアーサロン 朝日舘,520-3201,湖南市下田,湖南市下田４６９,４６９,,H08/11/25,,,,甲賀
理容所,ヘアーサロン・キダ,520-3323,甲賀市甲南町深川市場,甲賀市甲南町深川市場８３－１,８３－１,,S50/03/30,,,,甲賀
理容所,ヘアーステイション ザ・トコヤ,520-3216,湖南市若竹町,湖南市若竹町８－２４,８－２４,,H02/07/31,,,,甲賀
理容所,ヘアサロン コスギ,528-0005,甲賀市水口町水口,甲賀市水口町水口５５６８,５５６８,,S58/11/19,,,,甲賀
理容所,ヘアマジック,528-0031,甲賀市水口町本町二丁 目,甲賀市水口町本町二丁 目３－２０,３－２０,,H10/06/18,,,,甲賀
理容所,マツムラ理容店,529-1835,甲賀市信楽町長野,甲賀市信楽町長野５９５,５９５,,H05/11/08,,,,甲賀
理容所,モトミ理容店,529-1835,甲賀市信楽町長野,甲賀市信楽町長野８８０－１,８８０－１,,S55/12/04,,,,甲賀
理容所,伊東理容,529-1835,甲賀市信楽町長野,甲賀市信楽町長野５１６－７,５１６－７,,S43/01/30,,,,甲賀
理容所,国立療養所紫香楽病院理髪室,529-1803,甲賀市信楽町牧,甲賀市信楽町牧９９７,９９７,,H06/02/18,,,,甲賀
理容所,佐々木理容室,520-3326,甲賀市甲南町耕心四丁 目,甲賀市甲南町耕心四丁 目１０７８－２０,１０７８－２０,,S52/10/17,,,,甲賀
理容所,山口理容所,520-3401,甲賀市甲賀町岩室,甲賀市甲賀町岩室９４５,９４５,,S50/07/25,,,,甲賀
理容所,水口理容院,529-1841,甲賀市信楽町上朝宮,甲賀市信楽町上朝宮７９４,７９４,,S27/04/01,,,,甲賀
理容所,谷口理容店,520-3101,湖南市石部,湖南市石部４５６６－１,４５６６－１,,H03/08/23,,,,甲賀
理容所,美髪倶楽部,520-3242,湖南市菩提寺,湖南市菩提寺１５９６,１５９６,,H02/08/07,,,,甲賀
理容所,理容 おおはら,528-0212,甲賀市土山町南土山,甲賀市土山町南土山３１８－２,３１８－２,,S38/09/28,,,,甲賀
理容所,理容 すぎの,520-3402,甲賀市甲賀町小佐治,甲賀市甲賀町小佐治２５４５－３,２５４５－３,,S56/03/24,,,,甲賀
理容所,理容 イマムラ,528-0064,甲賀市水口町伴中山,甲賀市水口町伴中山２３６８－１,２３６８－１,,S52/04/12,,,,甲賀
理容所,理容 カワベ,528-0038,甲賀市水口町新町一丁 目,甲賀市水口町新町一丁 目３－１８,３－１８,,S42/12/07,,,,甲賀
理容所,理容 こだま,520-3322,甲賀市甲南町深川,甲賀市甲南町深川２１８３,２１８３,,H20/06/04,,,,甲賀
理容所,理容 たかはし,528-0006,甲賀市水口町元町,甲賀市水口町元町５－５,５－５,,H09/03/05,,,,甲賀
理容所,理容 タナカ,528-0049,甲賀市水口町貴生川,甲賀市水口町貴生川３９０－４,３９０－４,,H02/03/03,,,,甲賀
理容所,理容 たにぐち,520-3242,湖南市菩提寺,湖南市菩提寺１３０３,１３０３,,S48/03/14,,,,甲賀
理容所,理容 とのむら,528-0052,甲賀市水口町宇川,甲賀市水口町宇川２０６－７,２０６－７,,S55/12/13,,,,甲賀
理容所,理容 なかにし,529-1803,甲賀市信楽町牧,甲賀市信楽町牧８９１－４,８９１－４,,S55/05/19,,,,甲賀
理容所,理容 はしもと,520-3251,湖南市朝国,湖南市朝国２６４,２６４,,S47/12/14,,,,甲賀
理容所,理容 ヒサオカ,520-3231,湖南市針,湖南市針５９１,５９１,,S38/10/29,,,,甲賀
理容所,Ｃｕｔ Ｓｐａｃｅ ひらお,529-1835,甲賀市信楽町長野,甲賀市信楽町長野４７９－１５,４７９－１５,,H04/07/28,,,,甲賀
理容所,理容 みなくち,529-1812,甲賀市信楽町神山,甲賀市信楽町神山５０６－１,５０６－１,,S35/10/01,,,,甲賀
理容所,理容 ミナミヤマ,528-0049,甲賀市水口町貴生川,甲賀市水口町貴生川３８８－１,３８８－１,,H02/07/26,,,,甲賀
理容所,理容 ムラキ,528-0202,甲賀市土山町鮎河,甲賀市土山町鮎河１０８４,１０８４,,S50/05/30,,,,甲賀
理容所,理容 ユキ,529-1835,甲賀市信楽町長野,甲賀市信楽町長野１３８９,１３８９,,S48/11/29,,,,甲賀
理容所,理容 増岡,529-1835,甲賀市信楽町長野,甲賀市信楽町長野４６２－７,４６２－７,,H03/11/08,,,,甲賀
理容所,理容 中村,528-0231,甲賀市土山町頓宮,甲賀市土山町頓宮２１９,２１９,,H01/10/03,,,,甲賀
理容所,理容ＫＡＯＲＵ,529-1841,甲賀市信楽町上朝宮,甲賀市信楽町上朝宮５１０,５１０,,H13/06/27,,,,甲賀
理容所,理容カットエー,528-0033,甲賀市水口町綾野,甲賀市水口町綾野６９１－１,６９１－１,株式会社カットツイン,H17/11/18,,,,甲賀
理容所,理容ビッグ 甲西店,520-3252,湖南市岩根,湖南市岩根８８６－１,８８６－１,,H19/09/03,,,,甲賀
理容所,理容フクイ,528-0056,甲賀市水口町泉,甲賀市水口町泉５０７,５０７,,H12/09/05,,,,甲賀
理容所,理容プラージュ水口店,528-0033,甲賀市水口町綾野,甲賀市水口町綾野３－５８,３－５８,阪南理美容株式会社,H13/03/13,,,,甲賀
理容所,理容室 イシノ,529-1851,甲賀市信楽町長野,甲賀市信楽町長野９７５－１,９７５－１,,R06/01/01,,,,甲賀
理容所,ｈａｉｒ ｓｐａｃｅ ＪＵＫＥ,520-3313,甲賀市甲南町新治,甲賀市甲南町新治１４２０－１,１４２０－１,,H21/02/19,,,,甲賀
理容所,ＱＢハウス アルプラザ水口店,528-0037,甲賀市水口町本綾野,甲賀市水口町本綾野５６６－１アルプラザ水口２ Ｆ,５６６－１アルプラザ水口２ Ｆ,キュービーネット株式会社,H22/07/14,,,,甲賀
理容所,ＨＡＩＲ ＵＰ,528-0063,甲賀市水口町下山,甲賀市水口町下山６９３－２８９,６９３－２８９,,H24/08/17,,,,甲賀
理容所,ｆａｍｉｌｌｅ×阿星,520-3108,湖南市石部南四丁目,湖南市石部南四丁目５－６,５－６,,H25/01/15,,,,甲賀
理容所,公立甲賀病院内理容室,528-0074,甲賀市水口町松尾,甲賀市水口町松尾１２５６,１２５６,,H25/04/02,,,,甲賀
理容所,ヘアーサロン・ヤマシタ,520-3426,甲賀市甲賀町田堵野,甲賀市甲賀町田堵野９２５－２,９２５－２,,H25/09/02,,,,甲賀
理容所,ｃａｒｄｉｎａｌ,520-3254,湖南市岩根中央二丁目,湖南市岩根中央二丁目４９,４９,,H25/10/30,,,,甲賀
理容所,８０’Ｓ ＨＡＩＲ,528-0056,甲賀市水口町泉,甲賀市水口町泉６－２０,６－２０,,H26/08/18,,,,甲賀
理容所,髪心 ＯＣＨＡＲＡ,520-3333,甲賀市甲南町希望ケ丘 一丁目,甲賀市甲南町希望ケ丘 一丁目９番地２,９番地２,,H26/09/02,,,,甲賀
理容所,ＥＩＧＨＴ ＨＡＩＲ ＰＬＡＣＥ,528-0005,甲賀市水口町水口,甲賀市水口町水口５６８７－７,５６８７－７,,H27/12/21,,,,甲賀
理容所,カットコムズ石部,520-3106,湖南市石部中央六丁目,湖南市石部中央六丁目１－３１ 平和堂石部店内１ Ｆ,１－３１ 平和堂石部店内１ Ｆ,,H28/06/06,,,,甲賀
理容所,カットサロン スピナー,520-3214,湖南市梅影町,湖南市梅影町３－１３ ジョイキュアビル １Ｆ,３－１３ ジョイキュアビル １Ｆ,,H28/09/14,,,,甲賀
理容所,カットサロン ささゆり,528-0005,甲賀市水口町水口,甲賀市水口町水口５５７２ 水口温泉つばきの 湯内,５５７２ 水口温泉つばきの 湯内,,H28/11/28,,,,甲賀
理容所,Ｌｏｔｕｓ,528-0032,甲賀市水口町八坂,甲賀市水口町八坂５－１９,５－１９,,H28/12/07,,,,甲賀
理容所,ヘアーサロン おがた,528-0032,甲賀市水口町八坂,甲賀市水口町八坂３－２８,３－２８,,H28/12/21,,,,甲賀
理容所,カットサロン ＳＵＷＡ,520-3102,湖南市宮の森一丁目,湖南市宮の森一丁目９－１２,９－１２,,H29/01/25,,,,甲賀
理容所,床屋,520-3308,甲賀市甲南町野田,甲賀市甲南町野田５９０,５９０,,H29/04/27,,,,甲賀
理容所,散髪屋さん,520-3235,湖南市平松北三丁目,湖南市平松北三丁目５,５,,H30/01/30,,,,甲賀
理容所,カットハウス Ｙ＆Ｍ,520-3243,湖南市菩提寺北三丁目,湖南市菩提寺北三丁目２－１９,２－１９,,H30/03/02,,,,甲賀
理容所,ＭＯＪＯ ＨＡＮＤ’Ｓ ＢＡＲＢＥＲ ＳＨＯＰ,520-3311,甲賀市甲南町竜法師,甲賀市甲南町竜法師７９２,７９２,,R01/11/19,,,,甲賀
理容所,ヘアーサロン さかがみ,520-3323,甲賀市甲南町深川市場,甲賀市甲南町深川市場６２,６２,,R01/12/24,,,,甲賀
理容所,ヘアーサロン オカモト,520-3431,甲賀市甲賀町大原中,甲賀市甲賀町大原中１１１３,１１１３,,R02/01/16,,,,甲賀
理容所,結,528-0051,甲賀市水口町北内貴,甲賀市水口町北内貴５６８,５６８,,R02/06/02,,,,甲賀
理容所,理容ビッグ 甲西店,520-3252,湖南市岩根,湖南市岩根８８６－１,８８６－１,,R04/03/25,,,,甲賀
理容所,理容サービス イオンタウン湖南店,520-3252,湖南市岩根,湖南市岩根４５８０,４５８０,株式会社ＷＡＫＡＭＡＴＳ Ｕ,R04/09/30,,,,甲賀
理容所,ピノキオ,520-3104,湖南市岡出二丁目,湖南市岡出二丁目２－１,２－１,,R04/10/28,,,,甲賀
理容所,ヘアーサロン モリチ,528-0056,甲賀市水口町泉,甲賀市水口町泉１５－４０,１５－４０,,R05/02/17,,,,甲賀
理容所,Ａｚｕ（あず）,521-1212,東近江市種町,東近江市種町１６８０－４６,１６８０－４６,,H18/02/14,,,,東近江
理容所,ＢＡＲ ＢＡＲ 髪道楽,527-0023,東近江市八日市緑町,東近江市八日市緑町１４－４,１４－４,,H06/11/28,,,,東近江
理容所,ＢＡＲＢＥＲ ＳＨＯＰ Ｋ,527-0018,東近江市八日市清水一 丁目,東近江市八日市清水一 丁目９－７,９－７,,S60/10/01,,,,東近江
理容所,ＢａｒＢｅｒ ツツミ,527-0006,東近江市建部日吉町,東近江市建部日吉町３４１,３４１,,S52/02/10,,,,東近江
理容所,ＢＳＴ（ビースト）,529-1658,蒲生郡日野町中山,蒲生郡日野町中山６２６－１２,６２６－１２,,H11/10/07,,,,東近江
理容所,ＣＵＲＡＲＥ さわむら,527-0105,東近江市中里町,東近江市中里町６１６,６１６,,H18/01/31,,,,東近江
理容所,ＣＵＴ ＳＨＯＰ Ｋ’Ｚ,521-1222,東近江市佐野町,東近江市佐野町７９２,７９２,,H07/02/25,,,,東近江
理容所,Ｈａｉｒ ｃａｔｃｈ ｃｏｎａｎ（天 下）,521-1311,近江八幡市安土町下豊 浦,近江八幡市安土町下豊 浦３１０２－１,３１０２－１,,H14/04/08,,,,東近江
理容所,Ｈａｉｒ Ｗａｌｋ,527-0011,東近江市八日市浜野町,東近江市八日市浜野町９－１８,９－１８,,H17/01/31,,,,東近江
理容所,ＨＡＩＲ ＷＡＬＫ －２００８－,527-0006,東近江市建部日吉町,東近江市建部日吉町４６４－７,４６４－７,,H20/02/01,,,,東近江
理容所,ＨＥＡＲＴＹ ＨＡＩＲ ＨＥＡＶＥＮ,527-0022,東近江市八日市上之町,東近江市八日市上之町２－７ ウイング八日市１０ ４,２－７ ウイング八日市１０ ４,,H14/07/10,,,,東近江
理容所,Ｋ’ｓ ＩＫＥＤＡ ＨＡＩＲ ＳＡＬ ＯＮ,520-2564,蒲生郡竜王町山面,蒲生郡竜王町山面３５－１６７,３５－１６７,,S60/08/20,,,,東近江
理容所,ＭＥＮ’Ｓ ＣＬＵＢ ＨＡＳＨＩＮＯ,529-1551,東近江市宮川町,東近江市宮川町６８８－１２６,６８８－１２６,,H04/12/17,,,,東近江
理容所,ＳＡＬＯＮ ＤＥ ＣＯＩＦＦＥＵＲ Ｌｅ Ｃｏｕｒｓ,523-0875,近江八幡市小幡町上,近江八幡市小幡町上３８,３８,,H07/10/04,,,,東近江
理容所,ＳＡＬＯＮ ＤＥ ＣＯＩＦＦＵＲ Ｃ ＨＡＲＭＡＮＴ ＴＡＫＥＭＵＲＡ,529-1628,蒲生郡日野町西大路,蒲生郡日野町西大路２１６２,２１６２,,H13/07/16,,,,東近江
理容所,ＳＡＮＰＡＴＵ ひらい,527-0071,東近江市今堀町,東近江市今堀町７９７－８,７９７－８,,S49/11/20,,,,東近江
理容所,Ｓｔｙｌｉｎｇ ｓｐａｃｅＺＡＫＵ,529-1601,蒲生郡日野町松尾,蒲生郡日野町松尾１２００グランドールソシア,１２００グランドールソシア,,H08/05/23,,,,東近江
理容所,ＳＵＰＥＲ ＨＡＩＲ まほうの手,523-0816,近江八幡市西庄町,近江八幡市西庄町１２５－２,１２５－２,,H09/06/01,,,,東近江
理容所,アイ理容,523-0055,近江八幡市柳町一丁目,近江八幡市柳町一丁目５８４―１４,５８４―１４,,S48/06/28,,,,東近江
理容所,エイ理容所,527-0012,東近江市八日市本町,東近江市八日市本町８－１７,８－１７,,S37/11/18,,,,東近江
理容所,オオクボ理容所,529-1647,蒲生郡日野町別所,蒲生郡日野町別所１２,１２,,S51/06/14,,,,東近江
理容所,オンジョウ理容所,529-1644,蒲生郡日野町内池,蒲生郡日野町内池８１９,８１９,,S61/12/02,,,,東近江
理容所,かすが理容,527-0161,東近江市中戸町,東近江市中戸町３５９,３５９,,S39/11/08,,,,東近江
理容所,カットサロン ウエノ,527-0047,東近江市野村町,東近江市野村町５１１－５,５１１－５,,S61/04/26,,,,東近江
理容所,カットサロン チョキちゃん,523-0082,近江八幡市土田町,近江八幡市土田町１３７９番地 近江八幡医療 センター ４階,１３７９番地 近江八幡医療 センター ４階,,H18/09/28,,,,東近江
理容所,カットサロン ヒロ,527-0033,東近江市東沖野五丁目,東近江市東沖野五丁目２８－１５,２８－１５,,H13/06/18,,,,東近江
理容所,カットサロン ヤマナカ,520-2552,蒲生郡竜王町小口,蒲生郡竜王町小口１６１－２,１６１－２,,S61/09/30,,,,東近江
理容所,Ｈａｉｒ ＢＡＧＵＳ,522-0043,彦根市小泉町,彦根市小泉町１０３９－１６,１０３９－１６,株式会社Ｂａｇｕｒａｔｏ ｒｙ,H20/11/04,,,,彦根
理容所,Ｈａｉｒ Ｒｅｎａｉｓｓａｎｃｅ モ モ,522-0047,彦根市日夏町,彦根市日夏町７１３－１９,７１３－１９,,H28/08/10,,,,彦根
理容所,Ｈａｉｒ＆Ｆａｃｅ ＮＡＴＵＲＡＬ,522-0026,彦根市大堀町,彦根市大堀町９４７－８,９４７－８,,H11/10/14,,,,彦根
理容所,ｄｒｅｓｓ ｈａｉｒ,522-0222,彦根市南川瀬町,彦根市南川瀬町１６５１－５,１６５１－５,,H15/09/03,,,,彦根
理容所,ｉ－ｈｏｐｅ．．,529-1311,愛知郡愛荘町石橋,愛知郡愛荘町石橋６４８,６４８,,H28/04/21,,,,彦根
理容所,Ｍｅｎ’ｓ Ｈａｉｒ ＳＴＥＭ,522-0042,彦根市戸賀町,彦根市戸賀町９５－１７,９５－１７,,H11/04/06,,,,彦根
理容所,ｎａｔｕｒａｌ ｈａｉｒ ｆｅｅｌ,522-0051,彦根市中藪町,彦根市中藪町６３１－２,６３１－２,,H12/06/28,,,,彦根
理容所,ｗｉｔｈ ａ ｓｍｉｌｅ Ｈａｉｒ Ｐａｒｋ Ｓｉｏｎ,521-1147,彦根市薩摩町,彦根市薩摩町１２２９－１,１２２９－１,,H15/04/25,,,,彦根
理容所,アウラ,521-1123,彦根市肥田町,彦根市肥田町１００８,１００８,,H18/10/10,,,,彦根
理容所,アトリエ ぷち,522-0066,彦根市栄町一丁目,彦根市栄町一丁目１２－２,１２－２,,H16/08/13,,,,彦根
理容所,おしゃれサロン ツジ,529-1166,犬上郡豊郷町上枝,犬上郡豊郷町上枝３３９,３３９,有限会社 ツジ,H08/09/30,,,,彦根
理容所,カット＆パーマ サロンプラザ,522-0038,彦根市西沼波町,彦根市西沼波町１２８－１,１２８－１,,S58/11/12,,,,彦根
理容所,カットサロン ダラス,529-1167,犬上郡豊郷町杉,犬上郡豊郷町杉２１５－５,２１５－５,,H07/08/17,,,,彦根
理容所,カットステージ Ｂｅ・シュアー,521-1125,彦根市稲枝町,彦根市稲枝町２９２,２９２,,H08/09/30,,,,彦根
理容所,かっとすぺーす 山本,521-1103,彦根市上岡部町,彦根市上岡部町４８３－３,４８３－３,,H13/07/04,,,,彦根
理容所,カットハウス リヴィット,521-1124,彦根市野良田町,彦根市野良田町１７６－１,１７６－１,,H02/12/12,,,,彦根
理容所,カットハウス 髪屋,522-0074,彦根市大東町,彦根市大東町１３－１０泉ビル１Ｆ,１３－１０泉ビル１Ｆ,,H07/11/08,,,,彦根
理容所,カットハウス宇野,529-1206,愛知郡愛荘町蚊野,愛知郡愛荘町蚊野２９４７－３,２９４７－３,,H09/04/14,,,,彦根
理容所,クリニック ヘアーサロン シゲ,522-0027,彦根市東沼波町,彦根市東沼波町７８３－３,７８３－３,,H03/06/03,,,,彦根
理容所,デジ理容店,521-1125,彦根市稲枝町,彦根市稲枝町３２１,３２１,,S43/05/01,,,,彦根
理容所,ノア理容,522-0081,彦根市京町三丁目,彦根市京町三丁目２－２３,２－２３,,H03/02/22,,,,彦根
理容所,バーバー ワタナベ,522-0053,彦根市大藪町,彦根市大藪町２４５８－１,２４５８－１,,H09/11/11,,,,彦根
理容所,ひかり理容院,522-0263,犬上郡甲良町法養寺,犬上郡甲良町法養寺１８５－１１４,１８５－１１４,,S61/08/26,,,,彦根
理容所,プラージュ 彦根理容,522-0073,彦根市旭町,彦根市旭町９－１,９－１,阪南理美容株式会社,H05/11/26,,,,彦根
理容所,ヘアー・カット・コダマ,522-0201,彦根市高宮町,彦根市高宮町２１３２－１９,２１３２－１９,,H20/03/24,,,,彦根
理容所,ヘアーオアシス アルル,529-1331,愛知郡愛荘町愛知川,愛知郡愛荘町愛知川１６１９－３,１６１９－３,,H17/10/18,,,,彦根
理容所,ヘアーカットサロン ヤスダ,529-1174,犬上郡豊郷町下枝,犬上郡豊郷町下枝６３－１,６３－１,,H02/03/06,,,,彦根
理容所,ヘアーサロン ・ ツダ,522-0047,彦根市日夏町,彦根市日夏町２６１９,２６１９,,H15/06/05,,,,彦根
理容所,へあーさろん うの,522-0053,彦根市大藪町,彦根市大藪町２１８４,２１８４,,H01/11/02,,,,彦根
理容所,ヘアーサロン オカダ,522-0063,彦根市中央町,彦根市中央町５－２４,５－２４,,S53/05/04,,,,彦根
理容所,ヘアーサロン おがわ,522-0261,犬上郡甲良町長寺,犬上郡甲良町長寺１１００－３,１１００－３,,S57/11/13,,,,彦根
理容所,ヘアーサロン オモト,522-0053,彦根市大藪町,彦根市大藪町１８６５－２,１８６５－２,,S57/08/06,,,,彦根
理容所,ヘアーサロン カシハラ,522-0241,犬上郡甲良町呉竹,犬上郡甲良町呉竹３２５－５,３２５－５,,S62/06/08,,,,彦根
理容所,ヘアーサロン かつまさ,522-0053,彦根市大藪町,彦根市大藪町１６３－２５,１６３－２５,,S52/08/10,,,,彦根
理容所,ヘアーサロン シロー,522-0043,彦根市小泉町,彦根市小泉町３００－１９,３００－１９,,S52/08/25,,,,彦根
理容所,ヘアーサロン センダ,522-0002,彦根市松原一丁目,彦根市松原一丁目２－１１,２－１１,,H10/03/04,,,,彦根
理容所,ヘアーサロン タカダ,521-1102,彦根市下岡部町,彦根市下岡部町山ノ脇７２－４,山ノ脇７２－４,,S52/10/11,,,,彦根
理容所,ヘアーサロン テライ,522-0066,彦根市栄町二丁目,彦根市栄町二丁目１－３７,１－３７,,H05/09/07,,,,彦根
理容所,ヘアーサロン フジツカ,522-0088,彦根市銀座町,彦根市銀座町２－３１,２－３１,,S49/06/20,,,,彦根
理容所,ヘアーサロン フタムラ,522-0002,彦根市松原町,彦根市松原町千原１７５９,千原１７５９,,S53/04/26,,,,彦根
理容所,ヘアーサロン モリ,522-0057,彦根市八坂町,彦根市八坂町１３３７,１３３７,,S41/12/05,,,,彦根
理容所,ヘアーサロン ローズ,522-0223,彦根市川瀬馬場町,彦根市川瀬馬場町８８３－２,８８３－２,,H16/02/01,,,,彦根
理容所,ヘアーサロン 光,522-0041,彦根市平田町,彦根市平田町６７３－１第３那須ビル,６７３－１第３那須ビル,,H01/06/17,,,,彦根
理容所,ヘアーサロン 八重子,522-0023,彦根市原町,彦根市原町８０８－２５,８０８－２５,,H06/02/21,,,,彦根
理容所,ヘアーサロン・マメヒコ,522-0201,彦根市高宮町,彦根市高宮町１９８３,１９８３,,H09/09/29,,,,彦根
理容所,ヘアーサロン・ラブ,522-0041,彦根市平田町,彦根市平田町８０５,８０５,有限会社ラブ,H07/03/09,,,,彦根
理容所,ヘアーサロン タカハシ,522-0342,犬上郡多賀町敏満寺,犬上郡多賀町敏満寺１３０５,１３０５,,H12/02/04,,,,彦根
理容所,Ｍｅｎ’ｓ Ｇｒｏｏｍｉｎｇ Ｂａｒ Ｂｅｒ Ｓａｌｏｎ ＧＥＮＴ’Ｓ,529-1321,愛知郡愛荘町豊満,愛知郡愛荘町豊満４８８－４,４８８－４,,H12/04/19,,,,彦根
理容所,ヘアサロン 西居,522-0087,彦根市芹橋二丁目,彦根市芹橋二丁目４－４,４－４,,H05/12/06,,,,彦根
理容所,ヘアーサロン山田,522-0261,犬上郡甲良町長寺,犬上郡甲良町長寺５４６,５４６,,H12/03/06,,,,彦根
理容所,まさき理容,522-0084,彦根市橋向町,彦根市橋向町２４,２４,,S55/04/24,,,,彦根
理容所,ミムラ理容室,522-0025,彦根市野田山町,彦根市野田山町１０６４－２０,１０６４－２０,,S61/04/29,,,,彦根
理容所,メンズヘアー フジツカ,522-0089,彦根市錦町,彦根市錦町５－２２,５－２２,,S41/03/10,,,,彦根
理容所,やすらぎ髪細工 Ｗａ,522-0054,彦根市西今町,彦根市西今町９２２－１０,９２２－１０,,H17/10/05,,,,彦根
理容所,ラルジュ 彦根市立病院店,522-0057,彦根市八坂町,彦根市八坂町１８８２ 彦根市立病院内 地下１階,１８８２ 彦根市立病院内 地下１階,株式会社フィール,H19/03/08,,,,彦根
理容所,ＭＥＮ'Ｓ ＢＥＡＵＴＹ ＲＥＤ ＣＯ ＯＬ,522-0074,彦根市大東町,彦根市大東町２－３３,２－３３,ｒｙｕ－ｚｕ株式会社,H06/06/27,,,,彦根
理容所,宇水理髪館,522-0083,彦根市河原三丁目,彦根市河原三丁目２－２３,２－２３,,S55/02/27,,,,彦根
理容所,芹橋理容,522-0084,彦根市橋向町,彦根市橋向町４７,４７,,S20/05/06,,,,彦根
理容所,近江鉄道グループ弥栄会,522-0074,彦根市大東町,彦根市大東町４－１７,４－１７,近江鉄道グループ弥栄会,S55/09/23,,,,彦根
理容所,元持理容店,522-0066,彦根市栄町一丁目,彦根市栄町一丁目５－２３,５－２３,,S48/11/01,,,,彦根
理容所,広瀬理容所,529-1315,愛知郡愛荘町沓掛,愛知郡愛荘町沓掛５７０,５７０,,S12/10/01,,,,彦根
理容所,山崎理容所,522-0261,犬上郡甲良町長寺,犬上郡甲良町長寺西３７４,西３７４,,S41/04/05,,,,彦根
理容所,山本理容店,522-0088,彦根市銀座町,彦根市銀座町７－１０,７－１０,,H07/03/28,,,,彦根
理容所,小杉理容,522-0064,彦根市本町一丁目,彦根市本町一丁目７－３８,７－３８,,H04/12/07,,,,彦根
理容所,針崎理容,522-0064,彦根市本町二丁目,彦根市本町二丁目１－２７,１－２７,,S45/02/04,,,,彦根
理容所,仁保理容院,522-0031,彦根市芹中町,彦根市芹中町５２,５２,,S44/05/27,,,,彦根
理容所,西川理容院,522-0261,犬上郡甲良町長寺,犬上郡甲良町長寺西４００,西４００,,S37/07/10,,,,彦根
理容所,西澤理容所,529-1322,愛知郡愛荘町平居,愛知郡愛荘町平居２８６,２８６,,S62/02/03,,,,彦根
理容所,多美理容室,522-0201,彦根市高宮町,彦根市高宮町８５８,８５８,,S38/11/18,,,,彦根
理容所,茶木理容所,529-1172,犬上郡豊郷町安食南,犬上郡豊郷町安食南２５４－１,２５４－１,,S55/09/17,,,,彦根
理容所,中島理容所,522-0083,彦根市河原三丁目,彦根市河原三丁目４－２８,４－２８,,S60/03/28,,,,彦根
理容所,堤 ＢＡＲ ＢＡＲ,529-1206,愛知郡愛荘町蚊野,愛知郡愛荘町蚊野１５７１,１５７１,,H02/12/18,,,,彦根
理容所,田中理容所,529-1235,愛知郡愛荘町目加田,愛知郡愛荘町目加田２００２－１,２００２－１,,S07/05/01,,,,彦根
理容所,田中理容所,522-0063,彦根市中央町,彦根市中央町６－２５,６－２５,,S55/10/21,,,,彦根
理容所,白木理容所,522-0029,彦根市地蔵町,彦根市地蔵町５１９,５１９,,S50/06/02,,,,彦根
理容所,髪ｉｎｇ ＢＥＬＩＥＶＥ,522-0054,彦根市西今町,彦根市西今町４０５－４,４０５－４,,H05/03/10,,,,彦根
理容所,髪工房 ＴＡＫＡＨＡＳＨＩ,522-0341,犬上郡多賀町多賀,犬上郡多賀町多賀３３０－１,３３０－１,,H10/09/04,,,,彦根
理容所,髪細工 サロン・ド・Ｋ,522-0081,彦根市京町三丁目,彦根市京町三丁目７－４０,７－４０,,S58/12/01,,,,彦根
理容所,福本理容店,522-0009,彦根市外町,彦根市外町１８４,１８４,,S38/03/20,,,,彦根
理容所,平塚理容店,522-0333,犬上郡多賀町萱原,犬上郡多賀町萱原１２８３,１２８３,,S47/08/08,,,,彦根
理容所,北川理髪店,522-0222,彦根市南川瀬町,彦根市南川瀬町８１０,８１０,,H17/10/11,,,,彦根
理容所,北川理容所,529-1162,犬上郡豊郷町八町,犬上郡豊郷町八町９４５,９４５,,S39/12/19,,,,彦根
理容所,理髪屋 Ｒａ・Ｃｏｏｎ,522-0047,彦根市日夏町,彦根市日夏町１１２－６,１１２－６,,H16/08/05,,,,彦根
理容所,理容 ＮＩＳＨＩＭＵＲＡ,522-0056,彦根市開出今町,彦根市開出今町１２９,１２９,,H18/04/24,,,,彦根
理容所,理容 いのうえ,522-0324,犬上郡多賀町川相,犬上郡多賀町川相６０３－５,６０３－５,,S48/06/25,,,,彦根
理容所,理容 うえの,522-0254,犬上郡甲良町池寺,犬上郡甲良町池寺６４２,６４２,,H13/09/25,,,,彦根
理容所,理容 おがわ,529-1223,愛知郡愛荘町島川,愛知郡愛荘町島川６６８,６６８,,H07/03/01,,,,彦根
理容所,理容 オックス,522-0201,彦根市高宮町,彦根市高宮町２９２６,２９２６,,S49/08/17,,,,彦根
理容所,理容 くら,522-0047,彦根市日夏町,彦根市日夏町３８７１,３８７１,,H16/03/29,,,,彦根
理容所,理容 コンドー,522-0063,彦根市中央町,彦根市中央町５－５,５－５,,S49/09/20,,,,彦根
理容所,理容 シミズ,522-0069,彦根市馬場二丁目,彦根市馬場二丁目３－３２,３－３２,,H09/10/14,,,,彦根
理容所,理容 たつみ,522-0041,彦根市平田町,彦根市平田町９２０,９２０,,S55/01/07,,,,彦根
理容所,理容 たなか,522-0201,彦根市高宮町,彦根市高宮町１４４１－２０,１４４１－２０,,S50/06/30,,,,彦根
理容所,理容 トム,522-0022,彦根市里根町,彦根市里根町２０７－１,２０７－１,,H05/02/22,,,,彦根
理容所,理容 ひきた,522-0263,犬上郡甲良町法養寺,犬上郡甲良町法養寺２３－１,２３－１,,S59/03/20,,,,彦根
理容所,理容 ヒロシ,521-1123,彦根市肥田町,彦根市肥田町９７２－５,９７２－５,,S54/05/22,,,,彦根
理容所,Ｈａｉｒ Ｐｌａｃｅ Ｆｕｊｉｎｏ,521-1123,彦根市肥田町,彦根市肥田町２８２,２８２,,S56/07/21,,,,彦根
理容所,理容 ホルン,522-0086,彦根市後三条町,彦根市後三条町３６５－７,３６５－７,,S47/12/15,,,,彦根
理容所,理容 やまだ,529-1325,愛知郡愛荘町東円堂,愛知郡愛荘町東円堂１４３７,１４３７,,H16/03/23,,,,彦根
理容所,理容 やまぢ,522-0041,彦根市平田町,彦根市平田町２０９－４,２０９－４,,H07/02/27,,,,彦根
理容所,理容 安澤,522-0271,犬上郡甲良町下之郷,犬上郡甲良町下之郷１５５０－１,１５５０－１,,H10/03/19,,,,彦根
理容所,理容 山田,521-1101,彦根市石寺町,彦根市石寺町１３３１,１３３１,,S45/11/04,,,,彦根
理容所,理容 松田,522-0072,彦根市船町,彦根市船町１－１７,１－１７,,S56/12/14,,,,彦根
理容所,理容ＭＡＲＵＹＡＭＡ,522-0021,彦根市幸町,彦根市幸町１５－１,１５－１,,H12/11/02,,,,彦根
理容所,理容サミット 南彦根店,522-0201,彦根市高宮町,彦根市高宮町１５５１－４,１５５１－４,,H13/04/25,,,,彦根
理容所,理容にしかわ,529-1224,愛知郡愛荘町長塚,愛知郡愛荘町長塚１９４－１,１９４－１,,S30/03/25,,,,彦根
理容所,理容ハネダ,529-1314,愛知郡愛荘町中宿,愛知郡愛荘町中宿１０４－１,１０４－１,,H06/01/17,,,,彦根
理容所,理容木村,522-0201,彦根市高宮町,彦根市高宮町２２８４,２２８４,,S50/04/28,,,,彦根
理容所,和田理容店,522-0201,彦根市高宮町,彦根市高宮町２２３７－１,２２３７－１,,H13/02/09,,,,彦根
理容所,脇坂理容所,522-0068,彦根市城町一丁目,彦根市城町一丁目７－３３,７－３３,,S41/05/23,,,,彦根
理容所,脇坂理容店,522-0004,彦根市鳥居本町,彦根市鳥居本町１８４５,１８４５,,H14/04/02,,,,彦根
理容所,ＮＯＶＩＴＡカット,522-0052,彦根市長曽根南町,彦根市長曽根南町５５０－３,５５０－３,,H21/09/01,,,,彦根
理容所,ｎｅａｒ,522-0007,彦根市古沢町,彦根市古沢町彦根駅土地区画整理１２街区 ７,彦根駅土地区画整理１２街区 ７,,H22/05/13,,,,彦根
理容所,バーバー・モダンタイムス,522-0041,彦根市平田町,彦根市平田町７０７－２,７０７－２,,H22/05/28,,,,彦根
理容所,ヘアーサロン プリンス,529-1233,愛知郡愛荘町東出,愛知郡愛荘町東出４０２－２,４０２－２,,H23/02/09,,,,彦根
理容所,しが理容 ベルロード店,522-0053,彦根市大藪町,彦根市大藪町２１－２２,２１－２２,港屋ハウジング株式会社,H23/04/26,,,,彦根
理容所,しが理容 日夏店,522-0047,彦根市日夏町,彦根市日夏町１７１１－２６,１７１１－２６,港屋ハウジング株式会社,H23/04/27,,,,彦根
理容所,１１４０ ＨＡＩＲ,522-0055,彦根市野瀬町,彦根市野瀬町５１－３,５１－３,,H23/07/08,,,,彦根
理容所,理容ＡＢＣ６,522-0047,彦根市日夏町,彦根市日夏町８１０－２６,８１０－２６,,H23/12/02,,,,彦根
理容所,ハンズ,522-0047,彦根市日夏町,彦根市日夏町２６８６－４,２６８６－４,,H23/12/01,,,,彦根
理容所,春 うらら,522-0244,犬上郡甲良町在士,犬上郡甲良町在士６０２－４,６０２－４,,H24/03/13,,,,彦根
理容所,Ａ’ｓ １０３,522-0241,犬上郡甲良町呉竹,犬上郡甲良町呉竹３４７,３４７,,H24/10/16,,,,彦根
理容所,ＧＲＡＮＤＩＲ,522-0041,彦根市平田町,彦根市平田町１３６－５,１３６－５,エイチ・アイ株式会社,H24/10/19,,,,彦根
理容所,ヘアーサロン Ｈａｉｒ’ｓ ＫＩＤ キッド,529-1325,愛知郡愛荘町東円堂,愛知郡愛荘町東円堂１０７５－１,１０７５－１,,H25/06/24,,,,彦根
理容所,ＡＲＲＯＷＳ,522-0023,彦根市原町,彦根市原町８０２－１４,８０２－１４,,H25/08/19,,,,彦根
理容所,ｅｓ ｈａｉｒ ｄｅｓｉｇｎ,529-1313,愛知郡愛荘町市,愛知郡愛荘町市６９７－２２,６９７－２２,,H26/01/15,,,,彦根
理容所,理容カットエー,522-0027,彦根市東沼波町,彦根市東沼波町１３３－２,１３３－２,株式会社カットツイン,H26/03/20,,,,彦根
理容所,理容サミット 彦根店,522-0009,彦根市外町,彦根市外町１４０－５ エースシティー,１４０－５ エースシティー,有限会社理容サミット,H26/09/24,,,,彦根
理容所,Ｃｕｔ Ｈａｌｌジュネス愛知店,529-1325,愛知郡愛荘町東円堂,愛知郡愛荘町東円堂２５１１－１６,２５１１－１６,株式会社武真アビリティ,H27/10/29,,,,彦根
理容所,カットコムズ彦根,522-0044,彦根市竹ケ鼻町,彦根市竹ケ鼻町４３－２ビバシティ彦根店内 １Ｆ,４３－２ビバシティ彦根店内 １Ｆ,,H28/03/22,,,,彦根
理容所,アートネイチャー彦根店（理容）,522-0074,彦根市大東町,彦根市大東町５－１２ ＵＫＡＩビル３階,５－１２ ＵＫＡＩビル３階,株式会社アートネイチャー,H29/01/24,,,,彦根
理容所,カットコムズ ザ・ビッグ豊郷店,529-1173,犬上郡豊郷町高野瀬,犬上郡豊郷町高野瀬１９７－１ ザ・ビッグ豊郷 店内,１９７－１ ザ・ビッグ豊郷 店内,,H29/03/01,,,,彦根
理容所,Ｒｉｒａｋｕ,522-0054,彦根市西今町,彦根市西今町３８４－１,３８４－１,,H29/12/05,,,,彦根
理容所,ヘアーサロン タナカ,521-1133,彦根市本庄町,彦根市本庄町２４２２－２,２４２２－２,,H31/02/20,,,,彦根
理容所,平塚理容,522-0025,彦根市野田山町,彦根市野田山町７０７－５,７０７－５,,H31/04/03,,,,彦根
理容所,ｔｏｉ,522-0054,彦根市西今町,彦根市西今町８７６－２,８７６－２,,R01/11/01,,,,彦根
理容所,ＢＥＥＴ ＨＡＩＲ イオンタウン彦根 店,522-0007,彦根市古沢町,彦根市古沢町２５５－１ イオンタウン彦 根１Ｆ,２５５－１ イオンタウン彦 根１Ｆ,株式会社Ｌ＆Ｂホールディ ングス,R02/09/01,,,,彦根
理容所,絵歩越楠,529-1176,犬上郡豊郷町大町,犬上郡豊郷町大町３０１０－１,３０１０－１,,R02/11/24,,,,彦根
理容所,ＨＡＩＲ Ｇｒａｚｉｅ,522-0057,彦根市八坂町,彦根市八坂町３１１１－１,３１１１－１,,R02/11/26,,,,彦根
理容所,チヤキ理容,522-0213,彦根市西葛籠町,彦根市西葛籠町４７０－１,４７０－１,,R02/11/27,,,,彦根
理容所,ＣＵＴ・ＭＫ,522-0054,彦根市西今町,彦根市西今町８５０－５７ 尾本ハイツ１ ０１,８５０－５７ 尾本ハイツ１ ０１,,R03/03/11,,,,彦根
理容所,理容プラーナ 彦根ベルロード店,522-0052,彦根市長曽根南町,彦根市長曽根南町４４８－７,４４８－７,株式会社ハマ,R03/12/10,,,,彦根
理容所,ｃｕｔ ｏｎｌｙ ｉｎｏ,522-0081,彦根市京町三丁目,彦根市京町三丁目４－４８,４－４８,,R06/03/12,,,,彦根
理容所,ＢＡＲＢＥＲ ＲＩＶＥＲ,526-0823,長浜市常喜町,長浜市常喜町５４８－１,５４８－１,,H17/05/17,,,,長浜
理容所,ＢＡＲＢＥＲ ツジ,521-0022,米原市樋口,米原市樋口４５１,４５１,,H13/06/08,,,,長浜
理容所,ＣＵＴ－ＩＮ ＨＡＬ,529-0412,長浜市木之本町石道,長浜市木之本町石道７２２－２,７２２－２,,S60/06/18,,,,長浜
理容所,Ｈａｉｒ Ｆａｃｔｏｒｙ ｈｄ’ｓ,521-0072,米原市顔戸,米原市顔戸６２７－１,６２７－１,,H15/03/17,,,,長浜
理容所,Ｈａｉｒ Ｏａｋ,521-0202,米原市柏原,米原市柏原９０９,９０９,,H10/11/25,,,,長浜
理容所,ＨＡＩＲ ＰＲＯＤＵＣＥ ＡＲＴ,529-0426,長浜市木之本町黒田,長浜市木之本町黒田９７１,９７１,,H13/01/05,,,,長浜
理容所,ＨＡＩＲ’Ｓ ＣＬＵＢ Ｅ’（イー ダッシュ）,529-0431,長浜市木之本町大音,長浜市木之本町大音１７５－６,１７５－６,,H13/06/12,,,,長浜
理容所,ＨＡＩＲＳＡＬＯＮＫＡＷＡＢＥ,521-0014,米原市梅ケ原栄,米原市梅ケ原栄４２,４２,,H09/03/13,,,,長浜
理容所,ＭＥＮ’Ｓ ＳＴＵＤＩＯＰＯＳＨ,521-0242,米原市長岡,米原市長岡９７４－１,９７４－１,,H08/04/11,,,,長浜
理容所,Ｓａｌｏｎ ｄｅ ＳＯＲＡ,526-0834,長浜市大辰巳町,長浜市大辰巳町２２５－６,２２５－６,,H18/12/12,,,,長浜
理容所,ＳｈｉｍｉＺＺ,529-0241,長浜市高月町高月,長浜市高月町高月１７－２,１７－２,,H19/10/05,,,,長浜
理容所,Ｔｒｅａｓｕｒｅ,526-0817,長浜市七条町,長浜市七条町４９,４９,,H19/12/19,,,,長浜
理容所,ＴＵ ＤＯ ｈａｉｒ ｍａｋｅ,526-0056,長浜市朝日町,長浜市朝日町５－３,５－３,,H13/11/09,,,,長浜
理容所,Ｗｉｓｈ ｈａｉｒ,526-0021,長浜市八幡中山町,長浜市八幡中山町５１４－６,５１４－６,,H15/11/07,,,,長浜
理容所,アオキ理容,526-0059,長浜市元浜町,長浜市元浜町１８－５,１８－５,,S57/11/30,,,,長浜
理容所,アサヒ理容所,526-0033,長浜市平方町,長浜市平方町８８１－１,８８１－１,,S44/11/06,,,,長浜
理容所,オリオン理容所,526-0024,長浜市三ツ矢元町,長浜市三ツ矢元町１１－２１,１１－２１,,S33/12/01,,,,長浜
理容所,かをり理容,529-0701,長浜市西浅井町塩津浜,長浜市西浅井町塩津浜８５８,８５８,,S34/02/13,,,,長浜
理容所,かけい理容室,529-0341,長浜市湖北町速水,長浜市湖北町速水１２５５－２,１２５５－２,,S60/04/05,,,,長浜
理容所,カツト 杉中,526-0126,長浜市安養寺町,長浜市安養寺町３５０,３５０,,S53/04/19,,,,長浜
理容所,カットイン ありかわ,526-0033,長浜市平方町,長浜市平方町１１３１－６,１１３１－６,,S56/10/29,,,,長浜
理容所,カットスタジオ きたやま,529-0223,長浜市高月町馬上,長浜市高月町馬上１２８８－３,１２８８－３,,S63/09/09,,,,長浜
理容所,カットハウス ＫＩＴＡＭＵＲＡ,526-0043,長浜市大戌亥町,長浜市大戌亥町７９０－１９,７９０－１９,,S63/12/09,,,,長浜
理容所,カットハウス すずらん,521-0214,米原市大鹿,米原市大鹿６９－５,６９－５,,S52/12/26,,,,長浜
理容所,カットハウス ノバ,526-0032,長浜市南高田町,長浜市南高田町１２６,１２６,,S58/12/03,,,,長浜
理容所,カットハウス ひかり,521-0012,米原市米原,米原市米原１１８４,１１８４,,H20/01/22,,,,長浜
理容所,カットハウス フジタ,529-0231,長浜市高月町森本,長浜市高月町森本２５４－８,２５４－８,,S58/03/31,,,,長浜
理容所,カツトハウス ヤマモト,529-0354,長浜市湖北町山本,長浜市湖北町山本１３２３－２,１３２３－２,,S59/11/19,,,,長浜
理容所,カットハウス 田中,529-0521,長浜市余呉町下余呉,長浜市余呉町下余呉１０７２,１０７２,,S61/03/25,,,,長浜
理容所,くもでのとこや,526-0014,長浜市口分田町,長浜市口分田町９８０,９８０,,H05/12/22,,,,長浜
理容所,クリハラ理容店,526-0263,長浜市小室町,長浜市小室町３６７,３６７,,S51/10/12,,,,長浜
理容所,クレールバーンたちばな,526-0021,長浜市八幡中山町,長浜市八幡中山町４８３,４８３,,H11/11/18,,,,長浜
理容所,サロンド カヨ,526-0015,長浜市神照町,長浜市神照町６８３－８,６８３－８,,S61/02/24,,,,長浜
理容所,サン理容,529-0201,長浜市高月町横山,長浜市高月町横山５－７ ファストビル１階２ 号,５－７ ファストビル１階２ 号,,H15/07/31,,,,長浜
理容所,スズラン理容,521-0023,米原市三吉,米原市三吉１０４７,１０４７,,S46/08/03,,,,長浜
理容所,ｒｅｉｆ ＴＫＤ,526-0058,長浜市南呉服町,長浜市南呉服町１１－２１,１１－２１,,H06/12/02,,,,長浜
理容所,たにむら理容店,521-0062,米原市宇賀野,米原市宇賀野９２０,９２０,,H06/01/12,,,,長浜
理容所,デラックス ヨシダ,529-0414,長浜市木之本町川合,長浜市木之本町川合３９０,３９０,,S60/04/03,,,,長浜
理容所,ノセ理髪店,521-0202,米原市柏原,米原市柏原８５３,８５３,,S43/08/12,,,,長浜
理容所,バーバー かつら,521-0016,米原市下多良,米原市下多良一丁目１５４－２,一丁目１５４－２,,S56/08/07,,,,長浜
理容所,バーバー タニグチ,526-0841,長浜市新栄町,長浜市新栄町６０２－２,６０２－２,,S48/08/03,,,,長浜
理容所,はさみ小僧,529-0241,長浜市高月町高月,長浜市高月町高月９５７－１,９５７－１,,H13/04/24,,,,長浜
理容所,ひとつや理容,529-0141,長浜市五村,長浜市五村３０８－４,３０８－４,,S44/07/05,,,,長浜
理容所,ビューティ・ソシアル たちばな,526-0053,長浜市宮前町,長浜市宮前町１５－１,１５－１,,H19/12/12,,,,長浜
理容所,ファンシーヘア ハンズ,526-0843,長浜市南小足町,長浜市南小足町１０－２,１０－２,,H01/06/12,,,,長浜
理容所,理容サミット長浜駅前店,526-0057,長浜市北船町,長浜市北船町３－２,３－２,,H07/11/17,,,,長浜
理容所,プライム ザ たちばな,526-0031,長浜市八幡東町,長浜市八幡東町９－１ 長浜楽市生活サービ ス館１Ｆ,９－１ 長浜楽市生活サービ ス館１Ｆ,,H13/03/09,,,,長浜
理容所,ヘアーカット尾羽梨,529-0241,長浜市高月町高月,長浜市高月町高月５５９,５５９,,H03/11/22,,,,長浜
理容所,ヘアークラブ ブーム,529-0212,長浜市高月町井口,長浜市高月町井口１３１４－３９,１３１４－３９,,H06/12/01,,,,長浜
理容所,ヘアーサロン かわさき,526-0841,長浜市新栄町,長浜市新栄町５０－５,５０－５,,S57/04/08,,,,長浜
理容所,ヘアーサロン しばた,526-0015,長浜市神照町,長浜市神照町７４５－３,７４５－３,,H02/11/07,,,,長浜
理容所,ヘアーサロン ミノウラ,526-0828,長浜市加田町,長浜市加田町２５０７－１,２５０７－１,,S62/10/27,,,,長浜
理容所,ヘアーサロン ヨコタ,526-0843,長浜市南小足町,長浜市南小足町３７５－６,３７５－６,,S55/07/29,,,,長浜
理容所,ヘアーサロン ヨシダ,521-0035,米原市醒井,米原市醒井６０４,６０４,,S53/12/08,,,,長浜
理容所,ヘアーサロン イトー,526-0033,長浜市平方町,長浜市平方町１１８８－６,１１８８－６,,S53/11/14,,,,長浜
理容所,ヘアーサロン イブキ,526-0052,長浜市神前町,長浜市神前町７－１２,７－１２,,S53/07/29,,,,長浜
理容所,ヘアーサロン きたがわ,521-0022,米原市樋口,米原市樋口４４６,４４６,,S45/05/21,,,,長浜
理容所,ヘアーサロン しみず,526-0831,長浜市宮司町,長浜市宮司町４４３,４４３,,S48/06/01,,,,長浜
理容所,ヘアーサロン タカノ,529-0133,長浜市新旭町,長浜市新旭町７６,７６,,S54/08/03,,,,長浜
理容所,ヘアーサロン つだ,529-0205,長浜市高月町唐川,長浜市高月町唐川５２７－４,５２７－４,,S59/03/30,,,,長浜
理容所,ｈａｉｒ ｓａｌｏｎ ｎａｋａｈａｓ ｈｉ × ｆｒｏｍ ａｒｔｓ,526-0024,長浜市三ツ矢元町,長浜市三ツ矢元町５－８,５－８,,S56/10/19,,,,長浜
理容所,ヘアーサロン ヒサダ,521-0242,米原市長岡,米原市長岡１２１２－３,１２１２－３,,H10/08/06,,,,長浜
理容所,ヘアーサロン ベスト,529-0721,長浜市西浅井町大浦,長浜市西浅井町大浦６９－１,６９－１,,H03/12/12,,,,長浜
理容所,ヘアーサロン ホソカワ,526-0847,長浜市山階町,長浜市山階町６４７－１,６４７－１,,S54/06/01,,,,長浜
理容所,ヘアーサロン ミヤタ,526-0062,長浜市列見町,長浜市列見町１７５－２,１７５－２,,S55/01/08,,,,長浜
理容所,ヘアーサロン ムラタ,521-0314,米原市春照,米原市春照４４６,４４６,,H03/09/11,,,,長浜
理容所,ヘアーサロン ムラヤマ,521-0083,米原市新庄,米原市新庄１１３,１１３,,H16/12/02,,,,長浜
理容所,ヘヤー オーシャン,521-0001,米原市朝妻筑摩,米原市朝妻筑摩１７７１,１７７１,,H04/11/27,,,,長浜
理容所,ヘアーサロンなかがわ,526-0021,長浜市八幡中山町,長浜市八幡中山町１５６－１５,１５６－１５,,H12/02/07,,,,長浜
理容所,ヘアーサロンまえだ＆ＳＨＥＲＰＡ,526-0023,長浜市三ツ矢町,長浜市三ツ矢町４－１６,４－１６,,H14/04/24,,,,長浜
理容所,ヘアーサロン小川,529-0354,長浜市湖北町山本,長浜市湖北町山本４５５２－２,４５５２－２,,H01/11/21,,,,長浜
理容所,ヘアーサロン北川,526-0059,長浜市元浜町,長浜市元浜町８－２７,８－２７,,H10/06/08,,,,長浜
理容所,ヘアースタジオ ふくなが,521-0243,米原市万願寺,米原市万願寺１０８－１,１０８－１,,S33/10/09,,,,長浜
理容所,ヘアースタジオ オガワ,529-0425,長浜市木之本町木之本,長浜市木之本町木之本１２９３,１２９３,,H06/09/20,,,,長浜
理容所,へあーず倶楽部 髪工房,526-0067,長浜市港町,長浜市港町４－９,４－９,,H17/03/15,,,,長浜
理容所,ヘアーブランド ニューヨーク,529-0331,長浜市湖北町八日市,長浜市湖北町八日市７５３－２,７５３－２,,S63/12/01,,,,長浜
理容所,ヘヤーサロン ヤマニ,529-0425,長浜市木之本町木之本,長浜市木之本町木之本１２７２,１２７２,,S47/09/06,,,,長浜
理容所,ホープ理容室,526-0052,長浜市神前町,長浜市神前町１０－２１,１０－２１,,S60/03/18,,,,長浜
理容所,メンズヘアーグラムス,521-0233,米原市野一色,米原市野一色４８１－１,４８１－１,,H03/09/07,,,,長浜
理容所,やまなか理容所,529-0402,長浜市木之本町杉野,長浜市木之本町杉野１１６７,１１６７,,S53/08/09,,,,長浜
理容所,ユゲ理容院,529-0275,長浜市高月町重則,長浜市高月町重則４０７,４０７,,S38/04/01,,,,長浜
理容所,ゆたか理容,526-0052,長浜市神前町,長浜市神前町４－１,４－１,,S34/03/31,,,,長浜
理容所,ヨコタ理容室,521-0063,米原市飯,米原市飯６０７,６０７,,S44/07/30,,,,長浜
理容所,加代理容院,526-0043,長浜市大戌亥町,長浜市大戌亥町３１３市立長浜病院内,３１３市立長浜病院内,,H08/05/01,,,,長浜
理容所,河原林理容店,529-0721,長浜市西浅井町大浦,長浜市西浅井町大浦８２４,８２４,,S54/02/15,,,,長浜
理容所,関理髪店,526-0108,長浜市難波町,長浜市難波町１２３,１２３,,H09/12/16,,,,長浜
理容所,岩根理容店,529-0212,長浜市高月町井口,長浜市高月町井口１１７,１１７,,H01/03/09,,,,長浜
理容所,宮川理容院,521-0202,米原市柏原,米原市柏原２１０７,２１０７,,H05/12/22,,,,長浜
理容所,宮前理容所,529-0515,長浜市余呉町中之郷,長浜市余呉町中之郷１６６９,１６６９,,S53/11/24,,,,長浜
理容所,饗場理容,526-0244,長浜市内保町,長浜市内保町１１７６－１,１１７６－１,,H06/02/01,,,,長浜
理容所,湖岸理容さの,521-0064,米原市世継,米原市世継８０８－７,８０８－７,,H12/03/01,,,,長浜
理容所,今川理容所,521-0012,米原市米原,米原市米原２８６－８,２８６－８,,H13/03/27,,,,長浜
理容所,三宅理容院,526-0111,長浜市川道町,長浜市川道町２５７１,２５７１,,S47/09/09,,,,長浜
理容所,山中理美容院,521-0231,米原市村居田,米原市村居田８５１,８５１,,S33/12/01,,,,長浜
理容所,山東理容院,521-0224,米原市夫馬,米原市夫馬７２９,７２９,,S47/04/08,,,,長浜
理容所,散髪屋ｇｒｏｗ,529-0425,長浜市木之本町木之本,長浜市木之本町木之本２７８－２,２７８－２,,H09/03/31,,,,長浜
理容所,松本理容院,529-0721,長浜市西浅井町大浦,長浜市西浅井町大浦１３６１－２,１３６１－２,,S60/10/16,,,,長浜
理容所,松本理容院,526-0814,長浜市石田町,長浜市石田町６８２,６８２,,S39/10/13,,,,長浜
理容所,上田理容館,521-0063,米原市飯,米原市飯６４８－１,６４８－１,,S39/12/10,,,,長浜
理容所,水田理容店,526-0244,長浜市内保町,長浜市内保町１３０７－１,１３０７－１,,S46/11/22,,,,長浜
理容所,西川理容,521-0314,米原市春照,米原市春照１８６０,１８６０,,S53/09/30,,,,長浜
理容所,造 ｚｏ,521-0236,米原市間田,米原市間田１４５－２,１４５－２,,H14/08/08,,,,長浜
理容所,大久保理容店,521-0307,米原市大久保,米原市大久保８４４,８４４,,S54/08/01,,,,長浜
理容所,池田理髪店,529-0721,長浜市西浅井町大浦,長浜市西浅井町大浦２１０－１,２１０－１,,H05/10/26,,,,長浜
理容所,池田理容,521-0232,米原市坂口,米原市坂口１０６,１０６,,S34/03/07,,,,長浜
理容所,中西理容店,521-0012,米原市米原,米原市米原５６７,５６７,,S45/01/20,,,,長浜
理容所,中川理髪店,521-0241,米原市西山,米原市西山１９７－１,１９７－１,,S57/11/09,,,,長浜
理容所,中川理容所,529-0144,長浜市大寺町,長浜市大寺町１０６０,１０６０,,S57/12/08,,,,長浜
理容所,中嶌理容所,529-0112,長浜市宮部町,長浜市宮部町１６６７,１６６７,,S44/12/15,,,,長浜
理容所,長谷理容館,529-0426,長浜市木之本町黒田,長浜市木之本町黒田７０６,７０６,,S34/07/08,,,,長浜
理容所,長浜赤十字病院内 理髪店,526-0053,長浜市宮前町,長浜市宮前町１４－７,１４－７,,H17/11/18,,,,長浜
理容所,田中理容室,529-0512,長浜市余呉町上丹生,長浜市余呉町上丹生２８９１,２８９１,,S36/08/04,,,,長浜
理容所,田中理容店,526-0801,長浜市千草町,長浜市千草町６３,６３,,H18/03/16,,,,長浜
理容所,藤田理容室,529-0423,長浜市木之本町千田,長浜市木之本町千田８６５－３,８６５－３,,S51/12/05,,,,長浜
理容所,柏原理髪店,526-0802,長浜市東上坂町,長浜市東上坂町８００－１,８００－１,,S56/10/06,,,,長浜
理容所,髪きりま専科 床外 ＴＯＫＯＳＯＴＯ,526-0057,長浜市北船町,長浜市北船町８－１２,８－１２,,H10/10/06,,,,長浜
理容所,富田理髪店,526-0055,長浜市三和町,長浜市三和町４－１３,４－１３,,S13/10/18,,,,長浜
理容所,北びわこ農業協同組合浅井北理容所,526-0276,長浜市田川町,長浜市田川町２８１,２８１,北びわこ農業協同組合,S46/06/28,,,,長浜
理容所,北川理容院,529-0341,長浜市湖北町速水,長浜市湖北町速水１０４９,１０４９,,S41/08/24,,,,長浜
理容所,堀江理容所,521-0312,米原市上野,米原市上野１０４１,１０４１,,S37/03/08,,,,長浜
理容所,理容 イナガワ,526-0017,長浜市相撲町,長浜市相撲町２７８－３,２７８－３,,H03/04/23,,,,長浜
理容所,理容 ウメムラ,526-0817,長浜市七条町,長浜市七条町１２８１－４,１２８１－４,,S50/09/08,,,,長浜
理容所,理容 シミズ,521-0244,米原市大野木,米原市大野木１０６８－１,１０６８－１,,S49/09/10,,,,長浜
理容所,理容 つぼい,521-0003,米原市入江,米原市入江１３４３,１３４３,,S62/09/07,,,,長浜
理容所,理容 にしぐち,526-0031,長浜市八幡東町,長浜市八幡東町１１６－１,１１６－１,,S47/03/13,,,,長浜
理容所,理容 ふたば,526-0032,長浜市南高田町,長浜市南高田町５－１３,５－１３,,S47/12/12,,,,長浜
理容所,理容 フルタ,526-0025,長浜市分木町,長浜市分木町６－２１,６－２１,,S58/11/29,,,,長浜
理容所,理容 メルシー,526-0845,長浜市小堀町,長浜市小堀町２２１－６,２２１－６,,S61/12/02,,,,長浜
理容所,理容 西口南店,529-0231,長浜市高月町森本,長浜市高月町森本２４４－３,２４４－３,,S49/03/01,,,,長浜
理容所,理容 竹中,521-0016,米原市下多良二丁目,米原市下多良二丁目１１,１１,,S62/06/03,,,,長浜
理容所,理容 藤田,529-0425,長浜市木之本町木之本,長浜市木之本町木之本８９４,８９４,,S43/02/26,,,,長浜
理容所,理容 ツジ,526-0831,長浜市宮司町,長浜市宮司町４３３,４３３,,S48/01/12,,,,長浜
理容所,理容 ナカジマ,529-0701,長浜市西浅井町塩津浜,長浜市西浅井町塩津浜９４９,９４９,,S38/07/04,,,,長浜
理容所,理容 よこい,529-0425,長浜市木之本町木之本,長浜市木之本町木之本１３１４－１,１３１４－１,,S60/08/10,,,,長浜
理容所,理容 大阪館,529-0425,長浜市木之本町木之本,長浜市木之本町木之本１１９３,１１９３,,S60/01/26,,,,長浜
理容所,理容 不二屋,526-0056,長浜市朝日町,長浜市朝日町５－３,５－３,,H19/03/27,,,,長浜
理容所,理容 野口,529-0535,長浜市余呉町今市,長浜市余呉町今市２３２,２３２,,S34/02/26,,,,長浜
理容所,理容カワズ,526-0053,長浜市宮前町,長浜市宮前町８－１７,８－１７,,H12/09/27,,,,長浜
理容所,理容サミット長浜店,526-0831,長浜市宮司町,長浜市宮司町１１４２－２,１１４２－２,,H13/08/03,,,,長浜
理容所,理容ナカムラ,529-0411,長浜市木之本町古橋,長浜市木之本町古橋４２２,４２２,,H15/09/24,,,,長浜
理容所,理容めぐみ,529-0424,長浜市木之本町廣瀬,長浜市木之本町廣瀬５－１,５－１,,S57/11/16,,,,長浜
理容所,理容院 畑野,529-0535,長浜市余呉町今市,長浜市余呉町今市１３２,１３２,,S49/12/01,,,,長浜
理容所,立木理容店,526-0015,長浜市神照町,長浜市神照町２－２０,２－２０,,S40/12/11,,,,長浜
理容所,林 理容所,521-0004,米原市磯,米原市磯２１４７,２１４７,,S38/09/01,,,,長浜
理容所,カット・ＺＡＣ,521-0233,米原市野一色,米原市野一色１０９２－１,１０９２－１,,H22/02/24,,,,長浜
理容所,理容プラス１Ｃ,526-0252,長浜市八島町,長浜市八島町１５７４,１５７４,,H22/09/27,,,,長浜
理容所,リベルタ ネオ ヘアー,526-0021,長浜市八幡中山町,長浜市八幡中山町４７７,４７７,,H23/01/07,,,,長浜
理容所,ｈａｉｒ ｓａｌｏｎ ｌｅａｆ,526-0817,長浜市七条町,長浜市七条町３７５－１,３７５－１,,H23/06/24,,,,長浜
理容所,髪切床 Ｉｔ[一途],526-0015,長浜市神照町,長浜市神照町８８６－２,８８６－２,,H24/03/12,,,,長浜
理容所,ヘア・ミズタニ,526-0052,長浜市神前町,長浜市神前町３－１６,３－１６,,H24/04/23,,,,長浜
理容所,Ｍｅｎ’ｓ Ｈａｉｒ ＡＴＲＥ,526-0055,長浜市三和町,長浜市三和町５－３５,５－３５,,H24/04/24,,,,長浜
理容所,ルシードスタイル バレッタ,526-0031,長浜市八幡東町,長浜市八幡東町１９３ ワイエフビル２６ １Ｆ,１９３ ワイエフビル２６ １Ｆ,,H24/05/10,,,,長浜
理容所,オグル理容,529-0241,長浜市高月町高月,長浜市高月町高月１６００－４,１６００－４,,H25/02/21,,,,長浜
理容所,Ｃ．,526-0042,長浜市勝町,長浜市勝町５５２－１,５５２－１,,H25/08/20,,,,長浜
理容所,カットハウス ひらつか,526-0059,長浜市元浜町,長浜市元浜町２９－３８,２９－３８,,H25/12/13,,,,長浜
理容所,メンズグルーミングサロン ＺＥＸＩＡ,526-0058,長浜市南呉服町,長浜市南呉服町９－３０ ホテルイエス長浜 駅前館１Ｆ,９－３０ ホテルイエス長浜 駅前館１Ｆ,,H26/04/09,,,,長浜
理容所,Ｅｃｒｕ ｐｒｉｖａｔｅ,521-0062,米原市宇賀野,米原市宇賀野２３９－１８,２３９－１８,,H28/01/12,,,,長浜
理容所,ｉｒｏｈａ＿ｃｏｕｐｅ,526-0065,長浜市公園町,長浜市公園町２－５５,２－５５,,H29/11/09,,,,長浜
理容所,ヘアースペースヒーロー,526-0056,長浜市朝日町,長浜市朝日町２４－３１,２４－３１,,H30/05/15,,,,長浜
理容所,街の理美容室ぷらっと,526-0021,長浜市八幡中山町,長浜市八幡中山町３６１,３６１,,R01/10/15,,,,長浜
理容所,ｈａｉｒ’ｓ ｃｒｅａｔｉｏｎ ｓｈ ｏｐ ＯＷＬ,526-0829,長浜市田村町,長浜市田村町１５８３－１６,１５８３－１６,,R02/03/23,,,,長浜
理容所,ｈａｉｒ ｆｉ－ｋａ,526-0829,長浜市田村町,長浜市田村町６２５－９,６２５－９,,R03/04/26,,,,長浜
理容所,床屋,526-0015,長浜市神照町,長浜市神照町４８９-１０,４８９-１０,,R03/07/01,,,,長浜
理容所,Ｈａｉｒ ＲＩＳＥ,526-0024,長浜市三ツ矢元町,長浜市三ツ矢元町１５-２４,１５-２４,,R03/08/06,,,,長浜
理容所,カットハウス キョウノ,529-0304,長浜市小谷丁野町,長浜市小谷丁野町３８８－２,３８８－２,,R03/10/06,,,,長浜
理容所,ヘアーサロン宮川,526-0059,長浜市元浜町,長浜市元浜町２７－１６,２７－１６,,R03/11/29,,,,長浜
理容所,びようしつ乃々,529-0527,長浜市余呉町東野,長浜市余呉町東野１７１,１７１,,R03/12/16,,,,長浜
理容所,ｍｅｎ’ｓ ｓａｌｏｎ Ｒｅ：ｂｏｏ ｔ,521-0072,米原市顔戸,米原市顔戸１４２３－１１ バイキング １Ｆ北,１４２３－１１ バイキング １Ｆ北,,R04/10/17,,,,長浜
理容所,理容カットエー,526-0031,長浜市八幡東町,長浜市八幡東町２２０,２２０,株式会社カットツイン,R05/08/03,,,,長浜
理容所,Ｃｈｏｏｓｅ ｅｙｅｌａｓｈ ｓａｌ ｏｎ,526-0057,長浜市北船町,長浜市北船町６－２,６－２,,R05/12/19,,,,長浜
理容所,ＧＡＲＤｅＮ Ｈａｉｒ Ｄｅｓｉｇｎ,526-0044,長浜市下坂中町,長浜市下坂中町２３０－３,２３０－３,,R06/01/19,,,,長浜
理容所,Ｈａｉｒ Ｓｐａｃｅ ＲＥＭＯＲＥ＋,526-0061,長浜市祇園町,長浜市祇園町６９９－３０,６９９－３０,,R06/03/29,,,,長浜
理容所,脱毛サロン とぅるん,526-0016,長浜市十里町,長浜市十里町１１６－１ ディアス十里１ ０２,１１６－１ ディアス十里１ ０２,,R06/10/29,,,,長浜
理容所,ＢＡＲ ＢＥＲ ＩＫＵＴＡ,520-1221,高島市安曇川町青柳,高島市安曇川町青柳１１１６,１１１６,,H06/04/18,,,,高島
理容所,Ｃｕｔ Ｈｏｕｓｅ ポプリ,520-1217,高島市安曇川町田中,高島市安曇川町田中４０６,４０６,,S63/04/26,,,,高島
理容所,ウエハラ理容室,520-1655,高島市今津町日置前,高島市今津町日置前３１８－１,３１８－１,,H04/03/31,,,,高島
理容所,サロン ウエマエ,520-1401,高島市朽木市場,高島市朽木市場８１５,８１５,,H11/12/06,,,,高島
理容所,おしゃれサロン センス,520-1501,高島市新旭町旭一丁目,高島市新旭町旭一丁目６－３,６－３,,H14/09/18,,,,高島
理容所,カット Ａ＆Ａ,520-1632,高島市今津町桜町二丁 目,高島市今津町桜町二丁 目５－１,５－１,,H03/04/22,,,,高島
理容所,カットサロン コスモ,520-1522,高島市新旭町新庄,高島市新旭町新庄１３０２－３,１３０２－３,,S62/12/19,,,,高島
理容所,カットスペース イタミ,520-1605,高島市今津町南新保,高島市今津町南新保４８２－２,４８２－２,,H07/07/18,,,,高島
理容所,カットハウス １１０番,520-1233,高島市安曇川町南船木,高島市安曇川町南船木２０６,２０６,,H02/12/04,,,,高島
理容所,カットハウス セリーヌ,520-1501,高島市新旭町旭,高島市新旭町旭１０５２－２,１０５２－２,,H09/03/18,,,,高島
理容所,カットハウス ふるかわ,520-1621,高島市今津町今津,高島市今津町今津３０５,３０５,,H06/06/02,,,,高島
理容所,Ｃａｌｍ,520-1214,高島市安曇川町末広四 丁目,高島市安曇川町末広四 丁目６,６,,S62/10/27,,,,高島
理容所,スズキ理容所,520-1605,高島市今津町南新保,高島市今津町南新保１９５,１９５,,S46/10/28,,,,高島
理容所,トリップ,520-1511,高島市新旭町藁園,高島市新旭町藁園２９８３,２９８３,,H06/08/30,,,,高島
理容所,ナイスカットメルシー,520-1216,高島市安曇川町中央四 丁目,高島市安曇川町中央四 丁目６－１５,６－１５,,H10/06/23,,,,高島
理容所,バーバー ヒライ,520-1216,高島市安曇川町中央四 丁目,高島市安曇川町中央四 丁目６－３０,６－３０,,H08/11/07,,,,高島
理容所,パルレ・スザキ,520-1604,高島市今津町浜分,高島市今津町浜分１７４,１７４,有限会社洲崎,H17/09/14,,,,高島
理容所,髪処 おかもと,520-1833,高島市マキノ町蛭口,高島市マキノ町蛭口１３５９－１,１３５９－１,,S61/08/22,,,,高島
理容所,ヘアー・ファクトリー リュー,520-1131,高島市音羽,高島市音羽４１３－１,４１３－１,,H13/04/05,,,,高島
理容所,ヘアーサロン カノウ,520-1811,高島市マキノ町海津,高島市マキノ町海津２２４０,２２４０,,H11/11/17,,,,高島
理容所,ヘアーサロン イワマツ,520-1811,高島市マキノ町海津,高島市マキノ町海津２３１５－１,２３１５－１,,H08/04/26,,,,高島
理容所,ヘアーサロン そね,520-1531,高島市新旭町饗庭,高島市新旭町饗庭４９７,４９７,,H08/04/10,,,,高島
理容所,ヘアーサロン ユーガミ,520-1623,高島市今津町住吉二丁 目,高島市今津町住吉二丁 目１２－３,１２－３,有限会社ヘアーサロンユー ガミ,H07/03/29,,,,高島
理容所,ヘアーサロン カツラダ,520-1621,高島市今津町今津,高島市今津町今津１５４９－７,１５４９－７,,S58/02/14,,,,高島
理容所,ヘアーサロン にしかわ,520-1421,高島市朽木岩瀬,高島市朽木岩瀬１６９,１６９,,S46/02/16,,,,高島
理容所,ヘアーサロン フジモト,520-1652,高島市今津町福岡,高島市今津町福岡９０８－９,９０８－９,,H05/09/15,,,,高島
理容所,ヘアーサロン大正館,520-1121,高島市勝野,高島市勝野１３４６－３,１３４６－３,,H01/04/01,,,,高島
理容所,鞍口理容所,520-1611,高島市今津町弘川,高島市今津町弘川２５３－２,２５３－２,,S34/02/16,,,,高島
理容所,森永理容店,520-1823,高島市マキノ町中庄,高島市マキノ町中庄４５７－２,４５７－２,,H08/04/10,,,,高島
理容所,西村理容室,520-1121,高島市勝野,高島市勝野１１９５,１１９５,,S58/12/27,,,,高島
理容所,青谷理容所,520-1833,高島市マキノ町蛭口,高島市マキノ町蛭口８３３－４,８３３－４,,S34/11/13,,,,高島
理容所,谷沢理容室,520-1621,高島市今津町今津,高島市今津町今津２５４,２５４,,S59/12/25,,,,高島
理容所,田中理容店,520-1121,高島市勝野,高島市勝野１７０４－２,１７０４－２,,H11/09/28,,,,高島
理容所,藤野理容所,520-1621,高島市今津町今津,高島市今津町今津１６４４,１６４４,有限会社藤野理容所,S35/02/19,,,,高島
理容所,髪ｉｎｇ（カミング）,520-1631,高島市今津町名小路一 丁目,高島市今津町名小路一 丁目８－５,８－５,,H24/09/05,,,,高島
理容所,髪処 玉垣,520-1401,高島市朽木市場,高島市朽木市場８６９－１,８６９－１,,H18/12/21,,,,高島
理容所,有限会社おしゃれの館ミツヤ,520-1111,高島市鴨,高島市鴨１４７３－２,１４７３－２,有限会社おしゃれの館ミツ ヤ,H08/11/07,,,,高島
理容所,有田理容所,520-1621,高島市今津町今津,高島市今津町今津１９７９－１１,１９７９－１１,,S45/03/04,,,,高島
理容所,理容 しげる,520-1111,高島市鴨,高島市鴨１７０３,１７０３,,H11/08/31,,,,高島
理容所,理容 井川,520-1501,高島市新旭町旭,高島市新旭町旭９２－２,９２－２,,H17/04/20,,,,高島
理容所,理容ウキタ,520-1401,高島市朽木市場,高島市朽木市場５９４,５９４,,H08/04/04,,,,高島
理容所,理容プラージュ今津店,520-1621,高島市今津町今津,高島市今津町今津１６８８ショッピングセン ターリプル,１６８８ショッピングセン ターリプル,阪南理美容株式会社,H18/03/14,,,,高島
理容所,ほうじょう,520-1612,高島市今津町下弘部,高島市今津町下弘部２６２－２,２６２－２,,H08/10/01,,,,高島
理容所,よろずバーバー,520-1212,高島市安曇川町西万木,高島市安曇川町西万木１２２６－１,１２２６－１,,H22/07/15,,,,高島
理容所,大江理容,520-1522,高島市新旭町新庄,高島市新旭町新庄４５６－５,４５６－５,,H25/01/31,,,,高島
理容所,ヘアーズ・ヒロ,520-1501,高島市新旭町旭,高島市新旭町旭810-15,810-15,,H25/03/15,,,,高島
理容所,hairdresser 阿ＵＮ,520-1812,高島市マキノ町西浜,高島市マキノ町西浜748-6,748-6,,H25/08/26,,,,高島
理容所,I’s,520-1522,高島市新旭町新庄,高島市新旭町新庄661,661,,H26/03/11,,,,高島
理容所,ヘアーサロン 秀,520-1216,高島市安曇川町中央二 丁目,高島市安曇川町中央二 丁目２－１０,２－１０,,H30/12/05,,,,高島
理容所,髪処おかもと 今津駐屯地支店,520-1621,高島市今津町今津,高島市今津町今津平郷国有地,平郷国有地,,R01/11/26,,,,高島
理容所,理容プラーナ 安曇川,520-1212,高島市安曇川町西万木,高島市安曇川町西万木３８４－６,３８４－６,株式会社ハマ,R05/06/15,,,,高島
美容所,アレンジ小篠原店,520-2331,野洲市小篠原,野洲市小篠原９０２－１,９０２－１,株式会社アレンジ,H16/04/21,,,,草津
美容所,アレンジ野洲本店,520-2342,野洲市野洲,野洲市野洲９３１,９３１,株式会社アレンジ,H16/04/21,,,,草津
美容所,イイダ美容室,520-3005,栗東市御園,栗東市御園９８０－１,９８０－１,,S55/07/17,,,,草津
美容所,ウチガキ美容院,520-2343,野洲市大畑,野洲市大畑７－７,７－７,,S56/12/11,,,,草津
美容所,エステルーム マンダリンダックス,520-3044,栗東市伊勢落,栗東市伊勢落６３３－５８,６３３－５８,,H01/12/04,,,,草津
美容所,エトワール美容室,525-0028,草津市上笠二丁目,草津市上笠二丁目３２－２,３２－２,,H11/05/31,,,,草津
美容所,エリカ美容室,524-0033,守山市浮気町,守山市浮気町３７０－１,３７０－１,,S46/12/02,,,,草津
美容所,える美容室,524-0012,守山市播磨田町,守山市播磨田町１５０３－５,１５０３－５,,S51/03/27,,,,草津
美容所,オカモト美容室,520-2422,野洲市比留田,野洲市比留田８２－７,８２－７,,S58/06/07,,,,草津
美容所,おぐらともの店,520-2351,野洲市冨波甲,野洲市冨波甲１１６０－３,１１６０－３,,H17/12/05,,,,草津
美容所,ＥＲｄｅ Ｔｓｕｊｉ,524-0104,守山市木浜町,守山市木浜町１８５６－１,１８５６－１,有限会社おしゃれサロンツジ,S60/03/26,,,,草津
美容所,おしゃれ髪工房 ＢＥＮ,524-0022,守山市守山六丁目,守山市守山六丁目１０－６６ リカーフォレストビル２０１,１０－６６ リカーフォレストビル２０１,,H10/03/11,,,,草津
美容所,カオル美容室,520-3045,栗東市高野,栗東市高野４９８－３,４９８－３,,S56/10/28,,,,草津
美容所,カズエ美容室,524-0104,守山市木浜町,守山市木浜町１９４３,１９４３,,S62/11/24,,,,草津
美容所,カット・ハウス享子,525-0066,草津市矢橋町,草津市矢橋町１２９８－１,１２９８－１,,H13/01/31,,,,草津
美容所,ヘアクリニック ヴァン ドゥ,520-2352,野洲市冨波乙,野洲市冨波乙６９０－６カルチャーセンターモリ ２Ｆ,６９０－６カルチャーセンターモリ ２Ｆ,,H07/02/27,,,,草津
美容所,カットハウス ウィズヘアー,524-0046,守山市今宿町,守山市今宿町７０－３,７０－３,,H08/03/06,,,,草津
美容所,２６４,525-0000,草津市笠山二丁目,草津市笠山二丁目１－２８グローバルビル１Ｆ,１－２８グローバルビル１Ｆ,,H11/11/05,,,,草津
美容所,ＡＣＣＯＬＥ’ ｍｉｌｉｅｕ,525-0055,草津市野路町,草津市野路町４６９－１,４６９－１,有限会社レガロ,H19/09/19,,,,草津
美容所,Ａｉ’ｓ ｈａｉｒ,525-0051,草津市木川町,草津市木川町９６５,９６５,,H16/07/21,,,,草津
美容所,ａｉｒ ｐｕｔｉｈ,520-3026,栗東市下鈎,栗東市下鈎９２７,９２７,,H18/03/17,,,,草津
美容所,ａｎａｔｅｌｉｅｒ,520-3031,栗東市綣四丁目,栗東市綣四丁目１２－１６ アクアリンピア１－Ａ,１２－１６ アクアリンピア１－Ａ,,H19/11/22,,,,草津
美容所,Ｂｅａｕｔｙ Ｓａｌｏｎ フィット,525-0066,草津市矢橋町,草津市矢橋町１５０９番地の２,１５０９番地の２,,H10/03/30,,,,草津
美容所,ＢＥＡＵＴＹＳＡＬＯＮ ＭＩＺＵＭＡＣＨ Ｉ,520-2302,野洲市高木,野洲市高木２０５,２０５,,S61/12/01,,,,草津
美容所,ｃａｈａｎａ ｋｅｒａｎｇ,525-0055,草津市野路町,草津市野路町２１１１番地,２１１１番地,,H20/06/13,,,,草津
美容所,ＣＥＮＩ ＣＥＹＯ セニセヨ,524-0022,守山市守山三丁目,守山市守山三丁目２４－３０ カーサフェリスビエント１Ｆ,２４－３０ カーサフェリスビエント１Ｆ,,H13/05/15,,,,草津
美容所,ｃｈｅｅｒ,520-2413,野洲市吉地,野洲市吉地三丁目１３４７番１,三丁目１３４７番１,,H18/07/05,,,,草津
美容所,Ｃｈｒｙｓｏ Ｑｕｏｌｌａ（クリソコー ラ）,525-0055,草津市野路一丁目,草津市野路一丁目３－１８ クレアトゥーレ２１,３－１８ クレアトゥーレ２１,,H13/05/25,,,,草津
美容所,Ｃｉｃｃａ,524-0102,守山市水保町,守山市水保町１２２３－１５,１２２３－１５,,H20/04/28,,,,草津
美容所,ＣＯＭＯＤＯ,525-0034,草津市草津三丁目,草津市草津三丁目７－８ オクダビル１ＦＣ,７－８ オクダビル１ＦＣ,,H12/07/28,,,,草津
美容所,ＣＲＥＷ ＨＡＩＲ,520-2362,野洲市市三宅,野洲市市三宅９４８－１ 岩井ビル１Ｆ,９４８－１ 岩井ビル１Ｆ,株式会社クルー,H29/02/20,,,,草津
美容所,Ｄｉｏｓ,525-0055,草津市野路一丁目,草津市野路一丁目４－１５,４－１５,,H20/01/31,,,,草津
美容所,Ｄｏｌｃｅ,525-0032,草津市大路一丁目,草津市大路一丁目２－８,２－８,株式会社ドルチェ,H12/05/25,,,,草津
美容所,Ｄｏｌｃｅ （栗東店）,520-3027,栗東市野尻,栗東市野尻４５９－１ ルネス・ピース栗東ステー ションスクエア１Ｆ,４５９－１ ルネス・ピース栗東ステー ションスクエア１Ｆ,株式会社ドルチェ,H12/12/07,,,,草津
美容所,Ｄｏｌｃｅ Ｓｏｒｅｌｌｅ,525-0025,草津市西渋川一丁目,草津市西渋川一丁目１－３,１－３,株式会社ドルチェ,H14/12/16,,,,草津
美容所,ｅｍｏｔｉｏｎ,525-0046,草津市追分町,草津市追分町１２２９ えんビル２Ｆ,１２２９ えんビル２Ｆ,,H19/05/10,,,,草津
美容所,ＦＬＡＶＯＲ,520-3042,栗東市辻,栗東市辻４４７－１ 晃コーポレーションＣ－２,４４７－１ 晃コーポレーションＣ－２,,H19/10/12,,,,草津
美容所,ＧＯＯＤ ＬＵＣＫ,524-0022,守山市守山一丁目,守山市守山一丁目２－３ コスモ守山３番館１Ｆ,２－３ コスモ守山３番館１Ｆ,,H19/04/13,,,,草津
美容所,Ｈａｉｒ ＆ Ｆａｃｅ ａｒｔｅｍｉｓ,525-0027,草津市野村一丁目,草津市野村一丁目２６－１１ パステルエイト２,２６－１１ パステルエイト２,,H19/10/16,,,,草津
美容所,ｈａｉｒ ａｎｄ ｍａｋｅ ａｍｅ,525-0000,草津市笠山五丁目,草津市笠山五丁目１０６－４,１０６－４,,H15/12/02,,,,草津
美容所,Ｈａｉｒ Ａｒｔ Ｓａｒａｎ,524-0012,守山市播磨田町,守山市播磨田町１６６－１４,１６６－１４,,H08/11/21,,,,草津
美容所,ＨＡＩＲ ＡＳＳＩＳＴ,520-3027,栗東市野尻,栗東市野尻４６５ グレーシィー栗東エクサーブ１Ｆ,４６５ グレーシィー栗東エクサーブ１Ｆ,,H13/04/06,,,,草津
美容所,Ｈａｉｒ Ｂｒａｎｄ ＥＮＣＨＡＮＴＥ,524-0022,守山市守山五丁目,守山市守山五丁目８－１１－１ フォレスト仁王,８－１１－１ フォレスト仁王,,H13/06/26,,,,草津
美容所,ＨＡＩＲ ＣＨＡＮＧＥ Ｔ’,520-2323,野洲市三上,野洲市三上４６０－２,４６０－２,,H07/11/02,,,,草津
美容所,ＨＡＩＲ ＣＬＡＩＲ,520-3043,栗東市林,栗東市林７５－２,７５－２,,H14/06/03,,,,草津
美容所,ｈａｉｒ ＣＬＡＳＳ,524-0022,守山市守山四丁目,守山市守山四丁目１３－３５－１,１３－３５－１,,H17/04/20,,,,草津
美容所,ＨＡＩＲ ＤＥＳＩＧＮ ＧＬＯＳＳ,520-3031,栗東市綣,栗東市綣３－１５－１９ サンロイヤル栗東 店舗 １,３－１５－１９ サンロイヤル栗東 店舗 １,,H18/09/08,,,,草津
美容所,Ｈａｉｒ Ｄｅｓｉｇｎ Ｊａｍ,520-2331,野洲市小篠原,野洲市小篠原１１１１－１－１０５,１１１１－１－１０５,,H17/06/07,,,,草津
美容所,Ｈａｉｒ Ｄｅｕｘ Ｚｅｎｎｏ,524-0002,守山市小島町,守山市小島町１４４６,１４４６,,H13/08/10,,,,草津
美容所,ＦＲＥＹＪＡ,524-0012,守山市播磨田町,守山市播磨田町３０１７－２,３０１７－２,,H15/01/14,,,,草津
美容所,Ｈａｉｒ Ｆａｃｔｏｒｙ ＦＲＥＥ ＦＬ ＡＰ,525-0055,草津市野路町,草津市野路町６５９－１アベニール１Ｆ,６５９－１アベニール１Ｆ,,H15/03/07,,,,草津
美容所,ＨＡＩＲ ＦＡＣＴＯＲＹ ＲＯＯＭ,524-0013,守山市下之郷町,守山市下之郷町１７－１,１７－１,,H16/07/21,,,,草津
美容所,ＨＡＩＲ ＬＵＥＫ,524-0037,守山市梅田町,守山市梅田町５－１－１３７－２ 藤和ハイタウン守山 １０３,５－１－１３７－２ 藤和ハイタウン守山 １０３,,H17/01/21,,,,草津
美容所,ＨＡＩＲ ＭＡＫＥ Ｃａｒｅ ヘアーメイ ク ケア,524-0012,守山市播磨田町,守山市播磨田町３０４１ リバティーハウス１Ｆ,３０４１ リバティーハウス１Ｆ,,H15/07/04,,,,草津
美容所,ｈａｉｒ ｍａｋｅ Ｃｒｏｗ,525-0055,草津市野路町,草津市野路町１８２８－７,１８２８－７,,H15/10/03,,,,草津
美容所,ＨＡＩＲ ＳＴＵＤＩＯ ＧＥＴ,525-0027,草津市野村八丁目,草津市野村八丁目９－９,９－９,,H21/03/10,,,,草津
美容所,Ｈａｉｒ Ｓｗａｎｋｙ,520-3022,栗東市上鈎,栗東市上鈎９８ ヴィラ栗東１－Ａ,９８ ヴィラ栗東１－Ａ,,H16/03/15,,,,草津
美容所,ｈａｉｒ ｗｏｒｋ Ｍ’ｓ,524-0041,守山市勝部二丁目,守山市勝部二丁目４－１,４－１,,H18/12/08,,,,草津
美容所,ｈａｉｒ’ｓ ＨＥＡＣＨ,525-0046,草津市追分町,草津市追分町７７５－５８,７７５－５８,,H19/10/15,,,,草津
美容所,Ｈａｉｒ物語,525-0025,草津市西渋川一丁目,草津市西渋川一丁目２３－３０アルプラザ草津２Ｆ,２３－３０アルプラザ草津２Ｆ,株式会社カトレア,H08/03/26,,,,草津
美容所,ＩＢＩＺＡ,524-0043,守山市二町町,守山市二町町３０－４８,３０－４８,,H18/03/27,,,,草津
美容所,ｉｄｅａ,525-0014,草津市駒井沢町,草津市駒井沢町２２１－７,２２１－７,,H15/06/19,,,,草津
美容所,ｉｆ．．．,525-0066,草津市矢橋町,草津市矢橋町１１５－７,１１５－７,,H20/02/28,,,,草津
美容所,ＩＬ ＮＥＩＧＥ Ｆｉｌｓ,524-0022,守山市守山二丁目,守山市守山二丁目３－７ アスティ上芝野１Ｆ,３－７ アスティ上芝野１Ｆ,有限会社イルネージュ,H15/04/10,,,,草津
美容所,ｉｎｇ,524-0013,守山市下之郷町,守山市下之郷町２１８－１,２１８－１,,H17/12/01,,,,草津
美容所,Ｊａａｍ ｒｅｋ,524-0033,守山市浮気町,守山市浮気町３００－１９ 近江守山光ビル１Ｆ,３００－１９ 近江守山光ビル１Ｆ,,H15/05/06,,,,草津
美容所,ＫＩＤ’Ｓ ＆ ＬＡＤＹ’Ｓ ＨＡＩＲ Ｂ＆Ｒ ＰＬＡＣＥ ＴＡＫＡ,525-0033,草津市東草津二丁目,草津市東草津二丁目６－１－２８,６－１－２８,,H19/05/10,,,,草津
美容所,ＫＩＳＨＩＧＡＭＩ栗東店,520-3031,栗東市綣三丁目,栗東市綣三丁目９－１８ グレーシィ栗東オーブ１Ｆ,９－１８ グレーシィ栗東オーブ１Ｆ,有限会社岸上,H14/12/04,,,,草津
美容所,ＫＩＳＨＩＧＡＭＩ草津店,525-0037,草津市西大路町,草津市西大路町８－１３,８－１３,有限会社岸上,H14/12/04,,,,草津
美容所,Ｋｕｃｈａ,520-3022,栗東市上鈎,栗東市上鈎３６９ 上鈎荘５号室,３６９ 上鈎荘５号室,,H20/10/01,,,,草津
美容所,Ｌｕｘｅ ｆｏｒ ｈａｉｒ,525-0055,草津市野路一丁目,草津市野路一丁目７－１３－１０１,７－１３－１０１,,H18/09/21,,,,草津
美容所,ｍａｏｌｉ,524-0022,守山市守山四丁目,守山市守山四丁目７－２０ 辻田ビル,７－２０ 辻田ビル,,H21/11/13,,,,草津
美容所,Ｍｏｒｅ ぐれいす美容室,525-0032,草津市大路一丁目,草津市大路一丁目１６－６,１６－６,,H14/12/10,,,,草津
美容所,ｎｅｏｓ,525-0050,草津市南草津一丁目,草津市南草津一丁目３－２ 太陽プラザ南草津駅前,３－２ 太陽プラザ南草津駅前,株式会社ｎｅｏｓ,H19/10/11,,,,草津
美容所,ＯＮＥＵＰ,525-0067,草津市新浜町,草津市新浜町３００ イオンモール草津１Ｆ,３００ イオンモール草津１Ｆ,株式会社西洋舎,H20/11/17,,,,草津
美容所,ＯＮＥＵＰ,525-0023,草津市平井一丁目,草津市平井一丁目１１－１,１１－１,株式会社西洋舎,H20/03/19,,,,草津
美容所,ＰＬＡＺＡ ＣＯＬＯＲ 南草津店,525-0055,草津市野路一丁目,草津市野路一丁目１５－５フェリエ南草津４Ｆ,１５－５フェリエ南草津４Ｆ,株式会社オカ林,H14/07/18,,,,草津
美容所,ＱＢハウス ＪＲ草津駅店,525-0026,草津市渋川一丁目,草津市渋川一丁目１ ＪＲ草津駅構内,１ ＪＲ草津駅構内,キュービーネット株式会社,R06/07/25,,,,草津
美容所,Ｒｉｔｍｏ,520-3024,栗東市小柿五丁目,栗東市小柿五丁目１１－３－１２ １Ｆ,１１－３－１２ １Ｆ,,H20/03/24,,,,草津
美容所,ＲＯＪＥＳ ＨＡＩＲ ＤＥＳＩＧＮ,524-0045,守山市金森町,守山市金森町１０００,１０００,,H19/07/25,,,,草津
美容所,Ｒｕｄｅ ｇ－ｂｏｘ,525-0055,草津市野路町,草津市野路町１１１０－３,１１１０－３,,H16/06/04,,,,草津
美容所,ｓａｌｏｎ ｄｅ Ｔｏｗｅｒｎｙ,520-3014,栗東市川辺,栗東市川辺５０７－１２,５０７－１２,,H17/08/18,,,,草津
美容所,Ｓｃｈｏｎ シャン美容室（２Ｆ）,520-2331,野洲市小篠原,野洲市小篠原３８６－３,３８６－３,,H07/11/21,,,,草津
美容所,Ｓｏ－Ｌａ,524-0041,守山市勝部一丁目,守山市勝部一丁目１６－４サンシャインコーポ１０３,１６－４サンシャインコーポ１０３,,H16/09/29,,,,草津
美容所,ｓｗｅｌｌ ！！,524-0045,守山市金森町,守山市金森町６５０－５,６５０－５,,H16/01/28,,,,草津
美容所,Ｓｗｉｎｇｙ Ｈａｉｒ Ｇ・,524-0013,守山市下之郷町,守山市下之郷町１３６－６,１３６－６,,H07/08/04,,,,草津
美容所,ｔｉｐｓ ｗｅｓｔｅｒｎ 草津,525-0037,草津市西大路町,草津市西大路町４－３３シャルムシャトレ１０２,４－３３シャルムシャトレ１０２,有限会社ＭＩＲＡＣＬＥ ＭＩＬＥ,H17/09/10,,,,草津
美容所,ｔｉｐｓ カーム 草津,525-0037,草津市西大路町,草津市西大路町３－８ ジュモオネティ１Ｆ,３－８ ジュモオネティ１Ｆ,有限会社ＭＩＲＡＣＬＥ ＭＩＬＥ,H19/11/30,,,,草津
美容所,Ｔｏ－Ｍａ,525-0000,草津市笠山五丁目,草津市笠山五丁目３－３１,３－３１,,H19/06/27,,,,草津
美容所,ＴＲＥＡＴ,525-0014,草津市駒井沢町,草津市駒井沢町３２６,３２６,,H15/09/18,,,,草津
美容所,ＷＩＳＨ ＰＥＲＦＥＣＴＩＯＮ,525-0055,草津市野路町,草津市野路町一丁目３－１１,一丁目３－１１,有限会社ケイ．ダブリュ．コーポレーション,H16/04/09,,,,草津
美容所,Ｗｏｎｄｅｒ Ｗｏｒｋｓ,525-0055,草津市野路一丁目,草津市野路一丁目１４－３アトレー南草津１Ｆ,１４－３アトレー南草津１Ｆ,,H17/09/20,,,,草津
美容所,Ｙ’ｓ コウメ,524-0052,守山市大門町,守山市大門町２９－５,２９－５,,H02/11/09,,,,草津
美容所,美容室 リンナ,525-0067,草津市新浜町,草津市新浜町４６０－１６,４６０－１６,,H13/05/30,,,,草津
美容所,あい美容室,525-0041,草津市青地町,草津市青地町７２５－１,７２５－１,,S54/12/26,,,,草津
美容所,あい美容室,520-3024,栗東市小柿十丁目,栗東市小柿十丁目４－１３,４－１３,,S54/10/06,,,,草津
美容所,アケミ美容室,525-0027,草津市野村二丁目,草津市野村二丁目２２－１１,２２－１１,,S52/06/30,,,,草津
美容所,アトリエ ｐｕｒｅ ｖａｎｉｓｈ,524-0046,守山市今宿二丁目,守山市今宿二丁目１０－２８－１０１,１０－２８－１０１,,H09/10/23,,,,草津
美容所,アトリエ・ルース,520-3046,栗東市大橋五丁目,栗東市大橋五丁目６－６,６－６,,H16/02/02,,,,草津
美容所,アメリカン ヘアースタジオ ヒロ’ズ ク ラブ,525-0011,草津市片岡町,草津市片岡町２９２番地の２,２９２番地の２,,H10/05/29,,,,草津
美容所,アレンジ 守山店,524-0013,守山市下之郷二丁目,守山市下之郷二丁目１５－３５,１５－３５,株式会社アレンジ,H20/02/23,,,,草津
美容所,カットワン,525-0054,草津市東矢倉三丁目,草津市東矢倉三丁目３５－４０,３５－４０,,S59/07/04,,,,草津
美容所,キィアロ,525-0054,草津市東矢倉四丁目,草津市東矢倉四丁目８－５２,８－５２,有限会社ファイ,H15/03/28,,,,草津
美容所,キミ美容室,525-0031,草津市若竹町,草津市若竹町９－４１,９－４１,,S62/08/31,,,,草津
美容所,クボタ美容室,520-2351,野洲市冨波甲,野洲市冨波甲１１６１－５０,１１６１－５０,,H07/07/05,,,,草津
美容所,グラン リゼール 美容室,524-0046,守山市今宿四丁目,守山市今宿四丁目１８－１７,１８－１７,,H07/10/13,,,,草津
美容所,グレース美容室,524-0033,守山市浮気町,守山市浮気町３８１－２,３８１－２,,S59/12/20,,,,草津
美容所,コイ美容室,524-0004,守山市笠原町,守山市笠原町１８９,１８９,,S47/05/02,,,,草津
美容所,こくま美容室,520-3037,栗東市北中小路,栗東市北中小路６４－１,６４－１,,S51/11/22,,,,草津
美容所,コトブキ美容室,524-0052,守山市大門町,守山市大門町２９９－１２,２９９－１２,,H20/04/07,,,,草津
美容所,サザエ美容院,525-0053,草津市矢倉二丁目,草津市矢倉二丁目４－３５,４－３５,,H13/07/13,,,,草津
美容所,サフラン美容室,520-3012,栗東市岡,栗東市岡３０３－１,３０３－１,,H02/11/02,,,,草津
美容所,サロン ケイコ,524-0053,守山市杉江町,守山市杉江町６０６,６０６,,H04/12/25,,,,草津
美容所,サロン ド エヴ,524-0043,守山市二町町,守山市二町町２３１－４,２３１－４,,H12/04/21,,,,草津
美容所,サロン・ドウ・鹿取,524-0022,守山市守山一丁目,守山市守山一丁目２－２－２０１,２－２－２０１,,S54/04/04,,,,草津
美容所,サロンド・ヌーヴ,525-0027,草津市野村六丁目,草津市野村六丁目１－１６,１－１６,有限会社オフィスナカジマ,H07/09/10,,,,草津
美容所,サロン岡田,524-0046,守山市今宿町,守山市今宿町２６１－７,２６１－７,,S53/07/21,,,,草津
美容所,サン美容室,520-2341,野洲市行畑二丁目,野洲市行畑二丁目５－４,５－４,,S53/03/23,,,,草津
美容所,シスター美容室,525-0029,草津市下笠町,草津市下笠町２８９－２,２８９－２,,H14/10/10,,,,草津
美容所,シャルル,520-2331,野洲市小篠原,野洲市小篠原１０９３－４,１０９３－４,,H06/08/26,,,,草津
美容所,シャローム美容室,520-2305,野洲市北,野洲市北７５４,７５４,,S47/09/30,,,,草津
美容所,ジャンヌ美容室,520-2352,野洲市冨波乙,野洲市冨波乙７２０－４８,７２０－４８,,S61/10/14,,,,草津
美容所,ジュンコ,525-0028,草津市上笠三丁目,草津市上笠三丁目３－６,３－６,,H03/05/02,,,,草津
美容所,しらゆき姫,525-0027,草津市野村八丁目,草津市野村八丁目６－４１,６－４１,アサヒ開発株式会社,H02/09/15,,,,草津
美容所,シルキ美容室,520-3015,栗東市安養寺七丁目,栗東市安養寺七丁目３－７－２,３－７－２,,S57/07/28,,,,草津
美容所,ズイール,520-2352,野洲市冨波乙,野洲市冨波乙７９４－７,７９４－７,,H13/02/23,,,,草津
美容所,スペース たんぽぽの国,520-2361,野洲市北野一丁目,野洲市北野一丁目１３－１１,１３－１１,,H16/08/12,,,,草津
美容所,セ・シュー,520-3031,栗東市綣六丁目,栗東市綣六丁目９－１３,９－１３,,H13/10/09,,,,草津
美容所,ダイヤ美容室,524-0022,守山市守山六丁目,守山市守山六丁目３－１４,３－１４,,S51/10/09,,,,草津
美容所,たえ美容室,524-0013,守山市下之郷町,守山市下之郷町１１－６,１１－６,,S55/09/24,,,,草津
美容所,タク美容室,525-0037,草津市西大路町,草津市西大路町５７４－１３シャルマンコ－ポ,５７４－１３シャルマンコ－ポ,,S58/05/02,,,,草津
美容所,タケコ・陽子 美容室,524-0104,守山市木浜町,守山市木浜町５４０,５４０,,H11/10/07,,,,草津
美容所,タケタニ美容室,525-0054,草津市東矢倉一丁目,草津市東矢倉一丁目８－２,８－２,,S48/06/18,,,,草津
美容所,タマ美容,525-0023,草津市平井一丁目,草津市平井一丁目１－１３,１－１３,,H08/09/11,,,,草津
美容所,タムラ美容室,525-0053,草津市矢倉二丁目,草津市矢倉二丁目２－５２,２－５２,,S40/02/18,,,,草津
美容所,チャーム美容室,524-0033,守山市浮気町,守山市浮気町３４６－１１,３４６－１１,,S53/03/30,,,,草津
美容所,つじ美容室,520-3045,栗東市高野,栗東市高野３４２－６,３４２－６,,S48/11/01,,,,草津
美容所,つや子美容室,525-0066,草津市矢橋町,草津市矢橋町６９－３９,６９－３９,,S63/12/09,,,,草津
美容所,ツリートップ美容室,524-0022,守山市守山一丁目,守山市守山一丁目２－１－１０４,２－１－１０４,,H03/01/30,,,,草津
美容所,ティエラ,524-0102,守山市水保町,守山市水保町１４９０,１４９０,,H12/03/10,,,,草津
美容所,テール美容室,525-0027,草津市野村四丁目,草津市野村四丁目４－１,４－１,,S58/04/12,,,,草津
美容所,トキワ美容室,525-0011,草津市片岡町,草津市片岡町２１３,２１３,,S36/03/31,,,,草津
美容所,ＮＯＡ,525-0025,草津市西渋川一丁目,草津市西渋川一丁目７５０－１ コア２５渋川１Ｆ,７５０－１ コア２５渋川１Ｆ,株式会社ＳＨＵ,H21/07/21,,,,草津
美容所,トミ美容院,524-0102,守山市水保町,守山市水保町１１７,１１７,,H02/08/17,,,,草津
美容所,ナカムラ美容室,520-2302,野洲市高木,野洲市高木１３３３,１３３３,,S60/03/20,,,,草津
美容所,ニシムラ美粧院,524-0103,守山市洲本町,守山市洲本町１４８７,１４８７,,S50/12/25,,,,草津
美容所,ぱぁーま はうす ＭＩＬＫ,525-0051,草津市木川町,草津市木川町２３３－１,２３３－１,,H12/03/07,,,,草津
美容所,ぱーまやさん,525-0041,草津市青地町,草津市青地町８６４－６,８６４－６,,H15/08/20,,,,草津
美容所,ハガ美容室,520-3047,栗東市手原一丁目,栗東市手原一丁目１－８,１－８,,S62/06/18,,,,草津
美容所,はしもと美容室,520-2423,野洲市西河原,野洲市西河原二丁目２３２２－１,二丁目２３２２－１,,H10/08/07,,,,草津
美容所,はすみ美容室,520-3026,栗東市下鈎,栗東市下鈎１０４６,１０４６,,H01/04/05,,,,草津
美容所,ぱぴよん美容室,520-3015,栗東市安養寺八丁目,栗東市安養寺八丁目７－９,７－９,,S52/11/10,,,,草津
美容所,パーマショップ美美（ビビ）,520-2323,野洲市三上,野洲市三上１９２２－２,１９２２－２,,S61/03/12,,,,草津
美容所,パーマハウス Ａ＆Ｙ,524-0053,守山市横江町,守山市横江町１２５－１,１２５－１,,H03/12/12,,,,草津
美容所,パーマハウス すずらん,525-0041,草津市青地町,草津市青地町３８２－７,３８２－７,,S60/11/25,,,,草津
美容所,パーマハウス 綺沙羅,525-0055,草津市野路町,草津市野路町１０６４,１０６４,,H05/03/29,,,,草津
美容所,パーミングハウス ロゼ,525-0034,草津市草津一丁目,草津市草津一丁目８－１７タウンコ－ト高岡１Ｆ,８－１７タウンコ－ト高岡１Ｆ,,H03/02/21,,,,草津
美容所,ハラ美容室,520-3031,栗東市綣,栗東市綣９０３,９０３,,S50/02/20,,,,草津
美容所,ひかり美容室,525-0028,草津市上笠四丁目,草津市上笠四丁目２９－１－１,２９－１－１,,H12/03/10,,,,草津
美容所,ヒサ美容室,525-0063,草津市南山田町,草津市南山田町４２０－１,４２０－１,,S60/07/08,,,,草津
美容所,ビューティー ターフ,520-3025,栗東市中沢,栗東市中沢２２５－１１,２２５－１１,,H09/04/09,,,,草津
美容所,ビューティーサロン アン,525-0054,草津市東矢倉二丁目,草津市東矢倉二丁目３５－１３,３５－１３,,H17/01/28,,,,草津
美容所,ビューティーサロン エイビ,520-3011,栗東市下戸山,栗東市下戸山１３５０－４３,１３５０－４３,,H18/12/27,,,,草津
美容所,ビューティールーム四季,520-2300,野洲市近江富士二丁目,野洲市近江富士二丁目１－２４,１－２４,,H17/06/21,,,,草津
美容所,ビューティクリニックサロン エメラルド,525-0000,草津市笠山二丁目,草津市笠山二丁目４－３１,４－３１,,H07/08/07,,,,草津
美容所,ビューティサロン ファン守山店,524-0022,守山市守山六丁目,守山市守山六丁目１－１－１０３,１－１－１０３,有限会社ビューティサロン ファン,H08/04/30,,,,草津
美容所,ビューティサロン山本,525-0066,草津市矢橋町,草津市矢橋町１１５１,１１５１,,H09/12/12,,,,草津
美容所,ビューティスペース ＮＡＧＥ（ナージ）,520-3035,栗東市霊仙寺二丁目,栗東市霊仙寺二丁目８－１３,８－１３,,H16/06/24,,,,草津
美容所,ビューティ美咲き,524-0102,守山市水保町,守山市水保町１３３６－３２,１３３６－３２,,H08/06/05,,,,草津
美容所,ビューティ トップ,525-0045,草津市若草五丁目,草津市若草五丁目８ シャンテモ－ル若草Ｂ１,８ シャンテモ－ル若草Ｂ１,,S61/06/18,,,,草津
美容所,ビューティ あけみ,525-0061,草津市北山田町,草津市北山田町８４５－１４,８４５－１４,,S63/03/05,,,,草津
美容所,ビューティＨａＮａ,525-0056,草津市南笠町,草津市南笠町１４５９－８３,１４５９－８３,,H04/04/27,,,,草津
美容所,ビューティーサロン おかだ,525-0004,草津市上寺町,草津市上寺町３８４,３８４,,S58/01/19,,,,草津
美容所,ビューティサロン カール,525-0066,草津市矢橋町,草津市矢橋町２３－４１,２３－４１,,S58/03/25,,,,草津
美容所,ビューティサロン ゆう,525-0054,草津市東矢倉二丁目,草津市東矢倉二丁目９－１３,９－１３,,H02/11/30,,,,草津
美容所,ビューティーサロン ＺＥＮＮＯ,524-0012,守山市播磨田町,守山市播磨田町６８４－３２,６８４－３２,,H01/03/23,,,,草津
美容所,ビューティーサロン アキ,520-3024,栗東市小柿五丁目,栗東市小柿五丁目７－１８,７－１８,,S62/04/10,,,,草津
美容所,ビューティーサロン アート,524-0021,守山市吉身二丁目,守山市吉身二丁目９－２７伊勢屋ビル１Ｆ,９－２７伊勢屋ビル１Ｆ,,S62/07/01,,,,草津
美容所,ビューティーサロン イチムラ,524-0042,守山市焔魔堂町,守山市焔魔堂町２５４,２５４,,S63/11/24,,,,草津
美容所,ビューティーサロン うえさと,524-0054,守山市大林町,守山市大林町２３８－６,２３８－６,,S63/11/02,,,,草津
美容所,ビューティサロン ウェーブ,524-0021,守山市吉身三丁目,守山市吉身三丁目５－３３,５－３３,,H04/05/18,,,,草津
美容所,ビューティーサロン エツコ,524-0021,守山市吉身五丁目,守山市吉身五丁目７－１７,７－１７,,H02/10/01,,,,草津
美容所,ビューティーサロン かをり,525-0071,草津市南笠東一丁目,草津市南笠東一丁目６－３７,６－３７,,S52/04/15,,,,草津
美容所,ビューティーサロン ケイコ,525-0051,草津市木川町,草津市木川町１１１８－５３,１１１８－５３,,S57/08/04,,,,草津
美容所,ビューティサロン サカイ,520-2331,野洲市小篠原,野洲市小篠原９０２－１,９０２－１,,H05/11/30,,,,草津
美容所,ビューティサロン さち,524-0042,守山市焔魔堂町,守山市焔魔堂町２３７－１,２３７－１,,H05/07/22,,,,草津
美容所,ビューティーサロン サン,525-0067,草津市新浜町,草津市新浜町５８１－１,５８１－１,,S55/11/04,,,,草津
美容所,ビューティサロン たがや,525-0028,草津市上笠二丁目,草津市上笠二丁目２７－１８,２７－１８,,S53/11/02,,,,草津
美容所,ビューティーサロン ニシムラ,524-0211,守山市小浜町,守山市小浜町１３２２,１３２２,,H23/02/02,,,,草津
美容所,ビューティーサロン ハッピー,524-0215,守山市幸津川町,守山市幸津川町１３７７,１３７７,,S51/12/20,,,,草津
美容所,ビューティーサロン ヒラオ,524-0022,守山市守山二丁目,守山市守山二丁目１２－２８－１,１２－２８－１,,S60/06/21,,,,草津
美容所,ビューティーサロン ポピー,525-0033,草津市東草津一丁目,草津市東草津一丁目６－５,６－５,,S63/08/08,,,,草津
美容所,ビューティーサロン ゆっ子,524-0031,守山市立入町,守山市立入町２５８－２,２５８－２,,S52/05/24,,,,草津
美容所,ビューティーハウス シロー,525-0066,草津市矢橋町,草津市矢橋町１２２３－５,１２２３－５,,S58/02/10,,,,草津
美容所,ビューティーハウス ライブ,524-0045,守山市金森町,守山市金森町１４０－１４６,１４０－１４６,,S57/10/29,,,,草津
美容所,ヒロ美容室,525-0029,草津市下笠町,草津市下笠町８１６－２９,８１６－２９,,S51/04/02,,,,草津
美容所,ヒロ美容室,525-0029,草津市下笠町,草津市下笠町６８６－６,６８６－６,,H12/02/14,,,,草津
美容所,ビワ美容室,524-0012,守山市播磨田町,守山市播磨田町１２７６－８,１２７６－８,,S45/10/20,,,,草津
美容所,ファイ,525-0054,草津市東矢倉二丁目,草津市東矢倉二丁目３５－１３,３５－１３,有限会社ファイ,H22/03/24,,,,草津
美容所,ふみ美容室,520-3047,栗東市手原三丁目,栗東市手原三丁目３－４,３－４,,H16/03/11,,,,草津
美容所,ヘア＆フェイスサロン エーデル,520-2341,野洲市行畑,野洲市行畑４８２－４４・４５,４８２－４４・４５,,H14/11/18,,,,草津
美容所,ヘア・ウェーブ ポイントワン,525-0066,草津市矢橋町,草津市矢橋町１０－３４,１０－３４,,S58/07/30,,,,草津
美容所,ヘアー リラクゼーション スパ ラピス,524-0102,守山市水保町,守山市水保町北川１２９４－４,北川１２９４－４,,H18/07/27,,,,草津
美容所,ヘアー・アトリエ レティシア,520-3035,栗東市霊仙寺二丁目,栗東市霊仙寺二丁目１－３０,１－３０,,H08/07/26,,,,草津
美容所,ヘアーエステ Ｙｏｓｉｍｉ,525-0041,草津市青地町,草津市青地町１１８－５,１１８－５,,H14/07/10,,,,草津
美容所,ヘアーギャラリー アッシュ,520-2331,野洲市小篠原,野洲市小篠原１２３６,１２３６,,H20/05/02,,,,草津
美容所,ヘアークラブ アドウマンシャイ,524-0037,守山市梅田町,守山市梅田町２－１セルバ１Ｆ １０７,２－１セルバ１Ｆ １０７,有限会社おしゃれの館グル－プ,H08/06/19,,,,草津
美容所,ヘアークラブ クレイン,524-0016,守山市荒見町,守山市荒見町４１－３,４１－３,,H08/02/16,,,,草津
美容所,ヘアークリニック ヴァン・ドウ,525-0028,草津市上笠三丁目,草津市上笠三丁目２１－９,２１－９,,H10/11/02,,,,草津
美容所,ヘアーサロン岸,524-0022,守山市守山一丁目,守山市守山一丁目９－８,９－８,,H17/10/25,,,,草津
美容所,ヘアースタジオ エクリュー,520-3015,栗東市安養寺一丁目,栗東市安養寺一丁目４－８,４－８,,H10/03/06,,,,草津
美容所,ヘアースタジオ シーナ,520-3026,栗東市下鈎,栗東市下鈎１１９５－４３,１１９５－４３,,H17/04/13,,,,草津
美容所,ヘアーチェンジＴ’,520-2333,野洲市栄,野洲市栄３４－１５,３４－１５,,H14/07/01,,,,草津
美容所,ヘアーフィールド ＢｅＳｔｅｐ,525-0046,草津市追分町,草津市追分町５３－１ ルネス・アン,５３－１ ルネス・アン,,H11/04/12,,,,草津
美容所,ヘアーメイク ＮＡＴＳＵ ＆ＨＥＲＯ,520-3045,栗東市高野,栗東市高野５９６Ｕ 遊アイランド内,５９６Ｕ 遊アイランド内,株式会社ウエルト,H07/11/07,,,,草津
美容所,Ｔ ｗｉｔｈ Ｄ ｃｏｌｌｅｃｔｉｏｎ,525-0058,草津市野路東五丁目,草津市野路東五丁目２５－２３－１０３,２５－２３－１０３,,H14/03/01,,,,草津
美容所,ヘアーメイク ラ・リヴィエール,525-0071,草津市南笠東三丁目,草津市南笠東三丁目１７－２４,１７－２４,,H09/05/08,,,,草津
美容所,ヘアーカッター ウィンズ,520-3024,栗東市小柿七丁目,栗東市小柿七丁目９－１４,９－１４,,S62/12/10,,,,草津
美容所,ヘアーギャラリー アッシュ,525-0028,草津市上笠四丁目,草津市上笠四丁目２－２８,２－２８,,H03/05/17,,,,草津
美容所,ヘアスタジオ ポラリス,524-0021,守山市吉身三丁目,守山市吉身三丁目１１－１５ 南貸ビル１－Ｃ,１１－１５ 南貸ビル１－Ｃ,,H19/06/01,,,,草津
美容所,ヘアースペース ユウ,525-0034,草津市草津三丁目,草津市草津三丁目３－６,３－６,,H01/04/20,,,,草津
美容所,ヘアスペース あみんぐ,520-3024,栗東市小柿十丁目,栗東市小柿十丁目１－７ ルミエ－ル１Ｆ,１－７ ルミエ－ル１Ｆ,,H01/11/10,,,,草津
美容所,ヘアーハウス なないろ,520-3024,栗東市小柿一丁目,栗東市小柿一丁目２－３５,２－３５,,H07/01/10,,,,草津
美容所,ｔａｕ,525-0045,草津市若草八丁目,草津市若草八丁目４－７,４－７,,R08/02/09,,,,草津
美容所,ｂｅａｕｔｙ ｓａｌｏｎ ＰＯＩＳＳＯＮ,525-0031,草津市若竹町,草津市若竹町２－２８－３ 若竹テナントＤ号地Ｌ ２ Ｆ,２－２８－３ 若竹テナントＤ号地Ｌ ２ Ｆ,株式会社アンジージャパン,R08/02/20,,,,草津
美容所,ｃｉｌｕｍｉｅ,525-0028,草津市上笠一丁目,草津市上笠一丁目３０－６０,３０－６０,,R08/03/06,,,,草津
美容所,Ｓｕｚｕ ｂｙ Ｌｉｍｉｅｒ,524-0013,守山市下之郷一丁目,守山市下之郷一丁目３－５１ セルフィーユ下之郷１０２,３－５１ セルフィーユ下之郷１０２,,R08/03/06,,,,草津
美容所,ＬｏｏｓＥＮ,525-0053,草津市矢倉二丁目,草津市矢倉二丁目５－３１,５－３１,,R08/03/11,,,,草津
美容所,ＳＥＥＫ,525-0032,草津市大路三丁目,草津市大路三丁目４－５２,４－５２,,R08/03/30,,,,草津
美容所,ＡＬＬＤＡＹＨＥＬＬＯ‘Ｓ 草津駅前,525-0037,草津市西大路町,草津市西大路町４－３３ シャルムシャトレ１階,４－３３ シャルムシャトレ１階,株式会社Ｂ＆Ｃ,R08/03/30,,,,草津
美容所,Ｅｙｅｌａｓｈ Ｂｅａｕｔｙ Ｓａｌｏｎ ｉｍｅ アイミー 南草津駅店,525-0059,草津市野路一丁目,草津市野路一丁目１６－１ アメニティ南草津ⅤIII １０ ４,１６－１ アメニティ南草津ⅤIII １０ ４,株式会社ＭＯＲＥ,R08/04/06,,,,草津
美容所,ｏｃａｏ,524-0035,守山市阿村町,守山市阿村町１６８－８,１６８－８,,R08/04/08,,,,草津
美容所,ビューティーカラープラス,525-0026,草津市渋川一丁目,草津市渋川一丁目１－５０ ４Ｆ,１－５０ ４Ｆ,株式会社リビアス,R08/04/14,,,,草津
美容所,Ｌｕｃｈeａ,520-3015,栗東市安養寺七丁目,栗東市安養寺七丁目２－１２ ２ＦーＣ,２－１２ ２ＦーＣ,,R08/05/19,,,,草津
美容所,ＣＬＡＭＰ,524-0002,守山市小島町,守山市小島町１４４７－１７,１４４７－１７,,R08/05/28,,,,草津
美容所,ＴＨＲＥＥ,525-0034,草津市草津三丁目,草津市草津三丁目７－８ オクダビル１階 Ｂ号室,７－８ オクダビル１階 Ｂ号室,,R08/06/05,,,,草津
美容所,Ｍａｖｉｅ,525-0072,草津市笠山一丁目,草津市笠山一丁目６－６ ラヴィニア北村Ⅱ １Ｆ,６－６ ラヴィニア北村Ⅱ １Ｆ,,R08/07/02,,,,草津
美容所,ロレインブロウ守山店,524-0041,守山市勝部一丁目,守山市勝部一丁目２－２６ アフロディテ２Ｂ,２－２６ アフロディテ２Ｂ,合同会社アルシェスタイル,R08/06/16,,,,草津
美容所,Ｐｌｕｉｅ,525-0051,草津市木川町,草津市木川町８９６－４,８９６－４,,R08/07/08,,,,草津
美容所,ｎｕ Ｎｏｅｌｌａ,525-0050,草津市南草津一丁目,草津市南草津一丁目１－８－１０２,１－８－１０２,株式会社Ｎｏｅｌｌａ,R08/07/17,,,,草津
美容所,ＢＬＵＥ,528-0067,甲賀市水口町山,甲賀市水口町山２６３０－２,２６３０－２,,H06/11/15,,,,甲賀
美容所,ｃｏｍｏｄｏ,528-0000,甲賀市水口町的場,甲賀市水口町的場６１,６１,,H18/12/25,,,,甲賀
美容所,Ｆｉｎｏ Ｈａｉｒ＆Ｈｅａｌｉｎｇ （フィーノ ヘアーアンドヒーリング）,528-0005,甲賀市水口町水口,甲賀市水口町水口６４４－２３,６４４－２３,,H15/07/07,,,,甲賀
美容所,ＨＡＩＲ ’ＯＬｉ ’ＯＬｉ,528-0066,甲賀市水口町八田,甲賀市水口町八田３２９－５,３２９－５,,H15/02/25,,,,甲賀
美容所,ＨＡＩＲ ＢＡＮＫ,520-3221,湖南市三雲,湖南市三雲２８２番地１,２８２番地１,株式会社仏羅栖館,H17/10/21,,,,甲賀
美容所,ｈａｉｒ ｍａｋｅ ＭＡＴＡＨＡＲＩ,520-3308,甲賀市甲南町野田,甲賀市甲南町野田１０４－５,１０４－５,,H19/02/19,,,,甲賀
美容所,ＨＡＩＲ ＲＥＶＩＶＥＰＩＸＹ,528-0063,甲賀市水口町下山,甲賀市水口町下山６９３－３２０,６９３－３２０,,H07/12/09,,,,甲賀
美容所,ＨＡＩＲ ＳＡＬＯＮ ＮＩＳＨＩＷＡＫＩ,528-0049,甲賀市水口町貴生川,甲賀市水口町貴生川８７９,８７９,,H16/12/07,,,,甲賀
美容所,ｈａｉｒ＆ｂｒｉｄｅｓ ＥＩＧＨＴ,528-0057,甲賀市水口町北脇,甲賀市水口町北脇６４３－３,６４３－３,,H16/05/26,,,,甲賀
美容所,ｈａｉｒ’ｓ ＢＥＡＵ ｅｉｇｈｔ ｐｒ ｏｄｕｃｅ,528-0000,甲賀市水口町的場,甲賀市水口町的場１番地,１番地,有限会社エイト,H17/09/07,,,,甲賀
美容所,ＪＡＭ Ｈａｉｒ Ｓａｌｏｎ,528-0042,甲賀市水口町虫生野中 央,甲賀市水口町虫生野中 央１０６ 鹿深一番館２Ｆ,１０６ 鹿深一番館２Ｆ,,H15/01/10,,,,甲賀
美容所,Ｋｏｙｏ－ｈａｉｒ （コーヨーヘアー）,520-3242,湖南市菩提寺,湖南市菩提寺３３０－６３２,３３０－６３２,,H16/02/06,,,,甲賀
美容所,ＬＡＲＫ ＨＯＵＳＥ,520-3252,湖南市岩根,湖南市岩根６７８－３２０,６７８－３２０,,H06/06/13,,,,甲賀
美容所,Ｍｉｌｋｙ,520-3232,湖南市平松,湖南市平松１０４－２２,１０４－２２,,H13/03/21,,,,甲賀
美容所,Ｐｅａｋ ｈａｉｒ ｍａｋｅ,528-0035,甲賀市水口町名坂,甲賀市水口町名坂１２５５－５,１２５５－５,,H13/07/13,,,,甲賀
美容所,ＰＵＰＡ（ピューパ）,528-0037,甲賀市水口町本綾野,甲賀市水口町本綾野５６６－１,５６６－１,,H12/11/24,,,,甲賀
美容所,ＱＢハウス西友水口店,528-0005,甲賀市水口町水口,甲賀市水口町水口６０８４－１,６０８４－１,キュービーネット株式会社,H18/06/29,,,,甲賀
美容所,Ｒｅ：ＫＡＺＵ,520-3433,甲賀市甲賀町大原市場,甲賀市甲賀町大原市場１７,１７,,H20/01/28,,,,甲賀
美容所,Ｒｏｂｏｔ,520-3221,湖南市三雲,湖南市三雲８８１－１２,８８１－１２,,H18/06/29,,,,甲賀
美容所,Ｓａｌｏｎ’ｓ Ｔｉｋａ,520-3254,湖南市岩根中央二丁目,湖南市岩根中央二丁目１３ ＭＡＴＳＵＢＡビル１Ｆ,１３ ＭＡＴＳＵＢＡビル１Ｆ,,H19/06/01,,,,甲賀
美容所,ＳＥＥＫＳ,520-3426,甲賀市甲賀町田堵野,甲賀市甲賀町田堵野８３４－２,８３４－２,,H13/08/27,,,,甲賀
美容所,Ｓｗａｌｌｏｗ ｔａｉｌ,520-3106,湖南市石部中央四丁目,湖南市石部中央四丁目８－５２ ロイヤルガーデン弐番館１Ｆ－ Ｃ号,８－５２ ロイヤルガーデン弐番館１Ｆ－ Ｃ号,,H18/11/01,,,,甲賀
美容所,ＴＯＭＯＴＯＭＯ美容室,528-0041,甲賀市水口町虫生野,甲賀市水口町虫生野１０５８－３,１０５８－３,,H18/07/25,,,,甲賀
美容所,ＴＯＮ ＴＯＮ Ｈａｉｒ Ｓａｌｏｎ,520-3252,湖南市岩根,湖南市岩根４９９－５１１,４９９－５１１,,H16/12/28,,,,甲賀
美容所,Ｔｕｔｔｉ（トゥッティー）,520-3254,湖南市岩根中央三丁目,湖南市岩根中央三丁目５５ ルミエール雅１階,５５ ルミエール雅１階,,H17/12/15,,,,甲賀
美容所,アールトゥー,520-3211,湖南市高松町,湖南市高松町１０８－２ ５号,１０８－２ ５号,,H16/08/09,,,,甲賀
美容所,アオチ美容室,520-3322,甲賀市甲南町深川,甲賀市甲南町深川２８１６,２８１６,,H07/08/09,,,,甲賀
美容所,あざみ美容室,520-3221,湖南市三雲,湖南市三雲１１１５－１,１１１５－１,,H04/01/20,,,,甲賀
美容所,アトリエ ＬＩＴＴＬＥ ＴＲＥＥ,520-3421,甲賀市甲賀町上野,甲賀市甲賀町上野１８０－１１９,１８０－１１９,,H13/02/27,,,,甲賀
美容所,アムール美容室,520-3242,湖南市菩提寺,湖南市菩提寺１４９２－３５４,１４９２－３５４,,H04/12/22,,,,甲賀
美容所,いぬい美容室,528-0024,甲賀市水口町中邸,甲賀市水口町中邸１－４４,１－４４,,H02/06/20,,,,甲賀
美容所,ウエダ美容室,529-1841,甲賀市信楽町上朝宮,甲賀市信楽町上朝宮７７３－４,７７３－４,,H14/11/19,,,,甲賀
美容所,エリカ美容室,520-3242,湖南市菩提寺,湖南市菩提寺１０５０－１,１０５０－１,,H18/11/06,,,,甲賀
美容所,エルテ美容室,520-3101,湖南市石部,湖南市石部２８００,２８００,,H03/03/30,,,,甲賀
美容所,エンゼル美容院,529-1835,甲賀市信楽町長野,甲賀市信楽町長野５９４－１,５９４－１,,S53/12/19,,,,甲賀
美容所,美容かたた,520-3414,甲賀市甲賀町大久保,甲賀市甲賀町大久保２２７－７,２２７－７,,S51/07/29,,,,甲賀
美容所,カオル美容院,520-3107,湖南市石部東三丁目,湖南市石部東三丁目１０－１５,１０－１５,,H07/11/21,,,,甲賀
美容所,カオル美容室,528-0021,甲賀市水口町八光,甲賀市水口町八光３－４５,３－４５,,S38/03/14,,,,甲賀
美容所,カット＆フェイス ラ・セーヌ,520-3104,湖南市岡出一丁目,湖南市岡出一丁目１－３５,１－３５,,S61/12/16,,,,甲賀
美容所,カットスタジオ 亜土里絵,528-0002,甲賀市水口町今郷,甲賀市水口町今郷７７６－２,７７６－２,,S55/07/01,,,,甲賀
美容所,カットゾーン ナナ,528-0058,甲賀市水口町北泉一丁 目,甲賀市水口町北泉一丁 目５０－１ ノールフォンテーヌ２番館１０ １,５０－１ ノールフォンテーヌ２番館１０ １,,H18/11/16,,,,甲賀
美容所,カットハウス ＡＺＡ（アズア）,520-3333,甲賀市甲南町希望ケ丘 一丁目,甲賀市甲南町希望ケ丘 一丁目５－１０,５－１０,,H18/03/23,,,,甲賀
美容所,カットハウス ジュネス,520-3233,湖南市柑子袋,湖南市柑子袋１０９１－１５,１０９１－１５,,H09/02/24,,,,甲賀
美容所,カマダ美容室,520-3101,湖南市石部,湖南市石部１２９４－３,１２９４－３,,H05/11/30,,,,甲賀
美容所,くらた美容室,528-0051,甲賀市水口町北内貴,甲賀市水口町北内貴５６７,５６７,,H06/02/01,,,,甲賀
美容所,サチー美容室,528-0012,甲賀市水口町暁,甲賀市水口町暁１－２,１－２,,S46/08/06,,,,甲賀
美容所,サロン・ド・すずか,520-3411,甲賀市甲賀町神,甲賀市甲賀町神１６１７,１６１７,,H13/11/30,,,,甲賀
美容所,サロンド ピュア,520-3254,湖南市岩根中央三丁目,湖南市岩根中央三丁目２７－１サンハイツⅡ１０３,２７－１サンハイツⅡ１０３,,H08/11/30,,,,甲賀
美容所,サロンドまゆみ,528-0037,甲賀市水口町本綾野,甲賀市水口町本綾野５６６－１ アル・プラザ水口店２Ｆ カ ルチャーセンターＮｏ．２,５６６－１ アル・プラザ水口店２Ｆ カ ルチャーセンターＮｏ．２,,H20/10/17,,,,甲賀
美容所,スーパーヘア モア 長岡,520-3215,湖南市水戸町,湖南市水戸町１－７近江マンション１Ｆ,１－７近江マンション１Ｆ,,S55/12/19,,,,甲賀
美容所,スマイル美容室,529-1835,甲賀市信楽町長野,甲賀市信楽町長野４３０－３,４３０－３,,S61/07/18,,,,甲賀
美容所,セントラルスタジオ衣裳館,520-3234,湖南市中央四丁目,湖南市中央四丁目８０,８０,有限会社園田写真スタジオ,H19/11/26,,,,甲賀
美容所,ちぇすまん美容室,520-3106,湖南市石部中央四丁目,湖南市石部中央四丁目２－２４,２－２４,,H03/12/04,,,,甲賀
美容所,ティアラ美容室,528-0007,甲賀市水口町新城,甲賀市水口町新城７９８－１,７９８－１,,H02/02/28,,,,甲賀
美容所,トータルフォトスタジオ オリーブ,528-0015,甲賀市水口町松栄,甲賀市水口町松栄３－２４,３－２４,株式会社フジタ写真,H20/03/03,,,,甲賀
美容所,ナカムラ美容室,520-3308,甲賀市甲南町野田,甲賀市甲南町野田５９７－１,５９７－１,,H01/11/08,,,,甲賀
美容所,のぶ美容室,520-3435,甲賀市甲賀町相模,甲賀市甲賀町相模３９５,３９５,,S45/10/27,,,,甲賀
美容所,のぶ美容室,528-0212,甲賀市土山町南土山,甲賀市土山町南土山２３６－１,２３６－１,,S34/02/12,,,,甲賀
美容所,パーマハウス けいこ,520-3234,湖南市中央四丁目,湖南市中央四丁目６,６,,S60/11/13,,,,甲賀
美容所,パーマハウス ドリーム,520-3242,湖南市菩提寺,湖南市菩提寺１４９１－２５０,１４９１－２５０,,S62/10/19,,,,甲賀
美容所,パーミングハウス くれよん,520-3333,甲賀市甲南町希望ケ丘 五丁目,甲賀市甲南町希望ケ丘 五丁目６－２,６－２,,S63/11/05,,,,甲賀
美容所,パール美容,520-3332,甲賀市甲南町希望ケ丘 本町二丁目,甲賀市甲南町希望ケ丘 本町二丁目２５０１－８７,２５０１－８７,,S56/06/01,,,,甲賀
美容所,ハセ美容室,528-0021,甲賀市水口町八光,甲賀市水口町八光１－７,１－７,,H14/12/03,,,,甲賀
美容所,ハマ美容室,529-1811,甲賀市信楽町江田,甲賀市信楽町江田４８１,４８１,,H10/05/19,,,,甲賀
美容所,バンビ美容室,528-0037,甲賀市水口町本綾野,甲賀市水口町本綾野５６６－１平和堂水口店多目的教室,５６６－１平和堂水口店多目的教室,株式会社二条丸八,H10/10/30,,,,甲賀
美容所,ひとみ美容室,528-0211,甲賀市土山町北土山,甲賀市土山町北土山２１９８－４,２１９８－４,,S52/10/27,,,,甲賀
美容所,ビューティー サロン よねやま,528-0031,甲賀市水口町本町三丁 目,甲賀市水口町本町三丁 目２－１２,２－１２,,H11/01/13,,,,甲賀
美容所,ビューティー ミニー・ハウス,520-3242,湖南市菩提寺,湖南市菩提寺３３０－６１３,３３０－６１３,,S59/04/03,,,,甲賀
美容所,ビューティーサロン ダイアナ,520-3215,湖南市水戸町,湖南市水戸町２２－２０,２２－２０,,S60/10/11,,,,甲賀
美容所,ビューティーサロン ポプリ,520-3234,湖南市中央四丁目,湖南市中央四丁目２０,２０,,S58/10/01,,,,甲賀
美容所,癒しのスペース１０１,528-0034,甲賀市水口町日電,甲賀市水口町日電１－２０,１－２０,,H05/10/12,,,,甲賀
美容所,ビューティーハウス ボンニー,528-0043,甲賀市水口町杣中,甲賀市水口町杣中３５７,３５７,,S62/05/27,,,,甲賀
美容所,Ｂｅａｕｔｙ Ｋ,520-3107,湖南市石部東六丁目,湖南市石部東六丁目６－３５,６－３５,,S60/11/22,,,,甲賀
美容所,ビューティサロン アムール,528-0056,甲賀市水口町泉,甲賀市水口町泉１－１,１－１,,H01/02/15,,,,甲賀
美容所,ビューティサロン かずこ,520-3322,甲賀市甲南町深川,甲賀市甲南町深川２０２３,２０２３,,S57/10/02,,,,甲賀
美容所,ビューティサロン カワサキ,520-3431,甲賀市甲賀町大原中,甲賀市甲賀町大原中６６５,６６５,,S54/12/15,,,,甲賀
美容所,ビューティサロン すぎもと,520-3421,甲賀市甲賀町上野,甲賀市甲賀町上野１３９４－１,１３９４－１,,S53/07/27,,,,甲賀
美容所,ビューティサロン とくだ,528-0022,甲賀市水口町梅が丘,甲賀市水口町梅が丘６－３６,６－３６,,S53/04/11,,,,甲賀
美容所,ビューティサロン ヒロオカ,520-3433,甲賀市甲賀町大原市場,甲賀市甲賀町大原市場９－２,９－２,,S56/06/20,,,,甲賀
美容所,ビューティサロン ヨシフク,520-3322,甲賀市甲南町深川,甲賀市甲南町深川１７２９,１７２９,,S56/12/08,,,,甲賀
美容所,ビューティサロン 辻,520-3301,甲賀市甲南町寺庄,甲賀市甲南町寺庄６７４－１２,６７４－１２,,S54/10/20,,,,甲賀
美容所,ビューティサロン都,528-0211,甲賀市土山町北土山,甲賀市土山町北土山１４３９番地７,１４３９番地７,,H14/06/25,,,,甲賀
美容所,ビュティーサロン よぐーる,520-3307,甲賀市甲南町野尻,甲賀市甲南町野尻１０４－１,１０４－１,,H06/11/11,,,,甲賀
美容所,ヒロ美容室,528-0212,甲賀市土山町南土山,甲賀市土山町南土山４４１,４４１,,S56/07/21,,,,甲賀
美容所,ヒロ美容室,520-3221,湖南市三雲,湖南市三雲１２８２－１,１２８２－１,,H20/03/01,,,,甲賀
美容所,フジ美容室,529-1835,甲賀市信楽町長野,甲賀市信楽町長野４７７－４,４７７－４,,S49/12/19,,,,甲賀
美容所,フローレンス 歩,528-0067,甲賀市水口町山,甲賀市水口町山３３５０－９１,３３５０－９１,,H05/03/24,,,,甲賀
美容所,ヘアーサロン ＮＡＫＡＭＯＲＩ,529-1811,甲賀市信楽町江田,甲賀市信楽町江田７１８－２,７１８－２,,H17/06/07,,,,甲賀
美容所,ヘアーサロン シャルム,520-3101,湖南市石部,湖南市石部１５５０－１,１５５０－１,,H06/10/13,,,,甲賀
美容所,ヘアースタジオ Ｂａｏｂａｂ,520-3231,湖南市針,湖南市針３０５－９,３０５－９,,H19/10/09,,,,甲賀
美容所,ヘアーブティック 綺羅,520-3223,湖南市夏見,湖南市夏見１５９９,１５９９,,S61/05/08,,,,甲賀
美容所,ヘアーメイク アズ,520-3242,湖南市菩提寺,湖南市菩提寺２０９３－５０,２０９３－５０,,H14/09/17,,,,甲賀
美容所,ヘアーメイク ピカソ,528-0042,甲賀市水口町虫生野中 央,甲賀市水口町虫生野中 央４５,４５,,H13/05/30,,,,甲賀
美容所,ベル美容室,528--006,甲賀市水口町城東,甲賀市水口町城東５－５６,５－５６,,H01/04/08,,,,甲賀
美容所,まき美容室,520-3201,湖南市下田,湖南市下田１４９５,１４９５,,H11/07/01,,,,甲賀
美容所,マスミ美容院,529-1835,甲賀市信楽町長野,甲賀市信楽町長野５１６－１２,５１６－１２,,S63/12/19,,,,甲賀
美容所,まもる美容室,528-0049,甲賀市水口町貴生川二 丁目,甲賀市水口町貴生川二 丁目３６８－１,３６８－１,,S59/04/03,,,,甲賀
美容所,マルエー美容室,520-3322,甲賀市甲南町深川,甲賀市甲南町深川２１７８,２１７８,,S28/07/01,,,,甲賀
美容所,マルミ,528-0031,甲賀市水口町本町一丁 目,甲賀市水口町本町一丁 目５－２５,５－２５,,S49/09/03,,,,甲賀
美容所,ミエ美容室,528-0031,甲賀市水口町本町二丁 目,甲賀市水口町本町二丁 目５－７,５－７,,H07/11/24,,,,甲賀
美容所,ミサ美容室,528-0234,甲賀市土山町徳原,甲賀市土山町徳原２０９,２０９,,S59/05/08,,,,甲賀
美容所,みどり美容室,520-3422,甲賀市甲賀町和田,甲賀市甲賀町和田５００,５００,,S54/12/07,,,,甲賀
美容所,ムーラン美容室,529-1835,甲賀市信楽町長野,甲賀市信楽町長野１１５８,１１５８,,H03/12/13,,,,甲賀
美容所,やすい美容室,528-0017,甲賀市水口町京町,甲賀市水口町京町１－３３,１－３３,,S57/12/16,,,,甲賀
美容所,ゆうき美容室,528-0035,甲賀市水口町名坂,甲賀市水口町名坂１２６１－１３,１２６１－１３,,S52/09/13,,,,甲賀
美容所,ゆき美容室,520-3201,湖南市下田,湖南市下田２７５８－３０,２７５８－３０,,S53/11/13,,,,甲賀
美容所,ユキ美容室,520-3106,湖南市石部中央四丁目,湖南市石部中央四丁目４－１７,４－１７,,H06/05/10,,,,甲賀
美容所,ライム美容室,520-3313,甲賀市甲南町新治,甲賀市甲南町新治１４７９－８,１４７９－８,,S58/10/20,,,,甲賀
美容所,リリー美容室,520-3201,湖南市下田,湖南市下田１５４３,１５４３,,S43/07/30,,,,甲賀
美容所,ワゴン,520-3242,湖南市菩提寺,湖南市菩提寺１５３０－４,１５３０－４,,H19/11/22,,,,甲賀
美容所,ワタベファミリークラブ株式会社,528-0037,甲賀市水口町本綾野,甲賀市水口町本綾野５６６－１,５６６－１,,H13/10/22,,,,甲賀
美容所,栄美容室,528-0012,甲賀市水口町暁,甲賀市水口町暁３－５６,３－５６,,S41/10/13,,,,甲賀
美容所,加代,529-1804,甲賀市信楽町勅旨,甲賀市信楽町勅旨１８５４,１８５４,,S47/08/10,,,,甲賀
美容所,銀星美容室,528-0073,甲賀市水口町古城が丘,甲賀市水口町古城が丘３－３４,３－３４,,S41/08/02,,,,甲賀
美容所,結美容室,529-1836,甲賀市信楽町柞原,甲賀市信楽町柞原２３３－１,２３３－１,,H01/11/24,,,,甲賀
美容所,山中美容室,528-0066,甲賀市水口町八田,甲賀市水口町八田３６８,３６８,,H02/10/12,,,,甲賀
美容所,渚美容室,528-0231,甲賀市土山町頓宮,甲賀市土山町頓宮２６３－１,２６３－１,,S49/06/11,,,,甲賀
美容所,松岡美容室,528-0208,甲賀市土山町黒川,甲賀市土山町黒川２３１８,２３１８,,H20/01/07,,,,甲賀
美容所,上田美容室,529-1835,甲賀市信楽町長野,甲賀市信楽町長野８８２－５,８８２－５,,H12/11/06,,,,甲賀
美容所,千歳美容室,520-3223,湖南市夏見,湖南市夏見１５５１－１,１５５１－１,,S52/02/22,,,,甲賀
美容所,オオヤ美容室,520-3323,甲賀市甲南町深川市場,甲賀市甲南町深川市場１０２－１,１０２－１,,S49/02/22,,,,甲賀
美容所,池田美容室,520-3221,湖南市三雲,湖南市三雲８５－９,８５－９,,S45/06/01,,,,甲賀
美容所,ａｌｌａｙ,528-0049,甲賀市水口町貴生川,甲賀市水口町貴生川３１７－９,３１７－９,,H13/01/30,,,,甲賀
美容所,梅の花,520-3332,甲賀市甲南町希望ケ丘 本町八丁目,甲賀市甲南町希望ケ丘 本町八丁目８５７－２７５,８５７－２７５,,H20/04/10,,,,甲賀
美容所,半谷・ＣＩＤＡ,520-3222,湖南市吉永,湖南市吉永３５１番地寿苑ビル１階,３５１番地寿苑ビル１階,,H16/06/21,,,,甲賀
美容所,美装,528-0037,甲賀市水口町本綾野,甲賀市水口町本綾野５６６－１平和堂２Ｆ多目的教室,５６６－１平和堂２Ｆ多目的教室,,H08/11/02,,,,甲賀
美容所,美容 むらき,528-0202,甲賀市土山町鮎河,甲賀市土山町鮎河１０８４,１０８４,,S53/06/01,,,,甲賀
美容所,美容 岸上,529-1803,甲賀市信楽町牧,甲賀市信楽町牧６１４－２,６１４－２,有限会社岸上,H14/12/11,,,,甲賀
美容所,美容 桃代,528-0014,甲賀市水口町鹿深,甲賀市水口町鹿深１－３５,１－３５,,S62/02/08,,,,甲賀
美容所,美容ＫＡＯＲＵ,529-1841,甲賀市信楽町上朝宮,甲賀市信楽町上朝宮５１０,５１０,,H13/06/27,,,,甲賀
美容所,美容プラージュ水口店,528-0033,甲賀市水口町綾野,甲賀市水口町綾野３－５８,３－５８,阪南理美容株式会社,H13/03/13,,,,甲賀
美容所,美容室 オブラン,520-3252,湖南市岩根,湖南市岩根８６６－１ マルエスＡＮＮＥＸ ２Ｆ,８６６－１ マルエスＡＮＮＥＸ ２Ｆ,,H04/04/30,,,,甲賀
美容所,美容室 Ｍ’ｓ,529-1801,甲賀市信楽町宮町,甲賀市信楽町宮町６５５,６５５,,H20/07/07,,,,甲賀
美容所,美容室 ＶＥＮＵＳ,528-0034,甲賀市水口町日電,甲賀市水口町日電１－６ Ｋー２８ １Ｆ,１－６ Ｋー２８ １Ｆ,,H20/03/11,,,,甲賀
美容所,美容室 あそう,520-3233,湖南市柑子袋,湖南市柑子袋１４９７－２１,１４９７－２１,,H08/12/01,,,,甲賀
美容所,美容室 いしだ,528-0211,甲賀市土山町北土山,甲賀市土山町北土山１５９９－３,１５９９－３,,S51/11/30,,,,甲賀
美容所,美容室 ヴィーナス プラス,528-0033,甲賀市水口町綾野,甲賀市水口町綾野６２８ Ｋ－２５ ２Ｆ,６２８ Ｋ－２５ ２Ｆ,,H10/05/06,,,,甲賀
美容所,美容室 ヴィヴィアン,528-0063,甲賀市水口町下山,甲賀市水口町下山６２０－１,６２０－１,,H04/11/30,,,,甲賀
美容所,美容室 おーにし,529-1802,甲賀市信楽町黄瀬,甲賀市信楽町黄瀬８４２,８４２,,S53/11/07,,,,甲賀
美容所,美容室 クレアール,520-3252,湖南市岩根,湖南市岩根３３６０－１,３３６０－１,,H08/11/01,,,,甲賀
美容所,美容室 クロワッサン,520-3216,湖南市若竹町,湖南市若竹町１－６,１－６,,S59/12/08,,,,甲賀
美容所,美容室 はしもと,520-3106,湖南市石部中央四丁目,湖南市石部中央四丁目１－１４,１－１４,,H08/06/28,,,,甲賀
美容所,美容室 ビートル ジャック,520-3233,湖南市柑子袋,湖南市柑子袋２８７サンシャイン甲西別館,２８７サンシャイン甲西別館,有限会社デザインスペース,H16/11/16,,,,甲賀
美容所,美容室 フォレット,520-3216,湖南市若竹町,湖南市若竹町７－２２,７－２２,,H19/11/07,,,,甲賀
美容所,美容室３３７,520-3433,甲賀市甲賀町大原市場,甲賀市甲賀町大原市場５０６－１,５０６－１,,H14/12/10,,,,甲賀
美容所,美容室Ａ２,520-3232,湖南市平松北三丁目,湖南市平松北三丁目２１,２１,,H14/01/22,,,,甲賀
美容所,美容室グディ,528-0005,甲賀市水口町水口,甲賀市水口町水口６０８４－１ 西友水口店１Ｆ,６０８４－１ 西友水口店１Ｆ,株式会社ビューティスピカ,H11/06/22,,,,甲賀
美容所,美容室スタイル,528-0007,甲賀市水口町新城,甲賀市水口町新城１４４４,１４４４,,H09/05/03,,,,甲賀
美容所,美容室ポニー,528-0038,甲賀市水口町新町一丁 目,甲賀市水口町新町一丁 目３－１４,３－１４,,H16/02/24,,,,甲賀
美容所,北川美容室,528-0031,甲賀市水口町本町二丁 目,甲賀市水口町本町二丁 目３－１３,３－１３,,S58/12/19,,,,甲賀
美容所,陽光美容室,528-0026,甲賀市水口町東林口,甲賀市水口町東林口１－６３,１－６３,,S51/06/10,,,,甲賀
美容所,Ｌｉｅｎ－ｈａｉｒ,520-3234,湖南市中央二丁目,湖南市中央二丁目２９－２,２９－２,,H21/02/02,,,,甲賀
美容所,Ｃｈｅｖｅｕｘ ｒｅｖｅ〈シュヴー レー ヴ〉,528-0208,甲賀市土山町黒川,甲賀市土山町黒川１９６９,１９６９,,H21/04/06,,,,甲賀
美容所,ｎａｌｕ,528-0034,甲賀市水口町日電,甲賀市水口町日電１－６ ２Ｆ,１－６ ２Ｆ,,H21/05/22,,,,甲賀
美容所,Ｈａｉｒ Ｍａｋｅ 円舞曲,520-3308,甲賀市甲南町野田,甲賀市甲南町野田８６３－１,８６３－１,,H21/06/24,,,,甲賀
美容所,ａｔｔｉｃ,520-3232,湖南市平松北一丁目,湖南市平松北一丁目４６番地美松プラザ１Ｆ,４６番地美松プラザ１Ｆ,,H21/09/16,,,,甲賀
美容所,美容室 Ｎａｔｕｒｅ,520-3242,湖南市菩提寺,湖南市菩提寺１４９２－１３５,１４９２－１３５,,H21/10/13,,,,甲賀
美容所,ミキ,529-1851,甲賀市信楽町長野,甲賀市信楽町長野６８６－８,６８６－８,,H22/02/08,,,,甲賀
美容所,Ｇｌｏｗ,528-0034,甲賀市水口町日電,甲賀市水口町日電１－１６,１－１６,,H22/03/02,,,,甲賀
美容所,ヒーリングストーンスパ 美の癒し 水口店,528-0032,甲賀市水口町八坂,甲賀市水口町八坂８－４０,８－４０,,H22/02/15,,,,甲賀
美容所,サンテラボ,520-3214,湖南市梅影町,湖南市梅影町３－１３ ２Ｆ,３－１３ ２Ｆ,,H22/03/01,,,,甲賀
美容所,Ａｂｏｕｔ,520-3234,湖南市中央五丁目,湖南市中央五丁目６９番地,６９番地,,H22/04/13,,,,甲賀
美容所,ロマン美容室,520-3252,湖南市岩根,湖南市岩根９７２－３,９７２－３,,H22/06/21,,,,甲賀
美容所,カットハウス おくだ,520-3322,甲賀市甲南町深川,甲賀市甲南町深川２２３８,２２３８,,H22/09/06,,,,甲賀
美容所,順風満帆堂,528-0211,甲賀市土山町北土山,甲賀市土山町北土山１０５０－４５,１０５０－４５,,H22/11/25,,,,甲賀
美容所,Ａ Ｂａｌａｎｃｅ,520-3242,湖南市菩提寺,湖南市菩提寺１５３０－４,１５３０－４,,H22/12/24,,,,甲賀
美容所,ヘアーサロン 山元,520-3201,湖南市下田,湖南市下田２２３５－５６,２２３５－５６,,H23/01/01,,,,甲賀
美容所,ｈａｉｒｓａｌｏｎ ｋｏｔｏｒｉｉ,520-3201,湖南市下田,湖南市下田２２３５－１４１,２２３５－１４１,,H23/06/21,,,,甲賀
美容所,ビューティーサロンルノール,528-0034,甲賀市水口町日電,甲賀市水口町日電１－２０,１－２０,,H23/10/18,,,,甲賀
美容所,ＲＩＳＥ ＨＡＩＲ,528-0233,甲賀市土山町市場,甲賀市土山町市場３６２－２光陽テナント１Ｆ１号室,３６２－２光陽テナント１Ｆ１号室,,H23/11/15,,,,甲賀
美容所,Ｒｅｊｏｉｃｅ,520-3201,湖南市下田,湖南市下田６３８－４６,６３８－４６,,H24/03/30,,,,甲賀
美容所,ｂｕｌｂ ｈａｉｒ,528-0024,甲賀市水口町中邸,甲賀市水口町中邸５－４８,５－４８,,H24/04/06,,,,甲賀
美容所,クリエイションハウスミレー,528-0035,甲賀市水口町名坂,甲賀市水口町名坂８９,８９,,H24/09/06,,,,甲賀
美容所,ｆａｍｉｌｌｅ×阿星,520-3108,湖南市石部南四丁目,湖南市石部南四丁目５－６,５－６,,H25/01/15,,,,甲賀
美容所,ｃｏｕ ｃｏｕ,520-3221,湖南市三雲,湖南市三雲８３０－３１,８３０－３１,,H25/01/24,,,,甲賀
美容所,ｓａｌｏｎ ｄｅ ｓｏｉｎ,520-3241,湖南市北山台一丁目,湖南市北山台一丁目１８－７,１８－７,,H25/02/25,,,,甲賀
美容所,ｍｉｎｏ‘ａｋａ,520-3248,湖南市菩提寺西二丁目,湖南市菩提寺西二丁目１０－４６,１０－４６,,H25/02/27,,,,甲賀
美容所,ｈａｉｒ’ｓ ＢＥＡＵ ａＲｃ,528-0015,甲賀市水口町松栄,甲賀市水口町松栄３－２０,３－２０,有限会社エイト,H25/06/03,,,,甲賀
美容所,美容室 ビートルジャック,520-3233,湖南市柑子袋,湖南市柑子袋２８７ サンシャイン甲西別館,２８７ サンシャイン甲西別館,株式会社ｈ＆ｂ,H25/05/24,,,,甲賀
美容所,ｈａｉｒ ｓａｌｏｎ ＲａＬｕ,520-3313,甲賀市甲南町新治,甲賀市甲南町新治２０２３,２０２３,,H25/06/25,,,,甲賀
美容所,Ｋｏｔｉ,520-3105,湖南市石部西三丁目,湖南市石部西三丁目２－７０－３,２－７０－３,,H25/11/01,,,,甲賀
美容所,山脇美容室,520-3107,湖南市石部東八丁目,湖南市石部東八丁目８－１３,８－１３,,H25/12/09,,,,甲賀
美容所,いつわ美容院,520-3221,湖南市三雲,湖南市三雲３６８－１,３６８－１,,H25/12/06,,,,甲賀
美容所,Ｓｗｉｔｃｈ,520-3216,湖南市若竹町,湖南市若竹町２５－１５,２５－１５,,H26/02/05,,,,甲賀
美容所,ＲＩＴＯ,528-0058,甲賀市水口町北泉一丁 目,甲賀市水口町北泉一丁 目１－１１,１－１１,,H26/03/06,,,,甲賀
美容所,美容室 さくら,520-3247,湖南市菩提寺東二丁目,湖南市菩提寺東二丁目２－１７,２－１７,,H26/04/28,,,,甲賀
美容所,ｈａｉｒ ｂｌａｎ ｎｏｉｒ,520-3106,湖南市石部中央四丁目,湖南市石部中央四丁目３－２８,３－２８,,H26/05/19,,,,甲賀
美容所,マーブルマーブル,528-0056,甲賀市水口町泉,甲賀市水口町泉１４０５,１４０５,,H26/08/06,,,,甲賀
美容所,アレンジ イオン湖南店,520-3252,湖南市岩根,湖南市岩根４５８０,４５８０,株式会社アレンジ,H27/02/27,,,,甲賀
美容所,Ｋａｔｓｉｎａ,520-3232,湖南市平松北二丁目,湖南市平松北二丁目８６メゾンドＷＩＮⅡ,８６メゾンドＷＩＮⅡ,,H27/03/13,,,,甲賀
美容所,ｃｒａｗｌ,520-3233,湖南市柑子袋,湖南市柑子袋１４１－１,１４１－１,,H27/07/07,,,,甲賀
美容所,ＰＥＣＯＳ,520-3214,湖南市梅影町,湖南市梅影町１－８７,１－８７,,H27/07/16,,,,甲賀
美容所,Ｂｉｔｏｈ’ｓ,520-3222,湖南市吉永,湖南市吉永２２３－４４,２２３－４４,,H27/09/15,,,,甲賀
美容所,ｆｒｏｌｉｃ ｈａｉｒ,528-0031,甲賀市水口町本町三丁 目,甲賀市水口町本町三丁 目２－３２,２－３２,,H27/12/24,,,,甲賀
美容所,ＳＯＬＭＯＮＥ ｈａｉｒ ＆ ｅｙｅ ｅ ｘｔｅｎｓｉｏｎ,528-0031,甲賀市水口町本町三丁 目,甲賀市水口町本町三丁 目２４２８－１ 水口スクエア１号館２Ｆ,２４２８－１ 水口スクエア１号館２Ｆ,靖安株式会社,H28/01/26,,,,甲賀
美容所,カットコムズ石部,520-3106,湖南市石部中央六丁目,湖南市石部中央六丁目１－３１ 平和堂石部店内１Ｆ,１－３１ 平和堂石部店内１Ｆ,,H28/06/06,,,,甲賀
美容所,さくら 三重８３０さ２４２５,,,滋賀県一円（大津市を除く）,滋賀県一円（大津市を除く）,,H28/11/25,,,,甲賀
美容所,Ｓｗｉｔｃｈ,520-3216,湖南市若竹町,湖南市若竹町２５－１５,２５－１５,,H29/03/03,,,,甲賀
美容所,ヘアーショップ ライカ・カンパニー,528-0031,甲賀市水口町本町二丁 目,甲賀市水口町本町二丁 目２－２１,２－２１,,H29/03/23,,,,甲賀
美容所,Ｌａ ｐｅｒｌｅ,528-0064,甲賀市水口町伴中山,甲賀市水口町伴中山２３７６－６,２３７６－６,,H29/03/30,,,,甲賀
美容所,ｅｙｅｌａｓｈ ｓａｌｏｎ ＬＯＳＩＳ,528-0007,甲賀市水口町新城,甲賀市水口町新城１１－４,１１－４,,H29/04/10,,,,甲賀
美容所,コクア ビューティー ギャラリー,528-0072,甲賀市水口町朝日が丘,甲賀市水口町朝日が丘６－１７,６－１７,,H29/04/27,,,,甲賀
美容所,バシャール,528-0042,甲賀市水口町虫生野中 央,甲賀市水口町虫生野中 央４３ ライトシティビル１Ｆ,４３ ライトシティビル１Ｆ,,H29/04/28,,,,甲賀
美容所,Ｃｉｅｌ,528-0049,甲賀市水口町貴生川,甲賀市水口町貴生川２３３－２,２３３－２,有限会社エイト,H29/06/09,,,,甲賀
美容所,髪染本舗 水口店,528-0013,甲賀市水口町宮の前,甲賀市水口町宮の前１－４８６６－３,１－４８６６－３,ハングアウト株式会社,H29/07/10,,,,甲賀
美容所,ロロ,528-0055,甲賀市水口町植,甲賀市水口町植３８５－３,３８５－３,,H30/02/01,,,,甲賀
美容所,ヘアメイク ティーズ,525-0054,草津市東矢倉二丁目,草津市東矢倉二丁目５－２４アメニティ草津１階,５－２４アメニティ草津１階,,H10/02/03,,,,草津
美容所,ポイント ワン,525-0055,草津市野路町,草津市野路町４６７－１７,４６７－１７,,H06/07/12,,,,草津
美容所,ポニー美容室,524-0021,守山市吉身三丁目,守山市吉身三丁目１７－８,１７－８,,S57/08/31,,,,草津
美容所,ミエ美容室,520-3015,栗東市安養寺七丁目,栗東市安養寺七丁目２－４,２－４,,S54/11/19,,,,草津
美容所,ミエ美容室 トレセン店,520-3005,栗東市御園,栗東市御園１０２８トレセン コ－ラル内,１０２８トレセン コ－ラル内,,H04/12/22,,,,草津
美容所,ムゼオ,525-0028,草津市上笠二丁目,草津市上笠二丁目１７－６ アーバス草津１Ｆ,１７－６ アーバス草津１Ｆ,,H15/02/07,,,,草津
美容所,めぐみ美容室,525-0056,草津市南笠町,草津市南笠町１４７２－３１,１４７２－３１,,S60/07/22,,,,草津
美容所,ユキ美容室,524-0013,守山市下之郷町,守山市下之郷町５０３－４,５０３－４,,S43/11/18,,,,草津
美容所,よこ絵 美容室,524-0002,守山市小島町,守山市小島町１４７６－９,１４７６－９,,H11/05/18,,,,草津
美容所,よしこ美容室,520-0201,野洲市吉川,野洲市吉川１１９２,１１９２,,H05/12/07,,,,草津
美容所,ヨシミ美容室,525-0033,草津市東草津一丁目,草津市東草津一丁目２－３７,２－３７,,S45/02/17,,,,草津
美容所,ライラック,524-0102,守山市水保町,守山市水保町１２３２－１１,１２３２－１１,,H17/10/14,,,,草津
美容所,りんず美容室,525-0061,草津市北山田町,草津市北山田町５８－４,５８－４,,H19/05/25,,,,草津
美容所,ルミ美容室,525-0052,草津市西矢倉三丁目,草津市西矢倉三丁目１５－４,１５－４,,S53/01/07,,,,草津
美容所,レイメイ美容室,525-0026,草津市渋川二丁目,草津市渋川二丁目４－２５,４－２５,,S61/08/28,,,,草津
美容所,レビュー,525-0027,草津市野村二丁目,草津市野村二丁目１－９グランシティ西大路１Ｆ,１－９グランシティ西大路１Ｆ,,H15/09/22,,,,草津
美容所,ローレル美容室,520-3015,栗東市安養寺一丁目,栗東市安養寺一丁目１－１１－２２サンワードビル２Ｆ,１－１１－２２サンワードビル２Ｆ,,H08/02/02,,,,草津
美容所,ローズ美容室,525-0028,草津市上笠四丁目,草津市上笠四丁目４－２０,４－２０,,S51/07/08,,,,草津
美容所,ロマン美容室,520-3004,栗東市上砥山,栗東市上砥山２１３３－２,２１３３－２,,H07/08/23,,,,草津
美容所,ワタベファミリークラブ株式会社,525-0025,草津市西渋川一丁目,草津市西渋川一丁目２３－３０ 平和堂アルプラザ草津店内,２３－３０ 平和堂アルプラザ草津店内,,H13/10/22,,,,草津
美容所,宇野美容所,525-0061,草津市北山田町,草津市北山田町８１９,８１９,,S54/12/13,,,,草津
美容所,永理美容室,525-0065,草津市橋岡町,草津市橋岡町８０－２,８０－２,,S63/12/15,,,,草津
美容所,岡本美容室,520-3014,栗東市川辺,栗東市川辺４９０－１０,４９０－１０,,S64/01/04,,,,草津
美容所,河西美粧院,524-0003,守山市中町,守山市中町２７６,２７６,,S41/03/10,,,,草津
美容所,岸本美容室,525-0034,草津市草津四丁目,草津市草津四丁目１－８,１－８,,S53/04/17,,,,草津
美容所,吉川美容院,520-2423,野洲市西河原,野洲市西河原７０３,７０３,,S46/12/10,,,,草津
美容所,三宅美容室,524-0051,守山市三宅町,守山市三宅町７３８,７３８,,H10/12/22,,,,草津
美容所,山元美容院,525-0029,草津市下笠町,草津市下笠町１２９２－３,１２９２－３,,S42/07/09,,,,草津
美容所,寺田美容室,524-0214,守山市立田町,守山市立田町１５１５－６,１５１５－６,,H08/04/03,,,,草津
美容所,滋賀 創寫舘,524-0101,守山市今浜町,守山市今浜町２５７４－４,２５７４－４,株式会社醍醐,H20/10/07,,,,草津
美容所,寿美容室,524-0021,守山市吉身六丁目,守山市吉身六丁目２－３,２－３,,S51/04/02,,,,草津
美容所,小さな美容室,524-0101,守山市今浜町,守山市今浜町３３８,３３８,,H14/12/04,,,,草津
美容所,松本美容室,524-0051,守山市三宅町,守山市三宅町７６６,７６６,,S40/01/27,,,,草津
美容所,森美容室,520-3021,栗東市蜂屋,栗東市蜂屋８５３,８５３,,S56/08/06,,,,草津
美容所,草津マスミ美容室,525-0071,草津市南笠東四丁目,草津市南笠東四丁目８－６,８－６,,S51/01/31,,,,草津
美容所,村上美容室,520-2304,野洲市永原,野洲市永原７０７－１,７０７－１,,H16/01/20,,,,草津
美容所,中沢美容室,520-3035,栗東市霊仙寺一丁目,栗東市霊仙寺一丁目３－２３,３－２３,,S57/09/20,,,,草津
美容所,髪結 愛,525-0051,草津市木川町,草津市木川町９７０,９７０,,H02/11/16,,,,草津
美容所,髪結～風雅～,520-2300,野洲市近江富士五丁目,野洲市近江富士五丁目３－１３,３－１３,,H17/11/27,,,,草津
美容所,髪処 風雅,525-0027,草津市野村二丁目,草津市野村二丁目１９－４ Ｓビル１Ｆ,１９－４ Ｓビル１Ｆ,,H15/10/08,,,,草津
美容所,美・ルネッサンス,524-0101,守山市今浜町,守山市今浜町十軒家２８７６ラフォーレ琵琶湖Ｂ１,十軒家２８７６ラフォーレ琵琶湖Ｂ１,有限会社おしゃれの館グル－プ,H07/12/01,,,,草津
美容所,美容カットエー草津店,525-0032,草津市大路一丁目,草津市大路一丁目１４－３,１４－３,株式会社カットツイン,H17/02/14,,,,草津
美容所,美容 中沢,524-0004,守山市笠原町,守山市笠原町７０６,７０６,,H08/11/28,,,,草津
美容所,美容プラージュ 草津駅前店,525-0032,草津市大路一丁目,草津市大路一丁目１２－１,１２－１,阪南理美容株式会社,H09/10/13,,,,草津
美容所,美容室 ｍｅｒｒｙ,520-3015,栗東市安養寺三丁目,栗東市安養寺三丁目５－５,５－５,,H15/06/16,,,,草津
美容所,美容室 Ｍｅｔｅｏｒｅ,525-0055,草津市野路町,草津市野路町６６４－１７,６６４－１７,,H14/02/15,,,,草津
美容所,美容室 ｎｏｂ,525-0037,草津市西大路町,草津市西大路町９－１３,９－１３,,H18/05/11,,,,草津
美容所,美容室ｓａｋｕｒａ,520-3025,栗東市中沢二丁目,栗東市中沢二丁目５－５８－１０１号,５－５８－１０１号,,H13/04/06,,,,草津
美容所,美容室 ウッドペッカー,524-0002,守山市小島町,守山市小島町１６４８－３,１６４８－３,,H14/02/27,,,,草津
美容所,美容室 ガラスのくつ,525-0057,草津市桜ケ丘五丁目,草津市桜ケ丘五丁目２－１３,２－１３,,H09/10/30,,,,草津
美容所,美容室 ティアラ,525-0028,草津市上笠三丁目,草津市上笠三丁目３１－２２－３,３１－２２－３,,H09/11/25,,,,草津
美容所,美容室 パルフェ,525-0025,草津市西渋川二丁目,草津市西渋川二丁目９－５,９－５,,H06/11/11,,,,草津
美容所,美容室 ふうせん,525-0023,草津市平井一丁目,草津市平井一丁目１９－４,１９－４,,H12/12/13,,,,草津
美容所,美容室 フェリーチェ,525-0025,草津市西渋川一丁目,草津市西渋川一丁目４－６,４－６,有限会社ヒロミ企画,H13/12/03,,,,草津
美容所,美容室 プラス,520-2333,野洲市栄,野洲市栄１－２ 大村ハイツ２Ｆ,１－２ 大村ハイツ２Ｆ,,H20/04/25,,,,草津
美容所,美容室 フローラ,520-2351,野洲市冨波甲,野洲市冨波甲８５６－１,８５６－１,,H06/04/27,,,,草津
美容所,ＰＡＬＥＴＴＥ ｈａｉｒ,525-0037,草津市西大路町,草津市西大路町４番１号 ＹＡＯ－Ｑビル１Ｆ,４番１号 ＹＡＯ－Ｑビル１Ｆ,,H09/10/09,,,,草津
美容所,美容室ＫＡＺＵＫＯ,520-3004,栗東市上砥山,栗東市上砥山３１８－２,３１８－２,,H04/06/15,,,,草津
美容所,美容室アリエス,520-3024,栗東市小柿六丁目,栗東市小柿六丁目１番２２－２－２,１番２２－２－２,,S56/02/18,,,,草津
美容所,美容室エストピア,525-0037,草津市西大路町,草津市西大路町４－３２,４－３２,株式会社ビューティスピカ,H04/06/22,,,,草津
美容所,美容室カミング,525-0015,草津市集町,草津市集町４６０－１,４６０－１,有限会社カミング,H16/06/01,,,,草津
美容所,美容室サキ,525-0027,草津市野村七丁目,草津市野村七丁目３－１４,３－１４,,S48/07/26,,,,草津
美容所,美容室シャンポワン,524-0002,守山市小島町,守山市小島町１０７９,１０７９,,H03/12/25,,,,草津
美容所,美容室ジョージ,525-0023,草津市平井四丁目,草津市平井四丁目７－２５,７－２５,,S63/12/07,,,,草津
美容所,美容室タカノ,520-3031,栗東市綣,栗東市綣９９３,９９３,,S59/02/17,,,,草津
美容所,美容室ティアラ,520-3027,栗東市野尻,栗東市野尻３５１,３５１,,H11/10/08,,,,草津
美容所,美容室ハツコ,520-2412,野洲市六条,野洲市六条３８９,３８９,,H02/11/18,,,,草津
美容所,美容室ビートル野洲店,520-2362,野洲市市三宅,野洲市市三宅１０１３ デイスターモール野洲内,１０１３ デイスターモール野洲内,株式会社ｈ＆ｂ,H11/04/06,,,,草津
美容所,美容室ひろこ,520-3024,栗東市小柿九丁目,栗東市小柿九丁目３－２４,３－２４,,S55/04/12,,,,草津
美容所,美容室ヘアーセッションルード,525-0055,草津市野路町,草津市野路町９５９－２ エランビタールⅢ２０１号,９５９－２ エランビタールⅢ２０１号,,H10/10/01,,,,草津
美容所,美容室ぺあぺあ,525-0028,草津市上笠四丁目,草津市上笠四丁目３２－８－１,３２－８－１,,H01/02/25,,,,草津
美容所,美容室レーク パレット,524-0041,守山市勝部一丁目,守山市勝部一丁目１６番２７－１０１号,１６番２７－１０１号,,H03/06/01,,,,草津
美容所,仏羅栖館シャトー,524-0037,守山市梅田町,守山市梅田町５－１,５－１,株式会社仏羅栖館,H07/08/25,,,,草津
美容所,仏羅栖館ファミーユ,524-0021,守山市吉身六丁目,守山市吉身六丁目１５６,１５６,株式会社仏羅栖館,H11/07/27,,,,草津
美容所,米田美容室,520-2304,野洲市永原,野洲市永原９４５,９４５,,S44/11/21,,,,草津
美容所,房美容室,520-3005,栗東市御園,栗東市御園８１７－１,８１７－１,,S47/08/02,,,,草津
美容所,有限会社美容室 ルネ,525-0023,草津市平井二丁目,草津市平井二丁目１－１６,１－１６,有限会社美容室ルネ,H11/07/02,,,,草津
美容所,有限会社サロン・ド・マヤ,525-0066,草津市矢橋町,草津市矢橋町７－１３,７－１３,有限会社サロン・ド・マヤ,H14/03/29,,,,草津
美容所,有限会社ブライダル・ポート,525-0055,草津市野路一丁目,草津市野路一丁目１２－１１－１０７,１２－１１－１０７,有限会社ブライダル・ポート,H15/03/27,,,,草津
美容所,陽ノ丘美容所,525-0051,草津市木川町,草津市木川町１１５４－７,１１５４－７,,S49/09/03,,,,草津
美容所,黎明美容室,524-0041,守山市勝部町,守山市勝部町２２１－２,２２１－２,,S57/04/24,,,,草津
美容所,サロン・ド・パル,520-2362,野洲市市三宅,野洲市市三宅２５６０,２５６０,有限会社サロン・ド・パル,H21/02/02,,,,草津
美容所,ａ：ｒ（あーる）,520-3031,栗東市綣六丁目,栗東市綣六丁目９－１０,９－１０,,H21/02/25,,,,草津
美容所,ＧＡＬＡＸＹ 守山店,524-0037,守山市梅田町,守山市梅田町２－１セルバ守山１１３,２－１セルバ守山１１３,,H21/04/01,,,,草津
美容所,ｈａｉｒ’ｓ Ｔｉａｍｏ,525-0055,草津市野路一丁目,草津市野路一丁目１６－１ アメニティ南草津Ⅷ１０５,１６－１ アメニティ南草津Ⅷ１０５,,H21/04/01,,,,草津
美容所,ＲＩＣＯ ＨＡＩＲ,525-0059,草津市野路九丁目,草津市野路九丁目１－２９ アフロディーテⅡ１０１号室,１－２９ アフロディーテⅡ１０１号室,,H21/04/28,,,,草津
美容所,ヘアーデザイン Ｗｉｌｌ－Ｂ,524-0012,守山市播磨田町,守山市播磨田町１３０２－８,１３０２－８,,H21/05/01,,,,草津
美容所,たかだ美容室,525-0034,草津市草津二丁目,草津市草津二丁目４－５,４－５,,H21/05/25,,,,草津
美容所,Ｈａｉｒ ＫＬＡＸＯＮ,520-3012,栗東市岡,栗東市岡１９３－１,１９３－１,,H21/07/01,,,,草津
美容所,ａｉｒ ｐｕｔｉｈ ＥＬＬＥＭ,520-3015,栗東市安養寺八丁目,栗東市安養寺八丁目３－４,３－４,,H21/10/16,,,,草津
美容所,ＪＡＰ ｉｎｔｅｒｎａｔｉｏｎａｌ Ｒ ｓａｌｏｎ,525-0055,草津市野路一丁目,草津市野路一丁目１４－３８ サンマール南草津１０１,１４－３８ サンマール南草津１０１,,H21/11/18,,,,草津
美容所,シエル,525-0050,草津市南草津一丁目,草津市南草津一丁目１－８ レガーロ南草津Ｆ号室,１－８ レガーロ南草津Ｆ号室,,H21/12/01,,,,草津
美容所,Ｃｉｅｌ,525-0045,草津市若草一丁目,草津市若草一丁目６－９ウイルステージビル１階 Ｂ部分,６－９ウイルステージビル１階 Ｂ部分,,H21/12/08,,,,草津
美容所,Ｌｅｇｅｎｄ レジャンド滋賀店,525-0055,草津市野路一丁目,草津市野路一丁目１２－１１ アメニティ南草津Ⅳ１０６,１２－１１ アメニティ南草津Ⅳ１０６,日本総合美容株式会社,H21/12/14,,,,草津
美容所,ロハスサロン,520-2362,野洲市市三宅,野洲市市三宅２５３１ アルテールななのい１階,２５３１ アルテールななのい１階,Ｒ＆Ｈ株式会社,H22/01/21,,,,草津
美容所,ＡＮＮＯＮ,520-2341,野洲市行畑一丁目,野洲市行畑一丁目８－３８ ベルエーヌⅡＢ号室,８－３８ ベルエーヌⅡＢ号室,,H22/02/09,,,,草津
美容所,ユィー プラス,524-0042,守山市焔魔堂町,守山市焔魔堂町２３８－８,２３８－８,,H22/03/29,,,,草津
美容所,美容室 ＮＩＲＶＡＮＡ,524-0013,守山市下之郷三丁目,守山市下之郷三丁目６－１９,６－１９,,H22/04/14,,,,草津
美容所,ｅｘ－ｆａヘアーガーデン,525-0050,草津市南草津三丁目,草津市南草津三丁目１２－９,１２－９,有限会社ラ・リヴィエール,H22/04/21,,,,草津
美容所,Ｅｙｅｌａｓｈ Ｓａｌｏｎ Ｂｌａｎｃ 守山店,524-0013,守山市下之郷一丁目,守山市下之郷一丁目１１－１ アーバンビル守山１Ｆ,１１－１ アーバンビル守山１Ｆ,株式会社Ｂｌａｎｃ,H22/05/28,,,,草津
美容所,ｎｆ,524-0022,守山市守山五丁目,守山市守山五丁目１－１０,１－１０,,H22/07/05,,,,草津
美容所,ＨＡＩＲ ＭＡＫＥ－ＩＮＧ ＥＡＲＴＨ,525-0071,草津市南笠東二丁目,草津市南笠東二丁目７－１５,７－１５,,H22/07/23,,,,草津
美容所,ｉｌｍａｒｅ Ｈａｉｒ,520-3015,栗東市安養寺五丁目,栗東市安養寺五丁目２－３４－１０３,２－３４－１０３,,H22/08/05,,,,草津
美容所,ｕｎｉｔｅｄ～ＨＡＩＲ ＲＥＬＡＸＡＴＩ ＯＮ,525-0055,草津市野路町,草津市野路町６８６ ラフラ１Ｆ,６８６ ラフラ１Ｆ,,H22/07/29,,,,草津
美容所,hair’s BEAU LiEn,520-3031,栗東市綣,栗東市綣５丁目７－２,５丁目７－２,有限会社エイト,H22/09/08,,,,草津
美容所,ＮＹＣＯＬＡ,525-0032,草津市大路一丁目,草津市大路一丁目７－１ ＴＯＷＥＲ・１１１－１０７号室,７－１ ＴＯＷＥＲ・１１１－１０７号室,,H22/10/15,,,,草津
美容所,Ｈａｉｒ Ｍａｋｅ Ｊｏｈｎｎｙ,524-0022,守山市守山一丁目,守山市守山一丁目１３－３,１３－３,,H22/10/08,,,,草津
美容所,アトリエ ＷＡ・ｏ・ｎｅ,520-2341,野洲市行畑,野洲市行畑５３９－２,５３９－２,,H22/11/02,,,,草津
美容所,ａｌａｋａｉ,525-0025,草津市西渋川一丁目,草津市西渋川一丁目１７－２０ ２Ｆ,１７－２０ ２Ｆ,,H22/11/02,,,,草津
美容所,ＣＡＳＡ ＢＯＮＩＴＡ,525-0032,草津市大路三丁目,草津市大路三丁目４－５２,４－５２,,H22/11/25,,,,草津
美容所,Ｒｉｃｈｅ,525-0055,草津市野路一丁目,草津市野路一丁目５－２４ サンシャインＥ号,５－２４ サンシャインＥ号,,H22/12/03,,,,草津
美容所,想 ｏｆ ｈａｉｒ,525-0055,草津市野路一丁目,草津市野路一丁目１６－１３ アメニティー南草津Ⅴ１０５ －２,１６－１３ アメニティー南草津Ⅴ１０５ －２,,H23/01/27,,,,草津
美容所,アングル・シー,520-2351,野洲市冨波甲,野洲市冨波甲１０８８,１０８８,,H23/01/26,,,,草津
美容所,グリンヘアー,520-3047,栗東市手原五丁目,栗東市手原五丁目１３１６－１,１３１６－１,,H23/04/04,,,,草津
美容所,ｆｒｅａｋ ＧＲＡＮＤ,525-0050,草津市南草津二丁目,草津市南草津二丁目２－４ パデシオン南草津１Ｆ,２－４ パデシオン南草津１Ｆ,,H28/05/19,,,,草津
美容所,美容室 ｅａｒｔｈ,525-0055,草津市野路一丁目,草津市野路一丁目１０－１８－１０３号,１０－１８－１０３号,,H23/05/09,,,,草津
美容所,ひかり美容室,524-0022,守山市守山一丁目,守山市守山一丁目１３－１７,１３－１７,,H23/05/18,,,,草津
美容所,Ｉｃｈｉｃａ ｈａｉｒ,524-0101,守山市今浜町,守山市今浜町３３６－３,３３６－３,,H23/06/16,,,,草津
美容所,Ｈａｉｒ ｓｐａｃｅ 凛,524-0022,守山市守山五丁目,守山市守山五丁目１－７,１－７,,H23/07/04,,,,草津
美容所,ｃａｓａ ｍａｒ,525-0028,草津市上笠二丁目,草津市上笠二丁目５－６ ＳＥＶＥＬＩＡＬＯ １階,５－６ ＳＥＶＥＬＩＡＬＯ １階,,H23/07/04,,,,草津
美容所,ＰＩＳＴ,525-0066,草津市矢橋町,草津市矢橋町１０－３５,１０－３５,,H23/08/26,,,,草津
美容所,ＬＡＫＥ ＬＯＶＥＲＳ,520-3047,栗東市手原二丁目,栗東市手原二丁目２－２,２－２,,H23/09/21,,,,草津
美容所,Ｄｅａｒｓ 守山店,524-0022,守山市守山四丁目,守山市守山四丁目２－１３ サンティーユＡＳＡＨＩ１０１,２－１３ サンティーユＡＳＡＨＩ１０１,,H23/10/26,,,,草津
美容所,ｐａｎａｒｉ,520-3025,栗東市中沢三丁目,栗東市中沢三丁目２－４－１１１号,２－４－１１１号,,H23/10/12,,,,草津
美容所,中村美容室,520-2411,野洲市安治,野洲市安治２７７,２７７,,H23/10/03,,,,草津
美容所,ぱーまやさん ペア,524-0012,守山市播磨田町,守山市播磨田町７０５－１７,７０５－１７,,H23/10/17,,,,草津
美容所,ｌｕＣＣｅ,525-0059,草津市野路八丁目,草津市野路八丁目２２－６ クレストビル１F,２２－６ クレストビル１F,,H23/10/26,,,,草津
美容所,ＪＡＰ international Ｓ salon,520-3035,栗東市霊仙寺一丁目,栗東市霊仙寺一丁目１－４３,１－４３,有限会社ジャップインターナショナル,H23/10/28,,,,草津
美容所,ヘアーズ カムデン,525-0055,草津市野路町,草津市野路町７９３－７,７９３－７,,H24/01/05,,,,草津
美容所,ＡＮＧＥＥ,524-0043,守山市二町町,守山市二町町２３１－６ 宮本テナント１Ｆ,２３１－６ 宮本テナント１Ｆ,,H24/02/27,,,,草津
美容所,美容室 優芽 ～ｙｕｍｅ～,520-2353,野洲市久野部,野洲市久野部１９０－１,１９０－１,,H24/03/21,,,,草津
美容所,XANADU（ザナドゥ）,525-0034,草津市草津三丁目,草津市草津三丁目７－８ 奥田ビル１－A,７－８ 奥田ビル１－A,,H24/04/19,,,,草津
美容所,haus（ハオス）,520-2435,野洲市乙窪,野洲市乙窪３９３－７,３９３－７,,H24/04/26,,,,草津
美容所,美ＦＲＥＹＪＡ,524-0037,守山市梅田町,守山市梅田町１０－３ 服部工業ビルⅡ １Ｆ,１０－３ 服部工業ビルⅡ １Ｆ,,H24/05/10,,,,草津
美容所,ｈａｉｒ ｄｅｓｉｇｎ Ｒｅ：ｖｉｎｇ,525-0059,草津市野路六丁目,草津市野路六丁目２－４ タケヤマビル１F,２－４ タケヤマビル１F,,H24/06/06,,,,草津
美容所,ＢＡＭＢＯＯ,525-0029,草津市下笠町,草津市下笠町８７－５,８７－５,,H24/06/27,,,,草津
美容所,Ｘａｒｉｔｅｓ,525-0026,草津市渋川一丁目,草津市渋川一丁目２－２６ ザ・草津タワー２０５,２－２６ ザ・草津タワー２０５,株式会社ｎｅｏｓ,H24/07/10,,,,草津
美容所,Ｈａｉｒ ｓａｌｏｎ Ｌｅａｆ,528-0036,甲賀市水口町東名坂,甲賀市水口町東名坂１５７－２,１５７－２,,H30/02/22,,,,甲賀
美容所,Ｔｏｔａｌ Ｂｅａｕｔｙ ＣＲＥＡ－ＣＲ ＥＡ,528-0031,甲賀市水口町本町三丁 目,甲賀市水口町本町三丁 目１－１２,１－１２,,H30/03/16,,,,甲賀
美容所,Ｌｏｍｉｅｒｅ,520-3433,甲賀市甲賀町大原市場,甲賀市甲賀町大原市場２２－４ エールコナン３－Ｄ,２２－４ エールコナン３－Ｄ,,H30/03/19,,,,甲賀
美容所,リラ 水口店,528-0035,甲賀市水口町名坂,甲賀市水口町名坂９０,９０,株式会社リラ,H30/06/08,,,,甲賀
美容所,ｔｓｕｍｕｇｕ,528-0212,甲賀市土山町南土山,甲賀市土山町南土山７８－２９,７８－２９,,H30/06/29,,,,甲賀
美容所,ヘアサロンｃｏｒｅ,520-3241,湖南市北山台四丁目,湖南市北山台四丁目３－９,３－９,,H30/08/20,,,,甲賀
美容所,ＡＲｕｒｕ,528-0042,甲賀市水口町虫生野中 央,甲賀市水口町虫生野中 央３７,３７,,H30/09/28,,,,甲賀
美容所,ｈａｉｒ ＣＯＶＯ,520-3234,湖南市中央二丁目,湖南市中央二丁目９４－１ ハイネスマグノリア２号室,９４－１ ハイネスマグノリア２号室,,H30/10/24,,,,甲賀
美容所,カットコムズ カインズ甲賀水口店,528-0056,甲賀市水口町泉,甲賀市水口町泉１４０５,１４０５,,H30/12/11,,,,甲賀
美容所,ｏｎｅｔｔ ｒｏｏｍｓ,520-3105,湖南市石部西二丁目,湖南市石部西二丁目５－３５,５－３５,,H31/03/04,,,,甲賀
美容所,Ｂａｒｂｅｒ２６４,529-1802,甲賀市信楽町黄瀬,甲賀市信楽町黄瀬２４５４－２,２４５４－２,,R01/05/10,,,,甲賀
美容所,リラ 甲西店,520-3235,湖南市平松北二丁目,湖南市平松北二丁目８６ メゾンドＷＩＮⅡ３号,８６ メゾンドＷＩＮⅡ３号,株式会社ＯＲＥＳＳ,R01/08/05,,,,甲賀
美容所,ＥＳＰＯＩＲ,528-0014,甲賀市水口町鹿深,甲賀市水口町鹿深５－３３－２８号,５－３３－２８号,,R01/09/20,,,,甲賀
美容所,ｃｉｉｃａ,520-3248,湖南市菩提寺西三丁目,湖南市菩提寺西三丁目６－８,６－８,,R01/09/26,,,,甲賀
美容所,Ｍａｒｒｙ ｈａｉｒ ｗｏｒｋｓ,528-0071,甲賀市水口町秋葉,甲賀市水口町秋葉１－２８,１－２８,,R01/11/05,,,,甲賀
美容所,ＡＲＲＯＷＺ －ＯＲＩＧＩＮＡＬ－,520-3243,湖南市菩提寺北一丁目,湖南市菩提寺北一丁目２－８,２－８,,R02/02/05,,,,甲賀
美容所,ｔｅｔоｔｅ,529-1804,甲賀市信楽町勅旨,甲賀市信楽町勅旨２２０７－８,２２０７－８,,R02/02/18,,,,甲賀
美容所,ｈａｉｒ ｐｏｓｈ,520-3301,甲賀市甲南町寺庄,甲賀市甲南町寺庄１５７８,１５７８,,R02/03/27,,,,甲賀
美容所,結,528-0051,甲賀市水口町北内貴,甲賀市水口町北内貴５６８,５６８,,R02/05/15,,,,甲賀
美容所,ＬＯＭＩＥＲＥ,528-0005,甲賀市水口町水口,甲賀市水口町水口５７４３－３ 和ｖｉｌｌａｇｅ２０３,５７４３－３ 和ｖｉｌｌａｇｅ２０３,,R02/05/21,,,,甲賀
美容所,ｈａｉｒ ｓａｌｏｎ ＣＨＡ－ＣＨＡ,528-0036,甲賀市水口町東名坂,甲賀市水口町東名坂４９－２,４９－２,,R02/07/07,,,,甲賀
美容所,Ｈａｉｒ Ｓａｌｏｎ Ｐａｒａｄｉｓ,528-0032,甲賀市水口町八坂,甲賀市水口町八坂４－３１,４－３１,,R02/08/07,,,,甲賀
美容所,Ｅｙｅｌａｓｈ Ｓａｌｏｎ Ｒｉｇｅｎｅ ｒａｔｉｏｎ,528-0035,甲賀市水口町名坂,甲賀市水口町名坂３９ ２Ｆ,３９ ２Ｆ,,R02/10/16,,,,甲賀
美容所,ｒｅｃｉｔ ｅｙｅｌａｓｈ,520-3242,湖南市菩提寺,湖南市菩提寺３３０－１５５,３３０－１５５,,R02/12/25,,,,甲賀
美容所,ｈａｉｒ ｓａｌｏｎ ＣＨＡ－ＣＨＡ,528-0036,甲賀市水口町東名坂,甲賀市水口町東名坂４９－２,４９－２,株式会社ＣＨＡ－ＣＨＡ ＨＯＵＳＥ,R03/02/10,,,,甲賀
美容所,ｉｒｏｄｏｒｉ ｈａｉｒ,520-3308,甲賀市甲南町野田,甲賀市甲南町野田５４６,５４６,,R03/02/18,,,,甲賀
美容所,美容室 エスポアール,528-0234,甲賀市土山町徳原,甲賀市土山町徳原３６５,３６５,,R03/03/11,,,,甲賀
美容所,Ｂ．Ａ．Ｓ．Ｋ ＨＡＩＲ,520-3252,湖南市岩根,湖南市岩根２２３３－１,２２３３－１,,R03/03/31,,,,甲賀
美容所,ｑｕｏｎ ｈａｉｒ ｗｏｒｋｓ,520-3235,湖南市平松北三丁目,湖南市平松北三丁目１６ ミルラフィーネⅡ,１６ ミルラフィーネⅡ,,R03/04/01,,,,甲賀
美容所,Ｉｒｉｅ,520-3201,湖南市下田,湖南市下田１７５９,１７５９,,R03/04/05,,,,甲賀
美容所,ｓｐｉｃａ,520-3301,甲賀市甲南町寺庄,甲賀市甲南町寺庄１２４４－２,１２４４－２,,R03/04/08,,,,甲賀
美容所,ｈａｉｒ ＆ ｅｙｅｌａｓｈ Ｋｕｐｕａ,520-3102,湖南市宮の森二丁目,湖南市宮の森二丁目８－２６,８－２６,,R03/04/15,,,,甲賀
美容所,ｅ´ｃｌａｔ,528--006,甲賀市水口町城東,甲賀市水口町城東３－１８,３－１８,,R03/04/21,,,,甲賀
美容所,ｓｏｐｏ,528-0027,甲賀市水口町城内,甲賀市水口町城内２２０１－１,２２０１－１,,R03/04/30,,,,甲賀
美容所,ＣＯＣＯ ｂｙ ＢＥＡＵ ＥＹＥ Ｌａｓ ｈ,528-0049,甲賀市水口町貴生川,甲賀市水口町貴生川２３３－２,２３３－２,有限会社エイト,R03/04/30,,,,甲賀
美容所,ｅｙｅｌａｓｈ ｓａｌｏｎ ＲＯＲＯ,520-3332,甲賀市甲南町希望ケ丘 本町十丁目,甲賀市甲南町希望ケ丘 本町十丁目１８３８－５２,１８３８－５２,,R03/05/27,,,,甲賀
美容所,ｏｍｏｙｏ,520-3307,甲賀市甲南町野尻,甲賀市甲南町野尻９１７,９１７,,R03/06/17,,,,甲賀
美容所,ＨＡＩＲ’Ｓ ＭＯＭＯ,520-3108,湖南市石部南二丁目,湖南市石部南二丁目６－６,６－６,,R03/07/12,,,,甲賀
美容所,Ｓｕａｙ（スワイ）,520-3113,湖南市石部北一丁目,湖南市石部北一丁目６－１０－３７,６－１０－３７,,R03/09/08,,,,甲賀
美容所,Ｙｓ，ｉ－ｎｅｕｆ,520-3107,湖南市石部東七丁目,湖南市石部東七丁目４－３,４－３,,R03/09/10,,,,甲賀
美容所,Ｔｕｔｔｉ ｂｅａｕｔｙｓａｌｏｎ,520-3254,湖南市岩根中央三丁目,湖南市岩根中央三丁目１１１－３,１１１－３,,R03/09/08,,,,甲賀
美容所,Ｌａ Ｃｌａｒｔｅ,520-3313,甲賀市甲南町新治,甲賀市甲南町新治２０８８,２０８８,,R03/09/28,,,,甲賀
美容所,Ｒｏｓｅｔｔａ,520-3221,湖南市三雲,湖南市三雲３４２－２,３４２－２,,R03/10/11,,,,甲賀
美容所,ヘアーサロン イワサキ,528-0058,甲賀市水口町北泉一丁 目,甲賀市水口町北泉一丁 目３０,３０,株式会社ハクブン,R03/10/19,,,,甲賀
美容所,Ｇｒａｃｅ（グレイス）,520-3332,甲賀市甲南町希望ケ丘 本町七丁目,甲賀市甲南町希望ケ丘 本町七丁目２７４５－２９,２７４５－２９,,R03/12/02,,,,甲賀
美容所,ＥＭＵＲ,528-0058,甲賀市水口町北泉二丁 目,甲賀市水口町北泉二丁 目７４ ドリームスクエアＡ１０１,７４ ドリームスクエアＡ１０１,,R04/01/17,,,,甲賀
美容所,ｃｏｃｏｒｕｌｕ,520-3411,甲賀市甲賀町神,甲賀市甲賀町神１１８１,１１８１,,R04/01/19,,,,甲賀
美容所,優好美容室,520-3254,湖南市岩根中央三丁目,湖南市岩根中央三丁目５５ ルミエール雅テナント１０１,５５ ルミエール雅テナント１０１,,R04/03/09,,,,甲賀
美容所,ｃｉｉｃａ,520-3248,湖南市菩提寺西三丁目,湖南市菩提寺西三丁目６－８,６－８,株式会社ｔｅｔｏ,R04/07/01,,,,甲賀
美容所,ｚｏｕ,520-3248,湖南市菩提寺西一丁目,湖南市菩提寺西一丁目９－２３ フェリーチェ菩提寺１０３号,９－２３ フェリーチェ菩提寺１０３号,株式会社ｔｅｔｏ,R04/07/01,,,,甲賀
美容所,ＡＵＢＥ ＨＡＩＲ ｍｉｎｔ 甲賀店,528-0005,甲賀市水口町水口,甲賀市水口町水口６０３８－１ かふかビルディング１階３ 号室,６０３８－１ かふかビルディング１階３ 号室,株式会社Ａ’Ｇｒｏｕｐ,R04/07/26,,,,甲賀
美容所,ＡＡＬＴＯ Ｈａｉｒ Ｍａｋｅ Ａｔｅｌ ｉｅｒ,520-3233,湖南市柑子袋,湖南市柑子袋１０５９－３,１０５９－３,,R04/08/08,,,,甲賀
美容所,ｅｈｅｕ．ｓ ｐｒｉｖａｔｅ ｅｙｅ ＆ ｂｒｏｗ ｓａｌｏｎ,520-3105,湖南市石部西二丁目,湖南市石部西二丁目７－２５ラフィネ１０６号,７－２５ラフィネ１０６号,,R04/11/09,,,,甲賀
美容所,さくら美容室,528-0234,甲賀市土山町徳原,甲賀市土山町徳原４５６,４５６,,R04/11/11,,,,甲賀
美容所,ＨＡＬＥ,520-3246,湖南市菩提寺北二丁目,湖南市菩提寺北二丁目５－１３,５－１３,,R04/11/24,,,,甲賀
美容所,Ｐｅｌｓｏｎａ,520-3221,湖南市三雲,湖南市三雲１３６５－２,１３６５－２,,R04/12/09,,,,甲賀
美容所,Ｃｈａｉｎｏｎ,528-0063,甲賀市水口町下山,甲賀市水口町下山７４３－６４,７４３－６４,,R04/12/12,,,,甲賀
美容所,Ｍｉｓｔｏａ ｂｅａｕｔｙ ｓａｌｏｎ,528-0035,甲賀市水口町名坂,甲賀市水口町名坂９０,９０,,R05/01/05,,,,甲賀
美容所,Ｌｉｍ ｈａｉｒ,520-3234,湖南市中央五丁目,湖南市中央五丁目１６８－１０７,１６８－１０７,,R05/02/28,,,,甲賀
美容所,ＬＯＬ ｓａｌｏｎ,528-0049,甲賀市水口町貴生川,甲賀市水口町貴生川１０４,１０４,株式会社ＬＯＬ,R05/03/17,,,,甲賀
美容所,サロン・ド・イヴ,528-0005,甲賀市水口町水口,甲賀市水口町水口５５９５－１,５５９５－１,,R05/05/10,,,,甲賀
美容所,ＰＲＩＶＡＴＥ ＳＡＬＯＮ ＥＭＭＡ,520-3201,湖南市下田,湖南市下田２７４４－１１,２７４４－１１,,R05/06/08,,,,甲賀
美容所,夢屋,529-1836,甲賀市信楽町柞原,甲賀市信楽町柞原４４４,４４４,,R05/06/14,,,,甲賀
美容所,ＣＡＳＡ ＣＯＬＯＲ アルプラザ水口,528-0037,甲賀市水口町本綾野,甲賀市水口町本綾野５６６－１ アルプラザ水口２Ｆ,５６６－１ アルプラザ水口２Ｆ,ＣＵホールディングス株式会社,R05/09/28,,,,甲賀
美容所,ＡＲＧＨＡ,528-0003,甲賀市水口町和野,甲賀市水口町和野４８５－１,４８５－１,,R05/12/01,,,,甲賀
美容所,ｋｉｋｉ ｈａｉｒ ｓａｌｏｎ,520-3322,甲賀市甲南町深川,甲賀市甲南町深川２１７９－１,２１７９－１,,R05/12/05,,,,甲賀
美容所,ａｄａ ｈａｉｒ,528-0007,甲賀市水口町新城,甲賀市水口町新城５０７,５０７,,R06/01/31,,,,甲賀
美容所,Ｌｕａｎａ ｎｏｕ Ｐｏｎｏ,528-0063,甲賀市水口町下山,甲賀市水口町下山４６０－２,４６０－２,,R06/03/04,,,,甲賀
美容所,ＭＡＱＵＩＡ 甲賀甲南店,520-3313,甲賀市甲南町新治,甲賀市甲南町新治１４８５－１ センチュリープラザ １番 館Ｃ号室,１４８５－１ センチュリープラザ １番 館Ｃ号室,株式会社ＭＡＱＵＩＡ,R06/04/25,,,,甲賀
美容所,ＣＯＬＯＲＦＵＬ,520-3307,甲賀市甲南町野尻,甲賀市甲南町野尻５５８,５５８,ＳＡＳＡＴｅｃ合同会社,R06/05/20,,,,甲賀
美容所,Ｌｕｎ,528-0063,甲賀市水口町下山,甲賀市水口町下山６９３－２０６,６９３－２０６,,R06/06/20,,,,甲賀
美容所,ＬＡＬＡ ｈａｉｒ ＆ ｇａｒａｇｅ,520-3201,湖南市下田,湖南市下田５１５－２,５１５－２,,R06/08/16,,,,甲賀
美容所,ｔｏｉｒｏ～わたしの美容室～,528-0026,甲賀市水口町東林口,甲賀市水口町東林口５－６ 藤井ビル１０３,５－６ 藤井ビル１０３,,R07/03/18,,,,甲賀
美容所,ＮＯＶＯ ＶＩＳＵＡＬ ＢＥＡＵＴＹ Ｓ ＡＬＯＮ,520-3201,湖南市下田,湖南市下田３３６５－４,３３６５－４,,R07/04/02,,,,甲賀
美容所,ｍｉｍｉ ｈａｉｒ,520-3248,湖南市菩提寺西四丁目,湖南市菩提寺西四丁目１２－６,１２－６,,R07/05/27,,,,甲賀
美容所,ｐｏｋａ ｌａｓｈ,528-0061,甲賀市水口町笹が丘,甲賀市水口町笹が丘１－１８ リーブス笹が丘Ⅰ ４０１号,１－１８ リーブス笹が丘Ⅰ ４０１号,,R07/06/23,,,,甲賀
美容所,美容室 Ｄｅａｒ．．．,520-3308,甲賀市甲南町野田,甲賀市甲南町野田６００－３,６００－３,,R07/08/28,,,,甲賀
美容所,ｈａｉｒ ｓａｌｏｎ ｍｕ－ｍｕ,520-3231,湖南市針,湖南市針２２７ ２Ｆ,２２７ ２Ｆ,株式会社ＣＨＡ－ＣＨＡ ＨＯＵＳＥ,R07/09/24,,,,甲賀
美容所,Ｌａｓｈｉｃａ,528-0038,甲賀市水口町新町一丁 目,甲賀市水口町新町一丁 目５－２９ サンリットコート２０２号,５－２９ サンリットコート２０２号,,R07/10/07,,,,甲賀
美容所,ＫＯＮＯＭＥ,528-0007,甲賀市水口町新城,甲賀市水口町新城５０７,５０７,,R07/10/22,,,,甲賀
美容所,Ｅｅｌ,520-3308,甲賀市甲南町野田,甲賀市甲南町野田３１９－４,３１９－４,,R07/11/19,,,,甲賀
美容所,ＳＴＵＤＩＯ Ｌｅ ｌｉｅｎ 甲賀店,528-0036,甲賀市水口町東名坂,甲賀市水口町東名坂２７９,２７９,谷義産業株式会社,R07/11/27,,,,甲賀
美容所,ｍａｒ,520-3223,湖南市夏見,湖南市夏見９６５,９６５,,R07/12/22,,,,甲賀
美容所,のばら,520-3426,甲賀市甲賀町田堵野,甲賀市甲賀町田堵野９２２－６,９２２－６,,R08/01/21,,,,甲賀
美容所,いやし処らく 守山店,524-0037,守山市梅田町,守山市梅田町１０－２－２０１,１０－２－２０１,,H24/07/26,,,,草津
美容所,ａｕｒａ,525-0037,草津市西大路町,草津市西大路町２－３３,２－３３,株式会社長谷美容室,H24/08/21,,,,草津
美容所,ｓｃｈｉｆｆｏｎ,525-0055,草津市野路一丁目,草津市野路一丁目１６－１ アメニティ南草津Ⅷ１Ｆ,１６－１ アメニティ南草津Ⅷ１Ｆ,,H24/08/31,,,,草津
美容所,ｍｏｎ ｃｈｏｕ ｃｈｏｕ,520-2342,野洲市野洲,野洲市野洲１４６３－４ ジャン・ロシェ１０１,１４６３－４ ジャン・ロシェ１０１,,H24/09/03,,,,草津
美容所,ビューティサロン アコ,525-0005,草津市志那町,草津市志那町３２１,３２１,,H24/09/06,,,,草津
美容所,リビラブ草津ラウンジ,525-0037,草津市西大路町,草津市西大路町９－１８,９－１８,株式会社ハートサービス,H24/09/11,,,,草津
美容所,Ｓｎｏｂ Ａｎｇｅｌａ,525-0050,草津市南草津一丁目,草津市南草津一丁目２ シャリエパークナード南草津１０１－ Ｂ,２ シャリエパークナード南草津１０１－ Ｂ,株式会社Ｓｎｏｂ Ｃｏｍｒａｄｅ,H24/09/25,,,,草津
美容所,美容室 Ｍｅｒｃｉ,524-0013,守山市下之郷一丁目,守山市下之郷一丁目１３－１８,１３－１８,,H24/10/01,,,,草津
美容所,加圧トレーニングスタジオ Ｂｏｄｙ ｇｏ ｏ ｌａｂｏ,520-2331,野洲市小篠原,野洲市小篠原２３２１,２３２１,,H24/09/21,,,,草津
美容所,Ｈａｉｒ Ｃｌｏｖｅｒ（ヘアークロー バー）,525-0034,草津市草津四丁目,草津市草津四丁目７－７２,７－７２,,H24/10/16,,,,草津
美容所,Ｌｕｔｅｌｌａ,525-0041,草津市青地町,草津市青地町２３４－６,２３４－６,,H24/11/09,,,,草津
美容所,美容室ジュリアン,525-0047,草津市追分四丁目,草津市追分四丁目２－９,２－９,,H24/12/12,,,,草津
美容所,ｃｌａｓｉｃｏ,520-2333,野洲市栄,野洲市栄５－５ ＯＮビル Ｃ号,５－５ ＯＮビル Ｃ号,,H24/12/28,,,,草津
美容所,アクティヘアクリニック滋賀ＯＣ,525-0032,草津市大路一丁目,草津市大路一丁目８－１ 南洋軒ビル６Ｆ,８－１ 南洋軒ビル６Ｆ,株式会社フェミニン,H25/03/25,,,,草津
美容所,Ｈａｉｒ Ｍａｋｅ Ｌｉｂｅｒｔｅ,525-0067,草津市新浜町,草津市新浜町３９４－３ エメラルドタウン２－Ｃ,３９４－３ エメラルドタウン２－Ｃ,,H25/03/29,,,,草津
美容所,Ｈａｉｒ ＋ Ｃａｆｅ しふぉん,524-0102,守山市水保町,守山市水保町１３５５－２８,１３５５－２８,,H25/04/30,,,,草津
美容所,ｍｅｌｌｏｗ,525-0023,草津市平井一丁目,草津市平井一丁目１９－７ エクセレントＵ １Ｆ,１９－７ エクセレントＵ １Ｆ,,H25/05/09,,,,草津
美容所,ｄｉｐｔｙｃｈ,525-0046,草津市追分町,草津市追分町１０９２－１,１０９２－１,,H25/06/03,,,,草津
美容所,美容室 はなれ野洲,520-2331,野洲市小篠原,野洲市小篠原１０００ アルプラザ野洲１Ｆ,１０００ アルプラザ野洲１Ｆ,有限会社ランズ,H25/06/12,,,,草津
美容所,ｆａｎｆａｒｅ ｈａｉｒ ｄｅｓｉｎｇ,520-2361,野洲市北野一丁目,野洲市北野一丁目８－２３－１０２,８－２３－１０２,,H25/08/02,,,,草津
美容所,Ｃｈａｒｍ,524-0037,守山市梅田町,守山市梅田町１０－２－２０２,１０－２－２０２,合同会社ＬＵＭＥＲＩＥ,H25/08/08,,,,草津
美容所,ｏｉｓｅａｕ,525-0071,草津市南笠東一丁目,草津市南笠東一丁目５－１１,５－１１,,H25/08/12,,,,草津
美容所,ヘアー＆エステ ここあ,524-0041,守山市勝部三丁目,守山市勝部三丁目１０－３４,１０－３４,株式会社近畿予防医学研究所,H25/08/20,,,,草津
美容所,美容室サンローズ,525-0066,草津市矢橋町,草津市矢橋町５５１－２,５５１－２,,H25/09/24,,,,草津
美容所,ＴｉＴｉ,525-0023,草津市平井一丁目,草津市平井一丁目１４－２２,１４－２２,,H25/10/04,,,,草津
美容所,ｈａｉｒ ｓａｌｏｎ Ｍａｎｉ,520-3035,栗東市霊仙寺一丁目,栗東市霊仙寺一丁目１０－５ コパンＲ１０３,１０－５ コパンＲ１０３,,H25/10/29,,,,草津
美容所,Ｃｈａｒｉｓ ｈａｉｒ ｄｅｓｉｇｎ,525-0054,草津市東矢倉三丁目,草津市東矢倉三丁目４２－１６ １Ｆ,４２－１６ １Ｆ,,H25/11/05,,,,草津
美容所,ｈａｉｒ ｍａｋｅ ｇｉｖｅ ｃｈａｒｍ,524-0022,守山市守山三丁目,守山市守山三丁目１１－４６ ラ・ベルジュールⅡ１０１,１１－４６ ラ・ベルジュールⅡ１０１,,H25/11/10,,,,草津
美容所,ＦＬｅｕＲｉｒ,524-0002,守山市小島町,守山市小島町８４２－９,８４２－９,,H25/11/19,,,,草津
美容所,ｃｏｌｌｅｃｔｉｏｎ ｃｕｒｅ ｇａｒｄ ｅｎ,525-0059,草津市野路一丁目,草津市野路一丁目１３－３６ 西友南草津店１Ｆ東側,１３－３６ 西友南草津店１Ｆ東側,,H25/12/10,,,,草津
美容所,Ｈａｉｒ Ｄｅｓｉｇｎ Ｒｕｈｅ,525-0066,草津市矢橋町,草津市矢橋町６５３－７,６５３－７,,H26/01/27,,,,草津
美容所,ＴＲＡＮ９ＵＩＬ ｇｒａｐｈ,525-0037,草津市西大路町,草津市西大路町２－５ 陽好ビル２Ｆ,２－５ 陽好ビル２Ｆ,株式会社クレステージ,H26/02/26,,,,草津
美容所,ＨＥＲＯ 南草津店,525-0055,草津市野路町,草津市野路町６８６ ラフラ館２Ｆ,６８６ ラフラ館２Ｆ,,H26/03/17,,,,草津
美容所,ＨＡＩＲ ＭＡＫＥ ＵＥ２ ＦＬＩＧＨＴ,525-0059,草津市野路一丁目,草津市野路一丁目８－１８ ＥＥビルディング１Ｆ,８－１８ ＥＥビルディング１Ｆ,有限会社上二美容室,H26/03/20,,,,草津
美容所,美容室ピコ,520-2413,野洲市吉地,野洲市吉地１４１６,１４１６,,H26/03/24,,,,草津
美容所,ＯＮＥＵＰ 野洲店,520-2413,野洲市吉地,野洲市吉地６６０－１,６６０－１,株式会社西洋舎,H26/03/24,,,,草津
美容所,ｍａｉｓｏｎ ｄｅ ｌａ ｐａｉｘ,525-0029,草津市下笠町,草津市下笠町６１９－３,６１９－３,,H26/03/28,,,,草津
美容所,ヘナ髪質改善（白髪染め・ハイライト・縮毛 矯正)専門店南草津ブラウン・ブラウン,525-0071,草津市南笠東二丁目,草津市南笠東二丁目６－６－２０３,６－６－２０３,,H26/03/31,,,,草津
美容所,スキャルプケアサロン ビートル守山店,524-0021,守山市吉身一丁目,守山市吉身一丁目３－１３,３－１３,有限会社デザインスペース,H26/04/03,,,,草津
美容所,ＴＨＥ ＳＰＥＣｉＡＬ,520-2423,野洲市西河原,野洲市西河原３１５－１５,３１５－１５,,H26/04/07,,,,草津
美容所,美色館ｐｌｕｓ,520-3031,栗東市綣,栗東市綣二丁目４－５ ウイングプラザ１Ｆ,二丁目４－５ ウイングプラザ１Ｆ,,H26/05/09,,,,草津
美容所,Ｅｌｖｉｔａ,520-3026,栗東市下鈎,栗東市下鈎９２７ 大栄建設１Ｆ－Ｂ,９２７ 大栄建設１Ｆ－Ｂ,株式会社ＩＲＥ,H26/05/23,,,,草津
美容所,Ｈａｉｒ＆Ｍａｋｅ ＮＹＮＹ 南草津店,525-0059,草津市野路一丁目,草津市野路一丁目１１－１０ レジデンス壽１階,１１－１０ レジデンス壽１階,株式会社Aphrodite,H26/06/05,,,,草津
美容所,ラ・ボニータ インプルーブ,525-0059,草津市野路一丁目,草津市野路一丁目８－１８ ｅｅビル２Ｆ,８－１８ ｅｅビル２Ｆ,有限会社トップグレース,H26/06/12,,,,草津
美容所,ヒカリ美容室,520-3014,栗東市川辺,栗東市川辺２９４－２３,２９４－２３,,H26/06/20,,,,草津
美容所,アリエル,525-0042,草津市山寺町,草津市山寺町１１５４－１９,１１５４－１９,,H26/06/23,,,,草津
美容所,Ｍａｅｌ,525-0032,草津市大路一丁目,草津市大路一丁目１６－３４,１６－３４,,H26/07/07,,,,草津
美容所,Ｃｕｏｒａ ｂｙ ｇａｎｅｓｈａ,525-0031,草津市若竹町,草津市若竹町８－４１,８－４１,株式会社ＯＲＥＳＳホールディングス,H26/08/22,,,,草津
美容所,ＧＩＲＭＡ,524-0022,守山市守山六丁目,守山市守山六丁目９－８３,９－８３,,H26/08/29,,,,草津
美容所,ｆｅｅｌ ａｕｒａ,525-0032,草津市大路二丁目,草津市大路二丁目１－４１ 太田ビル１Ｆ,１－４１ 太田ビル１Ｆ,,H26/09/01,,,,草津
美容所,Ｅｙｅｌａｓｈ Ｓａｌｏｎ ＦＥＥＲＩＲ Ｅ,525-0058,草津市野路東六丁目,草津市野路東六丁目３－１ Ｓａｍ１ ２Ｆ,３－１ Ｓａｍ１ ２Ｆ,,H26/09/17,,,,草津
美容所,Ｈａｉｒ’ｓ ＫＩＫＫＥＲ,520-3024,栗東市小柿四丁目,栗東市小柿四丁目１３－１６,１３－１６,,H26/09/26,,,,草津
美容所,Ａｄｄｉｅ,520-2362,野洲市市三宅,野洲市市三宅２３５６,２３５６,,H26/10/07,,,,草津
美容所,ヘアー アトリエ Ａｓｔｅｒｅａ,525-0058,草津市野路東五丁目,草津市野路東五丁目２５－１９ ルーツⅡ ２Ｆ,２５－１９ ルーツⅡ ２Ｆ,,H26/10/09,,,,草津
美容所,Ｈａａｒ,525-0058,草津市野路東六丁目,草津市野路東六丁目３－１,３－１,,H26/12/18,,,,草津
美容所,ｇｌｏｉｒｅ ｊｏｕｅｒ,524-0022,守山市守山二丁目,守山市守山二丁目３－７ アスティ上芝野１０１,３－７ アスティ上芝野１０１,,H26/12/26,,,,草津
美容所,Ｂｌａｎｃｌｉｓ,525-0055,草津市野路町,草津市野路町６８６ ラフラ館３Ｆ,６８６ ラフラ館３Ｆ,株式会社ブランリス,H29/09/15,,,,草津
美容所,ＨＡＩＲＳＡＬＯＮ ＭＡＫＩＮＧ,525-0032,草津市大路一丁目,草津市大路一丁目１７－４１ ファインフラッツ草津ザ・フ ロント１階１０１号室,１７－４１ ファインフラッツ草津ザ・フ ロント１階１０１号室,,H27/01/05,,,,草津
美容所,ＰＡＯ ＰＡＯ ｃｕｔ ｈｏｕｓｅ,524-0037,守山市梅田町,守山市梅田町１４－１３ 旭駅前ビル１０２号,１４－１３ 旭駅前ビル１０２号,,H27/01/16,,,,草津
美容所,サラ かがやき通店,525-0048,草津市追分南六丁目,草津市追分南六丁目２０－１２,２０－１２,有限会社イマジン,H27/01/26,,,,草津
美容所,エフル ｅｆｆｌｅ,520-3034,栗東市小平井三丁目,栗東市小平井三丁目３－２４,３－２４,,H27/03/20,,,,草津
美容所,Ｂｌｕｅ Ｈａｉｒ,525-0066,草津市矢橋町,草津市矢橋町８８４－７,８８４－７,,H27/03/31,,,,草津
美容所,トータルビューティ パーチェ,524-0044,守山市古高町,守山市古高町３９１－３,３９１－３,,H27/04/10,,,,草津
美容所,ＬＩＢＥＲＯ,524-0102,守山市水保町,守山市水保町１３５５－３６,１３５５－３６,,H27/04/17,,,,草津
美容所,髪剪處,525-0059,草津市野路五丁目,草津市野路五丁目３－３０ 極楽湯内,３－３０ 極楽湯内,,H27/04/17,,,,草津
美容所,Ｅｍｍａ,525-0054,草津市東矢倉一丁目,草津市東矢倉一丁目３－１９,３－１９,,H27/04/21,,,,草津
美容所,Ｈａｉｒ＆Ｒｅｌａｘａｔｉｏｎ Ｈａｌｅ ａ,520-3045,栗東市高野,栗東市高野８０５ ビバリーマンション５ １０４号 室,８０５ ビバリーマンション５ １０４号 室,,H27/04/28,,,,草津
美容所,Ａｓｈｌｅｙ,525-0054,草津市東矢倉二丁目,草津市東矢倉二丁目６－８ エンゼルプラザＥａｓｔⅡ ４０ １,６－８ エンゼルプラザＥａｓｔⅡ ４０ １,,H27/05/13,,,,草津
美容所,ｅｌｌｆ ｈａｉｒ,520-2304,野洲市永原,野洲市永原１１１５－１７,１１１５－１７,,H27/05/15,,,,草津
美容所,パリス・デ・スキン ピエリ守山店,524-0101,守山市今浜町,守山市今浜町２６２０－５ ピエリ守山２Ｆ,２６２０－５ ピエリ守山２Ｆ,,H28/09/02,,,,草津
美容所,ＡＬＩＣＥ,525-0023,草津市平井一丁目,草津市平井一丁目１１－６,１１－６,,H27/06/10,,,,草津
美容所,マナーハウス写風舘,524-0101,守山市今浜町,守山市今浜町２５７４－４,２５７４－４,株式会社醍醐,H27/07/15,,,,草津
美容所,Ｐｕｒｅｌｙ－Ｐｕｒｅｌｙ,520-3024,栗東市小柿四丁目,栗東市小柿四丁目５－９,５－９,,H27/07/15,,,,草津
美容所,ｃｏｓｓｏｔｔ’ｅ,520-2365,野洲市竹ヶ丘,野洲市竹ヶ丘１０－２０,１０－２０,,H27/07/29,,,,草津
美容所,ＨＡＩＲ ｓｏｉｎ,520-3013,栗東市目川,栗東市目川８４５－１,８４５－１,,H27/07/30,,,,草津
美容所,ＨＡＩＲ ＳＴＵＤＩＯ ＩＷＡＳＡＫＩ,520-3015,栗東市安養寺八丁目,栗東市安養寺八丁目１－１２ フレンドマート栗東１階,１－１２ フレンドマート栗東１階,株式会社ハクブン,H27/08/20,,,,草津
美容所,Ｒａｆ．ｈａｉｒ,525-0027,草津市野村四丁目,草津市野村四丁目４－２,４－２,,H27/10/01,,,,草津
美容所,髪染本舗 レインボーロード店,520-3041,栗東市出庭,栗東市出庭１８１７－２,１８１７－２,ハングアウト株式会社,H27/10/23,,,,草津
美容所,ｎｏｈｅａ,520-3031,栗東市綣三丁目,栗東市綣三丁目８－２３ グレーシィ栗東セレージュ,８－２３ グレーシィ栗東セレージュ,株式会社ａｎｕｅｎｕｅ,H27/11/11,,,,草津
美容所,Ａｌｉｃｉａ ｈａｉｒ,525-0032,草津市大路二丁目,草津市大路二丁目１６－２２ 中村ハイツ１Ｆ－Ａ,１６－２２ 中村ハイツ１Ｆ－Ａ,,H27/11/19,,,,草津
美容所,きれいやプラスワン,520-3045,栗東市高野,栗東市高野５００－１０,５００－１０,,H27/11/24,,,,草津
美容所,Ｍ＆Ｐ．ｓ（エムあんどピース）,525-0028,草津市上笠二丁目,草津市上笠二丁目２７－５ ハッピー六原内,２７－５ ハッピー六原内,,H27/11/19,,,,草津
美容所,ＫＡＩＮＯ イオンモール草津店,525-0067,草津市新浜町,草津市新浜町３００ イオンモール草津１Ｆ,３００ イオンモール草津１Ｆ,株式会社ＫＡＩＮＯｉｎｔｅｒｎａｔｉｏｎａ ｌ,H27/11/25,,,,草津
美容所,Ｓｐｒｅａｄ Ｈａｉｒ ｄｅｓｉｇｎ,520-3031,栗東市綣,栗東市綣一丁目３－６ アメニティ栗東店舗２号,一丁目３－６ アメニティ栗東店舗２号,,H27/11/25,,,,草津
美容所,Ｒａｉｎｂｏｗ,520-3014,栗東市川辺,栗東市川辺７８－１ カーサ・ソレアードＳ２０２号 室,７８－１ カーサ・ソレアードＳ２０２号 室,,H27/12/04,,,,草津
美容所,ＨＡＩＲ ＳＴＵＤＩＯ ＩＷＡＳＡＫＩ,524-0002,守山市小島町,守山市小島町１３７１－１ バロー守山小島店内,１３７１－１ バロー守山小島店内,株式会社ハクブン,H27/12/10,,,,草津
美容所,ＶＥＲＡＮＯ,520-3024,栗東市小柿八丁目,栗東市小柿八丁目３－９,３－９,,H27/12/24,,,,草津
美容所,プライベートサロン ティタティタ,520-3016,栗東市小野,栗東市小野２６５－１３,２６５－１３,株式会社ファミーユ,H27/12/25,,,,草津
美容所,ｐｕｒ・ｖｅ,520-3035,栗東市霊仙寺六丁目,栗東市霊仙寺六丁目１１－１,１１－１,,H28/01/13,,,,草津
美容所,Ａｃｏ Ｈａｉｒ Ａｔｅｌｉｅｒ,525-0047,草津市追分三丁目,草津市追分三丁目１－１６,１－１６,,H28/01/12,,,,草津
美容所,Ｒｅｌｉｅｆ Ｈａｉｒ Ｓａｌｏｎ,520-2423,野洲市西河原,野洲市西河原２３３９,２３３９,,H28/02/10,,,,草津
美容所,ＨＡＩＲ ＭＡＧＩＣ Ｒｉｎ’,520-3045,栗東市高野,栗東市高野８００ ビバリーマンションⅢ１０２,８００ ビバリーマンションⅢ１０２,,H28/02/22,,,,草津
美容所,パレット ピエリ守山店,524-0101,守山市今浜町,守山市今浜町２６２０－５,２６２０－５,,H28/02/26,,,,草津
美容所,ｔｉｈｉ,520-3025,栗東市中沢二丁目,栗東市中沢二丁目１１－１０,１１－１０,,H28/03/01,,,,草津
美容所,Ｂｅｌｌｅ Ｅ’ｑｕｉｐｅ,525-0058,草津市野路東二丁目,草津市野路東二丁目２－１２ ドーミトゥリィ南草津１Ｆ,２－１２ ドーミトゥリィ南草津１Ｆ,,H28/03/22,,,,草津
美容所,ＡＣＣＯＬＥ ｑｕａｌｉｔｅ,525-0032,草津市大路一丁目,草津市大路一丁目１４－１ 伽羅コート壱番館,１４－１ 伽羅コート壱番館,有限会社レガロ,H28/03/28,,,,草津
美容所,Ａｇｕ ｈａｉｒ ｆｌｅｕｒ,525-0055,草津市野路町,草津市野路町６８６ ラフラ館１Ｆ,６８６ ラフラ館１Ｆ,株式会社ａｇｉｒ,H28/04/04,,,,草津
美容所,Ｌｉｌａ,525-0031,草津市若竹町,草津市若竹町１－３１ ひばりビル４Ｆ,１－３１ ひばりビル４Ｆ,,H28/04/18,,,,草津
美容所,ｅｘ－ｆａヘアーエステαスパ,525-0032,草津市大路二丁目,草津市大路二丁目１１－７ ビレッヂワカバ２Ｆ,１１－７ ビレッヂワカバ２Ｆ,有限会社ラ・リヴィエール,H28/04/26,,,,草津
美容所,小さな美容室 ｕｋａ,520-3016,栗東市小野,栗東市小野２８７－１,２８７－１,,H28/04/26,,,,草津
美容所,ｂｌｉｎｃ,525-0055,草津市野路町,草津市野路町４４１ サンクリエートムネ１Ｆ－Ａ,４４１ サンクリエートムネ１Ｆ－Ａ,,H28/05/12,,,,草津
美容所,美容プラージュ イオンタウン野洲店,520-2435,野洲市乙窪,野洲市乙窪４８０－１,４８０－１,阪南理美容株式会社,H28/05/19,,,,草津
美容所,ＰｕＲ Ｂｒｉｌｌｅｒ,524-0102,守山市水保町,守山市水保町１１８７－５,１１８７－５,,H28/05/23,,,,草津
美容所,ｃａｐｒｏ,524-0021,守山市吉身二丁目,守山市吉身二丁目８－１６－１０３,８－１６－１０３,株式会社ｎｅｏｓ,H28/06/06,,,,草津
美容所,ｈａｉｒ ｍａｋｅ ＢＬＵＥ,524-0046,守山市今宿一丁目,守山市今宿一丁目２－８－１,２－８－１,,H28/09/01,,,,草津
美容所,Ｒｅｌｉｃ,524-0045,守山市金森町,守山市金森町５６－５,５６－５,,H28/09/02,,,,草津
美容所,ＦＯＵＲＨＡＵＳ＋ｎ,525-0059,草津市野路一丁目,草津市野路一丁目５－１５ アメニティ南草津１階,５－１５ アメニティ南草津１階,株式会社クレステージ,H28/09/30,,,,草津
美容所,ｈａｉｒ ｓｔａｔｉｏｎ ＨａＬｅ’Ｌ． Ａ,525-0054,草津市東矢倉四丁目,草津市東矢倉四丁目１４－６ スチューデントＨＩＲＯＳＥ １Ｆ,１４－６ スチューデントＨＩＲＯＳＥ １Ｆ,,H28/10/11,,,,草津
美容所,Ｌａ ｖｉｅ Ｂｅｌｌｅ（美容所）,524-0002,守山市小島町,守山市小島町１６６２－３ ２Ｆ,１６６２－３ ２Ｆ,,H28/10/14,,,,草津
美容所,Ａｇｕ ｈａｉｒ ｆｌｏｌａ（アグヘアー フローラ）,525-0031,草津市若竹町,草津市若竹町１－５ センタービル１階,１－５ センタービル１階,株式会社ａｇｉｒ,H28/11/28,,,,草津
美容所,ボディ キッチン 美容所,525-0027,草津市野村一丁目,草津市野村一丁目３－７,３－７,,H28/11/28,,,,草津
美容所,ヘアサロン リノ,520-3005,栗東市御園,栗東市御園１１８９－１,１１８９－１,,H28/12/07,,,,草津
美容所,ヘアースペース メイプル,520-3015,栗東市安養寺八丁目,栗東市安養寺八丁目３－１３,３－１３,,H29/01/12,,,,草津
美容所,請川美容室,525-0034,草津市草津一丁目,草津市草津一丁目２０－４３,２０－４３,,H29/01/31,,,,草津
美容所,ｈａｉｒ ｒｏｏｍ ｓｈｉ－ｎｏ,525-0055,草津市野路町,草津市野路町１２３７,１２３７,,H29/01/31,,,,草津
美容所,Ｄｏｕｃｅｕｒ,525-0048,草津市追分南一丁目,草津市追分南一丁目１－２６ メゾンエスプリ１０１,１－２６ メゾンエスプリ１０１,,H29/02/03,,,,草津
美容所,マイアンジェリーク栗東店,520-3024,栗東市小柿七丁目,栗東市小柿七丁目８－１１ Ｋ佳ビル３０１,８－１１ Ｋ佳ビル３０１,マイアンジェリーク株式会社,H29/02/14,,,,草津
美容所,ｕｒｓｕｓ ｈａｉｒ Ｄｅｓｉｇｎ 南草 津店,525-0059,草津市野路一丁目,草津市野路一丁目４－１９ アメニティ南草津Ⅲ１０１,４－１９ アメニティ南草津Ⅲ１０１,株式会社ヘッドライト,H29/02/24,,,,草津
美容所,ｈａｉｒ ｃａｒｒｅｆｏｕｒ,525-0041,草津市青地町,草津市青地町６２１－１,６２１－１,,H29/03/10,,,,草津
美容所,ｈａｉｒ ｍｕ－ｔｅ,520-2331,野洲市小篠原,野洲市小篠原１８００－８,１８００－８,株式会社ＮＡＲＩＴＡ,H29/03/10,,,,草津
美容所,ｆｌｅｕｒｉ,524-0016,守山市荒見町,守山市荒見町３３１－１１,３３１－１１,,H29/03/15,,,,草津
美容所,Ｅｘ－Ｃａｍｐｂｅｌｌ 南草津店,525-0055,草津市野路町,草津市野路町６８６ ラフラ館２Ｆ,６８６ ラフラ館２Ｆ,株式会社ＲＩＣＯ ＬＡＳＨ,H29/03/17,,,,草津
美容所,髪染本舗 かがやき店,525-0048,草津市追分南一丁目,草津市追分南一丁目１－２４,１－２４,ジーズアップ株式会社,H29/03/28,,,,草津
美容所,ＭＩＹＡ ｈａｉｒｃｌｉｎｉｃ＆ｄｅｓｉ ｇｎ,525-0055,草津市野路町,草津市野路町４４５６－６ コーポ中嶋１０１,４４５６－６ コーポ中嶋１０１,有限会社ラ・リヴィエール,H29/03/31,,,,草津
美容所,Ａｇｕ ｈａｉｒ ｌｏｒｅｎ,524-0033,守山市浮気町,守山市浮気町３００－１５ グランドメゾン守山１０９ 号室,３００－１５ グランドメゾン守山１０９ 号室,株式会社ａｇｉｒ,H29/04/07,,,,草津
美容所,ＭＡＱＵＩＡ 草津店,525-0032,草津市大路一丁目,草津市大路一丁目１２－１ 星空館２Ｆ,１２－１ 星空館２Ｆ,株式会社ＭＡＱＵＩＡ,H29/04/07,,,,草津
美容所,Ｈａｉｒ ｅｌａｎ,524-0013,守山市下之郷三丁目,守山市下之郷三丁目１－１５－９,１－１５－９,株式会社エラン,H29/05/01,,,,草津
美容所,ピローズ,520-3017,栗東市六地蔵,栗東市六地蔵９９７,９９７,,H29/05/10,,,,草津
美容所,ヘアーメイク ピリアー,520-3031,栗東市綣二丁目,栗東市綣二丁目２－３４－１１０,２－３４－１１０,,H29/05/09,,,,草津
美容所,ＥＡＲＴＨ／Ａ草津エイスクエア店,525-0025,草津市西渋川一丁目,草津市西渋川一丁目２３－３ エイスクエアＳＡＲＡ東館２Ｆ,２３－３ エイスクエアＳＡＲＡ東館２Ｆ,株式会社Ｌｕｃｅ,H29/06/05,,,,草津
美容所,Ｍａｔｓｕｄａ,525-0047,草津市追分三丁目,草津市追分三丁目１０－１５,１０－１５,,H29/06/29,,,,草津
美容所,エンジェルハンズ,524-0041,守山市勝部一丁目,守山市勝部一丁目１－１７ 近江鉄道ビル１階,１－１７ 近江鉄道ビル１階,,H29/07/24,,,,草津
美容所,ＲＩＴＵＥＬ ＆ ＭＯＲＩＳ + ｎ,524-0022,守山市守山六丁目,守山市守山六丁目１６－２ フロントパーク守山１Ｆ,１６－２ フロントパーク守山１Ｆ,株式会社クレステージ,H29/07/31,,,,草津
美容所,Ｐｅｏｎｙ Ｂｌｏｏｍｓ,525-0027,草津市野村六丁目,草津市野村六丁目１１－４ コンフォーレＴ３ ２０３,１１－４ コンフォーレＴ３ ２０３,,H29/09/08,,,,草津
美容所,ＫＡＮＡＲＩＡＹＡ ２ｎｄ,525-0048,草津市追分南三丁目,草津市追分南三丁目２１－４,２１－４,,H29/09/14,,,,草津
美容所,Ｌｕａｎａ,520-3031,栗東市綣,栗東市綣三丁目１４－１４ ロワイヤル谷１Ｆ,三丁目１４－１４ ロワイヤル谷１Ｆ,,H29/09/29,,,,草津
美容所,ラブロ ｓａｌｏｎ,525-0025,草津市西渋川一丁目,草津市西渋川一丁目１６－５１ パステルエイト２Ｆ,１６－５１ パステルエイト２Ｆ,,H29/10/11,,,,草津
美容所,Ｂｒｕｇｇｅ,524-0041,守山市勝部五丁目,守山市勝部五丁目６－２３ 竹中ビル２Ｆ,６－２３ 竹中ビル２Ｆ,,H29/10/20,,,,草津
美容所,Ｒｏｓｅａ ここあ草津,525-0032,草津市大路一丁目,草津市大路一丁目４－２５,４－２５,株式会社近畿予防医学研究所,H29/10/30,,,,草津
美容所,Ｌｉｖｅ’ｓ,525-0044,草津市岡本町,草津市岡本町７６１－３,７６１－３,,H29/10/30,,,,草津
美容所,ＬＵＤＡＮ,524-0041,守山市勝部四丁目,守山市勝部四丁目３－１１ マイリーアン１０２,３－１１ マイリーアン１０２,,H29/11/02,,,,草津
美容所,ＳＯＹＯＮ南草津,525-0050,草津市南草津一丁目,草津市南草津一丁目１－５ アーバンホテル南草津１階,１－５ アーバンホテル南草津１階,株式会社ａｇｉｒ,H29/11/02,,,,草津
美容所,さよさんちの美容室,524-0015,守山市矢島町,守山市矢島町１２３５－１,１２３５－１,,H29/11/02,,,,草津
美容所,Ｓｏｉ－ｍｅｍｅ,524-0021,守山市吉身三丁目,守山市吉身三丁目１９－８,１９－８,,H29/11/17,,,,草津
美容所,美容室ボイス,520-2313,野洲市大篠原,野洲市大篠原１８６６－１,１８６６－１,,H30/02/01,,,,草津
美容所,ｓｃａｌｐ ｃａｒｅ ｓａｌｏｎ Ｂｅｅ ｔｌｅ,524-0016,守山市荒見町,守山市荒見町２１９－１５,２１９－１５,,H30/02/09,,,,草津
美容所,ヘアーサロン アトリエ 京,524-0102,守山市水保町,守山市水保町１２５５－２７０,１２５５－２７０,,H30/02/08,,,,草津
美容所,ｆｌｅｕｒｉｒ,520-3024,栗東市小柿十丁目,栗東市小柿十丁目１６－６,１６－６,,H30/02/09,,,,草津
美容所,ｈｉｌｅａｌｏ,520-3015,栗東市安養寺七丁目,栗東市安養寺七丁目１－２２ ２Ｆ,１－２２ ２Ｆ,株式会社ａｎｕｅｎｕｅ,H30/02/20,,,,草津
美容所,ｈａｉｒ Ｌｃｉａ,525-0059,草津市野路六丁目,草津市野路六丁目８－２８ ＭＮＫ－２ ２Ｆ,８－２８ ＭＮＫ－２ ２Ｆ,,H30/03/29,,,,草津
美容所,ＢＡＳＥ ｏｆ ＸＡＲＩＴＥＳ,525-0032,草津市大路二丁目,草津市大路二丁目１－４３ Ｍ’ｓビルディング大路 ２Ｆ,１－４３ Ｍ’ｓビルディング大路 ２Ｆ,株式会社ｎｅｏｓ,H30/03/26,,,,草津
美容所,Ｌｉｎｎｅ,520-3023,栗東市坊袋,栗東市坊袋１５６－３ ハートフルフィオーレ１０１,１５６－３ ハートフルフィオーレ１０１,,H30/03/30,,,,草津
美容所,Ｂｅａｕｔｙ Ｃｏｌｏｒ Ｐｌｕｓ ア ル・プラザ栗東店,520-3031,栗東市綣二丁目,栗東市綣二丁目３－２２ アル・プラザ栗東店 ２階,３－２２ アル・プラザ栗東店 ２階,株式会社リビアス,H30/04/06,,,,草津
美容所,美容室 ＢＩＪＩＮ,520-3024,栗東市小柿五丁目,栗東市小柿五丁目１７－１０,１７－１０,,H30/03/30,,,,草津
美容所,ａｔｅｌｉｅｒ,525-0036,草津市草津町,草津市草津町１６６０－３,１６６０－３,,H30/04/13,,,,草津
美容所,ａｂｕｓ ａｐａｒｔｍｅｎｔ,525-0059,草津市野路九丁目,草津市野路九丁目９－２８,９－２８,,H30/04/10,,,,草津
美容所,ＩＬＡＲＩ,520-3016,栗東市小野,栗東市小野９１９－３,９１９－３,,H30/04/16,,,,草津
美容所,ｋｉｋｉ ｈａｉｒ,520-3012,栗東市岡,栗東市岡３７３－１,３７３－１,株式会社ＫＣＢ－ＰＲＯＪＥＣＴ,H30/05/15,,,,草津
美容所,Ｎｅｏｅｓｔ Ｌｏｇ,524-0104,守山市木浜町,守山市木浜町１８６６,１８６６,,H30/06/06,,,,草津
美容所,Ｍｕｌｅ,525-0031,草津市若竹町,草津市若竹町５－１０ マイネブルク １Ｆ－Ｂ,５－１０ マイネブルク １Ｆ－Ｂ,,H30/06/19,,,,草津
美容所,ａｏｕｌｉ,525-0054,草津市東矢倉二丁目,草津市東矢倉二丁目５－２４ アメニティ草津１０４,５－２４ アメニティ草津１０４,,H30/11/01,,,,草津
美容所,Ｇｒａｎｄ Ａｒｒａｎｇｅ,520-2342,野洲市野洲,野洲市野洲９３５,９３５,株式会社アレンジ,H30/07/04,,,,草津
美容所,ＨＡＩＲ’Ｓ Ｍ,520-3047,栗東市手原四丁目,栗東市手原四丁目５－１２,５－１２,有限会社フォレスタ,H30/07/02,,,,草津
美容所,ＶＩＡＲＥ（ヴィアル）,524-0045,守山市金森町,守山市金森町４５８,４５８,合同会社Ｓｙｍｐａｔｈｙ,H30/08/07,,,,草津
美容所,ｄ：ｃ Ｒｉｍｕｎｉ,524-0022,守山市守山二丁目,守山市守山二丁目１３－１０,１３－１０,有限会社ケー・エス・アイ,H30/09/06,,,,草津
美容所,ｈａｉｒ ｓａｌｏｎ ｅｎ,524-0022,守山市守山三丁目,守山市守山三丁目９－１１,９－１１,株式会社ｅｎ,H30/09/07,,,,草津
美容所,ビューティラボ 草津店,525-0032,草津市大路一丁目,草津市大路一丁目１１－８ ジュンビル３Ｆ,１１－８ ジュンビル３Ｆ,株式会社勇気,H30/10/26,,,,草津
美容所,美容室ビートル 草津店,525-0029,草津市下笠町,草津市下笠町５４８－３,５４８－３,株式会社ヒロセホールディングス,H30/10/10,,,,草津
美容所,Ｌ．Ａ ＢＡＲ ＢＥＲ ＳＨＯＰ,525-0041,草津市青地町,草津市青地町７４３ １Ｆ,７４３ １Ｆ,,H30/10/19,,,,草津
美容所,美容室 ＣｏＣｏｎ,520-3016,栗東市小野,栗東市小野６８７,６８７,,H30/10/10,,,,草津
美容所,ｈａｉｒ ｍｉｎｋ,520-2352,野洲市冨波乙,野洲市冨波乙６８１－４２,６８１－４２,,H30/10/26,,,,草津
美容所,ＪＡＰ ｉｎｔｅｒｎａｔｉｏｎａｌ Ｓ ｓａｌｏｎ,520-3035,栗東市霊仙寺一丁目,栗東市霊仙寺一丁目１－４３,１－４３,株式会社Ｓｕｋｅ,H30/10/22,,,,草津
美容所,Ｈａｉｒ Ｌａｕｎａ,524-0014,守山市石田町,守山市石田町２５５－７,２５５－７,,H30/10/30,,,,草津
美容所,ＮＯＯＲ,520-3016,栗東市小野,栗東市小野９１９－６,９１９－６,,H30/11/07,,,,草津
美容所,ｅｍｏｔｉｏｎ,525-0048,草津市追分南一丁目,草津市追分南一丁目１－１４,１－１４,,H30/10/26,,,,草津
美容所,ヘアーショップ ＰＩＥＧＡ,525-0032,草津市大路一丁目,草津市大路一丁目１８－２３,１８－２３,,H30/11/07,,,,草津
美容所,Ｌｅｓ’ｖｉ’ｃｌａｉｒ,525-0023,草津市平井一丁目,草津市平井一丁目５－５,５－５,,H30/12/14,,,,草津
美容所,Ｌａｎａ,525-0026,草津市渋川一丁目,草津市渋川一丁目７－６ ＬＡスクエアＷＥＳＴ １Ｆ,７－６ ＬＡスクエアＷＥＳＴ １Ｆ,,H30/12/27,,,,草津
美容所,ｆｒａｎｃｅｓｃａ ｅｙｅｌａｓｈ,525-0071,草津市南笠東一丁目,草津市南笠東一丁目１４－３６ エムズスクエア１０１号室,１４－３６ エムズスクエア１０１号室,,H30/12/25,,,,草津
美容所,Ｈａｉｒ Ｄｅｓｉｇｎ ＲＩＮＡＫＡＭＩ,520-2423,野洲市西河原,野洲市西河原２５１３ 西河原マリーンハイツ１０１,２５１３ 西河原マリーンハイツ１０１,,H31/01/18,,,,草津
美容所,ｅｙｅｌａｓｈ ｓａｌｏｎ ａｙ,520-2331,野洲市小篠原,野洲市小篠原１１１１－１ ロイヤルコーポヤス３０５ 号,１１１１－１ ロイヤルコーポヤス３０５ 号,,H30/12/28,,,,草津
美容所,Ｅｘ－Ｃａｍｐｂｅｌｌ～ｅｙｅｌａｓｈ～ 草津店,525-0037,草津市西大路町,草津市西大路町６－６ 西川ビル２階,６－６ 西川ビル２階,株式会社ＲＩＣＯ ＬＡＳＨ,H31/01/08,,,,草津
美容所,ｕｌｕｌａ,525-0028,草津市上笠二丁目,草津市上笠二丁目５－６ セベリアーノ２０３,５－６ セベリアーノ２０３,,H31/01/31,,,,草津
美容所,カームハウス あんくるトム,524-0016,守山市荒見町,守山市荒見町８８－１０,８８－１０,,H31/02/05,,,,草津
美容所,ｒｏｏｔ,525-0047,草津市追分一丁目,草津市追分一丁目５－１４,５－１４,株式会社メロメ,H31/02/06,,,,草津
美容所,Ｃｈａｒｍ 南草津店,525-0059,草津市野路一丁目,草津市野路一丁目１６－１３ アメニティ南草津Ⅴ１０－５ －１,１６－１３ アメニティ南草津Ⅴ１０－５ －１,,H31/03/14,,,,草津
美容所,ｈｅａｌｉｎｇ ｓｐａｃｅ～癒しの空間～ はる,520-2361,野洲市北野一丁目,野洲市北野一丁目１－１８ アルタンスビル１Ｆ,１－１８ アルタンスビル１Ｆ,合同会社あい和,H31/03/29,,,,草津
美容所,ジュリア・オージェ 近鉄百貨店草津店,525-0026,草津市渋川一丁目,草津市渋川一丁目１－５０ 近鉄百貨店草津店４Ｆ,１－５０ 近鉄百貨店草津店４Ｆ,株式会社アートネイチャー,H31/04/03,,,,草津
美容所,ｃｏｔｏ ｈａｉｒ,520-2361,野洲市北野一丁目,野洲市北野一丁目１２－２６,１２－２６,,H31/04/09,,,,草津
美容所,Ａｐｈｒｏｄｉｔｅ,524-0021,守山市吉身一丁目,守山市吉身一丁目３－１３,３－１３,,H31/04/25,,,,草津
美容所,ヘアカラー専門店ｆｕｆｕ モリーブ守山店,524-0012,守山市播磨田町,守山市播磨田町１８５－１ モリーブ守山 ２Ｆ,１８５－１ モリーブ守山 ２Ｆ,株式会社Ｆａｓｔ Ｂｅａｕｔｙ,H31/04/09,,,,草津
美容所,Ｌｉｌａ 草津店,525-0031,草津市若竹町,草津市若竹町１－３１ ひばりビル２Ｆ,１－３１ ひばりビル２Ｆ,株式会社ＯＲＥＳＳ,R01/05/27,,,,草津
美容所,Ｎｉｃｏ ｈａｉｒ ｓａｌｏｎ,524-0046,守山市今宿二丁目,守山市今宿二丁目１１－１９,１１－１９,株式会社真花,R01/06/11,,,,草津
美容所,コネクト,525-0032,草津市大路一丁目,草津市大路一丁目２－１７ ＲｏｏｍｓＯｏｊｉ７０３,２－１７ ＲｏｏｍｓＯｏｊｉ７０３,,R01/05/29,,,,草津
美容所,Ｅ－ｒｏｏｍ,520-2332,野洲市妙光寺,野洲市妙光寺２４４,２４４,,R01/06/11,,,,草津
美容所,Ｌａ ｒｅｉｎｅ ｂｙ ＨＡＳＥ,524-0022,守山市守山一丁目,守山市守山一丁目６－１２－１０２,６－１２－１０２,有限会社長谷美容室守山店,R01/06/21,,,,草津
美容所,ｎａｉａ,524-0022,守山市守山四丁目,守山市守山四丁目６－１８ リンデンハイム１Ｆ,６－１８ リンデンハイム１Ｆ,株式会社ａｎｕｅｎｕｅ,R01/06/26,,,,草津
美容所,ＬＵＡＮＡ,525-0059,草津市野路八丁目,草津市野路八丁目２２－１９,２２－１９,,R01/07/17,,,,草津
美容所,Ｓｈｉｎｅ ｂｅａｕｔｙ,525-0059,草津市野路五丁目,草津市野路五丁目６－３８ ＥＭ１０２２ １０５,６－３８ ＥＭ１０２２ １０５,,R01/07/11,,,,草津
美容所,ｈａｉｒｓ ＪＩＫＵ,524-0022,守山市守山六丁目,守山市守山六丁目１７－４６,１７－４６,,R01/07/03,,,,草津
美容所,Ｒｉｍ ｈａｉｒ’ｓ ＢＥＡＵ ｇｒｏｕ ｐ,524-0021,守山市吉身二丁目,守山市吉身二丁目８－１６,８－１６,有限会社エイト,R01/07/31,,,,草津
美容所,Ｋｏｋｅｍｕｓ ｈａｉｒ ｗｏｒｋｓ,520-2316,野洲市上屋,野洲市上屋１３４８－１１,１３４８－１１,,R01/09/19,,,,草津
美容所,ビューティーアイラッシュ近鉄百貨店草津店,525-0026,草津市渋川一丁目,草津市渋川一丁目１－５０ 近鉄百貨店草津店 ４Ｆ,１－５０ 近鉄百貨店草津店 ４Ｆ,株式会社リビアス,R01/08/28,,,,草津
美容所,タマ美容室,524-0037,守山市梅田町,守山市梅田町４－２６ ジェイグラン守山１Ｆ,４－２６ ジェイグラン守山１Ｆ,,R01/10/09,,,,草津
美容所,Ｃｈａｒｍ 草津東口店,525-0032,草津市大路二丁目,草津市大路二丁目１－３２１－４ ２Ｆ,１－３２１－４ ２Ｆ,Ｃｈａｒｍ Ｊａｐａｎ株式会社,R01/09/30,,,,草津
美容所,ｒｕｆｕｒｅ ｈａｉｒ,525-0032,草津市大路一丁目,草津市大路一丁目１－１－１１５,１－１－１１５,,R01/10/03,,,,草津
美容所,ｃｏｍｍｅ ｍｏｉ,525-0034,草津市草津三丁目,草津市草津三丁目１３－６６,１３－６６,,R01/10/03,,,,草津
美容所,ヘアークリニック ヴァン・ドウ,520-2352,野洲市冨波乙,野洲市冨波乙６９０－３,６９０－３,,R01/10/11,,,,草津
美容所,ＣＬＡＮ,524-0045,守山市金森町,守山市金森町５９－３ Ｒｉｖｅｒｓｉｄｅ ＢＬＤ １Ｆ,５９－３ Ｒｉｖｅｒｓｉｄｅ ＢＬＤ １Ｆ,,R01/11/22,,,,草津
美容所,Ｔｈｉｒｄ Ｐｌａｃｅ,524-0022,守山市守山六丁目,守山市守山六丁目１４－１ 北野マンション１－Ｃ,１４－１ 北野マンション１－Ｃ,,R01/11/27,,,,草津
美容所,Ｄｅａｒｓ 南草津店,525-0055,草津市野路町,草津市野路町４６８－１ パビヨン南草津Ⅱ １Ｆ,４６８－１ パビヨン南草津Ⅱ １Ｆ,,R01/11/27,,,,草津
美容所,奏 ｒｅｌａｘａｔｉｏｎ ｂｅａｕｔｙ ｓａｌｏｎ,524-0004,守山市笠原町,守山市笠原町９８３－６,９８３－６,,R01/11/29,,,,草津
美容所,ＴＨＥ ＧＵＥＳＴ ＣＡＲＥ,520-3024,栗東市小柿六丁目,栗東市小柿六丁目１－２２ ２０３号,１－２２ ２０３号,,R01/12/06,,,,草津
美容所,Ｌｅ ｐｅｔｉｔ ｂｏｎｈｅｕｒ,520-3026,栗東市下鈎,栗東市下鈎１１９５－１１４,１１９５－１１４,,R01/12/27,,,,草津
美容所,ＰＬＡＳＴＹ,520-3015,栗東市安養寺二丁目,栗東市安養寺二丁目６－５ ａｐビル１Ｆ,６－５ ａｐビル１Ｆ,,R02/01/17,,,,草津
美容所,ｆｅｌｉｍ 草津店,525-0037,草津市西大路町,草津市西大路町３－８ ジュモオネティ２Ｆ,３－８ ジュモオネティ２Ｆ,株式会社Ｍ＆Ｋ,R02/01/10,,,,草津
美容所,ネイルズココ,525-0048,草津市追分南五丁目,草津市追分南五丁目１５－３７,１５－３７,株式会社デンタルトラスト,R02/01/22,,,,草津
美容所,Ｓｔａｒ,520-2352,野洲市冨波乙,野洲市冨波乙３３５－１２,３３５－１２,,R02/01/28,,,,草津
美容所,Ｃａｃｈｅｔｔｅ Ｌｉｅｎ,525-0067,草津市新浜町,草津市新浜町４０５－１１,４０５－１１,,R02/01/28,,,,草津
美容所,Ｒ．Ａ．Ｔ ｈａｉｒ＆ＳＰＡ,520-3031,栗東市綣,栗東市綣七丁目１４－３,七丁目１４－３,,R02/02/10,,,,草津
美容所,ｍ－ｌｉｎｋｓ,520-3047,栗東市手原三丁目,栗東市手原三丁目４－３１,４－３１,株式会社かぎて屋,R02/02/18,,,,草津
美容所,ＨＡＩＲ ＮＩＫＯ,520-3025,栗東市中沢二丁目,栗東市中沢二丁目１６－４４,１６－４４,,R02/02/21,,,,草津
美容所,カットコムズ 近鉄草津店,525-0026,草津市渋川一丁目,草津市渋川一丁目１－５０ 近鉄百貨店草津店２階,１－５０ 近鉄百貨店草津店２階,,R02/02/21,,,,草津
美容所,ガーデニア（クリスタル）,525-0050,草津市南草津二丁目,草津市南草津二丁目３－６,３－６,,R02/02/28,,,,草津
美容所,ｈａｉｒ ｓａｌｏｎ ＡＵＲＡ,520-2351,野洲市冨波甲,野洲市冨波甲１０８８－１,１０８８－１,株式会社ＵＮＯ,R02/03/03,,,,草津
美容所,ＲＡＹＭ,525-0032,草津市大路一丁目,草津市大路一丁目１７－７,１７－７,,R02/03/10,,,,草津
美容所,Ｒｕｔａ,524-0021,守山市吉身二丁目,守山市吉身二丁目９－２７ 伊勢屋ビル １０３,９－２７ 伊勢屋ビル １０３,,R02/03/31,,,,草津
美容所,ｄｏｚｅ ｈａｉｒ ｗｏｒｋｓ,524-0064,守山市森川原町,守山市森川原町２３－３２,２３－３２,,R02/03/31,,,,草津
美容所,ＣＥＮＴＲＡＬ＋ｎ,525-0032,草津市大路一丁目,草津市大路一丁目９－１ クロスアべニュー １Ｆ Ａ１０ ８,９－１ クロスアべニュー １Ｆ Ａ１０ ８,株式会社クレステージ,R02/04/07,,,,草津
美容所,Ｊｕｊｕｒ ｈａｔｉ,520-3003,栗東市荒張,栗東市荒張９９６－１０５,９９６－１０５,,R02/03/31,,,,草津
美容所,Ｇｒａｃｅ Ｌａｓｈ,525-0055,草津市野路町,草津市野路町４５７－１ ヴィラ・ハーベスト１０５,４５７－１ ヴィラ・ハーベスト１０５,,R02/04/14,,,,草津
美容所,ＬＡＴＥ ｔｏｋｙｏ,525-0037,草津市西大路町,草津市西大路町３－１９ 森川ビル３階,３－１９ 森川ビル３階,株式会社ＳＯＷ,R02/04/16,,,,草津
美容所,Ｒｏｓｅａ,525-0032,草津市大路一丁目,草津市大路一丁目８－１５,８－１５,株式会社近畿予防医学研究所,R02/04/23,,,,草津
美容所,日替サロンＴａｌｌｙ,525-0055,草津市野路町,草津市野路町３００１ めるべーゆ杉１０１号室,３００１ めるべーゆ杉１０１号室,株式会社タリー,R02/04/21,,,,草津
美容所,Ａｔｅｌｉｅｒ Ｃａｌｅｎｄｒｉｅｒ,520-3014,栗東市川辺,栗東市川辺３０８－１７,３０８－１７,,R02/04/30,,,,草津
美容所,Ａｇｕ ｈａｉｒ ｒｅｆｌｅｔ,520-3031,栗東市綣,栗東市綣４－１２－１６ アクアリンピア１Ｆ,４－１２－１６ アクアリンピア１Ｆ,株式会社ｂ－ｌｉｇｈｔ,R02/06/05,,,,草津
美容所,ＣＲＥＡＲ ＢＹ ＴＨＲＥＥ ＥＬＥＰＨ ＡＮＴ,525-0025,草津市西渋川一丁目,草津市西渋川一丁目１－４ マルウチ２０２号室,１－４ マルウチ２０２号室,株式会社クラシカルサポート,R02/06/12,,,,草津
美容所,ｃｈｅｚ ｍｏｉ！,520-3013,栗東市目川,栗東市目川４６５－５ ２階,４６５－５ ２階,,R02/06/08,,,,草津
美容所,Ｌｉｚｏｌａ,524-0201,野洲市吉川,野洲市吉川１４０８,１４０８,,R02/06/17,,,,草津
美容所,髪匠 ＭＩＹＡＢＩ,525-0053,草津市矢倉二丁目,草津市矢倉二丁目３５－５,３５－５,有限会社ＦＩＸ－ＵＰ,R02/07/01,,,,草津
美容所,ｓｃｈｉｆｆｏｎ,525-0059,草津市野路一丁目,草津市野路一丁目１６－１ アメニティ南草津８－１０３,１６－１ アメニティ南草津８－１０３,,R02/07/01,,,,草津
美容所,Ｈａｉｒ Ｓｐａｃｅ いるくじ＋ｏｎｅ,525-0028,草津市上笠四丁目,草津市上笠四丁目３４－３０－９,３４－３０－９,,R02/07/10,,,,草津
美容所,ＦＥＸＩＡ ｈａｉｒ ｓｔｏｒｙ,525-0023,草津市平井一丁目,草津市平井一丁目１３－１０,１３－１０,株式会社ＦＥＸＩＡ,R02/07/31,,,,草津
美容所,Ｂｅａｕｔｙ ｓａｌｏｎ Ｅｙｅｄｅａ－,524-0041,守山市勝部五丁目,守山市勝部五丁目３－２９ ２Ｆ,３－２９ ２Ｆ,,R02/08/12,,,,草津
美容所,女性専用サロン Ａｎｓｕｒ ｍｉｍｉ南草 津店,525-0059,草津市野路五丁目,草津市野路五丁目１－３,１－３,株式会社ＯＲＥＳＳホールディングス,R02/09/03,,,,草津
美容所,ｄｏｔ．ｔｏｋｙｏ南草津店,525-0059,草津市野路一丁目,草津市野路一丁目７－２１ リベリー南草津２０９,７－２１ リベリー南草津２０９,株式会社ＯＲＥＳＳホールディングス,R02/09/10,,,,草津
美容所,Ｒｉｖｏｒｏ,524-0021,守山市吉身六丁目,守山市吉身六丁目４－１３,４－１３,,R02/09/29,,,,草津
美容所,Ｗ ｈａｉｒ＆ｓｐａ,525-0048,草津市追分南五丁目,草津市追分南五丁目１０－１８,１０－１８,株式会社インフィクス,R02/11/18,,,,草津
美容所,ヘアー インフィクス,525-0027,草津市野村二丁目,草津市野村二丁目１－１２ バンジャール西大路,１－１２ バンジャール西大路,株式会社インフィクス,R02/11/18,,,,草津
美容所,ｐｒｕｎｅ,520-3024,栗東市小柿六丁目,栗東市小柿六丁目１－２２ Ｗｉｔｈ ｉｎ Ｂａｍｂｏｏ １０５,１－２２ Ｗｉｔｈ ｉｎ Ｂａｍｂｏｏ １０５,株式会社ＰＲＵＮＥ,R02/12/03,,,,草津
美容所,Ａｍｏｕｒ,524-0101,守山市今浜町,守山市今浜町２２２７－１,２２２７－１,,R02/11/24,,,,草津
美容所,Ｅｍｍｉｅ ｎａｉｌ ａｎｄ ｅｙｅ ｌ ａｓｈ,520-3026,栗東市下鈎,栗東市下鈎２７－１ ＺＥＲＯ ＧＡＴＥ栗東２０１,２７－１ ＺＥＲＯ ＧＡＴＥ栗東２０１,,R02/11/24,,,,草津
美容所,Ｌａ ｆｉｔｈ ｈａｉｒ 南草津店,525-0059,草津市野路一丁目,草津市野路一丁目１０－９ エランビタールⅢ テナント２ ０１号,１０－９ エランビタールⅢ テナント２ ０１号,株式会社Ｄｃｒｅｗｓ,R02/12/04,,,,草津
美容所,Ｍａｉｓｏｎ ｍａｍａｎ,524-0033,守山市浮気町,守山市浮気町３００－１５ グランドメゾン３－１２０,３００－１５ グランドメゾン３－１２０,,R02/12/09,,,,草津
美容所,ｈａｉｒ ｓａｌｏｎ ｅｎ,524-0046,守山市今宿三丁目,守山市今宿三丁目４－２,４－２,株式会社ｅｎ,R03/02/18,,,,草津
美容所,スマートカラーＫｉｒｅｉ アル・プラザ草 津店,525-0025,草津市西渋川一丁目,草津市西渋川一丁目２３－１ アル・プラザ草津２Ｆ,２３－１ アル・プラザ草津２Ｆ,アイビ株式会社,R02/12/14,,,,草津
美容所,リヒトヘアー Ｌｉｃｈｔｈａｉｒ,524-0043,守山市二町町,守山市二町町７－１０,７－１０,,R03/01/20,,,,草津
美容所,ａｉｒ ｐｕｔｉｈ ＥＬＬＥＭ,520-3015,栗東市安養寺八丁目,栗東市安養寺八丁目３－４,３－４,,R03/01/01,,,,草津
美容所,ＫＩＲＥＩ,525-0025,草津市西渋川一丁目,草津市西渋川一丁目１－４ マルウチ３０１,１－４ マルウチ３０１,株式会社ＪＡＭ,R03/01/08,,,,草津
美容所,Ｎｏｅｌｌａ,525-0055,草津市野路町,草津市野路町６８３－６－１０３,６８３－６－１０３,株式会社Ｎｏｅｌｌａ,R03/01/12,,,,草津
美容所,Ｈａｉｒ ｍａｋｅ ｃ’ｅｓｔ ｃｈｏｕ ｅｔｔｅ,524-0104,守山市木浜町,守山市木浜町１５２－１８,１５２－１８,,R03/02/15,,,,草津
美容所,ｅｄｇｅ ＨＡＩＲ ＷＯＲＫＳ,524-0012,守山市播磨田町,守山市播磨田町３０３８－１,３０３８－１,,R03/02/15,,,,草津
美容所,ｅｃｌａｔ ｈａｉｒ’ｓ ＢＥＡＵ ｇｒ ｏｕｐ,525-0027,草津市野村二丁目,草津市野村二丁目１０－２３,１０－２３,有限会社エイト,R03/02/26,,,,草津
美容所,ヘアーデザイン ｋｉｚｕｎａ,525-0027,草津市野村四丁目,草津市野村四丁目１０－１６,１０－１６,株式会社Ｍａｋａｌｏａ,R03/02/25,,,,草津
美容所,ＤＩＤＩＥＲ ＋ｎ,524-0041,守山市勝部一丁目,守山市勝部一丁目２－２６,２－２６,株式会社クレステージ,R03/03/01,,,,草津
美容所,ｍａ ｃｈｅｒｉｅ ｂｙ ＨＡＳＥ,525-0032,草津市大路一丁目,草津市大路一丁目６－１３,６－１３,有限会社ビューティーサロン長谷,R03/03/09,,,,草津
美容所,ＨＡＬＥ ｈａｉｒ ｗｏｒｋｓ,524-0052,守山市大門町,守山市大門町２７９－７,２７９－７,,R03/03/12,,,,草津
美容所,ｍｕｋｕ －ｏｒｇａｎｉｃ ｈａｉｒ－,525-0065,草津市橋岡町,草津市橋岡町１４４－９,１４４－９,,R03/04/16,,,,草津
美容所,笑 ｅｍｉ,525-0025,草津市西渋川二丁目,草津市西渋川二丁目６－８８,６－８８,,R03/04/15,,,,草津
美容所,ｈａｉｒ－ｓａｌｏｎ Ｚｅｒｏ,520-2331,野洲市小篠原,野洲市小篠原２２２０－２ エヌハイム１Ｆ,２２２０－２ エヌハイム１Ｆ,,R03/04/27,,,,草津
美容所,女性専用サロン Ａｎｓｕｒ ｍｉｍｉ 草 津店,525-0037,草津市西大路町,草津市西大路町３－１９ Ｍビル２Ｆ,３－１９ Ｍビル２Ｆ,株式会社ＯＲＥＳＳホールディングス,R03/04/27,,,,草津
美容所,ＥＹＥＬＡＳＨ ＳＡＬＯＮ Ｂｌａｉｒ,520-3015,栗東市安養寺七丁目,栗東市安養寺七丁目２－１２ センチュリー２階Ｂ号室,２－１２ センチュリー２階Ｂ号室,,R03/04/30,,,,草津
美容所,Ａｔｅ ｅｙｅｌａｓｈ,524-0064,守山市森川原町,守山市森川原町２３－３９,２３－３９,,R03/05/18,,,,草津
美容所,ｍｉｃｈｅｌ,524-0041,守山市勝部四丁目,守山市勝部四丁目３－１１ ４０２号室,３－１１ ４０２号室,,R03/05/18,,,,草津
美容所,ｈａｉｒ ｓｔｏｒｙ ＦＥＸＩＡ－ｄｉ,525-0048,草津市追分南四丁目,草津市追分南四丁目２－３ ＫＡＧＡＹＡＫＩテラス１Ｆ－Ｃ Ｄ,２－３ ＫＡＧＡＹＡＫＩテラス１Ｆ－Ｃ Ｄ,株式会社ＦＥＸＩＡ,R03/05/31,,,,草津
美容所,ＮＩＤＩＶＯ,525-0058,草津市野路東五丁目,草津市野路東五丁目１６－１９ サンロイヤルニシヤマ１Ｆ,１６－１９ サンロイヤルニシヤマ１Ｆ,,R03/06/14,,,,草津
美容所,＆,525-0027,草津市野村二丁目,草津市野村二丁目２－１ ソネット草津１０５号室,２－１ ソネット草津１０５号室,株式会社ｅｍｕｓｅ,R03/06/03,,,,草津
美容所,ビューティスタジオ ツジ,524-0201,野洲市吉川,野洲市吉川１２５６,１２５６,,R03/06/30,,,,草津
美容所,ｌｉｎｏ 守山店,524-0042,守山市焔魔堂町,守山市焔魔堂町１２１－１,１２１－１,株式会社ａｎｕｅｎｕｅ,R03/07/15,,,,草津
美容所,ａｎｏｎｅ,525-0034,草津市草津三丁目,草津市草津三丁目１３－５６ 辻ビル１０３,１３－５６ 辻ビル１０３,合同会社ａｎｏｎｅ,R03/07/05,,,,草津
美容所,ｓｏｕｒｉｒｅ,525-0031,草津市若竹町,草津市若竹町１－５ センタービル３０５,１－５ センタービル３０５,,R03/07/01,,,,草津
美容所,Ｌｉ ｂｏｎｄｓ,524-0022,守山市守山六丁目,守山市守山六丁目１－４４ 元町ビル１ＦＡ,１－４４ 元町ビル１ＦＡ,,R03/08/02,,,,草津
美容所,ｂｅａｕｔｙ ｓｐａｃｅ Ｌｕｃｉ,520-3031,栗東市綣,栗東市綣二丁目２－３４ ウイング・ビュー２０３,二丁目２－３４ ウイング・ビュー２０３,,R03/07/21,,,,草津
美容所,ｕｒｓｕｓ ｂｙ ＨＥＡＤＬＩＧＨＴ 草 津店,525-0032,草津市大路一丁目,草津市大路一丁目１１－８ ジュンビル２階２号室,１１－８ ジュンビル２階２号室,株式会社ヘッドライト,R03/07/28,,,,草津
美容所,ｆｌｏｗｅｒ,520-3024,栗東市小柿七丁目,栗東市小柿七丁目４－７,４－７,株式会社Ｍａｋａｌｏａ,R03/08/19,,,,草津
美容所,Ｗ,525-0034,草津市草津二丁目,草津市草津二丁目１０－２２,１０－２２,株式会社インフィクス,R03/08/20,,,,草津
美容所,Ｈａｉｒ ｒｅｌａｘａｔｉｏｎ Ｐｏｎｏ,520-2331,野洲市小篠原,野洲市小篠原１１７３－２,１１７３－２,,R03/09/29,,,,草津
美容所,ｍａｂｌｅ,525-0033,草津市東草津一丁目,草津市東草津一丁目４－４,４－４,,R03/09/02,,,,草津
美容所,Ｅｔｏｌ ｂｙ ｇａｎｅｓｈａ,520-2331,野洲市小篠原,野洲市小篠原１５６２－１０ １階,１５６２－１０ １階,株式会社ＳＯＷ,R03/09/17,,,,草津
美容所,エイブル美容室,525-0059,草津市野路一丁目,草津市野路一丁目８－５,８－５,株式会社ＪＩＮＥＮ,R03/09/15,,,,草津
美容所,ｅｌｆ,524-0041,守山市勝部四丁目,守山市勝部四丁目１０８８ ＢＵＢＵＢＵ ２Ｆ,１０８８ ＢＵＢＵＢＵ ２Ｆ,,R03/10/04,,,,草津
美容所,Ｆｒｅｒｅ ｈａｉｒ,525-0027,草津市野村二丁目,草津市野村二丁目１－１２ バンジャール西大路,１－１２ バンジャール西大路,,R03/09/22,,,,草津
美容所,ｉｍｅ 草津店,525-0023,草津市平井一丁目,草津市平井一丁目８－２ 平井ＢＬＤＧ２Ｆ,８－２ 平井ＢＬＤＧ２Ｆ,,R03/10/01,,,,草津
美容所,ＴａｔｏｔｅＡ,525-0028,草津市上笠四丁目,草津市上笠四丁目２３－１０,２３－１０,,R04/04/20,,,,草津
美容所,Ｈａｉｒ Ｄｒｅｓｓｅｒ ＴｉＣＡ,524-0001,守山市川田町,守山市川田町４１９－３,４１９－３,株式会社セレンディピティ,R03/11/04,,,,草津
美容所,ＳＥＰＴ ＮＡＩＬ 草津店,525-0025,草津市西渋川一丁目,草津市西渋川一丁目１－１８ イーカムビル３０１号,１－１８ イーカムビル３０１号,株式会社ＳＥＰＴ,R03/11/02,,,,草津
美容所,ｃｈｅｒｉｃｉａ,524-0012,守山市播磨田町,守山市播磨田町３８６－２,３８６－２,,R03/10/21,,,,草津
美容所,スマートカラーＫｉｒｅｉ フェリエ南草津 店,525-0059,草津市野路一丁目,草津市野路一丁目１５－５－１Ｆ,１５－５－１Ｆ,アイビ株式会社,R03/11/02,,,,草津
美容所,スマイルビューティー チャチャ,524-0104,守山市木浜町,守山市木浜町１６３０－１,１６３０－１,株式会社ウラキュウ,R03/10/25,,,,草津
美容所,Ｆａｖｅ,525-0059,草津市野路七丁目,草津市野路七丁目６－２１,６－２１,,R03/12/23,,,,草津
美容所,ＣＨＥＬＳＥＡ,524-0022,守山市守山六丁目,守山市守山六丁目８－３７,８－３７,株式会社ｐｅｐｉｎ,R03/11/17,,,,草津
美容所,ｅｍｍｙ,525-0066,草津市矢橋町,草津市矢橋町４５２－１,４５２－１,Ａｍｉ株式会社,R03/12/10,,,,草津
美容所,ａｃｏｃｏ,520-2361,野洲市北野一丁目,野洲市北野一丁目１２－１６ ２階,１２－１６ ２階,,R03/12/01,,,,草津
美容所,ＭＩＬＫ,525-0059,草津市野路五丁目,草津市野路五丁目６－４,６－４,,R03/12/03,,,,草津
美容所,土川田８号線,520-2332,野洲市妙光寺,野洲市妙光寺２０５,２０５,,R03/12/14,,,,草津
美容所,株式会社Ｌｕｕ Ｓｔｅｌｌａ,520-3024,栗東市小柿六丁目,栗東市小柿六丁目２－２６,２－２６,株式会社Ｌｕｕ Ｓｔｅｌｌａ,R04/02/02,,,,草津
美容所,＿ＷＨＩＴＥ栗東店,520-3015,栗東市安養寺六丁目,栗東市安養寺六丁目１－４４ エフアイビル１Ａ号室,１－４４ エフアイビル１Ａ号室,株式会社アールズ,R04/01/25,,,,草津
美容所,Ｒｅ Ｅｙｅｓ ＋,520-3041,栗東市出庭,栗東市出庭１７２－１,１７２－１,,R04/01/19,,,,草津
美容所,Ｌｉｌａ守山店,524-0033,守山市浮気町,守山市浮気町３２１－１６ サンシャインビル１０２,３２１－１６ サンシャインビル１０２,株式会社ＯＲＥＳＳ,R04/01/31,,,,草津
美容所,ビューティーラボ南草津店,525-0050,草津市南草津一丁目,草津市南草津一丁目１－５ Ｇｒａｎｄ Ｍａｒｒｙ Ｂｅｌ ｌｓｔ１０１,１－５ Ｇｒａｎｄ Ｍａｒｒｙ Ｂｅｌ ｌｓｔ１０１,株式会社勇気,R04/02/21,,,,草津
美容所,Ｌｉｌａ南草津店,525-0059,草津市野路一丁目,草津市野路一丁目１２－４１ クレアトゥール２１ １－Ｂ 号室,１２－４１ クレアトゥール２１ １－Ｂ 号室,株式会社ＯＲＥＳＳ,R04/02/02,,,,草津
美容所,Ｍｏｅｉｌ,524-0022,守山市守山四丁目,守山市守山四丁目５－１ セルフィーユ守山１０３号,５－１ セルフィーユ守山１０３号,,R04/02/02,,,,草津
美容所,髪質改善専門店．Ｌｉｌｙ,525-0025,草津市西渋川一丁目,草津市西渋川一丁目１－１８ イーカムビル１階１０２号室,１－１８ イーカムビル１階１０２号室,株式会社Ｙ’ＳＫ．ＤＯＢ,R04/02/07,,,,草津
美容所,Ｈａｉｒ＆ｅｙｅｌａｓｈ ＡＭＡＮＤＡ,525-0027,草津市野村一丁目,草津市野村一丁目１－３ ロイヤルハイツ吉田２０２,１－３ ロイヤルハイツ吉田２０２,,R04/02/09,,,,草津
美容所,ＪＯＷＡ,525-0048,草津市追分南三丁目,草津市追分南三丁目２１－４ ２Ｆ,２１－４ ２Ｆ,,R04/02/15,,,,草津
美容所,ｔ・ｔｅ,525-0025,草津市西渋川一丁目,草津市西渋川一丁目１４－９ ＡＰＥＸ ＦＬＡＴ １－Ａ,１４－９ ＡＰＥＸ ＦＬＡＴ １－Ａ,株式会社点閃,R04/02/24,,,,草津
美容所,ＲＩＰＬＡＹ ｂｙ ｅｘ－ｆａ ｆｏｒ ｍｅｎ,525-0032,草津市大路一丁目,草津市大路一丁目１６－３,１６－３,株式会社Ｍ．Ｄ ｗｏｒｋｓ,R04/03/07,,,,草津
美容所,カットコムズ守山店,524-0012,守山市播磨田町,守山市播磨田町１８５－１ ｍｏｌｉｖｅ ２階,１８５－１ ｍｏｌｉｖｅ ２階,,R04/03/04,,,,草津
美容所,ｈａｉｒａｒｉｕｍ,525-0013,草津市新堂町,草津市新堂町３８－１０,３８－１０,,R04/03/04,,,,草津
美容所,ｃｉｌｕｍｉ,525-0028,草津市上笠四丁目,草津市上笠四丁目２－２８ 疋田ビル ２Ｆ,２－２８ 疋田ビル ２Ｆ,,R04/03/24,,,,草津
美容所,ｈａｉｒ ｄｅｓｉｇｎ ｃｈｅｒｉｅｎ,525-0028,草津市上笠四丁目,草津市上笠四丁目４－１８フレンドマート上笠店,４－１８フレンドマート上笠店,,R04/03/30,,,,草津
美容所,Ｃｈａｒｍｅ,520-3041,栗東市出庭,栗東市出庭１６３８－９,１６３８－９,,R04/03/28,,,,草津
美容所,ｎａｎａ,524-0104,守山市木浜町,守山市木浜町１５９－６,１５９－６,,R04/04/06,,,,草津
美容所,Ｎ°１９,525-0032,草津市大路二丁目,草津市大路二丁目１－２７ 伽羅ガーデンスクエア１Ｆ Ｎ ｏ１９,１－２７ 伽羅ガーデンスクエア１Ｆ Ｎ ｏ１９,株式会社Ｎｏ１９,R04/03/30,,,,草津
美容所,ＳＴＯＲＹ,525-0036,草津市草津町,草津市草津町１９０３－１２,１９０３－１２,,R04/05/02,,,,草津
美容所,ＡＬＬｅ’ＭＥ,525-0031,草津市若竹町,草津市若竹町２－２７－１,２－２７－１,,R04/04/19,,,,草津
美容所,ｈａｉｒ ｓａｌｏｎ Ａｎｅｌａ,525-0066,草津市矢橋町,草津市矢橋町１０５－１ カーサ・ソラッツオ弐番館 １Ｆ,１０５－１ カーサ・ソラッツオ弐番館 １Ｆ,,R04/05/06,,,,草津
美容所,Ａｎｎｏｎ Ｐｒｉｖａｔｅｓａｌｏｎ,525-0043,草津市馬場町,草津市馬場町９３０,９３０,,R04/05/06,,,,草津
美容所,ＨＡＩＲ＆ＭＡＫＥ ＥＡＲＴＨ 南草津店,-,草津市,草津市南草津プリムタウン四丁目１７－３０ ル ビットパーク南草津内,南草津プリムタウン四丁目１７－３０ ル ビットパーク南草津内,株式会社Ｌｕｃｅ,R04/05/23,,,,草津
美容所,ＣＡＳＩＴＡ ｈａｉｒ＆ｃａｒｅ,525-0041,草津市青地町,草津市青地町５２４,５２４,,R04/06/02,,,,草津
美容所,ｉｏｒｉ ｆｏｒ ｈａｉｒ,525-0027,草津市野村五丁目,草津市野村五丁目5-16,5-16,株式会社ａｎ,R04/06/22,,,,草津
美容所,Ａｍｉｎａ 守山,524-0041,守山市勝部一丁目,守山市勝部一丁目１７－８,１７－８,ａｗｅｓｏｍｅ ｐｌａｎｓ合同会社,R04/06/22,,,,草津
美容所,美容室 ＯＨＡＮＡ,525-0061,草津市北山田町,草津市北山田町２８１－４,２８１－４,有限会社谷電気設備,R04/06/10,,,,草津
美容所,Ｅｙｅ Ｂｒｏｗ，Ｌｕｓｈ Ａｎｅｌａ,525-0071,草津市南笠東二丁目,草津市南笠東二丁目７－４５,７－４５,,R04/06/09,,,,草津
美容所,ｓｔｏｒｙ,524-0012,守山市播磨田町,守山市播磨田町３００１（Ｃ区画）,３００１（Ｃ区画）,,R04/07/29,,,,草津
美容所,Ｌｉｎｋ,524-0037,守山市梅田町,守山市梅田町１４ 旭駅前ビル１Ｆ１０１号室,１４ 旭駅前ビル１Ｆ１０１号室,,R04/08/02,,,,草津
美容所,ＣＯＣＯ栗東 ｂｙ ＢＥＡＵ ｅｙｅｌａ ｓｈ,520-3035,栗東市霊仙寺一丁目,栗東市霊仙寺一丁目１－３２,１－３２,有限会社エイト,R04/08/05,,,,草津
美容所,ｊｕｍｉｌｅｙ,525-0027,草津市野村一丁目,草津市野村一丁目１６－１４ アンジュール１ＦＢ号,１６－１４ アンジュール１ＦＢ号,,R04/09/05,,,,草津
美容所,ＬＡＮＩＡＫＥＡ,520-3024,栗東市小柿七丁目,栗東市小柿七丁目８－１１ Ｋ佳ビル１階,８－１１ Ｋ佳ビル１階,,R04/09/28,,,,草津
美容所,Ｈａｉｒ Ｍａｋｅ Ｒｏｏｔ,525-0035,草津市西草津二丁目,草津市西草津二丁目１－８－１,１－８－１,,R04/09/09,,,,草津
美容所,Ｅｙｅ Ｂｒｏｗ，Ｌａｓｈ Ａｎｅｌａ,525-0071,草津市南笠東二丁目,草津市南笠東二丁目７－１２,７－１２,,R04/09/14,,,,草津
美容所,ｐｒｉｖａｔｅｓａｌｏｎ ｂａＢａ［ｂ ｉｂｉ］,524-0014,守山市石田町,守山市石田町５２３－９,５２３－９,,R04/09/21,,,,草津
美容所,Ａｌｉａ,520-2331,野洲市小篠原,野洲市小篠原２１１３－７,２１１３－７,,R04/09/22,,,,草津
美容所,ＬＯＭＩＥＲＥ,525-0055,草津市野路町,草津市野路町６６７－５,６６７－５,,R04/10/03,,,,草津
美容所,Ｍｅｌｔ,525-0072,草津市笠山五丁目,草津市笠山五丁目１－７０,１－７０,,R04/10/21,,,,草津
美容所,Ａｔｅｌｉｅｒ Ｎｏｅｌｌａ,525-0050,草津市南草津五丁目,草津市南草津五丁目６－８ ｆ９９南草津Ⅱ２０１,６－８ ｆ９９南草津Ⅱ２０１,株式会社Ｎｏｅｌｌａ,R04/11/01,,,,草津
美容所,ｅｎｅ ｅｙｅｌａｓｈ,525-0058,草津市野路東五丁目,草津市野路東五丁目２５－２０ マリーベル南草津 ９０１号 室,２５－２０ マリーベル南草津 ９０１号 室,,R04/10/24,,,,草津
美容所,Ｂ．ｉ．Ｌ ｈａｉｒ,525-0036,草津市草津町,草津市草津町１５３７－２３ １０５,１５３７－２３ １０５,Ａｒｎｙ Ａｕｓｔｉｎ合同会社,R04/11/01,,,,草津
美容所,ｍｏｎｎ ｎａｉｌ＆ｅｙｅｌａｓｈ,525-0048,草津市追分南四丁目,草津市追分南四丁目２－３ かがやきテラス ２Ｅ,２－３ かがやきテラス ２Ｅ,,R04/11/10,,,,草津
美容所,Ｎｉｃｏ ｗｉｔｈ,520-2361,野洲市北野一丁目,野洲市北野一丁目１２－３１ ドリームビル２Ｆ,１２－３１ ドリームビル２Ｆ,株式会社真花,R04/11/15,,,,草津
美容所,ｉＬＬｉ,520-2302,野洲市高木,野洲市高木４８－１,４８－１,,R04/12/08,,,,草津
美容所,Ｃｒｅａ ｌａ Ｌｕｃｅ草津駅前店,525-0032,草津市大路一丁目,草津市大路一丁目１１－１４フロント草津ビル４Ｆ－Ｂ,１１－１４フロント草津ビル４Ｆ－Ｂ,株式会社Ｃｒｅａ ｌａ Ｌｕｃｅ,R04/11/18,,,,草津
美容所,神威 ＫＡＭ Ｕ．Ｉ,520-2331,野洲市小篠原,野洲市小篠原１１７１－３ ネオクレストエム２Ｆ,１１７１－３ ネオクレストエム２Ｆ,,R04/11/30,,,,草津
美容所,ＧＩＲＭＡ,524-0022,守山市守山六丁目,守山市守山六丁目９－８３,９－８３,株式会社バフォグループ,R04/12/21,,,,草津
美容所,ｍｅｎ’ｓ ｃｕｔ ＆ ｓｋｉｎ ｓｔｕ ｄｉｏｓ 栗東草津店,520-3015,栗東市安養寺二丁目,栗東市安養寺二丁目４－２０プリズムビル,４－２０プリズムビル,株式会社ｓｏｌａｋｅ,R04/12/28,,,,草津
美容所,ｖｉｖｉ＿,520-3037,栗東市北中小路,栗東市北中小路２０－７,２０－７,,R05/01/27,,,,草津
美容所,Ａｇｎｉｉ,525-0037,草津市西大路町,草津市西大路町１０－２７－１０２,１０－２７－１０２,株式会社ＳＥＩＫＯＵＤＯ,R05/01/25,,,,草津
美容所,Ａｇｎｉｉ キッズルーム,525-0037,草津市西大路町,草津市西大路町１０－２７－１０３,１０－２７－１０３,株式会社ＳＥＩＫＯＵＤＯ,R05/01/25,,,,草津
美容所,女性専用 ヘッドスパサロン ｈａｒｕｒｕ,520-3047,栗東市手原四丁目,栗東市手原四丁目５－１４ メゾン・トレゾール１０１号室,５－１４ メゾン・トレゾール１０１号室,,R05/02/10,,,,草津
美容所,Ｂｅｌｌｍｅ,525-0031,草津市若竹町,草津市若竹町２－３１,２－３１,,R05/02/21,,,,草津
美容所,ＳＥＮＳＥ ｂｙ ｐｌｕｓｈａｉｒ 草津 駅西口店,525-0037,草津市西大路町,草津市西大路町７－２４ クエスト西大路７０６,７－２４ クエスト西大路７０６,株式会社ＳＥＮＳＥ,R05/02/06,,,,草津
美容所,ロレインブロウ 南草津店,525-0059,草津市野路一丁目,草津市野路一丁目４－１６ ＭＮＫ－３ビル ４０２,４－１６ ＭＮＫ－３ビル ４０２,合同会社アルシェスタイル,R05/02/27,,,,草津
美容所,サラ 南草津店 ２Ｆ,525-0059,草津市野路一丁目,草津市野路一丁目７－１ アイムビル ２Ｆ,７－１ アイムビル ２Ｆ,有限会社イマジン,R05/02/20,,,,草津
美容所,サラ 南草津店 １Ｆ,525-0059,草津市野路一丁目,草津市野路一丁目７－１ アイムビル １Ｆ,７－１ アイムビル １Ｆ,有限会社イマジン,R05/02/20,,,,草津
美容所,Ｌａｎｉ,524-0022,守山市守山一丁目,守山市守山一丁目２－１ コスモ守山１０２,２－１ コスモ守山１０２,,R05/02/27,,,,草津
美容所,Ｍｉｏ,525-0072,草津市笠山一丁目,草津市笠山一丁目７－３７－４,７－３７－４,株式会社Ｍｉｏ,R05/03/01,,,,草津
美容所,ｏＲｅ,520-3005,栗東市御園,栗東市御園１８６７,１８６７,,R05/03/14,,,,草津
美容所,アートディレクター シルバークロック,524-0041,守山市勝部四丁目,守山市勝部四丁目１０８８ １０２号,１０８８ １０２号,,R05/03/23,,,,草津
美容所,Ｌｉｌｉｕｍ,520-3017,栗東市六地蔵,栗東市六地蔵１０９３,１０９３,,R05/04/11,,,,草津
美容所,Ａｒｃ－ｅｎ－Ｃｉｅｌ,525-0026,草津市渋川一丁目,草津市渋川一丁目２－２６ ザ・草津タワー１１０２,２－２６ ザ・草津タワー１１０２,,R05/03/29,,,,草津
美容所,Ｎｏëｌ,524-0044,守山市古高町,守山市古高町２６３－３,２６３－３,,R05/03/28,,,,草津
美容所,ＳＬＯＷ ＨＡＩＲ,524-0041,守山市勝部三丁目,守山市勝部三丁目１０－２２,１０－２２,,R05/03/29,,,,草津
美容所,美容室 秘密基地,525-0033,草津市東草津一丁目,草津市東草津一丁目４－５３ ビワコホンダビル１Ｆ－Ｂ,４－５３ ビワコホンダビル１Ｆ－Ｂ,,R05/04/10,,,,草津
美容所,Ｅｌｐｉｓ,525-0048,草津市追分南四丁目,草津市追分南四丁目５－１０,５－１０,株式会社ＦＥＸＩＡ,R05/04/17,,,,草津
美容所,ＣＡＭＩＴＯＳ ＨＡＩＲ,520-3004,栗東市上砥山,栗東市上砥山２９２－５,２９２－５,,R05/04/28,,,,草津
美容所,ＣＡＮＡＲＹ,524-0041,守山市勝部三丁目,守山市勝部三丁目１０－８ 新清館Ⅱ１０２,１０－８ 新清館Ⅱ１０２,株式会社Ｍａｋａｌｏａ,R05/05/24,,,,草津
美容所,Ｓｕｕ．ｐｒｉｖａｔｅ ｓａｌｏｎ,520-3037,栗東市北中小路,栗東市北中小路３７７－３２,３７７－３２,,R05/05/15,,,,草津
美容所,ａｌｉｌａ ｅｙｅｌａｓｈ ｓａｌｏｎ,520-2423,野洲市西河原,野洲市西河原６７－１０,６７－１０,,R05/05/29,,,,草津
美容所,ａｎｔ．,520-3032,栗東市苅原,栗東市苅原６６－１１,６６－１１,,R05/05/29,,,,草津
美容所,美容室 とんとん,520-2302,野洲市高木,野洲市高木１９４－３３,１９４－３３,,R05/06/06,,,,草津
美容所,アイラッシュサロン ディーニュ,520-2362,野洲市市三宅,野洲市市三宅１８０６－１,１８０６－１,,R05/06/14,,,,草津
美容所,シャローム,520-2305,野洲市北,野洲市北７５４,７５４,,R05/06/21,,,,草津
美容所,Ａｇｕ ｈａｉｒ ｒｉｓｅ,520-2331,野洲市小篠原,野洲市小篠原１１７１－３,１１７１－３,株式会社Ｎｅｏ,R05/06/26,,,,草津
美容所,Ｐｌｕｍｅｒｉａ,525-0032,草津市大路二丁目,草津市大路二丁目２－１９ ｓｔｙｌｅⅡ １０１号,２－１９ ｓｔｙｌｅⅡ １０１号,,R05/07/28,,,,草津
美容所,マイアンジェリーク 栗東店,520-3031,栗東市綣,栗東市綣三丁目１５－１６ ヴィエナ栗東５０２,三丁目１５－１６ ヴィエナ栗東５０２,マイアンジェリーク株式会社,R05/07/03,,,,草津
美容所,ｈａｉｒ ｓａｌｏｎ ＬＥＰＯ,524-0014,守山市石田町,守山市石田町２－８,２－８,,R05/07/12,,,,草津
美容所,ＴＳＵＮＡＧＵ,520-3025,栗東市中沢三丁目,栗東市中沢三丁目３－７,３－７,,R05/08/01,,,,草津
美容所,Ｎｏ１８,525-0032,草津市大路二丁目,草津市大路二丁目２－１９ 大路２丁目Ｓｔｙｌｅビル２ ２０１号室,２－１９ 大路２丁目Ｓｔｙｌｅビル２ ２０１号室,株式会社Ｎｏ１９,R05/07/26,,,,草津
美容所,ｅｙｅｌａｓｈ ｎｕｎｎ,520-2423,野洲市西河原,野洲市西河原２９２－１ ２Ｆ,２９２－１ ２Ｆ,,R05/08/02,,,,草津
美容所,ｆａｃｅ ｆｒａｍｅ ｄｅｓｉｇｎ/ａｎ ｏｎ,520-3031,栗東市綣,栗東市綣二丁目４－５ ウイングプラザ１Ｆ,二丁目４－５ ウイングプラザ１Ｆ,合同会社Ｐｉｓｔａ Ｃｏｒｐｏｒａｔｉｏｎ,R05/08/04,,,,草津
美容所,ＡＥＬＵ ２Ｆ,525-0031,草津市若竹町,草津市若竹町８－３１ 若竹ビル南２Ｆ,８－３１ 若竹ビル南２Ｆ,株式会社ＫＡＮＡＵ,R05/08/03,,,,草津
美容所,ＡＥＬＵ １Ｆ,525-0031,草津市若竹町,草津市若竹町８－３１ 若竹ビル南１Ｆ,８－３１ 若竹ビル南１Ｆ,株式会社ＫＡＮＡＵ,R05/08/03,,,,草津
美容所,ｕｌａｌａ,524-0042,守山市焔魔堂町,守山市焔魔堂町２７２－２,２７２－２,,R05/08/28,,,,草津
美容所,Ｅｙｅｌａｓｈ ｓａｌｏｎ ｉｍｅ 守山 店,524-0021,守山市吉身二丁目,守山市吉身二丁目９－２７ 伊勢屋ビル１０１,９－２７ 伊勢屋ビル１０１,,R05/08/28,,,,草津
美容所,Ｃｏｍｍｅ ｓｉ．,520-3022,栗東市上鈎,栗東市上鈎１７５－２ 杉本ビル１Ｆ,１７５－２ 杉本ビル１Ｆ,,R05/09/20,,,,草津
美容所,Ｌｏｗｅｌｉ．,524-0031,守山市立入町,守山市立入町１１４６,１１４６,,R05/08/31,,,,草津
美容所,スタジオコフレ南草津スタジオ,525-0071,草津市南笠東一丁目,草津市南笠東一丁目３－４８,３－４８,株式会社上原フォートスタジオ,R05/09/20,,,,草津
美容所,髪質改善＆ハイトーンカラー ＢＡＬＥ,525-0032,草津市大路二丁目,草津市大路二丁目１－７ プレサンスロジェ草津１Ｆ １０ ３,１－７ プレサンスロジェ草津１Ｆ １０ ３,Ｌｅｍｏｎ Ｆｏｒｅｓｔ株式会社,R05/09/27,,,,草津
美容所,ヘアサロン ＫＯＪＩＭＡ,524-0041,守山市勝部五丁目,守山市勝部五丁目６－２５,６－２５,,R05/10/27,,,,草津
美容所,ｓｉｔｕ,520-3031,栗東市綣一丁目,栗東市綣一丁目１８－３ カーサフェリーチェ淡海１Ｆ,１８－３ カーサフェリーチェ淡海１Ｆ,株式会社門出,R05/09/20,,,,草津
美容所,ＣＡＳＡ ＣＯＬＯＲ ピエリ守山,524-0101,守山市今浜町,守山市今浜町２６２０－５ ピエリ守山１Ｆ,２６２０－５ ピエリ守山１Ｆ,ＣＵホールディングス株式会社,R05/09/29,,,,草津
美容所,ａｎｄ．Ｋ,525-0023,草津市平井一丁目,草津市平井一丁目１１－６ １Ｆ,１１－６ １Ｆ,,R05/10/23,,,,草津
美容所,Ｃａｆｕｎｅ,520-3015,栗東市安養寺二丁目,栗東市安養寺二丁目５－９ ｙｏｕＢＬＤ １０２,５－９ ｙｏｕＢＬＤ １０２,,R05/11/06,,,,草津
美容所,ＥｌｅＳａｒｉａ,524-0013,守山市下之郷一丁目,守山市下之郷一丁目１１－１ アーバンビル守山 １Ｆ Ｂ号 室,１１－１ アーバンビル守山 １Ｆ Ｂ号 室,株式会社バフォグループ,R05/10/13,,,,草津
美容所,アロマとハーブの香るかくれ家エステ Ｓａ ｌｏｎ ｄｅ Ｍｅｒｃｉ,520-3004,栗東市上砥山,栗東市上砥山２１６６－５,２１６６－５,,R05/10/11,,,,草津
美容所,Ｓｔｕｄｉｏ Ｎｏｅｌｌａ,525-0050,草津市南草津五丁目,草津市南草津五丁目６－８－１０１,６－８－１０１,株式会社Ｎｏｅｌｌａ,R05/10/30,,,,草津
美容所,ａｌｏｎａ ＮＡＩＬ ＳＡＬＯＮ＆ＳＣＨ ＯＯＬ,525-0032,草津市大路一丁目,草津市大路一丁目１７－５－２Ｆ,１７－５－２Ｆ,,R05/11/08,,,,草津
美容所,ロコズビューティーハウオリ,525-0059,草津市野路一丁目,草津市野路一丁目１２－１１ アメニティ南草津Ⅳ １０６,１２－１１ アメニティ南草津Ⅳ １０６,,R05/11/01,,,,草津
美容所,Ｌｕｐｉｎｕｓ,525-0059,草津市野路一丁目,草津市野路一丁目７－２１ リベリー南草津２０９,７－２１ リベリー南草津２０９,株式会社ａｃｃｕｍｕｌｅｒ,R05/10/27,,,,草津
美容所,ａｍｉｅ,525-0071,草津市南笠東三丁目,草津市南笠東三丁目２２－９７－２１,２２－９７－２１,,R05/11/08,,,,草津
美容所,ｈａｉｒ ｓｔｏｒｙ ｅｍｉｏ,525-0036,草津市草津町,草津市草津町１６５８－２１,１６５８－２１,,R05/11/21,,,,草津
美容所,Ｗ ｂｅａｕｔｙ＆ｒｅｌａｘ,525-0037,草津市西大路町,草津市西大路町４－３２ クサツウエストロイヤルタワー １Ｆ,４－３２ クサツウエストロイヤルタワー １Ｆ,株式会社インフィクス,R05/11/21,,,,草津
美容所,Ｌｅ：ｌｉａｎ,524-0041,守山市勝部二丁目,守山市勝部二丁目１－１８ １Ｆ,１－１８ １Ｆ,,R05/11/24,,,,草津
美容所,Ｌｉｍ：,524-0041,守山市勝部二丁目,守山市勝部二丁目１－１８ ２Ｆ,１－１８ ２Ｆ,,R05/11/24,,,,草津
美容所,ＦＲＥＹＪＡ,524-0037,守山市梅田町,守山市梅田町１０－１ 梅田スカイビル２０１,１０－１ 梅田スカイビル２０１,,R05/12/08,,,,草津
美容所,ｓｕｒｕｍｅ ｄａｉｚ,525-0027,草津市野村四丁目,草津市野村四丁目１６－１ さつき１階３号室,１６－１ さつき１階３号室,,R05/12/25,,,,草津
美容所,ｓｉｓｕｉ,525-0068,草津市南草津プリムタ ウン,草津市南草津プリムタ ウン三丁目２１－１,三丁目２１－１,,R06/01/04,,,,草津
美容所,ＭＯＯＫ ＨＡＩＲ／Ｐｏｗｅｒ ｍｏｂｉ ｌｅ ｓａｌｏｎ,524-0102,守山市水保町,守山市水保町１０４８,１０４８,有限会社滋賀物流建設,R05/12/25,,,,草津
美容所,ｖｉｏｌａ,525-0028,草津市上笠四丁目,草津市上笠四丁目２５－１１－１,２５－１１－１,,R06/01/12,,,,草津
美容所,Ｔｓｉｋｙ,524-0022,守山市守山六丁目,守山市守山六丁目１６－２ フロントパーク守山２０１,１６－２ フロントパーク守山２０１,,R06/01/17,,,,草津
美容所,Ｇｌａｒｅ,520-2304,野洲市永原,野洲市永原７１１－３ ＭＩＵＲＡビル １－１号室,７１１－３ ＭＩＵＲＡビル １－１号室,株式会社Ｇｌａｒｅ,R06/01/29,,,,草津
美容所,Ｓｕｎｎｙ ｈａｉｒ ｒｏｏｍ,525-0071,草津市南笠東二丁目,草津市南笠東二丁目１４－１２,１４－１２,,R06/02/02,,,,草津
美容所,ｉｌｕｚ,525-0032,草津市大路二丁目,草津市大路二丁目２－１８ ｓｔｙｌｅビルⅡ（２０２）,２－１８ ｓｔｙｌｅビルⅡ（２０２）,,R06/03/07,,,,草津
美容所,Ｉｂ ｂｙ ＮＹＮＹ,524-0046,守山市今宿四丁目,守山市今宿四丁目１－１２ ＳＤＧｓ コミュニティガーデ ン１０８,１－１２ ＳＤＧｓ コミュニティガーデ ン１０８,株式会社Ｉｂｌｉｓｓ,R06/03/07,,,,草津
美容所,Ｔｈｅ Ｈｅａｌｉｎｇ Ｓｐａ ＹＵＲＵ ＲＩ＆心休院ゆるり,525-0047,草津市追分三丁目,草津市追分三丁目１４－９,１４－９,,R06/02/28,,,,草津
美容所,ＲＯＡＮ,525-0050,草津市南草津一丁目,草津市南草津一丁目３－１０ クレストⅡ １Ｆ,３－１０ クレストⅡ １Ｆ,有限会社ラ・リヴィエール,R06/03/28,,,,草津
美容所,ｍａｍｅ,524-0022,守山市守山一丁目,守山市守山一丁目２－８ １Ｆ,２－８ １Ｆ,,R06/03/19,,,,草津
美容所,瑞々,520-3037,栗東市北中小路,栗東市北中小路７９,７９,,R06/03/08,,,,草津
美容所,ｊｕｎ ｂｅａｕｔｙ ｓａｌｏｎ,525-0023,草津市平井五丁目,草津市平井五丁目１６－２１ １階,１６－２１ １階,,R06/03/29,,,,草津
美容所,Ｌｉｎｏ,525-0066,草津市矢橋町,草津市矢橋町１０５－１ カーサソラッツオ壱番館６０ ６,１０５－１ カーサソラッツオ壱番館６０ ６,,R06/04/03,,,,草津
美容所,ｗｉｔｈ ａ ｓｍｉｌｅ,525-0072,草津市笠山三丁目,草津市笠山三丁目１４－８,１４－８,,R06/03/22,,,,草津
美容所,美容室 キムラ,525-0031,草津市若竹町,草津市若竹町４－１５ 角三ビル１Ｆ,４－１５ 角三ビル１Ｆ,,R06/04/22,,,,草津
美容所,ＬＯＭＩＥＲＥ 守山店,524-0021,守山市吉身二丁目,守山市吉身二丁目４－１７ 吉身テナント２０１,４－１７ 吉身テナント２０１,,R06/04/03,,,,草津
美容所,ＳＴＥＶＩＡ,525-0036,草津市草津町,草津市草津町１４６４－８－Ｂ－２,１４６４－８－Ｂ－２,,R06/03/28,,,,草津
美容所,ＡＯＲＡ,520-3015,栗東市安養寺一丁目,栗東市安養寺一丁目１２－１ シルクルーム５番館３０２,１２－１ シルクルーム５番館３０２,,R06/04/08,,,,草津
美容所,Ｅｙｅｌａｓｈ ｓａｌｏｎ ｉｍｅ 南草 津店,525-0066,草津市矢橋町,草津市矢橋町１１５－７ 森田ビル１Ｆ １０１,１１５－７ 森田ビル１Ｆ １０１,,R06/04/26,,,,草津
美容所,Ｗ ｂｅａｕｔｙ＆ｒｅｌａｘ 南草津店,525-0059,草津市野路一丁目,草津市野路一丁目１６－１３ アメニティ南草津Ｖ１０６,１６－１３ アメニティ南草津Ｖ１０６,株式会社インフィクス,R06/05/02,,,,草津
美容所,Ｌａ ｂｅａｕｎｔｅ,525-0059,草津市野路一丁目,草津市野路一丁目１３－７ Ａｍｏｕｒｅｕｓｅ南草津１０ ２,１３－７ Ａｍｏｕｒｅｕｓｅ南草津１０ ２,,R06/05/10,,,,草津
美容所,ＣｕｔＲｏｏｍ ｆｌｅｕｒ～ふるーる～,520-3024,栗東市小柿五丁目,栗東市小柿五丁目７－１８,７－１８,,R06/06/03,,,,草津
美容所,ｏｍｉｉ ｓａｌｏｎ 守山店 Ｌｉ ｄｅ ｕｒ,524-0022,守山市守山六丁目,守山市守山六丁目９－８３ 元町橋九１０３号,９－８３ 元町橋九１０３号,Ｋ－ｈｏｐｅ株式会社,R06/05/28,,,,草津
美容所,ＲｉＮ ＨＡＩＲ,525-0061,草津市北山田町,草津市北山田町１１７－１,１１７－１,,R06/06/03,,,,草津
美容所,ｐｌｕｓ ｉｃｏｔｔｏ,525-0025,草津市西渋川一丁目,草津市西渋川一丁目１７－４２,１７－４２,,R06/06/05,,,,草津
美容所,ｈａｉｒ ＥＡＲＬＹ,520-3026,栗東市下鈎,栗東市下鈎１６２８,１６２８,,R06/07/03,,,,草津
美容所,ＵＲＵ ｏｒｇａｎｉｃ ｈａｉｒ＆ｓｐａ 南草津店,525-0050,草津市南草津三丁目,草津市南草津三丁目７－２,７－２,有限会社トレードプランナー,R06/06/26,,,,草津
美容所,ｐｒｉｖａｔｅ ｂｅａｕｔｙ ｓａｌｏｎ ＆ 南草津店,525-0059,草津市野路一丁目,草津市野路一丁目１６－１ アメニティ南草津Ⅷ－１０２,１６－１ アメニティ南草津Ⅷ－１０２,株式会社ｅｍｕｓｅ,R06/06/26,,,,草津
美容所,Ｚｉｎａ 南草津,525-0059,草津市野路一丁目,草津市野路一丁目１６－１ アメニティ南草津Ⅷ番館 Ａ１ ０１,１６－１ アメニティ南草津Ⅷ番館 Ａ１ ０１,株式会社Ｚｉｎａ,R06/07/31,,,,草津
美容所,Ａｌｏ,525-0055,草津市野路町,草津市野路町３０１０ グローリ南草津１０４,３０１０ グローリ南草津１０４,,R06/07/08,,,,草津
美容所,ｅｎａ．,525-0036,草津市草津町,草津市草津町１８９３－４,１８９３－４,,R06/09/03,,,,草津
美容所,Ｃｕｔｅ ｍｅ,525-0025,草津市西渋川二丁目,草津市西渋川二丁目８－３７－１３,８－３７－１３,,R06/07/31,,,,草津
美容所,髪屋 こころ 也,524-0061,守山市赤野井町,守山市赤野井町１７４５－１,１７４５－１,,R06/07/29,,,,草津
美容所,ＥＷＯＬＰ,524-0022,守山市守山四丁目,守山市守山四丁目１２－１０ １Ｆ,１２－１０ １Ｆ,,R06/08/20,,,,草津
美容所,髪質改善・美髪サロン ＪＩＬＬ,520-3031,栗東市綣六丁目,栗東市綣六丁目１１－１５ Ｂ号室,１１－１５ Ｂ号室,合同会社ＪＩＬＬ,R06/09/17,,,,草津
美容所,ｌｕｎｅ,520-2331,野洲市小篠原,野洲市小篠原１２６６ トモエアパート１－５,１２６６ トモエアパート１－５,,R06/10/02,,,,草津
美容所,ｔｙｔｔｏ ｅｙｅｌａｓｈ,524-0103,守山市洲本町,守山市洲本町１３８１－１,１３８１－１,,R06/10/02,,,,草津
美容所,アリュージョン滋賀 草津店,525-0032,草津市大路二丁目,草津市大路二丁目３－２－６０３,３－２－６０３,株式会社Ｒｅｖｅ,R06/09/27,,,,草津
美容所,ｒｕｅａｒｌｅ,525-0054,草津市東矢倉四丁目,草津市東矢倉四丁目８－５５ 野路一番館１０１,８－５５ 野路一番館１０１,,R06/10/16,,,,草津
美容所,ブリスルーチェ,525-0048,草津市追分南一丁目,草津市追分南一丁目１－１４ えんビル２F,１－１４ えんビル２F,,R06/10/16,,,,草津
美容所,アイブロウサロンｉ．南草津店,525-0059,草津市野路一丁目,草津市野路一丁目９－１７－６Ｆ,９－１７－６Ｆ,株式会社ＥＤＧＥ,R06/11/06,,,,草津
美容所,ヘアーワークス ニート,525-0041,草津市青地町,草津市青地町５２４,５２４,,R07/01/14,,,,草津
美容所,Ｅｎｎｅ,525-0066,草津市矢橋町,草津市矢橋町１０５－１ カーサ・ソラッツォ壱番館Ｂ,１０５－１ カーサ・ソラッツォ壱番館Ｂ,,R06/12/18,,,,草津
美容所,Ｌｍｏｗ,524-0044,守山市古高町,守山市古高町２５２ アマルフィ１０５号,２５２ アマルフィ１０５号,,R06/12/02,,,,草津
美容所,アイブロウサロン ｉ’ｍ 南草津店,525-0059,草津市野路一丁目,草津市野路一丁目４－７－６Ｆ,４－７－６Ｆ,株式会社ＷＩＺ,R06/11/27,,,,草津
美容所,Ｌａ．ｂｏｎｉｔａ ｉｍｐｒｏｖｅ,525-0026,草津市渋川一丁目,草津市渋川一丁目１－６０,１－６０,有限会社トップグレース,R06/12/06,,,,草津
美容所,ｆｏｒｓ南草津,525-0055,草津市野路町,草津市野路町６８３－６ 南草津フォレストコートビル ２Ｆ ２０５号室,６８３－６ 南草津フォレストコートビル ２Ｆ ２０５号室,ｆｏｒｓ株式会社,R06/12/27,,,,草津
美容所,ｅｙｅｂｉｒｄ,525-0027,草津市野村六丁目,草津市野村六丁目１０－３０ グランエクレール３０７,１０－３０ グランエクレール３０７,,R06/12/17,,,,草津
美容所,Ｌａｎｄ Ｈａｉｒ,525-0034,草津市草津一丁目,草津市草津一丁目１６－２０ 青木マンション１階,１６－２０ 青木マンション１階,合同会社ＬＡＮＤ,R07/01/06,,,,草津
美容所,ｍｏａｌｕ,525-0054,草津市東矢倉二丁目,草津市東矢倉二丁目５－２８ サンシャイン南草津１Ｆ,５－２８ サンシャイン南草津１Ｆ,,R07/01/29,,,,草津
美容所,ＸＡＲＩＴＥＳ,525-0026,草津市渋川一丁目,草津市渋川一丁目２－２６ ザ・草津タワー２０５,２－２６ ザ・草津タワー２０５,合同会社ＬＡＮＤ,R07/02/05,,,,草津
美容所,Ｆｕｕ,520-3015,栗東市安養寺二丁目,栗東市安養寺二丁目１０－３１,１０－３１,,R07/01/20,,,,草津
美容所,Ｐｒｉｖａｔｅ ｓａｌｏｎ ＳＬＯＷ：,525-0014,草津市駒井沢町,草津市駒井沢町３７０－３,３７０－３,,R07/01/29,,,,草津
美容所,ｅｐｔａ,520-3023,栗東市坊袋,栗東市坊袋１７７－５,１７７－５,,R07/03/06,,,,草津
美容所,Ｂｒｕｓｈ ｕｐ,525-0027,草津市野村二丁目,草津市野村二丁目２－１ ソネット草津２０１号,２－１ ソネット草津２０１号,,R07/02/21,,,,草津
美容所,ＮＹＮＹ近鉄草津店,525-0026,草津市渋川一丁目,草津市渋川一丁目１－５０ 近鉄草津店４Ｆ,１－５０ 近鉄草津店４Ｆ,株式会社ニューヨーク・ニューヨーク,R07/03/11,,,,草津
美容所,ＹＯＨＡＫＵ,520-3005,栗東市御園,栗東市御園９８９－９,９８９－９,,R07/03/19,,,,草津
美容所,ｅｔｅｌｕ,525-0048,草津市追分南五丁目,草津市追分南五丁目１５－２６,１５－２６,,R07/04/25,,,,草津
美容所,髪質改善専門店 ｍｉｇｇ,524-0041,守山市勝部五丁目,守山市勝部五丁目３－２９,３－２９,,R07/05/02,,,,草津
美容所,Ｌａｎａｎｉ,524-0044,守山市古高町,守山市古高町６２４－５,６２４－５,,R07/05/30,,,,草津
美容所,Ｃｈａｒｍ 草津駒井沢店,525-0014,草津市駒井沢町,草津市駒井沢町７０－４ ２Ｆ,７０－４ ２Ｆ,Ｒ＆Ｄ株式会社,R07/05/29,,,,草津
美容所,ヘアーサロン リズム,524-0012,守山市播磨田町,守山市播磨田町３０４０,３０４０,株式会社カットツイン,R07/06/27,,,,草津
美容所,Ｃｈａｒｍ～ｔｓｕｍｕ～,525-0043,草津市馬場町,草津市馬場町４９８,４９８,,R07/06/20,,,,草津
美容所,ｎｉｃｏ ｅｙｅｌａｓｈ ｂｅａｕｔｙ ｌｏｕｎｇｅ,525-0027,草津市野村二丁目,草津市野村二丁目１５－１３,１５－１３,株式会社インフィクス,R07/06/25,,,,草津
美容所,Ｌａ ＳＨＥ’ｓ 南草津店,525-0059,草津市野路一丁目,草津市野路一丁目３－４ 草津商業施設１Ｆ,３－４ 草津商業施設１Ｆ,株式会社Ｄｃｒｅｗｓ,R07/07/30,,,,草津
美容所,ｏｖｅｒ ｈａｉｒ 南草津店,525-0059,草津市野路一丁目,草津市野路一丁目３－４ 草津商業施設１階,３－４ 草津商業施設１階,株式会社Ｄｃｒｅｗｓ,R07/07/30,,,,草津
美容所,ＪｕｎｏＡ ｈａｉｒ ｓａｌｏｎ,520-2413,野洲市吉地,野洲市吉地６６０－２,６６０－２,,R07/08/06,,,,草津
美容所,ＶＩｓａｎｅ,524-0013,守山市下之郷三丁目,守山市下之郷三丁目１３－８,１３－８,,R07/08/04,,,,草津
美容所,ＪＩＬＬ,520-3015,栗東市安養寺一丁目,栗東市安養寺一丁目１－１１ サンワードビル１１,１－１１ サンワードビル１１,,R07/08/20,,,,草津
美容所,ＰＬＡＴＩＮＡＭ ＤＯＬＬ 南草津店,525-0059,草津市野路一丁目,草津市野路一丁目１１－２ エルゼルプラザＥａｓｔⅢ ２ Ｆ,１１－２ エルゼルプラザＥａｓｔⅢ ２ Ｆ,株式会社ｍａｕｎａ,R07/08/29,,,,草津
美容所,Ｚｉｎａ守山,524-0021,守山市吉身四丁目,守山市吉身四丁目７－７,７－７,株式会社Ｚｉｎａ,R07/10/03,,,,草津
美容所,Ｎｏｂｅｌａ,524-0022,守山市守山四丁目,守山市守山四丁目５－１－２０３,５－１－２０３,,R07/09/12,,,,草津
美容所,ｏｍｉｉ ｓａｌｏｎ,525-0048,草津市追分南四丁目,草津市追分南四丁目２－３ かがやきテラス２－Ａ,２－３ かがやきテラス２－Ａ,Ｋ－ｈｏｐｅ株式会社,R07/09/29,,,,草津
美容所,Ｌａｎｉ,520-2362,野洲市市三宅,野洲市市三宅２４６０,２４６０,,R07/10/06,,,,草津
美容所,ヘアープランナー カモ,520-2342,野洲市野洲,野洲市野洲２０２９－４,２０２９－４,,R07/10/06,,,,草津
美容所,ｈａｉｒ ｓａｌｏｎ ｅｎ．,520-3031,栗東市綣二丁目,栗東市綣二丁目２－３４ウイングビュー２０３,２－３４ウイングビュー２０３,,R07/10/31,,,,草津
美容所,ｍｅｌｏｍｅ,525-0047,草津市追分一丁目,草津市追分一丁目５－１３ メロメビル１Ｆ,５－１３ メロメビル１Ｆ,株式会社メロメ,R07/11/12,,,,草津
美容所,Ｅｙｅｌａｓｈ Ｓａｌｏｎ Ｂｌａｎｃ Ｌｔｙ草津店,525-0032,草津市大路一丁目,草津市大路一丁目１－１ エルティ９３２ ２Ｆ,１－１ エルティ９３２ ２Ｆ,株式会社Ｂｌａｎｃ,R07/11/26,,,,草津
美容所,ｉｃｏｔｔｏ 南草津,525-0055,草津市野路町,草津市野路町４４１－３０３,４４１－３０３,,R07/11/25,,,,草津
美容所,まつ毛パーマ眉毛専門サロン・ｅｎｙ南草津 店,525-0055,草津市野路町,草津市野路町４５６－６ コーポ中嶋１０２,４５６－６ コーポ中嶋１０２,株式会社ｍａｒｕｆｕｋｕ,R07/12/01,,,,草津
美容所,りふれるＢｅａｕｔｙ＋ 栗東店,520-3032,栗東市苅原,栗東市苅原１０９－２,１０９－２,株式会社Ｍｅｒｒｙ Ｃｏｌｌｅｃｔｉｏｎ,R08/01/28,,,,草津
美容所,ｆｕｕ ｈａｉｒ ａｎｄ ｓｐａ,524-0015,守山市矢島町,守山市矢島町３０５－４３,３０５－４３,,R07/12/19,,,,草津
美容所,ｃａｒｒｅｆｏｕｒ Ｎｏａ 滋賀草津店,525-0031,草津市若竹町,草津市若竹町２－２８－３ 若竹テナントＤ号地Ｌ １ 階,２－２８－３ 若竹テナントＤ号地Ｌ １ 階,株式会社ＣＳ,R07/12/12,,,,草津
美容所,ふくりんづる,524-0012,守山市播磨田町,守山市播磨田町７５５－１３,７５５－１３,,R08/01/19,,,,草津
美容所,ＳｌｉＱ,525-0027,草津市野村二丁目,草津市野村二丁目１２－１７,１２－１７,,R08/01/22,,,,草津
美容所,ｍｅｍｅｌｕ・ｍｅｎｏａ 南草津店,525-0059,草津市野路一丁目,草津市野路一丁目９－１７ ＶＥＮＺＡＩＴＥＮ ＢＬＤ Ｇ．ＭＩＮＡＭＩＫＵＳＡＴＳＵ ３階,９－１７ ＶＥＮＺＡＩＴＥＮ ＢＬＤ Ｇ．ＭＩＮＡＭＩＫＵＳＡＴＳＵ ３階,株式会社Ｂｅａｕｔｙ ｌａｎｄ,R08/01/14,,,,草津
美容所,Ｓｅｃｒｅｔ Ｂｅｌｌｅ 草津店,525-0026,草津市渋川二丁目,草津市渋川二丁目７－２４－２１０,７－２４－２１０,株式会社Ｓｅｃｒｅｔ Ｂｅｌｌｅ,R08/01/16,,,,草津
美容所,ｇｒｅｅｎ ｍｕｎｉｃｃａ,520-3251,湖南市朝国,湖南市朝国３１５－１ 富田運輸ビル２Ｆ,３１５－１ 富田運輸ビル２Ｆ,有限会社太田事務所,R08/01/28,,,,甲賀
美容所,ｌｉｂｅｒｔ’ｅ（リベルデ）,-,湖南市,湖南市日枝山手台三丁目２５,日枝山手台三丁目２５,,R08/03/05,,,,甲賀
美容所,ａｕｒａ ｅｙｅｌａｓｈ ｓａｌｏｎ,520-3221,湖南市三雲,湖南市三雲２７８－１ ラ・グリシーヌⅡ５０２号室,２７８－１ ラ・グリシーヌⅡ５０２号室,,R08/03/23,,,,甲賀
美容所,５４１６,529-1812,甲賀市信楽町神山,甲賀市信楽町神山５４１－７,５４１－７,,R08/04/24,,,,甲賀
美容所,Ｈｕｇ．,528-0036,甲賀市水口町東名坂,甲賀市水口町東名坂１９１ サンクリエート名坂Ａ号室,１９１ サンクリエート名坂Ａ号室,,R08/07/09,,,,甲賀
美容所,有限会社ビューティ ノブ 八幡店美容室 ＮＯＢ,523-0891,近江八幡市鷹飼町,近江八幡市鷹飼町５７１,５７１,有限会社ビューティ ノブ,S62/10/30,,,,東近江
美容所,～ｒｅｗａｒｄ～,529-1431,東近江市五個荘山本町,東近江市五個荘山本町４２３－６６,４２３－６６,,H18/03/10,,,,東近江
美容所,６６ ＮＩＲＯＫＵ・Ｈａｉｒ,527-0111,東近江市北花沢町,東近江市北花沢町６２２,６２２,,H19/12/06,,,,東近江
美容所,ａ・ｒｏ’ｍａ,527-0224,東近江市市原野町,東近江市市原野町２１３０,２１３０,,H08/12/05,,,,東近江
美容所,Ａｒｔ ｓｐａｃｅ ＳＥＥＫ,520-2564,蒲生郡竜王町山面,蒲生郡竜王町山面３５－１８４,３５－１８４,,H14/06/12,,,,東近江
美容所,ＡＳＵＫＡ美容室,529-1441,東近江市五個荘川並町,東近江市五個荘川並町２１１,２１１,,H20/02/23,,,,東近江
美容所,Ｂ＠Ｊｕｎｏ,521-1221,東近江市垣見町,東近江市垣見町１５７６,１５７６,有限会社原田美容室,H14/03/26,,,,東近江
美容所,ｂｅｌ ｔｅｍｐｏ,521-1235,東近江市伊庭町,東近江市伊庭町１３１－１４,１３１－１４,,H11/07/12,,,,東近江
美容所,ｂｒｅｅＺｅ,529-1572,東近江市桜川西町,東近江市桜川西町１６３－１１,１６３－１１,,H19/11/03,,,,東近江
美容所,Ｃ・ＺＯＮＥ,527-0033,東近江市東沖野三丁目,東近江市東沖野三丁目９－３１,９－３１,,H04/10/07,,,,東近江
美容所,ｃｌａｐ ｈａｉｒ,520-2531,蒲生郡竜王町山之上,蒲生郡竜王町山之上５２６７－１,５２６７－１,,H20/10/01,,,,東近江
美容所,ＣＯＬＯＲ ＢＡＲ,523-0891,近江八幡市鷹飼町,近江八幡市鷹飼町１９０－９マイカル２Ｆ,１９０－９マイカル２Ｆ,,H21/06/08,,,,東近江
美容所,ｃｕｔ ｓｔｕｄｉｏ ＡＬＵＲＥ,523-0887,近江八幡市西元町,近江八幡市西元町７０－３,７０－３,,H19/01/26,,,,東近江
美容所,Ｄｅｓｉｇｎ Ｓｐａｃｅ ＩＲＩＥ,527-0074,東近江市市辺町,東近江市市辺町２７９９－１３,２７９９－１３,,H18/09/01,,,,東近江
美容所,Ｄｉｔｏ,523-0891,近江八幡市鷹飼町南四 丁目,近江八幡市鷹飼町南四 丁目３－５,３－５,,H17/08/05,,,,東近江
美容所,ｅｌｆ＋,527-0143,東近江市百済寺本町,東近江市百済寺本町６１３－３,６１３－３,,H19/06/20,,,,東近江
美容所,Ｈａｉｒ Ｂａｓｅ ｇｒａｓｐ,529-1603,蒲生郡日野町大窪,蒲生郡日野町大窪１０２２,１０２２,,H20/10/07,,,,東近江
美容所,Ｈａｉｒ ＤＥＳＥＯ,523-0072,近江八幡市牧町,近江八幡市牧町２５８６－３,２５８６－３,,H18/04/14,,,,東近江
美容所,Ｈａｉｒ Ｍａｋｅ Ｍｙｕ－Ｋａ,529-1404,東近江市宮荘町,東近江市宮荘町６６１－２,６６１－２,,H20/06/30,,,,東近江
美容所,ＨＡＩＲ ＭＯＤＥ ＴＯＫＯＲＹＯ,523-0891,近江八幡市鷹飼町,近江八幡市鷹飼町６７４－１,６７４－１,,H20/04/03,,,,東近江
美容所,Ｈａｉｒ Ｐａｓｓｉｏｎ,523-0031,近江八幡市堀上町,近江八幡市堀上町１８３－５,１８３－５,有限会社Ｃａｎｔｉｋ,H10/08/24,,,,東近江
美容所,Ｈａｉｒ Ｓａｌｏｎ ＢＸＢ,521-1221,東近江市垣見町,東近江市垣見町８５５－４,８５５－４,,H20/12/09,,,,東近江
美容所,Ｈｉｇｈ Ｒｏｌｌｅｒ,521-1224,東近江市林町,東近江市林町２０６,２０６,,H16/07/15,,,,東近江
美容所,Ｉ’ｍ ａｎｎｅｘ ｓａｌａ,523-0891,近江八幡市鷹飼町,近江八幡市鷹飼町１５２５－３,１５２５－３,有限会社ギャザーアンドギャザー,H19/10/26,,,,東近江
美容所,ＩＭＡＧＥ ＨＡＩＲ＆ＭＡＫＥ,529-1551,東近江市宮川町,東近江市宮川町２４４－８１８,２４４－８１８,,H04/11/06,,,,東近江
美容所,ＪＡ・ドルチェ,521-1225,東近江市山路町,東近江市山路町３０７,３０７,株式会社ワ－ルドファッション,S56/06/30,,,,東近江
美容所,Ｋ．ＭＡＵＶＥ（カットハウス モーブ）,527-0091,東近江市小脇町,東近江市小脇町１０１３－５,１０１３－５,,H16/10/28,,,,東近江
美容所,Ｋ２ ＨＡＩＲ,523-0031,近江八幡市堀上町,近江八幡市堀上町１５９－４１,１５９－４１,,H10/01/30,,,,東近江
美容所,Ｌｅｅｔｙ ｈａｉｒ,523-0892,近江八幡市出町,近江八幡市出町４９３,４９３,,H18/10/13,,,,東近江
美容所,Ｍａｔｅｒｉａ,527-0136,東近江市南菩提寺町,東近江市南菩提寺町９０,９０,,H18/04/28,,,,東近江
美容所,Ｎｅｕ Ｔｒａｌ,529-1651,蒲生郡日野町山本,蒲生郡日野町山本７６７－３９,７６７－３９,,H13/04/27,,,,東近江
美容所,ｎｉｃｏ,529-1653,蒲生郡日野町三十坪,蒲生郡日野町三十坪１－３３,１－３３,,H20/03/11,,,,東近江
美容所,ＯＮ ＡＩＲ ＳＴＵＤＩＯ ＥＡＳＴ,527-0013,東近江市東中野町,東近江市東中野町４－２７,４－２７,,H17/04/28,,,,東近江
美容所,ＳＡＬＡ ｈａｉｒ,521-1311,近江八幡市安土町下豊 浦,近江八幡市安土町下豊 浦４５９３,４５９３,,H14/03/11,,,,東近江
美容所,Ｓａｌｏｎ ｄｅ ルンビニー,523-0895,近江八幡市宇津呂町,近江八幡市宇津呂町５７－１,５７－１,,H11/03/02,,,,東近江
美容所,ＳＡＬＯＮ ｄｅ れい,529-1566,東近江市葛巻町,東近江市葛巻町４１８－２,４１８－２,,H10/05/15,,,,東近江
美容所,Ｓａｌｏｎ Ｍａｋｏ サロン マコ,523-0894,近江八幡市中村町,近江八幡市中村町２１－１９ グランドビル１Ｆ,２１－１９ グランドビル１Ｆ,,H12/09/01,,,,東近江
美容所,ＳＯＨＯ,527-0011,東近江市八日市浜野町,東近江市八日市浜野町２－１５ ブラウンシュガービル１Ｆ,２－１５ ブラウンシュガービル１Ｆ,有限会社ヒロ・コムレッヅ,H15/06/10,,,,東近江
美容所,ＳＯＨＯ ｃｌｕｅ,523-0891,近江八幡市鷹飼町,近江八幡市鷹飼町４５５－７,４５５－７,,H18/12/13,,,,東近江
美容所,Ｓｔｉｌｌｕ’ｓ Ｔｉｋａ,520-2531,蒲生郡竜王町山之上,蒲生郡竜王町山之上５２６９,５２６９,,H18/05/24,,,,東近江
美容所,アツミ美容室,523-0821,近江八幡市多賀町,近江八幡市多賀町６８１,６８１,,S39/03/18,,,,東近江
美容所,アトリエ ＫＡＺＵ,523-0866,近江八幡市為心町上,近江八幡市為心町上４２,４２,,S63/07/19,,,,東近江
美容所,あとりえ らむ,527-0028,東近江市八日市金屋三 丁目,東近江市八日市金屋三 丁目１－５,１－５,,H16/03/17,,,,東近江
美容所,アトリエ長谷,523-0062,近江八幡市丸の内町,近江八幡市丸の内町６－５３,６－５３,有限会社アトリエ長谷,H05/12/06,,,,東近江
美容所,アリス美容室,523-0085,近江八幡市南津田町,近江八幡市南津田町２０４,２０４,,S56/05/08,,,,東近江
美容所,いさを美容室,527-0027,東近江市栄町,東近江市栄町１－９,１－９,,S50/02/22,,,,東近江
美容所,イバ美容院,523-0061,近江八幡市江頭町,近江八幡市江頭町８０９,８０９,,S42/08/22,,,,東近江
美容所,ヴィラ・アンジェリカ 美容部,523-0819,近江八幡市西本郷町西,近江八幡市西本郷町西３－４,３－４,株式会社ＨＩＲＯＴＡ,H20/10/16,,,,東近江
美容所,ウエーブハウス とまと,527-0064,東近江市尻無町,東近江市尻無町８２５,８２５,,H02/11/20,,,,東近江
美容所,エナミ美容室,523-0876,近江八幡市本町五丁目,近江八幡市本町五丁目１０,１０,,S30/06/12,,,,東近江
美容所,オオクボ,529-1647,蒲生郡日野町別所,蒲生郡日野町別所１２,１２,,S51/06/14,,,,東近江
美容所,おかむら美容室,527-0029,東近江市八日市町,東近江市八日市町８－２３,８－２３,,S37/05/19,,,,東近江
美容所,オクイ美容,521-1235,東近江市伊庭町,東近江市伊庭町１０１－１７,１０１－１７,,S62/09/27,,,,東近江
美容所,オクムラ美容室,527-0073,東近江市蛇溝町,東近江市蛇溝町１７１,１７１,,S44/03/22,,,,東近江
美容所,おしゃれハウス オロ,527-0073,東近江市蛇溝町,東近江市蛇溝町１６８８－９,１６８８－９,,H05/02/26,,,,東近江
美容所,カット＆パーマあっぷるハウス,523-0881,近江八幡市佐久間町,近江八幡市佐久間町５,５,,S59/11/03,,,,東近江
美容所,カット・パーマハウス プミラ,523-0022,近江八幡市馬淵町,近江八幡市馬淵町１６３６－２,１６３６－２,,H15/11/21,,,,東近江
美容所,カットイン タカダ,523-0865,近江八幡市為心町中,近江八幡市為心町中１８,１８,,S62/02/28,,,,東近江
美容所,カットクラブ Ｏｕｉ,527-0023,東近江市八日市緑町,東近江市八日市緑町９－２７ テニー２Ｆ,９－２７ テニー２Ｆ,,H17/06/08,,,,東近江
美容所,カットサロン トモエの店,523-0862,近江八幡市仲屋町中,近江八幡市仲屋町中１２スワイビル,１２スワイビル,,S52/04/09,,,,東近江
美容所,ＦＡＭＥＳ×Ｈｏｍｍｅ,523-0816,近江八幡市西庄町,近江八幡市西庄町１２５０,１２５０,,H06/09/02,,,,東近江
美容所,カットスタジオ ソーホー,527-0012,東近江市八日市本町,東近江市八日市本町８－１１,８－１１,株式会社イマジン,S61/12/01,,,,東近江
美容所,カットステージ ウェーブ,527-0033,東近江市東沖野二丁目,東近江市東沖野二丁目６－６,６－６,,H08/12/17,,,,東近江
美容所,カミカ美容室,527-0036,東近江市聖和町,東近江市聖和町１－１５,１－１５,,S56/05/20,,,,東近江
美容所,かわにし美容室,529-1503,東近江市綺田町,東近江市綺田町４０３,４０３,,H11/11/04,,,,東近江
美容所,カンダ美容室,523-0015,近江八幡市上田町,近江八幡市上田町１２５７－１９,１２５７－１９,,S54/05/02,,,,東近江
美容所,きしむら美容室,529-1632,蒲生郡日野町上駒月,蒲生郡日野町上駒月１１８３,１１８３,,S57/11/14,,,,東近江
美容所,キタウラ美容室,529-1628,蒲生郡日野町西大路,蒲生郡日野町西大路１８２１,１８２１,,S58/02/24,,,,東近江
美容所,きたはら美容室,529-1572,東近江市桜川西町,東近江市桜川西町１７３－６,１７３－６,,H15/01/23,,,,東近江
美容所,キムラスタジオ,523-0892,近江八幡市出町,近江八幡市出町７７４,７７４,株式会社ＨＩＲＯＴＡ,H20/10/24,,,,東近江
美容所,クボタ,529-1572,東近江市桜川西町,東近江市桜川西町１５６－５,１５６－５,,S48/10/18,,,,東近江
美容所,グリーンハウス,527-0102,東近江市平柳町,東近江市平柳町１５２７－１,１５２７－１,,S63/03/17,,,,東近江
美容所,クルール,527-0025,東近江市八日市東本町,東近江市八日市東本町５－３５,５－３５,有限会社オグラ,H17/07/25,,,,東近江
美容所,クローバ美容室,527-0012,東近江市八日市本町,東近江市八日市本町１７－１,１７－１,,H17/04/08,,,,東近江
美容所,コスモ美容室,523-0082,近江八幡市土田町,近江八幡市土田町１１５４－６,１１５４－６,,S53/02/27,,,,東近江
美容所,コンドウ美容院,527-0025,東近江市八日市東本町,東近江市八日市東本町１－２５,１－２５,,S59/08/02,,,,東近江
美容所,さゆり美容室,527-0018,東近江市八日市清水二 丁目,東近江市八日市清水二 丁目１２－１２,１２－１２,,H10/05/12,,,,東近江
美容所,サロン ド 美友,529-1541,東近江市蒲生堂町,東近江市蒲生堂町３４０－６４,３４０－６４,,H16/01/28,,,,東近江
美容所,さろん・ど ポエム,529-1422,東近江市五個荘小幡町,東近江市五個荘小幡町５４１,５４１,,S55/11/05,,,,東近江
美容所,サロン・ド やす,523-0891,近江八幡市鷹飼町,近江八幡市鷹飼町８７４－２３,８７４－２３,,H12/12/13,,,,東近江
美容所,サロン・ド・イグ,523-0894,近江八幡市中村町,近江八幡市中村町１５－１０,１５－１０,,H14/04/08,,,,東近江
美容所,サロン・ド・コスモス,527-0112,東近江市南花沢町,東近江市南花沢町４９７,４９７,,S62/06/18,,,,東近江
美容所,サロン・ド・サボテン,523-0814,近江八幡市南本郷町三 丁目,近江八幡市南本郷町三 丁目３６－４３,３６－４３,,S61/02/12,,,,東近江
美容所,サロン・ド・ビギ,521-1213,東近江市神郷町,東近江市神郷町９３９－３５,９３９－３５,,S63/07/20,,,,東近江
美容所,さろんど・ぎおん,521-1221,東近江市垣見町,東近江市垣見町８０５,８０５,,H15/12/25,,,,東近江
美容所,サロンドＹＯＵ,523-0041,近江八幡市中小森町,近江八幡市中小森町２７６－２２,２７６－２２,,S58/02/15,,,,東近江
美容所,サン美容室,521-1311,近江八幡市安土町下豊 浦,近江八幡市安土町下豊 浦２７１０,２７１０,,S57/09/10,,,,東近江
美容所,サン美容室,529-1644,蒲生郡日野町内池,蒲生郡日野町内池９０７,９０７,,S55/09/06,,,,東近江
美容所,しが美容,521-1235,東近江市伊庭町,東近江市伊庭町１０１－５,１０１－５,,H14/05/23,,,,東近江
美容所,ジャックと豆の木,527-0001,東近江市建部下野町,東近江市建部下野町８０－１,８０－１,,H10/12/08,,,,東近江
美容所,シャローム レイメイ,527-0023,東近江市八日市緑町,東近江市八日市緑町１３ チャペルウエディング,１３ チャペルウエディング,,H05/11/05,,,,東近江
美容所,じゅりあ美容室,527-0121,東近江市小池町,東近江市小池町５３９－３,５３９－３,,H17/02/18,,,,東近江
美容所,スオウ美容室,527-0063,東近江市大森町,東近江市大森町２１２１－１,２１２１－１,,S58/07/08,,,,東近江
美容所,すずらん美容室,523-0016,近江八幡市千僧供町,近江八幡市千僧供町６７２,６７２,,S22/05/01,,,,東近江
美容所,スタジオ パセオ,527-0022,東近江市八日市上之町,東近江市八日市上之町９－３グリ－ンアルティ１Ｆ,９－３グリ－ンアルティ１Ｆ,有限会社ヒロ・コムレッヅ,H04/06/24,,,,東近江
美容所,スミレ美容室,529-1642,蒲生郡日野町上野田,蒲生郡日野町上野田１７０－６,１７０－６,,S42/11/10,,,,東近江
美容所,セコンド・ハセ,527-0022,東近江市八日市上之町,東近江市八日市上之町８－２７,８－２７,有限会社コマチ,S53/11/27,,,,東近江
美容所,タケダ,529-1537,東近江市市子殿町,東近江市市子殿町４１７,４１７,,S41/11/30,,,,東近江
美容所,チェイリー,529-1572,東近江市桜川西町,東近江市桜川西町３７２－１,３７２－１,,S48/10/31,,,,東近江
美容所,チヨ美容室,527-0223,東近江市高木町,東近江市高木町１１３１,１１３１,,S62/07/19,,,,東近江
美容所,トシ美容室,527-0028,東近江市八日市金屋二 丁目,東近江市八日市金屋二 丁目６－２,６－２,,S49/04/04,,,,東近江
美容所,とみ美容室,529-1644,蒲生郡日野町内池,蒲生郡日野町内池４７３,４７３,,H11/09/08,,,,東近江
美容所,とも美容室,521-1333,近江八幡市安土町内野,近江八幡市安土町内野９８２,９８２,,H10/05/12,,,,東近江
美容所,ナリタ美容室,523-0013,近江八幡市長光寺町,近江八幡市長光寺町９９,９９,,H10/08/21,,,,東近江
美容所,にしかわ美容室,529-1604,蒲生郡日野町村井,蒲生郡日野町村井８７０－１１,８７０－１１,,H16/10/08,,,,東近江
美容所,ノーブル美容院,521-1242,東近江市福堂町,東近江市福堂町３４０４,３４０４,,S45/02/13,,,,東近江
美容所,パーマハウス ２１,523-0046,近江八幡市上野町,近江八幡市上野町２２,２２,,S63/07/18,,,,東近江
美容所,パーマハウス ミチ,523-0811,近江八幡市長田町,近江八幡市長田町１２５３－３,１２５３－３,,H16/06/24,,,,東近江
美容所,パーマハウス みるく,529-1443,東近江市五個荘北町屋 町,東近江市五個荘北町屋 町２０３,２０３,,H14/04/10,,,,東近江
美容所,サロンドアトレ,527-0023,東近江市八日市緑町,東近江市八日市緑町９－２７テニー１Ｆ,９－２７テニー１Ｆ,,H07/11/21,,,,東近江
美容所,パール美容室,523-0892,近江八幡市出町,近江八幡市出町５－４８５,５－４８５,,S37/09/14,,,,東近江
美容所,はなこ美容室,529-1644,蒲生郡日野町内池,蒲生郡日野町内池４１６－２,４１６－２,,H02/02/21,,,,東近江
美容所,パーマハウス ムーミン,527-0022,東近江市八日市上之町,東近江市八日市上之町１－３８,１－３８,,H02/08/08,,,,東近江
美容所,ハヤシ 美容室,527-0124,東近江市下岸本町,東近江市下岸本町２７０,２７０,,H15/11/13,,,,東近江
美容所,ハル美容室,527-0062,東近江市上大森町,東近江市上大森町７７６,７７６,,S53/01/31,,,,東近江
美容所,バンビ,529-1522,東近江市鋳物師町,東近江市鋳物師町８７０,８７０,,S47/07/15,,,,東近江
美容所,ひとみ美容室,523-0046,近江八幡市上野町,近江八幡市上野町６７－７７,６７－７７,,S51/09/04,,,,東近江
美容所,ひの美容室,529-1603,蒲生郡日野町大窪,蒲生郡日野町大窪５９５－１,５９５－１,,S54/11/10,,,,東近江
美容所,ひふみ美容室,520-2552,蒲生郡竜王町小口,蒲生郡竜王町小口１５７,１５７,,S48/12/24,,,,東近江
美容所,ヒムレ美容室,520-2514,蒲生郡竜王町橋本,蒲生郡竜王町橋本３１８－３,３１８－３,,S38/06/18,,,,東近江
美容所,ビューティ イチジョウ,521-1205,東近江市躰光寺町,東近江市躰光寺町５－４,５－４,,S57/07/09,,,,東近江
美容所,ビューティー エスプリ,523-0891,近江八幡市鷹飼町,近江八幡市鷹飼町４３０－１,４３０－１,,H09/11/25,,,,東近江
美容所,ビューティアップ エフ,529-1601,蒲生郡日野町松尾三丁 目,蒲生郡日野町松尾三丁 目２３－２,２３－２,,H11/11/19,,,,東近江
美容所,ビューティーサロン ハピネス,523-0808,近江八幡市長命寺町,近江八幡市長命寺町４１－３,４１－３,,S61/01/11,,,,東近江
美容所,ビューティーサロン コスモ,527-0201,東近江市蛭谷町,東近江市蛭谷町１９１,１９１,,H12/12/26,,,,東近江
美容所,Beauty Salon Stella,523-0046,近江八幡市上野町,近江八幡市上野町３５,３５,,H18/10/20,,,,東近江
美容所,ビューティーパレス ｗｉｔｈ ｙｏｕ,527-0023,東近江市八日市緑町,東近江市八日市緑町１８－１ハイツエスポアール,１８－１ハイツエスポアール,,H08/11/27,,,,東近江
美容所,ビューティサロン タニ,523-0875,近江八幡市小幡町上,近江八幡市小幡町上２８,２８,,S39/06/12,,,,東近江
美容所,ビューティサロン ナルミ,527-0131,東近江市勝堂町,東近江市勝堂町１１３３,１１３３,,S61/08/23,,,,東近江
美容所,ビューティサロン ヒサコ,520-2522,蒲生郡竜王町岩井,蒲生郡竜王町岩井３０２－１,３０２－１,,S58/02/10,,,,東近江
美容所,ビューティサロン みやじ,520-2521,蒲生郡竜王町川守,蒲生郡竜王町川守４５７,４５７,,S54/03/30,,,,東近江
美容所,ビューティサロン 中村,527-0143,東近江市百済寺本町,東近江市百済寺本町１４２１,１４２１,,S50/11/04,,,,東近江
美容所,ビューティサロン 長,529-1631,蒲生郡日野町鎌掛,蒲生郡日野町鎌掛１２０８,１２０８,,H11/03/16,,,,東近江
美容所,ビューティサロンなかにし,523-0041,近江八幡市中小森町,近江八幡市中小森町３２９－７,３２９－７,,S56/11/10,,,,東近江
美容所,ビューティサロン久松,523-0013,近江八幡市長光寺町,近江八幡市長光寺町９０,９０,,S61/12/05,,,,東近江
美容所,ビューティサロン光希,523-0891,近江八幡市鷹飼町,近江八幡市鷹飼町１９街区の１,１９街区の１,,H10/03/10,,,,東近江
美容所,ビューティサロン和子,521-1321,近江八幡市安土町桑実 寺,近江八幡市安土町桑実 寺３８－１９,３８－１９,,H05/11/22,,,,東近江
美容所,ビューティショップ アイン,523-0874,近江八幡市小幡町中,近江八幡市小幡町中５,５,,S59/05/02,,,,東近江
美容所,ビューティスタジオ プラスペリティ,527-0045,東近江市中小路町,東近江市中小路町６６４―２,６６４―２,,H03/07/22,,,,東近江
美容所,ビューティサロン トモ,523-0033,近江八幡市日吉野町,近江八幡市日吉野町６３４－１６,６３４－１６,,H07/06/09,,,,東近江
美容所,ビューティサロン やまもと,527-0024,東近江市札の辻二丁目,東近江市札の辻二丁目１４－３,１４－３,,S54/02/28,,,,東近江
美容所,ビューティサロンもりしま,527-0086,東近江市上平木町,東近江市上平木町３６,３６,,S52/03/12,,,,東近江
美容所,ビューティサロン大砲館,529-1601,蒲生郡日野町松尾,蒲生郡日野町松尾１４９４,１４９４,,S56/10/10,,,,東近江
美容所,ビューティハウス かぐや姫,527-0074,東近江市市辺町,東近江市市辺町１０６５,１０６５,,S58/02/17,,,,東近江
美容所,ビューティルーム 洋,527-0034,東近江市沖野一丁目,東近江市沖野一丁目６－３,６－３,,H04/07/13,,,,東近江
美容所,ヒロセ美容室 能登川店,521-1222,東近江市佐野町,東近江市佐野町４０１－１,４０１－１,,H15/03/11,,,,東近江
美容所,ひろみ美容室,523-0075,近江八幡市野村町,近江八幡市野村町８６５,８６５,,S53/01/13,,,,東近江
美容所,ひろ美容室,529-1619,蒲生郡日野町佐久良,蒲生郡日野町佐久良８７３,８７３,,S58/05/30,,,,東近江
美容所,ふぁみーゆ 美容室,527-0004,東近江市建部堺町,東近江市建部堺町２７４－３,２７４－３,,H17/07/28,,,,東近江
美容所,ファミリーカットハウス アカイ天,523-0894,近江八幡市中村町,近江八幡市中村町５７７－２,５７７－２,,H15/11/25,,,,東近江
美容所,プーラ・フリーム,521-1222,東近江市佐野町,東近江市佐野町４７５－２４,４７５－２４,,H10/04/30,,,,東近江
美容所,フラワー美容室,529-1658,蒲生郡日野町中山,蒲生郡日野町中山１０６６,１０６６,,S55/09/05,,,,東近江
美容所,ヘアー ＆ ビューティ ＴＡＭＴＡＭ,523-0893,近江八幡市桜宮町,近江八幡市桜宮町２０２サルビアタウン３０１－２,２０２サルビアタウン３０１－２,,S62/11/20,,,,東近江
美容所,Ｈａｉｒ Ｐａｓｓｉｏｎ アトリエ,523-0048,近江八幡市緑町三丁目,近江八幡市緑町三丁目７７２－４１,７７２－４１,有限会社Ｃａｎｔｉｋ,H14/05/21,,,,東近江
美容所,ヘアーアート・ラルジュさんきち号Ⅱ滋賀８ ０３そ８８８８,,,滋賀県一円,滋賀県一円,有限会社ラルジュ,H11/12/14,,,,東近江
美容所,ヘアーアンドメーク アラーテジャポン,523-0891,近江八幡市鷹飼町,近江八幡市鷹飼町５２１,５２１,,H12/06/02,,,,東近江
美容所,ヘアーギャラリー,523-0891,近江八幡市鷹飼町,近江八幡市鷹飼町４５３－６,４５３－６,有限会社ヘアーギャラリー,H11/12/01,,,,東近江
美容所,ヘアースタジオ シャトレー,523-0032,近江八幡市白鳥町,近江八幡市白鳥町３８－１シャトレー白鳥内,３８－１シャトレー白鳥内,,S60/12/12,,,,東近江
美容所,ヘアースタジオ フィット,529-1631,蒲生郡日野町鎌掛,蒲生郡日野町鎌掛２８４７,２８４７,,H13/06/25,,,,東近江
美容所,ヘアースペース ブーケ,523-0015,近江八幡市上田町,近江八幡市上田町１８３－３９,１８３－３９,,H14/05/31,,,,東近江
美容所,ヘアースペース 彩,521-1341,近江八幡市安土町上豊 浦,近江八幡市安土町上豊 浦１１１０,１１１０,,H01/11/12,,,,東近江
美容所,ＴＯＭＩ美容室,523-0892,近江八幡市出町,近江八幡市出町６８１,６８１,,S61/09/06,,,,東近江
美容所,ヘアーリラクゼーション Ｉ－ｔｓ,529-1431,東近江市五個荘山本町,東近江市五個荘山本町１０３,１０３,,H19/05/07,,,,東近江
美容所,ヘアーサロン Ｂｉｇ,527-0014,東近江市西中野町,東近江市西中野町９６１－１,９６１－１,,H03/04/26,,,,東近江
美容所,ヘアサロン ノンノ,529-1405,東近江市五個荘金堂町,東近江市五個荘金堂町８２９－６,８２９－６,,S63/07/15,,,,東近江
美容所,ヘアーデザインサロン高倉,520-2531,蒲生郡竜王町山之上,蒲生郡竜王町山之上１１４９－４,１１４９－４,,H07/11/21,,,,東近江
美容所,べっぴんや,523-0031,近江八幡市堀上町,近江八幡市堀上町１５９－４１,１５９－４１,,S60/03/02,,,,東近江
美容所,ぺにゅ美容室,521-1234,東近江市きぬがさ町,東近江市きぬがさ町１２１,１２１,,H04/05/02,,,,東近江
美容所,ベルジユバンスサロン美彫美容室,527-0028,東近江市八日市金屋二 丁目,東近江市八日市金屋二 丁目２－６,２－６,,H06/11/08,,,,東近江
美容所,ホテルニューオウミ 美容室,523-0891,近江八幡市鷹飼町,近江八幡市鷹飼町１４８１ ホテルニューオウミ３Ｆ,１４８１ ホテルニューオウミ３Ｆ,ワタベウェディング株式会社,H15/04/28,,,,東近江
美容所,ほりえ美容室,529-1603,蒲生郡日野町大窪,蒲生郡日野町大窪５８９,５８９,,S46/02/06,,,,東近江
美容所,マスミ,527-0028,東近江市八日市金屋一 丁目,東近江市八日市金屋一 丁目４－２,４－２,,S51/07/21,,,,東近江
美容所,みくに美容室,520-2531,蒲生郡竜王町山之上,蒲生郡竜王町山之上１１４５－１,１１４５－１,,H06/09/05,,,,東近江
美容所,ミスミ美容室,529-1628,蒲生郡日野町西大路,蒲生郡日野町西大路２１６１,２１６１,,S55/03/08,,,,東近江
美容所,みつわ美容室,523-0871,近江八幡市新町四丁目,近江八幡市新町四丁目４５,４５,,H10/01/13,,,,東近江
美容所,みつ美容室,527-0231,東近江市山上町,東近江市山上町３６３２,３６３２,,S50/12/06,,,,東近江
美容所,ミフネ美生院,523-0813,近江八幡市西本郷町,近江八幡市西本郷町４０１－２,４０１－２,,S44/06/03,,,,東近江
美容所,ミマス美容室,527-0231,東近江市山上町,東近江市山上町１２９０,１２９０,,S39/12/03,,,,東近江
美容所,ムッシュ リュウマ,523-0015,近江八幡市上田町,近江八幡市上田町１７６－６,１７６－６,有限会社ムッシュリュウマ,H18/12/22,,,,東近江
美容所,メンズ＆レディースサロン タマミズ,527-0076,東近江市野口町,東近江市野口町１－２８,１－２８,,H11/05/20,,,,東近江
美容所,モーション ヘアー うの,527-0046,東近江市妙法寺町,東近江市妙法寺町８７５－１,８７５－１,,H06/02/25,,,,東近江
美容所,やよい美容室,523-0816,近江八幡市西庄町,近江八幡市西庄町１３２１,１３２１,,H03/11/03,,,,東近江
美容所,ユミ,520-2511,蒲生郡竜王町林,蒲生郡竜王町林４０４,４０４,,S50/08/01,,,,東近江
美容所,ユリ美容室 近江八幡イオン店,523-0898,近江八幡市鷹飼町南三 丁目,近江八幡市鷹飼町南三 丁目７近江八幡イオン４Ｆ,７近江八幡イオン４Ｆ,株式会社ユリ美容室,H09/03/21,,,,東近江
美容所,りぼん,523-0894,近江八幡市中村町,近江八幡市中村町１４－１７,１４－１７,,H14/11/25,,,,東近江
美容所,リリー,521-1221,東近江市垣見町,東近江市垣見町７０３,７０３,,S34/03/19,,,,東近江
美容所,るぴなす美容所,527-0012,東近江市八日市本町,東近江市八日市本町９－１５,９－１５,,S44/02/27,,,,東近江
美容所,レイメイ美容室,527-0011,東近江市八日市浜野町,東近江市八日市浜野町２－２１,２－２１,,H07/11/22,,,,東近江
美容所,ロマン美容室,529-1651,蒲生郡日野町山本,蒲生郡日野町山本７６７－３９,７６７－３９,,H13/03/13,,,,東近江
美容所,安田美容所,527-0074,東近江市市辺町,東近江市市辺町２３８４－３,２３８４－３,,S60/03/25,,,,東近江
美容所,安土美容院,521-1351,近江八幡市安土町常楽 寺,近江八幡市安土町常楽 寺８４８,８４８,,S50/06/06,,,,東近江
美容所,井本美容室,523-0046,近江八幡市上野町,近江八幡市上野町２０７,２０７,,S34/11/25,,,,東近江
美容所,河島美容院,527-0155,東近江市大林町,東近江市大林町６２１,６２１,,S41/06/28,,,,東近江
美容所,吉滝美容室,527-0056,東近江市御園町,東近江市御園町５４１,５４１,,S34/06/08,,,,東近江
美容所,吉沢美容室,529-1617,蒲生郡日野町中之郷,蒲生郡日野町中之郷１５８,１５８,,S48/03/23,,,,東近江
美容所,橋本美容院,529-1655,蒲生郡日野町石原,蒲生郡日野町石原１１６８,１１６８,,S52/06/14,,,,東近江
美容所,五個荘美容院,529-1422,東近江市五個荘小幡町,東近江市五個荘小幡町４６３,４６３,,S38/03/10,,,,東近江
美容所,幸美容室,521-1221,東近江市垣見町,東近江市垣見町７２３,７２３,,S33/12/01,,,,東近江
美容所,広田衣裳店美容室,527-0025,東近江市八日市東本町,東近江市八日市東本町５－２０,５－２０,有限会社廣田衣裳店,H19/11/22,,,,東近江
美容所,高畠美容室,527-0054,東近江市池田町,東近江市池田町１１４６－２,１１４６－２,,S45/09/29,,,,東近江
美容所,山崎美容室,523-0005,近江八幡市末広町,近江八幡市末広町３６８－８,３６８－８,,S52/09/19,,,,東近江
美容所,私の部屋,527-0006,東近江市建部日吉町,東近江市建部日吉町３４８－９,３４８－９,,H04/12/10,,,,東近江
美容所,若宮美容室,523-0034,近江八幡市若宮町,近江八幡市若宮町５１２－２,５１２－２,,S51/08/12,,,,東近江
美容所,寿美美容室,527-0122,東近江市長町,東近江市長町２５７,２５７,,S43/08/21,,,,東近江
美容所,小山美容院,523-0034,近江八幡市若宮町,近江八幡市若宮町横栄園４７３,横栄園４７３,,S48/12/10,,,,東近江
美容所,松井美容室,523-0084,近江八幡市船木町,近江八幡市船木町１１９７－１３,１１９７－１３,,H05/04/26,,,,東近江
美容所,上野美容室,527-0047,東近江市野村町,東近江市野村町５１１－５,５１１－５,,S61/06/16,,,,東近江
美容所,深井美容室,523-0087,近江八幡市北津田町,近江八幡市北津田町６６６,６６６,,H05/12/17,,,,東近江
美容所,深尾美容室,521-1334,近江八幡市安土町西老 蘇,近江八幡市安土町西老 蘇７３７,７３７,,S41/02/10,,,,東近江
美容所,須口美容室,520-2561,蒲生郡竜王町須惠,蒲生郡竜王町須惠４５７,４５７,,S50/12/25,,,,東近江
美容所,水島美容所,523-0041,近江八幡市中小森町,近江八幡市中小森町６８９－２０,６８９－２０,,S62/07/24,,,,東近江
美容所,西田美容室,523-0891,近江八幡市鷹飼町,近江八幡市鷹飼町６７３,６７３,,S41/11/13,,,,東近江
美容所,染屋本舗／ＳＡＬＯＮ ＤＥ ＣＬＵＢ・Ｄ Ｊ,523-0031,近江八幡市堀上町,近江八幡市堀上町１３０－１関軌ビル２Ｆ,１３０－１関軌ビル２Ｆ,,H07/11/17,,,,東近江
美容所,装美容室,521-1231,東近江市能登川町,東近江市能登川町３４４－１５,３４４－１５,有限会社装美容室,H13/04/02,,,,東近江
美容所,増美美容室,529-1401,東近江市五個荘石馬寺 町,東近江市五個荘石馬寺 町４１４－６,４１４－６,,S53/10/06,,,,東近江
美容所,中西美容室,523-0016,近江八幡市千僧供町,近江八幡市千僧供町２４７－１,２４７－１,,S46/10/15,,,,東近江
美容所,中沢美容室,527-0027,東近江市栄町,東近江市栄町５－８,５－８,,S45/02/27,,,,東近江
美容所,長谷美容室,521-1221,東近江市垣見町,東近江市垣見町７１８,７１８,,S37/05/20,,,,東近江
美容所,長谷美容室,527-0012,東近江市八日市本町,東近江市八日市本町１７－３,１７－３,,H16/10/01,,,,東近江
美容所,徳田美容室,529-1424,東近江市五個荘三俣町,東近江市五個荘三俣町１７５,１７５,,H18/04/14,,,,東近江
美容所,八千代美容室,520-2531,蒲生郡竜王町山之上,蒲生郡竜王町山之上東出３５４２,東出３５４２,,S35/11/01,,,,東近江
美容所,髪創作 雅楽,523-0031,近江八幡市堀上町,近江八幡市堀上町１２１－１ ナックハウス１Ｆ,１２１－１ ナックハウス１Ｆ,,H13/11/05,,,,東近江
美容所,美アップサロン Ｍｉｓｓ紅花,521-1215,東近江市佐生町,東近江市佐生町１５３,１５３,,H11/04/19,,,,東近江
美容所,美智美容室,527-0063,東近江市大森町,東近江市大森町２８,２８,,S54/06/12,,,,東近江
美容所,美容 菊,523-0063,近江八幡市十王町,近江八幡市十王町８２９,８２９,,S48/11/08,,,,東近江
美容所,美容 三和,523-0031,近江八幡市堀上町,近江八幡市堀上町１５－１０,１５－１０,,S57/07/03,,,,東近江
美容所,美容Ｂｉｇ,523-0015,近江八幡市上田町,近江八幡市上田町６２９,６２９,,H07/02/14,,,,東近江
美容所,美容マツムラ,521-1221,東近江市垣見町,東近江市垣見町６６７,６６７,,S50/03/15,,,,東近江
美容所,美容院ながみね,529-1551,東近江市宮川町,東近江市宮川町６６７－３５,６６７－３５,,S58/08/08,,,,東近江
美容所,美容工房 萌黄,523-0082,近江八幡市土田町,近江八幡市土田町２９６－１,２９６－１,,H18/06/01,,,,東近江
美容所,美容室 Ｂｉｇ,527-0014,東近江市西中野町,東近江市西中野町７－１８,７－１８,,H15/07/29,,,,東近江
美容所,美容室 Ｂｏｎ’ｎｅ,523-0851,近江八幡市市井町,近江八幡市市井町２６６,２６６,,H16/12/20,,,,東近江
美容所,美容室 Ｃｉｅｌｏ ａｚｕｌ,527-0074,東近江市市辺町,東近江市市辺町１０５２,１０５２,,H15/03/07,,,,東近江
美容所,美容室 ＭＩＷＡ 三和,520-2524,蒲生郡竜王町綾戸,蒲生郡竜王町綾戸４６５,４６５,,H08/11/30,,,,東近江
美容所,美容室 Ｎ．みゆき,523-0805,近江八幡市円山町,近江八幡市円山町１３１５,１３１５,,H14/01/07,,,,東近江
美容所,美容室 Ｐｒｉｍｒｏｓｅ Ｔｅｒａｓｈｉ ｍａ,520-2531,蒲生郡竜王町山之上,蒲生郡竜王町山之上８５５－１,８５５－１,,H17/12/06,,,,東近江
美容所,美容室 Ｓａｃｈｉ,527-0114,東近江市大沢町,東近江市大沢町５６３,５６３,,H13/09/11,,,,東近江
美容所,美容室 Ｓｈｕ,523-0892,近江八幡市出町,近江八幡市出町４１４－５ フラワー１番館 １０５号,４１４－５ フラワー１番館 １０５号,,H17/05/27,,,,東近江
美容所,美容室 ニオ,527-0023,東近江市八日市緑町,東近江市八日市緑町３０－６,３０－６,,H04/03/31,,,,東近江
美容所,Ｌｏｏｏｐ ｈａｉｒ,527-0011,東近江市八日市浜野町,東近江市八日市浜野町１－１,１－１,株式会社ｈ＆ｂ,H10/07/17,,,,東近江
美容所,美容室 プラネタリア,523-0891,近江八幡市鷹飼町,近江八幡市鷹飼町４５６－１アトレＯＳ１Ｆ,４５６－１アトレＯＳ１Ｆ,,H09/10/09,,,,東近江
美容所,美容室 ブリック,523-0061,近江八幡市江頭町,近江八幡市江頭町４１７－２ 我等住スクウエアーⅡ,４１７－２ 我等住スクウエアーⅡ,,H16/10/28,,,,東近江
美容所,美容室 マッシュ,521-1225,東近江市山路町,東近江市山路町１０２－１２,１０２－１２,,H07/10/05,,,,東近江
美容所,美容室 ミウラ,523-0043,近江八幡市池田本町,近江八幡市池田本町１０９５－４,１０９５－４,,H13/12/21,,,,東近江
美容所,美容室 髪縛居,527-0033,東近江市東沖野五丁目,東近江市東沖野五丁目２３－９,２３－９,,H07/02/24,,,,東近江
美容所,美容室ＡＧＵＲＡＩＡ,521-1215,東近江市佐生町,東近江市佐生町３６－１０,３６－１０,,H10/03/31,,,,東近江
美容所,美容室Ｂ・Ｉ・Ｔ,521-1341,近江八幡市安土町上豊 浦,近江八幡市安土町上豊 浦西才行９０７－２８,西才行９０７－２８,,H11/06/25,,,,東近江
美容所,美容室ＴＯＭＯＫＯ,523-0044,近江八幡市篠原町一丁 目,近江八幡市篠原町一丁 目１４－２,１４－２,,H01/12/01,,,,東近江
美容所,美容室Ｙｏｕ,527-0015,東近江市中野町,東近江市中野町７３５－５,７３５－５,,H13/04/03,,,,東近江
美容所,美容室アート,523-0892,近江八幡市出町,近江八幡市出町１２３－１ダイヤモンドビル５Ｆ,１２３－１ダイヤモンドビル５Ｆ,,H04/10/20,,,,東近江
美容所,美容室イチニのサン,521-1311,近江八幡市安土町下豊 浦,近江八幡市安土町下豊 浦４４５０,４４５０,,S61/06/26,,,,東近江
美容所,美容室サフラン,523-0048,近江八幡市緑町一丁目,近江八幡市緑町一丁目９１０－７０,９１０－７０,,S51/08/11,,,,東近江
美容所,美容室シオン,523-0892,近江八幡市出町,近江八幡市出町２６７,２６７,,H07/01/09,,,,東近江
美容所,美容室シンカイ,529-1653,蒲生郡日野町三十坪,蒲生郡日野町三十坪１６０７,１６０７,,S57/06/24,,,,東近江
美容所,美容室ビートル 近江八幡店,523-0015,近江八幡市上田町,近江八幡市上田町１２７８－３ １Ｆ,１２７８－３ １Ｆ,株式会社ｈ＆ｂ,H14/02/14,,,,東近江
美容所,美容室ビートル 能登川店,521-1221,東近江市垣見町,東近江市垣見町１５１５,１５１５,株式会社ｈ＆ｂ,H18/11/16,,,,東近江
美容所,美容室ビートルＢ１,527-0031,東近江市幸町,東近江市幸町１－３８,１－３８,株式会社ｈ＆ｂ,H20/03/14,,,,東近江
美容所,美容室まき,527-0047,東近江市野村町,東近江市野村町４１７－１０,４１７－１０,,S58/12/17,,,,東近江
美容所,美容室ゆ～う,523-0041,近江八幡市中小森町,近江八幡市中小森町２７６－２２,２７６－２２,有限会社Ａｋａｎｅ美容室,H19/06/05,,,,東近江
美容所,美容室ルージュ,527-0039,東近江市青葉町,東近江市青葉町３８８,３８８,,H02/12/06,,,,東近江
美容所,美容室れい,527-0055,東近江市瓜生津町,東近江市瓜生津町１２１３,１２１３,,S54/08/20,,,,東近江
美容所,美容所かずみ,527-0231,東近江市山上町,東近江市山上町２３４９,２３４９,,S52/12/27,,,,東近江
美容所,百日草美容室,523-0031,近江八幡市堀上町,近江八幡市堀上町１４２－４０,１４２－４０,,S61/10/27,,,,東近江
美容所,北川美容室,527-0085,東近江市下羽田町,東近江市下羽田町１４６,１４６,,H14/05/07,,,,東近江
美容所,巳千子美容室,521-1342,近江八幡市安土町上出,近江八幡市安土町上出８９１,８９１,,S49/02/28,,,,東近江
美容所,木村スタジオ美容室,523-0892,近江八幡市出町,近江八幡市出町４１６－１３,４１６－１３,有限会社廣田衣裳店,H19/11/22,,,,東近江
美容所,老人ホーム きぬがさ荘,529-1441,東近江市五個荘川並町,東近江市五個荘川並町３３０,３３０,,S60/08/29,,,,東近江
美容所,長屋ａｂｅｉ,529-1661,蒲生郡日野町安部居,蒲生郡日野町安部居７６４,７６４,株式会社ＢＥＭＹＯＯ,H21/04/27,,,,東近江
美容所,眞空庵,527-0104,東近江市読合堂町,東近江市読合堂町７１８,７１８,,H21/06/08,,,,東近江
美容所,ｃｏｃｏｃｈｉ,527-0125,東近江市小田苅町,東近江市小田苅町３０４－２,３０４－２,,H21/07/03,,,,東近江
美容所,frontier hair & face,523-0015,近江八幡市上田町,近江八幡市上田町１２４９－１６,１２４９－１６,,H21/07/08,,,,東近江
美容所,ヘアーステーション ひまわり,523-0887,近江八幡市西元町,近江八幡市西元町２７,２７,,H21/07/30,,,,東近江
美容所,ＤéＩ－ｓiｇＮ,527-0082,東近江市上羽田町,東近江市上羽田町２２５０－４,２２５０－４,,H21/09/24,,,,東近江
美容所,HAIR Ames,527-0033,東近江市東沖野三丁目,東近江市東沖野三丁目２６０－３,２６０－３,,H21/09/29,,,,東近江
美容所,Peace,527-0046,東近江市妙法寺町,東近江市妙法寺町８７５－１－１０２,８７５－１－１０２,,H21/10/05,,,,東近江
美容所,Ｂ．Ｐ．Ｋ．,523-0892,近江八幡市出町,近江八幡市出町４２２ コーポ・ルネタ１０１,４２２ コーポ・ルネタ１０１,Ｂ・Ｐ・Ｋ・有限会社,H21/10/29,,,,東近江
美容所,Rejoice,529-1551,東近江市宮川町,東近江市宮川町２４４－６７２,２４４－６７２,,H21/11/19,,,,東近江
美容所,髪処 あまんぼ,523-0806,近江八幡市北之庄町,近江八幡市北之庄町９２０－８,９２０－８,,H21/12/01,,,,東近江
美容所,ＨＡＩＲ ＣＵＳＴＯＭ ＷＯＲＫＳ,527-0038,東近江市聖徳町,東近江市聖徳町１－５９,１－５９,,H21/12/09,,,,東近江
美容所,ｅｃｃｏ ｇｒｅｅｎ,527-0046,東近江市妙法寺町,東近江市妙法寺町８３３,８３３,株式会社ｅｃｃｏ,H21/12/11,,,,東近江
美容所,ＲＯＣＫＥＴ ＢＥＡＵＴＹ ＳＡＬＯＯＮ,523-0813,近江八幡市西本郷町,近江八幡市西本郷町２５２－２０,２５２－２０,,H22/01/20,,,,東近江
美容所,ＦＡＭＥＳ×ＢＲＡＮＣＨ,523-0816,近江八幡市西庄町,近江八幡市西庄町１２５０ キタゼンビル２Ｆ,１２５０ キタゼンビル２Ｆ,,H22/02/08,,,,東近江
美容所,デトックスハウス 美の癒し Ｏ２ 近江八 幡店,523-0015,近江八幡市上田町,近江八幡市上田町１３４９－１,１３４９－１,,H22/03/01,,,,東近江
美容所,Ｔｒｅｓｏｒ,529-1642,蒲生郡日野町上野田,蒲生郡日野町上野田８３－３,８３－３,,H22/04/16,,,,東近江
美容所,エステティックサロン bon･fee ボンフェ,523-0819,近江八幡市西本郷町西,近江八幡市西本郷町西２－２,２－２,株式会社ＨＩＲＯＴＡ,H22/05/07,,,,東近江
美容所,Ｌｅｍｏｎ ｔｏ Ｍｉｎｔ,523-0056,近江八幡市古川町,近江八幡市古川町１１７３－７４,１１７３－７４,,H22/05/24,,,,東近江
美容所,ヘアーデザイン ココビ,523-0893,近江八幡市桜宮町,近江八幡市桜宮町２１５－３,２１５－３,株式会社フィール,H22/06/11,,,,東近江
美容所,ＳＴＡＮＤ ＨＥＭ,523-0015,近江八幡市上田町,近江八幡市上田町１０４１－２５,１０４１－２５,,H22/07/15,,,,東近江
美容所,ｊａｍｕ,527-0033,東近江市東沖野三丁目,東近江市東沖野三丁目８－１１,８－１１,,H22/08/06,,,,東近江
美容所,Ｕｎｒｅｖｅ,523-0015,近江八幡市上田町,近江八幡市上田町１２５７－３１,１２５７－３１,,H22/12/06,,,,東近江
美容所,Ｃａｃｈｅｔｔｅ,527-0045,東近江市中小路町,東近江市中小路町６４２－６,６４２－６,,H22/12/16,,,,東近江
美容所,ＦＡＭＥＳ,523-0816,近江八幡市西庄町,近江八幡市西庄町１７９８－２,１７９８－２,,H23/02/01,,,,東近江
美容所,Ｈａｉｒ ａｎｄ Ｂｏｄｙ ＣＵＲＡ,523-0892,近江八幡市出町,近江八幡市出町８３９,８３９,株式会社笑楽,H23/02/01,,,,東近江
美容所,ビューティーサロンエツコ,521-1332,近江八幡市安土町東老 蘇,近江八幡市安土町東老 蘇１３８７－３,１３８７－３,,H23/06/08,,,,東近江
美容所,髪染本舗 八日市,527-0011,東近江市八日市浜野町,東近江市八日市浜野町３－１アルプラザ八日市ショッピングプラ ザアピア,３－１アルプラザ八日市ショッピングプラ ザアピア,日本バイオ医薬株式会社,H23/06/20,,,,東近江
美容所,Hair salon ONE UP マックスバリュ東近江店,527-0039,東近江市青葉町,東近江市青葉町２－８－３,２－８－３,株式会社西洋舎,H23/08/02,,,,東近江
美容所,harakara,523-0897,近江八幡市鷹飼町東一 丁目,近江八幡市鷹飼町東一 丁目３－４,３－４,,H23/09/08,,,,東近江
美容所,ヘアーワークス Ｙ’s,523-0819,近江八幡市西本郷町西,近江八幡市西本郷町西１－２,１－２,,H23/09/12,,,,東近江
美容所,髪染本舗近江八幡店,523-0893,近江八幡市桜宮町,近江八幡市桜宮町２０２－１ アル・プラザ近江八幡２階,２０２－１ アル・プラザ近江八幡２階,日本バイオ医薬株式会社,H23/10/13,,,,東近江
美容所,ｅｃｃｏ ｆｌｅｕｒ,527-0017,東近江市昭和町,東近江市昭和町１０４０－１,１０４０－１,株式会社ｅｃｃｏ,H23/11/25,,,,東近江
美容所,HAIR STUDIO Ｐｅａｃｏｃｋ,523-0032,近江八幡市白鳥町,近江八幡市白鳥町２９－１,２９－１,,H24/01/01,,,,東近江
美容所,ネオスヘアーリアン,523-0891,近江八幡市鷹飼町北三 丁目,近江八幡市鷹飼町北三 丁目１８－６,１８－６,,H24/01/28,,,,東近江
美容所,ｒａｐｐｏｒｔ,521-1321,近江八幡市安土町桑実 寺,近江八幡市安土町桑実 寺３８－１８２,３８－１８２,,H24/01/27,,,,東近江
美容所,西川美容室,523-0876,近江八幡市本町二丁目,近江八幡市本町二丁目２４－３,２４－３,,H24/01/30,,,,東近江
美容所,モア アヴァンセ,523-0058,近江八幡市加茂町,近江八幡市加茂町３５９０－６,３５９０－６,株式会社モアエンタープライズ,H24/02/13,,,,東近江
美容所,Ｌuce,521-1225,東近江市山路町,東近江市山路町２８０７,２８０７,,H24/04/05,,,,東近江
美容所,Ｑｕｅｎｃｈ,520-2562,蒲生郡竜王町鵜川,蒲生郡竜王町鵜川５０６,５０６,,H24/04/27,,,,東近江
美容所,シスター,527-0047,東近江市野村町,東近江市野村町５１９－４,５１９－４,,H24/06/25,,,,東近江
美容所,private salon laugh,527-0121,東近江市小池町,東近江市小池町１３２,１３２,,H24/08/10,,,,東近江
美容所,Ｔｒｉｐ,521-1204,東近江市小川町,東近江市小川町１２９０,１２９０,,H24/09/03,,,,東近江
美容所,Ｈａｉｒ Ｓａｌｏｎ Ｓａｋｕｒａ,521-1212,東近江市種町,東近江市種町１６８０－６４,１６８０－６４,,H24/09/18,,,,東近江
美容所,Ｈａｉｒ－ｍａｋｅ ｓｑｕａｔ,523-0031,近江八幡市堀上町,近江八幡市堀上町２１０－１２,２１０－１２,,H24/10/26,,,,東近江
美容所,まつ毛エクステサロン ｅｙｅ家,520-2531,蒲生郡竜王町山之上,蒲生郡竜王町山之上２３０５,２３０５,,H24/12/27,,,,東近江
美容所,ＰＥＳＣＡ,521-1243,東近江市栗見新田町,東近江市栗見新田町６５１,６５１,,H25/01/07,,,,東近江
美容所,リズムヘアー＆スパ,523-0056,近江八幡市古川町,近江八幡市古川町１１８０－１０,１１８０－１０,,H25/02/13,,,,東近江
美容所,ｈａｉｒ ｓａｌｏｎ 優,521-1311,近江八幡市安土町下豊 浦,近江八幡市安土町下豊 浦５０９６－２５,５０９６－２５,,H25/03/01,,,,東近江
美容所,Ｈａｉｒ Ｍａｋｅ Ｌｏｔｕｓ,523-0816,近江八幡市西庄町,近江八幡市西庄町８０１－９,８０１－９,,H25/04/08,,,,東近江
美容所,グラフィックス,523-0892,近江八幡市出町,近江八幡市出町８５３－５,８５３－５,,H25/05/01,,,,東近江
美容所,クイックカットＢＢ イオン近江八幡店,523-0891,近江八幡市鷹飼町南三 丁目,近江八幡市鷹飼町南三 丁目７,７,株式会社ＮＣＮＬジャパン,H25/07/05,,,,東近江
美容所,ｃｏｑｕｉｌｌｅ,523-0083,近江八幡市小船木町,近江八幡市小船木町７２１－９５,７２１－９５,,H25/07/17,,,,東近江
美容所,Ｃｕｒｅ－Ｓｔｙｌｅ Ａｉ,523-0063,近江八幡市十王町,近江八幡市十王町９２４－４,９２４－４,,H25/08/27,,,,東近江
美容所,美容プラージュ近江八幡店,523-0894,近江八幡市中村町,近江八幡市中村町１－２ 山添ビル１Ｆ,１－２ 山添ビル１Ｆ,阪南理美容株式会社,H25/08/23,,,,東近江
美容所,Ｋｓｙｕ ｈａｉｒ,527-0231,東近江市山上町,東近江市山上町２９２９－２,２９２９－２,,H25/10/31,,,,東近江
美容所,河島美容院,527-0135,東近江市横溝町,東近江市横溝町２２７,２２７,,H25/11/01,,,,東近江
美容所,美容室ｎｅｃｅｓｓａｒｙ,523-0892,近江八幡市出町,近江八幡市出町９１７－３,９１７－３,,H25/11/21,,,,東近江
美容所,ＣＲＯＳＳ,527-0022,東近江市八日市上之町,東近江市八日市上之町８－３６,８－３６,,H26/04/07,,,,東近江
美容所,ｎｅｒｉｎｅ,523-0036,近江八幡市竹町,近江八幡市竹町９９７－２ ２階,９９７－２ ２階,,H26/04/10,,,,東近江
美容所,Ｈａｉｒ’ｓ Ｒｕｍａｈ,527-0029,東近江市八日市町,東近江市八日市町１－３ ＮＣＣビル１階,１－３ ＮＣＣビル１階,,H26/04/11,,,,東近江
美容所,美容室 髪ｉｎ,527-0036,東近江市聖和町,東近江市聖和町１１－１２,１１－１２,,H26/04/21,,,,東近江
美容所,ａｒｔｅ Ｂｅｅｔｌｅ ｎａｉｌ,527-0011,東近江市八日市浜野町,東近江市八日市浜野町３－１ アピア１Ｆ,３－１ アピア１Ｆ,株式会社ｈ＆ｂ,H26/06/06,,,,東近江
美容所,ＯＫＵＭＵＲＡ ビューティーサロン,521-1203,東近江市川南町,東近江市川南町８９３,８９３,,H26/06/25,,,,東近江
美容所,美．ｍａｋｅ ＭＩＮＴ,527-0036,東近江市聖和町,東近江市聖和町３－９ コーポコイズミ１０３,３－９ コーポコイズミ１０３,,H26/07/28,,,,東近江
美容所,Ｈ９,523-0001,近江八幡市金剛寺町,近江八幡市金剛寺町５２５－７,５２５－７,,H26/09/08,,,,東近江
美容所,ｔｏｔｏ ｈａｉｒ,521-1221,東近江市垣見町,東近江市垣見町１３３８,１３３８,,H26/10/28,,,,東近江
美容所,ｈａｉｒｓｔｕｄｉｏ ＨＡＮ．Ｔ,520-2531,蒲生郡竜王町山之上,蒲生郡竜王町山之上２８１５－２,２８１５－２,,H26/11/04,,,,東近江
美容所,Ｃｕｔ師 ＳＵＧＩＵＲＡ＋Ｃ,529-1617,蒲生郡日野町中之郷,蒲生郡日野町中之郷４５２－８,４５２－８,,H26/11/26,,,,東近江
美容所,美容室 まり,521-1221,東近江市垣見町,東近江市垣見町６３０－２,６３０－２,,H26/12/09,,,,東近江
美容所,Ｇｉｇｇｌｅ,523-0043,近江八幡市池田本町,近江八幡市池田本町８６９－３４ ジュジュ池田本町ビル１０ １,８６９－３４ ジュジュ池田本町ビル１０ １,,H27/01/13,,,,東近江
美容所,美容室 アップル,527-0045,東近江市中小路町,東近江市中小路町６６４－２,６６４－２,,H27/01/21,,,,東近江
美容所,ｈａｉｒ ｄｒ． ＴＳＵＲＵＳＡＫＩ,523-0856,近江八幡市音羽町,近江八幡市音羽町１２３－８,１２３－８,,H27/03/02,,,,東近江
美容所,Ｇａｔｏ,521-1221,東近江市垣見町,東近江市垣見町１５４７ ドレメテナント２Ｆ,１５４７ ドレメテナント２Ｆ,,H27/03/23,,,,東近江
美容所,Ｃａｌｍ,523-0033,近江八幡市日吉野町,近江八幡市日吉野町７６１,７６１,,H27/04/17,,,,東近江
美容所,Ｓａｌｏｎ ｄｅ ｃｉｅｌ,529-1658,蒲生郡日野町中山,蒲生郡日野町中山６５２－４,６５２－４,,H27/04/27,,,,東近江
美容所,ＨａｉｒＤｅｓｉｇｎ ＢＲＯＷＮ ＳＵＧ ＡＲ♀,527-0108,東近江市小八木町,東近江市小八木町１５０４,１５０４,ＢＲＯＷＮＳＵＧＡＲ合同会社,H27/05/08,,,,東近江
美容所,ｃｏｌｌｅｔ,523-0818,近江八幡市西本郷町東,近江八幡市西本郷町東８－９,８－９,,H27/06/18,,,,東近江
美容所,Ｅｃｒｉｎ,523-0015,近江八幡市上田町,近江八幡市上田町１５４８,１５４８,,H27/06/25,,,,東近江
美容所,Ｐｅｔｉｅｕｒ,521-1221,東近江市垣見町,東近江市垣見町７６４－１,７６４－１,,H27/07/03,,,,東近江
美容所,Ｌａ ｃｈｏｕ ｃｈｏｕ,527-0022,東近江市八日市上之町,東近江市八日市上之町９５－１,９５－１,,H27/07/28,,,,東近江
美容所,ＢＡＧＵＳ,523-0058,近江八幡市加茂町,近江八幡市加茂町３２１－９,３２１－９,,H27/08/28,,,,東近江
美容所,株式会社ナウ長谷,521-1222,東近江市佐野町,東近江市佐野町６４９－３,６４９－３,株式会社ナウ長谷,H27/09/03,,,,東近江
美容所,ビューティサロン つばき,523-0031,近江八幡市堀上町,近江八幡市堀上町５６－６,５６－６,,H27/09/11,,,,東近江
美容所,Ｃｈａｌｅｕｒ －シャルール－,527-0085,東近江市下羽田町,東近江市下羽田町２００－２０,２００－２０,,H27/10/16,,,,東近江
美容所,Ｆｉｌｕｍ,527-0034,東近江市沖野五丁目,東近江市沖野五丁目１６４８－４,１６４８－４,,H27/10/30,,,,東近江
美容所,ｈａｉｒ ｗｏｒｋｓ ＫｉＫｉ,523-0816,近江八幡市西庄町,近江八幡市西庄町１４５５－２,１４５５－２,,H27/12/16,,,,東近江
美容所,ｈａｉｒ ｓａｌｏｎ ＰＵＰＵＫＡ,523-0022,近江八幡市馬淵町,近江八幡市馬淵町２４２５,２４２５,,H28/01/29,,,,東近江
美容所,Ｈａｉｒ Ｓａｌｏｎ ｙｏｕ華,529-1551,東近江市宮川町,東近江市宮川町２４４－１０７,２４４－１０７,Ｈａｉｒ Ｓａｌｏｎ ｙｏｕ華合同会社,H28/02/10,,,,東近江
美容所,リアン美容室,527-0157,東近江市下中野町,東近江市下中野町６０５－６,６０５－６,,H28/02/29,,,,東近江
美容所,ｈａｉｒ Ｒｕｎｗａｙ,529-1609,蒲生郡日野町中道一丁 目,蒲生郡日野町中道一丁 目７１－１,７１－１,,H28/04/20,,,,東近江
美容所,美容カットエー,523-0891,近江八幡市鷹飼町,近江八幡市鷹飼町４０ イオン近江八幡ショッピングセン ター２Ｆ,４０ イオン近江八幡ショッピングセン ター２Ｆ,株式会社カットツイン,H28/05/12,,,,東近江
美容所,ｈａｉｒ Ｒ,529-1603,蒲生郡日野町大窪,蒲生郡日野町大窪５７５,５７５,,H28/05/20,,,,東近江
美容所,Ｌａ ｃａｃｈｅｔｔｅ,521-1201,東近江市新宮町,東近江市新宮町１８８６,１８８６,,H28/05/27,,,,東近江
美容所,美容室Ａｚｕ,521-1222,東近江市佐野町,東近江市佐野町４０１－１ ＳＡＮＯか乃うビル１階,４０１－１ ＳＡＮＯか乃うビル１階,,H28/06/16,,,,東近江
美容所,ＴＩＲＯ,527-0028,東近江市八日市金屋一 丁目,東近江市八日市金屋一 丁目２－１,２－１,,H28/06/28,,,,東近江
美容所,ｇｎｉｋ,529-1601,蒲生郡日野町松尾,蒲生郡日野町松尾９５３－１ ＫＳ日野ビル,９５３－１ ＫＳ日野ビル,,H28/06/27,,,,東近江
美容所,ＳＡＬＯＮ Ｙｕｋａ,529-1647,蒲生郡日野町別所,蒲生郡日野町別所１０９３－２０８,１０９３－２０８,,H28/08/03,,,,東近江
美容所,ＶＥＬＬＮＡ,521-1221,東近江市垣見町,東近江市垣見町１３２６,１３２６,,H28/09/01,,,,東近江
美容所,ＨＡＩＲＡＳ,523-0032,近江八幡市白鳥町,近江八幡市白鳥町２９－１ 敷島第３マンション１０２,２９－１ 敷島第３マンション１０２,,H28/09/02,,,,東近江
美容所,Ｈｅａｖｅｎ’ｓ Ｄｏｏｒ,523-0816,近江八幡市西庄町,近江八幡市西庄町２０２４－３,２０２４－３,,H28/09/20,,,,東近江
美容所,＆ｍａｒｔ,527-0123,東近江市中岸本町,東近江市中岸本町２７０－４,２７０－４,,H28/10/25,,,,東近江
美容所,Ｈｅａｌｉｎｇ ｓａｌｏｎ ｉＲ,529-1444,東近江市五個荘石塚町,東近江市五個荘石塚町１７１－１５,１７１－１５,,H28/10/28,,,,東近江
美容所,Ｊａｍ ｋａｒｅｔ,529-1609,蒲生郡日野町中道二丁 目,蒲生郡日野町中道二丁 目８－３,８－３,,H28/11/10,,,,東近江
美容所,ＲＥＦＬＥＣＴＩＯＮ,521-1221,東近江市垣見町,東近江市垣見町１５６２ １Ｆ,１５６２ １Ｆ,,H28/11/09,,,,東近江
美容所,ｎｉｃｏｔｔｏ,523-0058,近江八幡市加茂町,近江八幡市加茂町２１３２－１５,２１３２－１５,,H28/11/25,,,,東近江
美容所,ＦＡＭＩＬＹ ＨＡＩＲ ＳＡＬＯＮ Ｍｉ ｌｋ,529-1541,東近江市蒲生堂町,東近江市蒲生堂町５４３,５４３,,H28/12/26,,,,東近江
美容所,ｂｅａｕｔｙ ｓｐａｃｅ Ｌｕｃｉ,527-0022,東近江市八日市上之町,東近江市八日市上之町八丁目２８－１０２,八丁目２８－１０２,,H29/01/10,,,,東近江
美容所,ＳＬＯＷ ＦＬＯＷ,529-1413,東近江市五個荘簗瀬町,東近江市五個荘簗瀬町４０４,４０４,,H29/02/03,,,,東近江
美容所,Sherpa hair skin hospital,527-0045,東近江市中小路町,東近江市中小路町４０６,４０６,,H29/02/06,,,,東近江
美容所,ヘアくらぶＳＩＥＬＵ,527-0135,東近江市横溝町,東近江市横溝町３２２－１,３２２－１,,H29/02/15,,,,東近江
美容所,ＯＳＡＹＡ ＹＯＫＡＩＣＨＩ,527-0067,東近江市芝原町,東近江市芝原町７６６－４,７６６－４,株式会社ＢＥＭＹＯＯ,H29/02/21,,,,東近江
美容所,Ｈａｉｒ Ｓｐａｃｅ Ｏｆｆ,527-0046,東近江市妙法寺町,東近江市妙法寺町６９４－６,６９４－６,株式会社ＦＲＯ,H29/02/27,,,,東近江
美容所,美容所 くるみ,527-0093,東近江市糠塚町,東近江市糠塚町９０３,９０３,,H29/03/17,,,,東近江
美容所,ｈａｉｒ ｄｅｓｉｇｎ ＲＩＧＥＬ,527-0012,東近江市八日市本町,東近江市八日市本町二丁目８ ＭＴビル１Ｆ,二丁目８ ＭＴビル１Ｆ,,H29/04/07,,,,東近江
美容所,おしゃれ館,523-0031,近江八幡市堀上町,近江八幡市堀上町１３４－８,１３４－８,,H29/04/07,,,,東近江
美容所,ｈａｉｒ ｌａｂ ＳＴＥＲＮ,520-2524,蒲生郡竜王町綾戸,蒲生郡竜王町綾戸１００５,１００５,,H29/04/07,,,,東近江
美容所,Ｈａｉｒ Ｄｅｓｉｇｎ ＰＬＡＮＴＳ ～ プランツ～,527-0025,東近江市八日市東本町,東近江市八日市東本町６－１４,６－１４,,H29/04/20,,,,東近江
美容所,ＴＩＮＯ ｂｙ ｇａｎｅｓｈａ,523-0031,近江八幡市堀上町,近江八幡市堀上町１２０－１,１２０－１,株式会社ガネイシャ,H29/05/24,,,,東近江
美容所,ＨＩＤＡＭＡＲＩ～ｈａｉｒ ｒｏｏｍ～,523-0001,近江八幡市金剛寺町,近江八幡市金剛寺町６０７－２,６０７－２,,H29/06/16,,,,東近江
美容所,Ｌｉｌａ 近江八幡店,523-0894,近江八幡市中村町,近江八幡市中村町１－２,１－２,,H29/06/28,,,,東近江
美容所,カットハウス ｃｈｏｃｏ,521-1343,近江八幡市安土町小中,近江八幡市安土町小中６４８,６４８,,H29/07/31,,,,東近江
美容所,藤川,521-1205,東近江市躰光寺町,東近江市躰光寺町４２８－１１,４２８－１１,,H29/10/02,,,,東近江
美容所,ｖｏｃｃａ ｗｏｃｃａ,521-1223,東近江市猪子町,東近江市猪子町４２２,４２２,,H29/08/21,,,,東近江
美容所,［，ｅｔ］ ｈａｉｒ ｄｅｓｉｇｎ,523-0891,近江八幡市鷹飼町,近江八幡市鷹飼町４５７－２３ １Ｆ,４５７－２３ １Ｆ,,H29/10/13,,,,東近江
美容所,ｉｅｎａ,527-0064,東近江市尻無町,東近江市尻無町１７５０－２１,１７５０－２１,,H29/10/25,,,,東近江
美容所,森野美容室,521-1241,東近江市乙女浜町,東近江市乙女浜町３５３,３５３,,H29/10/31,,,,東近江
美容所,ｍｅｔａｍｏｒｐｈｏｓｅ（メタモルフォー ゼ）,521-1205,東近江市躰光寺町,東近江市躰光寺町１４９５－２０,１４９５－２０,,H29/11/24,,,,東近江
美容所,マルソメ ドンキ東近江,527-0016,東近江市今崎町,東近江市今崎町１６３,１６３,,H29/12/12,,,,東近江
美容所,Ｈａｉｒｍａｋｅ ｅｓｔ,523-0894,近江八幡市中村町,近江八幡市中村町４６－９,４６－９,,H30/01/10,,,,東近江
美容所,まつエク ｒｏｏｍ Ｒａｋｕｕ,521-1222,東近江市佐野町,東近江市佐野町２５３－７,２５３－７,,H30/01/15,,,,東近江
美容所,Ｌｕｃｙ,527-0023,東近江市八日市緑町,東近江市八日市緑町１７－３０,１７－３０,株式会社かなで,H30/02/26,,,,東近江
美容所,カットコムズ ドンキ近江八幡,523-0891,近江八幡市鷹飼町,近江八幡市鷹飼町２２３－３,２２３－３,,H30/03/06,,,,東近江
美容所,マルソメ ドンキ近江八幡,523-0891,近江八幡市鷹飼町,近江八幡市鷹飼町２２３－３,２２３－３,,H30/03/06,,,,東近江
美容所,ＦＬＡＶＯＲ,527-0231,東近江市山上町,東近江市山上町１３２２－５,１３２２－５,,H30/03/01,,,,東近江
美容所,Ｈａｉｒｓ Ｏｒｇｅ（ヘアーズ オル ジュ）,523-0061,近江八幡市江頭町,近江八幡市江頭町４８０－１,４８０－１,,H30/03/28,,,,東近江
美容所,Ｃｈａｒｍ 近江八幡店,523-0031,近江八幡市堀上町,近江八幡市堀上町１３９－２５,１３９－２５,合同会社ＬＵＭＥＲＩＥ,H30/04/26,,,,東近江
美容所,ＢＡＮＣＡ＋ｎ,523-0893,近江八幡市桜宮町,近江八幡市桜宮町２９４ ＹＰ．１ビル１Ｆ,２９４ ＹＰ．１ビル１Ｆ,株式会社クレステージ,H30/06/29,,,,東近江
美容所,ＣａＲａｔ．,527-0037,東近江市東今崎町,東近江市東今崎町７－３３ １階,７－３３ １階,,H30/07/03,,,,東近江
美容所,リラ八日市店,527-0022,東近江市八日市上之町,東近江市八日市上之町２－７ ウイング八日市３０４,２－７ ウイング八日市３０４,株式会社ＯＲＥＳＳ,H30/07/02,,,,東近江
美容所,【女性のためのヘアサロン】ＬｕｃｘｉＡ,521-1221,東近江市垣見町,東近江市垣見町１６０２,１６０２,,H30/08/08,,,,東近江
美容所,Ｌｕｘｅ,527-0006,東近江市建部日吉町,東近江市建部日吉町５１６－１２,５１６－１２,,H30/08/20,,,,東近江
美容所,Ａｇｕ ｈａｉｒ ｃｈｅｒｉｅ,523-0891,近江八幡市鷹飼町,近江八幡市鷹飼町５７２ エミール近江八幡壱番館３０２,５７２ エミール近江八幡壱番館３０２,株式会社ａｇｉｒ,H30/12/25,,,,東近江
美容所,ヘアカラー専門店ｆｕｆｕ 近江八幡アクア ２１店,523-0891,近江八幡市鷹飼町,近江八幡市鷹飼町１７９ ２階,１７９ ２階,株式会社Ｆａｓｔ Ｂｅａｕｔｙ,H30/12/12,,,,東近江
美容所,ホテルニューオウミ ビューティサロン,523-0891,近江八幡市鷹飼町,近江八幡市鷹飼町１４８１ ホテルニューオウミ内,１４８１ ホテルニューオウミ内,有限会社モンレーブみさ,H30/12/07,,,,東近江
美容所,Ｎ,523-0894,近江八幡市中村町,近江八幡市中村町２０ ダイゴビル１Ｆ,２０ ダイゴビル１Ｆ,,H31/01/05,,,,東近江
美容所,ｒａｆｕｒｉ ｈａｉｒ,529-1411,東近江市五個荘河曲町,東近江市五個荘河曲町３３０－８,３３０－８,,H31/02/05,,,,東近江
美容所,３３１ ｅｙｅｌａｓｈ ｓａｌｏｎ,523-0816,近江八幡市西庄町,近江八幡市西庄町２８７９－１４,２８７９－１４,,H31/03/25,,,,東近江
美容所,カットコムズ ドンキ東近江,527-0016,東近江市今崎町,東近江市今崎町１６３,１６３,,H31/04/23,,,,東近江
美容所,ａｍｉｃｏ,523-0845,近江八幡市博労町中,近江八幡市博労町中４－１,４－１,,H31/04/11,,,,東近江
美容所,Ｒｅｖｅ,529-1551,東近江市宮川町,東近江市宮川町６８３－１１６,６８３－１１６,,H31/04/12,,,,東近江
美容所,ＭＡＱＵＩＡ近江八幡店,523-0892,近江八幡市出町,近江八幡市出町４１３－１８ １Ｆ,４１３－１８ １Ｆ,株式会社ＭＡＱＵＩＡ,H31/04/11,,,,東近江
美容所,美容室Ｋｅｙ,523-0892,近江八幡市出町,近江八幡市出町６８７,６８７,,H31/04/24,,,,東近江
美容所,ｅｙｅｌａｓｈ ｓａｌｏｎ ＬＯＳＩＳ,529-1635,蒲生郡日野町迫,蒲生郡日野町迫２５１,２５１,,R01/06/20,,,,東近江
美容所,Ｎａｇｉ Ｈａｉｒ,520-2571,蒲生郡竜王町西横関,蒲生郡竜王町西横関２０５－２７,２０５－２７,,R01/07/01,,,,東近江
美容所,ＡＲＮＥ＋ｎ,523-0894,近江八幡市中村町,近江八幡市中村町１－１５,１－１５,株式会社クレステージ,R01/07/01,,,,東近江
美容所,ａｓ ａｒｔ,523-0817,近江八幡市浅小井町,近江八幡市浅小井町５２６－２０,５２６－２０,,R01/07/24,,,,東近江
美容所,ｈａｉｒ ＣＲＡＦＴ ｂｙ ｂｏｎｄｓ,523-0012,近江八幡市武佐町,近江八幡市武佐町４９３－３,４９３－３,,R01/07/31,,,,東近江
美容所,Ｉｎｔｅｒ Ｇｒｏｗ,523-0896,近江八幡市鷹飼町北三 丁目,近江八幡市鷹飼町北三 丁目７－８,７－８,,R01/09/17,,,,東近江
美容所,雨音美容室,521-1223,東近江市猪子町,東近江市猪子町２５８,２５８,,R01/10/08,,,,東近江
美容所,カミキリヤ ａｔｏｎｅ,521-1205,東近江市躰光寺町,東近江市躰光寺町１４９５－２５,１４９５－２５,,R01/11/05,,,,東近江
美容所,Ｈａｉｒ－ｉｓｉｓ,521-1235,東近江市伊庭町,東近江市伊庭町１０１－４,１０１－４,,R01/11/28,,,,東近江
美容所,Ｃｈａｒｍ 能登川店,521-1224,東近江市林町,東近江市林町６３５,６３５,合同会社ＬＵＭＥＲＩＥ,R01/12/13,,,,東近江
美容所,Ｃｕｔ１０００ 日野店,529-1601,蒲生郡日野町松尾,蒲生郡日野町松尾８４４－１０,８４４－１０,株式会社ソーシャルコンセンサス,R02/01/29,,,,東近江
美容所,ｆｉｋａ,529-1443,東近江市五個荘北町屋 町,東近江市五個荘北町屋 町１６５,１６５,,R02/01/16,,,,東近江
美容所,ＯＳＡＹＡ ｔａｔｅｂｅ,527-0006,東近江市建部日吉町,東近江市建部日吉町４０８,４０８,株式会社ＢＥＭＹＯＯ,R02/02/13,,,,東近江
美容所,Ｌａｕｇｈ Ｌｅａ,521-1235,東近江市伊庭町,東近江市伊庭町２５２－８７,２５２－８７,,R02/02/19,,,,東近江
美容所,Ｅｔｅｒｎａｌ ｂｏｎｄｓ Ｒｏｏｔｓ,527-0022,東近江市八日市上之町,東近江市八日市上之町９－３ グリーンアルティＡ－１ Ａ－２,９－３ グリーンアルティＡ－１ Ａ－２,,R02/03/02,,,,東近江
美容所,カットハウス モアプラス,523-0815,近江八幡市若葉町一丁 目,近江八幡市若葉町一丁 目９１－９ １Ｆ,９１－９ １Ｆ,,R02/04/21,,,,東近江
美容所,Ｄａ Ｏｇｇｉ Ｈａｉｒ Ｄｅｓｉｇｎ,523-0043,近江八幡市池田本町,近江八幡市池田本町７４４,７４４,,R02/03/31,,,,東近江
美容所,理美容室ＲＢＫ,527-0011,東近江市八日市浜野町,東近江市八日市浜野町３－１ アピア専門店街２Ｆ,３－１ アピア専門店街２Ｆ,,R02/04/17,,,,東近江
美容所,Ｓａｌｌｙ,523-0892,近江八幡市出町,近江八幡市出町９１７,９１７,,R02/04/17,,,,東近江
美容所,ｐｌｕｓ ｂｅｌｌｅ,529-1443,東近江市五個荘北町屋 町,東近江市五個荘北町屋 町４００－１,４００－１,,R02/04/28,,,,東近江
美容所,Ｈａｋｕｓｈ,521-1311,近江八幡市安土町下豊 浦,近江八幡市安土町下豊 浦５０７６,５０７６,,R02/06/18,,,,東近江
美容所,ＣОＸ,521-1212,東近江市種町,東近江市種町１７００－４９,１７００－４９,,R02/05/29,,,,東近江
美容所,ロキエ,523-0896,近江八幡市鷹飼町北三 丁目,近江八幡市鷹飼町北三 丁目１１－６,１１－６,合同会社Ｌｉｌｌｙ Ｇｒａｎｄｅ,R02/05/29,,,,東近江
美容所,Ｂ－ｅａｃｈ,523-0894,近江八幡市中村町,近江八幡市中村町１７－１８,１７－１８,,R02/06/19,,,,東近江
美容所,こべや,523-0045,近江八幡市安養寺町,近江八幡市安養寺町９２０－１ オーエスアコールデ１０１,９２０－１ オーエスアコールデ１０１,,R02/08/06,,,,東近江
美容所,Ｂｅａｕｖｅｓ,523-0848,近江八幡市永原町中,近江八幡市永原町中１,１,,R02/08/21,,,,東近江
美容所,Ａｉｌｅ,527-0033,東近江市東沖野四丁目,東近江市東沖野四丁目１－１１,１－１１,株式会社ＶｉＲｉ,R02/09/07,,,,東近江
美容所,ｍｉｔｅ,527-0033,東近江市東沖野三丁目,東近江市東沖野三丁目８－１１－１,８－１１－１,,R02/10/01,,,,東近江
美容所,ｆｉｌｅｒ,527-0023,東近江市八日市緑町,東近江市八日市緑町１２－７ Ａ番館２階,１２－７ Ａ番館２階,株式会社かなで,R02/10/20,,,,東近江
美容所,ｙｕｎ,527-0023,東近江市八日市緑町,東近江市八日市緑町１５－２０－１,１５－２０－１,,R02/11/30,,,,東近江
美容所,ｈａｉｒ ｓａｌｏｎ Ａｃｅ,529-1443,東近江市五個荘北町屋 町,東近江市五個荘北町屋 町３４１,３４１,,R02/12/25,,,,東近江
美容所,サロンスタジオＢＥＡＤ,523-0894,近江八幡市中村町,近江八幡市中村町３２－４ 平井ビル１Ｆ,３２－４ 平井ビル１Ｆ,,R03/01/28,,,,東近江
美容所,セラ・ヴェルディ,523-0892,近江八幡市出町,近江八幡市出町４１３－５,４１３－５,株式会社モアエンタープライズ,R03/02/04,,,,東近江
美容所,ｂ．ＬＡＢＯ,529-1441,東近江市五個荘川並町,東近江市五個荘川並町８－１,８－１,,R03/02/16,,,,東近江
美容所,Ｌｕａｎａ,521-1221,東近江市垣見町,東近江市垣見町７６４－３,７６４－３,,R03/03/01,,,,東近江
美容所,Ｓｔｅｌｌａ,527-0035,東近江市ひばり丘町,東近江市ひばり丘町３－３１,３－３１,,R03/03/17,,,,東近江
美容所,Ｂｅｌｌｅ,523-0022,近江八幡市馬淵町,近江八幡市馬淵町１３８２－８,１３８２－８,,R03/04/16,,,,東近江
美容所,ＨＡＩＲ ＪＡＭ,527-0033,東近江市東沖野一丁目,東近江市東沖野一丁目７－２０ シャトレービル別館,７－２０ シャトレービル別館,,R03/05/25,,,,東近江
美容所,ｍｏｌ．,523-0893,近江八幡市桜宮町,近江八幡市桜宮町２０７－３（２階）,２０７－３（２階）,,R03/06/25,,,,東近江
美容所,ＨＩＢＩＫＩ,527-0205,東近江市黄和田町,東近江市黄和田町９３８,９３８,,R03/07/09,,,,東近江
美容所,ｅｙｅｌａｓｈ ｓｔｕｄｉｏ ＣＨＩＬＬ,529-1405,東近江市五個荘金堂町,東近江市五個荘金堂町２５９－１４,２５９－１４,,R03/07/09,,,,東近江
美容所,Ｈａｉｒ Ｍａｋｅ Ｓｉｅｎａ,523-0063,近江八幡市十王町,近江八幡市十王町４０７－３,４０７－３,,R03/08/05,,,,東近江
美容所,ｋｉｔｔａ,523-0062,近江八幡市丸の内町,近江八幡市丸の内町４－５,４－５,,R03/09/28,,,,東近江
美容所,Ｌｕａｎａ ｅｙｅｌａｓｈ,527-0038,東近江市聖徳町,東近江市聖徳町１－４７－８,１－４７－８,,R03/10/19,,,,東近江
美容所,Ｌｉｌａ 近江八幡店/ｍｅｎ’ｓ ｓａｌ ｏｎ ＣＲＥＳＴ 近江八幡店,523-0891,近江八幡市鷹飼町,近江八幡市鷹飼町５３４ ＡＣＴ近江八幡１Ｆ２号室,５３４ ＡＣＴ近江八幡１Ｆ２号室,株式会社ＯＲＥＳＳ,R03/11/04,,,,東近江
美容所,ｊｏｕｒｎｅｙ,523-0816,近江八幡市西庄町,近江八幡市西庄町１０９４－９,１０９４－９,,R03/12/02,,,,東近江
美容所,ａｉ ＣａＲａｔ．,527-0037,東近江市東今崎町,東近江市東今崎町７－３３ ２階,７－３３ ２階,,R03/11/11,,,,東近江
美容所,Ａｍｉｎａ 八幡,523-0898,近江八幡市鷹飼町南三 丁目,近江八幡市鷹飼町南三 丁目１―１４ コロニアルイースト２－Ｂ,１―１４ コロニアルイースト２－Ｂ,ａｗｅｓｏｍｅ ｐｌａｎｓ合同会社,R03/12/14,,,,東近江
美容所,ＣＯＣＯ,527-0162,東近江市妹町,東近江市妹町７４０,７４０,,R03/12/22,,,,東近江
美容所,ＣＨＥＲＩＥ,529-1537,東近江市市子殿町,東近江市市子殿町１３４５－１０４,１３４５－１０４,,R04/02/02,,,,東近江
美容所,美容室アート,527-0065,東近江市下二俣町,東近江市下二俣町１００８－１,１００８－１,,R04/02/18,,,,東近江
美容所,ｃｈｅｒｉ,521-1221,東近江市垣見町,東近江市垣見町６１－１２,６１－１２,,R04/02/15,,,,東近江
美容所,ｍｕｋｕ,521-1223,東近江市猪子町,東近江市猪子町２９１,２９１,,R04/03/30,,,,東近江
美容所,ｎｉｋｏｒｉｎａ,527-0107,東近江市今在家町,東近江市今在家町２９７ー１,２９７ー１,,R04/04/07,,,,東近江
美容所,Ｈａｉｒ．１０５,527-0174,東近江市大萩町,東近江市大萩町１０５,１０５,,R04/04/21,,,,東近江
美容所,Ｃｈｅｅｒｆｕｌ,527-0035,東近江市ひばり丘町,東近江市ひばり丘町１－４,１－４,,R04/04/19,,,,東近江
美容所,Ｐｕｚｚｌｅ ｈａｉｒ Ｄｅｓｉｇｈ,529-1444,東近江市五個荘石塚町,東近江市五個荘石塚町２－３,２－３,,R04/05/20,,,,東近江
美容所,ＧＡＧＡ Ｄ Ａｓｈ,523-0011,近江八幡市友定町,近江八幡市友定町３６７－１,３６７－１,,R04/06/07,,,,東近江
美容所,ｅｙｅｌａｓｈ ｓａｌｏｎ ｓｉｆａ,521-1224,東近江市林町,東近江市林町２６－８,２６－８,,R04/06/27,,,,東近江
美容所,グレイス,523-0816,近江八幡市西庄町,近江八幡市西庄町１２７１－５,１２７１－５,,R04/08/04,,,,東近江
美容所,Ａｏ６０２,523-0811,近江八幡市長田町,近江八幡市長田町１２９１－４,１２９１－４,,R04/08/12,,,,東近江
美容所,Ａｐｐｅａｒａｎｃｅ,529-1601,蒲生郡日野町松尾,蒲生郡日野町松尾４－４,４－４,,R04/08/05,,,,東近江
美容所,美容室Ｒａｎａ,527-0045,東近江市中小路町,東近江市中小路町１７５－２,１７５－２,,R04/09/08,,,,東近江
美容所,ＲＥＶＥ,527-0021,東近江市八日市東浜町,東近江市八日市東浜町１－２ ダイヤパレス２０２,１－２ ダイヤパレス２０２,,R04/09/05,,,,東近江
美容所,ＬＩＮＯＲＥ近江八幡店（ｅｙｅｌａｓｈ＆ エステ）,523-0818,近江八幡市西本郷町東,近江八幡市西本郷町東５－６－１０５,５－６－１０５,,R04/09/29,,,,東近江
美容所,ｍｏｎａ,523-0891,近江八幡市鷹飼町,近江八幡市鷹飼町１４８５－６ ４０５号室,１４８５－６ ４０５号室,,R04/10/18,,,,東近江
美容所,ヘナ・エステａｏｍｉ,520-2551,蒲生郡竜王町薬師,蒲生郡竜王町薬師１１７３－７,１１７３－７,,R04/11/04,,,,東近江
美容所,ｓａｂｉ,521-1341,近江八幡市安土町上豊 浦,近江八幡市安土町上豊 浦６２９－３,６２９－３,,R04/11/09,,,,東近江
美容所,ＡＵＢＥ ＨＡＩＲ ｗｉｎｋ 近江八幡店,523-0892,近江八幡市出町,近江八幡市出町４１７－８ 出町フォーエバービル１階２ 号室,４１７－８ 出町フォーエバービル１階２ 号室,株式会社Ａ’Ｇｒｏｕｐ,R04/12/02,,,,東近江
美容所,ｔｏｔａｌ ｂｅａｕｔｙ ｓａｌｏｎ Ｇ ＬＥＡＭ,529-1422,東近江市五個荘小幡町,東近江市五個荘小幡町６７３,６７３,,R04/11/16,,,,東近江
美容所,ｍｏｏｎ ＥＹＥＬＡＳＨ ＳＡＬＯＮ,529-1634,蒲生郡日野町深山口,蒲生郡日野町深山口７６１,７６１,,R04/12/23,,,,東近江
美容所,フェリーチェ ラッシュ,520-2564,蒲生郡竜王町山面,蒲生郡竜王町山面３５－１５２,３５－１５２,,R04/12/27,,,,東近江
美容所,ＡＬＡＮＡ ＨＡＩＲ,523-0893,近江八幡市桜宮町,近江八幡市桜宮町２０６－１４ サンビル１０２,２０６－１４ サンビル１０２,,R05/02/17,,,,東近江
美容所,ｍｏｔｉｆ ｈａｉｒ,521-1311,近江八幡市安土町下豊 浦,近江八幡市安土町下豊 浦２５－８,２５－８,,R05/02/22,,,,東近江
美容所,Ａｎｄ Ｕ,521-1235,東近江市伊庭町,東近江市伊庭町２１３４,２１３４,,R05/03/20,,,,東近江
美容所,ｅｙｅｐｐｌｅ,521-1205,東近江市躰光寺町,東近江市躰光寺町１－３ １Ｆ,１－３ １Ｆ,,R05/03/27,,,,東近江
美容所,ヘアーサロン イワサキ,523-0816,近江八幡市西庄町,近江八幡市西庄町２７７１ バロー近江八幡店１階テナント,２７７１ バロー近江八幡店１階テナント,株式会社ハクブン,R05/04/07,,,,東近江
美容所,＆ＲＥ．,527-0092,東近江市小今町,東近江市小今町３９－１１,３９－１１,,R05/04/07,,,,東近江
美容所,ｐｒｉｖａｔｅ ｆｒｅｅ ｓａｌｏｎ Ｌ ＩＢＲＥ,529-1441,東近江市五個荘川並町,東近江市五個荘川並町１６８－１７,１６８－１７,,R05/04/27,,,,東近江
美容所,Ｈｉ－Ｅｘｔｅｎｓｉｏｎ近江八幡店,523-0891,近江八幡市鷹飼町,近江八幡市鷹飼町１５４２,１５４２,株式会社ＷＡＬＬＲＩＤ,R05/05/22,,,,東近江
美容所,Ｌｅｍｏｎ ｔｏ Ｍｉｎｔ ハナレ,520-2561,蒲生郡竜王町須惠,蒲生郡竜王町須惠３４３,３４３,,R05/06/29,,,,東近江
美容所,ＣＨＥＲＩＥ ｂｙ ＯＳＡＹＡ,529-1537,東近江市市子殿町,東近江市市子殿町１３４５－１０４,１３４５－１０４,,R05/07/31,,,,東近江
美容所,Ｌｏｕｉｓｅ ｅｙｅｌａｓｈ,523-0004,近江八幡市西生来町,近江八幡市西生来町１４２７,１４２７,,R05/09/20,,,,東近江
美容所,白髪染め専門店「キレイ」能登川店,521-1221,東近江市垣見町,東近江市垣見町１３１７,１３１７,,R05/10/18,,,,東近江
美容所,Ｇｅｍ ｓｔｏｎｅ,520-2524,蒲生郡竜王町綾戸,蒲生郡竜王町綾戸５３９,５３９,株式会社アップライム,R05/10/30,,,,東近江
美容所,Ｂｅａｕｔｙ Ｓｐａｃｅ Ｌｕｎａ,523-0058,近江八幡市加茂町,近江八幡市加茂町３１７６－１,３１７６－１,,R05/12/04,,,,東近江
美容所,ビューティーサロンラック パーマ手良,529-1541,東近江市蒲生堂町,東近江市蒲生堂町３３８－５１,３３８－５１,,R06/01/04,,,,東近江
美容所,Ｊｅｒｕｓａｌｅｍ,523-0892,近江八幡市出町,近江八幡市出町８４６,８４６,,R06/01/16,,,,東近江
美容所,ｍｅｌｌｏｗ,523-0001,近江八幡市金剛寺町,近江八幡市金剛寺町３０３－２,３０３－２,,R06/01/16,,,,東近江
美容所,Ｈｅａｒｔｙ,523-0082,近江八幡市土田町,近江八幡市土田町１０８７－５,１０８７－５,株式会社Ｋ.Ｕ ＷＯＲＫＳ.,R06/01/24,,,,東近江
美容所,ｅｎ．．．,523-0892,近江八幡市出町,近江八幡市出町４１７－１８,４１７－１８,,R06/01/31,,,,東近江
美容所,Ｅｙｅｌａｓｈ ｓａｌｏｎ ＮＡＶＩ,527-0086,東近江市上平木町,東近江市上平木町１９７７ さくらゴルフ２階,１９７７ さくらゴルフ２階,,R06/02/07,,,,東近江
美容所,ｃｏｔｉｅ.,523-0896,近江八幡市鷹飼町北一 丁目,近江八幡市鷹飼町北一 丁目９－７ グリーン茨木１０２,９－７ グリーン茨木１０２,,R06/02/29,,,,東近江
美容所,ＬｉＬｙ．,521-1311,近江八幡市安土町下豊 浦,近江八幡市安土町下豊 浦４５５０－１ レジデンスイルオー１階１ ０５号,４５５０－１ レジデンスイルオー１階１ ０５号,,R06/03/18,,,,東近江
美容所,Ｏｒａ ｂｒｉｌｌｅｒ,523-0891,近江八幡市鷹飼町,近江八幡市鷹飼町４５６－１,４５６－１,,R06/04/18,,,,東近江
美容所,ｓａｌｏｎ ＧＥＭＩＮＩ,521-1204,東近江市小川町,東近江市小川町１０２４－３,１０２４－３,,R06/05/01,,,,東近江
美容所,ａｗｅｓｏｍｅ,523-0894,近江八幡市中村町,近江八幡市中村町２１－１９ グランドビル１Ｆ－１０Ｂ,２１－１９ グランドビル１Ｆ－１０Ｂ,,R06/05/28,,,,東近江
美容所,ロレインブロウ近江八幡店,523-0898,近江八幡市鷹飼町南三 丁目,近江八幡市鷹飼町南三 丁目２－１０－１０１,２－１０－１０１,合同会社アルシェスタイル,R06/06/14,,,,東近江
美容所,ｅｎｎｅ,523-0892,近江八幡市出町,近江八幡市出町６２２ ベル・フルール１０２,６２２ ベル・フルール１０２,,R06/07/29,,,,東近江
美容所,ｌｅａ ｈａｉｒ,521-1205,東近江市躰光寺町,東近江市躰光寺町２７－１,２７－１,,R06/07/29,,,,東近江
美容所,ｍｅｌ,523-0896,近江八幡市鷹飼町北三 丁目,近江八幡市鷹飼町北三 丁目７－８ スピカ２１ １０３号室,７－８ スピカ２１ １０３号室,,R06/08/28,,,,東近江
美容所,Ｏｈａｏ,523-0877,近江八幡市池田町五丁 目,近江八幡市池田町五丁 目８,８,,R06/09/09,,,,東近江
美容所,Ｅｙｅｌａｓｈ Ｓａｌｏｎ ｉｍｅ アイ ミー 近江八幡駅前店,523-0891,近江八幡市鷹飼町,近江八幡市鷹飼町５６０－１ 洗心ビル５Ｆ,５６０－１ 洗心ビル５Ｆ,,R06/09/09,,,,東近江
美容所,Ｐｒｉｖａｔｅ ｓａｌｏｎ Ｌｅａｆ,523-0031,近江八幡市堀上町,近江八幡市堀上町１３０－１ カンキビル １０３号,１３０－１ カンキビル １０３号,,R06/09/09,,,,東近江
美容所,Ｂａｍｂｉ,523-0031,近江八幡市堀上町,近江八幡市堀上町１８７－５ エスエムビル２階 ２Ａ,１８７－５ エスエムビル２階 ２Ａ,,R06/10/24,,,,東近江
美容所,ＴＡＵＰＥ（トープ）,527-0033,東近江市東沖野三丁目,東近江市東沖野三丁目９－３１,９－３１,,R06/11/13,,,,東近江
美容所,Ｍｏａ ｅｙｅｌａｓｈ／ｅｙｅｂｒｏｗ,523-0816,近江八幡市西庄町,近江八幡市西庄町１２６１－１,１２６１－１,,R06/11/22,,,,東近江
美容所,ｂｅａｕｔｙ ｓａｌｏｎ 「Ａｌａ」,529-1551,東近江市宮川町,東近江市宮川町６５７－１９３,６５７－１９３,,R06/11/20,,,,東近江
美容所,ｋｏｋｏＬｕ,523-0046,近江八幡市上野町,近江八幡市上野町１２４－３,１２４－３,,R07/01/21,,,,東近江
美容所,９０ＤＥＧＲＥＥＳ,527-0039,東近江市青葉町,東近江市青葉町１－４８ グランルミエ１Ｆ,１－４８ グランルミエ１Ｆ,株式会社図師鈴香堂,R07/02/26,,,,東近江
美容所,Ｐｌｕｍｅ,529-1443,東近江市五個荘北町屋 町,東近江市五個荘北町屋 町９５－７,９５－７,,R07/03/06,,,,東近江
美容所,ａｕｌｌａ,523-0894,近江八幡市中村町,近江八幡市中村町１－５ 片岡商会ビル１Ｆ,１－５ 片岡商会ビル１Ｆ,,R07/04/22,,,,東近江
美容所,Ｌｉｎｋ,521-1222,東近江市佐野町,東近江市佐野町５９１－７ ２F,５９１－７ ２F,,R07/04/11,,,,東近江
美容所,Ｋｕｋｕｎａ,529-1604,蒲生郡日野町村井,蒲生郡日野町村井一丁目３５,一丁目３５,,R07/04/08,,,,東近江
美容所,おしゃれハウス未来,529-1656,蒲生郡日野町増田,蒲生郡日野町増田４６２－９０,４６２－９０,,R07/04/08,,,,東近江
美容所,ｌｅｖｉ,527-0035,東近江市ひばり丘町,東近江市ひばり丘町４－２８ ｋｏｋｏｒｏ ＰｌＳＯ１０５,４－２８ ｋｏｋｏｒｏ ＰｌＳＯ１０５,,R07/04/22,,,,東近江
美容所,Ｒｅｅ Ｈａｉｒ,527-0035,東近江市ひばり丘町,東近江市ひばり丘町４－２８－１０４,４－２８－１０４,,R07/06/03,,,,東近江
美容所,ＴＵＫＩＨＩ,523-0896,近江八幡市鷹飼町北三 丁目,近江八幡市鷹飼町北三 丁目２－１０,２－１０,,R07/07/01,,,,東近江
美容所,ｌｅａｐ,523-0893,近江八幡市桜宮町,近江八幡市桜宮町２１３－１１ Ｓ．Ｌ．Ａ．Ｂ ｈｏｕｓ ｅ １Ｆ,２１３－１１ Ｓ．Ｌ．Ａ．Ｂ ｈｏｕｓ ｅ １Ｆ,,R07/09/03,,,,東近江
美容所,ＦＲＥＥＭＡＮ ＨＡＩＲ ＳＨＯＰ,527-0075,東近江市三津屋町,東近江市三津屋町２９－１０,２９－１０,,R07/08/22,,,,東近江
美容所,ｈａｕ′ｏｌｉ,527-0012,東近江市八日市本町,東近江市八日市本町２－１０ ４Ｂ,２－１０ ４Ｂ,,R07/09/29,,,,東近江
美容所,ｐｒｉｖａｔｅ ｓａｌｏｎ ＯＷＬ,523-0032,近江八幡市白鳥町,近江八幡市白鳥町８１－２ ガーデンプレイス白鳥壱番館１ ０２,８１－２ ガーデンプレイス白鳥壱番館１ ０２,,R07/10/08,,,,東近江
美容所,Ｌｉａｎ,521-1201,東近江市新宮町,東近江市新宮町３８９,３８９,,R07/12/19,,,,東近江
美容所,ＦＲＯ．,527-0051,東近江市林田町,東近江市林田町１２６１－４,１２６１－４,株式会社ＦＲＯ,R08/01/05,,,,東近江
美容所,ｃａｍｉｌｌａ,527-0038,東近江市聖徳町,東近江市聖徳町４－３５－２,４－３５－２,ＲｉＰｉ株式会社,R08/01/14,,,,東近江
美容所,ヘアーサロン ルシュ（Ｌｕｓｈｕ）,529-1414,東近江市五個荘中町,東近江市五個荘中町２８０－１１,２８０－１１,,R08/01/29,,,,東近江
美容所,ｅｓ ｌｕｍｉｎａ ｈａｉｒ ｄｅｓｉｇ ｎ,523-0891,近江八幡市鷹飼町,近江八幡市鷹飼町１６３４－１０,１６３４－１０,,R08/03/24,,,,東近江
美容所,Ｆｅｅｌ Ｆｒｅｅ,527-0124,東近江市下岸本町,東近江市下岸本町２２０－１４,２２０－１４,,R08/03/24,,,,東近江
美容所,Ｍａｉｓｏｎ Ｍａｈａｌｏ ｅｙｅｌａｓ ｈ＆ｋｉｍｏｎｏ,521-1351,近江八幡市安土町常楽 寺,近江八幡市安土町常楽 寺２４－１,２４－１,,R08/04/07,,,,東近江
美容所,Ｓｈａｃｋ,521-1211,東近江市今町,東近江市今町３４２,３４２,,R08/03/31,,,,東近江
美容所,Ｋｕｓｃｈｅｌ Ｐｈｏｔｏｇｒａｐｈｙ,523-0891,近江八幡市鷹飼町,近江八幡市鷹飼町１５５３ イーストビル２０３,１５５３ イーストビル２０３,,R08/03/31,,,,東近江
美容所,ｐｒｉｖａｔｅ ｓａｌｏｎ Ｎａｎｏｈ,521-1223,東近江市猪子町,東近江市猪子町３９０－１,３９０－１,,R08/05/22,,,,東近江
美容所,Ｅｋｏｌｕ ＨＡＩＲ ＤＥＳＩＧＮ,529-1572,東近江市桜川西町,東近江市桜川西町８０１ 第二蒲生ビル１０３号室,８０１ 第二蒲生ビル１０３号室,,R08/04/30,,,,東近江
美容所,ｋｉｉｔｏｓ,523-0818,近江八幡市西本郷町東,近江八幡市西本郷町東４－６,４－６,,R08/04/30,,,,東近江
美容所,ＨＡＩＲ ＳＡＬＯＮ ｆｕｎｋｙ ケイト,521-1321,近江八幡市安土町桑実 寺,近江八幡市安土町桑実 寺２２－３,２２－３,,R08/04/21,,,,東近江
美容所,Ｈａｉｒ Ｍａｋｅ ＳＫＵＮＫ,523-0894,近江八幡市中村町,近江八幡市中村町３－１４,３－１４,,R08/05/08,,,,東近江
美容所,Ｌｉｂｅｒｔｅ,523-0072,近江八幡市牧町,近江八幡市牧町３８３－１２,３８３－１２,,R08/05/13,,,,東近江
美容所,ｈａｉｒ ＆ ｅｙｅ ｎｏｎｎｏ,527-0016,東近江市今崎町,東近江市今崎町５１３,５１３,,R08/05/29,,,,東近江
美容所,ＥＮ,527-0232,東近江市青野町,東近江市青野町４６５５－１,４６５５－１,,R08/05/29,,,,東近江
美容所,ＨＥＵＧＥ,523-0891,近江八幡市鷹飼町,近江八幡市鷹飼町１５４６－１ 木村ビル２Ｆ,１５４６－１ 木村ビル２Ｆ,,R08/06/26,,,,東近江
美容所,ｎｕａｇｅ ｅｙｅｌａｓｈ ｓａｌｏｎ,521-1235,東近江市伊庭町,東近江市伊庭町１０１－７ コンフォート８ １０２号室,１０１－７ コンフォート８ １０２号室,,R08/07/02,,,,東近江
美容所,ＨＡＩＲ ＳＴＵＤＩＯ Ａ．Ａ．Ａ．,529-1414,東近江市五個荘中町,東近江市五個荘中町２８０－５,２８０－５,,R08/07/09,,,,東近江
美容所,Ｎｉｍａ ｓａｌｏｎ,527-0012,東近江市八日市本町,東近江市八日市本町１５－１１－３,１５－１１－３,,R08/07/24,,,,東近江
美容所,Ａｎｇｅ,522-0043,彦根市小泉町,彦根市小泉町１９－６,１９－６,,H16/07/12,,,,彦根
美容所,Ａｔｅｌｉｅｒ Ｃｈｅｄｉ,522-0033,彦根市芹川町,彦根市芹川町５７３－１８,５７３－１８,,H16/01/30,,,,彦根
美容所,ＢＥ＝ＣＨＩＣＫ,522-0047,彦根市日夏町,彦根市日夏町１８６０－４１,１８６０－４１,,H11/10/07,,,,彦根
美容所,Ｂｅａｕｔｙ Ｓａｌｏｎ ａｎ,522-0024,彦根市正法寺町,彦根市正法寺町８３４－１,８３４－１,,H19/10/25,,,,彦根
美容所,Ｂｅａｕｔｙ Ｓｈｏｐ Ｍｙｕ,522-0089,彦根市錦町,彦根市錦町７－１２,７－１２,,H11/08/19,,,,彦根
美容所,ＢＬＵＥ ＭＡＸ,522-0054,彦根市西今町,彦根市西今町３６２－３,３６２－３,,H11/01/14,,,,彦根
美容所,ＢＵＲＧ（バーグ）,522-0069,彦根市馬場一丁目,彦根市馬場一丁目３－８フラットＢｅｌ １Ｆ,３－８フラットＢｅｌ １Ｆ,,H07/11/14,,,,彦根
美容所,ｃｈａｒｍｅｄ,522-0222,彦根市南川瀬町,彦根市南川瀬町１４９８,１４９８,,H13/03/30,,,,彦根
美容所,ＣＬＵＢ ＨＡＩＲ ＴＡＧＡ,522-0341,犬上郡多賀町多賀,犬上郡多賀町多賀６５０,６５０,,S63/07/01,,,,彦根
美容所,ＣｏＣｏ，Ｍ,522-0051,彦根市中藪町,彦根市中藪町６６０－３,６６０－３,,H08/05/23,,,,彦根
美容所,ＣＯＵＲ大薮店,522-0053,彦根市大藪町,彦根市大藪町２１－２２ メゾンインペリアル１Ｆ,２１－２２ メゾンインペリアル１Ｆ,,H11/12/02,,,,彦根
美容所,ＣＲＥＳＣＥＲ（カット ハウス クレセ ル）,522-0041,彦根市平田町,彦根市平田町３９３,３９３,,H08/11/29,,,,彦根
美容所,ＥＤＳＥＬ ｈａｉｒ,522-0052,彦根市長曽根南町,彦根市長曽根南町５６３－１０,５６３－１０,,H16/10/19,,,,彦根
美容所,Ｆｌｅｕｒｓ（フルール）,522-0056,彦根市開出今町,彦根市開出今町１３９３－１６,１３９３－１６,,H20/09/25,,,,彦根
美容所,Ｈａｉｒ ＢＡＧＵＳ,522-0043,彦根市小泉町,彦根市小泉町１０３９－１６,１０３９－１６,株式会社Ｂａｇｕｒａｔｏｒｙ,H20/11/04,,,,彦根
美容所,ｈａｉｒ ｍａｋｅ ａｓｋ,522-0052,彦根市長曽根南町,彦根市長曽根南町４３５ ＡＣＴビル２Ｆ,４３５ ＡＣＴビル２Ｆ,,H20/04/18,,,,彦根
美容所,ＢＥ－ＣＨＩＣＫ・Ｐ,522-0086,彦根市後三条町,彦根市後三条町３２６－６ プレジデンスＭＩＧＵＲＩ,３２６－６ プレジデンスＭＩＧＵＲＩ,有限会社Ｄ・Ｊａｎｃｔｉｏｎ,H19/08/31,,,,彦根
美容所,ＨＡＩＲ ＭＡＫＥ ＬＩＥＮ,521-1122,彦根市三津町,彦根市三津町１５３,１５３,,H20/07/23,,,,彦根
美容所,Ｈａｉｒ ｐｌａｃｅ ｋｉｔｉ,521-1146,彦根市柳川町,彦根市柳川町２１０,２１０,,H14/10/10,,,,彦根
美容所,ＨＡＩＲ Ｑ／ｔ,522-0234,彦根市森堂町,彦根市森堂町１０－３１,１０－３１,,H15/10/27,,,,彦根
美容所,Ｈａｉｒ Ｒｅｎａｉｓｓａｎｃｅ モモ,522-0047,彦根市日夏町,彦根市日夏町７１３－１９,７１３－１９,,H04/03/02,,,,彦根
美容所,ｈａｉｒ ｒｅｓｏｒｔ ｈｉｎａｎｏ,522-0023,彦根市原町,彦根市原町１３６－３３,１３６－３３,,H20/06/17,,,,彦根
美容所,ＨＡＩＲ＆ＦＡＣＥ Ｌｏｖｅ,522-0041,彦根市平田町,彦根市平田町８０５,８０５,有限会社ラブ,H07/03/09,,,,彦根
美容所,Ｈａｉｒ／Ｍａｋｅ Ｌｅ ｍｉｅｕｘ,529-1313,愛知郡愛荘町市,愛知郡愛荘町市１４９０－５,１４９０－５,,H19/05/09,,,,彦根
美容所,ｈａｉｒ／ｍａｋｅ Ｖｉｆ,521-1131,彦根市上稲葉町,彦根市上稲葉町２０７,２０７,,H07/09/14,,,,彦根
美容所,ｈａｉｒｉｍ,522-0043,彦根市小泉町,彦根市小泉町１４－７,１４－７,,H16/02/28,,,,彦根
美容所,ＨＡＩＲ－Ｐｉｎｘ．,522-0056,彦根市開出今町,彦根市開出今町１７３３－５,１７３３－５,,H17/05/06,,,,彦根
美容所,ｈａｉｒーｓａｌｏｎ ａｘｉａ,522-0201,彦根市高宮町,彦根市高宮町１１９９ リバノースビル１Ｆ,１１９９ リバノースビル１Ｆ,,H18/06/28,,,,彦根
美容所,Ｈｅａｌｉｎｇ ｓａｌｏｎ ｉｒ２ あい あーる,522-0243,犬上郡甲良町小川原,犬上郡甲良町小川原８０８－１８,８０８－１８,,H19/01/12,,,,彦根
美容所,ｉ－ｈｏｐｅ．．,529-1311,愛知郡愛荘町石橋,愛知郡愛荘町石橋６４８,６４８,,H10/04/13,,,,彦根
美容所,Ｊ．Ａ．Ｈ Ｊ．Ａ．Ｈ,522-0043,彦根市小泉町,彦根市小泉町５９６－１ コーポ北川１０１,５９６－１ コーポ北川１０１,,H18/12/15,,,,彦根
美容所,ｍａｋｅ ｉｔ,522-0066,彦根市栄町一丁目,彦根市栄町一丁目１－４,１－４,,H15/03/18,,,,彦根
美容所,Ｍａｍａｒｒａｃｈｏ,522-0064,彦根市本町一丁目,彦根市本町一丁目１１－１９／２Ｆ,１１－１９／２Ｆ,,H14/10/08,,,,彦根
美容所,ＰＡＲＴⅡ みちよ,522-0074,彦根市大東町,彦根市大東町２－３３丸金ビル２Ｆ,２－３３丸金ビル２Ｆ,株式会社ビューティサロンみちよ,S63/07/15,,,,彦根
美容所,ｐｅｕ ａ′ｐｅｕ,522-0053,彦根市大藪町,彦根市大藪町１４１６－１,１４１６－１,,H15/05/16,,,,彦根
美容所,ｒｏｏｍ ｎｏ．７７,521-1131,彦根市上稲葉町,彦根市上稲葉町５１－３,５１－３,,H20/01/21,,,,彦根
美容所,Ｓａｌｏｎ ｄｅ ｅｌｆ,529-1303,愛知郡愛荘町長野,愛知郡愛荘町長野２０９４－８,２０９４－８,,H08/09/06,,,,彦根
美容所,Ｓａｌｏｎ Ｍａｋｏ,522-0041,彦根市平田町,彦根市平田町９３６,９３６,,H07/12/19,,,,彦根
美容所,ｓｕｎｎｙ ｄａｙｓ,522-0038,彦根市西沼波町,彦根市西沼波町１８２－１,１８２－１,,H18/06/27,,,,彦根
美容所,ｓｗｏｒｄ,522-0056,彦根市開出今町,彦根市開出今町１５１６－５５,１５１６－５５,,H16/01/19,,,,彦根
美容所,Ｔｒｅｎｔｅ Ｑｕａｔｒｅ,522-0054,彦根市西今町,彦根市西今町１２９８－１４,１２９８－１４,,H18/01/11,,,,彦根
美容所,Ｔｒｏｎｅ ＆ Ｖｏｔｅ,522-0002,彦根市松原町,彦根市松原町３７２０－１９,３７２０－１９,,H18/07/12,,,,彦根
美容所,ＷＨＩＴＥ ＦＬＡＴ,529-1331,愛知郡愛荘町愛知川,愛知郡愛荘町愛知川１５０３,１５０３,,H13/09/04,,,,彦根
美容所,ＷＩＴＨ,522-0057,彦根市八坂町,彦根市八坂町８２８－１,８２８－１,,H07/09/12,,,,彦根
美容所,Ｙ’ｓ 美容室,522-0222,彦根市南川瀬町,彦根市南川瀬町８１０,８１０,,H17/10/11,,,,彦根
美容所,アウラ,521-1123,彦根市肥田町,彦根市肥田町１００８,１００８,,H18/10/10,,,,彦根
美容所,μ．Ａｋａｎｅ,522-0041,彦根市平田町,彦根市平田町７８４－２２,７８４－２２,有限会社Ａｋａｎｅ美容室,H17/02/18,,,,彦根
美容所,アコ 美容室,522-0058,彦根市須越町,彦根市須越町１２６７,１２６７,,S42/04/21,,,,彦根
美容所,アポロ美容室,522-0004,彦根市鳥居本町,彦根市鳥居本町１６３３－２,１６３３－２,,S51/07/07,,,,彦根
美容所,アミ美容室,522-0261,犬上郡甲良町長寺,犬上郡甲良町長寺１１１,１１１,,H10/11/02,,,,彦根
美容所,アメニティスポットジャック＆ベティ,522-0002,彦根市松原町,彦根市松原町１０９７－５,１０９７－５,株式会社ビューティサロンみちよ,S63/07/20,,,,彦根
美容所,アル・ピュール スタイリッシュヘアー,522-0041,彦根市平田町,彦根市平田町９６７－５,９６７－５,,H14/11/13,,,,彦根
美容所,うおやす美容室,522-0341,犬上郡多賀町多賀,犬上郡多賀町多賀７２１,７２１,,S59/09/27,,,,彦根
美容所,エコー美容室,529-1206,愛知郡愛荘町蚊野,愛知郡愛荘町蚊野１４５０,１４５０,,S38/10/01,,,,彦根
美容所,オカ美容室,529-1223,愛知郡愛荘町島川,愛知郡愛荘町島川１２６８－４,１２６８－４,,S55/12/15,,,,彦根
美容所,おしゃれサロン しらゆきひめ,522-0047,彦根市日夏町,彦根市日夏町２７５０－１１９,２７５０－１１９,,H05/11/10,,,,彦根
美容所,おしゃれサロン ツジ,529-1166,犬上郡豊郷町上枝,犬上郡豊郷町上枝３３９,３３９,有限会社 ツジ,H08/09/30,,,,彦根
美容所,おしゃれハウス モア,521-1123,彦根市肥田町,彦根市肥田町９８１－２,９８１－２,,H07/10/25,,,,彦根
美容所,カズ美容室,522-0213,彦根市西葛籠町,彦根市西葛籠町１６０,１６０,,S47/12/23,,,,彦根
美容所,かたおか,522-0252,犬上郡甲良町金屋,犬上郡甲良町金屋７８４,７８４,,H17/06/28,,,,彦根
美容所,カットサロン イマジン,522-0007,彦根市古沢町,彦根市古沢町６７３－１,６７３－１,,H13/03/30,,,,彦根
美容所,カットサロン フィガロ,529-1314,愛知郡愛荘町中宿,愛知郡愛荘町中宿１５６／２Ｆ,１５６／２Ｆ,,H15/09/11,,,,彦根
美容所,カットハウス ＹＯＵ,529-1172,犬上郡豊郷町安食南,犬上郡豊郷町安食南１４７－８,１４７－８,,S59/09/30,,,,彦根
美容所,カットハウス チャーム,522-0002,彦根市松原一丁目,彦根市松原一丁目６－２２,６－２２,,S53/10/20,,,,彦根
美容所,カットハウス ぴらみっど,522-0041,彦根市平田町,彦根市平田町１３２,１３２,,H01/03/03,,,,彦根
美容所,カットハウス ラック,522-0041,彦根市平田町,彦根市平田町７４３－２０,７４３－２０,,H06/05/10,,,,彦根
美容所,カットハウス美保,521-1114,彦根市彦富町,彦根市彦富町１０７２,１０７２,,H11/11/10,,,,彦根
美容所,カツラ美容室,529-1321,愛知郡愛荘町豊満,愛知郡愛荘町豊満９３９,９３９,,S50/02/12,,,,彦根
美容所,カトレア美容室,522-0087,彦根市芹橋二丁目,彦根市芹橋二丁目９－１,９－１,,H14/04/11,,,,彦根
美容所,かわなみ美容室,522-0271,犬上郡甲良町下之郷,犬上郡甲良町下之郷１４３２,１４３２,,S38/06/26,,,,彦根
美容所,キヨビューティールーム,522-0085,彦根市新町,彦根市新町３１,３１,,S40/11/27,,,,彦根
美容所,クープス,522-0041,彦根市平田町,彦根市平田町６９４－１３,６９４－１３,,H13/10/26,,,,彦根
美容所,コトブキ美容室,522-0213,彦根市西葛籠町,彦根市西葛籠町４７４,４７４,,H13/02/23,,,,彦根
美容所,サチ,522-0261,犬上郡甲良町長寺,犬上郡甲良町長寺３６７,３６７,,S46/07/01,,,,彦根
美容所,サチコ美容室,521-1133,彦根市本庄町,彦根市本庄町２５３５－４,２５３５－４,,S61/04/03,,,,彦根
美容所,さつき美容室,522-0084,彦根市橋向町,彦根市橋向町１５,１５,,H01/03/23,,,,彦根
美容所,サフラン,522-0081,彦根市京町二丁目,彦根市京町二丁目７－１８,７－１８,,S46/11/27,,,,彦根
美容所,サロン・ド・ボーテ・アムール,522-0341,犬上郡多賀町多賀,犬上郡多賀町多賀３２－１０,３２－１０,,H06/10/03,,,,彦根
美容所,ジャズ大薮店,522-0041,彦根市平田町,彦根市平田町２５６,２５６,有限会社ＪＡＺＺコーポレーション,H12/03/07,,,,彦根
美容所,ジャズ美容室 京町店,522-0081,彦根市京町三丁目,彦根市京町三丁目４－５６ １Ｆ,４－５６ １Ｆ,,H12/05/18,,,,彦根
美容所,シャルム コンフォート,522-0201,彦根市高宮町,彦根市高宮町１５４３－２３,１５４３－２３,,H20/11/27,,,,彦根
美容所,スミカ美容室,522-0223,彦根市川瀬馬場町,彦根市川瀬馬場町８９５－１５,８９５－１５,,S39/06/27,,,,彦根
美容所,セツ美容院,522-0072,彦根市船町,彦根市船町１－２０,１－２０,,H13/05/24,,,,彦根
美容所,チエ美容室,522-0023,彦根市原町,彦根市原町６００－１９,６００－１９,,S53/12/15,,,,彦根
美容所,ツチダ美容室,529-1234,愛知郡愛荘町安孫子,愛知郡愛荘町安孫子７５１,７５１,,S44/07/29,,,,彦根
美容所,テレーズ美容室,529-1323,愛知郡愛荘町畑田,愛知郡愛荘町畑田１３５,１３５,,H16/06/29,,,,彦根
美容所,ニューフェイス ビューティサロン,529-1331,愛知郡愛荘町愛知川,愛知郡愛荘町愛知川１３３８－１,１３３８－１,,H18/10/23,,,,彦根
美容所,ののむら美容室,522-0053,彦根市大藪町,彦根市大藪町５１０－２２,５１０－２２,,S58/02/10,,,,彦根
美容所,のんすたいる じっく へあー,522-0041,彦根市平田町,彦根市平田町７８－１,７８－１,,H19/10/02,,,,彦根
美容所,パーマ・ハウス ウイニング,522-0024,彦根市正法寺町,彦根市正法寺町６７５－１３,６７５－１３,,H06/09/21,,,,彦根
美容所,ぱあまねんとかっとはうすべっぴんや,521-1134,彦根市田附町,彦根市田附町２０２２－２７,２０２２－２７,,H09/11/19,,,,彦根
美容所,パーマハウス くりっぷ,522-0023,彦根市原町,彦根市原町６６０－２６,６６０－２６,,S60/08/29,,,,彦根
美容所,パーミングハウス せぴあ,529-1164,犬上郡豊郷町日栄,犬上郡豊郷町日栄４８５,４８５,,S61/07/28,,,,彦根
美容所,パール美容室,522-0254,犬上郡甲良町池寺,犬上郡甲良町池寺４１６－１,４１６－１,,S41/06/28,,,,彦根
美容所,ぱる美容室,522-0054,彦根市西今町,彦根市西今町３８６－１７,３８６－１７,,H09/04/16,,,,彦根
美容所,バンビ美容室,522-0044,彦根市竹ケ鼻町,彦根市竹ケ鼻町４３－１ ビバシティ第５研修室,４３－１ ビバシティ第５研修室,株式会社二条丸八,H10/11/06,,,,彦根
美容所,ひさ美容室,522-0026,彦根市大堀町,彦根市大堀町８４４－２,８４４－２,,S62/04/28,,,,彦根
美容所,ビューティ 橘,522-0086,彦根市後三条町,彦根市後三条町５９３－１０,５９３－１０,,S54/11/09,,,,彦根
美容所,藤林美容室,521-0004,米原市磯,米原市磯１６８７,１６８７,,S34/07/25,,,,長浜
美容所,日比美容室,526-0053,長浜市宮前町,長浜市宮前町１５－４２,１５－４２,,H06/03/18,,,,長浜
美容所,八代美容室,521-0032,米原市枝折,米原市枝折１５４－１,１５４－１,,S45/10/01,,,,長浜
美容所,髪工房 ｐｅｐｅ,529-0426,長浜市木之本町黒田,長浜市木之本町黒田１２６０－５,１２６０－５,,H09/03/25,,,,長浜
美容所,美寿乃ビューティサロン,526-0844,長浜市南田附町,長浜市南田附町３００－１８,３００－１８,,H16/06/14,,,,長浜
美容所,美容 マルヤマ,529-0241,長浜市高月町高月,長浜市高月町高月１０２,１０２,,S53/11/16,,,,長浜
美容所,美容室 ＲＵＢＹ,526-0242,長浜市三田町,長浜市三田町９２０,９２０,,H08/12/18,,,,長浜
美容所,美容室 Ｗｉｔｈ…,526-0847,長浜市山階町,長浜市山階町４５５－２６,４５５－２６,,H15/12/10,,,,長浜
美容所,美容室 アイ,521-0072,米原市顔戸,米原市顔戸１３６８－１６,１３６８－１６,,H03/08/01,,,,長浜
美容所,美容室 アキヤマ,529-0144,長浜市大寺町,長浜市大寺町８６３,８６３,,S57/06/07,,,,長浜
美容所,美容室 あさみ,526-0802,長浜市東上坂町,長浜市東上坂町１０９５,１０９５,,S62/08/25,,,,長浜
美容所,美容室 セーヌ,521-0061,米原市長沢,米原市長沢１０７７,１０７７,,H06/10/20,,,,長浜
美容所,美容室 セシル,521-0231,米原市村居田,米原市村居田１５３－１,１５３－１,,H02/05/08,,,,長浜
美容所,美容室 バサラ,526-0032,長浜市南高田町,長浜市南高田町８０－７,８０－７,,H01/09/22,,,,長浜
美容所,美容室 はつよ,529-0414,長浜市木之本町川合,長浜市木之本町川合１８８,１８８,,S51/04/02,,,,長浜
美容所,美容室 ほまれ,521-0093,米原市寺倉,米原市寺倉６１８－４,６１８－４,,S54/11/19,,,,長浜
美容所,美容室 ゆり,526-0052,長浜市神前町,長浜市神前町１０－２７,１０－２７,,S50/02/04,,,,長浜
美容所,美容室 ラ・ムール,526-0024,長浜市三ツ矢元町,長浜市三ツ矢元町２５－２３,２５－２３,,H12/03/29,,,,長浜
美容所,美容室 レイ,526-0032,長浜市南高田町,長浜市南高田町５２－７,５２－７,有限会社美容室レイ,S58/11/11,,,,長浜
美容所,美容室「すぎむら」,526-0064,長浜市殿町,長浜市殿町１－２３,１－２３,,H06/03/29,,,,長浜
美容所,美容室ｔｏｍａｔｏ,526-0033,長浜市平方町,長浜市平方町１１８３－６,１１８３－６,,H15/04/03,,,,長浜
美容所,美容室ＹＵＫＩ,526-0055,長浜市三和町,長浜市三和町５－５,５－５,,H13/12/10,,,,長浜
美容所,美容室えむ,529-0426,長浜市木之本町黒田,長浜市木之本町黒田７８５－５,７８５－５,,H14/01/28,,,,長浜
美容所,美容室ビートル 長浜店,526-0847,長浜市山階町,長浜市山階町４５５－３１,４５５－３１,株式会社ｈ＆ｂ,H14/03/19,,,,長浜
美容所,布美容室,521-0035,米原市醒井,米原市醒井６２０－２,６２０－２,,H09/06/20,,,,長浜
美容所,平井美容院,521-0202,米原市柏原,米原市柏原９５３,９５３,,S33/12/01,,,,長浜
美容所,平岡美容室,526-0022,長浜市中山町,長浜市中山町６－２３,６－２３,,H15/03/18,,,,長浜
美容所,北川美容室,521-0081,米原市多和田,米原市多和田１５４４,１５４４,,S54/06/16,,,,長浜
美容所,北方美容院,521-0217,米原市北方,米原市北方１０８９,１０８９,,S51/12/09,,,,長浜
美容所,本庄美容室,526-0804,長浜市加納町,長浜市加納町３５３－６,３５３－６,,S56/09/10,,,,長浜
美容所,和恵美容院,521-0202,米原市柏原,米原市柏原４７７－３,４７７－３,,S39/06/01,,,,長浜
美容所,ｍａｃｈｏ ｈａｉｒ,529-0341,長浜市湖北町速水,長浜市湖北町速水２８６２－１,２８６２－１,,H21/04/30,,,,長浜
美容所,ＨＡＩＲ ＳＰＩＲＩＴ ＷＯＲＫＳ,526-0831,長浜市宮司町,長浜市宮司町８２１－５６,８２１－５６,,H21/05/19,,,,長浜
美容所,Ｈａｉｒ ｓａｌｏｎ ＤＯＬＬ,526-0014,長浜市口分田町,長浜市口分田町４００－１４,４００－１４,,H21/08/07,,,,長浜
美容所,ノリー美容室,526-0244,長浜市内保町,長浜市内保町２９３－５,２９３－５,,H21/08/28,,,,長浜
美容所,ｂｅａｕｌａｈ,526-0033,長浜市平方町,長浜市平方町３９８－１０,３９８－１０,,H21/12/09,,,,長浜
美容所,ビューティ 山田,521-1114,彦根市彦富町,彦根市彦富町３４８－３,３４８－３,,S57/02/10,,,,彦根
美容所,ビューティー 茉莉花,522-0064,彦根市本町二丁目,彦根市本町二丁目８－２０ラヴィール２Ｆ,８－２０ラヴィール２Ｆ,,H07/03/09,,,,彦根
美容所,ビューティーサロン あいね,522-0053,彦根市大藪町,彦根市大藪町２０３４－６,２０３４－６,,S58/06/16,,,,彦根
美容所,ビューティーサロン ケイ,522-0053,彦根市大藪町,彦根市大藪町５１３－８,５１３－８,,S52/03/26,,,,彦根
美容所,ビューティーサロン プリンセス,521-1123,彦根市肥田町,彦根市肥田町９５５－８,９５５－８,,S51/07/28,,,,彦根
美容所,ビューティーサロンモリノ,521-1126,彦根市服部町,彦根市服部町３２７,３２７,,S59/07/01,,,,彦根
美容所,ビューティサロン ぎんぱ,522-0065,彦根市池州町,彦根市池州町１０－１,１０－１,,H08/08/06,,,,彦根
美容所,ビューティサロン ハルミ,522-0042,彦根市戸賀町,彦根市戸賀町１３８－２,１３８－２,,S56/06/06,,,,彦根
美容所,ビューティサロン ピエロ,522-0352,犬上郡多賀町久徳,犬上郡多賀町久徳１８１－１,１８１－１,,S59/05/20,,,,彦根
美容所,ビューティサロン ピューア,522-0042,彦根市戸賀町,彦根市戸賀町１００－１５,１００－１５,,S59/03/03,,,,彦根
美容所,ビューティサロン ユタカ,522-0263,犬上郡甲良町法養寺,犬上郡甲良町法養寺１８０－７,１８０－７,,S50/07/02,,,,彦根
美容所,ビューティサロン 悦子,522-0041,彦根市平田町,彦根市平田町４２２－１２,４２２－１２,,S61/02/02,,,,彦根
美容所,ビューティサロン 柿の木,529-1237,愛知郡愛荘町西出,愛知郡愛荘町西出１１１,１１１,,S63/12/09,,,,彦根
美容所,ビューティプラザ ミソラ,522-0063,彦根市中央町,彦根市中央町１－２１,１－２１,株式会社ミソラビューティルーム,S58/01/10,,,,彦根
美容所,ビューティメディカルサロンサニー,522-0052,彦根市長曽根南町,彦根市長曽根南町４８７－５,４８７－５,,H09/08/26,,,,彦根
美容所,ヒロセ美容室 秦荘店,529-1233,愛知郡愛荘町東出,愛知郡愛荘町東出５０５－１,５０５－１,株式会社ヒロセホールディングス,S62/02/11,,,,彦根
美容所,ヒロセ美容室 本店,529-1313,愛知郡愛荘町市,愛知郡愛荘町市１７０５－１,１７０５－１,株式会社ｈ＆ｂ,H15/04/28,,,,彦根
美容所,ヒロ美容室,522-0053,彦根市大藪町,彦根市大藪町１６８３,１６８３,,S40/03/08,,,,彦根
美容所,ファミリー美容室,522-0002,彦根市松原町,彦根市松原町１７５９－７２,１７５９－７２,,S53/11/21,,,,彦根
美容所,ブブ＆プライベートジャズ,522-0081,彦根市京町三丁目,彦根市京町三丁目５－３７,５－３７,,H17/02/04,,,,彦根
美容所,フリーク美容室,521-1113,彦根市稲部町,彦根市稲部町６８,６８,,H03/05/20,,,,彦根
美容所,フルカワ美容室,522-0004,彦根市鳥居本町,彦根市鳥居本町２２４５,２２４５,,S43/12/27,,,,彦根
美容所,ヘア＆フェイス 美容室マミ,522-0201,彦根市高宮町,彦根市高宮町１３１９,１３１９,,H12/01/04,,,,彦根
美容所,ヘアー キュービック ゼン,522-0002,彦根市松原町,彦根市松原町３６７９－１７,３６７９－１７,,H17/03/01,,,,彦根
美容所,ヘアークリニック マインド,522-0002,彦根市松原町,彦根市松原町３６１３－３,３６１３－３,,H06/02/17,,,,彦根
美容所,ヘアーサロン ちづみ,522-0243,犬上郡甲良町小川原,犬上郡甲良町小川原８１４－１３,８１４－１３,,H18/10/16,,,,彦根
美容所,ヘアーサロン ノン,522-0043,彦根市小泉町,彦根市小泉町３００－２９ 南彦根駅前会館１０１号,３００－２９ 南彦根駅前会館１０１号,,H20/10/01,,,,彦根
美容所,ヘアーサロン マツモト,522-0236,彦根市犬方町,彦根市犬方町８４０－１,８４０－１,,H14/06/19,,,,彦根
美容所,ヘアースポット ヒロコ,522-0051,彦根市中藪町,彦根市中藪町７５４－２３,７５４－２３,,H08/04/01,,,,彦根
美容所,ヘアーメイク クール,522-0063,彦根市中央町,彦根市中央町７－４７ １Ｆ,７－４７ １Ｆ,,H19/04/04,,,,彦根
美容所,ヘアーメイク グラディー,522-0053,彦根市大藪町,彦根市大藪町２４５８－１,２４５８－１,,H09/11/11,,,,彦根
美容所,ヘアーロマンド Ｋ,522-0201,彦根市高宮町,彦根市高宮町１２２１－１,１２２１－１,,H13/04/24,,,,彦根
美容所,ポパイとオリーブ,522-0024,彦根市正法寺町,彦根市正法寺町８１－４,８１－４,,H03/03/06,,,,彦根
美容所,まつい美容室,522-0003,彦根市宮田町,彦根市宮田町１２６,１２６,,S56/07/07,,,,彦根
美容所,みづの美容室,522-0083,彦根市河原二丁目,彦根市河原二丁目４－９,４－９,,H11/11/10,,,,彦根
美容所,ミツワ美容院,522-0252,犬上郡甲良町金屋,犬上郡甲良町金屋１１５－１,１１５－１,,S45/12/03,,,,彦根
美容所,ミニーマウス,522-0047,彦根市日夏町,彦根市日夏町１７７６－７８,１７７６－７８,,S63/12/05,,,,彦根
美容所,ミューズ,522-0052,彦根市長曽根南町,彦根市長曽根南町５１５－１０,５１５－１０,,H20/04/07,,,,彦根
美容所,みゆき美容室,522-0201,彦根市高宮町,彦根市高宮町２２３４,２２３４,,S40/06/01,,,,彦根
美容所,モダン美容室,529-1331,愛知郡愛荘町愛知川,愛知郡愛荘町愛知川１３１１－４,１３１１－４,,H02/04/10,,,,彦根
美容所,もとや美容室,529-1311,愛知郡愛荘町石橋,愛知郡愛荘町石橋６１８,６１８,,S43/12/20,,,,彦根
美容所,ヤサカ美容室,522-0354,犬上郡多賀町土田,犬上郡多賀町土田６３８,６３８,,S41/09/17,,,,彦根
美容所,ユー美容室,522-0261,犬上郡甲良町長寺,犬上郡甲良町長寺５２３－３,５２３－３,,H02/03/17,,,,彦根
美容所,ユリ美容室 本店,529-1331,愛知郡愛荘町愛知川,愛知郡愛荘町愛知川７－５,７－５,,H17/05/06,,,,彦根
美容所,ヨウコ美容室,522-0053,彦根市大藪町,彦根市大藪町５１－６１,５１－６１,,S53/05/13,,,,彦根
美容所,リリー美容室,522-0041,彦根市平田町,彦根市平田町７７６－３,７７６－３,,S50/09/01,,,,彦根
美容所,ルミ美容室,522-0024,彦根市正法寺町,彦根市正法寺町１４－４１,１４－４１,,H03/07/29,,,,彦根
美容所,レイメイ美容室,522-0072,彦根市船町,彦根市船町６－２８,６－２８,,H02/12/12,,,,彦根
美容所,レイメイ美容室,522-0063,彦根市中央町,彦根市中央町７－４４,７－４４,,S51/07/28,,,,彦根
美容所,安佛美容室,521-1145,彦根市南三ツ谷町,彦根市南三ツ谷町１６５０－５,１６５０－５,,S45/11/04,,,,彦根
美容所,稲枝美容室,521-1125,彦根市稲枝町,彦根市稲枝町２９０,２９０,,S28/02/26,,,,彦根
美容所,羽田 美容室 （ＣＯＭＩＮＧＯＵＴ）,529-1314,愛知郡愛荘町中宿,愛知郡愛荘町中宿１１６,１１６,,H13/01/05,,,,彦根
美容所,悦 美容室,522-0007,彦根市古沢町,彦根市古沢町９４,９４,,S41/12/15,,,,彦根
美容所,園 美容室,522-0243,犬上郡甲良町小川原,犬上郡甲良町小川原７９８－２,７９８－２,,S50/04/05,,,,彦根
美容所,アデランス彦根,522-0073,彦根市旭町,彦根市旭町７－１７ 近澤ビル６Ｆ,７－１７ 近澤ビル６Ｆ,株式会社アデランス,H18/02/22,,,,彦根
美容所,株式会社ミソラビューティルームサロン ド クール,522-0074,彦根市大東町,彦根市大東町６－２２アイデールビル２Ｆ,６－２２アイデールビル２Ｆ,株式会社ミソラビューティルーム,H07/04/17,,,,彦根
美容所,吉岡美容室,529-1212,愛知郡愛荘町元持,愛知郡愛荘町元持４２５,４２５,,S50/09/04,,,,彦根
美容所,建本美容室,522-0064,彦根市本町一丁目,彦根市本町一丁目３－２５,３－２５,,S30/10/27,,,,彦根
美容所,古川美容室,522-0083,彦根市河原二丁目,彦根市河原二丁目２－９,２－９,,H07/06/13,,,,彦根
美容所,幸 美容室,522-0004,彦根市鳥居本町,彦根市鳥居本町１８６７－４,１８６７－４,,H19/04/19,,,,彦根
美容所,姉妹美容室,522-0242,犬上郡甲良町尼子,犬上郡甲良町尼子１４１６,１４１６,,S38/06/01,,,,彦根
美容所,七里香,522-0047,彦根市日夏町,彦根市日夏町３８５４,３８５４,,H20/03/19,,,,彦根
美容所,松宮美容室,522-0341,犬上郡多賀町多賀,犬上郡多賀町多賀７１４,７１４,,S55/02/08,,,,彦根
美容所,仁保美容院,522-0031,彦根市芹中町,彦根市芹中町５２,５２,,S44/05/27,,,,彦根
美容所,双葉美容室,522-0051,彦根市中藪町,彦根市中藪町６２１－１１,６２１－１１,,H15/10/10,,,,彦根
美容所,大地,522-0047,彦根市日夏町,彦根市日夏町１５０５－１,１５０５－１,,H18/02/23,,,,彦根
美容所,田部美容室,522-0081,彦根市京町一丁目,彦根市京町一丁目３－４５,３－４５,,S29/10/08,,,,彦根
美容所,藤内美容室,522-0324,犬上郡多賀町川相,犬上郡多賀町川相３２９,３２９,,S43/04/17,,,,彦根
美容所,髪工房,522-0055,彦根市野瀬町,彦根市野瀬町１５０－９,１５０－９,,H09/04/10,,,,彦根
美容所,ＫＡＭＩＤＯＫＯＲＯ,522-0066,彦根市栄町二丁目,彦根市栄町二丁目２－６,２－６,,H08/09/06,,,,彦根
美容所,琵琶陣本店,522-0086,彦根市後三条町,彦根市後三条町４８６－５,４８６－５,,S54/12/05,,,,彦根
美容所,美装,522-0044,彦根市竹ケ鼻町,彦根市竹ケ鼻町４３－１ビバシティ第４研修室,４３－１ビバシティ第４研修室,,H08/11/01,,,,彦根
美容所,美容サロン 伊夫気,522-0052,彦根市長曽根南町,彦根市長曽根南町５０１－１５,５０１－１５,,H03/10/01,,,,彦根
美容所,美容室 Ｃａｎｄｙ,522-0047,彦根市日夏町,彦根市日夏町２７５０－１０８,２７５０－１０８,,H09/12/16,,,,彦根
美容所,美容室 ＢＬＡＣＫ,522-0041,彦根市平田町,彦根市平田町７２０－１,７２０－１,,H18/09/14,,,,彦根
美容所,美容室 ＣＬＵＢ－ＤＪ,522-0041,彦根市平田町,彦根市平田町２９２－６ 中村ビル１Ｆ,２９２－６ 中村ビル１Ｆ,,H05/03/26,,,,彦根
美容所,美容室 ｅｉＭ,522-0088,彦根市銀座町,彦根市銀座町６－９,６－９,,H16/03/09,,,,彦根
美容所,美容室 Ｆｉｎｅ,529-1208,愛知郡愛荘町竹原,愛知郡愛荘町竹原１０４２－２,１０４２－２,,H18/04/18,,,,彦根
美容所,美容室 ＧＥＴ ＵＰ,522-0222,彦根市南川瀬町,彦根市南川瀬町１４４０－１５,１４４０－１５,,H10/04/10,,,,彦根
美容所,美容室 ＫＥＩＺＯ,522-0041,彦根市平田町,彦根市平田町２０９－１,２０９－１,,H19/06/27,,,,彦根
美容所,美容室 ＭＯＬＴＩ,522-0024,彦根市正法寺町,彦根市正法寺町４７０－３８,４７０－３８,,H12/09/20,,,,彦根
美容所,美容室 ＯＲＯ,522-0201,彦根市高宮町,彦根市高宮町１３３３－２,１３３３－２,,H19/01/22,,,,彦根
美容所,美容室 Ｐａｓｓｉｏｎ,522-0041,彦根市平田町,彦根市平田町５１１,５１１,,H02/07/02,,,,彦根
美容所,美容室Ｒｉｎ,529-1208,愛知郡愛荘町竹原,愛知郡愛荘町竹原１０１３－２,１０１３－２,,H17/03/01,,,,彦根
美容所,美容室 ＴＯＰ,522-0238,彦根市広野町,彦根市広野町６６－３,６６－３,,S62/02/08,,,,彦根
美容所,美容室 キラ,529-1169,犬上郡豊郷町石畑,犬上郡豊郷町石畑３２９－８,３２９－８,,H15/06/27,,,,彦根
美容所,美容室 きるきる,522-0052,彦根市長曽根南町,彦根市長曽根南町５５７,５５７,,H15/10/10,,,,彦根
美容所,美容室 シンフォニー,522-0069,彦根市馬場二丁目,彦根市馬場二丁目１－１ カインズモールベイシア内,１－１ カインズモールベイシア内,有限会社シンフォニー,H19/10/10,,,,彦根
美容所,美容室 ひきだ,522-0201,彦根市高宮町,彦根市高宮町１１６８,１１６８,,S41/12/24,,,,彦根
美容所,美容室 プランタン,522-0201,彦根市高宮町,彦根市高宮町１３１０－２９,１３１０－２９,,S55/04/03,,,,彦根
美容所,美容室 マニッシュ,522-0074,彦根市大東町,彦根市大東町２－４１,２－４１,有限会社 ビューエスワイエス企画,H02/10/23,,,,彦根
美容所,美容室 ミュウ,522-0057,彦根市八坂町,彦根市八坂町１３１３,１３１３,,H07/02/17,,,,彦根
美容所,美容室 ミューズ,522-0053,彦根市大藪町,彦根市大藪町１３－６,１３－６,,S62/10/09,,,,彦根
美容所,美容室 モンロー,522-0052,彦根市長曽根南町,彦根市長曽根南町５０１－３９,５０１－３９,,H08/11/06,,,,彦根
美容所,美容室 紫季,529-1223,愛知郡愛荘町島川,愛知郡愛荘町島川４８４－２,４８４－２,,H13/11/28,,,,彦根
美容所,美容室 蘭,522-0047,彦根市日夏町,彦根市日夏町１７７６－１５６,１７７６－１５６,,S63/10/08,,,,彦根
美容所,美容室あすか,522-0046,彦根市甘呂町,彦根市甘呂町９４６,９４６,,H10/11/13,,,,彦根
美容所,美容室アート,522-0088,彦根市銀座町,彦根市銀座町６－９,６－９,,H13/05/30,,,,彦根
美容所,美容室うの,529-1206,愛知郡愛荘町蚊野,愛知郡愛荘町蚊野１５７０,１５７０,,H07/10/30,,,,彦根
美容所,美容室コバヤシ,529-1171,犬上郡豊郷町安食西,犬上郡豊郷町安食西７９１,７９１,,H09/08/08,,,,彦根
美容所,彦根創寫舘美容室,522-0073,彦根市旭町,彦根市旭町８－２５,８－２５,ワタベウェディング株式会社,H08/09/26,,,,彦根
美容所,舞妓美容室,522-0201,彦根市高宮町,彦根市高宮町２９２６,２９２６,,S56/10/29,,,,彦根
美容所,楓 美容室,522-0342,犬上郡多賀町敏満寺,犬上郡多賀町敏満寺２０２,２０２,,H20/08/06,,,,彦根
美容所,有限会社ピエロ ｐｅａｕ ｓｏｕｐｌｅ,522-0201,彦根市高宮町,彦根市高宮町１５５５－１,１５５５－１,有限会社ピエロ,H14/11/01,,,,彦根
美容所,来里亜,522-0081,彦根市京町三丁目,彦根市京町三丁目１－２１,１－２１,,H16/01/27,,,,彦根
美容所,Ｃａｒｎｉｖａｌ,522-0201,彦根市高宮町,彦根市高宮町２０６７－８,２０６７－８,,H21/01/26,,,,彦根
美容所,Ｂｅａｍ－Ｚ,522-0222,彦根市南川瀬町,彦根市南川瀬町１５１８－１６,１５１８－１６,,H20/12/17,,,,彦根
美容所,ｃｏｃｏｒｏ －Hair－,529-1234,愛知郡愛荘町安孫子,愛知郡愛荘町安孫子８３６－２７,８３６－２７,,H21/03/27,,,,彦根
美容所,ヘアーサロン ミワ,521-1133,彦根市本庄町,彦根市本庄町２５３３,２５３３,,H21/05/11,,,,彦根
美容所,美容サミット,522-0201,彦根市高宮町,彦根市高宮町１５５１－４,１５５１－４,,H21/04/28,,,,彦根
美容所,アソラート,522-0086,彦根市後三条町,彦根市後三条町６１８－１,６１８－１,,H21/05/01,,,,彦根
美容所,ＨＡＩＲ’Ｓ ＺＩＰ,522-0223,彦根市川瀬馬場町,彦根市川瀬馬場町９５７－４,９５７－４,,H21/08/04,,,,彦根
美容所,Ｈａｉｒ ＭｉＭＰｉ,522-0201,彦根市高宮町,彦根市高宮町１４１８－１ ウェルス森１０１,１４１８－１ ウェルス森１０１,有限会社Ｃａｎｔｉｋ,H21/08/24,,,,彦根
美容所,エイティ プラス,522-0043,彦根市小泉町,彦根市小泉町３００－１４,３００－１４,,H21/09/08,,,,彦根
美容所,ブルーム・ヘアーリゾート,522-0004,彦根市鳥居本町,彦根市鳥居本町１６１７,１６１７,,H21/11/20,,,,彦根
美容所,美容室ラベンダー,522-0087,彦根市芹橋一丁目,彦根市芹橋一丁目１－４１,１－４１,,H21/12/21,,,,彦根
美容所,石原美容室,522-0068,彦根市城町一丁目,彦根市城町一丁目１－７３－３０６,１－７３－３０６,,H22/01/05,,,,彦根
美容所,美容室 ジェリーフィッシュ,522-0054,彦根市西今町,彦根市西今町９１９－１８,９１９－１８,,H22/01/27,,,,彦根
美容所,Ｌｅｅ・ｍａ,522-0064,彦根市本町一丁目,彦根市本町一丁目１１－１９ ２Ｆ,１１－１９ ２Ｆ,,H22/03/12,,,,彦根
美容所,Ｊ－ｈａｉｒ,522-0041,彦根市平田町,彦根市平田町２９２－１６,２９２－１６,,H22/03/26,,,,彦根
美容所,ＡＬＴＥＲＥＧＯ,522-0047,彦根市日夏町,彦根市日夏町８２２－７,８２２－７,,H22/04/23,,,,彦根
美容所,ｒａｕｌｅ’ａ,521-1123,彦根市肥田町,彦根市肥田町１０１０－１ アルファヴィラ２Ｆ,１０１０－１ アルファヴィラ２Ｆ,,H22/05/20,,,,彦根
美容所,スタジオ エターナル,522-0041,彦根市平田町,彦根市平田町４２１ Ｎａｓｕ１ビル３Ｆ,４２１ Ｎａｓｕ１ビル３Ｆ,,H22/10/14,,,,彦根
美容所,ｗｈｏｌｅ９（ウォール ナイン）,522-0033,彦根市芹川町,彦根市芹川町１２１２－６,１２１２－６,,H22/10/26,,,,彦根
美容所,ヘナ・サロン チャキ,522-0213,彦根市西葛籠町,彦根市西葛籠町１９９－１,１９９－１,,H22/12/14,,,,彦根
美容所,ヘアーサロン ノン,522-0054,彦根市西今町,彦根市西今町８７－７,８７－７,,H23/01/19,,,,彦根
美容所,ｇｒａｐｐｅ,522-0054,彦根市西今町,彦根市西今町８５０－３８,８５０－３８,,H23/04/25,,,,彦根
美容所,ｈａｉｒ ｒｏｏｍ ＨｉＮｏＫａ,522-0067,彦根市長曽根町,彦根市長曽根町５－２－２３,５－２－２３,,H23/04/22,,,,彦根
美容所,しが美容,522-0047,彦根市日夏町,彦根市日夏町１７１１－２６,１７１１－２６,港屋ハウジング株式会社,H23/04/26,,,,彦根
美容所,ヒロセ美容室 愛知川本店 はなれ,529-1313,愛知郡愛荘町市,愛知郡愛荘町市１７０７－６,１７０７－６,株式会社Ｄｏ，プラン,H23/05/02,,,,彦根
美容所,カットハウス・ＳＥＮＡＲＩＭＩ,522-0004,彦根市鳥居本町,彦根市鳥居本町２４１５,２４１５,,H23/07/25,,,,彦根
美容所,ｄｒｅｓｓ ｈａｉｒ,522-0222,彦根市南川瀬町,彦根市南川瀬町１６５１－５,１６５１－５,,H23/10/03,,,,彦根
美容所,Ｃｈｅｒｉ,522-0043,彦根市小泉町,彦根市小泉町９４８,９４８,,H23/10/06,,,,彦根
美容所,Ｈａｉｒ ｃｏｌｏｒ ｓａｌｏｎ Ｏｒａ ｎｇｅ,522-0043,彦根市小泉町,彦根市小泉町６７３－３,６７３－３,,H24/03/12,,,,彦根
美容所,ｇeｒｂｅｒａ,522-0052,彦根市長曽根南町,彦根市長曽根南町３７８－２２,３７８－２２,,H24/03/16,,,,彦根
美容所,Ｈａｉｒ Ｄｅｓｉｇｎ Ｃｕｒｅａ,522-0029,彦根市地蔵町,彦根市地蔵町９０－５,９０－５,,H24/04/11,,,,彦根
美容所,髪染本舗 彦根後三条店,522-0086,彦根市後三条町,彦根市後三条町３２７－１,３２７－１,,H24/06/13,,,,彦根
美容所,彦根ビューホテル美粧室,522-0002,彦根市松原町,彦根市松原町１４３５－９１,１４３５－９１,,H24/08/03,,,,彦根
美容所,Ｈａｉｒ ＩＲＩＥ,522-0027,彦根市東沼波町,彦根市東沼波町７８３－６,７８３－６,,H24/11/13,,,,彦根
美容所,ｃｉｌｓ,521-1136,彦根市新海浜二丁目,彦根市新海浜二丁目４－１８,４－１８,,H24/11/20,,,,彦根
美容所,ｈｕｍｍｉｎｇ ｂｉｒｄ,522-0064,彦根市本町一丁目,彦根市本町一丁目１０－１４,１０－１４,,H24/12/10,,,,彦根
美容所,ひろ,522-0041,彦根市平田町,彦根市平田町８９２－９,８９２－９,,H24/12/17,,,,彦根
美容所,Ｋｅｉｚｏ,521-1131,彦根市上稲葉町,彦根市上稲葉町１６１－６,１６１－６,株式会社Ｋｅｉｚｏ,H25/01/17,,,,彦根
美容所,ひとみ,522-0236,彦根市犬方町,彦根市犬方町８５３－４２,８５３－４２,,H25/02/07,,,,彦根
美容所,ヘアーロマンドＫ,522-0201,彦根市高宮町,彦根市高宮町１４８９,１４８９,,H25/02/18,,,,彦根
美容所,ＪＡＺＺ,522-0044,彦根市竹ケ鼻町,彦根市竹ケ鼻町１２４－３ プレステージⅠ,１２４－３ プレステージⅠ,,H25/03/15,,,,彦根
美容所,ｍｅｒｃｉｂｅａｕｃｏｕｐ★,529-1331,愛知郡愛荘町愛知川,愛知郡愛荘町愛知川４０,４０,,H25/04/02,,,,彦根
美容所,Ｃｈｕｌａ Ｇｒａｃｅ,522-0041,彦根市平田町,彦根市平田町１３２－７,１３２－７,,H25/06/18,,,,彦根
美容所,ＦＲＯＧ,522-0024,彦根市正法寺町,彦根市正法寺町５００－５４,５００－５４,,H25/08/30,,,,彦根
美容所,Ｄｕ・Ｒｅｖｅ,522-0054,彦根市西今町,彦根市西今町７７５－３７,７７５－３７,,H25/10/24,,,,彦根
美容所,美容プラージュ イオンタウン彦根店,522-0007,彦根市古沢町,彦根市古沢町２５５－１,２５５－１,阪南理美容株式会社,H25/10/18,,,,彦根
美容所,クイックカラーＱ パリヤ店,522-0052,彦根市長曽根南町,彦根市長曽根南町４７２－２,４７２－２,株式会社せんしゅう,H25/10/30,,,,彦根
美容所,桜梅桃李,522-0201,彦根市高宮町,彦根市高宮町２５９０－１５,２５９０－１５,,H25/11/14,,,,彦根
美容所,ｃｈｏｕｃｈｏｕ Ｈａｉｒ,529-1311,愛知郡愛荘町石橋,愛知郡愛荘町石橋６６４,６６４,,H26/02/21,,,,彦根
美容所,ＳＥＰＴ ＮＡＩＬ 彦根店,522-0075,彦根市佐和町,彦根市佐和町６－１５ 文教本社ビル２階,６－１５ 文教本社ビル２階,株式会社ＳＥＰＴ,H26/02/14,,,,彦根
美容所,ステラ美容室,522-0075,彦根市佐和町,彦根市佐和町５－３９,５－３９,,H26/05/12,,,,彦根
美容所,ｂａｌｕ－ｂａｌｕ ｈａｉｒ,522-0056,彦根市開出今町,彦根市開出今町１５８８－２,１５８８－２,,H26/08/26,,,,彦根
美容所,ＨＡＩＲ ＳＴＵＤＩＯ ＩＷＡＳＡＫＩ,522-0055,彦根市野瀬町,彦根市野瀬町１６８,１６８,株式会社ハクブン,H26/11/14,,,,彦根
美容所,Ｂｒａｎｃｈ,522-0317,犬上郡多賀町一円,犬上郡多賀町一円１８９,１８９,,H26/12/01,,,,彦根
美容所,ＡＲＴＩＳＴＡ ＨＡＩＲ,522-0075,彦根市佐和町,彦根市佐和町１－１５,１－１５,,H27/02/02,,,,彦根
美容所,ナカジマ美容室,521-1143,彦根市上西川町,彦根市上西川町５６７,５６７,,H27/02/23,,,,彦根
美容所,ｌ’Ａｕｂｅ,522-0052,彦根市長曽根南町,彦根市長曽根南町５１９－４,５１９－４,,H27/02/20,,,,彦根
美容所,トータルプライベートサロン シャンテル,522-0032,彦根市芹町,彦根市芹町２－７,２－７,株式会社シャンテル,H27/03/03,,,,彦根
美容所,ソルティ★ドッグ,522-0244,犬上郡甲良町在士,犬上郡甲良町在士４８３－６,４８３－６,,H27/03/26,,,,彦根
美容所,ビューティ吉岡,522-0072,彦根市船町,彦根市船町３－１４,３－１４,,H27/04/07,,,,彦根
美容所,ＲＩＴＯ ｋｉ６２６ｍｉ,522-0041,彦根市平田町,彦根市平田町６７８－１４,６７８－１４,,H27/06/09,,,,彦根
美容所,ＣＲＡＮＺ 彦根店,522-0010,彦根市駅東町,彦根市駅東町１９－３ マリアージュ彦根玉姫殿内,１９－３ マリアージュ彦根玉姫殿内,株式会社ＣＲＡＮＺ,H27/08/31,,,,彦根
美容所,ｔｏｔｔｅ,522-0053,彦根市大藪町,彦根市大藪町５１－１６１,５１－１６１,,H27/10/02,,,,彦根
美容所,ｙｕｎ,529-1311,愛知郡愛荘町石橋,愛知郡愛荘町石橋６６４,６６４,,H27/10/28,,,,彦根
美容所,ｉｌａ ｍｏｋｕｒｅｎ,522-0065,彦根市池州町,彦根市池州町４－１５,４－１５,,H27/11/06,,,,彦根
美容所,森森の美容室,522-0232,彦根市蓮台寺町,彦根市蓮台寺町５０－４４,５０－４４,,H27/11/17,,,,彦根
美容所,ｔｅｔｏｋｅ,522-0026,彦根市大堀町,彦根市大堀町５０３－５,５０３－５,,H27/11/27,,,,彦根
美容所,アートネイチャー彦根店（美容）,522-0074,彦根市大東町,彦根市大東町５－１２ ＵＫＡＩビル３Ｆ,５－１２ ＵＫＡＩビル３Ｆ,株式会社アートネイチャー,H28/01/26,,,,彦根
美容所,Ｆｌａｒｅ Ｍ,529-1312,愛知郡愛荘町川久保,愛知郡愛荘町川久保５６－１,５６－１,,H28/03/03,,,,彦根
美容所,Ｆｌａｒｅ Ｋ,529-1312,愛知郡愛荘町川久保,愛知郡愛荘町川久保５６－１,５６－１,,H28/03/03,,,,彦根
美容所,カットコムズ彦根,522-0044,彦根市竹ケ鼻町,彦根市竹ケ鼻町４３－２ビバシティ彦根店内１Ｆ,４３－２ビバシティ彦根店内１Ｆ,,H28/03/22,,,,彦根
美容所,Ｊａｚｚ Ｓｉｌｖｅｒ Ｂａｃｋ,522-0007,彦根市古沢町,彦根市古沢町２０６－１－５,２０６－１－５,,H28/05/13,,,,彦根
美容所,ヘアーサロン ＬＩＺ,522-0047,彦根市日夏町,彦根市日夏町２０５１,２０５１,,H28/07/01,,,,彦根
美容所,ヘアースタジオＩＷＡＳＡＫＩ 高宮店,522-0201,彦根市高宮町,彦根市高宮町１３３３－２,１３３３－２,株式会社ハクブン,H28/07/14,,,,彦根
美容所,ｋｒｅｖａ,529-1313,愛知郡愛荘町市,愛知郡愛荘町市１８１２－１,１８１２－１,,H28/09/16,,,,彦根
美容所,ｈａｉｒ ＣＡＮＡＲＩＯ,522-0024,彦根市正法寺町,彦根市正法寺町６８７－２８,６８７－２８,,H28/09/27,,,,彦根
美容所,カットコムズ パリヤ彦根,522-0052,彦根市長曽根南町,彦根市長曽根南町４７２－２ パリヤサンペディック パリ ヤ彦根店１Ｆ,４７２－２ パリヤサンペディック パリ ヤ彦根店１Ｆ,,H28/11/18,,,,彦根
美容所,Ｃｈａ Ｌｕ－Ｌｕ,529-1223,愛知郡愛荘町島川,愛知郡愛荘町島川６２３－５,６２３－５,,H28/12/20,,,,彦根
美容所,Ｈａｃｈｉ,522-0052,彦根市長曽根南町,彦根市長曽根南町５４８ アシストビル１Ｆ,５４８ アシストビル１Ｆ,,H29/01/06,,,,彦根
美容所,Ｌｕ Ｃｈａｎｔｅ,522-0052,彦根市長曽根南町,彦根市長曽根南町３２０－４６,３２０－４６,,H29/01/30,,,,彦根
美容所,ｓｏｕｒｉｒｅ,522-0053,彦根市大藪町,彦根市大藪町２０９３,２０９３,,H29/03/03,,,,彦根
美容所,パーマ屋さん 樋口,522-0201,彦根市高宮町,彦根市高宮町９８７－１６,９８７－１６,,H29/03/03,,,,彦根
美容所,Ｓｌｉｍ－Ｂｅａｕｔｙ桜,522-0223,彦根市川瀬馬場町,彦根市川瀬馬場町１０８７－７,１０８７－７,,H29/03/13,,,,彦根
美容所,Ｃｉｅｌ Ｅｙｅｌａｓｈ ｓａｌｏｎ,529-1223,愛知郡愛荘町島川,愛知郡愛荘町島川１２９０－１３,１２９０－１３,,H29/03/30,,,,彦根
美容所,美容室 ｃｏｃｏｒｏ,522-0002,彦根市松原町,彦根市松原町３４２０－６,３４２０－６,,H29/04/06,,,,彦根
美容所,Ｈａｉｒ Ｓｐａｃｅ Ｓｈｉｎｉｎｇ,522-0201,彦根市高宮町,彦根市高宮町２５９０－１４,２５９０－１４,,H29/04/19,,,,彦根
美容所,ｄｏｐｐｉｏ ｈａｉｒ,522-0027,彦根市東沼波町,彦根市東沼波町４５１－１,４５１－１,,H29/06/05,,,,彦根
美容所,Ｌｕｃｅ,522-0042,彦根市戸賀町,彦根市戸賀町２ 北川宝ビル１Ｆ,２ 北川宝ビル１Ｆ,ｌｏｋｋｏ株式会社,H29/06/12,,,,彦根
美容所,ｌｏｋｋｏ,522-0201,彦根市高宮町,彦根市高宮町１３８８－２１,１３８８－２１,ｌｏｋｋｏ株式会社,H29/06/12,,,,彦根
美容所,Ｃｏｙｏｔｅ Ｕｇｌｙ,522-0057,彦根市八坂町,彦根市八坂町１８９３－１０５,１８９３－１０５,,H29/06/29,,,,彦根
美容所,Ｍｅｒｃｉ Ｂｅａｕｔｅ,522-0041,彦根市平田町,彦根市平田町６８４－２,６８４－２,株式会社ボーテ,H29/07/13,,,,彦根
美容所,サロン・ド・ナカムラ,529-1325,愛知郡愛荘町東円堂,愛知郡愛荘町東円堂１８９８－２,１８９８－２,,H29/08/25,,,,彦根
美容所,マルソメコムズ マルゼン豊郷店,529-1175,犬上郡豊郷町沢,犬上郡豊郷町沢２５０－１,２５０－１,,H29/09/07,,,,彦根
美容所,ｏｕｃｈｉ,521-1114,彦根市彦富町,彦根市彦富町６１３－４,６１３－４,,H29/09/11,,,,彦根
美容所,ＨＡＩＲ ＳＡＬＯＮ Ｖｉｅ Ｒｉｃｈｅ,522-0041,彦根市平田町,彦根市平田町６９１－２,６９１－２,株式会社Ｖｉｅ Ｒｉｃｈｅ,H29/10/02,,,,彦根
美容所,Ａｋａｎｅ．,522-0041,彦根市平田町,彦根市平田町７８２－４,７８２－４,有限会社Ａｋａｎｅ美容室,H29/10/03,,,,彦根
美容所,ｎａｉｌ ＆ ｅｙｅｌａｓｈ ＪＥ Ｔ’ ＡＩＭＥ,522-0033,彦根市芹川町,彦根市芹川町５７３－２６,５７３－２６,,H29/10/13,,,,彦根
美容所,ＬＵＡＮＡ ｅｙｅｌａｓｈ ＆ ｂｅａｕ ｔｙ,522-0002,彦根市松原町,彦根市松原町３３１０－３８,３３１０－３８,,H29/10/30,,,,彦根
美容所,Ｔ－ｔｏｐ ｉｔ’ｓ ｈａｉｒ ｍａｋ ｅ,522-0043,彦根市小泉町,彦根市小泉町６２０－８１,６２０－８１,,H29/11/27,,,,彦根
美容所,Ｌｉｌａ 彦根店,522-0074,彦根市大東町,彦根市大東町２－４１ 土川昭ビル１Ｆ,２－４１ 土川昭ビル１Ｆ,株式会社ＯＲＥＳＳ,H30/01/30,,,,彦根
美容所,ユリ美容室 アモール店,529-1331,愛知郡愛荘町愛知川,愛知郡愛荘町愛知川５８,５８,,H30/02/06,,,,彦根
美容所,Ｈｏｎｅｙ・ｂｅｅ,529-1175,犬上郡豊郷町沢,犬上郡豊郷町沢４８１－３,４８１－３,,H30/02/21,,,,彦根
美容所,Ｓｏｉ,529-1331,愛知郡愛荘町愛知川,愛知郡愛荘町愛知川４０ Ｊプラザ１－１,４０ Ｊプラザ１－１,,H30/02/26,,,,彦根
美容所,ＡＴＭＯＳＰＨＥＲＥ,522-0041,彦根市平田町,彦根市平田町４１０－７ 曽根富マンション１Ｆ,４１０－７ 曽根富マンション１Ｆ,,H30/03/19,,,,彦根
美容所,ａｆｒｉ,522-0086,彦根市後三条町,彦根市後三条町３２７－１ 大建ビル１階,３２７－１ 大建ビル１階,,H30/04/04,,,,彦根
美容所,Ｔｒｉｃｏ,522-0041,彦根市平田町,彦根市平田町８６－９,８６－９,,H30/04/09,,,,彦根
美容所,＊カラーズ 彦根店,522-0044,彦根市竹ケ鼻町,彦根市竹ケ鼻町４３－２ ビバシティ彦根店１Ｆ,４３－２ ビバシティ彦根店１Ｆ,ＳＡＳＡＴｅｃ合同会社,H30/04/23,,,,彦根
美容所,Ｃｈｅｒｉｅ,522-0041,彦根市平田町,彦根市平田町１３２－４ 北村ハイツ１０３号室,１３２－４ 北村ハイツ１０３号室,,H30/05/22,,,,彦根
美容所,万国吃驚堂,522-0062,彦根市立花町,彦根市立花町２－４０,２－４０,,H30/06/07,,,,彦根
美容所,ＭＡＱＵＩＡ 彦根店,522-0064,彦根市本町一丁目,彦根市本町一丁目１２－１３ 北川ビル２Ｆ,１２－１３ 北川ビル２Ｆ,株式会社ＭＡＱＵＩＡ,H30/06/15,,,,彦根
美容所,ヘアサロン ドガ,522-0052,彦根市長曽根南町,彦根市長曽根南町５５０－４,５５０－４,,H30/08/31,,,,彦根
美容所,Ｌｕｓａ Ｎａｔｕｒａｌ Ｈａｉｒ ＆ Ｂｅａｕｔｙ Ｓｔｕｄｉｏ,522-0032,彦根市芹町,彦根市芹町８－３,８－３,,H30/10/18,,,,彦根
美容所,Ｈａｉｒ Ｓｐａｃｅ Ｄａｕｃｕｓ ― ダウクス―,522-0212,彦根市葛籠町,彦根市葛籠町９６８－３,９６８－３,,H30/10/22,,,,彦根
美容所,まつげエクステサロン ｓｕａｖｅ,529-1312,愛知郡愛荘町川久保,愛知郡愛荘町川久保２４５－８,２４５－８,,H30/11/19,,,,彦根
美容所,ｍｉｇｎｏｎ,522-0201,彦根市高宮町,彦根市高宮町１６３８－８,１６３８－８,,H30/11/26,,,,彦根
美容所,美容室 ＬＥＯ,522-0042,彦根市戸賀町,彦根市戸賀町１００－４６,１００－４６,,H31/02/25,,,,彦根
美容所,ｅｙｅ ｌａｓｈ ｓａｌｏｎ ｎｏｉ,522-0201,彦根市高宮町,彦根市高宮町１３８５－５ サンクリエート日の出３０ ４号室,１３８５－５ サンクリエート日の出３０ ４号室,,H31/03/26,,,,彦根
美容所,ＧＲＡＣＩＡ,529-1177,犬上郡豊郷町三ツ池,犬上郡豊郷町三ツ池１９－９,１９－９,,H31/03/27,,,,彦根
美容所,ヘアー＆ビューティ Ｇｈｉｂｌｉ,522-0047,彦根市日夏町,彦根市日夏町１７７６－４０,１７７６－４０,,H31/04/23,,,,彦根
美容所,ｅｙｅｒｉｉ,522-0047,彦根市日夏町,彦根市日夏町１７１１－２６ コーポＳ２０２,１７１１－２６ コーポＳ２０２,,R01/05/21,,,,彦根
美容所,Ｒａｎｆｗａ＊ ～Ｔｉａｒａ～,522-0064,彦根市本町一丁目,彦根市本町一丁目９－２４－２Ｂ,９－２４－２Ｂ,,R01/05/27,,,,彦根
美容所,Ｍｉｅｌ ｂｙ ｇａｎｅｓｈａ,522-0038,彦根市西沼波町,彦根市西沼波町２１ エコールＷＯＯＤ館１Ｆ,２１ エコールＷＯＯＤ館１Ｆ,株式会社ガネイシャ,R01/06/03,,,,彦根
美容所,ｐｒｉｖａｔｅ ｓａｌｏｎ ａｃｅ,522-0051,彦根市中藪町,彦根市中藪町６６０－３４,６６０－３４,,R01/06/13,,,,彦根
美容所,Ｒｅｌａｓｔａｇｉａ,522-0222,彦根市南川瀬町,彦根市南川瀬町７１４－５,７１４－５,,R01/07/18,,,,彦根
美容所,Ａｌｅｔｔａ,522-0041,彦根市平田町,彦根市平田町１３４－１ タウンビル（１－Ｆ）,１３４－１ タウンビル（１－Ｆ）,,R01/07/31,,,,彦根
美容所,Ａｇｕ ｈａｉｒ ｎｅｅｌｕ 彦根,522-0010,彦根市駅東町,彦根市駅東町１３－１ Ａ＆Ｓ東駅ビル１階,１３－１ Ａ＆Ｓ東駅ビル１階,株式会社ａｇｉｒ,R01/09/27,,,,彦根
美容所,Ｆｅｒｒｅｉｒａ,522-0042,彦根市戸賀町,彦根市戸賀町１３１－２,１３１－２,,R01/09/27,,,,彦根
美容所,Ａｍｉｎａ．,522-0042,彦根市戸賀町,彦根市戸賀町１３１－２,１３１－２,ａｗｅｓｏｍｅ ｐｌａｎｓ合同会社,R01/10/02,,,,彦根
美容所,Ｋｅｉｚｏ３,522-0056,彦根市開出今町,彦根市開出今町１４１４－６,１４１４－６,株式会社Ｋｅｉｚｏ,R01/10/16,,,,彦根
美容所,Ｌｏｐｅ,529-1161,犬上郡豊郷町四十九院,犬上郡豊郷町四十九院９１６,９１６,,R01/11/06,,,,彦根
美容所,Ｗｅｅｄｓ,522-0026,彦根市大堀町,彦根市大堀町７０８－３,７０８－３,,R01/12/05,,,,彦根
美容所,ｈａｉｒ ｍａｋｅ Ｙ３,529-1312,愛知郡愛荘町川久保,愛知郡愛荘町川久保２３７,２３７,,R01/12/23,,,,彦根
美容所,ＣＡＳＡ ＣＯＬＯＲ カインズ彦根店,522-0069,彦根市馬場二丁目,彦根市馬場二丁目１－１ カインズ彦根,１－１ カインズ彦根,株式会社ＮＣｃｏｌｏｒ,R02/02/19,,,,彦根
美容所,ＬＩＶＥＳ美容室,522-0047,彦根市日夏町,彦根市日夏町１５８９,１５８９,,R02/02/01,,,,彦根
美容所,来夢堂 彦根店,522-0044,彦根市竹ケ鼻町,彦根市竹ケ鼻町１２４－３,１２４－３,株式会社来夢堂,R02/02/26,,,,彦根
美容所,ＭＥＮ'Ｓ ＢＥＡＵＴＹ ＲＥＤ ＣＯＯ Ｌ,522-0074,彦根市大東町,彦根市大東町２－３３,２－３３,ｒｙｕ－ｚｕ株式会社,R02/04/13,,,,彦根
美容所,ｐｉｎｎｅ,522-0038,彦根市西沼波町,彦根市西沼波町６２４,６２４,,R02/04/16,,,,彦根
美容所,カラーズ 彦根店,522-0044,彦根市竹ケ鼻町,彦根市竹ケ鼻町４３－２ ビバシティ彦根店１Ｆ,４３－２ ビバシティ彦根店１Ｆ,株式会社クラウドワーク,R02/06/01,,,,彦根
美容所,Ｌｏｃｏｃｏ,522-0054,彦根市西今町,彦根市西今町３４２－１６,３４２－１６,,R02/06/02,,,,彦根
美容所,スタジオブームス,522-0044,彦根市竹ケ鼻町,彦根市竹ケ鼻町４３－２ ビバシティ内１Ｆ,４３－２ ビバシティ内１Ｆ,株式会社イマジン,R02/06/05,,,,彦根
美容所,Ｂｅａｕｔｙ Ｓａｌｏｎ Ｅｓｐｏｉｒ,522-0223,彦根市川瀬馬場町,彦根市川瀬馬場町６２２ メイプルリーフ２０１,６２２ メイプルリーフ２０１,,R02/09/16,,,,彦根
美容所,びようしつおの,522-0223,彦根市川瀬馬場町,彦根市川瀬馬場町９２６－２,９２６－２,,R02/09/28,,,,彦根
美容所,Ｃｈａｒｍ 愛知川店,529-1325,愛知郡愛荘町東円堂,愛知郡愛荘町東円堂２５１１－１６,２５１１－１６,ＣｈａｒｍＪａｐａｎ株式会社,R02/10/01,,,,彦根
美容所,＋ＭＥＭＥ,522-0047,彦根市日夏町,彦根市日夏町７８８－１９,７８８－１９,,R02/10/09,,,,彦根
美容所,ＨＡＩＲ ０９,522-0201,彦根市高宮町,彦根市高宮町１２２１－１,１２２１－１,,R02/10/12,,,,彦根
美容所,ＨＡＩＲ ＳＡＬＯＮ テュセ,522-0064,彦根市本町二丁目,彦根市本町二丁目４－１３,４－１３,,R02/10/16,,,,彦根
美容所,あき美容室,522-0087,彦根市芹橋一丁目,彦根市芹橋一丁目６－４３,６－４３,,R02/10/21,,,,彦根
美容所,ｆａｍｉｌｉａ,521-1113,彦根市稲部町,彦根市稲部町６８ 滋賀住宅マンション１Ｆテナント,６８ 滋賀住宅マンション１Ｆテナント,,R02/10/29,,,,彦根
美容所,Ｆａｍｉｌｙサロン Ｆ．Ｘ,529-1176,犬上郡豊郷町大町,犬上郡豊郷町大町３０１０－１,３０１０－１,,R02/11/24,,,,彦根
美容所,ＨＡＩＲ Ｇｒａｚｉｅ,522-0057,彦根市八坂町,彦根市八坂町３１１１－１,３１１１－１,,R02/11/26,,,,彦根
美容所,Ｐｒｉｖａｔｅ ｓａｌｏｎ Ｈ／Ｒｅｉｎ ｉｇｅｎ,522-0244,犬上郡甲良町在士,犬上郡甲良町在士７０２－２,７０２－２,,R02/12/17,,,,彦根
美容所,まいまいのいえ,522-0038,彦根市西沼波町,彦根市西沼波町１０７,１０７,,R03/01/19,,,,彦根
美容所,ＴＰ ｒｏｏｍ,522-0027,彦根市東沼波町,彦根市東沼波町９１０－２０,９１０－２０,,R03/03/09,,,,彦根
美容所,ＤＥ ＯＪＡＬ,529-1174,犬上郡豊郷町下枝,犬上郡豊郷町下枝８３－２,８３－２,,R03/04/20,,,,彦根
美容所,美容室 マリリン・モンロウー,522-0047,彦根市日夏町,彦根市日夏町１９１４－９,１９１４－９,,R03/06/01,,,,彦根
美容所,１９,522-0341,犬上郡多賀町多賀,犬上郡多賀町多賀１４４４－３,１４４４－３,,R03/06/11,,,,彦根
美容所,Ｍｅｒｃｉ Ｂｅａｕｔｅ 彦根店,522-0056,彦根市開出今町,彦根市開出今町１７３３－５－２０６,１７３３－５－２０６,,R03/06/16,,,,彦根
美容所,ｍｏｒｅ,522-0081,彦根市京町三丁目,彦根市京町三丁目４－５６ アーバンハイツ１Ｆ,４－５６ アーバンハイツ１Ｆ,株式会社ＬＥＳＳ ＩＳ ＭＯＲＥ,R03/06/18,,,,彦根
美容所,ｄｒａｍａ,522-0041,彦根市平田町,彦根市平田町２９２－６ ナカムラビル１Ｆ,２９２－６ ナカムラビル１Ｆ,,R03/06/25,,,,彦根
美容所,ＡＵＢＥ ＨＡＩＲ ｌｕｎａ彦根店,522-0054,彦根市西今町,彦根市西今町９５８－４ Ｎ－ｔｅｒｒａｃｅ４Ｃ号室,９５８－４ Ｎ－ｔｅｒｒａｃｅ４Ｃ号室,株式会社Ａ’Ｇｒｏｕｐ,R03/07/30,,,,彦根
美容所,ｅｙｅｌａｓｈ ｓａｌｏｎ Ｂｅｌｌｅ,529-1313,愛知郡愛荘町市,愛知郡愛荘町市８１４－３,８１４－３,,R03/08/26,,,,彦根
美容所,Ｌｉｔｔｌｅ ｂｙ ｌｉｔｔｌｅ,522-0043,彦根市小泉町,彦根市小泉町３１０－１６ ３Ｆ,３１０－１６ ３Ｆ,,R03/09/21,,,,彦根
美容所,ｈｏｓｕ ｐｒｏｄｕｃｔｓ,522-0026,彦根市大堀町,彦根市大堀町８７３番地,８７３番地,,R03/09/22,,,,彦根
美容所,Ｌｉｓ ｂｌａｎｃ,529-1161,犬上郡豊郷町四十九院,犬上郡豊郷町四十九院８８４－３,８８４－３,,R03/09/21,,,,彦根
美容所,ｇｒａｃｅ,529-1331,愛知郡愛荘町愛知川,愛知郡愛荘町愛知川１８８－１０,１８８－１０,,R03/09/28,,,,彦根
美容所,ｐｒｉｖａｔｅ ｓａｌｏｎ ｌｉｔｅｎ,529-1303,愛知郡愛荘町長野,愛知郡愛荘町長野２００５－７,２００５－７,,R03/10/21,,,,彦根
美容所,ｅ´ｗａｌｕ,529-1223,愛知郡愛荘町島川,愛知郡愛荘町島川１３０２－１,１３０２－１,,R03/11/01,,,,彦根
美容所,Ｒｅａｌｉｚｅ,522-0201,彦根市高宮町,彦根市高宮町１６９８－２１,１６９８－２１,,R03/12/01,,,,彦根
美容所,ａｋｕｂｉ,522-0201,彦根市高宮町,彦根市高宮町２８３５－１２,２８３５－１２,,R03/12/02,,,,彦根
美容所,美容プラーナ 彦根ベルロード店,522-0052,彦根市長曽根南町,彦根市長曽根南町４４８－７,４４８－７,株式会社ハマ,R03/12/10,,,,彦根
美容所,Ｈａｉｒ’ｓ 和,522-0232,彦根市蓮台寺町,彦根市蓮台寺町５０－２０,５０－２０,株式会社Ｓｈｉｍｏｋａｗａ３ｏｆｆｉｃｅ,R03/12/20,,,,彦根
美容所,美容室 ピボット,529-1156,彦根市清崎町,彦根市清崎町２７４－１５,２７４－１５,,R04/01/05,,,,彦根
美容所,Ｌｉｌａ彦根店,522-0038,彦根市西沼波町,彦根市西沼波町１８２－１ グリーンウォーク３Ｆ,１８２－１ グリーンウォーク３Ｆ,株式会社ＯＲＥＳＳ,R04/02/21,,,,彦根
美容所,ＹＵ．ＲＡ．ＧＩ,522-0201,彦根市高宮町,彦根市高宮町１４９６－２,１４９６－２,,R04/02/28,,,,彦根
美容所,Ｓ・１ ＢＡＳＥ,522-0263,犬上郡甲良町法養寺,犬上郡甲良町法養寺３５０－１,３５０－１,,R04/03/14,,,,彦根
美容所,ｅｙｅｌａｓｈ ｓａｌｏｎ Ｏｌｉ,522-0054,彦根市西今町,彦根市西今町８７－１６ Ｎａｓｕ８ ２Ｆ－Ａ号,８７－１６ Ｎａｓｕ８ ２Ｆ－Ａ号,テクノアドバンス株式会社,R04/03/28,,,,彦根
美容所,ｐｒｉｖａｔｅ ｅｙｅｓａｌｏｎ ＭＥＭ Ｅ．,522-0222,彦根市南川瀬町,彦根市南川瀬町１５０９－１５,１５０９－１５,,R04/06/15,,,,彦根
美容所,Ｓａｌｏｎ ｍｕｕｍ,522-0223,彦根市川瀬馬場町,彦根市川瀬馬場町８４２－４,８４２－４,,R04/07/14,,,,彦根
美容所,美容室 太郎と花子Ｈ・Ｎ,522-0086,彦根市後三条町,彦根市後三条町１２５－１９,１２５－１９,,R04/08/01,,,,彦根
美容所,まつ毛と眉毛の専門店 Ｓａｉｎｔ ｎｉｃ ｏ,522-0041,彦根市平田町,彦根市平田町４２１ Ｎａｓｕ１ビル２０７号室,４２１ Ｎａｓｕ１ビル２０７号室,,R04/08/26,,,,彦根
美容所,ｈａｉｒ ｍａｋｅ Ｌｅａｆ,529-1325,愛知郡愛荘町東円堂,愛知郡愛荘町東円堂１２７６－１,１２７６－１,,R04/09/12,,,,彦根
美容所,Ｈａｉｒ ｓａｌｏｎ Ｌａｃ,522-0058,彦根市須越町,彦根市須越町１３０１－４,１３０１－４,,R04/09/30,,,,彦根
美容所,Ｕ-ｎｏ Ｈａｉｒ,529-1303,愛知郡愛荘町長野,愛知郡愛荘町長野２０２７-７,２０２７-７,,R04/09/16,,,,彦根
美容所,Ａｔｒｅ；ｍ,522-0056,彦根市開出今町,彦根市開出今町１７３３－５ リバーノースビルⅢ２１０,１７３３－５ リバーノースビルⅢ２１０,,R04/10/24,,,,彦根
美容所,株式会社Ａｗａｋｅ,522-0010,彦根市駅東町,彦根市駅東町１９－３,１９－３,株式会社Ａｗａｋｅ,R04/11/02,,,,彦根
美容所,ＡＬＢＡ ｆｒｏｍ Ａｌｅｔｔａ,522-0044,彦根市竹ケ鼻町,彦根市竹ケ鼻町３１９－４,３１９－４,,R04/11/02,,,,彦根
美容所,Ｙｄｏｔ．,522-0057,彦根市八坂町,彦根市八坂町２００３－１,２００３－１,,R04/12/22,,,,彦根
美容所,Ｈａｉｒ ｓａｌｏｎ １０３,529-1331,愛知郡愛荘町愛知川,愛知郡愛荘町愛知川３４６－３－１０３,３４６－３－１０３,,R05/02/15,,,,彦根
美容所,ＨＩＫＯＮＥ ｄｈａｒｍａｋｕｒ,522-0064,彦根市本町二丁目,彦根市本町二丁目２－３８,２－３８,株式会社Ｖｉｅ Ｒｉｃｈｅ,R05/03/01,,,,彦根
美容所,ｅｙｅｌａｓｈ ｓａｌｏｎ ＩＲＩＳＥ,522-0234,彦根市森堂町,彦根市森堂町２６０,２６０,,R05/03/09,,,,彦根
美容所,ＬＩ－ｌｅｎ,522-0042,彦根市戸賀町,彦根市戸賀町１２０－２４,１２０－２４,,R05/04/04,,,,彦根
美容所,ｐоｐоｌａｓｓ,522-0023,彦根市原町,彦根市原町１３６－４８ ２階,１３６－４８ ２階,,R05/05/10,,,,彦根
美容所,国領美容室,521-1134,彦根市田附町,彦根市田附町２４,２４,,R05/06/01,,,,彦根
美容所,ＫＡＦＵＵ＋ｎ,522-0052,彦根市長曽根南町,彦根市長曽根南町４２９－１,４２９－１,株式会社クレステージ,R05/06/08,,,,彦根
美容所,１３ＧＲＩＮＤ,522-0056,彦根市開出今町,彦根市開出今町１５１６－２,１５１６－２,,R05/06/09,,,,彦根
美容所,ＭＡＲＹ．,522-0064,彦根市本町二丁目,彦根市本町二丁目５ 街ＬａＶｉｌｌｅ３階東,５ 街ＬａＶｉｌｌｅ３階東,株式会社裕和,R05/06/19,,,,彦根
美容所,Ｂｅｅｔｌｅ Ｇｒａｎｄｅ,522-0042,彦根市戸賀町,彦根市戸賀町１３７－１,１３７－１,株式会社ｈ＆ｂ,R05/06/21,,,,彦根
美容所,ＫＯＫＯＡ ｍｅｔａｍоｒｐｈоｓｅ,522-0057,彦根市八坂町,彦根市八坂町１３１７－１,１３１７－１,,R05/07/14,,,,彦根
美容所,ビューティークリニック 女神,521-1113,彦根市稲部町,彦根市稲部町８４,８４,,R05/08/10,,,,彦根
美容所,髪質改善デザインカラー・白髪染め専門美容 室ハイライト彦根店,522-0042,彦根市戸賀町,彦根市戸賀町１７５－１,１７５－１,,R05/08/30,,,,彦根
美容所,Ｄｅａｒ,522-0201,彦根市高宮町,彦根市高宮町２３３９,２３３９,,R05/08/28,,,,彦根
美容所,ｐｒｉｖａｔｅ ｓａｌｏｎ ｍｉｍｉ,529-1156,彦根市清崎町,彦根市清崎町２３６－２４,２３６－２４,,R05/08/30,,,,彦根
美容所,ティーダ サロン,529-1321,愛知郡愛荘町豊満,愛知郡愛荘町豊満８２１－２,８２１－２,,R05/09/12,,,,彦根
美容所,ｔｈｒｅｅ．．Ｋ,522-0064,彦根市本町一丁目,彦根市本町一丁目１１－１６,１１－１６,,R05/10/17,,,,彦根
美容所,ＫＡＣＨＩヘアー,522-0047,彦根市日夏町,彦根市日夏町３７０３－１,３７０３－１,株式会社ＫＡＣＨＩ,R05/11/29,,,,彦根
美容所,Ｒａｐｕ,522-0235,彦根市金剛寺町,彦根市金剛寺町３１７－１,３１７－１,,R05/12/25,,,,彦根
美容所,ＬｉＬｏｕ,522-0010,彦根市駅東町,彦根市駅東町１８－１８ ラメール１階,１８－１８ ラメール１階,株式会社Ｌ,R05/12/25,,,,彦根
美容所,ＳＨＥＬＬＹ,522-0041,彦根市平田町,彦根市平田町２９２－６ ユアーズビル１Ｆ３,２９２－６ ユアーズビル１Ｆ３,株式会社総建,R06/02/06,,,,彦根
美容所,ＡＬＫＡ,522-0044,彦根市竹ケ鼻町,彦根市竹ケ鼻町３８８－１ ＴＡテナント,３８８－１ ＴＡテナント,,R06/02/14,,,,彦根
美容所,Ｂ ＢＥＡＵＴＹ ＤＥＳＩＧＮ ＰＬＵＳ,522-0222,彦根市南川瀬町,彦根市南川瀬町１６,１６,株式会社マルシン,R06/02/13,,,,彦根
美容所,Ｗａｃｕ ｂｅａｕｔｙ ｗｏｒｋｓ,529-1314,愛知郡愛荘町中宿,愛知郡愛荘町中宿２００－１ ハイツエクセル３番館１Ｆ,２００－１ ハイツエクセル３番館１Ｆ,,R06/02/28,,,,彦根
美容所,Ｗｉｔｈ ｈａｉｒ,522-0086,彦根市後三条町,彦根市後三条町２６０－２ １０１号室,２６０－２ １０１号室,,R06/02/28,,,,彦根
美容所,Ｌａｓｈ Ｖｉｓｉｏｎ 彦根,522-0041,彦根市平田町,彦根市平田町３７６－３ ＯＮＥ ＰＡＲＴ １０１号,３７６－３ ＯＮＥ ＰＡＲＴ １０１号,株式会社カーショップ・ユーライン,R06/04/24,,,,彦根
美容所,クイックカットＢＢ ベイシアフーズパーク 彦根店,522-0069,彦根市馬場二丁目,彦根市馬場二丁目１－１,１－１,株式会社将軍ジャパン,R06/07/23,,,,彦根
美容所,ＡｃＲＯ,522-0069,彦根市馬場二丁目,彦根市馬場二丁目２－１８,２－１８,,R06/09/18,,,,彦根
美容所,Ｅｙｅｌａｓｈ ｓａｌｏｎ Ｍｏｏｎ ｂｏ ｗ,521-1144,彦根市普光寺町,彦根市普光寺町５７４－２,５７４－２,,R06/09/30,,,,彦根
美容所,ｈоｎｅｙ ｂａｓｅ,522-0341,犬上郡多賀町多賀,犬上郡多賀町多賀１６７７－４,１６７７－４,,R06/11/29,,,,彦根
美容所,ｓｉｒｏ．,522-0042,彦根市戸賀町,彦根市戸賀町７３－１ 酒正ビル１Ｆ,７３－１ 酒正ビル１Ｆ,,R07/01/28,,,,彦根
美容所,デューポイント ベイシア彦根店,522-0069,彦根市馬場二丁目,彦根市馬場二丁目１－１,１－１,株式会社ＬＡＮＣＥ,R07/03/05,,,,彦根
美容所,ＬＯＶＥ ＰＬＡＣＥ,522-0201,彦根市高宮町,彦根市高宮町１４３２－１,１４３２－１,,R07/03/25,,,,彦根
美容所,ｈａｉｒ＆ｓｐａ ｎａｐ,522-0066,彦根市栄町一丁目,彦根市栄町一丁目５－２,５－２,,R07/04/22,,,,彦根
美容所,Ｂｅｌｌ,522-0086,彦根市後三条町,彦根市後三条町４７８－１,４７８－１,株式会社ｅｎ,R07/04/11,,,,彦根
美容所,ｉｎｕｐ,522-0009,彦根市外町,彦根市外町１９５－５,１９５－５,,R07/05/15,,,,彦根
美容所,Ｌｏｔｔｉ,522-0201,彦根市高宮町,彦根市高宮町１３６８－２０,１３６８－２０,,R07/06/05,,,,彦根
美容所,ＥＰＵＲＥＬＬＥ ＥＹＥＬＡＳＨ＆ＢＬＯ Ｗ,522-0056,彦根市開出今町,彦根市開出今町１７３３－５ リバーノースビルⅢ １０ ７号,１７３３－５ リバーノースビルⅢ １０ ７号,株式会社ＦｉＢｅ,R07/06/19,,,,彦根
美容所,Ｌ／ｎｏｎｌｉｎｅ,522-0041,彦根市平田町,彦根市平田町６９１－２,６９１－２,ｌｏｋｋｏ株式会社,R07/07/28,,,,彦根
美容所,ＤＯＴＥ,529-1223,愛知郡愛荘町島川,愛知郡愛荘町島川２９４－２（１０４）,２９４－２（１０４）,,R07/08/01,,,,彦根
美容所,縁 ｅｎ,529-1176,犬上郡豊郷町大町,犬上郡豊郷町大町１５２－６,１５２－６,,R07/10/07,,,,彦根
美容所,ＳＴＵＤＩＯ ＳＯＨＯ,522-0073,彦根市旭町,彦根市旭町１－２２,１－２２,有限会社スタジオソーホー,R07/09/16,,,,彦根
美容所,ＲＡＳ ＨＡＩＲ,522-0033,彦根市芹川町,彦根市芹川町１５５９－２,１５５９－２,,R07/09/26,,,,彦根
美容所,ロレインブロウ 南彦根駅前店,522-0043,彦根市小泉町,彦根市小泉町２７１－１,２７１－１,,R07/11/04,,,,彦根
美容所,ｅｙｌａｓｈ ｎｉｃｏ,529-1331,愛知郡愛荘町愛知川,愛知郡愛荘町愛知川３６４－６,３６４－６,,R07/12/17,,,,彦根
美容所,ＡＵＢＥ ＨＡＩＲ ｌａｃｕｓ 彦根２号 店,522-0067,彦根市長曽根町,彦根市長曽根町８－１１,８－１１,株式会社Ａ’Ｇｒｏｕｐ,R07/12/04,,,,彦根
美容所,ＫＡＭＩ ｆａｃｔｏｒｙ Ｒａｉｎ,522-0052,彦根市長曽根南町,彦根市長曽根南町５６２,５６２,,R07/12/17,,,,彦根
美容所,ａｌｏ,522-0088,彦根市銀座町,彦根市銀座町２－３０ ２Ｆ,２－３０ ２Ｆ,,R08/01/27,,,,彦根
美容所,ｈａｉｒＳａｌｏｎ Ｎ,522-0027,彦根市東沼波町,彦根市東沼波町９１０－１１,９１０－１１,,R08/01/28,,,,彦根
美容所,Ｚｙ ｅｙｅ,522-0073,彦根市旭町,彦根市旭町９－２５－５０２,９－２５－５０２,,R08/04/06,,,,彦根
美容所,ＵＡＲＥＡ,522-0201,彦根市高宮町,彦根市高宮町１３９３－５ ハイツサンシャイン１Ｆ東,１３９３－５ ハイツサンシャイン１Ｆ東,,R08/04/27,,,,彦根
美容所,ｅＬ,529-1331,愛知郡愛荘町愛知川,愛知郡愛荘町愛知川１６０６,１６０６,,R08/06/04,,,,彦根
美容所,Ｂｒｉｌｌａ ｅｙｅｌａｓｈ ｓａｌｏｎ,529-1237,愛知郡愛荘町西出,愛知郡愛荘町西出４８,４８,,R08/07/21,,,,彦根
美容所,ＡｃＱｕＡ,526-0244,長浜市内保町,長浜市内保町２４５７－１,２４５７－１,,H19/04/25,,,,長浜
美容所,ＢＯＮ 美容室,526-0024,長浜市三ツ矢元町,長浜市三ツ矢元町２７－２４,２７－２４,有限会社チェイスマート,H17/08/12,,,,長浜
美容所,Ｃａｍｕｉ,521-0224,米原市夫馬,米原市夫馬６５９－１,６５９－１,,H20/10/17,,,,長浜
美容所,ＣＨＬＯＲＩＳ,521-0062,米原市宇賀野,米原市宇賀野３００,３００,,H20/03/06,,,,長浜
美容所,ｆｕｌｆｉｌｌ,529-0223,長浜市高月町馬上,長浜市高月町馬上２２９４－２,２２９４－２,,H15/05/30,,,,長浜
美容所,ＨＡＩＲ ＤＯＰＥ,526-0043,長浜市大戌亥町,長浜市大戌亥町１２７８－２,１２７８－２,,H08/07/08,,,,長浜
美容所,ａｏｉ ｈａｉｒ Ｎａｇａｈａｍａ,526-0847,長浜市山階町,長浜市山階町２７１－１ イオン長浜店２Ｆ,２７１－１ イオン長浜店２Ｆ,ＰｌａｎＢ株式会社,H12/09/27,,,,長浜
美容所,Ｈａｉｒ Ｆａｃｔｏｒｙ ｈｄ’ｓ,521-0072,米原市顔戸,米原市顔戸６２７－１,６２７－１,,H15/06/27,,,,長浜
美容所,Ｈａｉｒ Ｍａｋｅ Ｊ ＢＥ－ＣＨＩＣＫ Ｒ,526-0031,長浜市八幡東町,長浜市八幡東町１７－１,１７－１,,H17/04/19,,,,長浜
美容所,Ｈａｉｒ Ｐｒｏｄｕｃｅ Ｐｒｅｇｉａ,521-0062,米原市宇賀野,米原市宇賀野６４－１７,６４－１７,,H14/08/19,,,,長浜
美容所,ＨＡＩＲ’Ｓ ＢＥＲＲＹ,529-0341,長浜市湖北町速水,長浜市湖北町速水２２２－８,２２２－８,,H16/11/11,,,,長浜
美容所,ＨＡＬ,529-0412,長浜市木之本町石道,長浜市木之本町石道７２２－２,７２２－２,,S60/06/18,,,,長浜
美容所,ＨＡＲＥ－ＶＡＲＥ サロンマコ長浜店,526-0063,長浜市末広町,長浜市末広町２４０－１７ ワイエフビル２０ １Ｆ,２４０－１７ ワイエフビル２０ １Ｆ,,H17/02/07,,,,長浜
美容所,Ｈｏｏｐｅｒ’ｓ,529-0426,長浜市木之本町黒田,長浜市木之本町黒田８２２－４,８２２－４,,H07/10/18,,,,長浜
美容所,－ＩＳＭ,526-0067,長浜市港町,長浜市港町２９０,２９０,,H20/03/21,,,,長浜
美容所,ｋａｒｅｎ,526-0055,長浜市三和町,長浜市三和町３－１８,３－１８,,H18/05/17,,,,長浜
美容所,Ｌａ ｇｒａｃｉａ（ラ グラシア）,526-0042,長浜市勝町,長浜市勝町１７５,１７５,,H11/04/30,,,,長浜
美容所,Ｌｉｎｋ,526-0034,長浜市弥高町,長浜市弥高町１７９－２,１７９－２,,H12/09/22,,,,長浜
美容所,Ｌｕｃｉｅ,526-0834,長浜市大辰巳町,長浜市大辰巳町３－３,３－３,,H15/03/31,,,,長浜
美容所,ＭＩＮＴ,529-0113,長浜市大井町,長浜市大井町９８８,９８８,,H14/12/13,,,,長浜
美容所,ＮＥＷＳ,526-0015,長浜市神照町,長浜市神照町４６０－１７,４６０－１７,,H14/03/05,,,,長浜
美容所,ＮＯＮ Ｓｔｙｌｉｓｈ Ｈａｉｒ,526-0223,長浜市法楽寺町,長浜市法楽寺町３８－７４,３８－７４,,H16/11/24,,,,長浜
美容所,ｎｏｖｅｌ,526-0033,長浜市平方町,長浜市平方町８０７－４,８０７－４,,H18/11/10,,,,長浜
美容所,ＳＡＬ,526-0021,長浜市八幡中山町,長浜市八幡中山町５３５,５３５,,H13/10/22,,,,長浜
美容所,ＳＡＬＯＮ ＤＥ Ｆ,529-0425,長浜市木之本町木之本,長浜市木之本町木之本１１３３,１１３３,,H15/03/18,,,,長浜
美容所,Ｓａｌｏｎ ｄｅ Ｋｉｓｓ,529-0212,長浜市高月町井口,長浜市高月町井口１３４０－２０,１３４０－２０,,H08/04/19,,,,長浜
美容所,ｓｔｙｌｉｎｇ ｌｏｕｎｇｅ ＢＵＮＺＯ,526-0043,長浜市大戌亥町,長浜市大戌亥町１０３１－１,１０３１－１,,H18/02/28,,,,長浜
美容所,ＴＵ ＤＯ ｈａｉｒ ｍａｋｅ,526-0056,長浜市朝日町,長浜市朝日町５－３,５－３,,H19/03/27,,,,長浜
美容所,ｕｌｔｉｍａｔｔｉｃ ｈａｉｒ ｃｕｔ,526-0021,長浜市八幡中山町,長浜市八幡中山町２５１－１ コルドン ブルー １階 ２ 号室,２５１－１ コルドン ブルー １階 ２ 号室,,H18/05/23,,,,長浜
美容所,Ｗｉｓｈ ｈａｉｒ,526-0021,長浜市八幡中山町,長浜市八幡中山町５１４－６,５１４－６,,H15/11/07,,,,長浜
美容所,アートィンスズキ,526-0031,長浜市八幡東町,長浜市八幡東町２７５,２７５,株式会社ビューティーサロンスズキ,H07/09/28,,,,長浜
美容所,アイコ美容室,521-0202,米原市柏原,米原市柏原１３９２－２,１３９２－２,,S58/11/22,,,,長浜
美容所,ビューティサロン あおい,526-0843,長浜市南小足町,長浜市南小足町４３９－２６,４３９－２６,,S55/07/10,,,,長浜
美容所,あけみ美容室,529-0343,長浜市湖北町小倉,長浜市湖北町小倉１３０－１２,１３０－１２,,S53/12/07,,,,長浜
美容所,あだち美容室,529-0425,長浜市木之本町木之本,長浜市木之本町木之本１０６３,１０６３,,S48/07/17,,,,長浜
美容所,アトリエ Ｒｏｕｇｅ（ルージュ）,526-0033,長浜市平方町,長浜市平方町１１１４－４,１１１４－４,,H20/12/04,,,,長浜
美容所,アトリエ マジック,529-0241,長浜市高月町高月,長浜市高月町高月１７３６－１,１７３６－１,,H06/09/29,,,,長浜
美容所,あやめ美容室,529-0722,長浜市西浅井町庄,長浜市西浅井町庄４９５,４９５,,S43/12/25,,,,長浜
美容所,あや美容室,526-0804,長浜市加納町,長浜市加納町１２２－２０,１２２－２０,,S56/11/10,,,,長浜
美容所,いづみ美容室,521-0072,米原市顔戸,米原市顔戸１２８２－６,１２８２－６,,S46/02/03,,,,長浜
美容所,イブキ美容室,526-0014,長浜市口分田町,長浜市口分田町７４５,７４５,,S36/07/23,,,,長浜
美容所,うえの美容室,521-0312,米原市上野,米原市上野１０１４－１,１０１４－１,,S61/04/15,,,,長浜
美容所,エコー美容室,521-0012,米原市米原,米原市米原３５３,３５３,,S51/06/29,,,,長浜
美容所,エツコ美容室,529-0721,長浜市西浅井町大浦,長浜市西浅井町大浦堂前２７９,堂前２７９,,H01/12/11,,,,長浜
美容所,エミコ美容室,526-0232,長浜市南池町,長浜市南池町１８４－１,１８４－１,,S59/10/26,,,,長浜
美容所,お～くら美容室,526-0024,長浜市三ツ矢元町,長浜市三ツ矢元町８－２１,８－２１,,S36/02/02,,,,長浜
美容所,おしゃれはうす アキコ,529-0232,長浜市高月町落川,長浜市高月町落川１５７－３１,１５７－３１,,S63/07/02,,,,長浜
美容所,おしゃれはうす ちずる,529-0422,長浜市木之本町田部,長浜市木之本町田部１１７,１１７,,H11/10/07,,,,長浜
美容所,おの美容室,529-0261,長浜市高月町東物部,長浜市高月町東物部７２２,７２２,,H04/05/13,,,,長浜
美容所,オリオン美容院,521-0012,米原市米原,米原市米原２０３,２０３,,H21/02/18,,,,長浜
美容所,かけい美容室,529-0341,長浜市湖北町速水,長浜市湖北町速水１６２３,１６２３,,S54/07/07,,,,長浜
美容所,カスブチ美容室,526-0056,長浜市朝日町,長浜市朝日町６－１７,６－１７,,S57/11/13,,,,長浜
美容所,かたぎり美容室,529-0241,長浜市高月町高月,長浜市高月町高月１６４０－３,１６４０－３,,S49/12/25,,,,長浜
美容所,かっとさろん 亜す香,526-0042,長浜市勝町,長浜市勝町１２３－４６,１２３－４６,,H02/03/29,,,,長浜
美容所,カットハウス ノバ,526-0032,長浜市南高田町,長浜市南高田町１２６,１２６,,S58/12/03,,,,長浜
美容所,カットハウス ピュア,521-0232,米原市坂口,米原市坂口９０,９０,,S59/05/04,,,,長浜
美容所,カミヤマ美容室,526-0108,長浜市難波町,長浜市難波町３４０,３４０,,S57/05/22,,,,長浜
美容所,かをり美容室,529-0701,長浜市西浅井町塩津浜,長浜市西浅井町塩津浜８５８,８５８,,S47/09/21,,,,長浜
美容所,キク美容室,529-0241,長浜市高月町高月,長浜市高月町高月２６－３,２６－３,,S47/07/22,,,,長浜
美容所,きゃら美容室,526-0042,長浜市勝町,長浜市勝町２８－３,２８－３,,H13/06/25,,,,長浜
美容所,きょうこ美容室,526-0242,長浜市三田町,長浜市三田町１４４８－１１,１４４８－１１,,H01/03/07,,,,長浜
美容所,きりはた美容室,529-0523,長浜市余呉町川並,長浜市余呉町川並６０６,６０６,,S56/07/16,,,,長浜
美容所,クリエイトサロン フレンド,526-0033,長浜市平方町,長浜市平方町９２－８,９２－８,,H04/04/02,,,,長浜
美容所,ケイコ美容室,526-0817,長浜市七条町,長浜市七条町６８０,６８０,,S53/09/30,,,,長浜
美容所,ケイコ美容室,526-0115,長浜市大浜町,長浜市大浜町１３５,１３５,,H02/05/08,,,,長浜
美容所,こわふ～る赤い三輪車,526-0052,長浜市神前町,長浜市神前町６－１０,６－１０,,H03/03/28,,,,長浜
美容所,さつき美容室,521-0304,米原市吉槻,米原市吉槻７９０,７９０,,S46/04/14,,,,長浜
美容所,サユリ美容院,529-0425,長浜市木之本町木之本,長浜市木之本町木之本９３４,９３４,,S55/10/14,,,,長浜
美容所,サロンド カヨ,526-0015,長浜市神照町,長浜市神照町６８３－８,６８３－８,,S61/02/24,,,,長浜
美容所,サロンド・アキコ,526-0059,長浜市元浜町,長浜市元浜町３０－４０,３０－４０,,S60/10/22,,,,長浜
美容所,サロンドミカ,526-0021,長浜市八幡中山町,長浜市八幡中山町４２６－２,４２６－２,,S53/10/17,,,,長浜
美容所,サロンドミチコ,529-0144,長浜市大寺町,長浜市大寺町１０３１,１０３１,,H06/06/27,,,,長浜
美容所,サロン・ド・ルル,526-0847,長浜市山階町,長浜市山階町５８９－３,５８９－３,,S62/08/25,,,,長浜
美容所,シバタ美容室,521-0016,米原市下多良,米原市下多良５４－９,５４－９,,S55/11/01,,,,長浜
美容所,すぎた美容室,526-0016,長浜市十里町,長浜市十里町１９８－１３,１９８－１３,,S50/12/22,,,,長浜
美容所,スキル美容室,526-0067,長浜市港町,長浜市港町１－３０,１－３０,,H05/02/12,,,,長浜
美容所,すぎ美容室,529-0425,長浜市木之本町木之本,長浜市木之本町木之本１１４８,１１４８,,H10/05/07,,,,長浜
美容所,セピア美容室,526-0037,長浜市高田町,長浜市高田町６－８,６－８,,S61/04/05,,,,長浜
美容所,ゼファー,529-0425,長浜市木之本町木之本,長浜市木之本町木之本１０９０,１０９０,,H05/09/14,,,,長浜
美容所,その美容室,529-0241,長浜市高月町高月,長浜市高月町高月１５６,１５６,,S45/02/13,,,,長浜
美容所,ダイヤモンド美容室,521-0242,米原市長岡,米原市長岡９９５－２,９９５－２,,S40/12/27,,,,長浜
美容所,タガワ美容室,526-0015,長浜市神照町,長浜市神照町８５５－８,８５５－８,,S40/08/19,,,,長浜
美容所,タケベ美容室,526-0065,長浜市公園町,長浜市公園町３－９,３－９,,S36/02/24,,,,長浜
美容所,タジマ美容室,526-0037,長浜市高田町,長浜市高田町３－１８,３－１８,,S54/12/19,,,,長浜
美容所,チカ美容室,526-0814,長浜市石田町,長浜市石田町１２５４,１２５４,,H19/09/07,,,,長浜
美容所,ちすき美容室,529-0706,長浜市西浅井町余,長浜市西浅井町余１１０－６,１１０－６,,H03/10/28,,,,長浜
美容所,ＧＲＥＥＮ,526-0031,長浜市八幡東町,長浜市八幡東町９－１,９－１,株式会社ツイング,H10/04/01,,,,長浜
美容所,ツクダ美容室,526-0058,長浜市南呉服町,長浜市南呉服町９－９,９－９,,S53/09/26,,,,長浜
美容所,ツジイ美容室,529-0221,長浜市高月町高野,長浜市高月町高野１１１９,１１１９,,S53/08/25,,,,長浜
美容所,つだ美容室,529-0205,長浜市高月町唐川,長浜市高月町唐川７５３－１,７５３－１,,S51/03/10,,,,長浜
美容所,つぼみ美容室,529-0144,長浜市大寺町,長浜市大寺町１０１０,１０１０,,S51/07/14,,,,長浜
美容所,つやこ美容室,526-0024,長浜市三ツ矢元町,長浜市三ツ矢元町１０－１２,１０－１２,,S48/11/10,,,,長浜
美容所,テルミ美容室,526-0025,長浜市分木町,長浜市分木町６－２８,６－２８,,S48/02/20,,,,長浜
美容所,ときわ美容室,526-0823,長浜市常喜町,長浜市常喜町６６６,６６６,,S52/04/19,,,,長浜
美容所,とき美容室,521-0242,米原市長岡,米原市長岡１７２８－３,１７２８－３,,S52/12/06,,,,長浜
美容所,とまと美容室,521-0235,米原市小田,米原市小田１５６－１,１５６－１,,H11/02/16,,,,長浜
美容所,ナルセ美容室,529-0534,長浜市余呉町小谷,長浜市余呉町小谷１４９－１,１４９－１,,S59/02/28,,,,長浜
美容所,ニュース長浜店,526-0015,長浜市神照町,長浜市神照町４８８－１０伏木ビル１階,４８８－１０伏木ビル１階,有限会社ジャズコーポレーション,H06/05/30,,,,長浜
美容所,ハートヘアー おくい,526-0033,長浜市平方町,長浜市平方町１１７７－７,１１７７－７,,H01/12/03,,,,長浜
美容所,パーマハウス ますだ,521-0016,米原市下多良,米原市下多良４８７,４８７,,H01/08/30,,,,長浜
美容所,ぱーまや いとう,529-0304,長浜市小谷丁野町,長浜市小谷丁野町３３０,３３０,,S63/07/22,,,,長浜
美容所,パール美容室,521-0025,米原市番場,米原市番場７５５,７５５,,H06/06/16,,,,長浜
美容所,ハッピー美容室,526-0817,長浜市七条町,長浜市七条町１８８－１,１８８－１,,S43/11/04,,,,長浜
美容所,パーマはうす 美’Ｓ,529-0113,長浜市大井町,長浜市大井町２０５,２０５,,H18/12/01,,,,長浜
美容所,パリジェンヌ美容室,526-0242,長浜市三田町,長浜市三田町１３０８－２８,１３０８－２８,,H07/04/28,,,,長浜
美容所,ひさき美容室,521-0314,米原市春照,米原市春照５２７－２,５２７－２,,S55/10/08,,,,長浜
美容所,ひさ美容室,526-0831,長浜市宮司町,長浜市宮司町４４３,４４３,,S41/05/26,,,,長浜
美容所,ヒトミ美容所,521-0202,米原市柏原,米原市柏原１０９７,１０９７,,S41/03/26,,,,長浜
美容所,ビビ・キャラ,526-0032,長浜市南高田町,長浜市南高田町９－１５,９－１５,,H14/10/17,,,,長浜
美容所,ビューティ クライム,526-0045,長浜市寺田町,長浜市寺田町２６３,２６３,,H05/10/18,,,,長浜
美容所,ビューティ サロン ほりい,526-0032,長浜市南高田町,長浜市南高田町１－２１,１－２１,,H12/06/20,,,,長浜
美容所,ビューティ ソレイユ,526-0066,長浜市大島町,長浜市大島町３８,３８,株式会社ソレイユ,H04/07/17,,,,長浜
美容所,ビューティ 田中,529-0521,長浜市余呉町下余呉,長浜市余呉町下余呉１０７２,１０７２,,S61/03/25,,,,長浜
美容所,ビューティ 美香,521-0016,米原市下多良,米原市下多良８５－４,８５－４,,S56/11/01,,,,長浜
美容所,ビューティ 昴,521-0311,米原市伊吹,米原市伊吹７５２,７５２,,H05/02/19,,,,長浜
美容所,ＭＩＳＯＮＯ,526-0053,長浜市宮前町,長浜市宮前町１６－４,１６－４,有限会社美苑,H12/07/14,,,,長浜
美容所,ビューティサロン Ｍ,526-0041,長浜市四ツ塚町,長浜市四ツ塚町１４４－４,１４４－４,,H04/09/30,,,,長浜
美容所,ビューティサロン エル,526-0244,長浜市内保町,長浜市内保町２３７８－２,２３７８－２,,H11/01/06,,,,長浜
美容所,ビューティサロン きたむら,529-0275,長浜市高月町重則,長浜市高月町重則４０１－１,４０１－１,,H06/11/28,,,,長浜
美容所,ビューティサロン きたむら,521-0062,米原市宇賀野,米原市宇賀野８２２,８２２,,S60/04/27,,,,長浜
美容所,ビューティサロン サチ,526-0015,長浜市神照町,長浜市神照町９１２－１,９１２－１,,S60/06/27,,,,長浜
美容所,ビューティサロン さとみ,529-0223,長浜市高月町馬上,長浜市高月町馬上９８４－３,９８４－３,,S63/06/01,,,,長浜
美容所,ビューティサロン さめがい,521-0035,米原市醒井,米原市醒井６１４,６１４,,H14/08/01,,,,長浜
美容所,ビューティサロン スズキ,526-0059,長浜市元浜町,長浜市元浜町３１－２８,３１－２８,株式会社ビューティーサロンスズキ,S63/10/12,,,,長浜
美容所,ビューティサロン すみれ,526-0235,長浜市佐野町,長浜市佐野町１８７,１８７,,S60/08/01,,,,長浜
美容所,ビューティサロン チエコ,526-0802,長浜市東上坂町,長浜市東上坂町８７２,８７２,,S62/11/08,,,,長浜
美容所,ビューティサロン ビアン,526-0243,長浜市大路町,長浜市大路町９２０,９２０,,H12/09/05,,,,長浜
美容所,ビューティサロン 三恵,526-0041,長浜市四ツ塚町,長浜市四ツ塚町１３１－３,１３１－３,,S59/03/10,,,,長浜
美容所,ビューティサロン 清水,521-0244,米原市大野木,米原市大野木１０６８－１,１０６８－１,,S55/03/15,,,,長浜
美容所,ビューティサロン 文,529-0131,長浜市柿ノ木,長浜市柿ノ木４７,４７,,H11/03/05,,,,長浜
美容所,ビューティサロン 保美,526-0056,長浜市朝日町,長浜市朝日町２－１４,２－１４,,H12/03/08,,,,長浜
美容所,ビューティサロンソフィア,529-0341,長浜市湖北町速水,長浜市湖北町速水１２９１－１,１２９１－１,,H08/03/19,,,,長浜
美容所,ビューティサロン向日葵,526-0013,長浜市新庄寺町,長浜市新庄寺町１６４,１６４,,H09/12/22,,,,長浜
美容所,びゅーてぃぱーら まぶち,526-0025,長浜市分木町,長浜市分木町１－８,１－８,,H06/03/29,,,,長浜
美容所,びようはうす ノア,526-0067,長浜市港町,長浜市港町１４９－３,１４９－３,,S57/07/02,,,,長浜
美容所,びようハウスポニーテール,521-0233,米原市野一色,米原市野一色１４４－６,１４４－６,,H08/05/29,,,,長浜
美容所,ひろみ美容室,521-0321,米原市髙番,米原市髙番４５２,４５２,,S43/02/25,,,,長浜
美容所,ふたば美容室,521-0091,米原市岩脇,米原市岩脇１０４４,１０４４,,S52/10/20,,,,長浜
美容所,ふみ美容院,526-0056,長浜市朝日町,長浜市朝日町７－１４,７－１４,,S33/12/01,,,,長浜
美容所,ヘア．ハウス．クレヨン,526-0015,長浜市神照町,長浜市神照町１６２－５,１６２－５,有限会社クレヨン美容室,H10/03/24,,,,長浜
美容所,ヘアー＆フェイスサロン ゆう,526-0816,長浜市今川町,長浜市今川町２４３－１４,２４３－１４,,H03/09/06,,,,長浜
美容所,ヘアースタジオ・ピア,529-0354,長浜市湖北町山本,長浜市湖北町山本１３２３－２,１３２３－２,有限会社ヤマモト・ピア,H06/11/02,,,,長浜
美容所,へあーず倶楽部 髪工房,526-0067,長浜市港町,長浜市港町４－９,４－９,,H17/03/15,,,,長浜
美容所,へあくりえいとＲａｖｉ,521-0242,米原市長岡,米原市長岡９３３－１,９３３－１,,H07/10/30,,,,長浜
美容所,ヘアーピークス,526-0021,長浜市八幡中山町,長浜市八幡中山町４８２,４８２,,H17/04/26,,,,長浜
美容所,ヘアメイク ジェニー・ラヴ,526-0021,長浜市八幡中山町,長浜市八幡中山町９８２,９８２,,H16/04/30,,,,長浜
美容所,ヘアメイク 綺羅,526-0803,長浜市西上坂町,長浜市西上坂町１２３０,１２３０,,H01/02/22,,,,長浜
美容所,ヘルシースリム Ｙ＆Ｙ,526-0031,長浜市八幡東町,長浜市八幡東町１３１,１３１,,H06/03/14,,,,長浜
美容所,ホリ美容室,529-0527,長浜市余呉町東野,長浜市余呉町東野１２８－２９,１２８－２９,,S49/03/30,,,,長浜
美容所,マキシム,529-0425,長浜市木之本町木之本,長浜市木之本町木之本１６００,１６００,,H07/04/18,,,,長浜
美容所,マツムラ美容室,526-0063,長浜市末広町,長浜市末広町６－３４,６－３４,,H10/08/24,,,,長浜
美容所,マリ美容室,526-0111,長浜市川道町,長浜市川道町２７３１,２７３１,,S46/07/09,,,,長浜
美容所,ミエ美容室,526-0828,長浜市加田町,長浜市加田町２４９８,２４９８,,S57/12/12,,,,長浜
美容所,みえ美容室,526-0105,長浜市細江町,長浜市細江町１４４０－６,１４４０－６,,S54/09/16,,,,長浜
美容所,みち美容室,529-0222,長浜市高月町雨森,長浜市高月町雨森１５１２,１５１２,,H03/02/05,,,,長浜
美容所,みわ美容室,526-0252,長浜市八島町,長浜市八島町４９５,４９５,,S47/12/08,,,,長浜
美容所,もとや美容室,526-0056,長浜市朝日町,長浜市朝日町１６－２５,１６－２５,,S46/05/20,,,,長浜
美容所,やまなか美容室,521-0231,米原市村居田,米原市村居田８５１,８５１,,S43/03/15,,,,長浜
美容所,ユキ美容室,529-0411,長浜市木之本町古橋,長浜市木之本町古橋１２６１,１２６１,,S63/10/05,,,,長浜
美容所,ゆりか美容室,521-0314,米原市春照,米原市春照１８４９,１８４９,,S33/12/01,,,,長浜
美容所,リヴァ美容室,526-0816,長浜市今川町,長浜市今川町６９２,６９２,,S49/02/08,,,,長浜
美容所,リューミ美容院,529-0721,長浜市西浅井町大浦,長浜市西浅井町大浦６９－１,６９－１,,H03/12/12,,,,長浜
美容所,るみ美容室,526-0024,長浜市三ツ矢元町,長浜市三ツ矢元町２１－５,２１－５,,S37/10/06,,,,長浜
美容所,ワークソシアルたちばな,526-0053,長浜市宮前町,長浜市宮前町１５－１,１５－１,,H13/03/16,,,,長浜
美容所,わかば美容室,526-0244,長浜市内保町,長浜市内保町１１２３,１１２３,,H04/10/16,,,,長浜
美容所,わかば美容室,526-0203,長浜市野瀬町,長浜市野瀬町９７３,９７３,,S58/04/29,,,,長浜
美容所,安堵,521-0074,米原市高溝,米原市高溝１６２－１,１６２－１,,H17/11/21,,,,長浜
美容所,伊藤美容室,529-0431,長浜市木之本町大音,長浜市木之本町大音１０５０,１０５０,,S59/03/19,,,,長浜
美容所,関谷美容室,529-0354,長浜市湖北町山本,長浜市湖北町山本１２５５,１２５５,,S38/06/01,,,,長浜
美容所,岩佐美容院,521-0202,米原市柏原,米原市柏原７７５,７７５,,S37/11/01,,,,長浜
美容所,吟谷美容室,529-0704,長浜市西浅井町塩津中,長浜市西浅井町塩津中２５３,２５３,,S38/03/22,,,,長浜
美容所,光家美容室,529-0241,長浜市高月町高月,長浜市高月町高月４４３,４４３,,S51/12/08,,,,長浜
美容所,光余美容室,526-0831,長浜市宮司町,長浜市宮司町１１０１－６,１１０１－６,,H01/03/31,,,,長浜
美容所,高倉美容室,521-0081,米原市多和田,米原市多和田１５６５,１５６５,,S47/03/08,,,,長浜
美容所,山田美容室,521-0021,米原市河南,米原市河南３２０－９,３２０－９,,H04/02/24,,,,長浜
美容所,山本美容室,521-0307,米原市大久保,米原市大久保５８６,５８６,,S34/04/30,,,,長浜
美容所,秋山美容室,521-0312,米原市上野,米原市上野４７４－２,４７４－２,,S47/12/11,,,,長浜
美容所,春照美容所,521-0314,米原市春照,米原市春照２３２－１,２３２－１,,S49/06/08,,,,長浜
美容所,小野美容室,521-0225,米原市市場,米原市市場４０４,４０４,,H01/02/14,,,,長浜
美容所,小林美容室,526-0801,長浜市千草町,長浜市千草町１０１－２,１０１－２,,S63/06/06,,,,長浜
美容所,森美容室,521-0242,米原市長岡,米原市長岡１６２０,１６２０,,S34/07/01,,,,長浜
美容所,世森美容室,521-0064,米原市世継,米原市世継７４０－６,７４０－６,,S53/01/11,,,,長浜
美容所,清水美容室,529-0313,長浜市湖北町伊部,長浜市湖北町伊部６５,６５,,S33/12/01,,,,長浜
美容所,西川美容室,526-0835,長浜市室町,長浜市室町２６７－１,２６７－１,,S33/12/01,,,,長浜
美容所,千鶴美容室,521-0022,米原市樋口,米原市樋口１５０－１４,１５０－１４,,S58/08/05,,,,長浜
美容所,川崎美容室,521-0311,米原市伊吹,米原市伊吹９９０－１,９９０－１,,H06/02/15,,,,長浜
美容所,大橋美容室,521-0221,米原市池下,米原市池下８７１－１,８７１－１,,S57/12/22,,,,長浜
美容所,谷口美容室,529-0404,長浜市木之本町杉本,長浜市木之本町杉本３６３,３６３,,S50/12/08,,,,長浜
美容所,谷口美容室,529-0521,長浜市余呉町下余呉,長浜市余呉町下余呉４１０,４１０,,H11/01/05,,,,長浜
美容所,竹内美容室,529-0222,長浜市高月町雨森,長浜市高月町雨森１１５５,１１５５,,S51/07/03,,,,長浜
美容所,中山美容室,529-0515,長浜市余呉町中之郷,長浜市余呉町中之郷１６６９,１６６９,,S53/11/24,,,,長浜
美容所,中川美容室,529-0425,長浜市木之本町木之本,長浜市木之本町木之本２０３７－２,２０３７－２,,H11/05/19,,,,長浜
美容所,田中美容室,521-0244,米原市大野木,米原市大野木７９０,７９０,,S60/06/27,,,,長浜
美容所,藤田美容室,529-0423,長浜市木之本町千田,長浜市木之本町千田８６５－３,８６５－３,,S51/12/05,,,,長浜
美容所,藤木美容室,526-0264,長浜市上野町,長浜市上野町３０３,３０３,,H06/06/01,,,,長浜
美容所,Ｌｉｔｔｌｅ ｂｙ ｌｉｔｔｌｅ,526-0034,長浜市弥高町,長浜市弥高町３４,３４,,H16/10/12,,,,長浜
美容所,カットコムズ長浜店,526-0847,長浜市山階町,長浜市山階町２７１－１ イオン長浜店２Ｆ,２７１－１ イオン長浜店２Ｆ,株式会社マックスコムズウエスト,H22/02/03,,,,長浜
美容所,Ｈａｉｒ Ｍｉｍｐｉ,526-0033,長浜市平方町,長浜市平方町２３８ ワイエフビル２３,２３８ ワイエフビル２３,有限会社Ｃａｎｔｉｋ,H22/03/26,,,,長浜
美容所,美の癒し 米原店,521-0074,米原市高溝,米原市高溝２１０,２１０,株式会社醍醐,H22/03/15,,,,長浜
美容所,滋賀創寫舘（マナーヴィレッジ写風舘）,521-0074,米原市高溝,米原市高溝２１０,２１０,株式会社醍醐,H22/03/18,,,,長浜
美容所,リアン,526-0847,長浜市山階町,長浜市山階町４５３－１,４５３－１,,H22/04/15,,,,長浜
美容所,ｈａｎａ × ｈａｉｒ,526-0031,長浜市八幡東町,長浜市八幡東町３１２,３１２,株式会社カミングエンタープライズ,H22/06/10,,,,長浜
美容所,ｃｈｏｕ ｃｈｏｕ,526-0845,長浜市小堀町,長浜市小堀町５－１８,５－１８,,H22/06/22,,,,長浜
美容所,ｈａｉｒ Ｂｅ＋,526-0015,長浜市神照町,長浜市神照町７１０－１９,７１０－１９,,H22/10/15,,,,長浜
美容所,髪染本舗長浜店,526-0033,長浜市平方町,長浜市平方町７２２,７２２,日本バイオ医薬株式会社,H22/10/25,,,,長浜
美容所,Ｒｉｌａｓｓａ,529-0241,長浜市高月町高月,長浜市高月町高月１１９２－７,１１９２－７,,H22/12/14,,,,長浜
美容所,ＳＯＵ－ＡＮＤＯ,526-0023,長浜市三ツ矢町,長浜市三ツ矢町６－３ １Ｆ,６－３ １Ｆ,,H23/02/09,,,,長浜
美容所,ｂｒｏｏｃＨ,526-0021,長浜市八幡中山町,長浜市八幡中山町３３３－５,３３３－５,,H23/04/27,,,,長浜
美容所,ｃｌｏｖｅｒ,526-0021,長浜市八幡中山町,長浜市八幡中山町３１８－３４,３１８－３４,,H23/06/08,,,,長浜
美容所,Ｂｏｎｎｅ ｃｈａｎｃｅ,529-0232,長浜市高月町落川,長浜市高月町落川１５７－４０,１５７－４０,,H23/06/27,,,,長浜
美容所,Ｂｒｏｗｎｉｅ,526-0013,長浜市新庄寺町,長浜市新庄寺町４２４,４２４,,H23/07/01,,,,長浜
美容所,Ｊｕｇｅｍｕ,521-0062,米原市宇賀野,米原市宇賀野３０８－１０,３０８－１０,,H23/07/22,,,,長浜
美容所,ビビ,526-0833,長浜市永久寺町,長浜市永久寺町９８７－１,９８７－１,,H23/11/04,,,,長浜
美容所,すぎ美容室 ナチュル,529-0212,長浜市高月町井口,長浜市高月町井口１３９６－１４,１３９６－１４,,H23/11/29,,,,長浜
美容所,ｙｕ－ｅｎ＋ [ゆえん],529-0425,長浜市木之本町木之本,長浜市木之本町木之本１５８２－４,１５８２－４,,H24/02/06,,,,長浜
美容所,Ｈａｉｒ ｍａｒｕｋｏ,526-0061,長浜市祇園町,長浜市祇園町８７１－１７,８７１－１７,,H24/02/27,,,,長浜
美容所,ＢＥＡＵＴＹ ＳＨＡＭＰＯＯ,526-0131,長浜市富田町,長浜市富田町５１６－１,５１６－１,,H24/04/27,,,,長浜
美容所,ルシードスタイル バレッタ,526-0031,長浜市八幡東町,長浜市八幡東町１９３ ワイエフビル２６ １Ｆ,１９３ ワイエフビル２６ １Ｆ,,H24/05/10,,,,長浜
美容所,ＹＵ．ＲＡ．ＧＩ長浜店,526-0042,長浜市勝町,長浜市勝町９４－９,９４－９,有限会社アクセスワールド,H24/05/29,,,,長浜
美容所,Ｃｈｅｅｒ ａｒｃｈ ｓｔｙｌｅ,521-0032,米原市枝折,米原市枝折３９６,３９６,有限会社ディアール,H24/09/24,,,,長浜
美容所,３羽の小鳥美容室,526-0037,長浜市高田町,長浜市高田町６－８,６－８,,H24/10/19,,,,長浜
美容所,ｈ ３０℃,526-0036,長浜市地福寺町,長浜市地福寺町５－２８,５－２８,株式会社エイチサンジュウドシー,H24/11/29,,,,長浜
美容所,ＭＡＨＡＬＯ,526-0063,長浜市末広町,長浜市末広町５－４８－３,５－４８－３,,H25/03/26,,,,長浜
美容所,Ｔｏｉ ｅｔ Ｍｏｉ,521-0035,米原市醒井,米原市醒井５６４－１,５６４－１,,H25/05/01,,,,長浜
美容所,ＩＲＯ,529-0332,長浜市湖北町青名,長浜市湖北町青名９７－１,９７－１,,H25/05/16,,,,長浜
美容所,ぽかぽか,526-0204,長浜市鍛冶屋町,長浜市鍛冶屋町７２７,７２７,,H25/06/26,,,,長浜
美容所,Ｃ．,526-0042,長浜市勝町,長浜市勝町５５２－１,５５２－１,,H25/08/20,,,,長浜
美容所,ＨＡＩＲ ＳＡＬＯＮ Ｓｍｉｌｅ,529-0341,長浜市湖北町速水,長浜市湖北町速水５３－５,５３－５,,H26/02/24,,,,長浜
美容所,Ｉｒｉｓ,526-0031,長浜市八幡東町,長浜市八幡東町７０ サクシード２１ Ｃ,７０ サクシード２１ Ｃ,,H26/02/21,,,,長浜
美容所,Ｔｒｅａｔ,526-0063,長浜市末広町,長浜市末広町２４０－６ ワイエフビル１７ １階,２４０－６ ワイエフビル１７ １階,,H26/02/24,,,,長浜
美容所,ビューティーサロン サトー,521-0072,米原市顔戸,米原市顔戸１４１５－１８,１４１５－１８,,H26/03/26,,,,長浜
美容所,Ｈａｉｒ Ｃｏｌｌｅｃｔｉｏｎ Ｃｌｉｐ,526-0031,長浜市八幡東町,長浜市八幡東町４３２－１０,４３２－１０,,H26/05/13,,,,長浜
美容所,きゃんせ美容院,521-0062,米原市宇賀野,米原市宇賀野２８－２０,２８－２０,株式会社きゃんせ美容院,H26/05/14,,,,長浜
美容所,ａｎｇｅｙ,526-0242,長浜市三田町,長浜市三田町４４７－５,４４７－５,,H26/06/13,,,,長浜
美容所,わいづ,526-0015,長浜市神照町,長浜市神照町３３０－６,３３０－６,,H26/09/25,,,,長浜
美容所,ココヘアー,526-0024,長浜市三ツ矢元町,長浜市三ツ矢元町２５－２３,２５－２３,株式会社セレクション,H26/10/27,,,,長浜
美容所,ビューティ まつい,521-0073,米原市箕浦,米原市箕浦１３１,１３１,,H26/12/02,,,,長浜
美容所,ＨＡＩＲ ＳＴＵＤＩＯ ＩＷＡＳＡＫＩ,526-0057,長浜市北船町,長浜市北船町１－１５ モンデクール長浜２Ｆ,１－１５ モンデクール長浜２Ｆ,株式会社ハクブン,H27/02/06,,,,長浜
美容所,カットコムズ長浜店２,526-0847,長浜市山階町,長浜市山階町２７１－１ イオン長浜店内２階,２７１－１ イオン長浜店内２階,,H27/04/08,,,,長浜
美容所,おうち,526-0042,長浜市勝町,長浜市勝町１３３－６,１３３－６,,H27/04/22,,,,長浜
美容所,ソレイユ,526-0244,長浜市内保町,長浜市内保町７８０－６,７８０－６,,H27/04/30,,,,長浜
美容所,Ｃａｃｈｅｔｔｅ,521-0062,米原市宇賀野,米原市宇賀野２４２－４１,２４２－４１,,H27/05/12,,,,長浜
美容所,ヘアサロン フェアリー,526-0244,長浜市内保町,長浜市内保町２５９６,２５９６,,H27/05/18,,,,長浜
美容所,ｃｈａｒｍｉｎｇ,526-0221,長浜市小野寺町,長浜市小野寺町５００－５,５００－５,,H27/08/21,,,,長浜
美容所,Ｄａｉｓｙ,529-0251,長浜市高月町宇根,長浜市高月町宇根３０－５,３０－５,,H27/12/11,,,,長浜
美容所,ｎａｎａｃａ,526-0015,長浜市神照町,長浜市神照町７４３,７４３,株式会社ライフリリーフ,H28/01/07,,,,長浜
美容所,ＣＯＣＯ ＣＨＡＲＭＥ,526-0046,長浜市高橋町,長浜市高橋町５４１－６ テックⅡ ２Ｆ,５４１－６ テックⅡ ２Ｆ,株式会社ＡＴＴＩＣ ＯＵＴＥＲＮＡＴＩＯＮ ＡＬ,H27/12/28,,,,長浜
美容所,・・・ａｍ－ｓｋｙ アムスカイ,521-0016,米原市下多良一丁目,米原市下多良一丁目１７４ １０３号室,１７４ １０３号室,,H28/02/12,,,,長浜
美容所,リエ美容室,521-0016,米原市下多良,米原市下多良２－６,２－６,,H28/04/26,,,,長浜
美容所,サロン・ド・マリ(Salon de MARI),526-0244,長浜市内保町,長浜市内保町２６３７－１,２６３７－１,,H28/05/12,,,,長浜
美容所,Ｃｏｍｉｎｇ,526-0103,長浜市曽根町,長浜市曽根町１３６２－１,１３６２－１,株式会社カミングエンタープライズ,H28/07/20,,,,長浜
美容所,縁 ‐ｅｎｉｓｉ‐,521-0074,米原市高溝,米原市高溝７－６,７－６,,H28/09/09,,,,長浜
美容所,美容室 チェリー,521-0023,米原市三吉,米原市三吉５５６,５５６,,H28/10/15,,,,長浜
美容所,ＨＡＩＲ ＳＴＵＤＩＯ ＩＷＡＳＡＫＩ,526-0033,長浜市平方町,長浜市平方町３３１ フレンドマート長浜平方店内,３３１ フレンドマート長浜平方店内,株式会社ハクブン,H28/11/18,,,,長浜
美容所,ＣＡＳＰＥＲ,526-0831,長浜市宮司町,長浜市宮司町１１６１－２ ２Ｆ,１１６１－２ ２Ｆ,,H29/01/06,,,,長浜
美容所,ｆｕｕ,521-0314,米原市春照,米原市春照１９３４,１９３４,,H29/03/13,,,,長浜
美容所,ｅｙｅｌａｓｈ ＆ ｎａｉｌ Ｂｌｏｏｍ,526-0031,長浜市八幡東町,長浜市八幡東町２６６－１ ２Ｆ,２６６－１ ２Ｆ,,H29/03/22,,,,長浜
美容所,未来 ヘアカット 研究所,526-0834,長浜市大辰巳町,長浜市大辰巳町３１,３１,,H29/04/12,,,,長浜
美容所,ｆｏｎｄｕｅ．ｈａｉｒ＆ｂｅａｕｔｙ,521-0072,米原市顔戸,米原市顔戸１４１５－４６,１４１５－４６,,H29/05/09,,,,長浜
美容所,ｃａｎｄｙ,526-0843,長浜市南小足町,長浜市南小足町４３９－３８,４３９－３８,,H29/05/30,,,,長浜
美容所,ｅｍａ,526-0031,長浜市八幡東町,長浜市八幡東町３１２,３１２,株式会社カミングエンタープライズ,H29/06/30,,,,長浜
美容所,Ｒａｙ ｐｌｕｓ,526-0111,長浜市川道町,長浜市川道町３１１２－１,３１１２－１,,H29/09/01,,,,長浜
美容所,ｅｙｅＭｉｉｉ,526-0845,長浜市小堀町,長浜市小堀町３３１ メルベール１０３,３３１ メルベール１０３,,H29/09/22,,,,長浜
美容所,ミヤコ美容室,521-0242,米原市長岡,米原市長岡９６７－１,９６７－１,,H29/09/26,,,,長浜
美容所,ゆもと美容室,526-0817,長浜市七条町,長浜市七条町１２６２－５,１２６２－５,,H29/10/26,,,,長浜
美容所,ｉｒｏｈａ＿ｃｏｕｐｅ,526-0065,長浜市公園町,長浜市公園町２－５５,２－５５,,H29/11/09,,,,長浜
美容所,仲谷,521-0314,米原市春照,米原市春照１９３５－１,１９３５－１,,H29/11/14,,,,長浜
美容所,ＫＡＶＫＡ,526-0016,長浜市十里町,長浜市十里町２１０－１,２１０－１,,H30/01/30,,,,長浜
美容所,ｎｉｃｏｔｔｏ,526-0032,長浜市南高田町,長浜市南高田町９－２１,９－２１,,H30/02/27,,,,長浜
美容所,ｈａｉｒ ＪＩＳＴＡ,526-0831,長浜市宮司町,長浜市宮司町７１０－６,７１０－６,株式会社ｕｎｌｉｍｉｔｅｄ ｐｌａｎｓ,H30/09/18,,,,長浜
美容所,ＭＡＱＵＩＡ 長浜駅前店,526-0037,長浜市高田町,長浜市高田町６－１６ 第１２森野ビル１Ｆ,６－１６ 第１２森野ビル１Ｆ,株式会社ＭＡＱＵＩＡ,H30/12/06,,,,長浜
美容所,ｈａｉｒ ｇｌｏｒｙ,521-0062,米原市宇賀野,米原市宇賀野２－２７,２－２７,,H31/03/07,,,,長浜
美容所,髪ゆう,526-0055,長浜市三和町,長浜市三和町６４－４,６４－４,,R01/06/10,,,,長浜
美容所,eyelash salon hanabaco,526-0254,長浜市尊野町,長浜市尊野町１０７－１,１０７－１,,R01/08/06,,,,長浜
美容所,Ｂｌｕｅｇｅ,526-0003,長浜市泉町,長浜市泉町１０２,１０２,,R01/08/22,,,,長浜
美容所,マキシム美容室,529-0425,長浜市木之本町木之本,長浜市木之本町木之本１５５６－４,１５５６－４,,R01/09/02,,,,長浜
美容所,ｈａｉｒ ｓａｌｏｎ Ｙ×Ｂ,526-0033,長浜市平方町,長浜市平方町８０９－８,８０９－８,,R01/09/26,,,,長浜
美容所,ｈａｉｒ ａｍｉｎ,526-0105,長浜市細江町,長浜市細江町１０－５,１０－５,,R01/10/03,,,,長浜
美容所,街の理美容室ぷらっと,526-0021,長浜市八幡中山町,長浜市八幡中山町３６１,３６１,,R01/10/15,,,,長浜
美容所,ｙｕｒａｒｉ,521-0213,米原市堂谷,米原市堂谷２０３,２０３,,R01/11/11,,,,長浜
美容所,ｖｉｐ ｆｅｅｌｌ,526-0033,長浜市平方町,長浜市平方町２５２－２ ２Ｆ,２５２－２ ２Ｆ,,R01/11/21,,,,長浜
美容所,ＣＬＵＴＣＨ,526-0051,長浜市一の宮町,長浜市一の宮町２－２８,２－２８,,R01/11/25,,,,長浜
美容所,Ｐｒｉｖａｔｅ ｔｏｔａｌ ｂｅａｕｔｙ Ｌｅａｕｌａ,526-0834,長浜市大辰巳町,長浜市大辰巳町３－５ 美石ビル１Ｆ,３－５ 美石ビル１Ｆ,,R01/12/13,,,,長浜
美容所,Ａｎｇｉｅ,526-0804,長浜市加納町,長浜市加納町６５５－６,６５５－６,,R02/01/15,,,,長浜
美容所,ｈａｉｒ ｃｌａｒａ,526-0031,長浜市八幡東町,長浜市八幡東町９９－１ ＣＥＰビル１Ｆ,９９－１ ＣＥＰビル１Ｆ,株式会社カミングエンタープライズ,R02/04/14,,,,長浜
美容所,ｈａｉｒ Ｒｏａｍ,526-0031,長浜市八幡東町,長浜市八幡東町９９－１ ＣＥＰビル２Ｆ１号,９９－１ ＣＥＰビル２Ｆ１号,,R02/04/22,,,,長浜
美容所,ＷＡＣＣＡ,526-0044,長浜市下坂中町,長浜市下坂中町２８８－９,２８８－９,,R02/04/22,,,,長浜
美容所,Ｈａｉｒ ｂｙ Ｌ’ａｊｉｔｔＯ,529-0112,長浜市宮部町,長浜市宮部町３０８４,３０８４,,R02/06/15,,,,長浜
美容所,Ｌａｎｉ,529-0527,長浜市余呉町東野,長浜市余呉町東野３７０－２,３７０－２,,R02/06/18,,,,長浜
美容所,Ｃｉｒｑｕｅ,526-0063,長浜市末広町,長浜市末広町１－３,１－３,,R02/06/18,,,,長浜
美容所,Ｒ－ｒｉｃｈｅ,529-0241,長浜市高月町高月,長浜市高月町高月６００－１,６００－１,,R02/07/09,,,,長浜
美容所,ｅｔｗ Ｅｙｅｌａｓｈ＆Ｐｈｏｔｏｅｐｉ ｌａｔｉｏｎ,526-0031,長浜市八幡東町,長浜市八幡東町９９－１ ＣＥＰビル２Ｆ２号,９９－１ ＣＥＰビル２Ｆ２号,株式会社ｕｎｌｉｍｉｔｅｄ ｐｌａｎｓ,R02/07/09,,,,長浜
美容所,美草,521-0003,米原市入江,米原市入江７８３－４,７８３－４,,R02/09/14,,,,長浜
美容所,ＦＬＡＮＥＲ,521-0016,米原市下多良,米原市下多良二丁目６３ セリマンション１０５号,二丁目６３ セリマンション１０５号,,R02/11/02,,,,長浜
美容所,ｉｄ,526-0263,長浜市小室町,長浜市小室町５５５,５５５,株式会社自然形体療法,R02/11/25,,,,長浜
美容所,ｈａｉｒ Ａｙｌｌｕ,526-0015,長浜市神照町,長浜市神照町４００－５ Ｃ－１,４００－５ Ｃ－１,,R02/11/27,,,,長浜
美容所,Ｓａｌｏｎ．ｍｏｒｅｌ,521-0062,米原市宇賀野,米原市宇賀野９２－２１,９２－２１,,R02/12/04,,,,長浜
美容所,ＳＯＩＮ,521-0072,米原市顔戸,米原市顔戸１４１１－４５,１４１１－４５,,R02/12/18,,,,長浜
美容所,Ｒｏｏｔｓ ｓａｌｏｎ,529-0205,長浜市高月町唐川,長浜市高月町唐川５１３,５１３,,R03/01/08,,,,長浜
美容所,ＭＥＲＣＩ,526-0034,長浜市弥高町,長浜市弥高町２９１,２９１,,R03/01/21,,,,長浜
美容所,マツエク・まつげパーマ専門店 Ｌｉｌａ長 浜店,526-0015,長浜市神照町,長浜市神照町４００－６ Ｂ－３,４００－６ Ｂ－３,株式会社リラ,R03/02/25,,,,長浜
美容所,Ａｇｕ ｈａｉｒ ｂｅｌｌｏ 長浜店,526-0031,長浜市八幡東町,長浜市八幡東町６２２－２ ワイエフビル２８ １階,６２２－２ ワイエフビル２８ １階,株式会社ａｇｉｒ,R03/03/03,,,,長浜
美容所,ｗｉｌｌｏｗ,521-0063,米原市飯,米原市飯２７－１０,２７－１０,,R03/03/03,,,,長浜
美容所,Ｈａｉｒ Ｃ２,526-0821,長浜市本庄町,長浜市本庄町７１７,７１７,,R03/03/15,,,,長浜
美容所,ＬＩＮＨＡ＋ｎ,526-0042,長浜市勝町,長浜市勝町９１－１０,９１－１０,株式会社クレステージ,R03/03/26,,,,長浜
美容所,ＴＨＥ ＴＯＰ,526-0845,長浜市小堀町,長浜市小堀町３３１ メルベール１０６号室,３３１ メルベール１０６号室,,R03/04/08,,,,長浜
美容所,ａｎｉｔａ ｂｙ ｇａｎｅｓｈａ,526-0015,長浜市神照町,長浜市神照町４００－６ カミテルパークＢ－１、Ｂ－ ２,４００－６ カミテルパークＢ－１、Ｂ－ ２,株式会社ガネイシャ,R03/04/16,,,,長浜
美容所,リラクゼーションサロン ラファエル,521-0314,米原市春照,米原市春照１０８０－１０,１０８０－１０,,R03/04/22,,,,長浜
美容所,ｈａｉｒ ｆｉ－ｋａ,526-0829,長浜市田村町,長浜市田村町６２５－９,６２５－９,,R03/04/26,,,,長浜
美容所,ぱーまはうす ＫＯＴＯＢＵＫＩ,521-0035,米原市醒井,米原市醒井４３９－７,４３９－７,,R03/04/27,,,,長浜
美容所,ｍｏｏｉ,521-0012,米原市米原,米原市米原２２３－７,２２３－７,,R03/06/17,,,,長浜
美容所,♯ｎｕａｎｃｅ,521-0091,米原市岩脇,米原市岩脇５１１－３４,５１１－３４,,R03/06/22,,,,長浜
美容所,ｙｕｎ ゆん,526-0047,長浜市下坂浜町,長浜市下坂浜町３７９－１３,３７９－１３,,R03/06/22,,,,長浜
美容所,ＬｉＤｍ ｈａｉｒ ｄｅｓｉｇｎ,526-0054,長浜市大宮町,長浜市大宮町８－１５ アベリア１Ｄ,８－１５ アベリア１Ｄ,,R03/07/21,,,,長浜
美容所,株式会社ＷＡＣＣＡ,526-0044,長浜市下坂中町,長浜市下坂中町２８８－８,２８８－８,株式会社ＷＡＣＣＡ,R03/07/13,,,,長浜
美容所,美容室 ＺＡＨＨＡ,526-0015,長浜市神照町,長浜市神照町７８３-２２,７８３-２２,,R03/08/02,,,,長浜
美容所,Ｈａｉｒ ＲＩＳＥ,526-0024,長浜市三ツ矢元町,長浜市三ツ矢元町１５－２４,１５－２４,,R03/08/06,,,,長浜
美容所,ＬＡＧＵＮＡ,526-0043,長浜市大戌亥町,長浜市大戌亥町１１５０－２０２,１１５０－２０２,,R03/09/14,,,,長浜
美容所,びようしつ乃々,529-0527,長浜市余呉町東野,長浜市余呉町東野１７１,１７１,,R03/12/16,,,,長浜
美容所,ｈａｉｒ ＆ ｍａｋｅ ｓａｌｏｎ Ｒ Ｐｉ,526-0842,長浜市春近町,長浜市春近町１８４－５,１８４－５,,R04/01/07,,,,長浜
美容所,ē ＋ ｈａｎａｂａｃｏ,526-0047,長浜市下坂浜町,長浜市下坂浜町２４８－１３ ２Ｆ,２４８－１３ ２Ｆ,,R04/01/18,,,,長浜
美容所,ｅｙｅｌａｓｈ Ｒｅｃｏｎａ,526-0059,長浜市元浜町,長浜市元浜町１３－１４ ｂｉｏｓ内２階,１３－１４ ｂｉｏｓ内２階,,R04/02/22,,,,長浜
美容所,ｅｙeｌａｓｈ ｓａｌｏｎ ＧＥＭＩＮＩ,526-0831,長浜市宮司町,長浜市宮司町１１１８－１ ＢＲＡＩＮＭＡＮＳＩＯＮ ＳＵＮ-Ｑ １０３,１１１８－１ ＢＲＡＩＮＭＡＮＳＩＯＮ ＳＵＮ-Ｑ １０３,,R04/03/17,,,,長浜
美容所,ｓｏｐｏ ｒｉｃｃａ,529-0341,長浜市湖北町速水,長浜市湖北町速水５６－５,５６－５,,R04/03/17,,,,長浜
美容所,ラポールヘア 長浜店,526-0845,長浜市小堀町,長浜市小堀町４５０,４５０,株式会社ラポールヘア・グループ,R04/04/01,,,,長浜
美容所,ｉｎｋｕｌ,529-0122,長浜市酢,長浜市酢２０５,２０５,,R04/03/22,,,,長浜
美容所,ＧＲＡＰＨ ＨＡＩＲ ｐｌｕｓ ＳＰＡ,529-0233,長浜市高月町渡岸寺,長浜市高月町渡岸寺１９４－３,１９４－３,,R04/03/28,,,,長浜
美容所,ヘアーサロン オハル,526-0056,長浜市朝日町,長浜市朝日町７－３０ ＬＵＡＮＡ３号室,７－３０ ＬＵＡＮＡ３号室,,R04/04/18,,,,長浜
美容所,ｓａｌｏｎ Ｃａｌｉｎｏｕ,526-0059,長浜市元浜町,長浜市元浜町６－３３ パルム１Ｆ,６－３３ パルム１Ｆ,合同会社ＢＩＦａｂｂｉｅ,R04/06/01,,,,長浜
美容所,ｈａｉｒ ｓａｌｏｎ ＭＯＫＵ,529-0515,長浜市余呉町中之郷,長浜市余呉町中之郷９７５－１,９７５－１,,R04/06/07,,,,長浜
美容所,ギンザ エクラン,526-0041,長浜市四ツ塚町,長浜市四ツ塚町１２８－２,１２８－２,,R04/06/10,,,,長浜
美容所,Ｓａｌｏｎ ｍｏｊｏ,526-0015,長浜市神照町,長浜市神照町８５５－９,８５５－９,,R04/06/20,,,,長浜
美容所,花むらさき,526-0233,長浜市今荘町,長浜市今荘町４０５,４０５,,R04/07/04,,,,長浜
美容所,Ｍｅｍｏｒｙ ｈａｉｒ,526-0831,長浜市宮司町,長浜市宮司町８１８－１７,８１８－１７,,R04/07/19,,,,長浜
美容所,＿ｎ．ｎ＿,526-0031,長浜市八幡東町,長浜市八幡東町３１２ ｅｍａ２階,３１２ ｅｍａ２階,,R04/07/27,,,,長浜
美容所,ＫＯＭＹ ｐｒｉｖａｔｅ ｈａｉｒ ｓａ ｌｏｎ,526-0835,長浜市室町,長浜市室町４１４－１,４１４－１,,R04/10/24,,,,長浜
美容所,Ａｇｕ ｈａｉｒ ｔｉｅｌｅ,521-0016,米原市下多良,米原市下多良一丁目５１－１ 山善ビル１Ｆ,一丁目５１－１ 山善ビル１Ｆ,株式会社ロイネス,R04/11/28,,,,長浜
美容所,ｍｅｌｌｏｗ,526-0015,長浜市神照町,長浜市神照町１１４－１２,１１４－１２,,R04/12/12,,,,長浜
美容所,ｈａｉｒ ＰＥＡＫＳ,526-0021,長浜市八幡中山町,長浜市八幡中山町４８２ キャンスシティ２,４８２ キャンスシティ２,ピークス株式会社,R04/12/19,,,,長浜
美容所,Ｌｉｌａｃ,526-0065,長浜市公園町,長浜市公園町３－９,３－９,株式会社中村庵,R05/01/12,,,,長浜
美容所,ＰＩＫＡＬＡ,526-0067,長浜市港町,長浜市港町１－３０ ＲＩＶＡＧＥ ｄｅ ＧＲＡＮ ＣＥ１号室,１－３０ ＲＩＶＡＧＥ ｄｅ ＧＲＡＮ ＣＥ１号室,,R05/02/03,,,,長浜
美容所,ｎｅｉｇｅ,526-0015,長浜市神照町,長浜市神照町１１－１ シティライフ長浜１０８,１１－１ シティライフ長浜１０８,,R05/03/06,,,,長浜
美容所,Ａｌｌｕｒｅ,526-0831,長浜市宮司町,長浜市宮司町１０２１－１１,１０２１－１１,,R05/03/13,,,,長浜
美容所,ヘアカラー専門店ｆｕｆｕ イオン長浜店,526-0847,長浜市山階町,長浜市山階町２７１－１ イオン長浜店１Ｆ,２７１－１ イオン長浜店１Ｆ,株式会社Ｆａｓｔ Ｂｅａｕｔｙ,R05/03/31,,,,長浜
美容所,ｓｏｉｌ ｈａｉｒ ｓａｌｏｎ,526-0047,長浜市下坂浜町,長浜市下坂浜町３７９－１６,３７９－１６,,R05/03/31,,,,長浜
美容所,ＲＯＫＡ ｈａｉｒ,526-0834,長浜市大辰巳町,長浜市大辰巳町４３,４３,,R05/04/28,,,,長浜
美容所,ＬＡＬＵＵ°,526-0037,長浜市高田町,長浜市高田町１４－２３ 高田町テナント２Ｆ,１４－２３ 高田町テナント２Ｆ,,R05/05/02,,,,長浜
美容所,ｈａｉｒ Ｉｔｉｃｅ,526-0021,長浜市八幡中山町,長浜市八幡中山町８８－１１,８８－１１,Ｉｔｉｃｅ合同会社,R05/05/09,,,,長浜
美容所,花笑み,529-0262,長浜市高月町西物部,長浜市高月町西物部４０８,４０８,,R05/05/31,,,,長浜
美容所,ＢＲＵＳＨＵＰ,526-0033,長浜市平方町,長浜市平方町１１７５,１１７５,,R05/07/11,,,,長浜
美容所,ｈｏｈａｂｂａ．,521-0072,米原市顔戸,米原市顔戸６１２－７,６１２－７,,R05/08/03,,,,長浜
美容所,Ｗｅｙｅｌａｓｈ 長浜店,526-0831,長浜市宮司町,長浜市宮司町１１６１－７ 第３１森野ビル１Ｆ,１１６１－７ 第３１森野ビル１Ｆ,株式会社インフィクス,R05/08/24,,,,長浜
美容所,ｏｎｅ ｂｙ ｏｎｅ １１,526-0057,長浜市北船町,長浜市北船町５－７,５－７,,R05/11/21,,,,長浜
美容所,Ｒ,529-0321,長浜市湖北町賀,長浜市湖北町賀３６０,３６０,,R05/10/13,,,,長浜
美容所,ウチダ美容室,526-0015,長浜市神照町,長浜市神照町４０２－７,４０２－７,,R05/10/16,,,,長浜
美容所,ｙｏｒｏｋｏｂｉｎｏｔａｎｅ ｈａｉｒ,526-0059,長浜市元浜町,長浜市元浜町１１－７,１１－７,,R05/10/27,,,,長浜
美容所,プライベートサロン Ｒｅｅ．１１１,526-0043,長浜市大戌亥町,長浜市大戌亥町４８０,４８０,,R05/11/01,,,,長浜
美容所,ＴＡＯ,529-0212,長浜市高月町井口,長浜市高月町井口１３７１－６,１３７１－６,株式会社ＴＡＯ,R05/11/06,,,,長浜
美容所,Ｌｅ ｓｏｌｅｉｌ,526-0061,長浜市祇園町,長浜市祇園町２８１－１ ウエストヴィレッジ１１ １ －１Ａ,２８１－１ ウエストヴィレッジ１１ １ －１Ａ,,R05/11/10,,,,長浜
美容所,ｏｎｅ ｂｙ ｏｎｅ ２０２３,526-0057,長浜市北船町,長浜市北船町５－７,５－７,,R05/11/21,,,,長浜
美容所,美容室 みんと,526-0053,長浜市宮前町,長浜市宮前町６－１８,６－１８,合同会社ソクド,R05/12/04,,,,長浜
美容所,Ｃｈｏｏｓｅ ｅｙｅｌａｓｈ ｓａｌｏｎ,526-0057,長浜市北船町,長浜市北船町６－２,６－２,,R05/12/19,,,,長浜
美容所,ｃａｆｅ ａｎｄ ｓａｌｏｎ 三本葦,521-0021,米原市河南,米原市河南４１５,４１５,,R05/12/25,,,,長浜
美容所,ＮＵＥＩＤ,529-0703,長浜市西浅井町野坂,長浜市西浅井町野坂６８－１,６８－１,,R06/01/12,,,,長浜
美容所,ＲＥＨＩＡ,526-0062,長浜市列見町,長浜市列見町５０－３７,５０－３７,,R06/01/22,,,,長浜
美容所,Ｒｅ×Ｇｒａｃｅ,521-0062,米原市宇賀野,米原市宇賀野１１－７ せいかビル１Ｆテナント中央,１１－７ せいかビル１Ｆテナント中央,,R06/03/21,,,,長浜
美容所,美容プラージュ 長浜店,526-0847,長浜市山階町,長浜市山階町２６２－１,２６２－１,阪南理美容株式会社,R06/04/11,,,,長浜
美容所,Ｈａｉｒ Ｓｐａｃｅ ＲＥＭＯＲＥ＋,526-0061,長浜市祇園町,長浜市祇園町６９９－３０,６９９－３０,,R06/03/29,,,,長浜
美容所,Ｌｅ Ｃｈｅｒｉｅｎ ｈａｉｒ ｓａｌｏ ｎ,529-0234,長浜市高月町柏原,長浜市高月町柏原３７９－２４,３７９－２４,,R06/05/13,,,,長浜
美容所,知美容室,529-0251,長浜市高月町宇根,長浜市高月町宇根１５－１７,１５－１７,,R06/05/16,,,,長浜
美容所,ｄｅ Ｅｙｅ,526-0847,長浜市山階町,長浜市山階町５８５,５８５,,R06/07/03,,,,長浜
美容所,ヴィダ美容室,529-0342,長浜市湖北高田町,長浜市湖北高田町４０７,４０７,,R06/07/12,,,,長浜
美容所,ｌｉｔ,529-0253,長浜市高月町西阿閉,長浜市高月町西阿閉９８７,９８７,,R06/08/28,,,,長浜
美容所,ＲＥＨＩＡ,526-0016,長浜市十里町,長浜市十里町２６５－４０ コーポユリ２０２,２６５－４０ コーポユリ２０２,,R06/10/22,,,,長浜
美容所,ＣＨＡＲＩＲＥ,529-0425,長浜市木之本町木之本,長浜市木之本町木之本１５１１－４ ヨコタビル２Ｆ,１５１１－４ ヨコタビル２Ｆ,,R06/10/24,,,,長浜
美容所,ｎａｉｌ＆ｒｅｌａｘａｔｉｏｎ Ａｎ,526-0845,長浜市小堀町,長浜市小堀町１５６－９,１５６－９,,R06/11/01,,,,長浜
美容所,ｍａａｃａ,529-0721,長浜市西浅井町大浦,長浜市西浅井町大浦１３６４－４,１３６４－４,,R06/11/05,,,,長浜
美容所,ｅａｌａ,521-0072,米原市顔戸,米原市顔戸４３０－４,４３０－４,株式会社Ｈｏｌｏａ,R06/12/03,,,,長浜
美容所,ｅｎｊｕ,526-0033,長浜市平方町,長浜市平方町２３８ ワイエフビル２３ １Ｆ２,２３８ ワイエフビル２３ １Ｆ２,,R07/01/10,,,,長浜
美容所,ｎｕ,521-0226,米原市朝日,米原市朝日１９２８－１,１９２８－１,,R07/02/03,,,,長浜
美容所,ＵＴＯＫＡ ＨＡＩＲ,526-0831,長浜市宮司町,長浜市宮司町１１４２－２ オー・ケンビル５階,１１４２－２ オー・ケンビル５階,,R07/02/26,,,,長浜
美容所,ｓａｌｏｎ ｍｓ,526-0846,長浜市川崎町,長浜市川崎町１５６－７ ＮＯＧ第２コーポＡ棟３号室,１５６－７ ＮＯＧ第２コーポＡ棟３号室,,R07/03/28,,,,長浜
美容所,ｋｔ．ｈａｉｒ ｄｅｓｉｇｎ,521-0072,米原市顔戸,米原市顔戸１２１３,１２１３,,R07/04/23,,,,長浜
美容所,ＨＡｒｅ,529-0721,長浜市西浅井町大浦,長浜市西浅井町大浦１１１４－４８,１１１４－４８,,R07/04/28,,,,長浜
美容所,ｄｅｇｒｉｅｓ,521-0091,米原市岩脇,米原市岩脇５２１－１１,５２１－１１,,R07/07/24,,,,長浜
美容所,Ｒｉｌｌｙ．,526-0061,長浜市祇園町,長浜市祇園町２５７－２ アビデ１０３,２５７－２ アビデ１０３,株式会社ＢｉＢｉ,R07/09/10,,,,長浜
美容所,Ｂｅａｕｔｙ ｓａｌｏｎ ｍａｋｏ,526-0254,長浜市尊野町,長浜市尊野町８１１,８１１,,R07/09/26,,,,長浜
美容所,Ｌｏｏｍｍ,526-0834,長浜市大辰巳町,長浜市大辰巳町３１ 第１９森野ビルＣ号室,３１ 第１９森野ビルＣ号室,株式会社ＳＴＡＫＫ,R07/10/03,,,,長浜
美容所,ＣＡＦＵＮＥ,526-0021,長浜市八幡中山町,長浜市八幡中山町２７５－３,２７５－３,,R07/10/27,,,,長浜
美容所,Ｈａｉｒ Ｓａｌｏｎ Ｌｕｘｅ,526-0015,長浜市神照町,長浜市神照町３９７－１２,３９７－１２,,R07/11/07,,,,長浜
美容所,ＡｎＤ′ＧＲＡＣＥ．ＢＲＯＷ長浜店,526-0834,長浜市大辰巳町,長浜市大辰巳町３１,３１,Ａｋｕ－ｓｈｕ株式会社,R07/11/28,,,,長浜
美容所,Ｌｉａｎ ｈａｉｒ,526-0053,長浜市宮前町,長浜市宮前町１６－３３,１６－３３,,R07/12/19,,,,長浜
美容所,ｍｕｊｕ,529-0521,長浜市余呉町下余呉,長浜市余呉町下余呉１８２９,１８２９,,R07/12/26,,,,長浜
美容所,Ｒｕ－Ｎａ,526-0056,長浜市朝日町,長浜市朝日町３５－２４,３５－２４,,R08/01/14,,,,長浜
美容所,ａｌｌｅｎ 長浜高月店,529-0241,長浜市高月町高月,長浜市高月町高月１６５２－７,１６５２－７,,R08/04/03,,,,長浜
美容所,春照美容室 Ｒｏｉｅ,521-0314,米原市春照,米原市春照２３２－１,２３２－１,,R08/04/13,,,,長浜
美容所,ｉｒｏｈａ＿ｃｏｕｐｅ．２Ｆ,526-0065,長浜市公園町,長浜市公園町２－５５,２－５５,,R08/07/01,,,,長浜
美容所,Ｅｉｇｈｔ,520-1823,高島市マキノ町中庄,高島市マキノ町中庄２８４－１,２８４－１,,H16/11/02,,,,高島
美容所,Ｈａｉｒ Ｄｒｅｓｓｉｎｇ ＣＯＬＥＴＴ Ｅ,520-1512,高島市新旭町太田,高島市新旭町太田２１７０－２,２１７０－２,,H11/05/24,,,,高島
美容所,Ｈａｉｒ Ｆａｃｔｏｒｙ ＳＥＮＣＥ,520-1501,高島市新旭町旭一丁目,高島市新旭町旭一丁目６－３,６－３,,H20/06/18,,,,高島
美容所,ＨＡＩＲ ＳＴＹＬＩＳＨ ＣＬＵＢ ｉｍ ａｇｅ,520-1623,高島市今津町住吉二丁 目,高島市今津町住吉二丁 目１２－１２,１２－１２,,H14/09/02,,,,高島
美容所,アイ美容室,520-1215,高島市安曇川町三尾里,高島市安曇川町三尾里３６５,３６５,,S57/11/30,,,,高島
美容所,あだち美容室,520-1621,高島市今津町今津,高島市今津町今津１５１３－４,１５１３－４,,H12/03/27,,,,高島
美容所,いこう美容室,520-1232,高島市安曇川町北船木,高島市安曇川町北船木２０８２,２０８２,,S33/12/18,,,,高島
美容所,ウエハラ理容室,520-1655,高島市今津町日置前,高島市今津町日置前３１８－１,３１８－１,,H12/02/14,,,,高島
美容所,おしゃれサロン かつ乃,520-1121,高島市勝野,高島市勝野１３７７－１,１３７７－１,,H01/04/24,,,,高島
美容所,おしゃれサロン あすなろ,520-1621,高島市今津町今津,高島市今津町今津１４７７,１４７７,,H07/03/22,,,,高島
美容所,カットハウス セリーヌ,520-1501,高島市新旭町旭,高島市新旭町旭１０５２－２,１０５２－２,,H20/04/10,,,,高島
美容所,クィーン美容室,520-1511,高島市新旭町藁園,高島市新旭町藁園２７４９,２７４９,,S47/12/26,,,,高島
美容所,Ｃａｌｍ,520-1214,高島市安曇川町末広四 丁目,高島市安曇川町末広四 丁目６,６,有限会社カネコ,H04/02/01,,,,高島
美容所,さろん・ど・詩羅咲,520-1632,高島市今津町桜町二丁 目,高島市今津町桜町二丁 目７－４,７－４,,H05/08/27,,,,高島
美容所,サロンド きよみ,520-1522,高島市新旭町新庄,高島市新旭町新庄９２０－４,９２０－４,,H16/05/07,,,,高島
美容所,テントウムシ 福井８００さ・８９４,,,県内一円,県内一円,有限会社テントウムシ,H13/03/06,,,,高島
美容所,トップ・ビューティ,520-1216,高島市安曇川町中央三 丁目,高島市安曇川町中央三 丁目１番地,１番地,有限会社トップ,H12/07/19,,,,高島
美容所,トップ・ビューティ今津店,520-1621,高島市今津町今津,高島市今津町今津１６９８,１６９８,有限会社トップ,H17/12/08,,,,高島
美容所,ナイスカット メルシー,520-1216,高島市安曇川町中央四 丁目,高島市安曇川町中央四 丁目６－１８,６－１８,,S60/03/27,,,,高島
美容所,パール美容室,520-1621,高島市今津町今津,高島市今津町今津１８２,１８２,,H11/10/25,,,,高島
美容所,ハヤシ美容室,520-1121,高島市勝野,高島市勝野１３２３－２,１３２３－２,,S58/12/08,,,,高島
美容所,ハヤセ美容室,520-1811,高島市マキノ町海津,高島市マキノ町海津１２８８,１２８８,,S44/03/19,,,,高島
美容所,ひこ美容室,520-1212,高島市安曇川町西万木,高島市安曇川町西万木１２８－２,１２８－２,,S49/04/22,,,,高島
美容所,ピープル,520-1221,高島市安曇川町青柳,高島市安曇川町青柳２０３２－４０,２０３２－４０,,S63/07/15,,,,高島
美容所,ビュー ティサロン えみ,520-1812,高島市マキノ町西浜,高島市マキノ町西浜１７５－１,１７５－１,,S60/11/12,,,,高島
美容所,ビューティ イクタ,520-1221,高島市安曇川町青柳,高島市安曇川町青柳１１１４－３,１１１４－３,,H07/04/20,,,,高島
美容所,ビューティサロン ＴＯＭＯ,520-1605,高島市今津町南新保,高島市今津町南新保４８２－３０,４８２－３０,,H09/03/12,,,,高島
美容所,ビューティサロン マイ,520-1501,高島市新旭町旭,高島市新旭町旭２１０７－１,２１０７－１,,H08/02/23,,,,高島
美容所,ビュティーサロン 裕,520-1202,高島市安曇川町下古賀,高島市安曇川町下古賀１２７３－１,１２７３－１,,S57/12/07,,,,高島
美容所,ビューテイサロン ミエ,520-1211,高島市安曇川町常磐木,高島市安曇川町常磐木２０１,２０１,,S59/03/01,,,,高島
美容所,ビューテイサロン ＲＥＩ,520-1232,高島市安曇川町北船木,高島市安曇川町北船木１６８７,１６８７,,H02/05/27,,,,高島
美容所,ビューティサロン タケウチ,520-1812,高島市マキノ町西浜,高島市マキノ町西浜１７５－１０,１７５－１０,,S45/01/22,,,,高島
美容所,ビューティサロン 彩,520-1501,高島市新旭町旭二丁目,高島市新旭町旭二丁目９－１２,９－１２,,H01/07/26,,,,高島
美容所,ビューティサロン田中,520-1501,高島市新旭町旭,高島市新旭町旭７０－１,７０－１,,S34/04/16,,,,高島
美容所,フジ美容室,520-1234,高島市安曇川町四津川,高島市安曇川町四津川６０８,６０８,,S51/12/11,,,,高島
美容所,ぷらす・ゆー,520-1601,高島市今津町深清水,高島市今津町深清水２８９７－１,２８９７－１,,H14/12/13,,,,高島
美容所,フルタ美容室,520-1401,高島市朽木市場,高島市朽木市場５６２－３,５６２－３,,S56/12/23,,,,高島
美容所,ヘアーピープル,520-1636,高島市今津町舟橋一丁 目,高島市今津町舟橋一丁 目１－８,１－８,,H03/11/20,,,,高島
美容所,マツザキ美容室,520-1811,高島市マキノ町海津,高島市マキノ町海津２３１３,２３１３,,S48/07/18,,,,高島
美容所,マッチー美容室,520-1224,高島市安曇川町上小川,高島市安曇川町上小川１２７－２５,１２７－２５,,S63/08/06,,,,高島
美容所,ユニオン ビューティサロン,520-1522,高島市新旭町新庄,高島市新旭町新庄９４８,９４８,,S44/10/21,,,,高島
美容所,ユリ美容室,520-1401,高島市朽木市場,高島市朽木市場３５７,３５７,,S48/08/25,,,,高島
美容所,レイコ美容室,520-1621,高島市今津町今津,高島市今津町今津１５４８－７,１５４８－７,,H07/02/28,,,,高島
美容所,ロイス美容室,520-1632,高島市今津町桜町一丁 目,高島市今津町桜町一丁 目１－８,１－８,,S59/06/16,,,,高島
美容所,一井美容室,520-1511,高島市新旭町藁園,高島市新旭町藁園１４５５,１４５５,,H07/08/18,,,,高島
美容所,海東美容院,520-1212,高島市安曇川町西万木,高島市安曇川町西万木６４３－３,６４３－３,,S42/10/23,,,,高島
美容所,原宿 ＰＡＲＴ２,520-1214,高島市安曇川町末広三 丁目,高島市安曇川町末広三 丁目２５－２,２５－２,,S60/07/31,,,,高島
美容所,SUEHIRO,520-1217,高島市安曇川町田中,高島市安曇川町田中４１－２,４１－２,,H08/07/12,,,,高島
美容所,松本美粧院,520-1655,高島市今津町日置前,高島市今津町日置前２０４,２０４,,S34/10/08,,,,高島
美容所,西海ビップサロン,520-1217,高島市安曇川町田中,高島市安曇川町田中２１６１－１４,２１６１－１４,,H07/06/07,,,,高島
美容所,西川美容室,520-1231,高島市安曇川町川島,高島市安曇川町川島６１７,６１７,,S61/12/05,,,,高島
美容所,中村美容室,520-1212,高島市安曇川町西万木,高島市安曇川町西万木１６６－１,１６６－１,,S57/04/26,,,,高島
美容所,梅村美容室,520-1234,高島市安曇川町四津川,高島市安曇川町四津川７５１－１,７５１－１,,S36/12/01,,,,高島
美容所,萩 美容室,520-1121,高島市勝野,高島市勝野１４４７－１５,１４４７－１５,,S60/04/22,,,,高島
美容所,髪処 玉垣,520-1401,高島市朽木市場,高島市朽木市場８６９－１,８６９－１,,H18/12/21,,,,高島
美容所,美容プラージュ今津店,520-1621,高島市今津町今津,高島市今津町今津１６８８ショッピングセンターリプル,１６８８ショッピングセンターリプル,阪南理美容株式会社,H18/03/14,,,,高島
美容所,美容室 Ｍ ａｎｄ Ｙｏｕ,520-1211,高島市安曇川町常磐木,高島市安曇川町常磐木１５５８,１５５８,,H19/08/31,,,,高島
美容所,美容室 クニ,520-1623,高島市今津町住吉二丁 目,高島市今津町住吉二丁 目１１－１１,１１－１１,,H11/08/06,,,,高島
美容所,美容室とも,520-1421,高島市朽木岩瀬,高島市朽木岩瀬５６６,５６６,,S63/04/10,,,,高島
美容所,美容室ゆき,520-1217,高島市安曇川町田中,高島市安曇川町田中１４４３－６,１４４３－６,,S63/10/07,,,,高島
美容所,Ｍｉｒｒｈ,520-1212,高島市安曇川町西万木,高島市安曇川町西万木８２８－２,８２８－２,株式会社 写真の野上,H21/08/04,,,,高島
美容所,カットコムズ 安曇川,520-1212,高島市安曇川町西万木,高島市安曇川町西万木５５ 平和堂安曇川店内 １Ｆ,５５ 平和堂安曇川店内 １Ｆ,,H22/05/28,,,,高島
美容所,HARE HARE,520-1814,高島市マキノ町知内,高島市マキノ町知内1285,1285,,H23/11/10,,,,高島
美容所,HAIR GARDEN aube,520-1813,高島市マキノ町高木浜 一丁目,高島市マキノ町高木浜 一丁目3-12,3-12,,H23/11/10,,,,高島
美容所,Hair・TOCO,520-1611,高島市今津町弘川,高島市今津町弘川318-2,318-2,,H25/10/22,,,,高島
美容所,Jubee,520-1633,高島市今津町松陽台一 丁目,高島市今津町松陽台一 丁目19-18,19-18,,H25/12/11,,,,高島
美容所,トータルビューティーユカリ,520-1631,高島市今津町名小路一 丁目,高島市今津町名小路一 丁目5-4,5-4,,H26/02/28,,,,高島
美容所,hair salon GRANT,520-1121,高島市勝野,高島市勝野1320,1320,,H26/03/25,,,,高島
美容所,空 KUU,520-1213,高島市安曇川町五番領,高島市安曇川町五番領159-4,159-4,,H26/04/28,,,,高島
美容所,美容室Kei,520-1103,高島市宮野,高島市宮野160,160,,H26/05/20,,,,高島
美容所,ヘアービューティー AI,520-1212,高島市安曇川町西万木,高島市安曇川町西万木1180-8,1180-8,,H26/09/25,,,,高島
美容所,ｕｎｉｔｅｄ,520-1224,高島市安曇川町上小川,高島市安曇川町上小川14-1,14-1,,H27/06/04,,,,高島
美容所,hair make GARDEN,520-1532,高島市新旭町熊野本,高島市新旭町熊野本1-4-15,1-4-15,,H27/09/02,,,,高島
美容所,はいからさん 滋賀800す3579,,,滋賀県一円（大津市を除く）,滋賀県一円（大津市を除く）,有限会社 ピックアップ,H27/11/19,,,,高島
美容所,hair salon Bino,520-1501,高島市新旭町旭,高島市新旭町旭753-2,753-2,,H28/08/05,,,,高島
美容所,ラポール,520-1521,高島市新旭町北畑一丁 目,高島市新旭町北畑一丁 目21-7,21-7,,H28/09/12,,,,高島
美容所,ヘアーズヒロ,520-1501,高島市新旭町旭,高島市新旭町旭810-15,810-15,,H28/10/03,,,,高島
美容所,Colors Chambre Nail&Eyelash Salon,520-1653,高島市今津町岸脇,高島市今津町岸脇393,393,,H29/02/17,,,,高島
美容所,ＬＡＳＣＡＵＸ,520-1501,高島市新旭町旭,高島市新旭町旭356-3,356-3,,H29/05/29,,,,高島
美容所,Ｌｕｃｅ,520-1531,高島市新旭町饗庭,高島市新旭町饗庭460-2,460-2,,H29/08/22,,,,高島
美容所,Ｈａｉｒ＆ＨｅａｄＳｐａ ＢＩＯ,520-1501,高島市新旭町旭,高島市新旭町旭一丁目７－１ ヤマモトビルＡ２－１６,一丁目７－１ ヤマモトビルＡ２－１６,,H30/08/06,,,,高島
美容所,Ｂｅａｕｔｌｉａ,520-1521,高島市新旭町北畑一丁 目,高島市新旭町北畑一丁 目４－１,４－１,,H30/10/05,,,,高島
美容所,ｎｏｔｅ,520-1214,高島市安曇川町末広一 丁目,高島市安曇川町末広一 丁目１４,１４,,H31/01/21,,,,高島
美容所,Ｉｎ ｏｎｅ'ｓ ｅｌｅｍｅｎｔ．,520-1532,高島市新旭町熊野本,高島市新旭町熊野本一丁目９－７,一丁目９－７,,H31/02/25,,,,高島
美容所,ｈａｉｒ ｓａｌｏｎ Ｃｈｉｔ Ｃｈａｔ,520-1655,高島市今津町日置前,高島市今津町日置前４９２２,４９２２,,H31/03/25,,,,高島
美容所,Ｆｒｅｅｓｉａ,520-1121,高島市勝野,高島市勝野１７２７－１,１７２７－１,,H31/04/05,,,,高島
美容所,ｋｕｋｋａ,520-1217,高島市安曇川町田中,高島市安曇川町田中１０１２－５,１０１２－５,,H31/04/03,,,,高島
美容所,Ｙｕｊ,520-1234,高島市安曇川町四津川,高島市安曇川町四津川６４２,６４２,,R01/05/21,,,,高島
美容所,ヘアーサロン イワサキ,520-1221,高島市安曇川町青柳,高島市安曇川町青柳１４８６－１,１４８６－１,株式会社ハクブン,R02/10/19,,,,高島
美容所,ｅｋｏｌｕ ｈａｉｒ,520-1533,高島市新旭町安井川,高島市新旭町安井川５９８－３,５９８－３,,R03/10/11,,,,高島
美容所,Ｗｏｏｄ Ｂａｓｓ,520-1601,高島市今津町深清水,高島市今津町深清水２３８８－３７,２３８８－３７,,R03/11/01,,,,高島
美容所,ＫＡＭＡ Ｌｅｉ,520-1221,高島市安曇川町青柳,高島市安曇川町青柳１２１４－２３,１２１４－２３,,R03/12/22,,,,高島
美容所,ＴＨＩＳ ＩＳ ＩＴ．,520-1221,高島市安曇川町青柳,高島市安曇川町青柳１７５５－１,１７５５－１,,R04/09/07,,,,高島
美容所,ほうじょう,520-1612,高島市今津町下弘部,高島市今津町下弘部２６２－２,２６２－２,,R05/02/06,,,,高島
美容所,ｈａｉｒ ｓａｌｏｎ ＴＨＥＴＡ,520-1613,高島市今津町上弘部,高島市今津町上弘部５２１－１,５２１－１,,R05/07/20,,,,高島
美容所,Ｓａｌｏｎ ＆,520-1522,高島市新旭町新庄,高島市新旭町新庄１－１－１１,１－１－１１,,R06/01/24,,,,高島
美容所,ＬＵＦＴ～ＨＡＩＲ ＭＡＫＥ～,520-1611,高島市今津町弘川,高島市今津町弘川１４－１６,１４－１６,,R06/04/15,,,,高島
美容所,ｂｌｕｅ ｈａｉｒ ｄｅｓｉｇｎ,520-1522,高島市新旭町新庄,高島市新旭町新庄１３４２－５,１３４２－５,,R06/05/08,,,,高島
美容所,魔法の美容室,520-1233,高島市安曇川町南船木,高島市安曇川町南船木３２１,３２１,株式会社Ｓｏｕｌ Ｔｒａｉｎ,R06/08/08,,,,高島
美容所,ｒｕｒｕ,520-1605,高島市今津町南新保,高島市今津町南新保５４５－３,５４５－３,,R06/10/31,,,,高島
美容所,ｅｎｔｏ,520-1533,高島市新旭町安井川,高島市新旭町安井川１－１－６,１－１－６,,R07/03/31,,,,高島
クリーニング所,有限会社東洋ウェックス スターグ リーンヒル店,525-0045,草津市若草一丁目,草津市若草一丁目２－１,２－１,有限会社東洋ウエックス,H15/03/31,,,,草津
クリーニング所,ＳＥＩＹＯＳＨＡ 駒井沢,525-0014,草津市駒井沢町,草津市駒井沢町７８,７８,株式会社西洋舎,H19/10/25,,,,草津
クリーニング所,ＳＥＩＹＯＳＨＡ 平井店,525-0023,草津市平井一丁目,草津市平井一丁目１１－１,１１－１,株式会社西洋舎,H19/12/20,,,,草津
クリーニング所,ＳＥＩＹＯＳＨＡ 野洲店,520-2435,野洲市乙窪,野洲市乙窪４８０－１,４８０－１,株式会社西洋舎,H19/11/19,,,,草津
クリーニング所,ウェアラ株式会社 生産本部 生産 管理部 関西工場,525-0041,草津市青地町,草津市青地町６１８,６１８,ウェアラ株式会社,H18/04/13,,,,草津
クリーニング所,イザヤビジネスツールズ株式会社ダ スキン比叡,524-0022,守山市守山四丁目,守山市守山四丁目１３－３２,１３－３２,イザヤビジネスツールズ 株式会社,H19/03/26,,,,草津
クリーニング所,かめやクリーニング 物部店,524-0042,守山市焔魔堂町,守山市焔魔堂町３０－５,３０－５,株式会社かめやクリーニ ング,H06/07/01,,,,草津
クリーニング所,かめやクリーニングモリーブ店,524-0012,守山市播磨田町,守山市播磨田町１８５－１ １Ｆ,１８５－１ １Ｆ,株式会社かめやクリーニ ング,H06/10/11,,,,草津
クリーニング所,＊グッドリバー,524-0104,守山市木浜町,守山市木浜町８３－１,８３－１,,H13/08/31,,,,草津
クリーニング所,クリーニングの相互 祇王営業所,520-2304,野洲市永原,野洲市永原６４５,６４５,有限会社相互ランドリー,H01/03/11,,,,草津
クリーニング所,クリーニングの相互 銀座営業所,524-0041,守山市勝部町,守山市勝部町１２７－２,１２７－２,,S52/05/17,,,,草津
クリーニング所,クリーニングの相互 浮気営業所,524-0033,守山市浮気町,守山市浮気町１６０,１６０,,S39/03/01,,,,草津
クリーニング所,クリーニングの相互金ケ森営業所,524-0045,守山市金森町,守山市金森町５４,５４,,S54/08/16,,,,草津
クリーニング所,クリーニングの相互高野チェーン店,520-3015,栗東市安養寺,栗東市安養寺５８８－２,５８８－２,有限会社相互ランドリー,S57/02/22,,,,草津
クリーニング所,クリーニングの相互島田チェーン店,520-3045,栗東市高野,栗東市高野７５２－２,７５２－２,,H01/08/30,,,,草津
クリーニング所,クリーニングの東洋 船橋店,520-2331,野洲市小篠原,野洲市小篠原２１６９－４,２１６９－４,,H03/01/17,,,,草津
クリーニング所,フジヤクリーニング 若草店,525-0045,草津市若草五丁目,草津市若草五丁目８－２４,８－２４,,H18/03/15,,,,草津
クリーニング所,クリーニングの東洋宮城チェーン店,520-3047,栗東市手原四丁目,栗東市手原四丁目８－１８,８－１８,,S60/03/26,,,,草津
クリーニング所,クリーニングの東洋産業フジイ店,525-0051,草津市木川町,草津市木川町１１５４－２１,１１５４－２１,東洋産業株式会社,S54/12/09,,,,草津
クリーニング所,クリーンハウス 伊勢店,524-0036,守山市伊勢町,守山市伊勢町４１３－６,４１３－６,,H11/09/20,,,,草津
クリーニング所,クリーンハウス 祇王店,520-2351,野洲市冨波甲,野洲市冨波甲５５２－１,５５２－１,,H08/02/29,,,,草津
クリーニング所,クリーンハウス 上笠店,525-0028,草津市上笠四丁目,草津市上笠四丁目２９・１－１,２９・１－１,,H08/10/02,,,,草津
クリーニング所,クリーンハウス 東矢倉営業所,525-0054,草津市東矢倉四丁目,草津市東矢倉四丁目２－５,２－５,有限会社クリーンハウス,H03/03/19,,,,草津
クリーニング所,クリーンマジック 守山店,524-0042,守山市焔魔堂町,守山市焔魔堂町円前２２５－６,円前２２５－６,株式会社マジック,H10/06/11,,,,草津
クリーニング所,クリーンマジック 草津店,525-0027,草津市野村六丁目,草津市野村六丁目１－１６ グランドハイ ツ高田弐番館,１－１６ グランドハイ ツ高田弐番館,株式会社マジック,H11/01/28,,,,草津
クリーニング所,クリーンマジック栗東店,520-3024,栗東市小柿五丁目,栗東市小柿五丁目１７－４,１７－４,株式会社マジック,H15/12/05,,,,草津
クリーニング所,クリーンマジック草津北店,525-0027,草津市野村一丁目,草津市野村一丁目２６－５,２６－５,株式会社マジック,H12/04/07,,,,草津
クリーニング所,コインランドリー らくうん,525-0071,草津市南笠東一丁目,草津市南笠東一丁目１－２６,１－２６,湖南ランドリー株式会社,H12/12/07,,,,草津
クリーニング所,シガドライ 矢倉取次所,525-0054,草津市東矢倉二丁目,草津市東矢倉二丁目８－２,８－２,,S61/08/22,,,,草津
クリーニング所,シガドライ 追分店,525-0046,草津市追分町,草津市追分町５７３－３,５７３－３,,H01/04/14,,,,草津
クリーニング所,シガドライ 追分店,525-0047,草津市追分二丁目,草津市追分二丁目１７－１,１７－１,,H10/04/10,,,,草津
クリーニング所,シガドライ 野路店,525-0055,草津市野路町,草津市野路町１３９０,１３９０,,H01/03/12,,,,草津
クリーニング所,タケガワショップ,525-0056,草津市南笠町,草津市南笠町３２２,３２２,,S61/06/28,,,,草津
クリーニング所,ダスキン草津駅前,525-0027,草津市野村三丁目,草津市野村三丁目１５－８,１５－８,,H15/02/20,,,,草津
クリーニング所,ティアラ下笠店,525-0029,草津市下笠町,草津市下笠町８５０－１,８５０－１,,H15/04/16,,,,草津
クリーニング所,ＳＥＩＹＯＳＨＡ 駒井沢前店,525-0014,草津市駒井沢町,草津市駒井沢町２０５－６,２０５－６,株式会社西洋舎,H14/10/04,,,,草津
クリーニング所,ティアラ上笠店,525-0028,草津市上笠町,草津市上笠町１２－１,１２－１,株式会社西洋舎,H14/10/11,,,,草津
クリーニング所,ディリー・クリーナー コーラル店,520-3005,栗東市御園,栗東市御園１０２８,１０２８,デイリー・クリーナ株式 会社,H15/01/17,,,,草津
クリーニング所,ディリー・クリーナー 渋川店,525-0026,草津市渋川一丁目,草津市渋川一丁目５－９,５－９,デイリー・クリーナ株式 会社,H06/06/21,,,,草津
クリーニング所,ディリー・クリーナー青地町取次所,525-0041,草津市青地町,草津市青地町２３０－５,２３０－５,デイリー・クリーナ株式 会社,H06/07/21,,,,草津
クリーニング所,ディリー・クリーナー木川町取次所,525-0051,草津市木川町,草津市木川町１１１５－６,１１１５－６,,S49/07/11,,,,草津
クリーニング所,ヒカリヤ クリーニング,525-0067,草津市新浜町,草津市新浜町４６０－８,４６０－８,,H14/02/06,,,,草津
クリーニング所,ファッションクリーニングＷＥＸ西 友南草津店,525-0059,草津市野路一丁目,草津市野路一丁目１３－３６,１３－３６,有限会社東洋ウエックス,H12/06/27,,,,草津
クリーニング所,フジヤクリーニング矢倉店,525-0053,草津市矢倉二丁目,草津市矢倉二丁目５－３１,５－３１,,H14/12/09,,,,草津
クリーニング所,ふとんも洗えるコインランドリー ふわふわ,524-0041,守山市勝部一丁目,守山市勝部一丁目１７－８,１７－８,,H20/04/08,,,,草津
クリーニング所,ホワイト急便 野洲北口営業所,520-2362,野洲市市三宅,野洲市市三宅２４７２,２４７２,有限会社ミヤマ,H16/04/14,,,,草津
クリーニング所,ホワイト急便 綣営業所,520-3031,栗東市綣,栗東市綣３５－１,３５－１,有限会社ミヤマ,H09/06/17,,,,草津
クリーニング所,ホワイト急便ギフト大田営業所,520-3024,栗東市小柿十丁目,栗東市小柿十丁目８－１１,８－１１,有限会社ミヤマ,H05/10/29,,,,草津
クリーニング所,ホワイト急便下笠営業所,525-0029,草津市下笠町,草津市下笠町８２０－５,８２０－５,有限会社ミヤマ,S62/09/26,,,,草津
クリーニング所,ホワイト急便新赤坂営業所,520-3004,栗東市上砥山,栗東市上砥山８６５－５,８６５－５,有限会社ミヤマ,H06/01/14,,,,草津
クリーニング所,ホワイト急便中沢営業所,520-3025,栗東市中沢,栗東市中沢２２０－１,２２０－１,,S63/07/05,,,,草津
クリーニング所,ホワイト急便東矢倉営業所,525-0054,草津市東矢倉二丁目,草津市東矢倉二丁目３５－２,３５－２,有限会社ミヤマ,S62/10/02,,,,草津
クリーニング所,ホワイト急便野洲営業所,520-2342,野洲市野洲,野洲市野洲９４１－３,９４１－３,有限会社ミヤマ,H04/10/01,,,,草津
クリーニング所,マエダクリーニング 栗東店,520-3042,栗東市辻,栗東市辻５２７－１,５２７－１,株式会社マエダクリーニ ング,H19/09/04,,,,草津
クリーニング所,マツヤドライクリーニング,520-2362,野洲市市三宅,野洲市市三宅２１８－３,２１８－３,有限会社マツヤドライク リーニング店,S52/05/06,,,,草津
クリーニング所,マンガ喫茶 Ｈｉｒｏ,525-0000,草津市笠山五丁目,草津市笠山五丁目３－３７,３－３７,,H13/03/28,,,,草津
クリーニング所,ミッキークリーニング 野村店,525-0027,草津市野村四丁目,草津市野村四丁目１６－１,１６－１,株式会社うえで,S60/10/04,,,,草津
クリーニング所,みつばクリーニング からすま店,525-0001,草津市下物町,草津市下物町６４－８,６４－８,,H02/03/06,,,,草津
クリーニング所,みつばチェーン西川店,525-0055,草津市野路町,草津市野路町１４９８,１４９８,,H04/04/30,,,,草津
クリーニング所,ヤマダ,525-0034,草津市草津三丁目,草津市草津三丁目４－１４,４－１４,株式会社マルナカ,H09/04/23,,,,草津
クリーニング所,ヨシハラクリーニング,525-0046,草津市追分町,草津市追分町１２３６平和堂追分店内,１２３６平和堂追分店内,株式会社ヨシハラシステ ムズ,H09/10/14,,,,草津
クリーニング所,ヨシハラクリーニング アル・プラ ザ草津店,525-0025,草津市西渋川一丁目,草津市西渋川一丁目２３－３０,２３－３０,株式会社ヨシハラシステ ムズ,H20/10/03,,,,草津
クリーニング所,ヨシハラクリーニング 河西店,524-0012,守山市播磨田町,守山市播磨田町７３９ 平和堂フレンド マート河西店内,７３９ 平和堂フレンド マート河西店内,株式会社ヨシハラシステ ムズ,H18/11/14,,,,草津
クリーニング所,ヨシハラクリーニング 上笠店,525-0028,草津市上笠四丁目,草津市上笠四丁目４－１８ フレンドマー ト上笠店内,４－１８ フレンドマー ト上笠店内,株式会社ヨシハラシステ ムズ,H19/06/27,,,,草津
クリーニング所,ヨシハラクリーニング 野洲店,520-2331,野洲市小篠原,野洲市小篠原１０００,１０００,株式会社ヨシハラシステ ムズ,H11/12/10,,,,草津
クリーニング所,宇野サンセルフ滋賀,525-0047,草津市追分四丁目,草津市追分四丁目１２－２１,１２－２１,,S61/12/25,,,,草津
クリーニング所,園田クリーニング店,520-2312,野洲市入町,野洲市入町９０６,９０６,,S36/03/15,,,,草津
クリーニング所,株式会社マルナカ,525-0028,草津市上笠四丁目,草津市上笠四丁目１２番１６号,１２番１６号,株式会社マルナカ,H09/06/26,,,,草津
クリーニング所,株式会社ダスキン湖南 ダスキン守 山支店,524-0034,守山市千代町,守山市千代町１１０－１,１１０－１,株式会社ダスキン湖南,H15/05/28,,,,草津
クリーニング所,株式会社湖光,525-0071,草津市南笠東三丁目,草津市南笠東三丁目１６－５,１６－５,株式会社湖光,H19/06/05,,,,草津
クリーニング所,株式会社西友,525-0045,草津市若草五丁目,草津市若草五丁目１３,１３,,S59/04/28,,,,草津
クリーニング所,丸中クリーニング マツヤ店,525-0054,草津市東矢倉四丁目,草津市東矢倉四丁目５５５－１,５５５－１,有限会社丸中クリーニン グ商会,H07/01/11,,,,草津
クリーニング所,丸中クリーニング 南山田店,525-0063,草津市南山田町,草津市南山田町３７９,３７９,有限会社丸中クリーニン グ商会,S61/12/20,,,,草津
クリーニング所,丸中クリーニングくりーんあいらん ど,525-0041,草津市青地町,草津市青地町７４３,７４３,有限会社丸中クリーニン グ商会,H12/03/09,,,,草津
クリーニング所,＊丸美屋,525-0023,草津市平井三丁目,草津市平井三丁目１０－６,１０－６,,S40/11/01,,,,草津
クリーニング所,丸美屋クリーニング店,525-0023,草津市平井一丁目,草津市平井一丁目３－１４,３－１４,,S47/12/15,,,,草津
クリーニング所,亀田クリーニング店セルバ営業所,524-0037,守山市梅田町,守山市梅田町２番１－１０３,２番１－１０３,,S61/03/20,,,,草津
クリーニング所,桔梗屋クリーニング 栗東店,520-3024,栗東市小柿五丁目,栗東市小柿五丁目１０－１９,１０－１９,,S54/12/26,,,,草津
クリーニング所,京屋クリーニング 志津店,525-0046,草津市追分町,草津市追分町５,５,京屋クリーニング有限会 社,H19/07/27,,,,草津
クリーニング所,京屋クリーニング 水保店,524-0102,守山市水保町,守山市水保町１２６７,１２６７,京屋クリーニング有限会 社,H19/11/02,,,,草津
クリーニング所,京屋クリーニングＦＭ御園店,520-3005,栗東市御園,栗東市御園８１０,８１０,京屋クリーニング有限会 社,H15/07/08,,,,草津
クリーニング所,京屋クリーニング南草津店,525-0055,草津市野路町,草津市野路町野路西部土地区画整理事 業内４１街区２,野路西部土地区画整理事 業内４１街区２,京屋クリーニング有限会 社,H20/07/16,,,,草津
クリーニング所,京滋リネンサプライ株式会社,525-0063,草津市南山田町,草津市南山田町１０５２－１,１０５２－１,,S59/08/06,,,,草津
クリーニング所,近畿オートランドリー草津受付所,525-0028,草津市上笠町,草津市上笠町岸田,岸田,,S46/12/21,,,,草津
クリーニング所,近畿オートランドリー矢橋取次所,525-0066,草津市矢橋町,草津市矢橋町,,,S47/12/15,,,,草津
クリーニング所,近江リネン株式会社,525-0063,草津市南山田町,草津市南山田町１０７９,１０７９,近江リネン株式会社,S60/04/05,,,,草津
クリーニング所,＊栗東クリーニング,520-3043,栗東市林,栗東市林２６,２６,,S61/10/22,,,,草津
クリーニング所,栗東クリーニング 西友店,525-0032,草津市大路二丁目,草津市大路二丁目１－３８西友１階,１－３８西友１階,,H09/06/26,,,,草津
クリーニング所,三正舎クリーニング,520-2301,野洲市小南,野洲市小南１８３２－２,１８３２－２,,S51/03/19,,,,草津
クリーニング所,三木屋産業株式会社,520-3003,栗東市荒張,栗東市荒張１１９６－２,１１９６－２,,H20/05/28,,,,草津
クリーニング所,山岸クリーニング 西渋川店,525-0025,草津市西渋川二丁目,草津市西渋川二丁目７－６５,７－６５,,H10/03/02,,,,草津
クリーニング所,山岸クリーニング萱野浦店・ピュア クリーン守山,524-0102,守山市水保町,守山市水保町１４９０,１４９０,,H14/02/15,,,,草津
クリーニング所,寺田クリーニング店,524-0064,守山市森川原町,守山市森川原町２５７,２５７,,S53/02/15,,,,草津
クリーニング所,小酒井クリーニング店,524-0012,守山市播磨田町,守山市播磨田町１２７６－９,１２７６－９,,S50/12/25,,,,草津
クリーニング所,松田クリーニング 矢島店,524-0015,守山市矢島町,守山市矢島町１３２８,１３２８,株式会社松田クリーニン グ商会,H03/01/25,,,,草津
クリーニング所,西田クリーニング店,525-0047,草津市追分七丁目,草津市追分七丁目７－１８,７－１８,,S61/11/19,,,,草津
クリーニング所,洗濯王 守山店,524-0012,守山市播磨田町,守山市播磨田町８７－４,８７－４,株式会社マエダクリーニ ング,H14/07/03,,,,草津
クリーニング所,洗濯王 草津店,525-0031,草津市若竹町,草津市若竹町４－１２,４－１２,株式会社松田クリーニン グ商会,H14/04/15,,,,草津
クリーニング所,洗濯王 野洲店,520-2331,野洲市小篠原,野洲市小篠原２１０５－４,２１０５－４,株式会社マエダクリーニ ング,H13/10/12,,,,草津
クリーニング所,＊草津リネン株式会社,525-0014,草津市駒井沢町,草津市駒井沢町６７,６７,草津リネン株式会社,S59/05/16,,,,草津
クリーニング所,中川クリーニング,520-2353,野洲市久野部,野洲市久野部１５０－５９,１５０－５９,,S47/07/11,,,,草津
クリーニング所,東洋ウェックス 国重店,520-3031,栗東市綣,栗東市綣１４３－５,１４３－５,,H07/03/16,,,,草津
クリーニング所,東洋クリーニング ニック産業サー ビス店,520-2423,野洲市西河原,野洲市西河原２４５０,２４５０,ニック産業株式会社,H16/10/30,,,,草津
クリーニング所,東洋クリーニング ひかわ商店,525-0066,草津市矢橋町,草津市矢橋町２３－２,２３－２,,H07/07/06,,,,草津
クリーニング所,東洋クリーニング 下鈎店,520-3026,栗東市下鈎,栗東市下鈎１１９５－１１４,１１９５－１１４,,H09/06/17,,,,草津
クリーニング所,東洋クリーニング 元町サービス店,524-0022,守山市守山六丁目,守山市守山六丁目８－１６,８－１６,,H10/09/14,,,,草津
クリーニング所,東洋クリーニング 高橋ショップ,524-0001,守山市川田町,守山市川田町４１９－３,４１９－３,,H08/04/09,,,,草津
クリーニング所,東洋クリーニング 山元商店,525-0055,草津市野路町,草津市野路町１０８５－１６,１０８５－１６,,H11/09/22,,,,草津
クリーニング所,東洋クリーニング 山田,525-0054,草津市東矢倉二丁目,草津市東矢倉二丁目８番９号,８番９号,,H09/11/25,,,,草津
クリーニング所,東洋クリーニング 守山高校前店,524-0022,守山市守山三丁目,守山市守山三丁目９－１２,９－１２,,H06/06/29,,,,草津
クリーニング所,東洋クリーニング 南笠店,525-0056,草津市南笠町,草津市南笠町２６３,２６３,,H08/04/12,,,,草津
クリーニング所,東洋クリーニング 北野サービス店,524-0013,守山市下之郷一丁目,守山市下之郷一丁目１３－１６,１３－１６,,H14/03/19,,,,草津
クリーニング所,東洋クリーニング・・・・・・・御 園サービス店,520-3005,栗東市御園,栗東市御園４６９－１,４６９－１,,H08/12/06,,,,草津
クリーニング所,東洋クリーニングわしだサービス店,524-0003,守山市中町,守山市中町１１８,１１８,,H14/12/16,,,,草津
クリーニング所,東洋クリーニング宇野サービス店,524-0052,守山市大門町,守山市大門町２０－３,２０－３,,H05/04/04,,,,草津
クリーニング所,東洋クリーニング店,524-0013,守山市下之郷町,守山市下之郷町,,,H14/03/19,,,,草津
クリーニング所,東洋クリーニング杦田サービス店,520-2342,野洲市野洲,野洲市野洲２４１,２４１,,H14/10/23,,,,草津
クリーニング所,東洋クリーニング,525-0055,草津市野路町,草津市野路町６６０－１,６６０－１,東洋クリーニング株式会 社,H01/09/12,,,,草津
クリーニング所,東洋産業株式会社,520-2323,野洲市三上,野洲市三上２５６２－１,２５６２－１,東洋産業株式会社,H03/03/08,,,,草津
クリーニング所,白洋舎草津チェーン店,525-0036,草津市草津町,草津市草津町１９４８－２,１９４８－２,,H14/05/08,,,,草津
クリーニング所,白洋舎草津北取次所,520-3025,栗東市中沢,栗東市中沢１８７－１ グローバル 草津団地,１８７－１ グローバル 草津団地,ウエンデイ企画株式会社,H10/07/21,,,,草津
クリーニング所,有限会社亀田 「洗濯屋本舗 亀 田」,524-0053,守山市横江町,守山市横江町１－１,１－１,有限会社亀田,H18/04/12,,,,草津
クリーニング所,有限会社センシブルキタデ,525-0028,草津市上笠三丁目,草津市上笠三丁目１７－２０,１７－２０,有限会社センシブルキタ デ,H16/03/16,,,,草津
クリーニング所,有限会社マツヤドライクリーニング 店 丸善守山店,524-0044,守山市古高町,守山市古高町３８８,３８８,有限会社マツヤドライク リーニング店,H10/12/14,,,,草津
クリーニング所,有限会社マツヤドライクリーニング 店 西友野洲店,520-2362,野洲市市三宅,野洲市市三宅１０１３,１０１３,有限会社マツヤドライク リーニング店,H29/02/08,,,,草津
クリーニング所,有限会社クリーンハウス 今宿店,524-0046,守山市今宿二丁目,守山市今宿二丁目１１－１３,１１－１３,有限会社クリーンハウス,H08/03/22,,,,草津
クリーニング所,有限会社マツヤドライクリーニング 店河上店,520-2421,野洲市野田,野洲市野田１８０３,１８０３,有限会社マツヤドライク リーニング店,S54/12/26,,,,草津
クリーニング所,有限会社マツヤドライクリーニング 店丸善店,520-2333,野洲市栄,野洲市栄５－５,５－５,有限会社マツヤドライク リーニング店,H01/12/22,,,,草津
クリーニング所,有限会社マツヤドライクリーニング 店本店,520-2331,野洲市小篠原,野洲市小篠原２１８０－１４,２１８０－１４,有限会社マツヤドライク リーニング店,S52/05/06,,,,草津
クリーニング所,有限会社大喜,525-0034,草津市草津二丁目,草津市草津二丁目５－１１,５－１１,株式会社九州化学,S60/11/08,,,,草津
クリーニング所,東洋クリーニング スペースウイン 店,524-0022,守山市守山三丁目,守山市守山三丁目９２６－５,９２６－５,特定非営利活動法人ス ペースウイン,H21/04/14,,,,草津
クリーニング所,日本洗業有限会社 野洲工場,520-2313,野洲市大篠原,野洲市大篠原１７３３－６,１７３３－６,日本洗業有限会社,H21/05/07,,,,草津
クリーニング所,ザ・草津タワー,525-0026,草津市渋川一丁目,草津市渋川一丁目２－２６,２－２６,株式会社クオリティライ フ・コンシェルジュ,H21/08/15,,,,草津
クリーニング所,ホワイト急便 プラザ播磨田,524-0012,守山市播磨田町,守山市播磨田町１３２５－３,１３２５－３,有限会社ミヤマ,H21/08/28,,,,草津
クリーニング所,ホワイト急便 栄営業所,520-2333,野洲市栄,野洲市栄６－２,６－２,有限会社ミヤマ,H21/11/18,,,,草津
クリーニング所,障害福祉サービス事業所 第二むつ み園,525-0042,草津市山寺町,草津市山寺町６６６－１,６６６－１,社会福祉法人よつば会,H22/01/22,,,,草津
クリーニング所,ホワイト急便 安養寺市役所前店,520-3015,栗東市安養寺八丁目,栗東市安養寺八丁目３－６,３－６,カネヨシ商事株式会社,H22/03/03,,,,草津
クリーニング所,シャリエパークナード南草津,525-0050,草津市南草津一丁目,草津市南草津一丁目２,２,株式会社クオリティライ フ・コンシェルジュ,H22/03/16,,,,草津
クリーニング所,ホワイト急便 南草津営業所,525-0050,草津市南草津三丁目,草津市南草津三丁目７－９,７－９,有限会社ミヤマ,H22/04/08,,,,草津
クリーニング所,ＳＥＩＹＯＳＨＡ 播磨田店,524-0012,守山市播磨田町,守山市播磨田町３０６３,３０６３,株式会社西洋舎,H22/10/01,,,,草津
クリーニング所,ホワイト急便 守山駅前営業所,524-0021,守山市吉身六丁目,守山市吉身六丁目１８１－３８,１８１－３８,有限会社ミヤマ,H23/09/06,,,,草津
クリーニング所,株式会社かめやクリーニング,524-0044,守山市古高町,守山市古高町８０８－３０,８０８－３０,株式会社かめやクリーニ ング,H24/03/16,,,,草津
クリーニング所,ＳＥＩＹＯＳＨＡ フレスコ 草津 店,525-0037,草津市西大路町,草津市西大路町９－１８,９－１８,株式会社西洋舎,H24/07/25,,,,草津
クリーニング所,株式会社エリアエース,520-3042,栗東市辻,栗東市辻５１３－１－１,５１３－１－１,株式会社エリアエース,H25/03/05,,,,草津
クリーニング所,クリーンハウス バロー栗東店,520-3032,栗東市苅原,栗東市苅原１４６,１４６,有限会社クリーンハウス,H25/03/21,,,,草津
クリーニング所,ヨシハラクリーニング アルプラザ 栗東店,520-3031,栗東市綣,栗東市綣二丁目３－２２ アルプ ラザ栗東店１Ｆ,二丁目３－２２ アルプ ラザ栗東店１Ｆ,株式会社ヨシハラシステ ムズ,H25/06/13,,,,草津
クリーニング所,ヨシハラクリーニング フレンド マート中主店,520-2423,野洲市西河原,野洲市西河原９８０－１ フレンド マート中主店内,９８０－１ フレンド マート中主店内,株式会社ヨシハラシステ ムズ,H25/06/13,,,,草津
クリーニング所,かめやクリーニング フレンドマー ト栗東店,520-3015,栗東市安養寺八丁目,栗東市安養寺八丁目１－１２,１－１２,株式会社かめやクリーニ ング,H25/10/17,,,,草津
クリーニング所,ＳＥＩＹＯＳＨＡ キリン堂 野洲 店,520-2353,野洲市久野部,野洲市久野部１４９－１,１４９－１,株式会社西洋舎,H26/03/10,,,,草津
クリーニング所,ＳＥＩＹＯＳＨＡ 野洲工場,520-2413,野洲市吉地,野洲市吉地６６０－１,６６０－１,株式会社西洋舎,H26/03/10,,,,草津
クリーニング所,スーパーホテル滋賀・草津国道1号 沿,525-0034,草津市草津一丁目,草津市草津一丁目20－19,20－19,京豊エンジニアリング株 式会社,H27/03/31,,,,草津
クリーニング所,洗濯王 南草津店,525-0048,草津市追分南一丁目,草津市追分南一丁目１－２６ メゾンエスプ リ１０３号,１－２６ メゾンエスプ リ１０３号,株式会社松田クリーニン グ商会,H26/10/24,,,,草津
クリーニング所,ヤングドライ 草津支店,525-0041,草津市青地町,草津市青地町６９２－１８,６９２－１８,有限会社ヤングドライ金 沢,H27/03/20,,,,草津
クリーニング所,有限会社東洋ウェックス 草津西口 店,525-0027,草津市野村一丁目,草津市野村一丁目１６－１３,１６－１３,有限会社東洋ウエックス,H27/10/27,,,,草津
クリーニング所,株式会社湖光 ダスキン手原支店,520-3047,栗東市手原七丁目,栗東市手原七丁目６－２８,６－２８,株式会社湖光,H27/10/29,,,,草津
クリーニング所,きものサロン都千本,525-0025,草津市西渋川一丁目,草津市西渋川一丁目２３－３０ アル・プラ ザ草津２階,２３－３０ アル・プラ ザ草津２階,,H28/08/23,,,,草津
クリーニング所,株式会社小平井屋クリーニング店,525-0032,草津市大路一丁目,草津市大路一丁目１－１,１－１,株式会社小平井屋クリー ニング店,H29/05/12,,,,草津
クリーニング所,伽羅ガーデンスクエア,525-0032,草津市大路二丁目,草津市大路二丁目１－２７ 伽羅ガーデン スクエア１Ｆ,１－２７ 伽羅ガーデン スクエア１Ｆ,伊藤忠アーバンコミュニ ティ株式会社,H29/05/29,,,,草津
クリーニング所,株式会社小平井屋クリーニング店,520-3034,栗東市小平井三丁目,栗東市小平井三丁目２－１５,２－１５,株式会社小平井屋クリー ニング店,H29/05/24,,,,草津
クリーニング所,ヤングドライ バロー守山駅東店,524-0033,守山市浮気町,守山市浮気町３６１,３６１,株式会社ヤングドライ滋 賀,H30/03/20,,,,草津
クリーニング所,マエダクリーニング 野洲店,520-2331,野洲市小篠原,野洲市小篠原１１１４－２,１１１４－２,株式会社マエダクリーニ ング,H30/06/26,,,,草津
クリーニング所,ＷＡＳＨ＆ＦＯＬＤ草津店,525-0027,草津市野村二丁目,草津市野村二丁目１－１４,１－１４,クローバー・ジャパン株 式会社,H30/07/10,,,,草津
クリーニング所,株式会社白洋舎 草津営業所,525-0032,草津市大路一丁目,草津市大路一丁目６－１７,６－１７,株式会社白洋舎,R01/05/27,,,,草津
クリーニング所,有限会社東洋ウエックス,520-3026,栗東市下鈎,栗東市下鈎３－１,３－１,有限会社東洋ウエックス,R01/11/06,,,,草津
クリーニング所,ヨシハラクリーニング近鉄草津店,525-0026,草津市渋川一丁目,草津市渋川一丁目１－５ ２Ｆ,１－５ ２Ｆ,株式会社ヨシハラシステ ムズ,R02/02/13,,,,草津
クリーニング所,ＳＥＩＹＯＳＨＡ 上笠店,525-0028,草津市上笠二丁目,草津市上笠二丁目２８－１０,２８－１０,株式会社西洋舎,R02/09/04,,,,草津
クリーニング所,(有)第一ツーリストビクトリー,520-3005,栗東市御園,栗東市御園１０２８,１０２８,有限会社第一ツーリスト ビクトリー,R02/09/29,,,,草津
クリーニング所,フトン巻きのジロー草津追分店,525-0048,草津市追分南四丁目,草津市追分南四丁目２－３ かがやきテラス １－Ａ,２－３ かがやきテラス １－Ａ,合同会社ＢＩＴＢＡＳＥ,R03/06/08,,,,草津
クリーニング所,ＳＥＩＹＯＳＨＡ 南草津店,525-0059,草津市野路一丁目,草津市野路一丁目１６－１,１６－１,株式会社西洋舎,R03/07/01,,,,草津
クリーニング所,株式会社アスピラシオン,524-0044,守山市古高町,守山市古高町７８０－１１,７８０－１１,株式会社アスピラシオン,R03/06/25,,,,草津
クリーニング所,クリーニングマエダ栗東駅前店,520-3031,栗東市綣三丁目,栗東市綣三丁目８－２３,８－２３,株式会社マエダクリーニ ング,R03/12/13,,,,草津
クリーニング所,洗濯王 草津大路店,525-0032,草津市大路一丁目,草津市大路一丁目１６－３２,１６－３２,株式会社松田クリーニン グ商会,R03/12/15,,,,草津
クリーニング所,おふとん屋さんのＬＡＵＮＤＲＹ,520-3031,栗東市綣四丁目,栗東市綣四丁目４－２４,４－２４,株式会社みつや,R04/05/02,,,,草津
クリーニング所,クリーニング アクア 草津店,525-0036,草津市草津町,草津市草津町１９８６ スーパーバ ロー店内,１９８６ スーパーバ ロー店内,株式会社フジヤクリーニ ング,R04/07/08,,,,草津
クリーニング所,都ユニリース株式会社 滋賀支店,525-0042,草津市山寺町,草津市山寺町２３０－６,２３０－６,都ユニリース株式会社,R05/02/27,,,,草津
クリーニング所,正栄クリーニング＆ランドリー 南 草津店,525-0059,草津市野路一丁目,草津市野路一丁目１２－２８,１２－２８,株式会社正栄,R05/03/29,,,,草津
クリーニング所,森トラスト・ホテルズ＆リゾーツ株 式会社琵琶湖マリオットホテル,524-0101,守山市今浜町,守山市今浜町２８７６,２８７６,森トラスト・ホテルズ＆ リゾーツ株式会社,R05/09/01,,,,草津
クリーニング所,ヤングドライ イオンモール草津,525-0067,草津市新浜町,草津市新浜町３００ イオンモール棟,３００ イオンモール棟,株式会社ヤングドライ滋 賀,R06/02/02,,,,草津
クリーニング所,正栄クリーニング ハズイタウン守 山店,524-0045,守山市金森町,守山市金森町４８８,４８８,株式会社正栄,R07/02/19,,,,草津
クリーニング所,株式会社タマヤ,520-3015,栗東市安養寺八丁目,栗東市安養寺八丁目７－４,７－４,株式会社タマヤ,R07/05/22,,,,草津
クリーニング所,かめやクリーニングフレンドタウン 守山店,524-0037,守山市梅田町,守山市梅田町５－６,５－６,株式会社かめやクリーニ ング,R07/11/21,,,,草津
クリーニング所,リンクスクエアショップ クリーニ ング店,525-0058,草津市野路東一丁目,草津市野路東一丁目１－１,１－１,立命館生活協同組合,R08/02/25,,,,草津
クリーニング所,カネヨシ商事株式会社,520-3252,湖南市岩根,湖南市岩根６７８－１５０,６７８－１５０,カネヨシ商事株式会社,H12/06/05,,,,甲賀
クリーニング所,カブトヤクリーニング店,520-3234,湖南市中央二丁目,湖南市中央二丁目６８,６８,,S60/06/14,,,,甲賀
クリーニング所,かぶと屋,528-0017,甲賀市水口町京町,甲賀市水口町京町６－２,６－２,,S51/04/09,,,,甲賀
クリーニング所,かめやクリーニング平和堂甲西店,520-3252,湖南市岩根,湖南市岩根８６６－２,８６６－２,株式会社かめやクリーニ ング,S55/04/09,,,,甲賀
クリーニング所,クリーニング フタバ,529-1835,甲賀市信楽町長野,甲賀市信楽町長野１０６５,１０６５,,S38/11/06,,,,甲賀
クリーニング所,クリーニングかめだ,528-0033,甲賀市水口町綾野,甲賀市水口町綾野３番５９号,３番５９号,,H14/06/16,,,,甲賀
クリーニング所,クリーニングさわやか,528-0067,甲賀市水口町山,甲賀市水口町山３４５１－７０,３４５１－７０,,H09/11/14,,,,甲賀
クリーニング所,クリーニングの相互 下田取次所,520-3201,湖南市下田,湖南市下田９２０－５１,９２０－５１,有限会社相互ランドリー,H05/03/02,,,,甲賀
クリーニング所,クリーニングの相互 宮ノ森店,520-3102,湖南市宮の森二丁目,湖南市宮の森二丁目５番３号,５番３号,有限会社相互ランドリー,H12/12/11,,,,甲賀
クリーニング所,クリーニングの相互 甲賀営業所,520-3433,甲賀市甲賀町大原市場,甲賀市甲賀町大原市場４１－３,４１－３,有限会社相互ランドリー,H05/02/26,,,,甲賀
クリーニング所,クリーニングの相互 甲西店,520-3215,湖南市水戸町,湖南市水戸町１－７ 近江マンション １階店舗１０４,１－７ 近江マンション １階店舗１０４,有限会社相互ランドリー,H11/11/16,,,,甲賀
クリーニング所,クリーニングの相互 甲南営業所山 本チェーン店,520-3322,甲賀市甲南町深川,甲賀市甲南町深川１５８９,１５８９,,S55/10/23,,,,甲賀
クリーニング所,クリーニングの相互 甲南亀川店,520-3313,甲賀市甲南町新治,甲賀市甲南町新治１４８５ センチュリー 内,１４８５ センチュリー 内,有限会社相互ランドリー,H10/02/20,,,,甲賀
クリーニング所,クリーニングの相互 三雲店,520-3221,湖南市三雲,湖南市三雲１２５０－７,１２５０－７,有限会社相互ランドリー,H09/05/14,,,,甲賀
クリーニング所,クリーニングの相互 寺庄営業所,520-3301,甲賀市甲南町寺庄,甲賀市甲南町寺庄１０５８,１０５８,有限会社相互ランドリー,S63/03/04,,,,甲賀
クリーニング所,クリーニングの相互 水口漆原店,528-0067,甲賀市水口町山,甲賀市水口町山３９１９－２,３９１９－２,有限会社相互ランドリー,H09/12/03,,,,甲賀
クリーニング所,クリーニングの相互 石部木八店,520-3106,湖南市石部中央三丁目,湖南市石部中央三丁目１－３８,１－３８,有限会社相互ランドリー,H10/06/26,,,,甲賀
クリーニング所,クリーニングの相互 大野営業所,528-0234,甲賀市土山町徳原,甲賀市土山町徳原２１４,２１４,有限会社相互ランドリー,S60/12/20,,,,甲賀
クリーニング所,クリーニングの相互 東寺営業所,520-3111,湖南市東寺,湖南市東寺９４５－１,９４５－１,有限会社相互ランドリー,S59/05/14,,,,甲賀
クリーニング所,クリーニングの相互 油日澤忠呉服 店,520-3421,甲賀市甲賀町上野,甲賀市甲賀町上野１７０４番地,１７０４番地,有限会社相互ランドリー,H12/07/24,,,,甲賀
クリーニング所,クリーニングの相互下田マルキ店,520-3201,湖南市下田,湖南市下田５１９,５１９,有限会社相互ランドリー,H06/08/23,,,,甲賀
クリーニング所,クリーニングの相互水口貴生川営業 所,528-0046,甲賀市水口町三大寺,甲賀市水口町三大寺９５,９５,有限会社相互ランドリー,H05/04/30,,,,甲賀
クリーニング所,クリーニングの相互水口望月営業所,528-0034,甲賀市水口町日電,甲賀市水口町日電１－３８,１－３８,有限会社相互ランドリー,S62/12/09,,,,甲賀
クリーニング所,クリーニングの相互田堵野営業所,520-3426,甲賀市甲賀町田堵野,甲賀市甲賀町田堵野９３６,９３６,有限会社相互ランドリー,S60/03/24,,,,甲賀
クリーニング所,クリーニングの相互北内貴倉田 チェーン店,528-0051,甲賀市水口町北内貴,甲賀市水口町北内貴５６７,５６７,有限会社相互ランドリー,H05/11/29,,,,甲賀
クリーニング所,クリーニングの東洋 宮島店,520-3234,湖南市中央二丁目,湖南市中央二丁目３５,３５,東洋産業株式会社,S55/04/19,,,,甲賀
クリーニング所,クリーニングの東洋 前川店,520-3221,湖南市三雲,湖南市三雲１２４５－９２,１２４５－９２,,S57/11/22,,,,甲賀
クリーニング所,クリーニングの東洋 土山店,528-0231,甲賀市土山町頓宮,甲賀市土山町頓宮１６０－１,１６０－１,,H13/03/01,,,,甲賀
クリーニング所,クリーニングの東洋 藤井店,520-3222,湖南市吉永,湖南市吉永５４６,５４６,,H06/05/31,,,,甲賀
クリーニング所,クリーニングの東洋 薮店,520-3433,甲賀市甲賀町大原市場,甲賀市甲賀町大原市場１７３,１７３,,S61/03/28,,,,甲賀
クリーニング所,サニーサイド,528-0052,甲賀市水口町宇川,甲賀市水口町宇川６９,６９,社会福祉法人 湖東会,S63/04/14,,,,甲賀
クリーニング所,デイリー・クリーナー岩根クリーニ ング取次所,520-3252,湖南市岩根,湖南市岩根１０９２,１０９２,デイリー・クリーナ株式 会社,S59/05/04,,,,甲賀
クリーニング所,デイリー・クリーナー宝来坂取次所,520-3103,湖南市宝来坂二丁目,湖南市宝来坂二丁目１２－７,１２－７,デイリー・クリーナ株式 会社,S56/06/02,,,,甲賀
クリーニング所,フセンクリーニング（ジョイ店）,520-3433,甲賀市甲賀町大原市場,甲賀市甲賀町大原市場９－１ジョイショッピン グセンター内,９－１ジョイショッピン グセンター内,,S55/05/26,,,,甲賀
クリーニング所,フセンクリーニング店,520-3433,甲賀市甲賀町大原市場,甲賀市甲賀町大原市場１５７,１５７,,H02/03/29,,,,甲賀
クリーニング所,ホープクリーニング ミヤマ三雲 営業所,520-3221,湖南市三雲,湖南市三雲３３６,３３６,有限会社ミヤマ,H03/10/09,,,,甲賀
クリーニング所,ホープクリーニング 中央営業所,520-3234,湖南市中央四丁目,湖南市中央四丁目１１９,１１９,有限会社ミヤマ,S62/01/06,,,,甲賀
クリーニング所,ホワイト急便 杉谷営業所,520-3314,甲賀市甲南町杉谷,甲賀市甲南町杉谷２０４５,２０４５,有限会社ミヤマ,H07/03/16,,,,甲賀
クリーニング所,ホワイト急便 吉岡営業所,528-0016,甲賀市水口町神明,甲賀市水口町神明５－３１,５－３１,有限会社ミヤマ,H19/01/26,,,,甲賀
クリーニング所,マツヤクリーニング丸善店,520-3107,湖南市石部東六丁目,湖南市石部東六丁目１－７,１－７,有限会社マツヤドライク リーニング店,H14/07/26,,,,甲賀
クリーニング所,マツヤドライクリーニング店平和堂 石部店,520-3101,湖南市石部,湖南市石部１１９７ピア２１内,１１９７ピア２１内,有限会社マツヤドライク リーニング店,S63/07/21,,,,甲賀
クリーニング所,ミッキークリーニング 寺庄店,520-3301,甲賀市甲南町寺庄,甲賀市甲南町寺庄６２３－１,６２３－１,株式会社うえで,S60/10/01,,,,甲賀
クリーニング所,ミッキークリーニング 大野店,528-0235,甲賀市土山町大野,甲賀市土山町大野２１５５,２１５５,株式会社うえで,S62/03/11,,,,甲賀
クリーニング所,ミッキークリーニング フレンド マート甲南店,520-3311,甲賀市甲南町竜法師,甲賀市甲南町竜法師３３８－３ フレンドタ ウン甲賀,３３８－３ フレンドタ ウン甲賀,株式会社うえで,H20/11/04,,,,甲賀
クリーニング所,ミッキークリーニング株式会社うえ で綾野工場,528-0037,甲賀市水口町本綾野,甲賀市水口町本綾野３－４０,３－４０,株式会社うえで,S61/05/31,,,,甲賀
クリーニング所,ミッキークリーニング西友店,528-0005,甲賀市水口町水口,甲賀市水口町水口６０８４－１,６０８４－１,株式会社うえで,H11/06/22,,,,甲賀
クリーニング所,ミヤマ,528--006,甲賀市水口町城東,甲賀市水口町城東５－５８,５－５８,有限会社ミヤマ,S25/07/25,,,,甲賀
クリーニング所,もみじ寮,520-3101,湖南市石部,湖南市石部３８１４－７,３８１４－７,社会福祉法人 大木会,S63/03/04,,,,甲賀
クリーニング所,ヨシハラクリーニング ベイシア甲 賀店,528-0056,甲賀市水口町泉,甲賀市水口町泉１４０５,１４０５,株式会社ヨシハラシステ ムズ,H18/10/24,,,,甲賀
クリーニング所,リカーショップ やまり,520-3242,湖南市菩提寺,湖南市菩提寺３３０－１０４,３３０－１０４,東洋産業株式会社,H14/10/23,,,,甲賀
クリーニング所,株式会社うえで アル・プラザ店,528-0037,甲賀市水口町本綾野,甲賀市水口町本綾野５６６－１,５６６－１,,H12/11/24,,,,甲賀
クリーニング所,株式会社ダスキン 滋賀工場,528-0062,甲賀市水口町さつきが 丘,甲賀市水口町さつきが 丘１１,１１,株式会社星光舎,H10/11/12,,,,甲賀
クリーニング所,株式会社ユニマットライフ 滋賀工 場,520-3212,湖南市小砂町,湖南市小砂町１番地１,１番地１,株式会社ユニマットライ フ,H13/12/25,,,,甲賀
クリーニング所,丸中クリーニング 是広取次所,528-0067,甲賀市水口町山,甲賀市水口町山１６４０－８６,１６４０－８６,有限会社丸中クリーニン グ商会,H07/12/04,,,,甲賀
クリーニング所,山岸クリーニング 甲南店,520-3332,甲賀市甲南町希望ケ丘 本町六丁目,甲賀市甲南町希望ケ丘 本町六丁目８５７－２２,８５７－２２,有限会社山岸クリーニン グ,H06/12/19,,,,甲賀
クリーニング所,松屋クリーニング店,529-1811,甲賀市信楽町江田,甲賀市信楽町江田９７７－１,９７７－１,,H03/07/24,,,,甲賀
クリーニング所,上村取次所,520-3201,湖南市下田,湖南市下田５－１０,５－１０,,S51/04/23,,,,甲賀
クリーニング所,相互ランドリー 水口営業所,528-0031,甲賀市水口町本町二丁 目,甲賀市水口町本町二丁 目４－３,４－３,,S52/03/05,,,,甲賀
クリーニング所,相互ランドリー 田代取扱店,528-0046,甲賀市水口町三大寺,甲賀市水口町三大寺９５,９５,,S52/01/31,,,,甲賀
クリーニング所,直村クリーニング店,529-1835,甲賀市信楽町長野,甲賀市信楽町長野８２９－１,８２９－１,,S49/05/21,,,,甲賀
クリーニング所,東洋クリーニング オオギヤ店,520-3242,湖南市菩提寺,湖南市菩提寺１５２９－１１６,１５２９－１１６,,H16/03/31,,,,甲賀
クリーニング所,東洋クリーニング 三雲サービス店,520-3221,湖南市三雲,湖南市三雲４１９,４１９,,H12/05/22,,,,甲賀
クリーニング所,東洋クリーニング石部店,520-3107,湖南市石部東二丁目,湖南市石部東二丁目６－３６,６－３６,有限会社リカーショップ なかむら,H15/02/20,,,,甲賀
クリーニング所,有限会社増田商店,520-3433,甲賀市甲賀町大原市場,甲賀市甲賀町大原市場２０３,２０３,有限会社増田商店,H08/02/10,,,,甲賀
クリーニング所,ランドリープラザ 三雲店,520-3221,湖南市三雲,湖南市三雲１４３－１,１４３－１,有限会社コインズ,H21/04/02,,,,甲賀
クリーニング所,社会福祉法人しがらき会 ワークセ ンター紫香楽,529-1812,甲賀市信楽町神山,甲賀市信楽町神山４９４－１,４９４－１,社会福祉法人しがらき会,H21/05/12,,,,甲賀
クリーニング所,ホワイト急便 深川営業所,520-3322,甲賀市甲南町深川,甲賀市甲南町深川２０００番３号,２０００番３号,有限会社ミヤマ,H22/02/25,,,,甲賀
クリーニング所,ホワイト急便 土山営業所,528-0211,甲賀市土山町北土山,甲賀市土山町北土山１５５４,１５５４,有限会社ミヤマ,H23/05/06,,,,甲賀
クリーニング所,水口クリーニング,528-0007,甲賀市水口町新城,甲賀市水口町新城３０３－８,３０３－８,,H23/07/21,,,,甲賀
クリーニング所,ふわふわらんど,528-0231,甲賀市土山町頓宮,甲賀市土山町頓宮１６０－１,１６０－１,,H23/07/25,,,,甲賀
クリーニング所,ホワイト急便石部営業所,520-3107,湖南市石部東二丁目,湖南市石部東二丁目１－３４,１－３４,有限会社ミヤマ,H24/10/30,,,,甲賀
クリーニング所,ヨシハラクリーニング フレンド マート菩提寺店,520-3242,湖南市菩提寺,湖南市菩提寺３－６５,３－６５,株式会社ヨシハラシステ ムズ,H25/06/21,,,,甲賀
クリーニング所,マエダクリーニング水口店,528-0012,甲賀市水口町暁,甲賀市水口町暁５－３５,５－３５,株式会社マエダクリーニ ング,H26/10/08,,,,甲賀
クリーニング所,ＳＥＩＹＯＳＨＡ イオンタウン湖 南店,520-3252,湖南市岩根,湖南市岩根４５８０ イオンタウン 湖南,４５８０ イオンタウン 湖南,株式会社西洋舎,H26/11/28,,,,甲賀
クリーニング所,京屋クリーニング菩提寺店,520-3248,湖南市菩提寺西三丁目,湖南市菩提寺西三丁目１０－１,１０－１,京屋クリーニング有限会 社,H27/02/02,,,,甲賀
クリーニング所,ミッキークリーニング フレンド マート信楽店,529-1851,甲賀市信楽町長野,甲賀市信楽町長野６２３－３,６２３－３,株式会社うえで,H28/06/30,,,,甲賀
クリーニング所,丸越むらき,528-0005,甲賀市水口町水口,甲賀市水口町水口５７４３－３ 和ビレッ ジ１０１,５７４３－３ 和ビレッ ジ１０１,,R05/09/06,,,,甲賀
クリーニング所,ミッキークリーニング アルプラザ 水口店,528-0037,甲賀市水口町本綾野,甲賀市水口町本綾野５６６－１,５６６－１,株式会社うえで,R07/04/15,,,,甲賀
クリーニング所,ヨシハラクリーニングイオン八幡店,523-0898,近江八幡市鷹飼町南三 丁目,近江八幡市鷹飼町南三 丁目７－４,７－４,株式会社ヨシハラシステ ムズ,H03/04/15,,,,東近江
クリーニング所,ＳＥＩＹＯＳＨＡ ピアゴ 近江八 幡店,523-0891,近江八幡市鷹飼町,近江八幡市鷹飼町２２３－３,２２３－３,株式会社西洋舎,H20/04/21,,,,東近江
クリーニング所,おしゃれなクリーニング小林,529-1603,蒲生郡日野町大窪,蒲生郡日野町大窪５１６平和堂店,５１６平和堂店,,S57/01/13,,,,東近江
クリーニング所,カネマタクリーニング店,521-1221,東近江市垣見町,東近江市垣見町１３７３,１３７３,,H08/09/06,,,,東近江
クリーニング所,グッドドライ,523-0041,近江八幡市中小森町,近江八幡市中小森町３０５－９,３０５－９,有限会社アクアネット サービス,H11/04/19,,,,東近江
クリーニング所,クリーニング ニシカワ,523-0892,近江八幡市出町,近江八幡市出町４２２－１－１０２,４２２－１－１０２,,H19/02/14,,,,東近江
クリーニング所,クリーニングの相互 長峰店,529-1551,東近江市宮川町,東近江市宮川町２４４－３１９,２４４－３１９,有限会社相互ランドリー,H09/10/28,,,,東近江
クリーニング所,クリーニングの相互いばや営業所,523-0865,近江八幡市為心町中,近江八幡市為心町中１５,１５,有限会社相互ランドリー,S62/09/08,,,,東近江
クリーニング所,クリーニングの相互オリチョー店,523-0893,近江八幡市桜宮町,近江八幡市桜宮町２００,２００,有限会社相互ランドリー,H09/05/20,,,,東近江
クリーニング所,クリーニングの相互シゲタ酒店,523-0056,近江八幡市古川町,近江八幡市古川町１１７３－８３,１１７３－８３,有限会社相互ランドリー,H09/11/19,,,,東近江
クリーニング所,クリーニングの相互フクイチェーン 店,523-0031,近江八幡市堀上町,近江八幡市堀上町１６９－５,１６９－５,有限会社フクイ印刷,H01/07/25,,,,東近江
クリーニング所,クリーニングの相互篠原営業所,523-0046,近江八幡市上野町,近江八幡市上野町１３２,１３２,有限会社相互ランドリー,S58/03/29,,,,東近江
クリーニング所,クリーニングの相互若宮営業所,523-0034,近江八幡市若宮町,近江八幡市若宮町５２３,５２３,有限会社相互ランドリー,S62/12/03,,,,東近江
クリーニング所,クリーニングの相互若葉町営業所,523-0815,近江八幡市若葉町一丁 目,近江八幡市若葉町一丁 目８６－６,８６－６,有限会社相互ランドリー,S62/06/30,,,,東近江
クリーニング所,クリーニングの相互仁保営業所,523-0063,近江八幡市十王町,近江八幡市十王町１２５－２,１２５－２,有限会社相互ランドリー,S56/03/05,,,,東近江
クリーニング所,クリーニングの相互仲屋営業所,523-0863,近江八幡市仲屋町上,近江八幡市仲屋町上１,１,有限会社相互ランドリー,S58/08/08,,,,東近江
クリーニング所,クリーニングの相互天昌堂チェーン 店,523-0031,近江八幡市堀上町,近江八幡市堀上町１４２－５１,１４２－５１,有限会社相互ランドリー,S61/02/12,,,,東近江
クリーニング所,クリーニングの東洋 野村営業所,527-0047,東近江市野村町,東近江市野村町３２０－９,３２０－９,,S57/07/16,,,,東近江
クリーニング所,クリーニングの東洋中江サービス店,523-0875,近江八幡市小幡町上,近江八幡市小幡町上５,５,,S61/07/17,,,,東近江
クリーニング所,クリーニングの東洋藤野取次所,527-0033,東近江市東沖野二丁目,東近江市東沖野二丁目１－１５,１－１５,,S58/12/03,,,,東近江
クリーニング所,クリーニング相互鷹飼店,523-0891,近江八幡市鷹飼町,近江八幡市鷹飼町６７３,６７３,有限会社相互ランドリー,H09/08/26,,,,東近江
クリーニング所,クリーニング東洋馬淵店,523-0022,近江八幡市馬淵町,近江八幡市馬淵町１７４４,１７４４,,S59/11/16,,,,東近江
クリーニング所,クリーンハウス堀上店,523-0031,近江八幡市堀上町,近江八幡市堀上町３２０－５１,３２０－５１,,H08/03/11,,,,東近江
クリーニング所,さかもとクリーニング店,527-0033,東近江市東沖野五丁目,東近江市東沖野五丁目３６－１１,３６－１１,,S52/05/31,,,,東近江
クリーニング所,サクラ リース,523-0893,近江八幡市桜宮町,近江八幡市桜宮町２１６－７,２１６－７,株式会社おりづる,H08/07/19,,,,東近江
クリーニング所,ディリー・クリーナー伊庭取次所,521-1235,東近江市伊庭町,東近江市伊庭町２３０３,２３０３,,S48/11/20,,,,東近江
クリーニング所,ディリー・クリーナー沖野取次店,527-0034,東近江市沖野二丁目,東近江市沖野二丁目９－３２,９－３２,デイリー・クリーナ株式 会社,H04/03/17,,,,東近江
クリーニング所,ディリー・クリーナー鎌掛取次所,529-1631,蒲生郡日野町鎌掛,蒲生郡日野町鎌掛２６９９,２６９９,デイリー・クリーナ株式 会社,H06/07/25,,,,東近江
クリーニング所,ディリー・クリーナー上野田取次店,529-1642,蒲生郡日野町上野田,蒲生郡日野町上野田８４９,８４９,デイリー・クリーナ株式 会社,H04/09/25,,,,東近江
クリーニング所,ディリー・クリーナー清田取次所,529-1636,蒲生郡日野町清田,蒲生郡日野町清田８６１－２,８６１－２,デイリー・クリーナ株式 会社,H08/07/15,,,,東近江
クリーニング所,ディリー・クリーナー村井団地,529-1604,蒲生郡日野町村井,蒲生郡日野町村井８６８－１０,８６８－１０,,S59/11/26,,,,東近江
クリーニング所,ディリー・クリーナー大窪取次所,529-1603,蒲生郡日野町大窪,蒲生郡日野町大窪５４９,５４９,デイリー・クリーナ株式 会社,H07/05/18,,,,東近江
クリーニング所,ディリー・クリーナー竜田取次店,529-1421,東近江市五個荘竜田町,東近江市五個荘竜田町１９１,１９１,デイリー・クリーナ株式 会社,S62/07/06,,,,東近江
クリーニング所,デイリークリーナー株式会社本町４ 丁目取次所,523-0876,近江八幡市本町四丁目,近江八幡市本町四丁目１２番地,１２番地,デイリー・クリーナ株式 会社,S62/03/23,,,,東近江
クリーニング所,デイリークリーナー江頭取次所,523-0061,近江八幡市江頭町,近江八幡市江頭町６７５,６７５,,S49/06/12,,,,東近江
クリーニング所,デイリークリーナー桜宮取次所,523-0893,近江八幡市桜宮町,近江八幡市桜宮町２２４－６,２２４－６,,S49/11/11,,,,東近江
クリーニング所,デイリークリーナー十王町取次所,523-0063,近江八幡市十王町,近江八幡市十王町８９６－４,８９６－４,,S56/04/21,,,,東近江
クリーニング所,デイリークリーナー上田町取次所,523-0015,近江八幡市上田町,近江八幡市上田町１５２７－２０,１５２７－２０,,S56/10/05,,,,東近江
クリーニング所,デイリークリーナー上野町取次所,523-0046,近江八幡市上野町,近江八幡市上野町８６,８６,,S49/06/12,,,,東近江
クリーニング所,デイリークリーナー生活センター竜 王店,520-2524,蒲生郡竜王町綾戸,蒲生郡竜王町綾戸３１７－１,３１７－１,デイリー・クリーナ株式 会社,H03/04/25,,,,東近江
クリーニング所,デイリークリーナー倉橋部町取次店,523-0023,近江八幡市倉橋部町,近江八幡市倉橋部町２６４,２６４,デイリー・クリーナ株式 会社,H05/01/27,,,,東近江
クリーニング所,デイリークリーナー池田虹の町ク リーニンング取次所,523-0043,近江八幡市池田本町,近江八幡市池田本町９２７－６,９２７－６,,S59/04/27,,,,東近江
クリーニング所,デイリークリーナー長田町取次所,523-0811,近江八幡市長田町,近江八幡市長田町４４８－１,４４８－１,,S54/05/12,,,,東近江
クリーニング所,デイリークリーナー田中江取次所,523-0057,近江八幡市田中江町,近江八幡市田中江町２６８,２６８,デイリー・クリーナ株式 会社,S63/06/10,,,,東近江
クリーニング所,デイリークリーナー馬淵店,523-0022,近江八幡市馬淵町,近江八幡市馬淵町２５１６,２５１６,デイリー・クリーナ株式 会社,H05/05/10,,,,東近江
クリーニング所,デイリークリーナー本町取次所,523-0876,近江八幡市本町二丁目,近江八幡市本町二丁目３０,３０,,S49/12/24,,,,東近江
クリーニング所,ぬくもりはうす,523-0813,近江八幡市西本郷町,近江八幡市西本郷町４０１－１,４０１－１,,S57/09/14,,,,東近江
クリーニング所,ホワイト急便 近江八幡店,523-0892,近江八幡市出町,近江八幡市出町６９０,６９０,,H07/08/29,,,,東近江
クリーニング所,ホワイト急便 上田店,523-0015,近江八幡市上田町,近江八幡市上田町１４６１－２,１４６１－２,,H07/09/05,,,,東近江
クリーニング所,ホワイト急便 安土東,521-1311,近江八幡市安土町下豊 浦,近江八幡市安土町下豊 浦６－１１４,６－１１４,,H07/10/01,,,,東近江
クリーニング所,ホワイト急便 五個荘店,529-1431,東近江市五個荘山本町,東近江市五個荘山本町１７３,１７３,,H13/11/02,,,,東近江
クリーニング所,ホワイト急便 佐野店,521-1222,東近江市佐野町,東近江市佐野町５８－２,５８－２,,H09/09/18,,,,東近江
クリーニング所,ホワイト急便 長峰営業所,529-1541,東近江市蒲生堂町,東近江市蒲生堂町３４０－８８,３４０－８８,有限会社ミヤマ,H09/08/25,,,,東近江
クリーニング所,ホワイト急便 能登川店,521-1221,東近江市垣見町,東近江市垣見町８４９－２１,８４９－２１,,H07/07/31,,,,東近江
クリーニング所,ホワイト急便しのはら店,523-0046,近江八幡市上野町,近江八幡市上野町１７１－１,１７１－１,,H11/10/01,,,,東近江
クリーニング所,ホワイト急便安土店,521-1351,近江八幡市安土町常楽 寺,近江八幡市安土町常楽 寺８７２－２,８７２－２,,H12/12/01,,,,東近江
クリーニング所,ホワイト急便湖東店,527-0123,東近江市中岸本町,東近江市中岸本町５０,５０,,H08/03/25,,,,東近江
クリーニング所,ホワイト急便幸店,527-0031,東近江市幸町,東近江市幸町１－４９,１－４９,,H11/02/17,,,,東近江
クリーニング所,ホワイト急便小脇店,527-0091,東近江市小脇町,東近江市小脇町２４１６－１６,２４１６－１６,,H10/09/30,,,,東近江
クリーニング所,ホワイト急便倉橋部店,523-0023,近江八幡市倉橋部町,近江八幡市倉橋部町２６０－６,２６０－６,,H11/09/22,,,,東近江
クリーニング所,マエダクリーニング マックスバ リュー店,527-0057,東近江市岡田町,東近江市岡田町１１８,１１８,株式会社マエダクリーニ ング,H12/09/08,,,,東近江
クリーニング所,マエダクリーニングタキグチ店,527-0075,東近江市三津屋町,東近江市三津屋町２７４－４,２７４－４,株式会社マエダクリーニ ング,H03/03/16,,,,東近江
クリーニング所,マエダクリーニングみどり町店,527-0025,東近江市八日市東本町,東近江市八日市東本町６－９,６－９,株式会社マエダクリーニ ング,S50/12/26,,,,東近江
クリーニング所,マエダクリーニング沖野店,527-0033,東近江市東沖野五丁目,東近江市東沖野五丁目１２－５,１２－５,株式会社マエダクリーニ ング,H02/02/13,,,,東近江
クリーニング所,マエダクリーニング蒲生店,529-1531,東近江市市子川原町,東近江市市子川原町６１６－１,６１６－１,,H16/04/13,,,,東近江
クリーニング所,マエダクリーニング近江八幡店,523-0031,近江八幡市堀上町,近江八幡市堀上町１５０－３,１５０－３,株式会社マエダクリーニ ング,H20/06/30,,,,東近江
クリーニング所,マエダクリーニング金屋本店,527-0028,東近江市八日市金屋二 丁目,東近江市八日市金屋二 丁目２－３,２－３,株式会社マエダクリーニ ング,H08/02/07,,,,東近江
クリーニング所,マエダクリーニング清水町店,527-0018,東近江市八日市清水一 丁目,東近江市八日市清水一 丁目２－９,２－９,株式会社マエダクリーニ ング,S58/03/30,,,,東近江
クリーニング所,マエダクリーニング中野店,527-0015,東近江市中野町,東近江市中野町９８９－３,９８９－３,株式会社マエダクリーニ ング,S60/08/23,,,,東近江
クリーニング所,マエダクリーニング長峰店,529-1551,東近江市宮川町,東近江市宮川町２４８－１０６,２４８－１０６,株式会社マエダクリーニ ング,H04/02/19,,,,東近江
クリーニング所,マエダクリーニング八風店,527-0025,東近江市八日市東本町,東近江市八日市東本町１１－３,１１－３,株式会社マエダクリーニ ング,H08/02/07,,,,東近江
クリーニング所,マエダクリーニング平木店,527-0086,東近江市上平木町,東近江市上平木町８６９,８６９,株式会社マエダクリーニ ング,H08/02/23,,,,東近江
クリーニング所,マエダクリーニング 湖東横溝店,527-0135,東近江市横溝町,東近江市横溝町２２８,２２８,株式会社マエダクリーニ ング,H11/07/07,,,,東近江
クリーニング所,マルゼンショップセンター,521-1222,東近江市佐野町,東近江市佐野町６０９－１,６０９－１,,S54/08/01,,,,東近江
クリーニング所,ミカドクリーニング店,523-0012,近江八幡市武佐町,近江八幡市武佐町５２４,５２４,,S39/12/01,,,,東近江
クリーニング所,ミッキーのクリーニング橋本屋今営 業所,521-1211,東近江市今町,東近江市今町４９１－３,４９１－３,,H01/04/06,,,,東近江
クリーニング所,ヨシハラクリーニング音羽店,523-0856,近江八幡市音羽町,近江八幡市音羽町１９－９,１９－９,株式会社ヨシハラシステ ムズ,H13/04/02,,,,東近江
クリーニング所,ヨシハラクリーニング五個荘店,529-1444,東近江市五個荘石塚町,東近江市五個荘石塚町２４ フレンドマート内,２４ フレンドマート内,株式会社ヨシハラシステ ムズ,H12/07/28,,,,東近江
クリーニング所,ヨシハラクリーニング上田店,523-0015,近江八幡市上田町,近江八幡市上田町１２８５－１,１２８５－１,株式会社ヨシハラシステ ムズ,H11/07/19,,,,東近江
クリーニング所,ヨシハラ菱岡取次所,521-1205,東近江市躰光寺町,東近江市躰光寺町４６２－３,４６２－３,,S59/06/30,,,,東近江
クリーニング所,伊藤クリーニング店,529-1571,東近江市川合町,東近江市川合町１４７４,１４７４,,S31/01/20,,,,東近江
クリーニング所,株式会社ダスキン湖南 ダスキン蒲 生野支店,527-0091,東近江市小脇町,東近江市小脇町３４５－１,３４５－１,株式会社ダスキン湖南,H15/05/23,,,,東近江
クリーニング所,株式会社マエダクリーニング,527-0011,東近江市八日市浜野町,東近江市八日市浜野町７－２１,７－２１,株式会社マエダクリーニ ング,H10/03/31,,,,東近江
クリーニング所,三正舎クリーニング丸の内営業所,523-0062,近江八幡市丸の内町,近江八幡市丸の内町７－８２,７－８２,,H06/05/23,,,,東近江
クリーニング所,三正舎クリーニング新古川営業所,523-0056,近江八幡市古川町,近江八幡市古川町１１９０,１１９０,,H06/05/23,,,,東近江
クリーニング所,山下ランドリー,527-0211,東近江市永源寺相谷町,東近江市永源寺相谷町１０５６－１,１０５６－１,,S45/07/01,,,,東近江
クリーニング所,こばやしクリーニング,529-1601,蒲生郡日野町松尾,蒲生郡日野町松尾５－９,５－９,,H02/02/26,,,,東近江
クリーニング所,小林クリーニング,523-0821,近江八幡市多賀町,近江八幡市多賀町６１５,６１５,,S39/02/26,,,,東近江
クリーニング所,森岡クリーニング店,520-2521,蒲生郡竜王町川守,蒲生郡竜王町川守５２０,５２０,,S59/04/03,,,,東近江
クリーニング所,西川ランドリー,523-0824,近江八幡市大工町,近江八幡市大工町２５,２５,,S62/10/31,,,,東近江
クリーニング所,前田クリーニングカトレア営業所,523-0021,近江八幡市長福寺町,近江八幡市長福寺町３２７－１,３２７－１,株式会社マエダクリーニ ング,H01/03/18,,,,東近江
クリーニング所,前田クリーニング竜王店,520-2511,蒲生郡竜王町林,蒲生郡竜王町林５７０,５７０,株式会社マエダクリーニ ング,H03/06/15,,,,東近江
クリーニング所,相互クリーニング森脇チェーン,523-0044,近江八幡市篠原町一丁 目,近江八幡市篠原町一丁 目６－２２,６－２２,有限会社相互ランドリー,S62/05/27,,,,東近江
クリーニング所,大西クリーニング店,523-0871,近江八幡市新町三丁目,近江八幡市新町三丁目８,８,,H08/06/13,,,,東近江
クリーニング所,池田クリーニング店,523-0012,近江八幡市武佐町,近江八幡市武佐町６７７,６７７,,S55/06/14,,,,東近江
クリーニング所,中屋クリーニング,523-0892,近江八幡市出町,近江八幡市出町４６６,４６６,,S46/02/01,,,,東近江
クリーニング所,朝日屋クリーニング,523-0058,近江八幡市加茂町,近江八幡市加茂町８４４－６,８４４－６,,H04/04/10,,,,東近江
クリーニング所,田井中クリーニング店,527-0214,東近江市甲津畑町,東近江市甲津畑町１１４４,１１４４,,S48/02/05,,,,東近江
クリーニング所,東洋クリーニング近江八幡店,523-0032,近江八幡市白鳥町,近江八幡市白鳥町１１９,１１９,,H09/05/20,,,,東近江
クリーニング所,東洋クリーニング美松台取次店,520-2564,蒲生郡竜王町山面,蒲生郡竜王町山面３７３－１１０,３７３－１１０,,S60/07/05,,,,東近江
クリーニング所,東洋ドライクリーニンググリーン ショップセンター,523-0815,近江八幡市若葉町三丁 目,近江八幡市若葉町三丁 目１７９５－１１,１７９５－１１,,S51/01/17,,,,東近江
クリーニング所,白洋舎 八日市取次所,527-0018,東近江市八日市清水三 丁目,東近江市八日市清水三 丁目２４４－４,２４４－４,,H09/11/13,,,,東近江
クリーニング所,白洋舎八幡北店,523-0857,近江八幡市八幡町,近江八幡市八幡町１５２,１５２,,S59/04/12,,,,東近江
クリーニング所,伏見屋クリーニング,521-1351,近江八幡市安土町常楽 寺,近江八幡市安土町常楽 寺２８１,２８１,,S33/03/26,,,,東近江
クリーニング所,平和堂アルプラザ近江八幡 ヨシハ ラクリーニング,523-0893,近江八幡市桜宮町,近江八幡市桜宮町２０２ 平和堂アルプラ アザ近江八幡１Ｆ,２０２ 平和堂アルプラ アザ近江八幡１Ｆ,株式会社ヨシハラシステ ムズ,H19/06/01,,,,東近江
クリーニング所,有限会社クリーンハウス鷹飼店,523-0891,近江八幡市鷹飼町,近江八幡市鷹飼町１０４－３,１０４－３,,H08/04/19,,,,東近江
クリーニング所,株式会社松村商事,523-0016,近江八幡市千僧供町,近江八幡市千僧供町５９７,５９７,株式会社松村商事,H21/04/27,,,,東近江
クリーニング所,有限会社ホワイト急便彦根 鷹飼店,523-0891,近江八幡市鷹飼町,近江八幡市鷹飼町５３０,５３０,有限会社ホワイト急便彦 根,H22/05/24,,,,東近江
クリーニング所,京屋クリーニング竜王店,520-2552,蒲生郡竜王町小口,蒲生郡竜王町小口１６６４－１フレンドタ ウン竜王店１Ｆ,１６６４－１フレンドタ ウン竜王店１Ｆ,京屋クリーニング有限会 社,H23/02/06,,,,東近江
クリーニング所,株式会社ワタセ,521-1311,近江八幡市安土町下豊 浦,近江八幡市安土町下豊 浦２,２,株式会社ワタセ,H23/05/12,,,,東近江
クリーニング所,ＳＥＩＹＯＳＨＡ マックスバリュ 東近江店,527-0039,東近江市青葉町,東近江市青葉町２－８－１,２－８－１,株式会社西洋舎,H23/08/02,,,,東近江
クリーニング所,ＳＥＩＹＯＳＨＡ フレスコ 能登 川 店,521-1224,東近江市林町,東近江市林町１３７,１３７,株式会社西洋舎,H23/08/05,,,,東近江
クリーニング所,ＳＥＩＹＯＳＨＡ 八日市店,527-0011,東近江市八日市浜野町,東近江市八日市浜野町３－３,３－３,株式会社西洋舎,H23/12/16,,,,東近江
クリーニング所,ディリー・クリーナー呉服のいちか わ,529-1601,蒲生郡日野町松尾,蒲生郡日野町松尾１５６７,１５６７,ディリー・クリーナー株 式会社,H24/02/27,,,,東近江
クリーニング所,マエダクリーニング五個荘店,529-1443,東近江市五個荘北町屋 町,東近江市五個荘北町屋 町３４７－１,３４７－１,株式会社マエダクリーニ ング,H24/03/10,,,,東近江
クリーニング所,マエダクリーニング能登川店,521-1224,東近江市林町,東近江市林町６２４,６２４,株式会社マエダクリーニ ング,H24/04/10,,,,東近江
クリーニング所,クリーニングの(株)マルニシ能登川 店,521-1222,東近江市佐野町,東近江市佐野町６１３－７,６１３－７,株式会社マルニシ,H25/02/08,,,,東近江
クリーニング所,ヨシハラクリーニング フレンド マート能登川店,521-1221,東近江市垣見町,東近江市垣見町１５１５,１５１５,株式会社ヨシハラシステ ムズ,H25/06/21,,,,東近江
クリーニング所,マエダクリーニング江頭店,523-0063,近江八幡市十王町,近江八幡市十王町８９－３,８９－３,株式会社マエダクリーニ ング,H26/03/20,,,,東近江
クリーニング所,かめやクリーニング フレンドタウ ン日野店,529-1601,蒲生郡日野町松尾,蒲生郡日野町松尾８４４－１０,８４４－１０,株式会社かめやクリーニ ング,H26/04/08,,,,東近江
クリーニング所,ヒダメディカル有限会社 東近江営 業所,529-1422,東近江市五個荘小幡町,東近江市五個荘小幡町８２２－１,８２２－１,ヒダメディカル有限会社,H26/09/02,,,,東近江
クリーニング所,マエダクリーニングピアゴ店,527-0016,東近江市今崎町,東近江市今崎町１６３ ピアゴ今崎店１ Ｆ,１６３ ピアゴ今崎店１ Ｆ,株式会社マエダクリーニ ング,H26/12/01,,,,東近江
クリーニング所,京屋クリーニング安土店,521-1311,近江八幡市安土町下豊 浦,近江八幡市安土町下豊 浦２７８０－１,２７８０－１,京屋クリーニング有限会 社,H27/02/02,,,,東近江
クリーニング所,京屋クリーニング蒲生店,529-1537,東近江市市子殿町,東近江市市子殿町１３８６,１３８６,京屋クリーニング有限会 社,H27/02/02,,,,東近江
クリーニング所,ヨシハラクリーニング アル・プラ ザ近江八幡店,523-0893,近江八幡市桜宮町,近江八幡市桜宮町２０２－１,２０２－１,株式会社ヨシハラシステ ムズ,H27/02/09,,,,東近江
クリーニング所,トラスコ中山株式会社 プラネット 滋賀,520-2552,蒲生郡竜王町小口,蒲生郡竜王町小口１１４０－３,１１４０－３,トラスコ中山株式会社,H27/09/24,,,,東近江
クリーニング所,マエダクリーニング アピア店,527-0011,東近江市八日市浜野町,東近江市八日市浜野町３－１,３－１,株式会社マエダクリーニ ング,H27/11/12,,,,東近江
クリーニング所,株式会社ヒロコーポレーション 八 日市工場,527-0004,東近江市建部堺町,東近江市建部堺町３５,３５,株式会社ヒロコーポレー ション,H28/09/28,,,,東近江
クリーニング所,エコウォッシュ寝具ランドリー,523-0016,近江八幡市千僧供町,近江八幡市千僧供町５９７,５９７,株式会社松村,H30/05/08,,,,東近江
クリーニング所,ヤングドライ八幡鷹飼店,523-0891,近江八幡市鷹飼町,近江八幡市鷹飼町４５２－１,４５２－１,株式会社ヤングドライ滋 賀,H30/11/29,,,,東近江
クリーニング所,マエダクリーニング日野店,529-1601,蒲生郡日野町松尾一丁 目,蒲生郡日野町松尾一丁 目５６,５６,株式会社マエダクリーニ ング,H30/12/27,,,,東近江
クリーニング所,マエダクリーニング安土店,521-1311,近江八幡市安土町下豊 浦,近江八幡市安土町下豊 浦４５５２－１,４５５２－１,株式会社マエダクリーニ ング,R02/05/01,,,,東近江
クリーニング所,ホワイト急便 フレンドマート湖東 店,527-0124,東近江市下岸本町,東近江市下岸本町７７,７７,有限会社ホワイト急便彦 根,R03/09/22,,,,東近江
クリーニング所,＊ＯＫクリーニング店,522-0056,彦根市開出今町,彦根市開出今町４１１,４１１,,S40/12/10,,,,彦根
クリーニング所,＊おがわクリーニング店,529-1235,愛知郡愛荘町目加田,愛知郡愛荘町目加田８１４,８１４,,S63/01/30,,,,彦根
クリーニング所,クリーニングのシロヤ旭町取次店,522-0073,彦根市旭町,彦根市旭町４－３０,４－３０,株式会社白屋綜合クリー ニングセンター,H06/04/28,,,,彦根
クリーニング所,クリーニングのシロヤ沓掛取次店,529-1315,愛知郡愛荘町沓掛,愛知郡愛荘町沓掛３９１－２,３９１－２,株式会社白屋綜合クリー ニングセンター,S57/09/28,,,,彦根
クリーニング所,クリーニングのシロヤ広野取次店,522-0238,彦根市広野町,彦根市広野町１２０－８,１２０－８,株式会社白屋綜合クリー ニングセンター,H08/02/08,,,,彦根
クリーニング所,クリーニングのシロヤ高宮取次店,522-0201,彦根市高宮町,彦根市高宮町８６１,８６１,株式会社白屋綜合クリー ニングセンター,S52/06/15,,,,彦根
クリーニング所,クリーニングのシロヤ小泉取次店,522-0043,彦根市小泉町,彦根市小泉町８５４,８５４,株式会社白屋綜合クリー ニングセンター,H02/03/12,,,,彦根
クリーニング所,クリーニングのシロヤ西今取次店,522-0054,彦根市西今町,彦根市西今町５１０,５１０,株式会社白屋綜合クリー ニングセンター,S54/02/21,,,,彦根
クリーニング所,クリーニングのシロヤ中本取次店,522-0201,彦根市高宮町,彦根市高宮町２２３６,２２３６,株式会社白屋綜合クリー ニングセンター,S47/01/12,,,,彦根
クリーニング所,クリーニングのシロヤ鳥居本取次店,522-0004,彦根市鳥居本町,彦根市鳥居本町１８５０,１８５０,株式会社白屋綜合クリー ニングセンター,S57/10/01,,,,彦根
クリーニング所,クリーニングのシロヤ馬場取次店,522-0069,彦根市馬場一丁目,彦根市馬場一丁目２－４,２－４,株式会社白屋綜合クリー ニングセンター,S54/02/21,,,,彦根
クリーニング所,クリーニング白水舎中薮取次所,522-0051,彦根市中藪一丁目,彦根市中藪一丁目７－９,７－９,,S55/02/27,,,,彦根
クリーニング所,クリーニング白水舎平田営業所,522-0041,彦根市平田町,彦根市平田町７８４－２,７８４－２,,S55/03/27,,,,彦根
クリーニング所,クリーニングのマルニシ フレンド マート稲枝店,521-1124,彦根市野良田町,彦根市野良田町３００－１,３００－１,株式会社マルニシ,H12/05/24,,,,彦根
クリーニング所,シガドライ佐和町店,522-0075,彦根市佐和町,彦根市佐和町９－２５,９－２５,株式会社シガドライウィ ザース,S53/04/08,,,,彦根
クリーニング所,シガドライ市場店,522-0064,彦根市本町一丁目,彦根市本町一丁目８－２９,８－２９,株式会社シガドライウィ ザース,S64/01/01,,,,彦根
クリーニング所,ディリー・クリーナー南川瀬店,522-0222,彦根市南川瀬町,彦根市南川瀬町１０７５,１０７５,デイリー・クリーナ株式 会社,H11/04/27,,,,彦根
クリーニング所,ディリー．クリーナー旭取次所,522-0073,彦根市旭町,彦根市旭町５－３４,５－３４,デイリー・クリーナ株式 会社,S56/08/03,,,,彦根
クリーニング所,ディリー．クリーナー外町店,522-0009,彦根市外町,彦根市外町２３１－８,２３１－８,デイリー・クリーナ株式 会社,H05/04/08,,,,彦根
クリーニング所,ディリー．クリーナー銀座取次所,522-0088,彦根市銀座町,彦根市銀座町４－２３,４－２３,デイリー・クリーナ株式 会社,S62/11/13,,,,彦根
クリーニング所,ディリー．クリーナー元岡町取次所,522-0035,彦根市元岡町,彦根市元岡町１０,１０,デイリー・クリーナ株式 会社,S55/07/26,,,,彦根
クリーニング所,ディリー．クリーナー原町店,522-0023,彦根市原町,彦根市原町８５０－９９,８５０－９９,デイリー・クリーナ株式 会社,H04/01/14,,,,彦根
クリーニング所,ディリー．クリーナー戸賀町近江カ ラー取次所,522-0042,彦根市戸賀町,彦根市戸賀町９５－１８,９５－１８,デイリー・クリーナ株式 会社,S63/02/01,,,,彦根
クリーニング所,ディリー．クリーナー戸賀店,522-0042,彦根市戸賀町,彦根市戸賀町２４０,２４０,デイリー・クリーナ株式 会社,H01/07/21,,,,彦根
クリーニング所,ディリー．クリーナー後三条店,522-0086,彦根市後三条町,彦根市後三条町２８２,２８２,デイリー・クリーナ株式 会社,H04/03/18,,,,彦根
クリーニング所,ディリー．クリーナー三谷商事取次 所,522-0051,彦根市中藪町,彦根市中藪町６０７,６０７,デイリー・クリーナ株式 会社,H03/07/23,,,,彦根
クリーニング所,ディリー．クリーナー市取次所,529-1313,愛知郡愛荘町市,愛知郡愛荘町市１３０７－２,１３０７－２,デイリー・クリーナ株式 会社,S63/10/29,,,,彦根
クリーニング所,ディリー．クリーナー小泉町取次所,522-0043,彦根市小泉町,彦根市小泉町９４－５,９４－５,デイリー・クリーナ株式 会社,S48/10/20,,,,彦根
クリーニング所,ディリー．クリーナー松田団地店,522-0054,彦根市西今町,彦根市西今町１０４１－１,１０４１－１,デイリー・クリーナ株式 会社,H08/04/24,,,,彦根
クリーニング所,ディリー．クリーナー城町店,522-0068,彦根市城町一丁目,彦根市城町一丁目４－１７,４－１７,デイリー・クリーナ株式 会社,H10/12/07,,,,彦根
クリーニング所,ディリー．クリーナー多賀取次所,522-0341,犬上郡多賀町多賀,犬上郡多賀町多賀５７６,５７６,デイリー・クリーナ株式 会社,S62/02/28,,,,彦根
クリーニング所,ディリー．クリーナー大薮取次所,522-0053,彦根市大藪町,彦根市大藪町１６６１－１,１６６１－１,デイリー・クリーナ株式 会社,S54/08/01,,,,彦根
クリーニング所,ディリー．クリーナー大薮店,522-0053,彦根市大藪町,彦根市大藪町２０３４－２,２０３４－２,デイリー・クリーナ株式 会社,H10/11/24,,,,彦根
クリーニング所,ディリー．クリーナー竹原取次所,529-1208,愛知郡愛荘町竹原,愛知郡愛荘町竹原１０３０－３,１０３０－３,デイリー・クリーナ株式 会社,S61/11/29,,,,彦根
クリーニング所,ディリー．クリーナー中央町取次所,522-0063,彦根市中央町,彦根市中央町６－２０,６－２０,デイリー・クリーナ株式 会社,S62/01/23,,,,彦根
クリーニング所,ディリー．クリーナー鳥居本取次所,522-0004,彦根市鳥居本町,彦根市鳥居本町６５９－４,６５９－４,デイリー・クリーナ株式 会社,S54/10/25,,,,彦根
クリーニング所,ディリー．クリーナー南川瀬店,522-0222,彦根市南川瀬町,彦根市南川瀬町１２４３,１２４３,デイリー・クリーナ株式 会社,H05/03/18,,,,彦根
クリーニング所,ディリー．クリーナー日夏取次所,522-0047,彦根市日夏町,彦根市日夏町１９７９,１９７９,デイリー・クリーナ株式 会社,S49/01/14,,,,彦根
クリーニング所,ディリー．クリーナー彦富取次所,521-1114,彦根市彦富町,彦根市彦富町１７６３,１７６３,デイリー・クリーナ株式 会社,S48/12/15,,,,彦根
クリーニング所,ディリー．クリーナー平田町取次所,522-0041,彦根市平田町,彦根市平田町８９１,８９１,デイリー・クリーナ株式 会社,S48/11/19,,,,彦根
クリーニング所,ディリー．クリーナー和田町取次所,522-0039,彦根市和田町,彦根市和田町５３,５３,デイリー・クリーナ株式 会社,S56/07/09,,,,彦根
クリーニング所,デイリー・クリーナー株式会社,522-0022,彦根市里根町,彦根市里根町１６６,１６６,デイリー・クリーナ株式 会社,S61/05/20,,,,彦根
クリーニング所,ホワイト急便 沖店,529-1213,愛知郡愛荘町沖,愛知郡愛荘町沖２２２－６,２２２－６,,H11/03/16,,,,彦根
クリーニング所,ホワイト急便 蚊野店,529-1206,愛知郡愛荘町蚊野,愛知郡愛荘町蚊野５８４,５８４,,H11/09/17,,,,彦根
クリーニング所,ホワイト急便 甘呂店,522-0046,彦根市甘呂町,彦根市甘呂町２５５－５,２５５－５,,H15/03/20,,,,彦根
クリーニング所,ホワイト急便 原店,522-0023,彦根市原町,彦根市原町８００－５２,８００－５２,,H11/09/21,,,,彦根
クリーニング所,ホワイト急便 市店,529-1313,愛知郡愛荘町市,愛知郡愛荘町市１０３６,１０３６,,H11/02/15,,,,彦根
クリーニング所,ホワイト急便 平田店,522-0041,彦根市平田町,彦根市平田町７８４－２,７８４－２,,H14/08/19,,,,彦根
クリーニング所,ホワイト急便エムアンドエムギミッ ク店,522-0041,彦根市平田町,彦根市平田町６９６－２,６９６－２,,H07/05/01,,,,彦根
クリーニング所,ホワイト急便稲枝店,521-1123,彦根市肥田町,彦根市肥田町９８８－２,９８８－２,,H08/03/25,,,,彦根
クリーニング所,ホワイト急便犬方店,522-0236,彦根市犬方町,彦根市犬方町８１８,８１８,,H09/10/03,,,,彦根
クリーニング所,ホワイト急便鳥居本店,522-0004,彦根市鳥居本町,彦根市鳥居本町６８２,６８２,,H07/10/31,,,,彦根
クリーニング所,ホワイト急便彦根,529-1223,愛知郡愛荘町島川,愛知郡愛荘町島川１８２,１８２,,H07/05/23,,,,彦根
クリーニング所,ホワイト急便彦根 あおぞら店,522-0056,彦根市開出今町,彦根市開出今町１４００－２,１４００－２,有限会社ホワイト急便彦 根,H17/12/16,,,,彦根
クリーニング所,ホワイト急便彦根 宇尾店,522-0239,彦根市宇尾町,彦根市宇尾町１４５,１４５,有限会社ホワイト急便彦 根,H17/12/16,,,,彦根
クリーニング所,ホワイト急便彦根豊満店,529-1321,愛知郡愛荘町豊満,愛知郡愛荘町豊満１２９２－３,１２９２－３,有限会社ホワイト急便彦 根,H15/12/12,,,,彦根
クリーニング所,マエダクリーニング 愛知川店,529-1321,愛知郡愛荘町豊満,愛知郡愛荘町豊満４９０－２,４９０－２,株式会社マエダクリーニ ング,H15/09/18,,,,彦根
クリーニング所,マルニシクリーニングマルゼンアス ト店,529-1175,犬上郡豊郷町沢,犬上郡豊郷町沢２５０－１,２５０－１,株式会社マルニシ,H07/11/29,,,,彦根
クリーニング所,ヨシハラクリーニング フレンド マート地蔵店,522-0029,彦根市地蔵町,彦根市地蔵町１８０－３,１８０－３,株式会社ヨシハラシステ ムズ,H20/07/14,,,,彦根
クリーニング所,ヨシハラクリーニング ベイシア彦 根店,522-0069,彦根市馬場二丁目,彦根市馬場二丁目１－１ ベイシア内,１－１ ベイシア内,株式会社ヨシハラシステ ムズ,H17/07/11,,,,彦根
クリーニング所,ヨシハラクリーニング 秦荘店,529-1233,愛知郡愛荘町東出,愛知郡愛荘町東出４９０－２／フレンド マート秦荘店内,４９０－２／フレンド マート秦荘店内,株式会社ヨシハラシステ ムズ,H15/06/17,,,,彦根
クリーニング所,ヨシハラクリーニング西今店,522-0054,彦根市西今町,彦根市西今町８５０－４８,８５０－４８,株式会社ヨシハラシステ ムズ,S61/06/25,,,,彦根
クリーニング所,ヨシハラクリーニング巴里屋店,522-0052,彦根市長曽根南町,彦根市長曽根南町４７２－２,４７２－２,株式会社ヨシハラシステ ムズ,S55/11/13,,,,彦根
クリーニング所,ヨシハラクリーニング銀座店,522-0088,彦根市銀座町,彦根市銀座町６－１０ ㈱平和堂 彦 根銀座店,６－１０ ㈱平和堂 彦 根銀座店,株式会社ヨシハラシステ ムズ,H11/12/09,,,,彦根
クリーニング所,株式会社クレール,522-0314,犬上郡多賀町四手,犬上郡多賀町四手３４８－３,３４８－３,株式会社クレール,H10/07/02,,,,彦根
クリーニング所,株式会社シガドライウィザース,522-0222,彦根市南川瀬町,彦根市南川瀬町１５４７,１５４７,株式会社シガドライウィ ザース,S42/03/30,,,,彦根
クリーニング所,京屋クリーニング エイブル取次所,522-0041,彦根市平田町,彦根市平田町６８４－２,６８４－２,京屋クリーニング有限会 社,H14/10/07,,,,彦根
クリーニング所,京屋クリーニングＶｉｖａＣｉｔｙ 店,522-0044,彦根市竹ケ鼻町,彦根市竹ケ鼻町４３－１,４３－１,京屋クリーニング有限会 社,H08/04/18,,,,彦根
クリーニング所,京屋クリーニングアモール店,529-1331,愛知郡愛荘町愛知川,愛知郡愛荘町愛知川５８,５８,京屋クリーニング有限会 社,H05/02/05,,,,彦根
クリーニング所,京屋クリーニング城町営業所,522-0068,彦根市城町一丁目,彦根市城町一丁目５－１４,５－１４,京屋クリーニング有限会 社,S52/01/11,,,,彦根
クリーニング所,京屋クリーニング田附取次所,521-1145,彦根市南三ツ谷町,彦根市南三ツ谷町１８２２,１８２２,京屋クリーニング有限会 社,S52/03/31,,,,彦根
クリーニング所,京屋クリーニング彦根南店,522-0052,彦根市長曽根南町,彦根市長曽根南町５５０,５５０,京屋クリーニング有限会 社,H02/07/11,,,,彦根
クリーニング所,京屋クリーニング富忠取次所,529-1156,彦根市清崎町,彦根市清崎町７９６,７９６,京屋クリーニング有限会 社,S57/07/12,,,,彦根
クリーニング所,京屋クリーニング脇坂取次所,522-0041,彦根市平田町,彦根市平田町８２１－９,８２１－９,京屋クリーニング有限会 社,S52/01/11,,,,彦根
クリーニング所,小鉢クリーニング店,522-0081,彦根市京町一丁目,彦根市京町一丁目７－１０,７－１０,,H04/10/22,,,,彦根
クリーニング所,西澤ドライ,529-1165,犬上郡豊郷町吉田,犬上郡豊郷町吉田１２３３,１２３３,,H04/11/12,,,,彦根
クリーニング所,大黒屋クリーニング店,522-0068,彦根市城町二丁目,彦根市城町二丁目７－４０,７－４０,,S64/01/01,,,,彦根
クリーニング所,大和商会,522-0335,犬上郡多賀町藤瀬,犬上郡多賀町藤瀬８４５,８４５,,S48/07/13,,,,彦根
クリーニング所,東洋クリーニング宇野取次所,529-1206,愛知郡愛荘町蚊野,愛知郡愛荘町蚊野１５７３,１５７３,東洋産業株式会社,S56/05/26,,,,彦根
クリーニング所,平和堂アル・プラザ彦根店内 ヨシ ハラクリーニング,522-0074,彦根市大東町,彦根市大東町２－２８,２－２８,株式会社ヨシハラシステ ムズ,H20/03/14,,,,彦根
クリーニング所,北近畿観光株式会社せせらぎＴＯＷ Ｎアイムクリーニングコーナー,522-0244,犬上郡甲良町在士,犬上郡甲良町在士６５－１,６５－１,,H06/05/25,,,,彦根
クリーニング所,優友クリーニング,522-0043,彦根市小泉町,彦根市小泉町２８０－３,２８０－３,,H05/08/18,,,,彦根
クリーニング所,有限会社京屋クリーニング店,529-1331,愛知郡愛荘町愛知川,愛知郡愛荘町愛知川１７５０,１７５０,京屋クリーニング有限会 社,S43/03/19,,,,彦根
クリーニング所,コンフォートホテル彦根,522-0007,彦根市古沢町,彦根市古沢町１５５,１５５,株式会社グリーンズ,H21/04/13,,,,彦根
クリーニング所,有限会社ホワイト急便彦根 ＮＴＳ Ｊ,529-1314,愛知郡愛荘町中宿,愛知郡愛荘町中宿２４８ 日本電産株式会 社ＳＴ／Ｃ新棟７Ｆ売店,２４８ 日本電産株式会 社ＳＴ／Ｃ新棟７Ｆ売店,有限会社ホワイト急便彦 根,H21/08/25,,,,彦根
クリーニング所,株式会社ダスキン湖南 ダスキン野 田山支店,522-0025,彦根市野田山町,彦根市野田山町９６６,９６６,株式会社ダスキン湖南,H21/09/02,,,,彦根
クリーニング所,株式会社ヨシハラシステムズ（本社 工場）,522-0026,彦根市大堀町,彦根市大堀町３８０－１,３８０－１,株式会社ヨシハラシステ ムズ,H22/02/25,,,,彦根
クリーニング所,有限会社ホワイト急便彦根 東出店,529-1233,愛知郡愛荘町東出,愛知郡愛荘町東出３００,３００,有限会社ホワイト急便彦 根,H22/09/08,,,,彦根
クリーニング所,ヤングドライ バロー彦根店,522-0038,彦根市西沼波町,彦根市西沼波町２６４－１ バロー彦根 店駐車場内,２６４－１ バロー彦根 店駐車場内,有限会社ヤングドライ金 沢,H23/09/14,,,,彦根
クリーニング所,有限会社ホワイト急便彦根平田小学 校南店,522-0041,彦根市平田町,彦根市平田町４０９－４,４０９－４,有限会社ホワイト急便彦 根,H24/10/24,,,,彦根
クリーニング所,ヨシハラクリーニング 高宮工場,522-0201,彦根市高宮町,彦根市高宮町２８０５,２８０５,株式会社ヨシハラシステ ムズ,H25/06/17,,,,彦根
クリーニング所,ヨシハラクリーニング フタバヤ高 宮店,522-0201,彦根市高宮町,彦根市高宮町１６８６,１６８６,株式会社ヨシハラシステ ムズ,H25/06/17,,,,彦根
クリーニング所,マエダクリーニング 河瀬店,529-1156,彦根市清崎町,彦根市清崎町５００－４６,５００－４６,株式会社マエダクリーニ ング,H25/07/24,,,,彦根
クリーニング所,京屋クリーニング 大藪店,522-0052,彦根市長曽根南町,彦根市長曽根南町４２８,４２８,京屋クリーニング有限会 社,H25/08/05,,,,彦根
クリーニング所,ヤングドライ 彦根中央店,522-0062,彦根市立花町,彦根市立花町５－１３,５－１３,有限会社ヤングドライ金 沢,H25/09/09,,,,彦根
クリーニング所,シガドライ オークタウン店,522-0047,彦根市日夏町,彦根市日夏町３７２９－４６,３７２９－４６,,H25/09/10,,,,彦根
クリーニング所,ヨシハラクリーニング イオンタウ ン彦根店,522-0007,彦根市古沢町,彦根市古沢町２５５－１ イオンタウ ン彦根,２５５－１ イオンタウ ン彦根,株式会社ヨシハラシステ ムズ,H25/10/17,,,,彦根
クリーニング所,ヨシハラクリーニング 日夏店,522-0047,彦根市日夏町,彦根市日夏町３７０３－１,３７０３－１,株式会社ヨシハラシステ ムズ,H26/06/24,,,,彦根
クリーニング所,ヤングドライ バロー南彦根店,522-0055,彦根市野瀬町,彦根市野瀬町１６８,１６８,有限会社ヤングドライ金 沢,H26/11/19,,,,彦根
クリーニング所,マエダクリーニング 南彦根店,522-0054,彦根市西今町,彦根市西今町７５－１,７５－１,株式会社マエダクリーニ ング,H28/03/18,,,,彦根
クリーニング所,ヨシハラクリーニング マルゼン彦 根店,522-0043,彦根市小泉町,彦根市小泉町７０１,７０１,株式会社ヨシハラシステ ムズ,H29/06/16,,,,彦根
クリーニング所,金山クリーニング彦根店,522-0052,彦根市長曽根南町,彦根市長曽根南町４８５,４８５,有限会社金山クリーニン グ,H29/09/01,,,,彦根
クリーニング所,東横ＩＮＮ彦根駅東口,522-0010,彦根市駅東町,彦根市駅東町２－１,２－１,株式会社東横イン,H30/01/09,,,,彦根
クリーニング所,株式会社ミフク,522-0201,彦根市高宮町,彦根市高宮町１２０２,１２０２,株式会社ミフク,H30/02/16,,,,彦根
クリーニング所,ホワイト急便イオンビッグ豊郷店,529-1173,犬上郡豊郷町高野瀬,犬上郡豊郷町高野瀬１９７－１,１９７－１,有限会社ホワイト急便彦 根,H30/10/03,,,,彦根
クリーニング所,マエダクリーニング稲枝店,521-1124,彦根市野良田町,彦根市野良田町２９０－１,２９０－１,株式会社マエダクリーニ ング,R02/11/06,,,,彦根
クリーニング所,ヤングドライ フレンドマート稲枝 店,521-1124,彦根市野良田町,彦根市野良田町３００－１ １Ｆ,３００－１ １Ｆ,株式会社ヤングドライ滋 賀,R02/11/25,,,,彦根
クリーニング所,ヨシハラクリーニングビバシティ店,522-0044,彦根市竹ケ鼻町,彦根市竹ケ鼻町４３－１ ビバシティー 内１階,４３－１ ビバシティー 内１階,株式会社ヨシハラクリー ニング,R05/10/25,,,,彦根
クリーニング所,ヨシハラクリーニング フレンド マート小泉店,522-0043,彦根市小泉町,彦根市小泉町７０１,７０１,株式会社ヨシハラクリー ニング,R07/07/16,,,,彦根
クリーニング所,クリーニングディリー 天満店,521-0222,米原市天満,米原市天満８３８,８３８,,H08/07/10,,,,長浜
クリーニング所,クリーニングのシロヤ 長岡営業所,521-0242,米原市長岡,米原市長岡１１８５－２,１１８５－２,株式会社白屋綜合クリー ニングセンター,H11/06/11,,,,長浜
クリーニング所,クリーニング押谷,521-0242,米原市長岡,米原市長岡９１４,９１４,,H05/02/12,,,,長浜
クリーニング所,クリーンショップ ゆきだるま,529-0241,長浜市高月町高月,長浜市高月町高月上川原２３２９,上川原２３２９,,S59/09/20,,,,長浜
クリーニング所,シロヤクリーニング高月営業所,529-0232,長浜市高月町落川,長浜市高月町落川３８－６,３８－６,株式会社白屋綜合クリー ニングセンター,H07/06/28,,,,長浜
クリーニング所,ダスキン十字屋,526-0831,長浜市宮司町,長浜市宮司町４５７,４５７,有限会社アキュラ,H19/10/26,,,,長浜
クリーニング所,ディリー．クリーナー株式会社下板 並店,521-0306,米原市下板並,米原市下板並６４０,６４０,デイリー・クリーナ株式 会社,H11/10/26,,,,長浜
クリーニング所,デイリー．クリーナー長浜北新南店,526-0015,長浜市神照町,長浜市神照町８７５－６,８７５－６,デイリー・クリーナ株式 会社,H10/12/08,,,,長浜
クリーニング所,ディリー・クリーナー元浜店,526-0059,長浜市元浜町,長浜市元浜町６－３２,６－３２,デイリー・クリーナ株式 会社,H11/10/14,,,,長浜
クリーニング所,デイリークリーナーオレンジ取次所,526-0015,長浜市神照町,長浜市神照町４９４,４９４,デイリー・クリーナ株式 会社,H07/02/27,,,,長浜
クリーニング所,デイリークリーナー伊吹町みやじま 取次所,521-0311,米原市伊吹,米原市伊吹６４４,６４４,デイリー・クリーナ株式 会社,S59/08/11,,,,長浜
クリーニング所,デイリークリーナー井ノ口取次所,529-0212,長浜市高月町井口,長浜市高月町井口１６８,１６８,デイリー・クリーナ株式 会社,S55/12/19,,,,長浜
クリーニング所,デイリークリーナー加田町取次所,526-0828,長浜市加田町,長浜市加田町２４９５,２４９５,デイリー・クリーナ株式 会社,S42/03/09,,,,長浜
クリーニング所,デイリークリーナー古橋取次店,529-0411,長浜市木之本町古橋,長浜市木之本町古橋１３５１,１３５１,デイリー・クリーナ株式 会社,H01/07/07,,,,長浜
クリーニング所,デイリークリーナー高橋町取次所,526-0046,長浜市高橋町,長浜市高橋町１３８,１３８,デイリー・クリーナ株式 会社,H06/09/16,,,,長浜
クリーニング所,デイリークリーナー高月取次所,529-0241,長浜市高月町高月,長浜市高月町高月１５０,１５０,デイリー・クリーナ株式 会社,S53/09/01,,,,長浜
クリーニング所,デイリークリーナー高月北村取次所,529-0241,長浜市高月町高月,長浜市高月町高月８,８,デイリー・クリーナ株式 会社,H03/03/18,,,,長浜
クリーニング所,デイリークリーナー三ツ矢元町取次 所,526-0024,長浜市三ツ矢元町,長浜市三ツ矢元町１９－２９,１９－２９,デイリー・クリーナ株式 会社,H06/07/18,,,,長浜
クリーニング所,デイリークリーナー三ツ矢町取次所,526-0023,長浜市三ツ矢町,長浜市三ツ矢町３－２１,３－２１,デイリー・クリーナ株式 会社,S57/03/23,,,,長浜
クリーニング所,デイリークリーナー七条町取次店,526-0817,長浜市七条町,長浜市七条町３４４,３４４,デイリー・クリーナ株式 会社,H02/12/05,,,,長浜
クリーニング所,デイリークリーナー早崎取次店,526-0124,長浜市早崎町,長浜市早崎町１１５８,１１５８,デイリー・クリーナ株式 会社,H02/06/20,,,,長浜
クリーニング所,デイリークリーナー大浦クリーニン グ,529-0721,長浜市西浅井町大浦,長浜市西浅井町大浦５６９,５６９,デイリー・クリーナ株式 会社,S58/10/01,,,,長浜
クリーニング所,デイリークリーナー筑摩取次所,521-0001,米原市朝妻筑摩,米原市朝妻筑摩１６６６,１６６６,デイリー・クリーナ株式 会社,S53/07/29,,,,長浜
クリーニング所,デイリークリーナー長岡取次所,521-0242,米原市長岡,米原市長岡９７４－２,９７４－２,デイリー・クリーナ株式 会社,H04/03/25,,,,長浜
クリーニング所,デイリークリーナー柏原取次所,521-0202,米原市柏原,米原市柏原２２０９,２２０９,デイリー・クリーナ株式 会社,S53/10/02,,,,長浜
クリーニング所,デイリークリーナー野一色取次所,521-0233,米原市野一色,米原市野一色３３６－４,３３６－４,デイリー・クリーナ株式 会社,S59/08/25,,,,長浜
クリーニング所,デイリークリーナー余呉取次所,529-0522,長浜市余呉町坂口,長浜市余呉町坂口８３７,８３７,デイリー・クリーナ株式 会社,S55/11/06,,,,長浜
クリーニング所,ホワイト急便 近江店,521-0072,米原市顔戸,米原市顔戸１０５８ フタバヤ近江 店駐車場内,１０５８ フタバヤ近江 店駐車場内,,H12/10/06,,,,長浜
クリーニング所,ホワイト急便 元浜店,526-0059,長浜市元浜町,長浜市元浜町１－１,１－１,,H14/11/25,,,,長浜
クリーニング所,ホワイト急便 今川店,526-0816,長浜市今川町,長浜市今川町２３７－７,２３７－７,,H14/07/31,,,,長浜
クリーニング所,ホワイト急便 十里店,526-0016,長浜市十里町,長浜市十里町２３５－５３,２３５－５３,,H11/09/28,,,,長浜
クリーニング所,ホワイト急便 醒井店,521-0035,米原市醒井,米原市醒井６１４－１,６１４－１,有限会社ホワイト急便彦 根,H18/04/24,,,,長浜
クリーニング所,ホワイト急便 八幡東店,526-0031,長浜市八幡東町,長浜市八幡東町４４５－５,４４５－５,,H12/12/18,,,,長浜
クリーニング所,ホワイト急便山階店,526-0847,長浜市山階町,長浜市山階町５２６－１,５２６－１,,H15/08/20,,,,長浜
クリーニング所,ホワイト急便秀吉店,526-0015,長浜市神照町,長浜市神照町４９４／秀吉市内,４９４／秀吉市内,,H09/12/25,,,,長浜
クリーニング所,ホワイト急便神照店,526-0015,長浜市神照町,長浜市神照町９３１,９３１,,H08/07/16,,,,長浜
クリーニング所,ホワイト急便長浜平方店,526-0035,長浜市平方南町,長浜市平方南町２４,２４,,H07/07/17,,,,長浜
クリーニング所,ホワイト急便彦根 米原店,521-0016,米原市下多良三丁目,米原市下多良三丁目４７,４７,有限会社ホワイト急便彦 根,H18/08/28,,,,長浜
クリーニング所,マルヒラクリーニング顔戸店,521-0072,米原市顔戸,米原市顔戸１２４３－１,１２４３－１,有限会社マルヒラサービ スセンター,S63/04/02,,,,長浜
クリーニング所,マルヒラクリーニング平塚店,529-0701,長浜市西浅井町塩津浜,長浜市西浅井町塩津浜９２２－１,９２２－１,有限会社京福マルヒラ,H17/06/01,,,,長浜
クリーニング所,マルヒラクリーニング米原平和堂店,521-0016,米原市下多良二丁目,米原市下多良二丁目４７,４７,有限会社マルヒラサービ スセンター,S61/11/21,,,,長浜
クリーニング所,マルヒラクリーニング木之本平和堂 店,529-0425,長浜市木之本町木之本,長浜市木之本町木之本１５７０－４,１５７０－４,有限会社京福マルヒラ,H16/03/30,,,,長浜
クリーニング所,ヨシハラクリーニング ジャスコ店,526-0847,長浜市山階町,長浜市山階町２７１－１ ジャスコ長 浜店１Ｆ,２７１－１ ジャスコ長 浜店１Ｆ,株式会社ヨシハラシステ ムズ,H12/09/27,,,,長浜
クリーニング所,ヨシハラクリーニング 湖北店,529-0331,長浜市湖北町八日市,長浜市湖北町八日市１０１１ フレンドマー ト湖北店内,１０１１ フレンドマー ト湖北店内,株式会社ヨシハラシステ ムズ,H11/11/19,,,,長浜
クリーニング所,ヨシハラクリーニング千田,529-0423,長浜市木之本町千田,長浜市木之本町千田６５３,６５３,,H08/08/23,,,,長浜
クリーニング所,ヨシハラクリーニング浅井店,526-0242,長浜市三田町,長浜市三田町１３２２ フレンドマー ト浅井店内,１３２２ フレンドマー ト浅井店内,株式会社ヨシハラシステ ムズ,H12/12/06,,,,長浜
クリーニング所,ヨシハラクリーニング高月店,529-0241,長浜市高月町高月,長浜市高月町高月１０７,１０７,,H08/08/23,,,,長浜
クリーニング所,岡本クリーニング店,526-0256,長浜市尊勝寺町,長浜市尊勝寺町３５０,３５０,,H02/04/26,,,,長浜
クリーニング所,株式会社ライフ,521-0074,米原市高溝,米原市高溝２３６－８,２３６－８,株式会社ライフ,H21/02/04,,,,長浜
クリーニング所,株式会社白光,526-0021,長浜市八幡中山町,長浜市八幡中山町９７,９７,株式会社白光,S40/04/06,,,,長浜
クリーニング所,丸善クリーニング店,521-0321,米原市髙番,米原市髙番３６４,３６４,,S48/03/30,,,,長浜
クリーニング所,宮前店,526-0053,長浜市宮前町,長浜市宮前町１２－１６,１２－１６,株式会社シガドライウィ ザース,S45/12/15,,,,長浜
クリーニング所,京福マルヒラ乾店,526-0108,長浜市難波町,長浜市難波町３３４,３３４,有限会社京福マルヒラ,H07/03/28,,,,長浜
クリーニング所,近江長岡取次店,521-0242,米原市長岡,米原市長岡１５９２,１５９２,株式会社白屋綜合クリー ニングセンター,S43/03/11,,,,長浜
クリーニング所,金山クリーニング 高月店,529-0241,長浜市高月町高月,長浜市高月町高月１５８９－１ デュエ キャメルビル１Ｆ,１５８９－１ デュエ キャメルビル１Ｆ,有限会社金山クリーニン グ,H11/12/21,,,,長浜
クリーニング所,金山クリーニングびわ店,526-0103,長浜市曽根町,長浜市曽根町１２９７,１２９７,,H05/07/16,,,,長浜
クリーニング所,金山クリーニング八幡店,526-0031,長浜市八幡東町,長浜市八幡東町２６６,２６６,有限会社金山クリーニン グ,H07/12/19,,,,長浜
クリーニング所,金山クリーニング楽市店,526-0031,長浜市八幡東町,長浜市八幡東町９－１長浜楽市内,９－１長浜楽市内,有限会社金山クリーニン グ,H09/08/01,,,,長浜
クリーニング所,古橋店,529-0411,長浜市木之本町古橋,長浜市木之本町古橋１２８４,１２８４,有限会社京福マルヒラ,H08/07/31,,,,長浜
クリーニング所,湖北松商株式会社,526-0227,長浜市西主計町,長浜市西主計町８１７－１,８１７－１,湖北松商株式会社,H12/02/03,,,,長浜
クリーニング所,湖北松商株式会社,526-0242,長浜市三田町,長浜市三田町１３７２,１３７２,湖北松商株式会社,S60/08/10,,,,長浜
クリーニング所,四ツ塚店,526-0041,長浜市四ツ塚町,長浜市四ツ塚町１８５－７,１８５－７,株式会社シガドライウィ ザース,S56/10/23,,,,長浜
クリーニング所,十里店,526-0015,長浜市神照町,長浜市神照町９４２,９４２,株式会社シガドライウィ ザース,S60/11/06,,,,長浜
クリーニング所,春照クリーニング店,521-0314,米原市春照,米原市春照１３８４－１,１３８４－１,,H15/07/23,,,,長浜
クリーニング所,春照取次店,521-0314,米原市春照,米原市春照９８３,９８３,株式会社白屋綜合クリー ニングセンター,S43/03/11,,,,長浜
クリーニング所,勝町取次所,526-0042,長浜市勝町,長浜市勝町１３５－４,１３５－４,株式会社白屋綜合クリー ニングセンター,H09/05/08,,,,長浜
クリーニング所,新九商店（フレンドクリーニング大 浦店）,529-0721,長浜市西浅井町大浦,長浜市西浅井町大浦８２９,８２９,,H12/10/23,,,,長浜
クリーニング所,真正ドライクリーニング,529-0362,長浜市湖北町津里,長浜市湖北町津里７８６,７８６,,S55/03/03,,,,長浜
クリーニング所,神照店,526-0015,長浜市神照町,長浜市神照町６８９,６８９,株式会社シガドライウィ ザース,S53/03/30,,,,長浜
クリーニング所,前崎クリーニング店,529-0425,長浜市木之本町木之本,長浜市木之本町木之本１３７５－２,１３７５－２,,S23/04/01,,,,長浜
クリーニング所,長浜営業所,526-0021,長浜市八幡中山町,長浜市八幡中山町１－２,１－２,有限会社丸中クリーニン グ商会,S55/06/30,,,,長浜
クリーニング所,殿町店,526-0064,長浜市殿町,長浜市殿町５－２－７,５－２－７,株式会社シガドライウィ ザース,S53/09/26,,,,長浜
クリーニング所,能登瀬取次店,521-0082,米原市能登瀬,米原市能登瀬７１５－１,７１５－１,株式会社白屋綜合クリー ニングセンター,S46/02/20,,,,長浜
クリーニング所,白光ドライ フタバヤ長浜店,526-0021,長浜市八幡中山町,長浜市八幡中山町１１４２－１,１１４２－１,株式会社白光,H19/10/25,,,,長浜
クリーニング所,白光ドライフタバヤ近江店,521-0072,米原市顔戸,米原市顔戸１０６３－１,１０６３－１,株式会社白光,S60/04/08,,,,長浜
クリーニング所,白光ドライ伊部町店,526-0059,長浜市元浜町,長浜市元浜町１４－１５,１４－１５,株式会社白光,S40/05/18,,,,長浜
クリーニング所,白光ドライ岩崎店,526-0037,長浜市高田町,長浜市高田町３－５,３－５,,S46/07/25,,,,長浜
クリーニング所,白光ドライ地福寺店,526-0041,長浜市四ツ塚町,長浜市四ツ塚町１８７－３,１８７－３,株式会社白光,S56/10/30,,,,長浜
クリーニング所,白光ドライ長谷川店,526-0056,長浜市朝日町,長浜市朝日町１６－２７,１６－２７,株式会社白光,S62/05/22,,,,長浜
クリーニング所,白光ドライ八幡東店,526-0031,長浜市八幡東町,長浜市八幡東町１０５－２,１０５－２,株式会社白光,H08/03/27,,,,長浜
クリーニング所,木之本店,529-0425,長浜市木之本町木之本,長浜市木之本町木之本９－４,９－４,有限会社京福マルヒラ,H08/07/31,,,,長浜
クリーニング所,有限会社ホワイト急便彦根 柏原店,521-0202,米原市柏原,米原市柏原２２１０,２２１０,有限会社ホワイト急便彦 根,H20/07/11,,,,長浜
クリーニング所,有限会社金山クリーニング,526-0103,長浜市曽根町,長浜市曽根町９９５,９９５,有限会社金山クリーニン グ,H07/08/21,,,,長浜
クリーニング所,有限会社林クリーニング商会,526-0052,長浜市神前町,長浜市神前町３－２５,３－２５,有限会社林クリーニング 商会,S54/05/22,,,,長浜
クリーニング所,有限会社林クリーニング商会 小堀 営業所,526-0845,長浜市小堀町,長浜市小堀町４４２,４４２,有限会社林クリーニング 商会,H10/03/12,,,,長浜
クリーニング所,林クリーニング地福寺営業所,526-0036,長浜市地福寺町,長浜市地福寺町１１－１８,１１－１８,有限会社林クリーニング 商会,H05/04/09,,,,長浜
クリーニング所,有限会社ホワイト急便彦根 神照店,526-0021,長浜市八幡中山町,長浜市八幡中山町１１５４－１ 酒道楽内,１１５４－１ 酒道楽内,有限会社ホワイト急便彦 根,H21/01/09,,,,長浜
クリーニング所,ヤングドライ ユース長浜神照店,526-0015,長浜市神照町,長浜市神照町３９,３９,有限会社ヤングドライよ つば,H22/10/20,,,,長浜
クリーニング所,ヨシハラクリーニング アルプラザ 長浜店,526-0845,長浜市小堀町,長浜市小堀町４５０,４５０,株式会社ヨシハラシステ ムズ,H25/06/14,,,,長浜
クリーニング所,ヤングドライ バロー近江店,521-0063,米原市飯,米原市飯１５－１,１５－１,有限会社ヤングドライ金 沢,H25/11/06,,,,長浜
クリーニング所,ヨシハラクリーニング長浜工場,526-0227,長浜市西主計町,長浜市西主計町１８０,１８０,株式会社ヨシハラシステ ムズ,H27/10/28,,,,長浜
クリーニング所,ヤングドライ 平和堂木之本店,529-0425,長浜市木之本町木之本,長浜市木之本町木之本１５７０－４,１５７０－４,有限会社ヤングドライ金 沢,H27/12/21,,,,長浜
クリーニング所,ヨシハラクリーニング山東店,521-0236,米原市間田,米原市間田４１３,４１３,株式会社ヨシハラ,H28/07/07,,,,長浜
クリーニング所,ヨシハラクリーニング 平和堂フレ ンドマート長浜平方店,526-0033,長浜市平方町,長浜市平方町３３１,３３１,株式会社ヨシハラシステ ムズ,H28/11/22,,,,長浜
クリーニング所,電気硝子ユニバーサポート株式会社 高月事業所,529-0241,長浜市高月町高月,長浜市高月町高月１９７９,１９７９,電気硝子ユニバーサポー ト株式会社,H28/12/27,,,,長浜
クリーニング所,有限会社林クリーニング商会 本店,526-0052,長浜市神前町,長浜市神前町３－２２,３－２２,有限会社林クリーニング 商会,H30/02/05,,,,長浜
クリーニング所,はるやま長浜店 クリーニング取次 所,526-0847,長浜市山階町,長浜市山階町２８４－１ はるやま長 浜店内,２８４－１ はるやま長 浜店内,はるやま商事株式会社,R01/11/15,,,,長浜
クリーニング所,株式会社湖光 ダスキン平方支店,526-0033,長浜市平方町,長浜市平方町３１２,３１２,株式会社湖光,R02/05/26,,,,長浜
クリーニング所,ヤングドライ フレンドマート米原 店,521-0016,米原市下多良,米原市下多良二丁目４７,二丁目４７,株式会社ヤングドライ滋 賀,R02/11/24,,,,長浜
クリーニング所,ヤングドライ コープながはま店,526-0831,長浜市宮司町,長浜市宮司町１２００,１２００,株式会社ヤングドライ滋 賀,R03/03/09,,,,長浜
クリーニング所,リックスビジネスパートナーズ株式 会社滋賀支店,526-0051,長浜市一の宮町,長浜市一の宮町１－６,１－６,リックスビジネスパート ナーズ株式会社,R03/05/13,,,,長浜
クリーニング所,ホワイト急便 ＠神照店,526-0015,長浜市神照町,長浜市神照町７４７-６,７４７-６,有限会社ホワイト急便彦 根,R03/09/22,,,,長浜
クリーニング所,洋服の青山 長浜店,526-0021,長浜市八幡中山町,長浜市八幡中山町６３,６３,青山商事株式会社,R04/09/28,,,,長浜
クリーニング所,眠りのプロショップ Ｓａｗａｄａ,526-0052,長浜市神前町,長浜市神前町９－１１,９－１１,株式会社沢田商店,R04/12/08,,,,長浜
クリーニング所,ヨシハラクリーニングイオン長浜店,526-0847,長浜市山階町,長浜市山階町２７１－１,２７１－１,株式会社ヨシハラクリー ニング,R05/02/24,,,,長浜
クリーニング所,ヨシハラクリーニング業務スーパー 高月店,529-0261,長浜市高月町東物部,長浜市高月町東物部２３,２３,株式会社ヨシハラクリー ニング,R05/10/25,,,,長浜
クリーニング所,スリープデパートメント シングシ ングｂｙふとんのマツムラ,526-0846,長浜市川崎町,長浜市川崎町３６５,３６５,株式会社松村寝具,R06/03/14,,,,長浜
クリーニング所,ヨシハラクリーニングフレンドマー ト祇園店,526-0061,長浜市祇園町,長浜市祇園町２９８－１,２９８－１,株式会社ヨシハラクリー ニング,R06/07/19,,,,長浜
クリーニング所,ランドリーママ 神照店,526-0015,長浜市神照町,長浜市神照町３１９－２,３１９－２,,R06/09/27,,,,長浜
クリーニング所,株式会社菱湖テクニカ,521-0234,米原市井之口,米原市井之口３４７,３４７,株式会社菱湖テクニカ,R07/04/08,,,,長浜
クリーニング所,スーパーホテル滋賀・長浜天然温泉,526-0015,長浜市神照町,長浜市神照町９７４－６,９７４－６,京豊エンジニアリング株 式会社,R07/07/14,,,,長浜
クリーニング所,株式会社クリーンエース,529-0144,長浜市大寺町,長浜市大寺町７０８,７０８,株式会社クリーンエース,R08/01/06,,,,長浜
クリーニング所,アーバン名小路丸善今津店,520-1631,高島市今津町名小路二 丁目,高島市今津町名小路二 丁目７－１,７－１,,S55/04/11,,,,高島
クリーニング所,クリーニング アサヒ,520-1532,高島市新旭町熊野本,高島市新旭町熊野本１７０,１７０,,S54/10/22,,,,高島
クリーニング所,クリーニングショップ丸善 和田呉 服店,520-1501,高島市新旭町旭,高島市新旭町旭１１０５－２,１１０５－２,有限会社クリーニング ショップ丸善,S54/01/26,,,,高島
クリーニング所,ディリークリーナー今津町桂クリー ニング取次所,520-1602,高島市今津町桂,高島市今津町桂８０４,８０４,デイリー・クリーナ株式 会社,S59/09/20,,,,高島
クリーニング所,ママドライ,520-1121,高島市勝野,高島市勝野１１４６－１,１１４６－１,,S54/11/15,,,,高島
クリーニング所,マルヒラクリーニングチェーン あ いば店,520-1531,高島市新旭町饗庭,高島市新旭町饗庭３００コンビニエンスス トア なかにし,３００コンビニエンスス トア なかにし,有限会社マルヒラサービ スセンター,S62/07/01,,,,高島
クリーニング所,マルヒラクリーニングチェーン 福 岡店,520-1652,高島市今津町福岡,高島市今津町福岡８９０－５Ｋマート今津 福岡店内,８９０－５Ｋマート今津 福岡店内,有限会社マルヒラサービ スセンター,S61/10/16,,,,高島
クリーニング所,ヨシハラクリーニング 今津リプル 店,520-1621,高島市今津町今津,高島市今津町今津１６８８,１６８８,株式会社ヨシハラシステ ムズ,H20/10/24,,,,高島
クリーニング所,宮川クリーニング店,520-1533,高島市新旭町安井川,高島市新旭町安井川６３－１,６３－１,,H15/11/10,,,,高島
クリーニング所,山川クリーニング店,520-1501,高島市新旭町旭,高島市新旭町旭１９０－２,１９０－２,,H13/02/23,,,,高島
クリーニング所,市川クリーニング店,520-1621,高島市今津町今津,高島市今津町今津３０６,３０６,,H06/08/30,,,,高島
クリーニング所,馬野クリーニング店,520-1811,高島市マキノ町海津,高島市マキノ町海津２０２８,２０２８,,H11/01/06,,,,高島
クリーニング所,堀定クリーニング店 陸上自衛隊店,520-1621,高島市今津町今津,高島市今津町今津９９５,９９５,,R05/06/28,,,,高島
クリーニング所,有限会社クリーニングショップ丸善,520-1213,高島市安曇川町五番領,高島市安曇川町五番領１８５,１８５,有限会社クリーニング ショップ丸善,S62/06/01,,,,高島
クリーニング所,丸善 平和堂 あどがわ店,520-1212,高島市安曇川町西万木,高島市安曇川町西万木５５,５５,有限会社クリーニング ショップ丸善,H22/04/20,,,,高島
クリーニング所,鉄道リネンサービス株式会社 高島 工場,520-1521,高島市新旭町北畑,高島市新旭町北畑９６,９６,鉄道リネンサービス株式 会社,H23/03/28,,,,高島
クリーニング所,高城クリーニング,520-1132,高島市拝戸,高島市拝戸284-1,284-1,,H25/12/19,,,,高島
クリーニング所,丸善 バロー安曇川店,520-1212,高島市安曇川町西万木,高島市安曇川町西万木230,230,有限会社クリーニング ショップ丸善,H26/03/20,,,,高島
クリーニング所,(有)京都ブライダルサービス,520-1652,高島市今津町福岡,高島市今津町福岡459-1,459-1,(有)京都ブライダルサー ビス,H28/02/19,,,,高島
クリーニング所,ヨシハラクリーニング安曇川店,520-1212,高島市安曇川町西万木,高島市安曇川町西万木433,433,株式会社ヨシハラ,H28/04/27,,,,高島
クリーニング所,鉄道リネンサービス株式会社,520-1613,高島市今津町上弘部,高島市今津町上弘部４３８,４３８,鉄道リネンサービス株式 会社,H30/04/13,,,,高島
クリーニング所,ダスキン湖光マキノ店,520-1803,高島市マキノ町小荒路,高島市マキノ町小荒路３５１,３５１,,R05/08/08,,,,高島
興行場,イオンシネマ草津,525-0067,草津市新浜町,草津市新浜町３００ イオンモール草 津 Ａ３５８,３００ イオンモール草 津 Ａ３５８,イオンエンターテイメント 株式会社,H20/11/17,映画館,,,草津
興行場,栗東芸術文化会館さきら,520-3031,栗東市綣二丁目,栗東市綣二丁目１－２８,１－２８,栗東市,R04/10/18,多目的,,,草津
興行場,守山市市民文化会館守山市 立中央公民館,524-0051,守山市三宅町,守山市三宅町１２５,１２５,守山市,S62/01/07,多目的,,,草津
興行場,草津アミカホール,525-0034,草津市草津三丁目,草津市草津三丁目１３－３０,１３－３０,草津市,H04/05/08,多目的,,,草津
興行場,中主町さざなみホール,520-2422,野洲市比留田,野洲市比留田３３１３－３,３３１３－３,中主町,H04/08/03,多目的,,,草津
興行場,野洲町中央公民館,520-2331,野洲市小篠原,野洲市小篠原２１４２,２１４２,野洲市,S58/06/10,多目的,,,草津
興行場,草津市立草津クレアホール,525-0059,草津市野路六丁目,草津市野路六丁目15-11,15-11,公益財団法人草津市コミュ ニティ事業団,H26/12/26,音楽,,,草津
興行場,湖南市甲西文化ホール,520-3234,湖南市中央五丁目,湖南市中央五丁目５７番地,５７番地,湖南市,S62/01/07,多目的,,,甲賀
興行場,甲賀市あいこうか市民ホー ル,528-0005,甲賀市水口町水口,甲賀市水口町水口５６３３番地,５６３３番地,甲賀市,H18/06/30,多目的,,,甲賀
興行場,水口アレックスシネマ,528-0037,甲賀市水口町本綾野,甲賀市水口町本綾野５６６－１,５６６－１,有限会社アレックス,H14/09/25,映画館,,,甲賀
興行場,アピアホール,527-0011,東近江市八日市浜野町,東近江市八日市浜野町３－１,３－１,株式会社平和堂,H06/11/02,映画館,,,東近江
興行場,イオンシネマ近江八幡,523-0891,近江八幡市鷹飼町,近江八幡市鷹飼町１９０－９ イオン近江 八幡ＳＣ２番街４Ｆ,１９０－９ イオン近江 八幡ＳＣ２番街４Ｆ,イオンエンターテイメント 株式会社,H12/10/02,映画館,,,東近江
興行場,蒲生町あかね文化センター,529-1531,東近江市市子川原町,東近江市市子川原町４６１－１,４６１－１,東近江市,H03/07/06,多目的,,,東近江
興行場,協楽映画劇場,527-0012,東近江市八日市本町,東近江市八日市本町１－１５,１－１５,協楽興業株式会社,S46/08/05,映画館,,,東近江
興行場,近江八幡市文化会館,523-0892,近江八幡市出町,近江八幡市出町３６６,３６６,近江八幡市,S54/04/02,多目的,,,東近江
興行場,滋賀農業公園 ブルーメの 丘 カーニバルハウス,529-1628,蒲生郡日野町西大路,蒲生郡日野町西大路８６４－５,８６４－５,株式会社ワールドインテッ ク,H13/07/18,映画館,,,東近江
興行場,東近江市立愛東公民館,527-0157,東近江市下中野町,東近江市下中野町４３１,４３１,東近江市,S56/10/22,多目的,,,東近江
興行場,東近江市立八日市文化芸術 会館,527-0039,東近江市青葉町,東近江市青葉町１－５０,１－５０,東近江市,H18/04/01,多目的,,,東近江
興行場,日野町町民会館 わたむき ホール虹,529-1601,蒲生郡日野町松尾,蒲生郡日野町松尾１６６１,１６６１,日野町,H05/01/29,多目的,,,東近江
興行場,八幡東映トキワ館,523-0863,近江八幡市仲屋町上,近江八幡市仲屋町上９,９,滋賀八幡興業株式会社,S27/12/04,映画館,,,東近江
興行場,安土文芸セミナリヨ,521-1321,近江八幡市安土町桑実 寺,近江八幡市安土町桑実 寺７７７,７７７,近江八幡市,H27/03/30,音楽,,,東近江
興行場,ひこね市文化プラザ,522-0055,彦根市野瀬町,彦根市野瀬町１８７－４,１８７－４,彦根市,H09/02/07,音楽,,,彦根
興行場,彦根ＶＩＶＡ ＣＩＴＹシ ネマ,522-0044,彦根市竹ケ鼻町,彦根市竹ケ鼻町４３－１,４３－１,有限会社自由映画社,H08/04/25,映画館,,,彦根
興行場,木之本スティックホール,529-0425,長浜市木之本町木之本,長浜市木之本町木之本１７５７－６,１７５７－６,長浜市,H02/11/13,多目的,,,長浜
興行場,滋賀県立文化産業交流会館,521-0016,米原市下多良二丁目,米原市下多良二丁目１３７,１３７,滋賀県,S63/04/22,多目的,,,長浜
興行場,西浅井文化ホール,529-0721,長浜市西浅井町大浦,長浜市西浅井町大浦２５９０,２５９０,長浜市,H18/10/18,多目的,,,長浜
興行場,長浜協映劇場,526-0059,長浜市元浜町,長浜市元浜町６－８,６－８,自由映画株式会社,S33/09/08,映画館,,,長浜
興行場,安曇川映画劇場,520-1212,高島市安曇川町西万木,高島市安曇川町西万木７９７－１,７９７－１,有限会社実和興行社,S33/11/11,映画館,,,高島
興行場,高島市生涯学習センター 「アイリッシュパーク」,520-1121,高島市勝野,高島市勝野６７０,６７０,高島市,H05/11/19,多目的,,,高島
興行場,高島市立藤樹の里文化芸術 会館,520-1224,高島市安曇川町上小川,高島市安曇川町上小川１０６,１０６,,H18/05/19,多目的,,,高島
興行場,高島市民会館,520-1622,高島市今津町中沼一丁 目,高島市今津町中沼一丁 目３－１,３－１,高島市,S56/01/06,多目的,,,高島
旅館業,旅館めぐみ,520-3005,栗東市御園,栗東市御園８８９－５,８８９－５,株式会社ワイド,S61/10/03,旅館・ホテル,旅館,,草津
旅館業,旅館石秀,524-0021,守山市吉身町,守山市吉身町二丁目１－６７,二丁目１－６７,,S57/12/25,旅館・ホテル,旅館,,草津
旅館業,料理・旅館 えり市,524-0061,守山市赤野井町,守山市赤野井町１２０１,１２０１,,H19/03/30,旅館・ホテル,旅館,,草津
旅館業,料理旅館豆喜楼,520-3042,栗東市辻,栗東市辻３９２,３９２,,S63/11/02,旅館・ホテル,旅館,,草津
旅館業,有限会社岡田屋旅館,525-0071,草津市南笠東四丁目,草津市南笠東四丁目９－３０,９－３０,有限会社岡田屋旅館,H02/10/02,下宿,,,草津
旅館業,アーバンホテル南草津,525-0050,草津市南草津一丁目,草津市南草津一丁目１－５,１－５,アーバンホテルシステム株式会社,H24/02/14,旅館・ホテル,ホテル,,草津
旅館業,ビジネスホテル タカラ,520-2331,野洲市小篠原,野洲市小篠原８５５,８５５,株式会社タカラ,H23/10/25,旅館・ホテル,ホテル,,草津
旅館業,レークさがわ,524-0102,守山市水保町,守山市水保町２８９１－４１,２８９１－４１,佐川アドバンス株式会社,H25/06/01,旅館・ホテル,旅館,,草津
旅館業,セトレ マリーナ びわ湖,524-0102,守山市水保町,守山市水保町1380-1,1380-1,株式会社ホロニック,H25/08/30,旅館・ホテル,ホテル,,草津
旅館業,ラックホテル草津,525-0033,草津市東草津二丁目,草津市東草津二丁目１－４０,１－４０,ラックホテル株式会社,H25/11/01,旅館・ホテル,ホテル,,草津
旅館業,スーパーホテル滋賀・草津国道1号沿,525-0034,草津市草津一丁目,草津市草津一丁目20－19,20－19,京豊エンジニアリング株式会社,H27/03/23,旅館・ホテル,ホテル,,草津
旅館業,株式会社サンクリスタル,524-0102,守山市水保町,守山市水保町２８９１－２２７,２８９１－２２７,株式会社サンクリスタル,H26/11/06,旅館・ホテル,ホテル,,草津
旅館業,ベッセルイン滋賀守山駅前,524-0041,守山市勝部一丁目,守山市勝部一丁目１－１７ 守山駅前近江鉄道ビ ル,１－１７ 守山駅前近江鉄道ビ ル,株式会社ベッセルホテル開発,H29/07/27,旅館・ホテル,ホテル,,草津
旅館業,ホテル琵琶湖プラザ,524-0102,守山市水保町,守山市水保町２８９２－２,２８９２－２,ブリーズベイオペレーション６号株式会社,H28/03/30,旅館・ホテル,ホテル,,草津
旅館業,ホテル ザ レオン守山店 パート１,524-0102,守山市水保町,守山市水保町２８９１－２３５,２８９１－２３５,有限会社大地観光,H17/08/30,旅館・ホテル,ホテル,,草津
旅館業,ＡＲＴ ＲＩＴＳ ＨＯＴＥＬ,520-3031,栗東市綣一丁目,栗東市綣一丁目１１－１,１１－１,有限会社マーツ,H20/01/04,旅館・ホテル,旅館,,草津
旅館業,ＨＯＴＥＬ Ｌａｖｉｅｌ,525-0051,草津市木川町,草津市木川町字十九９８－１、９９－１、９ ９－５,字十九９８－１、９９－１、９ ９－５,株式会社Ｙ・Ｆ観光,H20/04/23,旅館・ホテル,ホテル,,草津
旅館業,ＪＲ．セルベーヌ,524-0102,守山市水保町,守山市水保町２８９１－２１６,２８９１－２１６,有限会社びわこニユー観光,S60/02/09,旅館・ホテル,旅館,,草津
旅館業,Ｒｉｓｅｖｉｌｌｅ都賀山,524-0033,守山市浮気町,守山市浮気町３００－２４,３００－２４,一般財団法人 守山野洲市民交流プラザ,S61/03/28,旅館・ホテル,旅館,,草津
旅館業,アーバンホテル草津,525-0032,草津市大路一丁目,草津市大路一丁目４－３１,４－３１,アーバンホテルシステム株式会社,H08/03/01,旅館・ホテル,ホテル,,草津
旅館業,ホテル ジィニア,524-0102,守山市水保町,守山市水保町２８９１－２２２,２８９１－２２２,株式会社アントレ,H06/10/28,旅館・ホテル,旅館,,草津
旅館業,おとぼけビーバーⅡ,524-0102,守山市水保町,守山市水保町２８９１－３７、３８,２８９１－３７、３８,株式会社レガーロ,H08/07/29,旅館・ホテル,旅館,,草津
旅館業,おとぼけビーバー伝説,524-0102,守山市水保町,守山市水保町２８９１－２２０,２８９１－２２０,株式会社レジェンド,H07/06/14,旅館・ホテル,旅館,,草津
旅館業,クサツエストピアホテル,525-0037,草津市西大路町,草津市西大路町４－３２,４－３２,株式会社クサツエストピアホテル,H17/10/03,旅館・ホテル,ホテル,,草津
旅館業,こんぜの里バンガロー村,520-3002,栗東市観音寺,栗東市観音寺５３５,５３５,栗東市,H05/07/23,簡易宿所,,,草津
旅館業,ザ・ウェルネス,520-3015,栗東市安養寺,栗東市安養寺１・２－２２,１・２－２２,株式会社栗東会館,S61/02/19,簡易宿所,,,草津
旅館業,ささ舟ホテル,524-0101,守山市今浜町,守山市今浜町美崎２５２８,美崎２５２８,,S42/10/24,旅館・ホテル,旅館,,草津
旅館業,セントラルホテル野洲,520-2362,野洲市市三宅,野洲市市三宅９４８－１,９４８－１,株式会社システムアイインターナショナル,H11/09/20,旅館・ホテル,ホテル,,草津
旅館業,ホテル ラグナ,524-0102,守山市水保町,守山市水保町２８９１－３０,２８９１－３０,株式会社クリーンシィカー,H10/12/04,旅館・ホテル,ホテル,,草津
旅館業,ビジネスホテルタカラＮｏ．２,520-2332,野洲市妙光寺,野洲市妙光寺３２１，３２２－１，３２６－ １,３２１，３２２－１，３２６－ １,株式会社タカラ,H15/07/04,旅館・ホテル,ホテル,,草津
旅館業,ビジネスホテルひばり,525-0031,草津市若竹町,草津市若竹町８－４,８－４,有限会社伊藤生商事,S62/06/01,旅館・ホテル,旅館,,草津
旅館業,ビジネスホテル名栗,520-2331,野洲市小篠原,野洲市小篠原２２２９－１２,２２２９－１２,名神栗東開発株式会社,H02/07/24,旅館・ホテル,旅館,,草津
旅館業,ビジネス旅館栗東,520-3045,栗東市高野,栗東市高野２２０,２２０,有限会社ビジネス旅館栗東,S63/10/05,旅館・ホテル,旅館,,草津
旅館業,びわこの千松,525-0067,草津市新浜町,草津市新浜町２９７－１,２９７－１,株式会社びわこ乃千松,H13/04/04,旅館・ホテル,旅館,,草津
旅館業,ファションホテルプリンス,520-3047,栗東市手原七丁目,栗東市手原七丁目２－７,２－７,三輝運輸株式会社,S58/08/08,旅館・ホテル,旅館,,草津
旅館業,ほていや,524-0037,守山市梅田町,守山市梅田町５－３２,５－３２,,S64/01/01,旅館・ホテル,旅館,,草津
旅館業,ホテル オリーブ,524-0102,守山市水保町,守山市水保町２８９１－６,２８９１－６,株式会社クローバー開発,H16/04/20,旅館・ホテル,ホテル,,草津
旅館業,ホテル グリオン,524-0102,守山市水保町,守山市水保町２８９１－２６,２８９１－２６,有限会社大徳フーズ,H20/04/23,旅館・ホテル,旅館,,草津
旅館業,ホテル アクアキッス,524-0102,守山市水保町,守山市水保町２８９１－２２１,２８９１－２２１,株式会社滋賀ホテルチャペルクリスマス,H17/12/08,旅館・ホテル,ホテル,,草津
旅館業,ホテル どんぐりころころ,524-0102,守山市水保町,守山市水保町２８９１－２１８,２８９１－２１８,株式会社アバス,H20/04/23,旅館・ホテル,旅館,,草津
旅館業,ホテル パームス,524-0102,守山市水保町,守山市水保町２８９１－９,２８９１－９,有限会社パームス,H11/07/23,旅館・ホテル,ホテル,,草津
旅館業,ホテル ファイン,524-0102,守山市水保町,守山市水保町２８９１－１９、２０,２８９１－１９、２０,株式会社クローバー開発,H10/07/24,旅館・ホテル,旅館,,草津
旅館業,ホテル ファインⅡ,524-0102,守山市水保町,守山市水保町２８９１－７,２８９１－７,株式会社クローバー開発,H11/09/02,旅館・ホテル,ホテル,,草津
旅館業,ホテル ファイン栗東,520-3047,栗東市手原七丁目,栗東市手原七丁目２－７,２－７,万葉コミュニティ有限会社,H16/08/03,旅館・ホテル,ホテル,,草津
旅館業,ホテル ボストンプラザ草津,525-0037,草津市西大路町,草津市西大路町１－２７,１－２７,南興業株式会社,H23/09/21,旅館・ホテル,ホテル,,草津
旅館業,ホテル２１,525-0031,草津市若竹町,草津市若竹町７－１０,７－１０,株式会社モリノビル,H10/08/12,旅館・ホテル,旅館,,草津
旅館業,ホテルセルベーヌ,524-0102,守山市水保町,守山市水保町２８９１－５，２８,２８９１－５，２８,株式会社セルベーヌ,S60/02/09,旅館・ホテル,旅館,,草津
旅館業,ホテルダイヤモンド,524-0102,守山市水保町,守山市水保町１２２１－３,１２２１－３,有限会社新栄観光,H02/03/17,旅館・ホテル,旅館,,草津
旅館業,ホテルディーアール,524-0102,守山市水保町,守山市水保町２８９１－３０,２８９１－３０,,H01/12/25,旅館・ホテル,旅館,,草津
旅館業,ホテルドリーム,524-0102,守山市水保町,守山市水保町２８９１－２５－３３,２８９１－２５－３３,有限会社河丸興業,H01/11/20,旅館・ホテル,旅館,,草津
旅館業,ホテルニューアルテミス,524-0102,守山市水保町,守山市水保町１２３１,１２３１,扶桑商事株式会社,S63/09/13,旅館・ホテル,旅館,,草津
旅館業,ホテルびわ湖,524-0102,守山市水保町,守山市水保町１２１２－１,１２１２－１,,S32/06/15,旅館・ホテル,旅館,,草津
旅館業,ホテルプリンス,520-3047,栗東市手原七丁目,栗東市手原七丁目２－７,２－７,株式会社商工ビル,H05/08/23,旅館・ホテル,旅館,,草津
旅館業,ホテルペントハウス,524-0011,守山市今市町,守山市今市町９１－１,９１－１,,S59/09/25,旅館・ホテル,旅館,,草津
旅館業,ホテルメルヘン,524-0102,守山市水保町,守山市水保町２８９１－１１,２８９１－１１,東栄観光株式会社,S59/08/08,旅館・ホテル,旅館,,草津
旅館業,ホテルモリヤマ,524-0102,守山市水保町,守山市水保町１１６４－１,１１６４－１,京栄観光株式会社,S63/05/02,旅館・ホテル,旅館,,草津
旅館業,琵琶湖マリオットホテル,524-0101,守山市今浜町,守山市今浜町２８７６,２８７６,森トラスト・ホテルズ＆リゾーツ株式会社,S60/06/19,旅館・ホテル,ホテル,,草津
旅館業,ホテルルートワン,525-0033,草津市東草津二丁目,草津市東草津二丁目６２３－１,６２３－１,総合企画有限会社,S61/11/17,旅館・ホテル,旅館,,草津
旅館業,ホテル湖東エンセラー,524-0102,守山市水保町,守山市水保町２８９１－９,２８９１－９,ナント観光株式会社,S60/02/09,旅館・ホテル,旅館,,草津
旅館業,マイアミ湖上レジャーセンター,520-0201,野洲市吉川,野洲市吉川３３０２,３３０２,株式会社タカラ,S47/07/28,旅館・ホテル,旅館,,草津
旅館業,まるけ,520-2304,野洲市永原,野洲市永原５７１,５７１,,S30/12/01,旅館・ホテル,旅館,,草津
旅館業,モテルやぐら,525-0054,草津市東矢倉二丁目,草津市東矢倉二丁目５－１３,５－１３,有限会社ＹＫデベロッパ,S45/06/16,旅館・ホテル,旅館,,草津
旅館業,ユアサ木浜スポーツランド社員合宿所,524-0104,守山市木浜町,守山市木浜町２２９９－１,２２９９－１,湯浅電池株式会社,S54/11/02,簡易宿所,,,草津
旅館業,ラ・フェスタ,524-0102,守山市水保町,守山市水保町２８９１－５,２８９１－５,株式会社紀伊見荘,R05/02/22,旅館・ホテル,,,草津
旅館業,ラポルテ．１１,525-0071,草津市南笠東四丁目,草津市南笠東四丁目３－１６,３－１６,株式会社Ｆ・Ｈ企画,S61/03/05,旅館・ホテル,旅館,,草津
旅館業,学生寮大門,525-0056,草津市南笠町,草津市南笠町５３６－６９,５３６－６９,,S55/02/25,下宿,,,草津
旅館業,株式会社佐繕,525-0032,草津市大路一丁目,草津市大路一丁目１６－４,１６－４,株式会社佐繕,S45/06/22,旅館・ホテル,旅館,,草津
旅館業,株式会社萩の家,525-0055,草津市野路町,草津市野路町９９５１,９９５１,株式会社萩の家,S40/03/31,旅館・ホテル,旅館,,草津
旅館業,希望が丘文化公園野外活動施設ロッジ,520-2313,野洲市大篠原,野洲市大篠原２６１６－１,２６１６－１,滋賀県,S51/03/02,簡易宿所,,,草津
旅館業,帰汎島公園管理センター,525-0066,草津市矢橋町,草津市矢橋町２１０８,２１０８,滋賀県,S60/03/30,簡易宿所,,,草津
旅館業,近江希望が丘ユースホステル,520-2305,野洲市北,野洲市北桜９７８,桜９７８,一般財団法人日本ユースホステル協会,S45/10/21,簡易宿所,,,草津
旅館業,栗東インターホテル,520-3045,栗東市高野,栗東市高野３７８,３７８,,S54/10/27,旅館・ホテル,ホテル,,草津
旅館業,栗東プラザ,520-3046,栗東市大橋六丁目,栗東市大橋六丁目６－５１,６－５１,株式会社栗東プラザホテル,H14/09/05,旅館・ホテル,旅館,,草津
旅館業,栗東プラザⅡ,520-3046,栗東市大橋六丁目,栗東市大橋六丁目６－５１,６－５１,株式会社栗東プラザホテル,H14/09/05,旅館・ホテル,旅館,,草津
旅館業,栗東市総合福祉保健センター,520-3015,栗東市安養寺,栗東市安養寺１９０,１９０,栗東市,H16/08/21,簡易宿所,,,草津
旅館業,栗東市立自然体験学習センター「森の未来館」,520-3002,栗東市観音寺,栗東市観音寺４５９番地２０,４５９番地２０,栗東市,H20/04/23,旅館・ホテル,旅館,,草津
旅館業,栗東市立森林体験交流センター,520-3002,栗東市観音寺,栗東市観音寺５３７－１,５３７－１,栗東市,H11/03/29,簡易宿所,,,草津
旅館業,栗東市やすらぎの家,520-3041,栗東市出庭,栗東市出庭７００－１,７００－１,栗東市,H05/04/09,簡易宿所,,,草津
旅館業,栗東市ゆうあいの家,520-3024,栗東市小柿一丁目,栗東市小柿一丁目１０番１０号,１０番１０号,栗東市,H09/04/15,簡易宿所,,,草津
旅館業,広域林構休養休息施設ふるさと館,520-2323,野洲市三上,野洲市三上５１９,５１９,滋賀県,H04/07/17,旅館・ホテル,旅館,,草津
旅館業,守山アートホテル,524-0012,守山市播磨田町,守山市播磨田町５０－１,５０－１,株式会社Ｔ＆Ｄ,H28/03/01,旅館・ホテル,ホテル,,草津
旅館業,草津第一ホテル,525-0031,草津市若竹町,草津市若竹町５－５,５－５,株式会社草津第一ホテル,H04/03/02,旅館・ホテル,旅館,,草津
旅館業,太陽,520-3022,栗東市上鈎,栗東市上鈎５３．５３－６,５３．５３－６,有限会社太陽,S60/04/05,旅館・ホテル,旅館,,草津
旅館業,中村下宿,525-0028,草津市上笠町,草津市上笠町１３２,１３２,,S48/12/26,下宿,,,草津
旅館業,富貴,524-0041,守山市勝部町,守山市勝部町８３７－１,８３７－１,,S51/08/24,下宿,,,草津
旅館業,野洲シテイーホテル,520-2361,野洲市北野一丁目,野洲市北野一丁目１－６,１－６,大河興業株式会社,S60/06/07,旅館・ホテル,ホテル,,草津
旅館業,旅館しらかわ,525-0037,草津市西大路町,草津市西大路町８７３－１,８７３－１,,S45/03/24,旅館・ホテル,旅館,,草津
旅館業,東横ＩＮＮ琵琶湖線南草津駅西口,525-0050,草津市南草津一丁目,草津市南草津一丁目４－１２,４－１２,株式会社東横イン,H30/08/07,旅館・ホテル,,,草津
旅館業,ポイントバケーション近江びわ湖,525-0061,草津市北山田町,草津市北山田町５６０,５６０,株式会社リロバケーションズ,H30/10/18,旅館・ホテル,,,草津
旅館業,ホテル アリュール,524-0102,守山市水保町,守山市水保町２８９１－１１,２８９１－１１,株式会社ワイズ,H31/02/04,旅館・ホテル,,,草津
旅館業,ホテルルートイン草津栗東,520-3046,栗東市大橋六丁目,栗東市大橋六丁目６－４０,６－４０,ルートインジャパン株式会社,R02/10/02,旅館・ホテル,,,草津
旅館業,ＢＨＣ３番館オーベルジュ「ＳＡＫＵＲＡ」,524-0101,守山市今浜町,守山市今浜町２６２４－１５９,２６２４－１５９,東洋ビルホーム株式会社,R01/10/28,簡易宿所,,,草津
旅館業,ラ・フェスタ,524-0102,守山市水保町,守山市水保町２８９１－５,２８９１－５,有限会社ジェッツ・インターナショナル,R03/03/17,旅館・ホテル,,,草津
旅館業,アリュール,524-0102,守山市水保町,守山市水保町２８９１－１１,２８９１－１１,有限会社アルファー２１コーポレーション,R03/07/30,旅館・ホテル,,,草津
旅館業,ホテル ジィニア守山,524-0102,守山市水保町,守山市水保町２８９１－２２２,２８９１－２２２,株式会社ミラージュ,R03/11/24,旅館・ホテル,,,草津
旅館業,ＨＯＴＥＬ ＧＲＡＮＤ ＬＥＯＮ守山,524-0102,守山市水保町,守山市水保町２８９１－１１,２８９１－１１,株式会社ユニックス,R04/09/15,旅館・ホテル,,,草津
旅館業,ＹＡＮＭＡＲ ＳＵＮＳＥＴ ＭＡＲＩＮＡ ＣＬＵＢＨＯ ＵＳＥ＆ＨＯＴＥＬ,524-0102,守山市水保町,守山市水保町１３８０,１３８０,ヤンマーコーポレーション株式会社,R05/07/26,旅館・ホテル,,,草津
旅館業,琵琶湖ＲＶパーク アヤメ,524-0202,野洲市菖蒲,野洲市菖蒲２６０－１７,２６０－１７,,R05/10/27,簡易宿所,,,草津
旅館業,マイアミ浜オートキャンプ場,524-0201,野洲市吉川,野洲市吉川３３２６－１,３３２６－１,野洲市湖岸開発株式会社,R05/12/01,簡易宿所,,,草津
旅館業,ＩＺＡ ｍｏｒｉｙａｍａ,524-0101,守山市今浜町,"守山市今浜町2531-3,2532-7","2531-3,2532-7",株式会社考研住まい工房,R08/04/03,簡易宿所,,,草津
旅館業,水の環ホテル 湖音,525-0034,草津市草津二丁目,草津市草津二丁目４－１９,４－１９,株式会社湖音,R08/03/31,簡易宿所,,,草津
旅館業,あやめ荘,520-2402,野洲市菖蒲,野洲市菖蒲２５２,２５２,,R08/07/21,簡易宿所,,,草津
旅館業,和乃リトリート ひといき,526-0059,長浜市元浜町,長浜市元浜町１７－２,１７－２,合同会社ひといき,R04/05/25,簡易宿所,,,長浜
旅館業,蔵（伊香）,529-0434,長浜市木之本町北布施,長浜市木之本町北布施２０４,２０４,株式会社ＹＡＭＡＧＡＲＡ,R04/08/19,簡易宿所,,,長浜
旅館業,ＮＡＧＡＨＡＭＡ Ｌｉｆｅｓｔｙｌｅ Ｇｌａｍｐｉｎｇ Ｈｏｔｅｌ,526-0047,長浜市下坂浜町,長浜市下坂浜町３７９－６,３７９－６,有限会社森野ビル,R04/10/03,簡易宿所,,,長浜
旅館業,ワーケーション拠点 上丹生山根邸別館,529-0512,長浜市余呉町上丹生,長浜市余呉町上丹生２４３７,２４３７,中西興産株式会社,R04/10/24,簡易宿所,,,長浜
旅館業,蔵の家,521-0307,米原市大久保,米原市大久保１０５２,１０５２,いぶきファーム株式会社,R05/11/27,簡易宿所,,,長浜
旅館業,水の家,521-0307,米原市大久保,米原市大久保８３１,８３１,いぶきファーム株式会社,R04/10/11,簡易宿所,,,長浜
旅館業,大門坂荘,521-0307,米原市大久保,米原市大久保１０９４,１０９４,いぶきファーム株式会社,R04/10/11,簡易宿所,,,長浜
旅館業,夢匠庵,526-0059,長浜市元浜町,長浜市元浜町１２－９,１２－９,株式会社沢田商店,R05/01/11,簡易宿所,,,長浜
旅館業,和乃リトリート ひといき Ａ棟,526-0059,長浜市元浜町,長浜市元浜町１７－３,１７－３,合同会社ひといき,R05/03/13,簡易宿所,,,長浜
旅館業,和乃リトリート ひといき Ｂ棟,526-0059,長浜市元浜町,長浜市元浜町１７－４,１７－４,合同会社ひといき,R05/03/13,簡易宿所,,,長浜
旅館業,ここや,521-0202,米原市柏原,米原市柏原２１２０,２１２０,,R05/03/24,簡易宿所,,,長浜
旅館業,田邸,526-0056,長浜市朝日町,長浜市朝日町３４－２１,３４－２１,合同会社ｋｅｉ－ｆｕ,R05/03/23,簡易宿所,,,長浜
旅館業,ホテルルートイン長浜インターＧｒａｎｄＡｎｎｅｘ,526-0804,長浜市加納町,長浜市加納町８８４－１,８８４－１,ルートインジャパン株式会社,R05/04/07,旅館・ホテル,,,長浜
旅館業,春テラス,521-0314,米原市春照,米原市春照４６８,４６８,株式会社ＮＥＯ,R05/07/26,簡易宿所,,,長浜
旅館業,湖桑庵,529-0436,長浜市木之本町山梨子,長浜市木之本町山梨子１４４,１４４,株式会社ＹＡＭＡＧＡＲＡ,R05/04/11,簡易宿所,,,長浜
旅館業,古民家ゲストハウス「余ーＡＭＡＲＩ」,526-0251,長浜市大依町,長浜市大依町７４８,７４８,合同会社ＣＩＲＣＵＬＡＴＩＯＮ ＤＥＳ ＩＧＮ ＳＴＵＤＩＯ,R05/04/28,簡易宿所,,,長浜
旅館業,ｇｌ・ｎｔａ ｇｌａｍｐｉｎｇ ｖｉｌｌａｇｅ,526-0124,長浜市早崎町,長浜市早崎町１６６９－１,１６６９－１,中尾木材工業株式会社,R05/05/18,簡易宿所,,,長浜
旅館業,ｆｌｏｗ 山源 Ｓｔａｙ ＆ Ｒｅｔｒｅａｔ,521-0202,米原市柏原,米原市柏原２１８２,２１８２,,R06/07/30,簡易宿所,,,長浜
旅館業,蔵の宿 隠れ蔵,529-0722,長浜市西浅井町庄,長浜市西浅井町庄４６２－２,４６２－２,,R05/12/04,簡易宿所,,,長浜
旅館業,Ｇｕｅｓｔ Ｈｏｕｓｅ 去来現,529-0423,長浜市木之本町千田,長浜市木之本町千田６８７,６８７,,R05/08/01,簡易宿所,,,長浜
旅館業,湖畔の別邸,529-0712,長浜市西浅井町月出,長浜市西浅井町月出１２７,１２７,ＢｌｕｅＯｒｄｅｒ株式会社,R05/08/09,簡易宿所,,,長浜
旅館業,Ｙｏｇｏ Ｌａｋｅｓｉｄｅ Ｖｉｌｌａ 鏡丘,529-0437,長浜市木之本町飯浦,長浜市木之本町飯浦１９８,１９８,株式会社江戸屋,R08/04/13,簡易宿所,,,長浜
旅館業,ＨＯＴＥＬ Ｒ９ Ｔｈｅ Ｙａｒｄ 長浜,526-0032,長浜市南高田町,長浜市南高田町５－１７,５－１７,株式会社デベロップ,R05/11/10,旅館・ホテル,,,長浜
旅館業,紲ｙａ－ツナギヤ－,521-0242,米原市長岡,米原市長岡１３００,１３００,,R07/01/29,簡易宿所,,,長浜
旅館業,ＢｌｕｅＢｅａｒ 東野,529-0527,長浜市余呉町東野,長浜市余呉町東野１２８－１０,１２８－１０,,R06/04/23,簡易宿所,,,長浜
旅館業,民泊 ＫＥＮ ＨＯＵＳＥ,529-0241,長浜市高月町高月,長浜市高月町高月９５３－７,９５３－７,,R06/03/08,簡易宿所,,,長浜
旅館業,縁,526-0058,長浜市南呉服町,長浜市南呉服町７－１９,７－１９,株式会社Ｅ・Ａ,R07/03/28,旅館・ホテル,,,長浜
旅館業,スーパーホテル滋賀・長浜天然温泉,526-0015,長浜市神照町,長浜市神照町９７４－６,９７４－６,京豊エンジニアリング株式会社,R07/07/14,旅館・ホテル,,,長浜
旅館業,ゲストハウス長浜,526-0037,長浜市高田町,長浜市高田町１４－３２,１４－３２,株式会社Ｙ,R06/08/07,簡易宿所,,,長浜
旅館業,長浜ゲストハウス楽市,526-0021,長浜市八幡中山町,長浜市八幡中山町２７５－３,２７５－３,株式会社Ｙ,R06/11/01,簡易宿所,,,長浜
旅館業,孫八,521-0211,米原市梓河内,米原市梓河内３４４,３４４,株式会社ＬＡＮＤＢＯＸ,R07/03/24,簡易宿所,,,長浜
旅館業,湖風,529-0364,長浜市湖北町尾上,長浜市湖北町尾上２８７,２８７,,R06/10/29,簡易宿所,,,長浜
旅館業,宿 すごろく,526-0023,長浜市三ツ矢町,長浜市三ツ矢町８－２２,８－２２,シーク建設株式会社,R07/01/24,旅館・ホテル,,,長浜
旅館業,ゆるり ＢＡＳＥ〈凛〉,526-0015,長浜市神照町,長浜市神照町３２８－１,３２８－１,,R07/02/20,簡易宿所,,,長浜
旅館業,湖のイストリア,526-0059,長浜市元浜町,長浜市元浜町１３－３,１３－３,合同会社長浜エリアマネジメント,R07/03/11,簡易宿所,,,長浜
旅館業,鈴籠城,529-0367,長浜市湖北町海老江,長浜市湖北町海老江３２,３２,ジーズアップ株式会社,R07/08/01,簡易宿所,,,長浜
旅館業,Ｌｕｇ Ｓｔａｙ Ｒｅｔｒｅａｔ 琵琶湖,526-0113,長浜市南浜町,長浜市南浜町１１１３,１１１３,松波産業株式会社,R07/03/27,簡易宿所,,,長浜
旅館業,緋乃里,529-0425,長浜市木之本町木之本,長浜市木之本町木之本１３２９－１,１３２９－１,,R07/05/15,簡易宿所,,,長浜
旅館業,五郎平,529-0301,長浜市小谷上山田町,長浜市小谷上山田町１２９８－１,１２９８－１,,R07/05/15,簡易宿所,,,長浜
旅館業,つなぐ宿喜兵衛,529-0265,長浜市高月町西柳野,長浜市高月町西柳野４９７,４９７,国友工業株式会社,R07/10/10,簡易宿所,,,長浜
旅館業,ゆるり ＢＡＳＥ〈絃〉,526-0015,長浜市神照町,長浜市神照町３２８－１,３２８－１,,R07/11/10,簡易宿所,,,長浜
旅館業,伊香,529-0434,長浜市木之本町北布施,長浜市木之本町北布施２０４,２０４,株式会社ＹＡＭＡＧＡＲＡ,R07/12/04,簡易宿所,,,長浜
旅館業,ゲストハウス ミカタ,526-0059,長浜市元浜町,長浜市元浜町１５－１,１５－１,,R08/02/12,簡易宿所,,,長浜
旅館業,鈴籠長浜城,526-0065,長浜市公園町,長浜市公園町９－１０,９－１０,ジーズアップ株式会社,R08/04/09,簡易宿所,,,長浜
旅館業,ＨＯＴＥＬ Ｒ９ Ｔｈｅ Ｙａｒｄ 長浜インター,526-0014,長浜市口分田町,長浜市口分田町４６６－６,４６６－６,株式会社デベロップ,R08/02/19,旅館・ホテル,,,長浜
旅館業,ゆるり ＢＡＳＥ〈稀〉,521-0016,米原市下多良,米原市下多良一丁目７４,一丁目７４,,R08/04/20,簡易宿所,,,長浜
旅館業,Ｈａｎｇｏｕｔ Ｍｏｔｏｒ Ｈｏｕｓｅ Ａ棟,526-0047,長浜市下坂浜町,長浜市下坂浜町３９４ センチュリーワンＢ５,３９４ センチュリーワンＢ５,辰誠生活支援株式会社,R08/02/27,簡易宿所,,,長浜
旅館業,Ｈａｎｇｏｕｔ Ｍｏｔｏｒ Ｈｏｔｅｌｓ Ｎａｇａｈａ ｍａ Ｃｅｎｔｒａｌ,526-0037,長浜市高田町,長浜市高田町２－２,２－２,辰誠生活支援株式会社,R08/04/24,簡易宿所,,,長浜
旅館業,フィットイージー長浜店,526-0021,長浜市八幡中山町,長浜市八幡中山町４７３－１,４７３－１,株式会社ライフ,R08/02/17,簡易宿所,,,長浜
旅館業,フィットイージー長浜店 ＡＮＮＥＸ,526-0021,長浜市八幡中山町,長浜市八幡中山町４８０,４８０,株式会社ライフ,R08/02/17,簡易宿所,,,長浜
旅館業,民宿旅館 文右衛門,529-0523,長浜市余呉町川並,長浜市余呉町川並２６１－１,２６１－１,,R08/03/10,簡易宿所,,,長浜
旅館業,グランエレメント,521-0221,米原市池下,米原市池下６０－１,６０－１,奥伊吹観光株式会社,R08/03/19,簡易宿所,,,長浜
旅館業,秋津,521-0033,米原市上丹生,米原市上丹生６４７,６４７,合同会社秋津,R08/07/22,旅館・ホテル,,,長浜
旅館業,ｃｏｔｔａｇｅ 樹樹,520-1655,高島市今津町日置前,高島市今津町日置前１８５８－２,１８５８－２,,R02/07/06,簡易宿所,,,高島
旅館業,ＷＥＳＴ ＬＡＫＥ ＨＯＴＥＬ 可以登楼,520-1216,高島市安曇川町中央二 丁目,高島市安曇川町中央二 丁目１－６,１－６,株式会社可以登楼,H14/11/06,旅館・ホテル,ホテル,,高島
旅館業,アクティ．プラザ．琵琶,520-1503,高島市新旭町深溝,高島市新旭町深溝字西釜５２０他,字西釜５２０他,株式会社エー.エイチ.エヌ,H08/03/12,旅館・ホテル,旅館,,高島
旅館業,いづみや,520-1655,高島市今津町日置前,高島市今津町日置前３０１８,３０１８,,S38/12/21,簡易宿所,,,高島
旅館業,ガリバーハウス,520-1142,高島市鹿ケ瀬,高島市鹿ケ瀬９８７－１,９８７－１,高島市,S62/06/08,簡易宿所,,,高島
旅館業,くつきや,520-1213,高島市安曇川町五番領,高島市安曇川町五番領１１５,１１５,,S60/05/31,旅館・ホテル,旅館,,高島
旅館業,グリーンパーク想い出の森 宿泊施設,520-1415,高島市朽木柏,高島市朽木柏３４１－３,３４１－３,一般財団法人高島まちおこし公社,H17/11/11,旅館・ホテル,旅館,,高島
旅館業,ゲストハウス アーカス 虹,520-1812,高島市マキノ町西浜,高島市マキノ町西浜７７０，７７０－１,７７０，７７０－１,,H10/01/23,簡易宿所,,,高島
旅館業,ゲストハウス 加茂川,520-1223,高島市安曇川町下小川,高島市安曇川町下小川２３２９－２０,２３２９－２０,有限会社白浜荘,H20/03/28,簡易宿所,,,高島
旅館業,ととファミリー,520-1602,高島市今津町桂,高島市今津町桂６６３－４３,６６３－４３,,H17/03/31,旅館・ホテル,旅館,,高島
旅館業,ニュー マキノ,520-1836,高島市マキノ町牧野,高島市マキノ町牧野１７５,１７５,,H14/04/16,旅館・ホテル,旅館,,高島
旅館業,ファミリー ロッヂ,520-1601,高島市今津町深清水,高島市今津町深清水赤坂川原谷２４０５－１ビラデ スト今津内,赤坂川原谷２４０５－１ビラデ スト今津内,公益財団法人ひばり,H07/04/01,簡易宿所,,,高島
旅館業,ペンション カッコーの巣,520-1837,高島市マキノ町白谷,高島市マキノ町白谷５－４０,５－４０,,S60/11/09,旅館・ホテル,旅館,,高島
旅館業,ペンション マキノ,520-1835,高島市マキノ町石庭,高島市マキノ町石庭２２９,２２９,,H14/01/18,簡易宿所,,,高島
旅館業,ペンション ハックル,520-1821,高島市マキノ町沢,高島市マキノ町沢１４９５－１,１４９５－１,,H01/11/13,簡易宿所,,,高島
旅館業,ペンションＧＵＺＵ,520-1825,高島市マキノ町森西,高島市マキノ町森西黒川５４７－７,黒川５４７－７,,S60/06/06,簡易宿所,,,高島
旅館業,ペンションくりっこ,520-1836,高島市マキノ町牧野,高島市マキノ町牧野５５４,５５４,日本大同投資株式会社,H04/06/25,簡易宿所,,,高島
旅館業,ホテル 可以登 ANNEX 別館,520-1631,高島市今津町名小路一 丁目,高島市今津町名小路一 丁目６－１０,６－１０,株式会社可以登楼,H17/11/30,旅館・ホテル,ホテル,,高島
旅館業,ホテル 可以登 ANNEX 別館,520-1631,高島市今津町名小路一 丁目,高島市今津町名小路一 丁目６－１０,６－１０,株式会社可以登楼,H28/02/05,簡易宿所,,,高島
旅館業,まきの館,520-1836,高島市マキノ町牧野,高島市マキノ町牧野２８６,２８６,,S30/02/01,旅館・ホテル,旅館,,高島
旅館業,まきの館 別館,520-1836,高島市マキノ町牧野,高島市マキノ町牧野２９７,２９７,,S60/08/03,旅館・ホテル,旅館,,高島
旅館業,ますや,520-1212,高島市安曇川町西万木,高島市安曇川町西万木２１７,２１７,,S62/04/23,旅館・ホテル,旅館,,高島
旅館業,まつなみ荘,520-1812,高島市マキノ町西浜,高島市マキノ町西浜７６３－１,７６３－１,,S50/04/01,旅館・ホテル,旅館,,高島
旅館業,まつなみ荘別館,520-1812,高島市マキノ町西浜,高島市マキノ町西浜１２９,１２９,,S52/07/13,旅館・ホテル,旅館,,高島
旅館業,みくに館,520-1836,高島市マキノ町牧野,高島市マキノ町牧野２４５－２,２４５－２,,S27/12/12,旅館・ホテル,旅館,,高島
旅館業,みくに館 山の家,520-1836,高島市マキノ町牧野,高島市マキノ町牧野９３８－３,９３８－３,,H05/04/27,旅館・ホテル,旅館,,高島
旅館業,みのりの館,520-1601,高島市今津町深清水,高島市今津町深清水赤坂川原谷２４０５－１ビラデ スト今津内,赤坂川原谷２４０５－１ビラデ スト今津内,公益財団法人ひばり,H12/07/11,簡易宿所,,,高島
旅館業,やまげん,520-1655,高島市今津町日置前,高島市今津町日置前３０２１,３０２１,,S38/12/21,簡易宿所,,,高島
旅館業,井上旅館,520-1811,高島市マキノ町海津,高島市マキノ町海津官有地無番地,官有地無番地,有限会社大崎井上,H10/06/15,旅館・ホテル,旅館,,高島
旅館業,一二三館,520-1836,高島市マキノ町牧野,高島市マキノ町牧野１８２，１８３,１８２，１８３,,H07/03/29,旅館・ホテル,旅館,,高島
旅館業,可以登楼,520-1217,高島市安曇川町田中,高島市安曇川町田中２５４,２５４,株式会社可以登楼,S42/07/31,旅館・ホテル,旅館,,高島
旅館業,丸よし,520-1621,高島市今津町今津,高島市今津町今津１１２,１１２,,H10/04/17,旅館・ホテル,旅館,,高島
旅館業,丸三旅館,520-1212,高島市安曇川町西万木,高島市安曇川町西万木１０４５－１,１０４５－１,有限会社丸三,H20/06/18,旅館・ホテル,旅館,,高島
旅館業,丸三旅館,520-1212,高島市安曇川町西万木,高島市安曇川町西万木１２０４－３,１２０４－３,有限会社丸三,H20/06/18,簡易宿所,,,高島
旅館業,丸善,520-1836,高島市マキノ町牧野,高島市マキノ町牧野２６３,２６３,,S55/07/10,簡易宿所,,,高島
旅館業,丸善（はなれ）,520-1836,高島市マキノ町牧野,高島市マキノ町牧野８８６－２,８８６－２,,H03/06/01,旅館・ホテル,旅館,,高島
旅館業,丸茂旅館,520-1623,高島市今津町住吉二丁 目,高島市今津町住吉二丁 目２－４,２－４,,H17/05/02,旅館・ホテル,旅館,,高島
旅館業,喜久屋 別館,520-1836,高島市マキノ町牧野,高島市マキノ町牧野３０６,３０６,,H18/08/23,旅館・ホテル,旅館,,高島
旅館業,義乃家,520-1655,高島市今津町日置前,高島市今津町日置前３３４２－２,３３４２－２,,S49/12/24,旅館・ホテル,旅館,,高島
旅館業,朽木ゴルフ倶楽部,520-1414,高島市朽木宮前坊,高島市朽木宮前坊６７－２１２,６７－２１２,株式会社朽木ゴルフ倶楽部,H05/04/21,旅館・ホテル,旅館,,高島
旅館業,朽木渓流魚センター,520-1431,高島市朽木小川,高島市朽木小川２３２,２３２,株式会社朽木渓流魚センター,H09/02/12,旅館・ホテル,旅館,,高島
旅館業,朽木村林業構造改善事業休養施設,520-1415,高島市朽木柏,高島市朽木柏３４１－３,３４１－３,一般財団法人高島まちおこし公社,S63/10/27,簡易宿所,,,高島
旅館業,魚治 湖里庵,520-1811,高島市マキノ町海津,高島市マキノ町海津２３０７,２３０７,有限会社魚治,H02/05/08,旅館・ホテル,旅館,,高島
旅館業,共栄荘,520-1101,高島市武曽横山,高島市武曽横山１４６８,１４６８,,S50/05/23,旅館・ホテル,旅館,,高島
旅館業,恵美寿荘,520-1121,高島市勝野,高島市勝野１５９３,１５９３,萩の浜観光有限会社,S49/12/24,旅館・ホテル,旅館,,高島
旅館業,幸乃家,520-1836,高島市マキノ町牧野,高島市マキノ町牧野１８１,１８１,,S55/02/08,旅館・ホテル,旅館,,高島
旅館業,高島市ガリバー青少年旅行村,520-1142,高島市鹿ケ瀬,高島市鹿ケ瀬９８７－１,９８７－１,,H19/03/27,簡易宿所,,,高島
旅館業,高島市森林公園くつきの森 自然研修センター やまね館,520-1451,高島市朽木麻生,高島市朽木麻生４４３,４４３,特定非営利活動法人麻生里山センター,R02/04/20,簡易宿所,,,高島
旅館業,高木浜荘,520-1812,高島市マキノ町西浜,高島市マキノ町西浜７６３－１,７６３－１,,S58/05/16,簡易宿所,,,高島
旅館業,今津サンブリッジホテル,520-1621,高島市今津町今津,高島市今津町今津１６８９－２,１６８９－２,杉橋興産株式会社,H06/09/29,旅館・ホテル,ホテル,,高島
旅館業,今津第一ホテル,520-1631,高島市今津町名小路一 丁目,高島市今津町名小路一 丁目６－１,６－１,株式会社前川,S52/06/13,旅館・ホテル,ホテル,,高島
旅館業,志賀屋,520-1836,高島市マキノ町牧野,高島市マキノ町牧野２８３,２８３,,S39/04/07,簡易宿所,,,高島
旅館業,想い出の森キャビン＆バンガロー,520-1415,高島市朽木柏,高島市朽木柏３４１－３,３４１－３,一般財団法人高島まちおこし公社,H04/09/08,簡易宿所,,,高島
旅館業,しがらき顕三陶芸倶楽部,529-1835,甲賀市信楽町長野,甲賀市信楽町長野７５５の１,７５５の１,有限会社小川顕三陶房,H15/09/03,簡易宿所,,,甲賀
旅館業,だいふく旅館,528-0038,甲賀市水口町新町一丁 目,甲賀市水口町新町一丁 目５－１９,５－１９,,R05/10/25,旅館・ホテル,,,甲賀
旅館業,ダイヤモンド滋賀,528-0208,甲賀市土山町黒川,甲賀市土山町黒川１７１１,１７１１,株式会社ダイヤモンドソサエティ,H16/03/29,旅館・ホテル,ホテル,,甲賀
旅館業,ビジネスホテルミクモ,520-3221,湖南市三雲,湖南市三雲１４９－１,１４９－１,株式会社池田産業,H03/05/02,旅館・ホテル,ホテル,,甲賀
旅館業,ビジネスホテル山水,520-3433,甲賀市甲賀町大原市場,甲賀市甲賀町大原市場３４５,３４５,株式会社山水園,S63/11/25,旅館・ホテル,ホテル,,甲賀
旅館業,ビジネス旅館天保閣,520-3221,湖南市三雲,湖南市三雲２６,２６,有限会社天保閣,H05/11/16,旅館・ホテル,旅館,,甲賀
旅館業,ペンション紫香楽,529-1835,甲賀市信楽町長野,甲賀市信楽町長野１１８５－２,１１８５－２,,S57/10/20,旅館・ホテル,旅館,,甲賀
旅館業,ペンション八雲,529-1803,甲賀市信楽町牧,甲賀市信楽町牧１２８２,１２８２,,H01/11/25,簡易宿所,,,甲賀
旅館業,ホテル レイクヴィラ,529-1821,甲賀市信楽町多羅尾,甲賀市信楽町多羅尾１番地,１番地,株式会社三栄開発,H17/08/08,旅館・ホテル,ホテル,,甲賀
旅館業,ホテルサンクレスト甲西,520-3254,湖南市岩根中央一丁目,湖南市岩根中央一丁目３３,３３,太陽産業株式会社,H05/06/25,旅館・ホテル,ホテル,,甲賀
旅館業,ホテルファインガーデン甲西店,520-3251,湖南市朝国,湖南市朝国１９８－１,１９８－１,エイエム興産株式会社,S60/02/01,旅館・ホテル,旅館,,甲賀
旅館業,やまりゅう,520-3254,湖南市岩根中央二丁目,湖南市岩根中央二丁目２０,２０,,H11/11/16,旅館・ホテル,旅館,,甲賀
旅館業,塩野温泉,520-3315,甲賀市甲南町塩野,甲賀市甲南町塩野２６９,２６９,,S32/07/15,旅館・ホテル,旅館,,甲賀
旅館業,宮乃温泉,520-3314,甲賀市甲南町杉谷,甲賀市甲南町杉谷３６４－１,３６４－１,,S26/01/09,旅館・ホテル,旅館,,甲賀
旅館業,魚兵楼,528-0031,甲賀市水口町本町二丁 目,甲賀市水口町本町二丁 目５－１７,５－１７,,S54/06/30,旅館・ホテル,旅館,,甲賀
旅館業,光雲荘,529-1804,甲賀市信楽町勅旨,甲賀市信楽町勅旨２１９６,２１９６,株式会社澤善,S58/06/06,旅館・ホテル,旅館,,甲賀
旅館業,甲西アートホテル,520-3234,湖南市中央一丁目,湖南市中央一丁目５１,５１,株式会社アミーズ・アート,H01/12/01,旅館・ホテル,ホテル,,甲賀
旅館業,甲南青少年研修センター,520-3321,甲賀市甲南町葛木,甲賀市甲南町葛木８７５番地,８７５番地,甲賀市,H16/07/01,簡易宿所,,,甲賀
旅館業,志乃め,528-0011,甲賀市水口町高塚,甲賀市水口町高塚７－２,７－２,,S42/10/05,旅館・ホテル,旅館,,甲賀
旅館業,小川亭,529-1835,甲賀市信楽町長野,甲賀市信楽町長野８７６番地,８７６番地,有限会社小川亭,S59/06/26,旅館・ホテル,旅館,,甲賀
旅館業,松本屋旅館,520-3323,甲賀市甲南町深川市場,甲賀市甲南町深川市場６４,６４,,S54/06/02,旅館・ホテル,旅館,,甲賀
旅館業,焼肉の店 生石,529-1804,甲賀市信楽町勅旨,甲賀市信楽町勅旨１５６９,１５６９,有限会社焼肉の店生石,H06/11/24,簡易宿所,,,甲賀
旅館業,信楽高原ホテル,529-1814,甲賀市信楽町田代,甲賀市信楽町田代７６７－１,７６７－１,信和ゴルフ株式会社,H17/10/27,旅館・ホテル,ホテル,,甲賀
旅館業,信楽第一ホテル,529-1811,甲賀市信楽町江田,甲賀市信楽町江田６１０－１,６１０－１,株式会社信楽第一ホテル,H04/03/12,旅館・ホテル,ホテル,,甲賀
旅館業,信楽陶芸村ペンションたぬき,529-1835,甲賀市信楽町長野,甲賀市信楽町長野１１０２－２,１１０２－２,,S55/12/13,旅館・ホテル,旅館,,甲賀
旅館業,水口センチュリーホテル,528-0035,甲賀市水口町名坂,甲賀市水口町名坂１７０－１,１７０－１,水口センチュリーホテル株式会社,H03/04/03,旅館・ホテル,ホテル,,甲賀
旅館業,青土ダムエコーバレイ,528-0221,甲賀市土山町青土,甲賀市土山町青土字石神１－２１,字石神１－２１,財団法人土山町緑のふるさと振興会,H15/11/01,簡易宿所,,,甲賀
旅館業,大甲賀カントリークラブロッジ,520-3413,甲賀市甲賀町油日,甲賀市甲賀町油日９１０,９１０,大場商事株式会社,S48/10/28,旅館・ホテル,旅館,,甲賀
旅館業,陶芸の森創作研修館,529-1804,甲賀市信楽町勅旨,甲賀市信楽町勅旨２１８８－７,２１８８－７,滋賀県,H04/06/30,旅館・ホテル,旅館,,甲賀
旅館業,平岡家,529-1835,甲賀市信楽町長野,甲賀市信楽町長野５１６－２８,５１６－２８,,S42/12/15,旅館・ホテル,旅館,,甲賀
旅館業,甲賀市勤労福祉会館,528-0051,甲賀市水口町北内貴,甲賀市水口町北内貴１－１,１－１,合同会社萬屋マネジメントサービス,H02/05/25,旅館・ホテル,旅館,,甲賀
旅館業,桝屋,528-0235,甲賀市土山町大野,甲賀市土山町大野２１６４,２１６４,,S64/01/01,旅館・ホテル,旅館,,甲賀
旅館業,味一旅館,520-3201,湖南市下田,湖南市下田２８５７,２８５７,,S52/06/18,簡易宿所,,,甲賀
旅館業,民宿壷屋,529-1803,甲賀市信楽町牧,甲賀市信楽町牧１６５８,１６５８,,S58/09/27,簡易宿所,,,甲賀
旅館業,旅館松月,520-3251,湖南市朝国,湖南市朝国１４９－１,１４９－１,,S62/10/07,旅館・ホテル,旅館,,甲賀
旅館業,料理旅館三福,528-0211,甲賀市土山町北土山,甲賀市土山町北土山２０４０－１,２０４０－１,,S60/08/12,旅館・ホテル,旅館,,甲賀
旅館業,旅籠屋 匠,528-0006,甲賀市水口町元町,甲賀市水口町元町６－６,６－６,,H21/09/30,簡易宿所,,,甲賀
旅館業,畦,528-0201,甲賀市土山町大河原,甲賀市土山町大河原８１９,８１９,,H22/02/19,簡易宿所,,,甲賀
旅館業,手づくり森の宿 いろり～な,529-1803,甲賀市信楽町牧,甲賀市信楽町牧下山１－１３０,下山１－１３０,,H23/12/16,簡易宿所,,,甲賀
旅館業,永久（とわ）,528-0202,甲賀市土山町鮎河,甲賀市土山町鮎河６５２,６５２,,H23/05/25,簡易宿所,,,甲賀
旅館業,重兵衞（じゅうべい）,528-0202,甲賀市土山町鮎河,甲賀市土山町鮎河１９６１,１９６１,,H23/06/23,簡易宿所,,,甲賀
旅館業,谷善（たにぜん）,528-0202,甲賀市土山町鮎河,甲賀市土山町鮎河９４４,９４４,,H23/10/11,簡易宿所,,,甲賀
旅館業,いこいの宿 高畑本店,529-1821,甲賀市信楽町多羅尾,甲賀市信楽町多羅尾１８４７,１８４７,,H23/12/28,簡易宿所,,,甲賀
旅館業,ホテルサンクレスト湖南,520-3254,湖南市岩根中央一丁目,湖南市岩根中央一丁目３３,３３,株式会社Ｔ＆Ｄ,H24/07/13,旅館・ホテル,ホテル,,甲賀
旅館業,大河原温泉 かもしか荘,528-0201,甲賀市土山町大河原,甲賀市土山町大河原１１０４,１１０４,甲賀市,H25/07/18,旅館・ホテル,旅館,,甲賀
旅館業,たなかや,529-1821,甲賀市信楽町多羅尾,甲賀市信楽町多羅尾２１０３,２１０３,,H25/04/09,簡易宿所,,,甲賀
旅館業,若宮の郷 神戸,528-0201,甲賀市土山町大河原,甲賀市土山町大河原１０７５,１０７５,,H25/11/13,簡易宿所,,,甲賀
旅館業,あや乃旅館,528-0032,甲賀市水口町八坂,甲賀市水口町八坂３－４１,３－４１,,H27/01/01,旅館・ホテル,旅館,,甲賀
旅館業,しがらき,529-1851,甲賀市信楽町長野,甲賀市信楽町長野１２６０－１,１２６０－１,,H27/03/04,簡易宿所,,,甲賀
旅館業,ホテルニューミフク,528-0033,甲賀市水口町綾野,甲賀市水口町綾野３－５９,３－５９,ミフクエステート株式会社,H29/01/12,旅館・ホテル,ホテル,,甲賀
旅館業,ホテル 古城,528-0017,甲賀市水口町京町,甲賀市水口町京町２－２,２－２,有限会社古城,H28/10/24,旅館・ホテル,旅館,,甲賀
旅館業,夢咲館,529-1804,甲賀市信楽町勅旨,甲賀市信楽町勅旨１７７４－４６,１７７４－４６,株式会社レブロカンパニー,H28/12/28,簡易宿所,,,甲賀
旅館業,多羅尾の家,529-1821,甲賀市信楽町多羅尾,甲賀市信楽町多羅尾２５８３,２５８３,サークルワークス株式会社,H29/04/21,簡易宿所,,,甲賀
旅館業,ホテルルートイン甲賀水口,528-0057,甲賀市水口町北脇,甲賀市水口町北脇２５４,２５４,ルートインジャパン株式会社,H30/03/07,旅館・ホテル,ホテル,,甲賀
旅館業,ドギーズパーク滋賀,528-0208,甲賀市土山町黒川,甲賀市土山町黒川１７１１,１７１１,株式会社ダイヤモンドソサエティ,H29/07/18,簡易宿所,,,甲賀
旅館業,信楽勅旨の里,529-1804,甲賀市信楽町勅旨,甲賀市信楽町勅旨３４９,３４９,株式会社大阪会計,H30/12/12,簡易宿所,,,甲賀
旅館業,ＡＢホテル湖南,520-3234,湖南市中央二丁目,湖南市中央二丁目９０,９０,ＡＢホテル株式会社,R02/11/20,旅館・ホテル,,,甲賀
旅館業,Ｔｈｅ Ｒｏｓｅ Ｖｉｌｌａｇｅ,529-1851,甲賀市信楽町長野,甲賀市信楽町長野１５３２－１４,１５３２－１４,サーガ株式会社,R03/09/29,簡易宿所,,,甲賀
旅館業,信楽ヴィラ,529-1803,甲賀市信楽町牧,甲賀市信楽町牧１０５８－１９,１０５８－１９,株式会社甲賀忍者,R03/10/15,簡易宿所,,,甲賀
旅館業,ホテル ジィニア,520-3252,湖南市岩根,湖南市岩根１６６８ー１,１６６８ー１,株式会社ミラージュ,R03/11/29,旅館・ホテル,,,甲賀
旅館業,瀬ノ音のりずむ,528-0223,甲賀市土山町瀬ノ音,甲賀市土山町瀬ノ音１９６,１９６,株式会社ジューワー,R06/06/06,簡易宿所,,,甲賀
旅館業,ＨＯＴＥＬ Ｒ９ Ｔｈｅ Ｙａｒｄ甲賀,520-3311,甲賀市甲南町竜法師,甲賀市甲南町竜法師３９８－１,３９８－１,株式会社デベロップ,R04/08/23,旅館・ホテル,,,甲賀
旅館業,ふるシェアの家 滋賀 信楽,529-1851,甲賀市信楽町長野,甲賀市信楽町長野７８８,７８８,株式会社インプリージョン,R04/07/15,簡易宿所,,,甲賀
旅館業,ＫＡＭＯＳＨＩＫＡ ＥＸ,528-0201,甲賀市土山町大河原,甲賀市土山町大河原１５２９－１,１５２９－１,株式会社かもしかリゾート,R04/10/25,簡易宿所,,,甲賀
旅館業,ＰＢ ＳＴＡＹ,520-3313,甲賀市甲南町新治,甲賀市甲南町新治２０３７－１,２０３７－１,株式会社ユーベスト,R05/05/24,旅館・ホテル,,,甲賀
旅館業,ＨＯＴＥＬ Ｒ９ Ｔｈｅ Ｙａｒｄ 湖南,520-3223,湖南市夏見,湖南市夏見２３５９,２３５９,株式会社デベロップ,R06/03/14,旅館・ホテル,,,甲賀
旅館業,アンドリゾート,528-0208,甲賀市土山町黒川,甲賀市土山町黒川１７１１,１７１１,株式会社ダイヤモンドソサエティ,R06/04/26,簡易宿所,,,甲賀
旅館業,信楽の里ハウス,529-1821,甲賀市信楽町多羅尾,甲賀市信楽町多羅尾１５７７,１５７７,株式会社デイリー社,R06/10/24,旅館・ホテル,,,甲賀
旅館業,信楽サウナ ＳＨＩＧＡＲＡＫＩ ＳＡＵＮＡ,529-1842,甲賀市信楽町下朝宮,甲賀市信楽町下朝宮４５７,４５７,株式会社ジーングロス,R07/02/04,簡易宿所,,,甲賀
旅館業,Ｈｅｒｉｔａｇｅ Ａｓａｍｉｙａ,529-1841,甲賀市信楽町上朝宮,甲賀市信楽町上朝宮１１４１,１１４１,,R07/12/12,簡易宿所,,,甲賀
旅館業,暁の宿,528-0012,甲賀市水口町暁,甲賀市水口町暁３－５１,３－５１,株式会社かねこ工務店,R08/04/28,簡易宿所,,,甲賀
旅館業,いち松旅館,529-1421,東近江市五個荘竜田町,東近江市五個荘竜田町１４８,１４８,,S47/10/18,旅館・ホテル,旅館,,東近江
旅館業,かわきや,527-0204,東近江市政所町,東近江市政所町１４０６－１,１４０６－１,,S52/04/11,旅館・ホテル,旅館,,東近江
旅館業,グリム冒険の森キャンプ場,529-1623,蒲生郡日野町熊野,蒲生郡日野町熊野４３１,４３１,日野町,H12/04/21,簡易宿所,,,東近江
旅館業,ビジネスグリーンホテル,527-0026,東近江市八日市野々宮 町,東近江市八日市野々宮 町２９０－１,２９０－１,日本興機株式会社,H10/10/22,旅館・ホテル,旅館,,東近江
旅館業,ビジネスグリーンホテル日野,529-1601,蒲生郡日野町松尾二丁 目,蒲生郡日野町松尾二丁 目１６,１６,日本興機株式会社,H14/03/01,旅館・ホテル,旅館,,東近江
旅館業,ビジネスホテル はざま,527-0027,東近江市栄町,東近江市栄町３－５,３－５,,H10/07/24,旅館・ホテル,旅館,,東近江
旅館業,ビジネスホテルまつもと,520-2572,蒲生郡竜王町西川,蒲生郡竜王町西川１２６２－３,１２６２－３,,S61/04/10,旅館・ホテル,旅館,,東近江
旅館業,ビジネスホテル西の庄,523-0816,近江八幡市西庄町,近江八幡市西庄町１２５２－２,１２５２－２,,S63/07/08,旅館・ホテル,旅館,,東近江
旅館業,ビジネス旅館はざま,527-0028,東近江市八日市金屋一 丁目,東近江市八日市金屋一 丁目２－１９,２－１９,,S63/08/08,旅館・ホテル,旅館,,東近江
旅館業,ファッションホテルプリンス３番館,527-0046,東近江市妙法寺町,東近江市妙法寺町１１０３,１１０３,株式会社光建築事務所,H02/12/05,旅館・ホテル,旅館,,東近江
旅館業,ふじた,527-0029,東近江市八日市町,東近江市八日市町２－３０,２－３０,,S42/07/01,旅館・ホテル,旅館,,東近江
旅館業,ふな吉,529-1601,蒲生郡日野町松尾,蒲生郡日野町松尾１５２１,１５２１,,S37/01/27,旅館・ホテル,旅館,,東近江
旅館業,コンフォートイン近江八幡,523-0891,近江八幡市鷹飼町,近江八幡市鷹飼町５１４－１,５１４－１,株式会社グリーンズ,H20/06/16,旅館・ホテル,ホテル,,東近江
旅館業,ペンション つるべ,527-0206,東近江市杠葉尾町,東近江市杠葉尾町１４５７,１４５７,,H05/07/16,簡易宿所,,,東近江
旅館業,コンフォートイン八日市,527-0045,東近江市中小路町,東近江市中小路町４９５－１,４９５－１,株式会社グリーンズ,H18/09/15,旅館・ホテル,ホテル,,東近江
旅館業,ホテルＮａＮａ,523-0004,近江八幡市西生来町,近江八幡市西生来町１８８２－１,１８８２－１,有限会社北国,S60/02/09,旅館・ホテル,旅館,,東近江
旅館業,ホテルニューオウミ,523-0891,近江八幡市鷹飼町,近江八幡市鷹飼町１４８１,１４８１,株式会社シルバーバックス・ホスピタリ ティマネジメント,H14/12/01,旅館・ホテル,ホテル,,東近江
旅館業,ホテルはちまん,523-0893,近江八幡市桜宮町,近江八幡市桜宮町２８５,２８５,有限会社ウィル,H10/05/20,旅館・ホテル,ホテル,,東近江
旅館業,ホテルメイフェア,527-0046,東近江市妙法寺町,東近江市妙法寺町７２２－１,７２２－１,株式会社ローリエ,H19/12/27,旅館・ホテル,旅館,,東近江
旅館業,ホテルリーベンデール,529-1444,東近江市五個荘石塚町,東近江市五個荘石塚町２５８,２５８,淡海商事株式会社,S57/07/21,旅館・ホテル,旅館,,東近江
旅館業,ホテル美融喜,529-1422,東近江市五個荘小幡町,東近江市五個荘小幡町７００,７００,有限会社ミユキー,S60/02/12,旅館・ホテル,旅館,,東近江
旅館業,ホテル六枚橋,523-0016,近江八幡市千僧供町,近江八幡市千僧供町字大橋６１７－１,字大橋６１７－１,,S62/12/12,旅館・ホテル,旅館,,東近江
旅館業,よしの里,523-0805,近江八幡市円山町,近江八幡市円山町６４１－１,６４１－１,,H11/02/17,旅館・ホテル,旅館,,東近江
旅館業,ログ村,527-0205,東近江市黄和田町,東近江市黄和田町２７５,２７５,,H12/06/15,簡易宿所,,,東近江
旅館業,愛郷の森 バンガロー,527-0213,東近江市和南町,東近江市和南町１５６３,１５６３,東近江市,H06/04/29,簡易宿所,,,東近江
旅館業,伊勢屋,527-0162,東近江市妹町,東近江市妹町１４９５－１，－３，１４９４ －３,１４９５－１，－３，１４９４ －３,有限会社伊勢屋,H03/10/22,旅館・ホテル,旅館,,東近江
旅館業,永源寺会館,527-0212,東近江市永源寺高野町,東近江市永源寺高野町４１,４１,宗教法人永源寺,S41/07/06,簡易宿所,,,東近江
旅館業,延命屋,527-0018,東近江市八日市清水二 丁目,東近江市八日市清水二 丁目４－５,４－５,,S50/02/26,旅館・ホテル,旅館,,東近江
旅館業,延命屋 別館,527-0018,東近江市八日市清水二 丁目,東近江市八日市清水二 丁目３－３,３－３,,S61/03/29,旅館・ホテル,旅館,,東近江
旅館業,近江八幡ユースホステル,523-0805,近江八幡市円山町,近江八幡市円山町６１０,６１０,,S42/02/17,簡易宿所,,,東近江
旅館業,希望が丘文化公園青年の城,520-2551,蒲生郡竜王町薬師,蒲生郡竜王町薬師１１７８,１１７８,滋賀県,S47/04/04,簡易宿所,,,東近江
旅館業,休暇村 近江八幡 西館,523-0801,近江八幡市沖島町,近江八幡市沖島町宮ケ浜官有地,宮ケ浜官有地,一般財団法人休暇村協会,S56/10/06,旅館・ホテル,旅館,,東近江
旅館業,休暇村 近江八幡 東館,523-0801,近江八幡市沖島町,近江八幡市沖島町宮ヶ浜,宮ヶ浜,一般財団法人休暇村協会,H10/07/03,旅館・ホテル,旅館,,東近江
旅館業,近江八幡ステーションホテル,523-0898,近江八幡市鷹飼町南三 丁目,近江八幡市鷹飼町南三 丁目３－９,３－９,株式会社近江八幡ステーションホテル,H06/02/23,旅館・ホテル,ホテル,,東近江
旅館業,山城荘,520-2573,蒲生郡竜王町鏡,蒲生郡竜王町鏡６５４,６５４,,S61/11/06,旅館・ホテル,旅館,,東近江
旅館業,滋賀農業公園畜産体験交流施設 まきばの館レーベン,529-1628,蒲生郡日野町西大路,蒲生郡日野町西大路３５８５,３５８５,株式会社北山レーベン,H10/04/24,旅館・ホテル,ホテル,,東近江
旅館業,寿恵乃家,527-0206,東近江市杠葉尾町,東近江市杠葉尾町,,,S50/04/07,旅館・ホテル,旅館,,東近江
旅館業,寿志屋,529-1603,蒲生郡日野町大窪,蒲生郡日野町大窪５３１,５３１,,S41/01/13,旅館・ホテル,旅館,,東近江
旅館業,松月旅館,529-1422,東近江市五個荘小幡町,東近江市五個荘小幡町４６７－２,４６７－２,,S48/02/06,旅館・ホテル,旅館,,東近江
旅館業,深山荘,527-0205,東近江市黄和田町,東近江市黄和田町２２６－２,２２６－２,,H17/06/10,簡易宿所,,,東近江
旅館業,真静院,523-0808,近江八幡市長命寺町,近江八幡市長命寺町１７１,１７１,,S41/07/14,旅館・ホテル,旅館,,東近江
旅館業,水郷荘,523-0808,近江八幡市長命寺町,近江八幡市長命寺町２３,２３,,S47/04/07,旅館・ホテル,旅館,,東近江
旅館業,霜錦館,527-0211,東近江市永源寺相谷町,東近江市永源寺相谷町９７９,９７９,,S56/02/18,旅館・ホテル,旅館,,東近江
旅館業,大宗館,523-0876,近江八幡市本町五丁目,近江八幡市本町五丁目８,８,,S38/06/11,旅館・ホテル,旅館,,東近江
旅館業,長栄荘,527-0073,東近江市蛇溝町,東近江市蛇溝町９９３,９９３,有限会社長栄荘,H04/02/27,旅館・ホテル,旅館,,東近江
旅館業,東近江市木地師やまの子の家,527-0201,東近江市蛭谷町,東近江市蛭谷町３４２番地２,３４２番地２,東近江市,H20/03/14,簡易宿所,,,東近江
旅館業,八日市グランドホテル,527-0033,東近江市東沖野一丁目,東近江市東沖野一丁目１－５,１－５,株式会社美好衣装店,S59/10/20,旅館・ホテル,ホテル,,東近江
旅館業,八日市ロイヤルホテル,527-0046,東近江市妙法寺町,東近江市妙法寺町６９０番地,６９０番地,株式会社八日市ロイヤルホテル,H09/03/10,旅館・ホテル,ホテル,,東近江
旅館業,板屋旅館,527-0012,東近江市八日市本町,東近江市八日市本町１４－４,１４－４,,S41/06/01,旅館・ホテル,旅館,,東近江
旅館業,福島屋旅館,529-1601,蒲生郡日野町松尾,蒲生郡日野町松尾１５７９,１５７９,,H14/01/07,旅館・ホテル,旅館,,東近江
旅館業,鮒幸,521-1351,近江八幡市安土町常楽 寺,近江八幡市安土町常楽 寺５９６,５９６,,S52/02/14,旅館・ホテル,旅館,,東近江
旅館業,兵四楼,523-0837,近江八幡市大杉町,近江八幡市大杉町１１,１１,,S35/04/08,旅館・ホテル,旅館,,東近江
旅館業,妙覚院,523-0808,近江八幡市長命寺町,近江八幡市長命寺町１０１,１０１,,S47/05/11,簡易宿所,,,東近江
旅館業,民宿 富士,523-0808,近江八幡市長命寺町,近江八幡市長命寺町３２,３２,,S51/07/26,簡易宿所,,,東近江
旅館業,旅館三和,529-1431,東近江市五個荘山本町,東近江市五個荘山本町７２２,７２２,有限会社三和興業,S46/07/10,旅館・ホテル,旅館,,東近江
旅館業,六橋亭,523-0015,近江八幡市上田町,近江八幡市上田町１５１－１,１５１－１,,S23/07/15,旅館・ホテル,旅館,,東近江
旅館業,アズイン東近江能登川駅前,521-1224,東近江市林町,東近江市林町２０,２０,フリックイン福井株式会社,H22/04/19,旅館・ホテル,ホテル,,東近江
旅館業,農家民宿 ぶんべえ,529-1612,蒲生郡日野町杉,蒲生郡日野町杉７９１,７９１,,H22/03/04,簡易宿所,,,東近江
旅館業,農家民宿 おいでやす,529-1615,蒲生郡日野町小野,蒲生郡日野町小野４４４－３、４４４－２、４４ ５－２,４４４－３、４４４－２、４４ ５－２,,H22/03/04,簡易宿所,,,東近江
旅館業,農家民宿 わたなべ,529-1661,蒲生郡日野町安部居,蒲生郡日野町安部居６９３－１,６９３－１,,H22/03/04,簡易宿所,,,東近江
旅館業,農家民宿 いさか,529-1615,蒲生郡日野町小野,蒲生郡日野町小野１７８,１７８,,H22/03/04,簡易宿所,,,東近江
旅館業,夢子 大中,523-0802,近江八幡市大中町,近江八幡市大中町７０,７０,,H22/02/15,簡易宿所,,,東近江
旅館業,八幡酒蔵工房,523-0861,近江八幡市仲屋町元,近江八幡市仲屋町元１,１,,H22/04/28,簡易宿所,,,東近江
旅館業,愛のまち さんしゅゆの宿,527-0166,東近江市愛東外町,東近江市愛東外町６８４－１,６８４－１,,H22/03/17,簡易宿所,,,東近江
旅館業,農家民宿 船長の宿,529-1628,蒲生郡日野町西大路,蒲生郡日野町西大路１３５３,１３５３,,H23/03/31,簡易宿所,,,東近江
旅館業,農家民宿 こもり,529-1608,蒲生郡日野町大谷,蒲生郡日野町大谷２３２,２３２,,H23/03/31,簡易宿所,,,東近江
旅館業,愛のまち 農家民宿 穂の香のしずく,527-0166,東近江市愛東外町,東近江市愛東外町７１６,７１６,,H23/03/24,簡易宿所,,,東近江
旅館業,愛のまち 百済の郷,527-0143,東近江市百済寺本町,東近江市百済寺本町６１３－３,６１３－３,,H23/03/24,簡易宿所,,,東近江
旅館業,農家民宿 ひまわり,529-1628,蒲生郡日野町西大路,蒲生郡日野町西大路１９６６,１９６６,,H24/03/22,簡易宿所,,,東近江
旅館業,田舎のお宿 ぴっかり,527-0164,東近江市青山町,東近江市青山町９４８,９４８,,H24/03/27,簡易宿所,,,東近江
旅館業,農家民宿 夘之助,529-1613,蒲生郡日野町川原,蒲生郡日野町川原１１２２,１１２２,,H24/11/14,簡易宿所,,,東近江
旅館業,ビジネスホテル シェル,523-0011,近江八幡市友定町,近江八幡市友定町４９４－１,４９４－１,ブーニー株式会社,H24/08/01,旅館・ホテル,ホテル,,東近江
旅館業,農家民宿 山中,529-1654,蒲生郡日野町小谷,蒲生郡日野町小谷５６７,５６７,,H25/01/31,簡易宿所,,,東近江
旅館業,農家民宿 金兵ヱ,529-1631,蒲生郡日野町鎌掛,蒲生郡日野町鎌掛２６５４,２６５４,,H25/03/11,簡易宿所,,,東近江
旅館業,農家民宿 岡蔵,529-1658,蒲生郡日野町中山,蒲生郡日野町中山１５６３,１５６３,,H25/03/11,簡易宿所,,,東近江
旅館業,農家民宿 Ｋ・Ｋハウス,529-1665,蒲生郡日野町野出,蒲生郡日野町野出８８５－１,８８５－１,,H25/03/26,簡易宿所,,,東近江
旅館業,農家民宿 気楽,529-1653,蒲生郡日野町三十坪,蒲生郡日野町三十坪１６０８,１６０８,,H25/03/26,簡易宿所,,,東近江
旅館業,グリーンホテル Ｙｅｓ 近江八幡,523-0894,近江八幡市中村町,近江八幡市中村町２１－６,２１－６,株式会社グリーンホテル,H25/07/01,旅館・ホテル,ホテル,,東近江
旅館業,ビジネス第一ホテル,523-0032,近江八幡市白鳥町,近江八幡市白鳥町４８－９,４８－９,日本興機株式会社,H25/09/20,旅館・ホテル,ホテル,,東近江
旅館業,農家民宿 丸池,529-1619,蒲生郡日野町佐久良,蒲生郡日野町佐久良３７９－２,３７９－２,,H26/06/09,簡易宿所,,,東近江
旅館業,農家民宿 七夕,529-1653,蒲生郡日野町三十坪,蒲生郡日野町三十坪１５５４,１５５４,,H26/06/09,簡易宿所,,,東近江
旅館業,農家民宿 たんぽぽ,529-1645,蒲生郡日野町十禅師,蒲生郡日野町十禅師４０６,４０６,,H26/06/09,簡易宿所,,,東近江
旅館業,農家民宿 民宿竹笛,529-1635,蒲生郡日野町迫,蒲生郡日野町迫１５９２,１５９２,,H26/08/06,簡易宿所,,,東近江
旅館業,農家民宿 たべもの探検の館 又兵衛,529-1615,蒲生郡日野町小野,蒲生郡日野町小野１０９,１０９,,H26/05/21,簡易宿所,,,東近江
旅館業,愛のまち 農家民宿 花の里,527-0171,東近江市池之尻町,東近江市池之尻町２７０,２７０,,H25/12/20,簡易宿所,,,東近江
旅館業,大本山 永源寺 庫裏,527-0212,東近江市永源寺高野町,東近江市永源寺高野町４１,４１,永源寺,H26/05/02,簡易宿所,,,東近江
旅館業,永源寺温泉 八風の湯,527-0212,東近江市永源寺高野町,東近江市永源寺高野町３５２,３５２,株式会社アヤハレ－クサイドホテル,H27/03/19,旅館・ホテル,旅館,,東近江
旅館業,妹背の里,520-2521,蒲生郡竜王町川守,蒲生郡竜王町川守５,５,公益財団法人竜王町地域振興事業団,H27/01/27,簡易宿所,,,東近江
旅館業,農家民宿 京政,529-1654,蒲生郡日野町小谷,蒲生郡日野町小谷５８２－２,５８２－２,,H29/01/16,簡易宿所,,,東近江
旅館業,ホテルルートイン東近江八日市駅前,527-0012,東近江市八日市本町,東近江市八日市本町１－１１,１－１１,ルートインジャパン株式会社,H29/03/06,旅館・ホテル,ホテル,,東近江
旅館業,農家民宿 ごとうや,529-1618,蒲生郡日野町鳥居平,蒲生郡日野町鳥居平１９４,１９４,,H29/01/16,簡易宿所,,,東近江
旅館業,愛のまち 農家民宿 木春菊の宿,527-0162,東近江市妹町,東近江市妹町５１９,５１９,,H29/06/27,簡易宿所,,,東近江
旅館業,ＡＢホテル 近江八幡,523-0891,近江八幡市鷹飼町,近江八幡市鷹飼町１４９８,１４９８,ＡＢホテル株式会社,H30/09/12,旅館・ホテル,ホテル,,東近江
旅館業,Ｌｉｔｔｌｅ Ｂｉｒｄｓ Ｈｏｓｔｅｌ,523-0862,近江八幡市仲屋町中,近江八幡市仲屋町中１２ スワイビル２F,１２ スワイビル２F,株式会社Ｗａｌｌａｂｙ,H29/09/27,簡易宿所,,,東近江
旅館業,永源寺温泉 八風の湯 別館２号棟,527-0212,東近江市永源寺高野町,東近江市永源寺高野町３５２,３５２,株式会社アヤハレ－クサイドホテル,H30/03/27,旅館・ホテル,旅館,,東近江
旅館業,農家民宿 みのりんぐ,529-1664,蒲生郡日野町蓮花寺,蒲生郡日野町蓮花寺９１０,９１０,,H29/10/06,簡易宿所,,,東近江
旅館業,農家民宿 篁,529-1605,蒲生郡日野町小井口,蒲生郡日野町小井口７７－４０,７７－４０,,H29/10/06,簡易宿所,,,東近江
旅館業,農家民宿 シゴル家,529-1617,蒲生郡日野町中之郷,蒲生郡日野町中之郷１１９２,１１９２,,H29/10/06,簡易宿所,,,東近江
旅館業,農家民宿 Ｓｕｎ Ｆｉｅｌｄ,529-1628,蒲生郡日野町西大路,蒲生郡日野町西大路１３８９,１３８９,,H29/10/06,簡易宿所,,,東近江
旅館業,農家民宿 もとえもん,529-1661,蒲生郡日野町安部居,蒲生郡日野町安部居７１８,７１８,,H29/10/06,簡易宿所,,,東近江
旅館業,漁家民宿 湖上荘,523-0801,近江八幡市沖島町,近江八幡市沖島町１６７,１６７,,H30/04/25,簡易宿所,,,東近江
旅館業,ゲストハウス澪,523-0872,近江八幡市玉木町一丁 目,近江八幡市玉木町一丁 目９,９,,H30/10/25,簡易宿所,,,東近江
旅館業,近江の町家 門,523-0871,近江八幡市新町四丁目,近江八幡市新町四丁目１４,１４,,H30/10/25,簡易宿所,,,東近江
旅館業,ホテル海老長,527-0022,東近江市八日市上之町,東近江市八日市上之町４４６－１,４４６－１,日本興機株式会社,H31/02/20,旅館・ホテル,,,東近江
旅館業,ステイ近江八幡 駅前イン,523-0891,近江八幡市鷹飼町,近江八幡市鷹飼町１５３３－２,１５３３－２,株式会社クリフサイド,H31/04/11,簡易宿所,,,東近江
旅館業,ＫＯＬＭＩＯ 近江八幡,523-0863,近江八幡市仲屋町上,近江八幡市仲屋町上９－２,９－２,株式会社Ｗａｌｌａｂｙ,H31/04/26,簡易宿所,,,東近江
旅館業,守貞別邸 千鳥,529-1604,蒲生郡日野町村井,蒲生郡日野町村井１３６５,１３６５,,R02/04/22,簡易宿所,,,東近江
旅館業,愛のまち農家民宿 かっちゃん,527-0156,東近江市上中野町,東近江市上中野町８５２,８５２,,R01/12/16,簡易宿所,,,東近江
旅館業,愛のまち農家民宿 きはちゃん,527-0227,東近江市石谷町,東近江市石谷町４８４,４８４,,R01/12/16,簡易宿所,,,東近江
旅館業,お宿 八幡邸,523-0894,近江八幡市中村町,近江八幡市中村町４７１－９,４７１－９,,R02/02/06,簡易宿所,,,東近江
旅館業,旅籠 八,523-0831,近江八幡市玉屋町,近江八幡市玉屋町６,６,ＷＯＲＫＳ株式会社,R02/09/25,簡易宿所,,,東近江
旅館業,薬水君 近江八幡,523-0826,近江八幡市薬師町,近江八幡市薬師町２－１,２－１,薬水君株式会社,R02/07/14,簡易宿所,,,東近江
旅館業,滋賀シアターアーツトレーニングセンター,527-0204,東近江市政所町,東近江市政所町１２６７,１２６７,株式会社ＹＴＪ,R02/08/13,簡易宿所,,,東近江
旅館業,近江八幡まちや倶楽部 ―文化と出会う、まちなかの宿,523-0862,近江八幡市仲屋町中,近江八幡市仲屋町中２１,２１,株式会社Ｗａｌｌａｂｙ,R02/12/25,旅館・ホテル,,,東近江
旅館業,じゅらく亭,523-0871,近江八幡市新町四丁目,近江八幡市新町四丁目４１,４１,,R03/03/15,簡易宿所,,,東近江
旅館業,八幡屋 別館,520-2521,蒲生郡竜王町川守,蒲生郡竜王町川守８０１－２,８０１－２,株式会社八幡屋,R03/05/26,旅館・ホテル,,,東近江
旅館業,日登美山荘,527-0204,東近江市政所町,東近江市政所町１６９１,１６９１,,R03/06/30,簡易宿所,,,東近江
旅館業,ＨＯＴＥＬ Ｒ９ Ｔｈｅ Ｙａｒｄ 東近江,529-1404,東近江市宮荘町,東近江市宮荘町１６０－２,１６０－２,株式会社デベロップ,R03/10/05,旅館・ホテル,,,東近江
旅館業,だれんち,527-0175,東近江市梅林町,東近江市梅林町９０,９０,ＮＰＯ法人愛のまちエコ倶楽部,R04/09/22,簡易宿所,,,東近江
旅館業,Ｒａｋｕｔｅｎ ＳＴＡＹ ＨＯＵＳＥ×ＷＩＬＬ ＳＴＹ ＬＥ 八幡堀,523-0821,近江八幡市多賀町,近江八幡市多賀町５８０－６、５８０－８,５８０－６、５８０－８,株式会社ジーエーピー,R03/11/01,簡易宿所,,,東近江
旅館業,ゲストハウス澪,523-0872,近江八幡市玉木町一丁 目,近江八幡市玉木町一丁 目９,９,株式会社ＬＯＣＵＳ,R03/12/14,簡易宿所,,,東近江
旅館業,永源寺温泉 八風の湯 別館２号棟,527-0212,東近江市永源寺高野町,東近江市永源寺高野町３５２,３５２,株式会社アヤハレークサイドホテル,R04/12/23,旅館・ホテル,,,東近江
旅館業,クレフィール湖東,527-0102,東近江市平柳町,東近江市平柳町２２－３,２２－３,センコーグループホールディングス株式会 社,R04/07/13,旅館・ホテル,,,東近江
旅館業,ゲストハウスあけくれ,527-0102,東近江市平柳町,東近江市平柳町２２－３,２２－３,センコーグループホールディングス株式会 社,R04/07/13,旅館・ホテル,,,東近江
旅館業,ＥＮＳＯ Ｒｅｓｉｄｅｎｃｅ,529-1441,東近江市五個荘川並町,東近江市五個荘川並町７９８,７９８,,R04/11/24,簡易宿所,,,東近江
旅館業,ゲストハウス 真,523-0825,近江八幡市新左衛門町,近江八幡市新左衛門町１１,１１,株式会社ＬＯＣＵＳ,R05/02/09,簡易宿所,,,東近江
旅館業,オーミルームズ,523-0892,近江八幡市出町,近江八幡市出町２３３－２ 淡海せぼねクリ ニック２階,２３３－２ 淡海せぼねクリ ニック２階,有限会社創研コーポレーション,R05/04/20,簡易宿所,,,東近江
旅館業,ＨＯＲＩＴＥＩ８,523-0828,近江八幡市宮内町,近江八幡市宮内町１６９－９,１６９－９,,R05/07/03,簡易宿所,,,東近江
旅館業,ＮＩＰＰＯＮＩＡ 五個荘 近江商人の町,529-1405,東近江市五個荘金堂町,東近江市五個荘金堂町６４５、６４３－２,６４５、６４３－２,株式会社いろは,R05/05/26,簡易宿所,,,東近江
旅館業,ホテル蒲生の郷、ドミトリー蒲生,529-1658,蒲生郡日野町中山,蒲生郡日野町中山浄光寺４６４、４６５,浄光寺４６４、４６５,センコーグループホールディングス株式会 社,R05/12/04,旅館・ホテル,,,東近江
旅館業,ほんまちホテル,527-0012,東近江市八日市本町,東近江市八日市本町１３－６,１３－６,株式会社ウィルコネクト,R06/03/26,簡易宿所,,,東近江
旅館業,Ｇｕｅｓｔ Ｈｏｕｓｅ 宿の夜夜,523-0821,近江八幡市多賀町,近江八幡市多賀町５９６－２,５９６－２,Ｓｕｍｍｉｔ株式会社,R06/06/26,簡易宿所,,,東近江
旅館業,きた川別邸 六花,529-1604,蒲生郡日野町村井,蒲生郡日野町村井１３６５,１３６５,シンコウメディカル株式会社,R06/05/01,旅館・ホテル,,,東近江
旅館業,ゲストハウス桜,523-0892,近江八幡市出町,近江八幡市出町４１１－９ ２階,４１１－９ ２階,株式会社Ｙ,R06/06/19,簡易宿所,,,東近江
旅館業,旅宿ありときりぎりす（Ｇｕｅｓｔ Ｈｏｕｓｅ ＡＲＩ ｔｏ ＫＩＲＩＧＩＲＩＳＵ）,523-0892,近江八幡市出町,近江八幡市出町１２２－１１,１２２－１１,,R06/11/11,簡易宿所,,,東近江
旅館業,近江八幡市池田町宿所,523-0877,近江八幡市池田町四丁 目,近江八幡市池田町四丁 目１３,１３,合同会社ＳＲＥ,R07/02/26,簡易宿所,,,東近江
旅館業,近江八幡市宮内町宿所,523-0828,近江八幡市宮内町,近江八幡市宮内町１７２－９,１７２－９,合同会社ＳＲＥ,R07/02/26,簡易宿所,,,東近江
旅館業,Ｇｏｏｄ ＢＡＳＥ 近江八幡 出町 ＯＮＥ,523-0892,近江八幡市出町,近江八幡市出町４１７－４,４１７－４,ＡＬＬ・ＩＮ株式会社,R07/09/25,簡易宿所,,,東近江
旅館業,Ｇｏｏｄ ＢＡＳＥ 近江八幡 出町 ＴＷＯ,523-0892,近江八幡市出町,近江八幡市出町４１７－２３,４１７－２３,ＡＬＬ・ＩＮ株式会社,R07/09/25,簡易宿所,,,東近江
旅館業,休暇村近江八幡 キャンプ場,523-0801,近江八幡市沖島町,近江八幡市沖島町宮ヶ浜,宮ヶ浜,一般財団法人休暇村協会,R07/04/18,簡易宿所,,,東近江
旅館業,Ｇｕｅｓｔ Ｈｏｕｓｅ 夢圓,523-0806,近江八幡市北之庄町,近江八幡市北之庄町１０９４－３,１０９４－３,Ｓｕｍｍｉｔ株式会社,R07/06/25,簡易宿所,,,東近江
旅館業,Ｇｕｅｓｔ Ｈｏｕｓｅ 庭音日和,523-0892,近江八幡市出町,近江八幡市出町６２１,６２１,Ｓｕｍｍｉｔ株式会社,R07/10/14,簡易宿所,,,東近江
旅館業,リバーサイドグランピングＮｕｔｓ,527-0206,東近江市杠葉尾町,東近江市杠葉尾町８８,８８,株式会社Ｚｅｄｄ,R07/07/14,簡易宿所,,,東近江
旅館業,旅宿 信長と忍者（Ｇｕｅｓｔ Ｈｏｕｓｅ ＮＯＢＵＮＡ ＧＡ ｔｏ ＮＩＮＪＡ）,523-0892,近江八幡市出町,近江八幡市出町４２３－１０,４２３－１０,,R08/01/14,簡易宿所,,,東近江
旅館業,ＨＯＴＥＬ Ｒ９ Ｔｈｅ Ｙａｒｄ 蒲生日野,529-1601,蒲生郡日野町松尾,蒲生郡日野町松尾９３４－１,９３４－１,株式会社デベロップ,R07/12/03,旅館・ホテル,,,東近江
旅館業,ゲストハウス 結,523-0821,近江八幡市多賀町,近江八幡市多賀町６２１－１,６２１－１,株式会社ＬＯＣＵＳ,R08/01/27,簡易宿所,,,東近江
旅館業,日牟禮乃宿,523-0873,近江八幡市正神町,近江八幡市正神町１５,１５,株式会社Ｙ,R08/01/21,簡易宿所,,,東近江
旅館業,雪野山史跡広場 妹背の里,520-2521,蒲生郡竜王町川守,蒲生郡竜王町川守５,５,公益財団法人竜王町地域振興事業団,R08/03/18,簡易宿所,,,東近江
旅館業,旅宿 月とかぐや（Ｇｕｅｓｔ Ｈｏｕｓｅ ＴＳＵＫＩ ｔｏ ＫＡＧＵＹＡ）,523-0891,近江八幡市鷹飼町,近江八幡市鷹飼町８３０－４２,８３０－４２,,R08/05/01,簡易宿所,,,東近江
旅館業,Ｎｕｔｓｂｅｒｒｙ Ｒｅｓｏｒｔ,527-0206,東近江市杠葉尾町,東近江市杠葉尾町８６－１,８６－１,,R08/04/15,簡易宿所,,,東近江
旅館業,休暇村近江八幡 キャンプ場,523-0801,近江八幡市沖島町,近江八幡市沖島町宮ヶ浜,宮ヶ浜,一般財団法人休暇村協会,R08/04/24,簡易宿所,,,東近江
旅館業,別邸 九,523-0828,近江八幡市宮内町,近江八幡市宮内町１－１,１－１,ＷＯＲＫＳ株式会社,R08/06/01,簡易宿所,,,東近江
旅館業,ウエストコースト,522-0006,彦根市佐和山町,彦根市佐和山町字山田２１４,字山田２１４,,S60/07/20,旅館・ホテル,ホテル,,彦根
旅館業,ガーデンホテルぎおん,522-0021,彦根市幸町,彦根市幸町７６,７６,有限会社アヴァウト,H03/08/08,旅館・ホテル,ホテル,,彦根
旅館業,かぎ楼,522-0341,犬上郡多賀町多賀,犬上郡多賀町多賀６５３,６５３,有限会社かぎ楼,S36/08/19,旅館・ホテル,旅館,,彦根
旅館業,コニカミノルタ健康保険組合 びわ湖保養所,521-1136,彦根市新海浜一丁目,彦根市新海浜一丁目９,９,コニカミノルタ健康保険組合,S59/07/25,旅館・ホテル,旅館,,彦根
旅館業,アパホテル〈彦根南〉,522-0041,彦根市平田町,彦根市平田町５１１,５１１,有限会社セキーグチ,H06/01/21,旅館・ホテル,ホテル,,彦根
旅館業,スーパーホテル南彦根駅前,522-0043,彦根市小泉町,彦根市小泉町１３３－１,１３３－１,株式会社ス－パ－ホテル,H13/03/08,旅館・ホテル,ホテル,,彦根
旅館業,タカタビブラートハウス,521-1135,彦根市新海町,彦根市新海町４０１,４０１,有限責任中間法人タカタビブラートハウス,H16/09/01,旅館・ホテル,ホテル,,彦根
旅館業,とばや旅館,522-0083,彦根市河原三丁目,彦根市河原三丁目１－２３,１－２３,,S54/06/11,旅館・ホテル,旅館,,彦根
旅館業,＃ひさのや,522-0075,彦根市佐和町,彦根市佐和町４－２１,４－２１,,S49/10/18,旅館・ホテル,旅館,,彦根
旅館業,ビジネスホテルくらま,529-1171,犬上郡豊郷町安食西,犬上郡豊郷町安食西字桶哉９２０－２，９２１－２,字桶哉９２０－２，９２１－２,株式会社くらま,H03/12/07,旅館・ホテル,ホテル,,彦根
旅館業,ビジネスホテル近江,522-0074,彦根市大東町,彦根市大東町２－３５,２－３５,,S53/07/25,旅館・ホテル,旅館,,彦根
旅館業,ビジネスホテル彦根,522-0009,彦根市外町,彦根市外町字備後１６９－１，１７０－１,字備後１６９－１，１７０－１,株式会社イーグル,S54/12/12,旅館・ホテル,ホテル,,彦根
旅館業,清瀧旅館,522-0083,彦根市河原二丁目,彦根市河原二丁目７－１０,７－１０,有限会社清瀧,H06/04/06,旅館・ホテル,旅館,,彦根
旅館業,ファッションホテル プリンス,522-0012,彦根市甲田町,彦根市甲田町２５９,２５９,有限会社晃萬,H18/02/20,旅館・ホテル,旅館,,彦根
旅館業,ホテル リッド,522-0002,彦根市松原町,彦根市松原町１４３５－８,１４３５－８,株式会社ベ－ル,H13/02/22,旅館・ホテル,旅館,,彦根
旅館業,ホテルサンヴィラ,529-1314,愛知郡愛荘町中宿,愛知郡愛荘町中宿東導寺１５４－２，１５８，１ ５９－１，１６０－１,東導寺１５４－２，１５８，１ ５９－１，１６０－１,エスケイ興産株式会社,S61/09/25,旅館・ホテル,旅館,,彦根
旅館業,ホテルサンルート彦根,522-0073,彦根市旭町,彦根市旭町９―１４,９―１４,株式会社ティーアールシー,H17/01/14,旅館・ホテル,ホテル,,彦根
旅館業,ホテルレイクランド彦根,522-0054,彦根市西今町,彦根市西今町６２－２,６２－２,株式会社びわこオアシス,H19/03/27,旅館・ホテル,ホテル,,彦根
旅館業,ホテルロイヤルナイト,522-0006,彦根市佐和山町,彦根市佐和山町山田２１０,山田２１０,有限会社いのうえ,S60/02/12,旅館・ホテル,旅館,,彦根
旅館業,一茶,529-1331,愛知郡愛荘町愛知川,愛知郡愛荘町愛知川２－４,２－４,,S57/06/30,旅館・ホテル,旅館,,彦根
旅館業,湖畔亭,522-0002,彦根市松原町,彦根市松原町網代口１２４６－１５,網代口１２４６－１５,,S51/11/18,旅館・ホテル,旅館,,彦根
旅館業,財団法人彦根青少年研修所,522-0007,彦根市古沢町,彦根市古沢町１１０４,１１０４,財団法人彦根青少年研修所,S48/07/26,旅館・ホテル,旅館,,彦根
旅館業,滋賀県立スポーツ会館,522-0002,彦根市松原町,彦根市松原町３０２８,３０２８,滋賀県,S53/05/16,簡易宿所,,,彦根
旅館業,小川荘,522-0066,彦根市栄町二丁目,彦根市栄町二丁目３９５－４，４０９－２,３９５－４，４０９－２,,S57/01/19,下宿,,,彦根
旅館業,人形の館,522-0006,彦根市佐和山町,彦根市佐和山町１９１－２,１９１－２,有限会社いのうえ,S60/02/12,旅館・ホテル,旅館,,彦根
旅館業,竹平楼,529-1331,愛知郡愛荘町愛知川,愛知郡愛荘町愛知川１６０８,１６０８,有限会社竹平楼,S37/10/08,旅館・ホテル,旅館,,彦根
旅館業,南彦根ステーションホテル,522-0043,彦根市小泉町,彦根市小泉町２８９，２９０,２８９，２９０,株式会社南彦根ステーションホテル,H05/07/23,旅館・ホテル,ホテル,,彦根
旅館業,琵琶湖コンファレンスセンター,521-1136,彦根市新海浜二丁目,彦根市新海浜二丁目１－１,１－１,株式会社マムズ,H08/10/25,旅館・ホテル,ホテル,,彦根
旅館業,彦根アートホテル,522-0201,彦根市高宮町,彦根市高宮町１７０７－１,１７０７－１,株式会社Ｎｅｘｔ．Ｋ,H08/03/28,旅館・ホテル,ホテル,,彦根
旅館業,彦根キャッスル リゾート＆スパ,522-0075,彦根市佐和町,彦根市佐和町１－８,１－８,株式会社一圓興産,H09/04/08,旅館・ホテル,ホテル,,彦根
旅館業,彦根ステーションホテル,522-0007,彦根市古沢町,彦根市古沢町６７７,６７７,清栄商事株式会社,S62/09/14,旅館・ホテル,旅館,,彦根
旅館業,別館うお繁,522-0058,彦根市須越町,彦根市須越町針兼１１５４－２,針兼１１５４－２,,S53/06/30,簡易宿所,,,彦根
旅館業,味吉屋,529-1331,愛知郡愛荘町愛知川,愛知郡愛荘町愛知川１６０９,１６０９,,S33/07/23,旅館・ホテル,旅館,,彦根
旅館業,びわ湖畔 味覚の宿 双葉荘,522-0002,彦根市松原町,彦根市松原町１３７７,１３７７,有限会社双葉荘,H06/08/10,旅館・ホテル,旅館,,彦根
旅館業,料亭旅館やす井,522-0082,彦根市安清町,彦根市安清町１３－２６,１３－２６,株式会社粋屋やす井,H08/05/08,旅館・ホテル,旅館,,彦根
旅館業,林旅館,522-0058,彦根市須越町,彦根市須越町１２９５,１２９５,,S44/11/01,旅館・ホテル,旅館,,彦根
旅館業,ホテルルートイン彦根,522-0027,彦根市東沼波町,彦根市東沼波町１１１－３,１１１－３,ルートインジャパン株式会社,H20/12/16,旅館・ホテル,ホテル,,彦根
旅館業,ビジネスホテル 大和,522-0021,彦根市幸町,彦根市幸町７６,７６,株式会社57企画,H21/03/30,旅館・ホテル,ホテル,,彦根
旅館業,コンフォートホテル彦根,522-0007,彦根市古沢町,彦根市古沢町１５５,１５５,株式会社グリーンズ,H21/04/13,旅館・ホテル,ホテル,,彦根
旅館業,ファミリーロッジ旅籠屋・彦根店,529-1303,愛知郡愛荘町長野,愛知郡愛荘町長野１３－１,１３－１,株式会社旅籠屋,H21/04/15,旅館・ホテル,ホテル,,彦根
旅館業,ホテル エスタシオンひこね,522-0073,彦根市旭町,彦根市旭町８－３１,８－３１,合同会社ホテルエスタシオン,H21/05/12,旅館・ホテル,ホテル,,彦根
旅館業,ビジネス旅館 近江屋,529-1331,愛知郡愛荘町愛知川,愛知郡愛荘町愛知川８８３,８８３,有限会社近江屋,H21/12/25,旅館・ホテル,旅館,,彦根
旅館業,ＨＯＴＥＬ ＯＷＬ,522-0006,彦根市佐和山町,彦根市佐和山町２５７－１,２５７－１,株式会社ジャパン観光,H22/04/06,旅館・ホテル,ホテル,,彦根
旅館業,レストイン多賀,522-0342,犬上郡多賀町敏満寺,犬上郡多賀町敏満寺６６－３６,６６－３６,株式会社グリーンズ,H22/11/02,簡易宿所,,,彦根
旅館業,ホテル 憩,522-0002,彦根市松原町,彦根市松原町１４３０,１４３０,株式会社サルビア,H22/12/21,旅館・ホテル,旅館,,彦根
旅館業,ゲストハウス無我,522-0087,彦根市芹橋一丁目,彦根市芹橋一丁目４－４１,４－４１,,H25/08/12,簡易宿所,,,彦根
旅館業,関西大学 彦根荘,522-0057,彦根市八坂町,彦根市八坂町２０７１－７,２０７１－７,学校法人関西大学,H25/12/13,簡易宿所,,,彦根
旅館業,ホテル ビワドッグ,521-1135,彦根市新海町,彦根市新海町３２６０,３２６０,株式会社シルバーバックス・ホスピタリ ティマネジメント,H26/08/25,旅館・ホテル,ホテル,,彦根
旅館業,高取山ふれあい公園,522-0335,犬上郡多賀町藤瀬,犬上郡多賀町藤瀬１０９０,１０９０,多賀町,H07/07/21,簡易宿所,,,彦根
旅館業,本町宿,522-0064,彦根市本町三丁目,彦根市本町三丁目３－５５,３－５５,特定非営利活動法人ひこね文化デザイン フォーラム,H28/02/24,旅館・ホテル,旅館,,彦根
旅館業,＊彦根びわこホテル,522-0041,彦根市平田町,彦根市平田町６３,６３,彦根びわこホテル株式会社,H28/11/28,旅館・ホテル,ホテル,,彦根
旅館業,彦根びわこホテル簡易宿泊所,522-0041,彦根市平田町,彦根市平田町６３,６３,彦根びわこホテル株式会社,H29/03/31,簡易宿所,,,彦根
旅館業,東横ＩＮＮ彦根駅東口,522-0010,彦根市駅東町,彦根市駅東町２－１,２－１,株式会社東横イン,H30/01/11,旅館・ホテル,ホテル,,彦根
旅館業,ＡＢホテル彦根,522-0074,彦根市大東町,彦根市大東町５－９,５－９,ＡＢホテル株式会社,R02/09/29,旅館・ホテル,,,彦根
旅館業,庵－ラピス本町,522-0064,彦根市本町一丁目,彦根市本町一丁目８－１９,８－１９,有限会社オフィシエイトＤＣ,R01/10/10,簡易宿所,,,彦根
旅館業,ＧＵＥＳＴ ＨＯＵＳＥ 名残屋,522-0066,彦根市栄町二丁目,彦根市栄町二丁目６－２４,６－２４,,R03/09/29,簡易宿所,,,彦根
旅館業,彦根ゲストハウス淡夢,522-0064,彦根市本町一丁目,彦根市本町一丁目２－１,２－１,,R04/04/05,簡易宿所,,,彦根
旅館業,亀の井ホテル 彦根,522-0002,彦根市松原町,彦根市松原町３７５９,３７５９,アイコニア・ホスピタリティ株式会社,R04/04/05,旅館・ホテル,,,彦根
旅館業,蒼の湖邸 ＢＩＷＡＦＲＯＮＴ ＨＩＫＯＮＥ,522-0002,彦根市松原町,彦根市松原町１４３５－９１,１４３５－９１,株式会社ビワフロント彦根,R05/08/04,旅館・ホテル,,,彦根
旅館業,古民家改修簡易宿所「おむすび」,529-1165,犬上郡豊郷町吉田,犬上郡豊郷町吉田１９０,１９０,,R05/03/06,簡易宿所,,,彦根
旅館業,ＣａＳａ Ｅ・Ｈ,522-0074,彦根市大東町,彦根市大東町７－２０,７－２０,合同会社ホテルエスタシオン,R05/03/31,簡易宿所,,,彦根
旅館業,Ｓａｌａ Ｅｓｔａｃｉｏｎ,522-0075,彦根市佐和町,彦根市佐和町２１４,２１４,合同会社ホテルエスタシオン,R05/03/31,簡易宿所,,,彦根
旅館業,貸別荘 せせらぎ,522-0271,犬上郡甲良町下之郷,犬上郡甲良町下之郷１６０２,１６０２,株式会社けんそう,R05/07/10,簡易宿所,,,彦根
旅館業,がてんの宿 彦根ＴＳ,522-0004,彦根市鳥居本町,彦根市鳥居本町２３３７－１,２３３７－１,株式会社フューチャーライフ,R05/11/30,簡易宿所,,,彦根
旅館業,Ｔｒａｉｌ ｉｎｎ 彦根城,522-0002,彦根市松原町,彦根市松原町１８３６－１,１８３６－１,株式会社ヒーローライフカンパニー,R06/07/22,旅館・ホテル,,,彦根
旅館業,彦根びわこホテル簡易宿泊所,522-0041,彦根市平田町,彦根市平田町６３,６３,ＢＳＬ株式会社,R06/09/30,旅館・ホテル,,,彦根
旅館業,ＣＨＡＲＩ3,522-0087,彦根市芹橋二丁目,彦根市芹橋二丁目２－５６,２－５６,,R07/01/06,旅館・ホテル,,,彦根
旅館業,ゲストハウス彦根銀座,522-0083,彦根市河原二丁目,彦根市河原二丁目２－３７,２－３７,株式会社Ｙ,R06/11/28,簡易宿所,,,彦根
旅館業,ＬＡＫＥ ｖｉｌｌａ ＣＨＩＴＯＳＥ,522-0002,彦根市松原二丁目,彦根市松原二丁目４－１３,４－１３,株式会社ＣＨＩＴＯＳＥ,R07/06/18,簡易宿所,,,彦根
旅館業,ＨＡＴＡＧＯ ＨＩＫＯＮＥ,522-0064,彦根市本町二丁目,彦根市本町二丁目４－２３,４－２３,株式会社一圓興産,R07/07/10,旅館・ホテル,,,彦根
旅館業,Ｂ・ｈｏｍｅ彦根地蔵,522-0029,彦根市地蔵町,彦根市地蔵町５３７,５３７,ビームアールイーマネジメント株式会社,R07/04/17,簡易宿所,,,彦根
旅館業,ＨＡＴＡＧＯ ＨＩＫＯＮＥ 別邸,522-0064,彦根市本町二丁目,彦根市本町二丁目１－３,１－３,株式会社一圓興産,R07/08/19,旅館・ホテル,,,彦根
旅館業,中山道愛知川宿街道交流館,529-1331,愛知郡愛荘町愛知川,愛知郡愛荘町愛知川３８－２,３８－２,一般社団法人愛荘町観光協会,R07/09/16,旅館・ホテル,,,彦根
旅館業,彦根びわこホテル,522-0041,彦根市平田町,彦根市平田町６３,６３,ＢＳＬ株式会社,R07/12/12,旅館・ホテル,,,彦根
旅館業,彦根レイクサイドリゾート,521-1135,彦根市新海町,彦根市新海町２１９４,２１９４,株式会社橋本建設,R08/03/13,旅館・ホテル,,,彦根
旅館業,Ｐｒｉｖａｔｅ Ｖｉｌｌａ やす井別邸,522-0082,彦根市安清町,彦根市安清町３２０,３２０,株式会社粋屋やす井,R08/05/22,旅館・ホテル,,,彦根
旅館業,ＧＦＣ奥琵琶湖レイクシア,529-0721,長浜市西浅井町大浦,長浜市西浅井町大浦１９９０－２,１９９０－２,株式会社グリーンフィールド,H01/07/14,旅館・ホテル,旅館,,長浜
旅館業,アルバトロス一号館,521-0202,米原市柏原,米原市柏原伊屋谷７,伊屋谷７,株式会社ケイテイシ－,H03/07/03,簡易宿所,,,長浜
旅館業,エクシブ琵琶湖,521-0004,米原市磯,米原市磯１４７７－２,１４７７－２,リゾートトラスト株式会社,H09/03/21,旅館・ホテル,ホテル,,長浜
旅館業,おおくら,526-0113,長浜市南浜町,長浜市南浜町１１３０－５,１１３０－５,,H11/08/01,簡易宿所,,,長浜
旅館業,ことぶき旅館,526-0032,長浜市南高田町,長浜市南高田町６－５,６－５,,H08/02/08,旅館・ホテル,旅館,,長浜
旅館業,ことぶき旅館,526-0032,長浜市南高田町,長浜市南高田町６－５,６－５,有限会社昭寿,S64/01/01,旅館・ホテル,旅館,,長浜
旅館業,セレマ ホテル 木之本,529-0425,長浜市木之本町木之本,長浜市木之本町木之本１６１８－３,１６１８－３,株式会社セレマ,H18/12/21,旅館・ホテル,ホテル,,長浜
旅館業,ノーザンライツ,529-0721,長浜市西浅井町大浦,長浜市西浅井町大浦１８０２－９,１８０２－９,,H12/01/19,簡易宿所,,,長浜
旅館業,ビジネスホテル ビーチ,526-0065,長浜市公園町,長浜市公園町６－２８,６－２８,有限会社丸豊,S61/04/05,旅館・ホテル,旅館,,長浜
旅館業,ビジネスホテルいずみ,526-0031,長浜市八幡東町,長浜市八幡東町２２４,２２４,株式会社イトウ,H10/08/07,旅館・ホテル,ホテル,,長浜
旅館業,ビジネスホテル風遊館,526-0031,長浜市八幡東町,長浜市八幡東町２２５、２２５－３,２２５、２２５－３,株式会社イトウ,H10/06/25,旅館・ホテル,ホテル,,長浜
旅館業,ビジネス旅館 多賀,529-0341,長浜市湖北町速水,長浜市湖北町速水１５７５,１５７５,,S55/07/02,簡易宿所,,,長浜
旅館業,ビジネス旅館 浜,526-0031,長浜市八幡東町,長浜市八幡東町４４１,４４１,中居産業株式会社,S53/02/01,旅館・ホテル,旅館,,長浜
旅館業,ふじ石亭,526-0056,長浜市朝日町,長浜市朝日町４７，４８,４７，４８,株式会社ふじ石亭,H17/11/11,簡易宿所,,,長浜
旅館業,ペンションいぶき,521-0312,米原市上野,米原市上野９８３－１,９８３－１,,H02/08/11,旅館・ホテル,旅館,,長浜
旅館業,ホテル あずさ,521-0211,米原市梓河内,米原市梓河内１０７６－１他,１０７６－１他,有限会社あずさ,S60/02/01,旅館・ホテル,旅館,,長浜
旅館業,ホテル ナインハーフ,526-0047,長浜市下坂浜町,長浜市下坂浜町２４８－１２,２４８－１２,有限会社ホテル鴨,S61/04/17,旅館・ホテル,旅館,,長浜
旅館業,隠宿凛,521-0013,米原市梅ケ原,米原市梅ケ原２８０－１,２８０－１,有限会社ベルサイユ,H02/01/29,旅館・ホテル,旅館,,長浜
旅館業,ホテル マドンナ,521-0211,米原市梓河内,米原市梓河内１０３１－１,１０３１－１,有限会社ヤマツー,H10/04/23,旅館・ホテル,ホテル,,長浜
旅館業,ホテル ラ・ピラミッド,529-0205,長浜市高月町唐川,長浜市高月町唐川１１１０,１１１０,新木産業株式会社,H13/04/13,簡易宿所,,,長浜
旅館業,ホテル リスボン,521-0031,米原市一色,米原市一色１－５,１－５,有限会社駒グル－プ,H07/06/05,旅館・ホテル,旅館,,長浜
旅館業,ホテルルートイン長浜インター,526-0804,長浜市加納町,長浜市加納町８８４－１,８８４－１,ルートインジャパン株式会社,H19/11/19,旅館・ホテル,ホテル,,長浜
旅館業,ホテル 米原,521-0013,米原市梅ケ原,米原市梅ケ原１４１８－１,１４１８－１,,S42/10/23,旅館・ホテル,旅館,,長浜
旅館業,ホテルステーション,526-0058,長浜市南呉服町,長浜市南呉服町３２２,３２２,,S55/02/21,簡易宿所,,,長浜
旅館業,ホテルレストランスター,521-0202,米原市柏原,米原市柏原,,,H04/06/09,簡易宿所,,,長浜
旅館業,ホテル余呉高原リゾート,529-0531,長浜市余呉町中河内,長浜市余呉町中河内３７３,３７３,株式会社マルア興産,H02/12/28,旅館・ホテル,ホテル,,長浜
旅館業,まさご旅館,529-0706,長浜市西浅井町余,長浜市西浅井町余２３７－２,２３７－２,,S50/05/07,旅館・ホテル,旅館,,長浜
旅館業,みかどや,521-0312,米原市上野,米原市上野１０９７,１０９７,,H10/11/16,旅館・ホテル,旅館,,長浜
旅館業,みことや,521-0312,米原市上野,米原市上野６８３,６８３,,S59/06/06,簡易宿所,,,長浜
旅館業,よしや,529-0726,長浜市西浅井町菅浦,長浜市西浅井町菅浦１７０,１７０,,S51/01/06,旅館・ホテル,旅館,,長浜
旅館業,ラダー,529-0721,長浜市西浅井町大浦,長浜市西浅井町大浦１８２４,１８２４,,H11/04/28,簡易宿所,,,長浜
旅館業,リゾートホテル伊吹平,521-0322,米原市杉澤,米原市杉澤５１４－３,５１４－３,,S60/04/22,旅館・ホテル,ホテル,,長浜
旅館業,ロッジ 山,521-0312,米原市上野,米原市上野伊吹山１８５５－２３,伊吹山１８５５－２３,,H10/06/01,簡易宿所,,,長浜
旅館業,ロテル・デュ・ラク,529-0721,長浜市西浅井町大浦,長浜市西浅井町大浦２０６４,２０６４,新木産業株式会社,H15/10/14,旅館・ホテル,ホテル,,長浜
旅館業,伊吹高原荘,521-0312,米原市上野,米原市上野１８５５,１８５５,,S56/11/17,旅館・ホテル,旅館,,長浜
旅館業,伊吹山ロッジ,521-0312,米原市上野,米原市上野伊吹山２合目,伊吹山２合目,,S45/12/21,旅館・ホテル,旅館,,長浜
旅館業,羽衣荘,529-0523,長浜市余呉町川並,長浜市余呉町川並１３４５,１３４５,,S53/08/31,簡易宿所,,,長浜
旅館業,奥びわこ山荘,529-0437,長浜市木之本町飯浦,長浜市木之本町飯浦（その他）８７０－１,（その他）８７０－１,,H02/06/22,旅館・ホテル,旅館,,長浜
旅館業,花屋旅館,521-0012,米原市米原,米原市米原５５５－２,５５５－２,,S57/02/24,旅館・ホテル,旅館,,長浜
旅館業,割烹 佐吉,529-0726,長浜市西浅井町菅浦,長浜市西浅井町菅浦２３４,２３４,,R05/06/22,簡易宿所,,,長浜
旅館業,丸彦,521-0312,米原市上野,米原市上野１１２３,１１２３,,S64/01/01,旅館・ホテル,旅館,,長浜
旅館業,宮前館,521-0312,米原市上野,米原市上野８２７,８２７,,H10/05/12,旅館・ホテル,旅館,,長浜
旅館業,魚作楼,529-0141,長浜市五村,長浜市五村２４１,２４１,有限会社魚作楼,S54/04/18,旅館・ホテル,旅館,,長浜
旅館業,玉乃屋,521-0012,米原市米原,米原市米原２３０,２３０,,S53/02/17,旅館・ホテル,旅館,,長浜
旅館業,近江屋,521-0012,米原市米原,米原市米原６００,６００,,S46/04/20,旅館・ホテル,旅館,,長浜
旅館業,近江屋旅館,526-0023,長浜市三ツ矢町,長浜市三ツ矢町１５－２１,１５－２１,,H16/03/17,旅館・ホテル,旅館,,長浜
旅館業,三献の宿～木之本～,529-0411,長浜市木之本町古橋,長浜市木之本町古橋１０９４,１０９４,奥伊吹観光株式会社,H21/03/04,旅館・ホテル,旅館,,長浜
旅館業,高佐屋,526-0201,長浜市高山町,長浜市高山町３５２１,３５２１,,S27/11/22,旅館・ホテル,旅館,,長浜
旅館業,三谷旅館,526-0059,長浜市元浜町,長浜市元浜町１９－１９,１９－１９,,S40/01/26,旅館・ホテル,旅館,,長浜
旅館業,滋賀県立長浜ドーム宿泊研修館,526-0829,長浜市田村町,長浜市田村町１４１１－１,１４１１－１,滋賀県,H04/10/06,簡易宿所,,,長浜
旅館業,小松屋,526-0203,長浜市野瀬町,長浜市野瀬町８９３－２,８９３－２,,S64/01/01,旅館・ホテル,旅館,,長浜
旅館業,須賀谷温泉,526-0277,長浜市須賀谷町,長浜市須賀谷町５６,５６,有限会社須賀谷温泉,H16/10/22,旅館・ホテル,旅館,,長浜
旅館業,正木屋,529-0414,長浜市木之本町川合,長浜市木之本町川合,,,S27/09/04,旅館・ホテル,旅館,,長浜
旅館業,清泉閣,529-0425,長浜市木之本町木之本,長浜市木之本町木之本１３２５,１３２５,,S63/07/08,旅館・ホテル,旅館,,長浜
旅館業,想古亭 げんない,529-0431,長浜市木之本町大音,長浜市木之本町大音１５２９－１,１５２９－１,,S38/07/01,旅館・ホテル,旅館,,長浜
旅館業,草野旅館,529-0425,長浜市木之本町木之本,長浜市木之本町木之本１３３７,１３３７,有限会社草野旅館,H11/12/10,旅館・ホテル,旅館,,長浜
旅館業,大見いこいの広場,529-0415,長浜市木之本町大見,長浜市木之本町大見７２２,７２２,株式会社ふるさと夢公社きのもと,H08/04/24,旅館・ホテル,旅館,,長浜
旅館業,中部弘済サービス,521-0016,米原市下多良,米原市下多良米原駅構内,米原駅構内,株式会社米原職員集会所,S64/01/01,旅館・ホテル,旅館,,長浜
旅館業,長治庵,529-0402,長浜市木之本町杉野,長浜市木之本町杉野２７０２,２７０２,,S64/01/01,旅館・ホテル,旅館,,長浜
旅館業,Ｇｒａｎｄ Ｍｅｒｃｕｒｅ Ｌａｋｅ Ｂｉｗａ Ｒｅｓ ｏｒｔ＆Ｓｐａ,526-0066,長浜市大島町,長浜市大島町３８,３８,シガ・ナガハマ２株式会社,S62/09/21,旅館・ホテル,ホテル,,長浜
旅館業,田中屋,529-0141,長浜市五村,長浜市五村３５５－３,３５５－３,,S54/08/29,旅館・ホテル,旅館,,長浜
旅館業,日の出荘,521-0312,米原市上野,米原市上野伊吹山２合目,伊吹山２合目,,S48/12/22,旅館・ホテル,旅館,,長浜
旅館業,飯之浦硝友クラブ,529-0437,長浜市木之本町飯浦,長浜市木之本町飯浦６８０,６８０,日本電気硝子株式会社,S52/11/28,旅館・ホテル,旅館,,長浜
旅館業,福田屋,529-0425,長浜市木之本町木之本,長浜市木之本町木之本１５４８－１,１５４８－１,,S36/04/18,旅館・ホテル,旅館,,長浜
旅館業,鮒熊楼,526-0054,長浜市大宮町,長浜市大宮町８－１,８－１,,S44/09/02,旅館・ホテル,旅館,,長浜
旅館業,文右衛門,529-0523,長浜市余呉町川並,長浜市余呉町川並２６１－１,２６１－１,,S50/12/01,旅館・ホテル,旅館,,長浜
旅館業,平四郎,529-0701,長浜市西浅井町塩津浜,長浜市西浅井町塩津浜１１５８,１１５８,,S46/12/17,簡易宿所,,,長浜
旅館業,平田旅館,526-0032,長浜市南高田町,長浜市南高田町２－３５,２－３５,有限会社平田,S37/08/20,旅館・ホテル,旅館,,長浜
旅館業,北ビワコホテル グラツィエ,526-0067,長浜市港町,長浜市港町４－１７,４－１７,株式会社住文,H12/02/24,旅館・ホテル,ホテル,,長浜
旅館業,北国屋旅館,521-0314,米原市春照,米原市春照５００,５００,有限会社北国屋,H09/03/05,旅館・ホテル,旅館,,長浜
旅館業,民宿 判次,529-0701,長浜市西浅井町塩津浜,長浜市西浅井町塩津浜８６２,８６２,,S57/02/01,簡易宿所,,,長浜
旅館業,油常,529-0342,長浜市湖北高田町,長浜市湖北高田町４９３,４９３,,S36/12/06,旅館・ホテル,旅館,,長浜
旅館業,有限会社香露園,521-0033,米原市上丹生,米原市上丹生１５１５,１５１５,有限会社香露園,S48/08/16,旅館・ホテル,旅館,,長浜
旅館業,有限会社宗谷亭,521-0033,米原市上丹生,米原市上丹生１４８７,１４８７,有限会社宗谷亭,S37/06/13,旅館・ホテル,旅館,,長浜
旅館業,余呉の郷 せせらぎ荘,529-0531,長浜市余呉町中河内,長浜市余呉町中河内２７０－１,２７０－１,株式会社マルア興産,H14/03/13,旅館・ホテル,旅館,,長浜
旅館業,旅館紅鮎,529-0364,長浜市湖北町尾上,長浜市湖北町尾上３１２,３１２,株式会社紅鮎,S63/09/16,旅館・ホテル,旅館,,長浜
旅館業,旅館なかにし,526-0037,長浜市高田町,長浜市高田町３－９,３－９,,S53/02/17,旅館・ホテル,旅館,,長浜
旅館業,森林文化交流センター,529-0515,長浜市余呉町中之郷,長浜市余呉町中之郷２９５,２９５,株式会社ロハス長浜,H21/03/18,簡易宿所,,,長浜
旅館業,ウッディパル余呉,529-0515,長浜市余呉町中之郷,長浜市余呉町中之郷２６０,２６０,株式会社ロハス長浜,H21/03/18,簡易宿所,,,長浜
旅館業,アートホテル長浜,526-0021,長浜市八幡中山町,長浜市八幡中山町２８－１,２８－１,株式会社エーヌ,H22/01/18,旅館・ホテル,ホテル,,長浜
旅館業,東横ＩＮＮ米原駅新幹線西口,521-0015,米原市米原西,米原市米原西８番,８番,株式会社パートナーズ２１,H27/03/21,旅館・ホテル,ホテル,,長浜
旅館業,荘三郎,521-0307,米原市大久保,米原市大久保６０２,６０２,,H22/10/25,簡易宿所,,,長浜
旅館業,長次郎,521-0305,米原市上板並,米原市上板並１８３,１８３,,H22/10/25,簡易宿所,,,長浜
旅館業,善兵衛新館,521-0303,米原市甲賀,米原市甲賀９２８,９２８,,H22/10/25,簡易宿所,,,長浜
旅館業,旅籠 白忠,526-0056,長浜市朝日町,長浜市朝日町１０－１１,１０－１１,有限会社成駒家,H23/06/08,簡易宿所,,,長浜
旅館業,二本松コテージ村,529-0721,長浜市西浅井町大浦,長浜市西浅井町大浦２１９１－１,２１９１－１,,H22/12/01,簡易宿所,,,長浜
旅館業,農家民宿 キスケ,529-0437,長浜市木之本町飯浦,長浜市木之本町飯浦５４７,５４７,,H23/06/30,簡易宿所,,,長浜
旅館業,ホテルＹｅｓ長浜駅前館 １番館,526-0058,長浜市南呉服町,長浜市南呉服町９－３０,９－３０,合資会社俵彦,H23/07/01,旅館・ホテル,ホテル,,長浜
旅館業,ホテルＹｅｓ長浜駅前館 ２番館,526-0058,長浜市南呉服町,長浜市南呉服町９ー２２,９ー２２,合資会社俵彦,H23/07/01,旅館・ホテル,ホテル,,長浜
旅館業,国際文化交流ハウス,526-0015,長浜市神照町,長浜市神照町５１９,５１９,長浜市,R05/05/18,旅館・ホテル,,,長浜
旅館業,四郎左,521-0307,米原市大久保,米原市大久保１０６２,１０６２,,H24/08/14,簡易宿所,,,長浜
旅館業,重郎平,521-0306,米原市下板並,米原市下板並５５０,５５０,,H24/08/28,簡易宿所,,,長浜
旅館業,吉郎平,521-0306,米原市下板並,米原市下板並５４７,５４７,,H24/08/14,簡易宿所,,,長浜
旅館業,サコ,521-0303,米原市甲賀,米原市甲賀６２３,６２３,,H24/08/14,簡易宿所,,,長浜
旅館業,甚吉,521-0301,米原市甲津原,米原市甲津原５１７,５１７,,H24/08/14,簡易宿所,,,長浜
旅館業,千エ門,521-0305,米原市上板並,米原市上板並１００,１００,,H24/08/15,簡易宿所,,,長浜
旅館業,グリーンホテルＹｅｓ長浜 みなと館,526-0067,長浜市港町,長浜市港町２－２８,２－２８,滋賀不動産株式会社,H25/05/29,旅館・ホテル,ホテル,,長浜
旅館業,まちやの宿いろは,526-0059,長浜市元浜町,長浜市元浜町１４－２２,１４－２２,株式会社新長浜計画,H25/12/27,旅館・ホテル,旅館,,長浜
旅館業,四季庵,529-0721,長浜市西浅井町大浦,長浜市西浅井町大浦１０２５－１,１０２５－１,,H26/07/28,簡易宿所,,,長浜
旅館業,高山キャンプ場（休養施設・バンガロー）,526-0201,長浜市高山町,長浜市高山町２３２４外,２３２４外,株式会社ロハス長浜,H27/04/01,簡易宿所,,,長浜
旅館業,浜湖月,526-0065,長浜市公園町,長浜市公園町４－２５,４－２５,株式会社浜湖月,H28/05/25,旅館・ホテル,旅館,,長浜
旅館業,あざい カルチャー＆スポーツビレッジ,526-0203,長浜市野瀬町,長浜市野瀬町７３０,７３０,株式会社日本水泳振興会,H28/10/17,簡易宿所,,,長浜
旅館業,伊吹山スロービレッジ 元氣堂,521-0308,米原市小泉,米原市小泉１,１,,H29/06/01,簡易宿所,,,長浜
旅館業,徳山,529-0523,長浜市余呉町川並,長浜市余呉町川並１４０８,１４０８,株式会社徳山,H29/05/17,簡易宿所,,,長浜
旅館業,農家民宿 尾﨑,526-0826,長浜市小一条町,長浜市小一条町２４３,２４３,,H29/07/06,簡易宿所,,,長浜
旅館業,レジーナリゾートびわ湖長浜,526-0065,長浜市公園町,長浜市公園町４－２２,４－２２,東京建物リゾート株式会社,H30/05/08,旅館・ホテル,ホテル,,長浜
旅館業,Kishida House,529-0322,長浜市湖北町小今,長浜市湖北町小今１３５,１３５,,H29/10/06,簡易宿所,,,長浜
旅館業,きひろ,529-0364,長浜市湖北町尾上,長浜市湖北町尾上３１３－１３,３１３－１３,株式会社きひろ,H29/11/27,旅館・ホテル,旅館,,長浜
旅館業,欅 HOUSE KAYOMO,529-0205,長浜市高月町唐川,長浜市高月町唐川５０６,５０６,,H29/11/27,簡易宿所,,,長浜
旅館業,ＧＵＥＳＴ ＨＯＵＳＥ 楽,521-0202,米原市柏原,米原市柏原２８６０,２８６０,,H30/07/17,簡易宿所,,,長浜
旅館業,ゲストハウス 居醒庵,521-0035,米原市醒井,米原市醒井３７８,３７８,株式会社ゴムの木農園,R01/12/23,簡易宿所,,,長浜
旅館業,寝地蔵,529-0422,長浜市木之本町田部,長浜市木之本町田部５０４－５,５０４－５,,H30/07/25,簡易宿所,,,長浜
旅館業,ゲストハウス ミエイ,529-0434,長浜市木之本町北布施,長浜市木之本町北布施１９３,１９３,株式会社ＹＡＭＡＧＡＲＡ,H30/11/01,簡易宿所,,,長浜
旅館業,奥琵琶湖キャンプ場,529-0721,長浜市西浅井町大浦,長浜市西浅井町大浦１７９７－３,１７９７－３,有限会社奥琵琶湖キャンプ場,H30/09/27,簡易宿所,,,長浜
旅館業,ＴＨＥ ＮＡＧＡＨＡＭＡ ＨＯＴＥＬＳ 紗蔵,526-0056,長浜市朝日町,長浜市朝日町３５－２,３５－２,有限会社森野ビル,H31/01/28,旅館・ホテル,,,長浜
旅館業,メグルヤ,521-0202,米原市柏原,米原市柏原２２０１－３,２２０１－３,,R01/10/17,簡易宿所,,,長浜
旅館業,片原楽家,526-0059,長浜市元浜町,長浜市元浜町１１－４,１１－４,株式会社ＫＯＭＩＮＫＡ企画,R02/12/25,簡易宿所,,,長浜
旅館業,キャンピングトレーラー,521-0093,米原市寺倉,米原市寺倉３６０－１ ガレージ内,３６０－１ ガレージ内,,R01/12/10,簡易宿所,,,長浜
旅館業,奥伊吹アグリコテージ,521-0301,米原市甲津原,米原市甲津原１７０,１７０,奥伊吹観光株式会社,R02/04/09,簡易宿所,,,長浜
旅館業,そよも,521-0301,米原市甲津原,米原市甲津原４５７,４５７,一般社団法人古民家再生協会滋賀,R02/05/13,簡易宿所,,,長浜
旅館業,ホテル ナレッジイン,521-0015,米原市米原西,米原市米原西２３,２３,ＮＳＫビル管理株式会社,R02/08/21,旅館・ホテル,,,長浜
旅館業,竹生優庵,526-0123,長浜市下八木町,長浜市下八木町３７６,３７６,株式会社ＫＯＭＩＮＫＡ企画,R03/02/19,簡易宿所,,,長浜
旅館業,曲谷の古民家 結,521-0302,米原市曲谷,米原市曲谷１３２,１３２,山室木材工業株式会社,R02/11/18,簡易宿所,,,長浜
旅館業,住吉屋旅館,529-0241,長浜市高月町高月,長浜市高月町高月２５,２５,有限会社住吉屋,R02/10/07,旅館・ホテル,,,長浜
旅館業,舟倉,529-0364,長浜市湖北町尾上,長浜市湖北町尾上３１３－７,３１３－７,,R02/10/21,旅館・ホテル,,,長浜
旅館業,ＲＥＳＯＲＴ×ＳＰＡ ＦｕｔｕｒｅＲＥＳＯＲＴ,526-0824,長浜市名越町,長浜市名越町１０１６－４,１０１６－４,株式会社フューチャーリゾート,R03/05/18,旅館・ホテル,,,長浜
旅館業,Ｙｏｇｏ Ｒｅｓｔ Ｖｉｌｌａ′ｓ,529-0521,長浜市余呉町下余呉,長浜市余呉町下余呉１９０３,１９０３,,R03/06/14,簡易宿所,,,長浜
旅館業,ＲＥＳＯＲＴ×ＳＰＡ ＦｕｔｕｒｅＲＥＳＯＲＴ ＤＯＭ Ｅ,526-0824,長浜市名越町,長浜市名越町１０１６－４,１０１６－４,株式会社フューチャーリゾート,R03/05/18,簡易宿所,,,長浜
旅館業,上平寺御城下うむ,521-0327,米原市上平寺,米原市上平寺２１２,２１２,株式会社ＵＭＵ,R03/08/28,簡易宿所,,,長浜
旅館業,鮎はうす,529-0414,長浜市木之本町川合,長浜市木之本町川合３８９－１,３８９－１,株式会社山口建築,R04/04/28,簡易宿所,,,長浜
旅館業,一棟貸し古民家ＴＡＲＯＪＩＲＯ,529-0512,長浜市余呉町上丹生,長浜市余呉町上丹生２５６３,２５６３,一般社団法人古民家再生協会滋賀,R03/09/30,簡易宿所,,,長浜
旅館業,旅館うをよし,529-0364,長浜市湖北町尾上,長浜市湖北町尾上２８７－１,２８７－１,,R03/09/24,旅館・ホテル,,,長浜
旅館業,ＡＳＯＶＩＶＡはなれ,526-0203,長浜市野瀬町,長浜市野瀬町６１５,６１５,株式会社ヒトノエ,R04/03/22,簡易宿所,,,長浜
旅館業,ワーケーション拠点 上丹生山根邸本館,529-0512,長浜市余呉町上丹生,長浜市余呉町上丹生２４３９,２４３９,中西興産株式会社,R04/04/19,簡易宿所,,,長浜
旅館業,長浜ＢＧホテル,526-0846,長浜市川崎町,長浜市川崎町３００,３００,株式会社エーヌ,R04/02/22,旅館・ホテル,,,長浜
旅館業,鴨池荘・フォレストヴィラ・ＧＥ通年施設,521-0221,米原市池下,米原市池下６０－１,６０－１,奥伊吹観光株式会社,R04/03/24,旅館・ホテル,,,長浜
旅館業,近江母の郷文化センター,521-0062,米原市宇賀野,米原市宇賀野１３６４－１,１３６４－１,奥伊吹観光株式会社,R04/03/24,簡易宿所,,,長浜
旅館業,滋賀県立 びわ湖こどもの国,520-1232,高島市安曇川町北船木,高島市安曇川町北船木地先,地先,滋賀県,H04/05/26,簡易宿所,,,高島
旅館業,松前屋,520-1233,高島市安曇川町南船木,高島市安曇川町南船木１１３,１１３,,S38/03/28,旅館・ホテル,旅館,,高島
旅館業,森の交流館,520-1601,高島市今津町深清水,高島市今津町深清水赤坂川原谷２４０５－１ビラデ スト今津内,赤坂川原谷２４０５－１ビラデ スト今津内,公益財団法人ひばり,H07/04/01,旅館・ホテル,旅館,,高島
旅館業,針江生水の郷 体験処,520-1502,高島市新旭町針江,高島市新旭町針江３６９,３６９,,H19/09/05,簡易宿所,,,高島
旅館業,吹田市立少年自然の家,520-1641,高島市今津町南生見,高島市今津町南生見丹切,丹切,,S55/04/07,簡易宿所,,,高島
旅館業,青少年研修センター,520-1604,高島市今津町浜分,高島市今津町浜分４６４－３８ ，４６４－４１,４６４－３８ ，４６４－４１,,H03/08/12,簡易宿所,,,高島
旅館業,川上楼,520-1655,高島市今津町日置前,高島市今津町日置前３２３－１,３２３－１,,S38/01/10,旅館・ホテル,旅館,,高島
旅館業,大阪市立びわ湖青少年の家,520-1121,高島市勝野,高島市勝野１５２３－１,１５２３－１,,S62/05/07,簡易宿所,,,高島
旅館業,丁子屋,520-1621,高島市今津町今津,高島市今津町今津５６,５６,,S55/06/19,旅館・ホテル,旅館,,高島
旅館業,長浜屋,520-1121,高島市勝野,高島市勝野１６３２,１６３２,,H09/01/09,旅館・ホテル,旅館,,高島
旅館業,鳥居楼,520-1522,高島市新旭町新庄,高島市新旭町新庄４８２,４８２,有限会社鳥居楼,S43/08/29,旅館・ホテル,旅館,,高島
旅館業,椿聚舎,520-1837,高島市マキノ町白谷,高島市マキノ町白谷５－１０７,５－１０７,,H17/06/17,簡易宿所,,,高島
旅館業,白ひげビーチ,520-1122,高島市鵜川,高島市鵜川１０９１,１０９１,有限会社藤丸,R02/04/20,簡易宿所,,,高島
旅館業,白谷荘兵庫,520-1837,高島市マキノ町白谷,高島市マキノ町白谷３４３,３４３,,S41/08/08,簡易宿所,,,高島
旅館業,白浜荘,520-1223,高島市安曇川町下小川,高島市安曇川町下小川２３００－１,２３００－１,有限会社白浜荘,H14/03/29,旅館・ホテル,旅館,,高島
旅館業,琵琶湖研修センター アップル,520-1603,高島市今津町北仰,高島市今津町北仰横清水２－１０ ，１１６－１ ２３,横清水２－１０ ，１１６－１ ２３,株式会社 ピクシ－,H03/07/17,旅館・ホテル,旅館,,高島
旅館業,福寿,520-1621,高島市今津町今津,高島市今津町今津８５,８５,有限会社福寿,S33/04/11,旅館・ホテル,旅館,,高島
旅館業,宝船温泉,520-1223,高島市安曇川町下小川,高島市安曇川町下小川２２４８－２,２２４８－２,有限会社宝船温泉,S40/06/21,旅館・ホテル,旅館,,高島
旅館業,美加久,520-1836,高島市マキノ町牧野,高島市マキノ町牧野２２９,２２９,,R03/06/28,簡易宿所,,,高島
旅館業,民宿 白鳥,520-1836,高島市マキノ町牧野,高島市マキノ町牧野１９１－１,１９１－１,,S60/11/16,旅館・ホテル,旅館,,高島
旅館業,民宿 白鳥,520-1836,高島市マキノ町牧野,高島市マキノ町牧野１９１－１,１９１－１,,H08/07/05,簡易宿所,,,高島
旅館業,民宿はる,520-1655,高島市今津町日置前,高島市今津町日置前２８８１－２、２８８１－３、 ２８８２－１,２８８１－２、２８８１－３、 ２８８２－１,,H17/03/17,簡易宿所,,,高島
旅館業,有限会社プリンスコート保養所,520-1811,高島市マキノ町海津,高島市マキノ町海津２３２３,２３２３,有限会社プリンスコ－ト,S63/08/01,簡易宿所,,,高島
旅館業,旅館 安兵衛,520-1604,高島市今津町浜分,高島市今津町浜分里の内２０２,里の内２０２,,S54/05/18,旅館・ホテル,旅館,,高島
旅館業,旅館 喜 楽,520-1813,高島市マキノ町高木浜 一丁目,高島市マキノ町高木浜 一丁目９,９,,S63/12/28,旅館・ホテル,旅館,,高島
旅館業,旅館 吉平,520-1814,高島市マキノ町知内,高島市マキノ町知内２０１７－２,２０１７－２,,H19/12/14,旅館・ホテル,旅館,,高島
旅館業,緑風荘,520-1837,高島市マキノ町白谷,高島市マキノ町白谷４３５－２,４３５－２,,H16/08/17,旅館・ホテル,旅館,,高島
旅館業,農林家民宿 松葉,520-1432,高島市朽木平良,高島市朽木平良３５９,３５９,,H21/04/23,簡易宿所,,,高島
旅館業,農家民宿 棚田のはやし,520-1144,高島市畑,高島市畑８３０,８３０,,H22/03/15,簡易宿所,,,高島
旅館業,体験型農家民宿「こへじ」,520-1144,高島市畑,高島市畑９４１,９４１,,H22/09/15,簡易宿所,,,高島
旅館業,体験型農家民宿「大黒屋」,520-1144,高島市畑,高島市畑６１５,６１５,,H22/09/15,簡易宿所,,,高島
旅館業,体験型農家民宿「じんない」,520-1144,高島市畑,高島市畑５９６,５９６,,H22/09/15,簡易宿所,,,高島
旅館業,じゅうべえ,520-1433,高島市朽木桑原,高島市朽木桑原５８０,５８０,,H23/04/28,簡易宿所,,,高島
旅館業,コテージ うみがめ,520-1836,高島市マキノ町牧野,高島市マキノ町牧野578-47,578-47,,H24/06/06,簡易宿所,,,高島
旅館業,ちゃみの森,520-1444,高島市朽木中牧,高島市朽木中牧９１,９１,,H25/03/26,簡易宿所,,,高島
旅館業,ペンション琵琶湖,520-1837,高島市マキノ町白谷,高島市マキノ町白谷420-8,420-8,,H25/05/17,旅館・ホテル,旅館,,高島
旅館業,山帰来,520-1444,高島市朽木中牧,高島市朽木中牧528,528,,H25/09/24,簡易宿所,,,高島
旅館業,びわ湖青少年の家,520-1121,高島市勝野,高島市勝野１５２３－１,１５２３－１,株式会社 linkworks,H26/05/30,旅館・ホテル,ホテル,,高島
旅館業,フォレストヴィラ夢寿々,520-1836,高島市マキノ町牧野,高島市マキノ町牧野554-6,554-6,,H26/07/16,旅館・ホテル,旅館,,高島
旅館業,Ｒａｃｉｎｅ ｈｏｍｅ針江,520-1502,高島市新旭町針江,高島市新旭町針江235,235,株式会社エムアンドアール,H27/07/29,簡易宿所,,,高島
旅館業,Racine home 針江 別館,520-1502,高島市新旭町針江,高島市新旭町針江235,235,株式会社エムアンドアール,H28/03/08,簡易宿所,,,高島
旅館業,かばたリゾート,520-1531,高島市新旭町饗庭,"高島市新旭町饗庭1657,1664,1665","1657,1664,1665",かばたリゾート株式会社,H29/02/09,簡易宿所,,,高島
旅館業,二葉屋,520-1836,高島市マキノ町牧野,高島市マキノ町牧野280,280,,H28/12/02,簡易宿所,,,高島
旅館業,志我の里,520-1654,高島市今津町梅原,高島市今津町梅原1205-7,1205-7,,H29/03/24,簡易宿所,,,高島
旅館業,はるやゲストハウス,520-1443,高島市朽木小入谷,高島市朽木小入谷247,247,,H29/05/18,簡易宿所,,,高島
旅館業,山里暮らし交房 風結い,520-1204,高島市安曇川町中野,高島市安曇川町中野７９５－３,７９５－３,株式会社山笑う,H30/06/21,簡易宿所,,,高島
旅館業,ＳＴＡＧＥＸ 高島,520-1511,高島市新旭町藁園,高島市新旭町藁園３５４－３他,３５４－３他,光亜興産株式会社,H30/07/23,簡易宿所,,,高島
旅館業,琵琶湖拾人荘,520-1111,高島市鴨,高島市鴨２３７９－１８,２３７９－１８,,H30/06/04,簡易宿所,,,高島
旅館業,ペンション メタセコイア,520-1834,高島市マキノ町寺久保,高島市マキノ町寺久保６９９－１,６９９－１,,H30/05/07,簡易宿所,,,高島
旅館業,マキノステイズ ＶｉＷａびわ,520-1814,高島市マキノ町知内,高島市マキノ町知内２０２７－１,２０２７－１,有限会社ほんだ建築,H31/03/25,簡易宿所,,,高島
旅館業,棚田ハウス,520-1144,高島市畑,高島市畑４８７－１,４８７－１,,H30/06/11,簡易宿所,,,高島
旅館業,ペンション シープ,520-1602,高島市今津町桂,高島市今津町桂７１８－７,７１８－７,,R02/07/02,簡易宿所,,,高島
旅館業,ちょい宿あだち,520-1836,高島市マキノ町牧野,高島市マキノ町牧野２９４,２９４,,H30/07/17,簡易宿所,,,高島
旅館業,ＬＡＫＥ ＢＩＷＡ ＴＯＤＡ,520-1112,高島市永田,高島市永田８－３１,８－３１,,H30/09/25,簡易宿所,,,高島
旅館業,ペンション メタセコイア 別館,520-1834,高島市マキノ町寺久保,高島市マキノ町寺久保６９９－１,６９９－１,,H30/10/01,簡易宿所,,,高島
旅館業,コテージ Ｒｉｃｈ,520-1813,高島市マキノ町高木浜 二丁目,高島市マキノ町高木浜 二丁目５－１,５－１,株式会社ＣＬＩＮＩＣＡＬ ＲＥＳＥＡＲＣ Ｈ ＯＦＦＩＣＥ,H30/11/19,簡易宿所,,,高島
旅館業,Ｌａｕｇｈｉｎｇ ｄｏｇ’ｓ ｖｉｌｌａ,520-1655,高島市今津町日置前,高島市今津町日置前３８３－２７８,３８３－２７８,,H30/12/18,簡易宿所,,,高島
旅館業,たらいち邸,520-1831,高島市マキノ町上開田,高島市マキノ町上開田１４５－１,１４５－１,,H30/10/29,簡易宿所,,,高島
旅館業,針江ハウス,520-1502,高島市新旭町針江,高島市新旭町針江１－２０,１－２０,株式会社モアイ,H31/03/08,簡易宿所,,,高島
旅館業,一颯,520-1651,高島市今津町酒波,高島市今津町酒波３６３－２９,３６３－２９,,H31/03/08,簡易宿所,,,高島
旅館業,ルポゼマキノ,520-1822,高島市マキノ町新保,高島市マキノ町新保２６－１、２６－８、２８－１,２６－１、２６－８、２８－１,ＫＩＫ管理株式会社,R01/06/14,旅館・ホテル,,,高島
旅館業,ゲストハウス高島 in ベリーハイランド,520-1101,高島市武曽横山,高島市武曽横山１－４,１－４,,H31/04/05,簡易宿所,,,高島
旅館業,ログハウスコテージ ひなた,520-1835,高島市マキノ町石庭,高島市マキノ町石庭１６－２８,１６－２８,,H31/04/16,簡易宿所,,,高島
旅館業,かばたリゾート株式会社 別館,520-1531,高島市新旭町饗庭,高島市新旭町饗庭４２６８－１５,４２６８－１５,かばたリゾート株式会社,R01/06/04,簡易宿所,,,高島
旅館業,マキノ白谷温泉 八王子荘,520-1837,高島市マキノ町白谷,高島市マキノ町白谷３７０－１,３７０－１,株式会社Ｂ.Ｔ.Ｉ.,R01/06/11,旅館・ホテル,,,高島
旅館業,高島陣屋,520-1121,高島市勝野,高島市勝野１３３０,１３３０,株式会社貴舩,R01/06/24,簡易宿所,,,高島
旅館業,スターフォレスト マキノ グランピング ヴィラ,520-1835,高島市マキノ町石庭,高島市マキノ町石庭２６５,２６５,アメリカンホームシステムズジャパン株式 会社,R06/04/25,簡易宿所,,,高島
旅館業,奥琵琶湖 四季亭,520-1811,高島市マキノ町海津,高島市マキノ町海津４４８－１,４４８－１,,R02/02/20,簡易宿所,,,高島
旅館業,民宿 やまそ,520-1655,高島市今津町日置前,高島市今津町日置前３６９４,３６９４,,R01/12/24,簡易宿所,,,高島
旅館業,民宿 まる秀,520-1655,高島市今津町日置前,高島市今津町日置前２８７３－１,２８７３－１,,R01/12/24,簡易宿所,,,高島
旅館業,民宿 ぜんよも,520-1655,高島市今津町日置前,高島市今津町日置前３２５６,３２５６,,R01/12/27,簡易宿所,,,高島
旅館業,よしなが,520-1655,高島市今津町日置前,高島市今津町日置前３２４７,３２４７,,R01/12/27,簡易宿所,,,高島
旅館業,民宿 とりい,520-1655,高島市今津町日置前,高島市今津町日置前３６５０,３６５０,,R01/12/27,簡易宿所,,,高島
旅館業,民宿 まるさん,520-1655,高島市今津町日置前,高島市今津町日置前２８８７－２,２８８７－２,,R01/12/27,簡易宿所,,,高島
旅館業,福田屋,520-1621,高島市今津町今津,高島市今津町今津７６,７６,株式会社ナル・デベロップメンツ,R02/04/07,簡易宿所,,,高島
旅館業,星降港,520-1217,高島市安曇川町田中,高島市安曇川町田中４１０１－５７,４１０１－５７,,R02/02/20,簡易宿所,,,高島
旅館業,Ｌａｋｅ ｓｉｄｅ Ｈｏｕｓｅ Ｔａｋａｓｈｉｍａ,520-1602,高島市今津町桂,高島市今津町桂７１２－３３,７１２－３３,株式会社ニニギ,R02/03/06,簡易宿所,,,高島
旅館業,宿り森,520-1502,高島市新旭町針江,高島市新旭町針江３６９,３６９,,R02/04/16,簡易宿所,,,高島
旅館業,平井バンガロー,520-1401,高島市朽木市場,高島市朽木市場７４０,７４０,,R02/04/06,簡易宿所,,,高島
旅館業,ドッグラングランピング 滋賀高島,520-1223,高島市安曇川町下小川,高島市安曇川町下小川２２４８－８の一部 他,２２４８－８の一部 他,株式会社にしがき,R02/07/09,簡易宿所,,,高島
旅館業,ＳＰＡＣＥ まある,520-1131,高島市音羽,高島市音羽１２６３,１２６３,,R02/05/21,簡易宿所,,,高島
旅館業,奥琵琶湖マキノパークホテル＆セミナーハウス,520-1813,高島市マキノ町高木浜 二丁目,高島市マキノ町高木浜 二丁目1-5,1-5,株式会社マックアース,H23/11/02,簡易宿所,,,高島
旅館業,ＣＯＣＣＯ 小入谷,520-1443,高島市朽木小入谷,高島市朽木小入谷２８３,２８３,,R03/05/17,簡易宿所,,,高島
旅館業,朽木ゴルフ倶楽部,520-1414,高島市朽木宮前坊,高島市朽木宮前坊１－２,１－２,株式会社オーレ,R02/06/02,旅館・ホテル,,,高島
旅館業,ログハウスコテージ ひなた アネックス,520-1834,高島市マキノ町寺久保,高島市マキノ町寺久保７１５－９,７１５－９,,R02/06/26,簡易宿所,,,高島
旅館業,体験民宿 四季の森,520-1837,高島市マキノ町白谷,高島市マキノ町白谷３４４,３４４,,R02/06/30,簡易宿所,,,高島
旅館業,森と丘のお宿 Toju高島,520-1204,高島市安曇川町中野,高島市安曇川町中野１２４４－２７１,１２４４－２７１,株式会社ニニギ,R02/07/13,簡易宿所,,,高島
旅館業,近江堂,520-1531,高島市新旭町饗庭,高島市新旭町饗庭４１７３,４１７３,,R02/10/22,簡易宿所,,,高島
旅館業,びわ湖レイクサイドビラ ２-１-２１号棟,520-1502,高島市新旭町針江,高島市新旭町針江５－３９０,５－３９０,シニアメンバーズライフ株式会社,R02/07/20,簡易宿所,,,高島
旅館業,びわ湖レイクサイドビラ ３-Ｇ-１Ｂ号棟,520-1502,高島市新旭町針江,高島市新旭町針江４－９７,４－９７,シニアメンバーズライフ株式会社,R02/07/20,簡易宿所,,,高島
旅館業,木洩れ日の家,520-1836,高島市マキノ町牧野,高島市マキノ町牧野５７４－１３,５７４－１３,,R02/09/28,簡易宿所,,,高島
旅館業,まつなみ荘別館,520-1813,高島市マキノ町高木浜 二丁目,高島市マキノ町高木浜 二丁目６－６,６－６,有限会社まつなみ荘,H10/12/22,旅館・ホテル,,,高島
旅館業,Ａ ｈｏｕｓｅ,520-1655,高島市今津町日置前,高島市今津町日置前２０２２－２,２０２２－２,,R02/11/19,簡易宿所,,,高島
旅館業,Ｔａｋａｓｈｉｍａ Ｌａｋｅｓｉｄｅ Ｒｅｓｏｒｔ,520-1603,高島市今津町北仰,高島市今津町北仰２１１－１０,２１１－１０,株式会社みらいファクトリー,R02/12/04,簡易宿所,,,高島
旅館業,四季別荘 Ｍｅｉｂｉ箱館山,520-1655,高島市今津町日置前,高島市今津町日置前４３８８,４３８８,株式会社ニニギ,R03/01/12,簡易宿所,,,高島
旅館業,喜久屋,520-1836,高島市マキノ町牧野,高島市マキノ町牧野２９１－１,２９１－１,,R02/12/18,簡易宿所,,,高島
旅館業,まつや,520-1836,高島市マキノ町牧野,高島市マキノ町牧野２７１,２７１,,R02/12/18,簡易宿所,,,高島
旅館業,まつや,520-1836,高島市マキノ町牧野,高島市マキノ町牧野２７２－２,２７２－２,,R02/12/18,旅館・ホテル,,,高島
旅館業,民宿 一休 山の家,520-1836,高島市マキノ町牧野,高島市マキノ町牧野９３１－３,９３１－３,,R02/12/23,簡易宿所,,,高島
旅館業,臨湖荘,520-1121,高島市勝野,高島市勝野１－２０４,１－２０４,,R03/01/27,簡易宿所,,,高島
旅館業,マキノステイズ ＶｉＷａ ログ,520-1824,高島市マキノ町大沼,高島市マキノ町大沼８８２－１０,８８２－１０,,R02/02/05,簡易宿所,,,高島
旅館業,アメリカンビレッジ ひなた,520-1836,高島市マキノ町牧野,高島市マキノ町牧野６１０－８,６１０－８,,R03/03/11,簡易宿所,,,高島
旅館業,奥琵琶湖 マーベラスグリーン,520-1812,高島市マキノ町西浜,高島市マキノ町西浜７６３－２,７６３－２,株式会社Ｌｅａｄｉｎｇ Ａｓｓｅｔ Ｍ ａｎａｇｅｍｅｎｔ,R04/04/26,簡易宿所,,,高島
旅館業,グランドーム滋賀高島,520-1112,高島市永田,高島市永田４－１９の一部,４－１９の一部,日本大同投資株式会社,R03/04/30,簡易宿所,,,高島
旅館業,のすたる路,520-1503,高島市新旭町深溝,高島市新旭町深溝１１０１－１,１１０１－１,,R03/06/28,簡易宿所,,,高島
旅館業,ＳＡＧＡＲＡドッググランピング琵琶湖,520-1512,高島市新旭町太田,高島市新旭町太田２６７１－１１,２６７１－１１,,R03/12/27,簡易宿所,,,高島
旅館業,ここ,520-1655,高島市今津町日置前,高島市今津町日置前３５３３－１,３５３３－１,,R03/09/22,簡易宿所,,,高島
旅館業,くるみ,520-1655,高島市今津町日置前,高島市今津町日置前３５３３－４,３５３３－４,,R03/09/22,簡易宿所,,,高島
旅館業,ＧＬＡＭＰＩＮＧ ＶＩＬＬＡＧＥ 滋賀今津浜,520-1604,高島市今津町浜分,高島市今津町浜分１３５－１ 他,１３５－１ 他,株式会社ＬＵＣＫＥＬ,R03/10/06,簡易宿所,,,高島
旅館業,ＦＩＬＥＲ ＶＩＬＬＡ メタセコイア,520-1821,高島市マキノ町沢,高島市マキノ町沢２０１７－５,２０１７－５,,R03/10/11,簡易宿所,,,高島
旅館業,Ｇｙｐｓｙ 高島,520-1121,高島市勝野,高島市勝野７５０,７５０,,R03/10/20,簡易宿所,,,高島
旅館業,雪の華山荘,520-1654,高島市今津町梅原,高島市今津町梅原１２８０－２９,１２８０－２９,,R03/11/09,簡易宿所,,,高島
旅館業,ＨＩＤＥＯＵＴ,520-1132,高島市拝戸,高島市拝戸１１６２－２,１１６２－２,,R03/12/06,簡易宿所,,,高島
旅館業,ゲストハウス 空,520-1604,高島市今津町浜分,高島市今津町浜分８８－２０,８８－２０,,R04/02/14,簡易宿所,,,高島
旅館業,Ｓａｎａ Ｓａｌｕｄ,520-1502,高島市新旭町針江,高島市新旭町針江５－３３２,５－３３２,有限会社幸江建設,R04/04/19,簡易宿所,,,高島
旅館業,かばたリゾート,520-1531,高島市新旭町饗庭,高島市新旭町饗庭１６５６－１,１６５６－１,かばたリゾート株式会社,R05/04/17,簡易宿所,,,高島
旅館業,犬の駅 くつき,520-1423,高島市朽木大野,高島市朽木大野１７８,１７８,,R04/07/13,簡易宿所,,,高島
旅館業,サンクチュアリコート琵琶湖 ベネチアンモダンリゾート,520-1223,高島市安曇川町下小川,高島市安曇川町下小川１１１３,１１１３,リゾートトラスト株式会社,R06/10/01,旅館・ホテル,,,高島
旅館業,然り（sika:ri),520-1652,高島市今津町福岡,高島市今津町福岡３４０－７,３４０－７,,R01/07/12,簡易宿所,,,高島
旅館業,レイクサイドテラス琵琶湖,520-1121,高島市勝野,高島市勝野１５３３,１５３３,株式会社にしがき,R04/01/12,簡易宿所,,,高島
旅館業,一棟貸しのリゾートログハウス Ｐｉｉｌｏ,520-1645,高島市今津町椋川,高島市今津町椋川１７０７－２６,１７０７－２６,,R04/06/08,簡易宿所,,,高島
旅館業,湖西 葉隠庵,520-1601,高島市今津町深清水,高島市今津町深清水２３１５－１００,２３１５－１００,株式会社ニニギ,R04/05/18,簡易宿所,,,高島
旅館業,シノハラマリンクラブ,520-1604,高島市今津町浜分,高島市今津町浜分７,７,株式会社篠原陸運,R04/07/15,簡易宿所,,,高島
旅館業,Ｉｎｎ＆Ｇａｌｌｅｒｙ ＶｉＷａみんか,520-1814,高島市マキノ町知内,高島市マキノ町知内１０５６－１，１０５６－２,１０５６－１，１０５６－２,有限会社ほんだ建築,R05/03/13,簡易宿所,,,高島
旅館業,星降るゲストハウス,520-1837,高島市マキノ町白谷,高島市マキノ町白谷４３５－２,４３５－２,株式会社ジャパニッシモ,R04/05/31,旅館・ホテル,,,高島
旅館業,マキノサニービーチ高木浜オートキャンプ場,520-1812,高島市マキノ町西浜,高島市マキノ町西浜７６３－１,７６３－１,有限会社高木浜観光協会,R04/07/01,簡易宿所,,,高島
旅館業,山水閣（Ｓｈａｎ Ｓｈｕｉ ｈｏｕｓｅ）,520-1823,高島市マキノ町中庄,高島市マキノ町中庄３０４,３０４,,R04/07/07,簡易宿所,,,高島
旅館業,丸仁館,520-1655,高島市今津町日置前,高島市今津町日置前３３４１－１,３３４１－１,,R04/07/12,簡易宿所,,,高島
旅館業,奥琵琶湖 マーベラスグリーンⅡ,520-1812,高島市マキノ町西浜,高島市マキノ町西浜７６３－２,７６３－２,株式会社Ｌｅａｄｉｎｇ Ａｓｓｅｔ Ｍ ａｎａｇｅｍｅｎｔ,R04/07/15,簡易宿所,,,高島
旅館業,ビワコヒルズビレッジ,520-1652,高島市今津町福岡,高島市今津町福岡１１１７－１７,１１１７－１７,株式会社キューブ,R04/08/01,簡易宿所,,,高島
旅館業,ＧＬＡＭＰＩＮＧ ＆ ＣＡＦＥ ＭＵＫＵ,520-1833,高島市マキノ町蛭口,高島市マキノ町蛭口１６６３－１,１６６３－１,有限会社岡山ホーユー,R04/09/14,簡易宿所,,,高島
旅館業,別邸高島,520-1232,高島市安曇川町北船木,高島市安曇川町北船木２６２８,２６２８,,R05/01/12,簡易宿所,,,高島
旅館業,ロッジ・ゲレンデ,520-1415,高島市朽木柏,高島市朽木柏１６５－４,１６５－４,,R04/09/05,簡易宿所,,,高島
旅館業,Ｐｒｉｖａｔｅ Ｌｏｇ Ｈｏｕｓｅ ‘ＯＬＩ’ＯＬＩの 木,520-1837,高島市マキノ町白谷,高島市マキノ町白谷５－１１３,５－１１３,,R04/10/25,簡易宿所,,,高島
旅館業,民宿 五平,520-1655,高島市今津町日置前,高島市今津町日置前２８８４－１,２８８４－１,,R01/12/24,簡易宿所,,,高島
旅館業,ＳＵＮＸＹ ＩＭＡＺＵ,520-1651,高島市今津町酒波,高島市今津町酒波４０１－３,４０１－３,株式会社サンクシー,R05/02/08,簡易宿所,,,高島
旅館業,Ｃ．Ｂ チェリー、ブロッサム,520-1823,高島市マキノ町中庄,高島市マキノ町中庄１２１７－１０,１２１７－１０,,R05/01/23,旅館・ホテル,,,高島
旅館業,ビワコヒルズ,520-1652,高島市今津町福岡,高島市今津町福岡１１７６－２０,１１７６－２０,,R04/11/02,簡易宿所,,,高島
旅館業,レイク ヴィラ カンナ,520-1603,高島市今津町北仰,高島市今津町北仰５１８－１７,５１８－１７,,R04/11/16,簡易宿所,,,高島
旅館業,Ｐｒｅｍｉｕｍ Ｄｏｇ Ｒｅｓｏｒｔ ＶＩＬＬＡ ＭＡ ＫＩＮＯ,520-1814,高島市マキノ町知内,高島市マキノ町知内１８８４－７,１８８４－７,株式会社にしがき,R04/04/20,簡易宿所,,,高島
旅館業,Ｃｏｇｉｔｏ Ｓｔａｙ,520-1111,高島市鴨,高島市鴨１３１８－３,１３１８－３,,R04/12/01,簡易宿所,,,高島
旅館業,グランピーハウス マキノ,520-1812,高島市マキノ町西浜,高島市マキノ町西浜９９５－２３,９９５－２３,株式会社ａｄｄ ｒｏｏｍ ｐｌｕｓ,R05/06/27,簡易宿所,,,高島
旅館業,Ｔａｌａｖｏｙａｇｅ,520-1823,高島市マキノ町中庄,高島市マキノ町中庄１２０４－２,１２０４－２,明清建設工業株式会社,R06/01/29,旅館・ホテル,,,高島
旅館業,ｓｏｉｌ ｓｍａｌｌｈｏｔｅｌ＆ｐｒｉｖａｔｅｇｌａｍ ｐｉｎｇ,520-1431,高島市朽木小川,高島市朽木小川４１３－１、４１４，４１５， ４１６番,４１３－１、４１４，４１５， ４１６番,株式会社商建,R05/08/31,簡易宿所,,,高島
旅館業,湖心,520-1232,高島市安曇川町北船木,高島市安曇川町北船木２０５４－１,２０５４－１,,R05/04/17,簡易宿所,,,高島
旅館業,ＢＳＬ海津,520-1811,高島市マキノ町海津,高島市マキノ町海津２０７３,２０７３,ＢＳＬ株式会社,R05/03/10,簡易宿所,,,高島
旅館業,ＢＩＷＡ ＧＡＬＡＸＹ,520-1112,高島市永田,高島市永田８－４５,８－４５,日本大同投資株式会社,R05/04/12,簡易宿所,,,高島
旅館業,キャンプコテージ ＴＡＬＯ,520-1645,高島市今津町椋川,高島市今津町椋川１７０７－２５,１７０７－２５,,R05/04/27,簡易宿所,,,高島
旅館業,琵犬湖ＲＩＫＩＳＡＫＵ,520-1823,高島市マキノ町中庄,高島市マキノ町中庄１２５４－４,１２５４－４,株式会社Ｓ－ＰＲＯ,R05/09/06,簡易宿所,,,高島
旅館業,うさぎや,520-1621,高島市今津町今津,高島市今津町今津６３,６３,株式会社ナル・デベロップメンツ,R05/04/24,簡易宿所,,,高島
旅館業,ＢＳＬ今津２号,520-1621,高島市今津町今津,高島市今津町今津１５８２－６,１５８２－６,ＢＳＬ株式会社,R05/06/07,簡易宿所,,,高島
旅館業,Ｒｅｓｏｒｅａｔ Ｔａｋａｓｈｉｍａ,520-1604,高島市今津町浜分,高島市今津町浜分３８－７，３８－８,３８－７，３８－８,株式会社関西ビル管理サービス,R05/06/26,簡易宿所,,,高島
旅館業,Ｖｉｌｌａ Ｍｅｔａｓｅｑｕｏｉａ,520-1837,高島市マキノ町白谷,高島市マキノ町白谷１６－８３,１６－８３,,R05/07/10,簡易宿所,,,高島
旅館業,ＢＳＬマキノ沢,520-1821,高島市マキノ町沢,高島市マキノ町沢１６１－５,１６１－５,ＢＳＬ株式会社,R05/07/18,簡易宿所,,,高島
旅館業,高野倶楽部,520-1112,高島市永田,高島市永田２８－２,２８－２,高野住商株式会社,R05/06/23,簡易宿所,,,高島
旅館業,Ｔａｋａ.Ｓｔａ(Ｎａｔｕｒａｌ Ｓｐｏｔ Ｔａｋａｓｈｉ ｍａ Ｉｎｔｅｒｎａｔｉｏｎｓ Ｓｔａｔｉｏｎ),520-1121,高島市勝野,高島市勝野１－１２９,１－１２９,株式会社Ｃｉｖｉｌ Ａｓｓｉｓｔ,R05/06/26,簡易宿所,,,高島
旅館業,琵琶湖ヒルズビレッジ コテージ,520-1652,高島市今津町福岡,高島市今津町福岡１１１７－１７，２１,１１１７－１７，２１,株式会社キューブ,R05/07/07,簡易宿所,,,高島
旅館業,ＷＡＳＵＫＩ ＢＡＳＥ びわ湖 ＧＵＥＳＴ ＨＯＵＳＥ,520-1812,高島市マキノ町西浜,高島市マキノ町西浜７６１－１,７６１－１,株式会社ともいきリゾーツ滋賀,R05/12/04,旅館・ホテル,,,高島
旅館業,グリーン・ビュー・ロッジ,520-1652,高島市今津町福岡,高島市今津町福岡１１５６－９,１１５６－９,,R05/11/17,簡易宿所,,,高島
旅館業,ＷＡＳＵＫＩ ＢＡＳＥ びわ湖,520-1814,高島市マキノ町知内,高島市マキノ町知内８７,８７,株式会社ともいきリゾーツ滋賀,R05/07/03,簡易宿所,,,高島
旅館業,ＰＥＡＣＥ ＯＦ ＲＥＳＴ ＴＡＫＡＳＨＩＭＡ,520-1502,高島市新旭町針江,高島市新旭町針江２番１５０／２４０／２４１,２番１５０／２４０／２４１,株式会社Ａ．Ｃ．Ｏ,R05/11/07,簡易宿所,,,高島
旅館業,貸別荘３－Ｅ－１０,520-1502,高島市新旭町針江,高島市新旭町針江４－６５,４－６５,有限会社常樂園,R05/11/02,簡易宿所,,,高島
旅館業,マキノメタセコイヤグランピング,520-1835,高島市マキノ町石庭,高島市マキノ町石庭４８５番１の一部、４８５番３ の一部、４８５番４の一部,４８５番１の一部、４８５番３ の一部、４８５番４の一部,株式会社 プロキャリ・ライフケア,R05/11/07,簡易宿所,,,高島
旅館業,ＮＥＳＴ琵琶湖 マキノ,520-1822,高島市マキノ町新保,高島市マキノ町新保１４６－１,１４６－１,株式会社 ドレメ,R06/01/17,簡易宿所,,,高島
旅館業,ＢＳＬ青柳,520-1221,高島市安曇川町青柳,高島市安曇川町青柳２１８８－２４,２１８８－２４,ＢＳＬ株式会社,R05/11/02,簡易宿所,,,高島
旅館業,ＳＵＮＸＹ ＫＩＴＯＧＥ,520-1603,高島市今津町北仰,高島市今津町北仰４５４－４４,４５４－４４,株式会社サンクシー,R06/07/10,簡易宿所,,,高島
旅館業,とっくりＨＯＵＳＥ,520-1217,高島市安曇川町田中,高島市安曇川町田中４３２８,４３２８,,R06/08/06,簡易宿所,,,高島
旅館業,ｂｅａｕ ｌａｃ ｂｉｗａｋｏ,520-1654,高島市今津町梅原,高島市今津町梅原１２２５－１８,１２２５－１８,株式会社インスピレーション,R06/02/27,簡易宿所,,,高島
旅館業,ＮＩＯ,520-1121,高島市勝野,高島市勝野５８３番地,５８３番地,株式会社唐輿,R06/08/09,簡易宿所,,,高島
旅館業,ＢＳＬ 下小川 ２１９４－５,520-1223,高島市安曇川町下小川,高島市安曇川町下小川２１９４－５,２１９４－５,ＢＳＬ株式会社,R06/01/10,簡易宿所,,,高島
旅館業,ＲＩＬＡ,520-1201,高島市安曇川町上古賀,高島市安曇川町上古賀２０８９－５５,２０８９－５５,株式会社ノエラ,R06/05/22,旅館・ホテル,,,高島
旅館業,オーベルジュ晴遊,520-1821,高島市マキノ町沢,高島市マキノ町沢１４９５－２,１４９５－２,,R06/04/10,簡易宿所,,,高島
旅館業,ＡＣＯＡ Ｔａｋａｓｈｉｍａ,520-1121,高島市勝野,高島市勝野５１１－５,５１１－５,平安建設工業株式会社,R06/10/18,簡易宿所,,,高島
旅館業,ＶＩＬＬＡ ＯＮＥ,520-1835,高島市マキノ町石庭,高島市マキノ町石庭５０３番地５、６,５０３番地５、６,ＰＬＵＳ ＯＮＥ株式会社,R06/09/27,簡易宿所,,,高島
旅館業,レイクサイドヴィラ びわ湖高島,520-1223,高島市安曇川町下小川,高島市安曇川町下小川２２４９番１５,２２４９番１５,有限会社 西谷出版印刷社,R06/07/19,簡易宿所,,,高島
旅館業,Ｍａｋｉｎｏ ＭｅｇＲｉａ,520-1837,高島市マキノ町白谷,高島市マキノ町白谷３５番地３,３５番地３,,R06/03/14,簡易宿所,,,高島
旅館業,ヴィラびわ湖浜分,520-1604,高島市今津町浜分,高島市今津町浜分８８－５２,８８－５２,合同会社ＳＲＥ,R06/02/19,簡易宿所,,,高島
旅館業,バンブーの子 のすたる路＆智庵海津店,520-1811,高島市マキノ町海津,高島市マキノ町海津２０６１,２０６１,,R06/03/06,簡易宿所,,,高島
旅館業,フラワーホーム,520-1502,高島市新旭町針江,高島市新旭町針江５－３０９,５－３０９,株式会社フラワーホーム,R06/08/26,簡易宿所,,,高島
旅館業,美月庵,520-1837,高島市マキノ町白谷,高島市マキノ町白谷３１番地５,３１番地５,ＫＡＮＡＩ株式会社,R06/07/11,簡易宿所,,,高島
旅館業,ドギーズグランピング滋賀今津浜,520-1604,高島市今津町浜分,高島市今津町浜分３６２－１,３６２－１,株式会社ＬＵＣＫＥＬ,R06/04/19,簡易宿所,,,高島
旅館業,Ｌ～ＳＨＡ,520-1502,高島市新旭町針江,高島市新旭町針江１４３２番１７９、３８６,１４３２番１７９、３８６,,R06/05/29,簡易宿所,,,高島
旅館業,ＩＺＡ ｔａｋａｓｈｉｍａ 湊,520-1631,高島市今津町名小路二 丁目,高島市今津町名小路二 丁目６－６,６－６,合同会社パインズプレミアム,R06/06/14,簡易宿所,,,高島
旅館業,Ｈｕｂ－Ｆｕｎ,520-1122,高島市鵜川,高島市鵜川３１４－１,３１４－１,梅田旭土地株式会社,R06/06/07,簡易宿所,,,高島
旅館業,びわ湖と暮らす家 あどまーる,520-1601,高島市今津町深清水,高島市今津町深清水６４４番地,６４４番地,一般社団法人ぷらすたいむず,R07/02/03,簡易宿所,,,高島
旅館業,ＲＵＫＡＷＡ,520-1604,高島市今津町浜分,高島市今津町浜分５９０,５９０,株式会社Ｒ－ＰＲＯ,R06/04/15,旅館・ホテル,,,高島
旅館業,ＡＲＣＨ ＨＯＵＳＥ ＴＡＫＡＳＨＩＭＡ,520-1654,高島市今津町梅原,高島市今津町梅原１２９９番地２１,１２９９番地２１,,R06/04/10,簡易宿所,,,高島
旅館業,和（なごみ）,520-1831,高島市マキノ町上開田,高島市マキノ町上開田２１７,２１７,,R06/05/23,簡易宿所,,,高島
旅館業,農家のお宿 三左衛門邸,520-1601,高島市今津町深清水,高島市今津町深清水１０１０－１,１０１０－１,日本銘生合同会社,R06/04/22,簡易宿所,,,高島
旅館業,高島畔舎,520-1121,高島市勝野,高島市勝野５１１－１,５１１－１,株式会社貴舩,R06/08/06,簡易宿所,,,高島
旅館業,ＢＳＬ青柳２,520-1221,高島市安曇川町青柳,高島市安曇川町青柳２１６９－９１,２１６９－９１,ＢＳＬ株式会社,R06/04/22,簡易宿所,,,高島
旅館業,ゲストハウスＢＯＮ,520-1655,高島市今津町日置前,高島市今津町日置前２９０７－１,２９０７－１,,R06/05/02,簡易宿所,,,高島
旅館業,湖畔の隠れ家・知風邸 ３－Ｒ－１１,520-1502,高島市新旭町針江,高島市新旭町針江２－３０７,２－３０７,,R06/06/05,簡易宿所,,,高島
旅館業,ＢＳＬ知内,520-1814,高島市マキノ町知内,高島市マキノ町知内１９１０－８,１９１０－８,ＢＳＬ株式会社,R06/06/13,簡易宿所,,,高島
旅館業,レイワハウス,520-1502,高島市新旭町針江,高島市新旭町針江５番地２０６,５番地２０６,東小橋株式会社,R06/06/24,簡易宿所,,,高島
旅館業,澄の宿,520-1112,高島市永田,高島市永田１２－３２,１２－３２,,R06/07/12,簡易宿所,,,高島
旅館業,カバタハウス,520-1521,高島市新旭町北畑,高島市新旭町北畑７３９,７３９,,R07/01/27,簡易宿所,,,高島
旅館業,ホタル屋,520-1501,高島市新旭町旭,高島市新旭町旭８０９－６,８０９－６,,R06/09/12,簡易宿所,,,高島
旅館業,鯖山荘 山川－ＳａｎＳｅｎ－,520-1425,高島市朽木栃生,高島市朽木栃生１１６９－４,１１６９－４,株式会社ニニギ,R06/07/29,簡易宿所,,,高島
旅館業,３－Ｒ－１,520-1502,高島市新旭町針江,高島市新旭町針江２番地２９９,２番地２９９,株式会社ダイトウ,R06/09/13,簡易宿所,,,高島
旅館業,ＢＳＬ安曇川田中,520-1217,高島市安曇川町田中,高島市安曇川町田中８３３－６,８３３－６,ＢＳＬ株式会社,R06/11/14,簡易宿所,,,高島
旅館業,丸喜邸,520-1454,高島市朽木能家,高島市朽木能家１７６番地,１７６番地,株式会社ＥＮＯＮ,R07/06/03,簡易宿所,,,高島
旅館業,ＰＥＧＡＳＵＳ,520-1235,高島市安曇川町横江浜,高島市安曇川町横江浜３０,３０,ウイング株式会社,R06/10/25,簡易宿所,,,高島
旅館業,碧,520-1655,高島市今津町日置前,高島市今津町日置前１３３２番地１,１３３２番地１,株式会社京と家,R06/11/01,簡易宿所,,,高島
旅館業,ゲストハウス加茂川,520-1223,高島市安曇川町下小川,高島市安曇川町下小川２３２９－１９他,２３２９－１９他,有限会社白浜荘,R07/07/14,旅館・ホテル,,,高島
旅館業,ＭＡＫＩＮＯ ＢＯＯＴＨ,520-1837,高島市マキノ町白谷,高島市マキノ町白谷５－１３５,５－１３５,北山石油株式会社,R07/07/22,簡易宿所,,,高島
旅館業,Ｌａｋｅ Ｖｉｌｌａｇｅ 山紫水明,520-1502,高島市新旭町針江,高島市新旭町針江１０３９番７４,１０３９番７４,,R06/12/09,簡易宿所,,,高島
旅館業,レイクウエスト,520-1502,高島市新旭町針江,高島市新旭町針江１０４９－３、１４３７－１２,１０４９－３、１４３７－１２,ウエストヒルズ有限会社,R07/07/09,簡易宿所,,,高島
旅館業,葉隠庵 離,520-1655,高島市今津町日置前,高島市今津町日置前２００９－９,２００９－９,株式会社ニニギ,R07/04/30,簡易宿所,,,高島
旅館業,マキノテラス,520-1836,高島市マキノ町牧野,高島市マキノ町牧野６１０－４６,６１０－４６,株式会社キッパーズ,R07/02/19,簡易宿所,,,高島
旅館業,Ｐｒｉｖａｔｅ Ｖｉｌｌａ ２６６１,520-1223,高島市安曇川町下小川,高島市安曇川町下小川２６６１－３,２６６１－３,,R07/04/04,簡易宿所,,,高島
旅館業,琵琶湖ｖｉｌｌａ白鬚,520-1122,高島市鵜川,高島市鵜川５３５－１,５３５－１,株式会社関西ビル管理サービス,R07/03/10,簡易宿所,,,高島
旅館業,ＫＯＨＡＲＵＲＩ邸 奥琵琶,520-1223,高島市安曇川町下小川,高島市安曇川町下小川２２４９番１０,２２４９番１０,合同会社ＫＯＨＡＲＵＲＩ,R07/10/28,簡易宿所,,,高島
旅館業,ＨＩＴＯＳＥ,520-1502,高島市新旭町針江,高島市新旭町針江１４３２－２７０,１４３２－２７０,ｎｏｔｉｏｎ株式会社,R07/04/24,簡易宿所,,,高島
旅館業,ヴィラ高島,520-1654,高島市今津町梅原,高島市今津町梅原１２９９－１２,１２９９－１２,,R07/03/10,簡易宿所,,,高島
旅館業,遊友,520-1811,高島市マキノ町海津,高島市マキノ町海津２４５７,２４５７,,R07/03/14,簡易宿所,,,高島
旅館業,湖辺のくつろぎ、時々サウナ,520-1502,高島市新旭町針江,高島市新旭町針江１０３９－７,１０３９－７,,R07/08/18,簡易宿所,,,高島
旅館業,湖の間,520-1112,高島市永田,高島市永田１０３－８１,１０３－８１,,R07/03/26,簡易宿所,,,高島
旅館業,ＴＡＫＡＳＨＩＭＡ ＢＥＳＴ ＳＯ！,520-1502,高島市新旭町針江,高島市新旭町針江１０３９－９０、１０３９－９ １,１０３９－９０、１０３９－９ １,,R07/09/12,簡易宿所,,,高島
旅館業,湖Ｃｏ,520-1502,高島市新旭町針江,高島市新旭町針江１４３１－２９,１４３１－２９,,R07/06/03,簡易宿所,,,高島
旅館業,Ｖｉｌｌａ Ｄｏｇｉｋａ ＴＡＫＡＳＨＩＭＡ,520-1502,高島市新旭町針江,高島市新旭町針江５番地１６５,５番地１６５,,R07/11/25,簡易宿所,,,高島
旅館業,ＢＳＬ梅原２号,520-1654,高島市今津町梅原,高島市今津町梅原１３００－１２,１３００－１２,ＢＳＬ株式会社,R07/04/30,簡易宿所,,,高島
旅館業,ＢＳＬ安曇川２号,520-1223,高島市安曇川町下小川,高島市安曇川町下小川１５６６－８２,１５６６－８２,ＢＳＬ株式会社,R07/04/30,簡易宿所,,,高島
旅館業,ＢＹ ＴＨＥ ＢＩＷＡＫＯ,520-1531,高島市新旭町饗庭,高島市新旭町饗庭４０３６－１、４０３７－６,４０３６－１、４０３７－６,,R07/05/01,簡易宿所,,,高島
旅館業,ＢＳＬ西万木アパート,520-1212,高島市安曇川町西万木,高島市安曇川町西万木２９６－１７,２９６－１７,ＢＳＬ株式会社,R07/05/01,簡易宿所,,,高島
旅館業,ｓｏｔｏ ｂａｓｅ,520-1802,高島市マキノ町野口,高島市マキノ町野口８０１,８０１,,R07/04/15,簡易宿所,,,高島
旅館業,ｂｅａｕ ｌａｃ ｂｉｗａｋｏ ａｎｎｅｘ,520-1654,高島市今津町梅原,高島市今津町梅原１２６２－２１,１２６２－２１,株式会社インスピレーション,R07/05/15,簡易宿所,,,高島
旅館業,西浜の家、浜の家,520-1223,高島市安曇川町下小川,高島市安曇川町下小川２３００－２０,２３００－２０,有限会社白浜荘,R07/04/30,簡易宿所,,,高島
旅館業,ＢＳＬ新旭太田１号,520-1512,高島市新旭町太田,高島市新旭町太田２２２５－５６,２２２５－５６,ＢＳＬ株式会社,R07/05/09,簡易宿所,,,高島
旅館業,Ｇａｌａｘｙ Ｐｏｏｌ Ｒｅｓｏｒｔ ４ 銀河プールリ ゾート４,520-1112,高島市永田,高島市永田１０２番５８,１０２番５８,日本大同投資株式会社,R07/07/28,簡易宿所,,,高島
旅館業,ＢＳＬ鴨川平１号,520-1133,高島市鴨川平三丁目,高島市鴨川平三丁目５－９,５－９,ＢＳＬ株式会社,R07/06/23,簡易宿所,,,高島
旅館業,Ｇａｌａｘｙ Ｇｌａｍｐｉｎｇ Ｄｏｇ Ｐｒｅｍｉｕｍ,520-1223,高島市安曇川町下小川,高島市安曇川町下小川２２３２番１８,２２３２番１８,日本大同投資株式会社,R07/12/19,簡易宿所,,,高島
旅館業,Ｇａｌａｘｙ Ｓｔａｒｄｕｓｔ Ｖｉｌｌａ １,520-1223,高島市安曇川町下小川,高島市安曇川町下小川２２４９番２３,２２４９番２３,日本大同投資株式会社,R07/09/05,簡易宿所,,,高島
旅館業,麗－うらら－,520-1837,高島市マキノ町白谷,高島市マキノ町白谷１６１－１,１６１－１,,R07/08/01,簡易宿所,,,高島
旅館業,ニュー白浜オートキャンプ場,520-1223,高島市安曇川町下小川,高島市安曇川町下小川２３２９－１０,２３２９－１０,,R07/06/30,簡易宿所,,,高島
旅館業,風車村びわ湖の家１１０１,520-1502,高島市新旭町針江,高島市新旭町針江１０３９－９６,１０３９－９６,,R07/09/12,簡易宿所,,,高島
旅館業,湖恵夢～ｋｏｅｍｕ～,520-1502,高島市新旭町針江,高島市新旭町針江１０２０－２、１０２２－１３,１０２０－２、１０２２－１３,,R07/08/26,簡易宿所,,,高島
旅館業,琵琶湖レイクサイド温泉ＶｉｌｌａログハウスＷｏｏｄｙ,520-1502,高島市新旭町針江,高島市新旭町針江５－２８３,５－２８３,ＲＳＹロボテック合同会社,R07/09/30,簡易宿所,,,高島
旅館業,ヴィラ湖西,520-1601,高島市今津町深清水,高島市今津町深清水２３２７－３１,２３２７－３１,,R07/07/28,簡易宿所,,,高島
旅館業,ＬＡＫＥ ＳＡＵＮＡ ＲＥＳＯＲＴ ｔａｋａｓｈｉｍａ ＰＯＯＬ ＶＩＬＬＡ 莉,520-1121,高島市勝野,高島市勝野５００番地１０,５００番地１０,株式会社ロックシステム,R07/08/28,簡易宿所,,,高島
旅館業,ＬＹＳ ＡＩＢＡ ＨＯＵＳＥ,520-1531,高島市新旭町饗庭,高島市新旭町饗庭８５３－２,８５３－２,ＬＹＳ株式会社,R07/09/30,簡易宿所,,,高島
旅館業,Ｂｒｉｄｇｅ Ｓｔａｙ ＢＩＷＡＫＯ ｐｒｅｍｉｕｍ,520-1502,高島市新旭町針江,高島市新旭町針江１４３２番,１４３２番,株式会社ウェルカム・ジャパン,R07/08/21,簡易宿所,,,高島
旅館業,アクアヴィラ,520-1502,高島市新旭町針江,高島市新旭町針江５－１５２，５－１５３,５－１５２，５－１５３,有限会社ビーネット,R07/07/10,簡易宿所,,,高島
旅館業,湧き水の森ゲストハウス,520-1501,高島市新旭町旭,高島市新旭町旭１６７,１６７,,R07/09/12,簡易宿所,,,高島
旅館業,グランピーナアウトドアーズ,520-1812,高島市マキノ町西浜,高島市マキノ町西浜９９５－２５,９９５－２５,,R07/09/16,簡易宿所,,,高島
旅館業,林亭 宿－ＳＨＵＫＵ－,520-1655,高島市今津町日置前,高島市今津町日置前２０１６－１６,２０１６－１６,株式会社ニニギ,R07/08/01,簡易宿所,,,高島
旅館業,エンジェルズ,520-1652,高島市今津町福岡,高島市今津町福岡１１６１－７,１１６１－７,,R07/09/19,簡易宿所,,,高島
旅館業,フォレストヴィライーリオびわ湖,520-1655,高島市今津町日置前,高島市今津町日置前３８３番地８６,３８３番地８６,,R07/10/24,簡易宿所,,,高島
旅館業,ＳＵＮＸＹ ＦＯＲＥＳＴ,520-1613,高島市今津町上弘部,高島市今津町上弘部７４３－１８,７４３－１８,株式会社サンクシー,R07/12/04,簡易宿所,,,高島
旅館業,Ｇａｌａｘｙ Ｐｏｏｌ Ｒｅｓｏｒｔ５ 銀河プールリ ゾート５,520-1112,高島市永田,高島市永田１２－８０,１２－８０,日本大同投資株式会社,R07/08/26,簡易宿所,,,高島
旅館業,Ｗｉｎｅ Ｖｉｌｌａｇｅ Ｔａｋａｓｈｉｍａ,520-1217,高島市安曇川町田中,高島市安曇川町田中２４４７,２４４７,,R08/04/10,簡易宿所,,,高島
旅館業,Ｇａｌａｘｙ Ｐｏｏｌ Ｒｅｓｏｒｔ１ 銀河プールリ ゾート１,520-1112,高島市永田,高島市永田１０３番２５,１０３番２５,日本大同投資株式会社,R07/10/09,簡易宿所,,,高島
旅館業,Ｇａｌａｘｙ Ｐｏｏｌ Ｒｅｓｏｒｔ２ 銀河プールリ ゾート２,520-1112,高島市永田,高島市永田１０２番５５,１０２番５５,日本大同投資株式会社,R07/10/09,簡易宿所,,,高島
旅館業,Ｇａｌａｘｙ Ｐｏｏｌ Ｒｅｓｏｒｔ３ 銀河プールリ ゾート３,520-1112,高島市永田,高島市永田１０２番１９,１０２番１９,日本大同投資株式会社,R07/10/09,簡易宿所,,,高島
旅館業,ＬＡＫＥ ＳＡＵＮＡ ＲＥＳＯＲＴ ｔａｋａｓｈｉｍａ ＳＵＩＴＥ ＶＩＬＬＡ 惺,520-1121,高島市勝野,高島市勝野５００番地８,５００番地８,株式会社ｍｉｇｈｔｙ,R07/11/20,簡易宿所,,,高島
旅館業,睦屋ライステラス Ｓｈｉｇａ,520-1143,高島市黒谷,高島市黒谷８３２,８３２,,R08/05/01,簡易宿所,,,高島
旅館業,ｐａｓｔｏｒａｌｅ,520-1503,高島市新旭町深溝,高島市新旭町深溝４７１－１２,４７１－１２,株式会社瀧匠,R08/03/03,簡易宿所,,,高島
旅館業,ＶＩＬＬＡ ＯＮＥ ＳＯＲＡ,520-1835,高島市マキノ町石庭,高島市マキノ町石庭４４２番５,４４２番５,株式会社ＲＥＺＥＬ,R08/04/03,簡易宿所,,,高島
旅館業,Ｂｉｗａｋｏ Ｖｉｌｌａ 縁,520-1812,高島市マキノ町西浜,高島市マキノ町西浜１３８５－１１,１３８５－１１,,R08/02/04,簡易宿所,,,高島
旅館業,ＰＯＬＡＲＩＳ,520-1837,高島市マキノ町白谷,高島市マキノ町白谷２７１－１,２７１－１,株式会社ゼンゾー,R07/11/05,簡易宿所,,,高島
旅館業,和旅－ＷＡＴＡＢＩ－琵琶湖今津,520-1623,高島市今津町住吉二丁 目,高島市今津町住吉二丁 目１－１７,１－１７,株式会社ＪＲＥＮ,R08/04/28,簡易宿所,,,高島
旅館業,Ｓｈｉｇａ Ｌａｋｅｓｉｄｅ Ｌｏｇｈｏｕｓｅ Ｋｉｔ ｏｇｅ２,520-1603,高島市今津町北仰,高島市今津町北仰２１７番３４,２１７番３４,株式会社コーナン,R08/04/03,旅館・ホテル,,,高島
旅館業,うらら高島,520-1141,高島市高島,高島市高島１２８７－１,１２８７－１,ディーアンドワイ株式会社,R08/06/01,簡易宿所,,,高島
旅館業,ｂｉｗａ ｋｉｔｏｇｅ,520-1603,高島市今津町北仰,高島市今津町北仰８－１,８－１,ＥＳＫインターナショナル株式会社,R08/02/16,簡易宿所,,,高島
旅館業,ｂｅａｕ ｌａｃ ｂｉｗａｋｏ 箱館山,520-1655,高島市今津町日置前,高島市今津町日置前３５４０－７,３５４０－７,株式会社インスピレーション,R08/01/30,簡易宿所,,,高島
旅館業,Ｔａｋａ．Ｓｔａ ＣａｍｐＳｉｔｅ,520-1223,高島市安曇川町下小川,高島市安曇川町下小川２３８２－１４,２３８２－１４,株式会社Ｃｉｖｉｌ Ａｓｓｉｓｔ,R08/05/19,簡易宿所,,,高島
旅館業,ＫＩＺＵＮＡ－絆－,520-1531,高島市新旭町饗庭,高島市新旭町饗庭２０５８,２０５８,,R08/04/23,簡易宿所,,,高島
旅館業,Ｗｏｒｋａｔｉｏｎ Ｖｉｌｌａ ｔａｋａｓｈｉｍａ,520-1121,高島市勝野,高島市勝野５００番地１２,５００番地１２,株式会社ＬＤＫプロジェクト,R08/03/19,簡易宿所,,,高島
旅館業,ＲＳ ＧＬＡＭＰＩＮＧ,520-1604,高島市今津町浜分,高島市今津町浜分３８－１１,３８－１１,株式会社リアンベース,R08/04/13,簡易宿所,,,高島
旅館業,奥琵琶湖マキノグランドパークホテル,520-1812,高島市マキノ町西浜,高島市マキノ町西浜７６３番２,７６３番２,株式会社マックアース,R08/04/01,旅館・ホテル,,,高島
旅館業,マキノサニーステイ,520-1813,高島市マキノ町高木浜 一丁目,高島市マキノ町高木浜 一丁目５－５ マキノサニービル２階,５－５ マキノサニービル２階,株式会社穂なみ,R08/06/25,簡易宿所,,,高島
旅館業,安曇川荘,520-1401,高島市朽木市場,高島市朽木市場５５２番地,５５２番地,,R08/03/30,簡易宿所,,,高島
旅館業,Ｆｒｉｅｎｄｓ びわ湖,520-1604,高島市今津町浜分,高島市今津町浜分４７－８２,４７－８２,,R08/04/27,簡易宿所,,,高島
旅館業,美加久,520-1836,高島市マキノ町牧野,高島市マキノ町牧野２２９,２２９,,R08/04/10,簡易宿所,,,高島
旅館業,ＰＯＬＡＲＩＳ,520-1837,高島市マキノ町白谷,高島市マキノ町白谷２７１－１,２７１－１,株式会社ゼンゾー,R08/05/29,簡易宿所,,,高島
旅館業,きのこの館 みのりの館,520-1601,高島市今津町深清水,高島市今津町深清水２４０５－１,２４０５－１,公益財団法人ひばり,R08/04/27,簡易宿所,,,高島
旅館業,Ｇａｌａｘｙ Ｓｔａｒｄｕｓｔ ２,520-1223,高島市安曇川町下小川,高島市安曇川町下小川２２４９番地２２,２２４９番地２２,日本大同投資株式会社,R08/05/28,簡易宿所,,,高島
旅館業,Ｇａｌａｘｙ Ｓｔａｒｄｕｓｔ ３,520-1223,高島市安曇川町下小川,高島市安曇川町下小川２２４９番地２３,２２４９番地２３,日本大同投資株式会社,R08/05/28,簡易宿所,,,高島
旅館業,柃舞庵,520-1502,高島市新旭町針江,高島市新旭町針江１４３２－２５２,１４３２－２５２,株式会社アドバンスホーム,R08/05/29,簡易宿所,,,高島
旅館業,ＬＡＫＥ ＳＡＵＮＡ ＲＥＳＯＲＴ ｔａｋａｓｈｉｍａ ＳＵＩＴＥ ＶＩＬＬＡ 碧,520-1121,高島市勝野,高島市勝野５００番地９,５００番地９,株式会社ＬＤＫプロジェクト,R08/07/27,簡易宿所,,,高島
旅館業,１０８８,520-1601,高島市今津町深清水,高島市今津町深清水１０８８,１０８８,,R08/06/23,簡易宿所,,,高島
旅館業,ちいさなリトリート琵琶湖,520-1502,高島市新旭町針江,高島市新旭町針江２－１１０,２－１１０,株式会社Ｊ－ＳＰＯＲＴＳ,R08/07/16,簡易宿所,,,高島
公衆浴場,ＳＩＧＮＡＬ,524-0201,野洲市吉川,野洲市吉川３３２６－１,３３２６－１,,R07/09/04,私営・サウナ,,,草津
公衆浴場,栗東市立自然体験学習センター,520-3002,栗東市観音寺,栗東市観音寺４５９－２０,４５９－２０,栗東市,R07/11/27,公営・その他,,,草津
公衆浴場,Ｇパーク信楽ゴルフ倶楽部,529-1821,甲賀市信楽町多羅尾,甲賀市信楽町多羅尾１５７７,１５７７,株式会社ジービーエス,H10/12/28,私営・ヘルス,,,甲賀
公衆浴場,オーパスフィットネスクラブ水口,528-0058,甲賀市水口町北泉二丁 目,甲賀市水口町北泉二丁 目３５,３５,株式会社オーパス,H14/10/29,私営・ヘルス,,,甲賀
公衆浴場,オレンジ・シガカントリークラブハウス,529-1801,甲賀市信楽町宮町,甲賀市信楽町宮町１０００,１０００,オレンジシガ株式会社,S59/07/20,私営・ヘルス,,,甲賀
公衆浴場,コムウッドゴルフクラブ,520-3415,甲賀市甲賀町大原上田,甲賀市甲賀町大原上田１１１,１１１,ダイワロイヤルゴルフ株式会 社,H19/03/30,私営・ヘルス,,,甲賀
公衆浴場,ザ・カントリークラブ,529-1803,甲賀市信楽町牧,甲賀市信楽町牧１７８２－２,１７８２－２,リゾートトラストゴルフ事業 株式会社,H06/07/13,私営・ヘルス,,,甲賀
公衆浴場,センチュリー・シガ・ゴルフクラブ,520-3302,甲賀市甲南町池田,甲賀市甲南町池田２１１８,２１１８,リクレスト株式会社,S60/06/13,私営・ヘルス,,,甲賀
公衆浴場,ダイヤモンド滋賀（アクア）,528-0208,甲賀市土山町黒川,甲賀市土山町黒川１７１１,１７１１,株式会社ダイヤモンドソサエ ティ,H16/03/29,私営・サウナ,,,甲賀
公衆浴場,ダイヤモンド滋賀（ゴルフ）,528-0208,甲賀市土山町黒川,甲賀市土山町黒川１７１１,１７１１,株式会社ダイヤモンドソサエ ティ,H16/03/29,私営・ヘルス,,,甲賀
公衆浴場,ダイヤモンド滋賀温浴棟,528-0208,甲賀市土山町黒川,甲賀市土山町黒川１７１１,１７１１,株式会社ダイヤモンドソサエ ティ,H20/04/22,私営・その他,,,甲賀
公衆浴場,タラオカントリークラブ,529-1821,甲賀市信楽町多羅尾,甲賀市信楽町多羅尾５７,５７,株式会社三栄開発,S61/06/24,私営・ヘルス,,,甲賀
公衆浴場,タラオレイクヴィラ 信楽温泉 多羅尾乃湯,529-1821,甲賀市信楽町多羅尾,甲賀市信楽町多羅尾１番地,１番地,株式会社三栄開発,H13/04/23,私営・ヘルス,,,甲賀
公衆浴場,ベアズパウジャパンカントリークラブ,528-0065,甲賀市水口町春日,甲賀市水口町春日１４６番地,１４６番地,株式会社春日ゴルフ,H12/12/28,私営・ヘルス,,,甲賀
公衆浴場,Ｔｈｅｒａｐｙ ｚｏｎｅ Ｇｒａｎｄ Ｂｌｕｅ,520-3015,栗東市安養寺七丁目,栗東市安養寺七丁目１－１８エステートビル１Ｆ,１－１８エステートビル１Ｆ,有限会社碧 ＢＬＵＥ,H17/08/04,私営・その他,,,草津
公衆浴場,グンゼスポーツクラブ 南草津店,525-0050,草津市南草津二丁目,草津市南草津二丁目５－６,５－６,グンゼスポーツ株式会社,H20/03/24,私営・その他,,,草津
公衆浴場,ゴールドジム栗東滋賀,520-3031,栗東市綣二丁目,栗東市綣二丁目４－５ ウイングプラザ３Ｆ,４－５ ウイングプラザ３Ｆ,株式会社ＴＨＩＮＫフィット ネス,H18/04/28,私営・その他,,,草津
公衆浴場,ザ・ウェルネス健康トレーニングセンター,520-3015,栗東市安養寺一丁目,栗東市安養寺一丁目２－２２,２－２２,株式会社栗東会館,S61/01/31,私営・サウナ,,,草津
公衆浴場,ジャパンエースゴルフ倶楽部,520-3011,栗東市下戸山,栗東市下戸山５００,５００,株式会社アヤハゴルフリンク ス,S60/03/19,私営・ヘルス,,,草津
公衆浴場,なごみの郷,525-0005,草津市志那町,草津市志那町２５５２ 他６筆,２５５２ 他６筆,草津市,H13/03/30,公営・ヘルス,,,草津
公衆浴場,ポイントバケーション近江びわ湖,525-0061,草津市北山田町,草津市北山田町５６０,５６０,株式会社リロバケーションズ,R07/04/07,私営・その他,,,草津
公衆浴場,ビバスポーツアカデミー南草津店,525-0055,草津市野路一丁目,草津市野路一丁目１５－５ フェリエ６Ｆ,１５－５ フェリエ６Ｆ,株式会社ビバ,H14/07/18,私営・その他,,,草津
公衆浴場,ぷかりランド元気倶楽部,524-0102,守山市水保町,守山市水保町１１７２－１,１１７２－１,株式会社ベルデクラブ,H04/03/31,私営・ヘルス,,,草津
公衆浴場,プライベート岩盤浴 癒らら,520-2352,野洲市冨波乙,野洲市冨波乙７９８－５,７９８－５,,H19/04/27,私営・その他,,,草津
公衆浴場,ヤマコー・スーパーセントー,525-0071,草津市南笠東三丁目,草津市南笠東三丁目１６－１２,１６－１２,株式会社山幸製作所,H09/10/31,私営・その他,,,草津
公衆浴場,ゆめ郷,524-0101,守山市今浜町,守山市今浜町２５３２－５,２５３２－５,株式会社袋布向春園本店,H17/12/09,私営・その他,,,草津
公衆浴場,伽羅ガーデンスクエア,525-0032,草津市大路二丁目,草津市大路二丁目１－２７,１－２７,伊藤忠アーバンコミュニティ 株式会社,H20/01/04,私営・その他,,,草津
公衆浴場,岩盤浴 栗東,520-3005,栗東市御園,栗東市御園１９５８番地,１９５８番地,株式会社愉々,H18/07/21,私営・その他,,,草津
公衆浴場,岩盤浴 石の癒 南草津店,525-0055,草津市野路一丁目,草津市野路一丁目１７番２号フェリエ南草津４Ｆ,１７番２号フェリエ南草津４Ｆ,,H17/03/31,私営・その他,,,草津
公衆浴場,栗東市総合福祉保健センター,520-3015,栗東市安養寺,栗東市安養寺１９０,１９０,栗東市,H16/08/21,公営・その他,,,草津
公衆浴場,栗東市立ひだまりの家,520-3036,栗東市十里,栗東市十里３９９－３,３９９－３,栗東市,H16/07/12,公営・ヘルス,,,草津
公衆浴場,栗東市やすらぎの家,520-3041,栗東市出庭,栗東市出庭７００－１,７００－１,栗東市,H05/04/12,公営・ヘルス,,,草津
公衆浴場,栗東市ゆうあいの家,520-3024,栗東市小柿一丁目,栗東市小柿一丁目１０番１０号,１０番１０号,栗東市,H09/04/15,公営・ヘルス,,,草津
公衆浴場,桜湯,525-0032,草津市大路一丁目,草津市大路一丁目１６－６,１６－６,,S54/09/07,私営・一般,,,草津
公衆浴場,琵琶湖マリオットホテル,524-0101,守山市今浜町,守山市今浜町十軒家２８７６番地,十軒家２８７６番地,森トラスト・ホテルズ＆リ ゾーツ株式会社,H26/01/22,私営・その他,,,草津
公衆浴場,草津市立長寿の郷 ロクハ荘,525-0046,草津市追分町,草津市追分町６２４－２,６２４－２,草津市,H06/09/09,公営・ヘルス,,,草津
公衆浴場,琵琶湖カントリークラブ,520-3005,栗東市御園,栗東市御園５１３,５１３,ヤンマーコーポレーション株 式会社,S60/03/19,私営・ヘルス,,,草津
公衆浴場,夢の癒し草津駅前店,525-0032,草津市大路一丁目,草津市大路一丁目１６－３０,１６－３０,有限会社湖南建行,H17/12/26,私営・その他,,,草津
公衆浴場,野洲市老人福祉センター浴場,520-2331,野洲市小篠原,野洲市小篠原１９６５－４,１９６５－４,野洲市,H17/11/21,公営・その他,,,草津
公衆浴場,癒らぎ,524-0037,守山市梅田町,守山市梅田町５－６ 平和堂守山店２Ｆ,５－６ 平和堂守山店２Ｆ,,H19/04/13,私営・その他,,,草津
公衆浴場,守山天然温泉 ほたるの湯,524-0021,守山市吉身四丁目,守山市吉身四丁目５－２０,５－２０,有限会社ビージェイホール ディングス,H21/10/21,私営・ヘルス,,,草津
公衆浴場,草津湯元 水春,525-0067,草津市新浜町,草津市新浜町３８０,３８０,株式会社ビーバーレコード,H22/04/22,私営・ヘルス,,,草津
公衆浴場,琵琶湖レークサイドゴルフコース クラブハウス,524-0104,守山市木浜町,守山市木浜町２３００,２３００,株式会社アヤハゴルフリンク ス,H23/06/28,私営・その他,,,草津
公衆浴場,たかの友梨 ビューティクリニック 草津店,525-0026,草津市渋川一丁目,草津市渋川一丁目１－５０ 近鉄百貨店３階,１－５０ 近鉄百貨店３階,株式会社不二ビューティ,H23/06/13,私営・サウナ,,,草津
公衆浴場,ｆａｎ－ｄｉｉ,525-0055,草津市野路町,草津市野路町６８６ 1階,６８６ 1階,,H23/04/22,私営・その他,,,草津
公衆浴場,ホリデイスポーツクラブ草津,525-0027,草津市野村四丁目,草津市野村四丁目3-11,3-11,株式会社東祥,H25/09/06,私営・その他,,,草津
公衆浴場,琵琶湖アーバンリゾート管理棟 クアハウス,524-0101,守山市今浜町,守山市今浜町七番２６２０－１００,七番２６２０－１００,琵琶湖アーバンリゾート管理 棟施設団地管理組合法人,H28/01/19,私営・ヘルス,,,草津
公衆浴場,スポーツクラブＩＺＵＭＩ２１,524-0041,守山市勝部一丁目,守山市勝部一丁目１－１７ 守山駅前近江鉄道ビ ル３階,１－１７ 守山駅前近江鉄道ビ ル３階,株式会社いずみ二一,H29/11/22,私営・ヘルス,,,草津
公衆浴場,酵素風呂 穂のしずく,525-0027,草津市野村六丁目,草津市野村六丁目６－４,６－４,,H30/07/17,私営・その他,,,草津
公衆浴場,守山湯元水春ピエリ守山,524-0101,守山市今浜町,守山市今浜町２６２０－５,２６２０－５,株式会社ビーバーレコード,H31/02/21,私営・ヘルス,,,草津
公衆浴場,環境学習都市宣言記念公園交流拠点施設,-,守山市,守山市環境学習都市宣言記念公園１－ １,環境学習都市宣言記念公園１－ １,守山市,R03/04/09,公営・ヘルス,,,草津
公衆浴場,酵素浴＆ＣＡＦＥ ＨＡＫＵ,524-0102,守山市水保町,守山市水保町１１６８－１,１１６８－１,株式会社Ｏｎ,R01/09/05,私営・その他,,,草津
公衆浴場,野洲市健康スポーツセンター,520-2313,野洲市大篠原,野洲市大篠原３３３３－６,３３３３－６,野洲すいむ8NEXT－PFI株式会 社,R02/07/02,私営・ヘルス,,,草津
公衆浴場,酵素温浴 Ｍａ ｂｅｌｌｅ,520-3035,栗東市霊仙寺六丁目,栗東市霊仙寺六丁目７－３０,７－３０,マハロ不動産株式会社,R04/05/23,私営・その他,,,草津
公衆浴場,ゴールドジム草津滋賀,525-0037,草津市西大路町,草津市西大路町４－３２ クサツウエストロイ ヤルタワー３階,４－３２ クサツウエストロイ ヤルタワー３階,株式会社ＴＨＩＮＫフィット ネス,R04/06/29,私営・その他,,,草津
公衆浴場,ＹＡＮＭＡＲ ＳＵＮＳＥＴ ＭＡＲＩＮＡ ＣＬ ＵＢＨＯＵＳＥ＆ＨＯＴＥＬ,524-0102,守山市水保町,守山市水保町１３８０,１３８０,ヤンマーコーポレーション株 式会社,R05/07/28,私営・その他,,,草津
公衆浴場,栗東市立森林体験交流センター,520-3002,栗東市観音寺,栗東市観音寺５３７－１,５３７－１,栗東市,R07/04/07,公営・その他,,,草津
公衆浴場,立命館大学 エポック立命２１,525-0058,草津市野路東一丁目,草津市野路東一丁目１－１ 立命館大学びわこ・く さつキャンパス内,１－１ 立命館大学びわこ・く さつキャンパス内,学校法人立命館,R07/04/10,私営・その他,,,草津
公衆浴場,メイプルヒルズゴルフ倶楽部,529-1814,甲賀市信楽町田代,甲賀市信楽町田代６５,６５,大平開発株式会社,H07/03/06,私営・ヘルス,,,甲賀
公衆浴場,株式会社富士スタジアムゴルフ倶楽部,520-3423,甲賀市甲賀町五反田,甲賀市甲賀町五反田５７４,５７４,株式会社富士スタジアムゴル フ倶楽部,H08/06/28,私営・ヘルス,,,甲賀
公衆浴場,宮乃温泉,520-3314,甲賀市甲南町杉谷,甲賀市甲南町杉谷３６４－１,３６４－１,,H16/09/10,私営・その他,,,甲賀
公衆浴場,近江カントリー倶楽部,520-3242,湖南市菩提寺,湖南市菩提寺１４１０,１４１０,近江興産株式会社,S60/05/25,私営・ヘルス,,,甲賀
公衆浴場,湖南市石部老人福祉センター内 なごみの湯,520-3106,湖南市石部中央一丁目,湖南市石部中央一丁目１番６号,１番６号,湖南市,H08/07/05,公営・ヘルス,,,甲賀
公衆浴場,甲賀カントリー倶楽部,520-3221,湖南市三雲,湖南市三雲３３５４,３３５４,日本観光開発株式会社,S60/06/13,私営・ヘルス,,,甲賀
公衆浴場,滋賀カントリー倶楽部,529-1841,甲賀市信楽町上朝宮,甲賀市信楽町上朝宮１２２４－３,１２２４－３,株式会社滋賀カントリー倶楽 部,S60/05/25,私営・ヘルス,,,甲賀
公衆浴場,滋賀ゴルフ倶楽部,528-0004,甲賀市水口町嶬峨,甲賀市水口町嶬峨１１１５番地１,１１１５番地１,PGMプロパティーズ株式会社,S60/05/25,私営・ヘルス,,,甲賀
公衆浴場,滋賀甲南カントリークラブ,520-3301,甲賀市甲南町寺庄,甲賀市甲南町寺庄１５１,１５１,滋賀県観光開発株式会社,H08/06/28,私営・ヘルス,,,甲賀
公衆浴場,小川亭,529-1835,甲賀市信楽町長野,甲賀市信楽町長野８７６番地,８７６番地,有限会社小川亭,H17/04/22,私営・その他,,,甲賀
公衆浴場,信楽カントリー倶楽部 田代コース,529-1814,甲賀市信楽町田代,甲賀市信楽町田代７６３,７６３,信和ゴルフ株式会社,S60/05/25,私営・ヘルス,,,甲賀
公衆浴場,清水湯,528-0031,甲賀市水口町本町二丁 目,甲賀市水口町本町二丁 目５－１０,５－１０,,S56/08/31,私営・一般,,,甲賀
公衆浴場,双鈴ゴルフクラブ 土山コース,528-0212,甲賀市土山町南土山,甲賀市土山町南土山１１１８,１１１８,アコーディア・ゴルフ・ア セット合同会社,H18/07/28,私営・ヘルス,,,甲賀
公衆浴場,大甲賀カントリークラブ神コース,520-3411,甲賀市甲賀町神,甲賀市甲賀町神１９４０,１９４０,大場商事株式会社,S60/06/13,私営・ヘルス,,,甲賀
公衆浴場,大甲賀カントリークラブ油日コース,520-3413,甲賀市甲賀町油日,甲賀市甲賀町油日１６９５,１６９５,大場商事株式会社,H08/10/16,私営・ヘルス,,,甲賀
公衆浴場,富士スタジアムゴルフ倶楽部 北コース クラブハ ウス,520-3422,甲賀市甲賀町和田,甲賀市甲賀町和田７０２－２,７０２－２,株式会社富士スタジアムゴル フ倶楽部,H10/10/06,私営・ヘルス,,,甲賀
公衆浴場,名神栗東カントリー倶楽部,528-0233,甲賀市土山町市場,甲賀市土山町市場９９１,９９１,京滋観光開発株式会社,H02/03/01,私営・ヘルス,,,甲賀
公衆浴場,名神竜王カントリー倶楽部,528-0065,甲賀市水口町春日,甲賀市水口町春日１６１６,１６１６,東神商事株式会社,H06/02/02,私営・ヘルス,,,甲賀
公衆浴場,デイリー信楽カントリー倶楽部,529-1821,甲賀市信楽町多羅尾,甲賀市信楽町多羅尾１５７７,１５７７,株式会社デイリー社,H21/04/20,私営・ヘルス,,,甲賀
公衆浴場,ヒーリングストーンスパ 美の癒し 水口店,528-0032,甲賀市水口町八坂,甲賀市水口町八坂８－４０,８－４０,,H22/02/15,私営・その他,,,甲賀
公衆浴場,玉桂寺健康センター,529-1804,甲賀市信楽町勅旨,甲賀市信楽町勅旨８９１,８９１,,H22/03/25,私営・ヘルス,,,甲賀
公衆浴場,十二坊温泉ゆらら（浴場）,520-3252,湖南市岩根,湖南市岩根６７８番地２８,６７８番地２８,湖南市,H22/08/10,公営・ヘルス,,,甲賀
公衆浴場,水口温泉 つばきの湯,528-0005,甲賀市水口町水口,甲賀市水口町水口５５７２,５５７２,朝陽物産株式会社,H24/03/29,私営・その他,,,甲賀
公衆浴場,大河原温泉かもしか荘（あいの土山都市との交流セ ンター),528-0201,甲賀市土山町大河原,甲賀市土山町大河原１１０４,１１０４,甲賀市,H25/07/18,公営・その他,,,甲賀
公衆浴場,朝宮ゴルフコース,529-1841,甲賀市信楽町上朝宮,甲賀市信楽町上朝宮１－１,１－１,株式会社アコーディア・ゴル フ,H27/10/01,私営・その他,,,甲賀
公衆浴場,碧水の湯 アクア,528-0057,甲賀市水口町北脇,甲賀市水口町北脇２３７－８,２３７－８,株式会社ＪＫＣコーポレー ション,H28/12/19,私営・ヘルス,,,甲賀
公衆浴場,ローズゴルフクラブ,529-1851,甲賀市信楽町長野,甲賀市信楽町長野１５３２－２,１５３２－２,サーガ株式会社,H30/10/01,私営・その他,,,甲賀
公衆浴場,信楽カントリー倶楽部 杉山コース,529-1813,甲賀市信楽町畑,甲賀市信楽町畑５５－１,５５－１,信和ゴルフ株式会社,H31/03/27,私営・その他,,,甲賀
公衆浴場,ＫＡＭＯＳＨＩＫＡ ＥＸ,528-0201,甲賀市土山町大河原,甲賀市土山町大河原１５２９－１,１５２９－１,株式会社かもしかリゾート,R04/09/20,私営・サウナ,,,甲賀
公衆浴場,ＭＩＸＮＡＴＵＲＥ,529-1802,甲賀市信楽町黄瀬,甲賀市信楽町黄瀬４２４－１,４２４－１,,R06/01/19,私営・サウナ,,,甲賀
公衆浴場,ハイパーフィットウェルネス２４ 水口店,528-0035,甲賀市水口町名坂,甲賀市水口町名坂８３８,８３８,株式会社サンミュージック,R07/06/23,私営・サウナ,,,甲賀
公衆浴場,Ｐｕｒｅｌａ,523-0893,近江八幡市桜宮町,近江八幡市桜宮町２０２－１ アルプラザ近江八 幡店２階,２０２－１ アルプラザ近江八 幡店２階,,H19/06/01,私営・その他,,,東近江
公衆浴場,ＳＬＯＷ ＴＩＭＥ,523-0894,近江八幡市中村町,近江八幡市中村町２０－１５ キャッスルビル３ 階,２０－１５ キャッスルビル３ 階,,H20/04/08,私営・その他,,,東近江
公衆浴場,ストーンスパ 玉の癒,523-0031,近江八幡市堀上町,近江八幡市堀上町２１７－１,２１７－１,,H18/11/01,私営・その他,,,東近江
公衆浴場,だいちの恵,523-0043,近江八幡市池田本町,近江八幡市池田本町１１０１－８,１１０１－８,,H18/10/27,私営・その他,,,東近江
公衆浴場,ドラゴンスポーツセンター,520-2541,蒲生郡竜王町岡屋,蒲生郡竜王町岡屋３２８２,３２８２,公益財団法人竜王町地域振興 事業団,H12/07/12,私営・ヘルス,,,東近江
公衆浴場,永源寺温泉 「八風の湯」,527-0212,東近江市永源寺高野町,東近江市永源寺高野町３５２,３５２,株式会社アヤハレ－クサイド ホテル,H20/07/23,私営・ヘルス,,,東近江
公衆浴場,延命湯,527-0012,東近江市八日市本町,東近江市八日市本町１１－９,１１－９,,H10/03/25,私営・一般,,,東近江
公衆浴場,蒲生ゴルフ倶楽部,529-1658,蒲生郡日野町中山,蒲生郡日野町中山７２４－１,７２４－１,エヌデイーシー株式会社,S59/12/25,私営・ヘルス,,,東近江
公衆浴場,岩盤浴 ストーンリラックスＣｉｔａ－Ｃｉｔａ,527-0091,東近江市小脇町,東近江市小脇町２４１６－１６,２４１６－１６,株式会社ユニックス,H18/10/16,私営・その他,,,東近江
公衆浴場,休暇村 近江八幡 東館,523-0801,近江八幡市沖島町,近江八幡市沖島町宮ヶ浜,宮ヶ浜,一般財団法人休暇村協会,H15/03/19,私営・ヘルス,,,東近江
公衆浴場,近江ヒルズゴルフ倶楽部,529-1631,蒲生郡日野町鎌掛,蒲生郡日野町鎌掛１－３１４,１－３１４,ＰＧＭプロパティーズ株式会 社,H19/04/01,私営・その他,,,東近江
公衆浴場,朝日野カントリー倶楽部,529-1534,東近江市鈴町,東近江市鈴町１１２０,１１２０,株式会社アヤハゴルフリンク ス,S60/05/16,私営・ヘルス,,,東近江
公衆浴場,天然温泉 蒲生野の湯,520-2531,蒲生郡竜王町山之上,蒲生郡竜王町山之上７１０４－１,７１０４－１,竜王蒲生野株式会社,H19/02/28,私営・ヘルス,,,東近江
公衆浴場,日野ゴルフ倶楽部,529-1611,蒲生郡日野町杣,蒲生郡日野町杣１１４６－１,１１４６－１,観光日本株式会社,H05/08/12,私営・ヘルス,,,東近江
公衆浴場,近江八幡市立八幡町第１共同浴場,523-0857,近江八幡市八幡町,近江八幡市八幡町２１３,２１３,近江八幡市,S47/05/10,公営・一般,,,東近江
公衆浴場,夢の愈し 近江八幡店,523-0894,近江八幡市中村町,近江八幡市中村町２０－１５ キャッスルビル３ 階,２０－１５ キャッスルビル３ 階,,H19/01/12,私営・その他,,,東近江
公衆浴場,名神八日市カントリークラブ,529-1501,東近江市石塔町,東近江市石塔町９８３－１５０,９８３－１５０,株式会社名神八日市カント リークラブ,H12/12/28,私営・ヘルス,,,東近江
公衆浴場,竜王ゴルフコース,520-2542,蒲生郡竜王町山中,蒲生郡竜王町山中１３９１,１３９１,竜王ゴルフ合同会社,H13/07/04,私営・ヘルス,,,東近江
公衆浴場,デトックスハウス 美の癒し Ｏ２ 近江八幡店,523-0015,近江八幡市上田町,近江八幡市上田町１３４９－１,１３４９－１,,H22/03/05,私営・その他,,,東近江
公衆浴場,コパン近江八幡,523-0891,近江八幡市鷹飼町,近江八幡市鷹飼町３０２,３０２,株式会社コパン,H23/01/31,私営・ヘルス,,,東近江
公衆浴場,炭酸カルシウム温泉 八幡の湯,523-0894,近江八幡市中村町,近江八幡市中村町２１－６,２１－６,株式会社グリーンホテル,H25/07/01,私営・その他,,,東近江
公衆浴場,Ｃｈａｒｍ 八日市店,527-0046,東近江市妙法寺町,東近江市妙法寺町６９４－６ ２Ｆ,６９４－６ ２Ｆ,Ｃｈａｒｍ Ｊａｐａｎ株式 会社,H26/03/28,私営・その他,,,東近江
公衆浴場,長命寺温泉 天葉の湯,523-0808,近江八幡市長命寺町,近江八幡市長命寺町６５－１,６５－１,株式会社心瑛,R02/04/07,私営・ヘルス,,,東近江
公衆浴場,ＷＯＭＡＮ 酵素浴 美容鍼,523-0893,近江八幡市桜宮町,近江八幡市桜宮町２０７－４,２０７－４,株式会社おうみ社中,R02/10/16,私営・その他,,,東近江
公衆浴場,湖東やすらぎ浴 至福の湯,527-0102,東近江市平柳町,東近江市平柳町２２－３,２２－３,センコーグループホールディ ングス株式会社,R04/07/13,私営・ヘルス,,,東近江
公衆浴場,ＢＩＷＡＫО ＳＡＵＮＡ,529-1628,蒲生郡日野町西大路,蒲生郡日野町西大路２１６８,２１６８,,R07/02/17,私営・サウナ,,,東近江
公衆浴場,３６９ サウナ,523-0803,近江八幡市白王町,近江八幡市白王町６１６－２,６１６－２,株式会社クーネル,R07/12/24,私営・サウナ,,,東近江
公衆浴場,アットタイム 彦根店,522-0027,彦根市東沼波町,彦根市東沼波町１１１－１ １Ｆ,１１１－１ １Ｆ,株式会社サンミュージック,H19/04/25,私営・その他,,,彦根
公衆浴場,エルスポーツ彦根,522-0052,彦根市長曽根南町,彦根市長曽根南町４７８,４７８,株式会社アクトス,H19/10/01,私営・その他,,,彦根
公衆浴場,ボディケアー ネネ,522-0074,彦根市大東町,彦根市大東町２－２８ アルプラザ彦根店３ Ｆ,２－２８ アルプラザ彦根店３ Ｆ,,H20/07/08,私営・その他,,,彦根
公衆浴場,極楽湯 彦根店,522-0038,彦根市西沼波町,彦根市西沼波町１７５－１,１７５－１,株式会社極楽湯,H13/04/20,私営・ヘルス,,,彦根
公衆浴場,香良の湯,522-0244,犬上郡甲良町在士,犬上郡甲良町在士３５７－１,３５７－１,甲良町,H10/12/21,公営・ヘルス,,,彦根
公衆浴場,彦根カントリー倶楽部,522-0004,彦根市鳥居本町,彦根市鳥居本町字つと入２９４７－４,字つと入２９４７－４,平和観光開発株式会社,S60/11/19,私営・ヘルス,,,彦根
公衆浴場,彦坊ヘルシーセンター,522-0023,彦根市原町,彦根市原町８００－７９他,８００－７９他,彦坊観光株式会社,S63/01/18,私営・ヘルス,,,彦根
公衆浴場,癒ら樹,522-0086,彦根市後三条町,彦根市後三条町６１１ 高畑ビル１Ｆ,６１１ 高畑ビル１Ｆ,有限会社アクセスワールド,H18/05/30,私営・その他,,,彦根
公衆浴場,天空風呂,529-1331,愛知郡愛荘町愛知川,愛知郡愛荘町愛知川８８２,８８２,有限会社近江屋,H21/12/09,私営・その他,,,彦根
公衆浴場,レストイン多賀,522-0342,犬上郡多賀町敏満寺,犬上郡多賀町敏満寺６６－３６,６６－３６,株式会社グリーンズ,H22/11/02,私営・その他,,,彦根
公衆浴場,城見の湯,522-0075,彦根市佐和町,彦根市佐和町１－８,１－８,株式会社一圓興産,H26/03/18,私営・ヘルス,,,彦根
公衆浴場,＊彦根びわこホテル,522-0041,彦根市平田町,彦根市平田町６３,６３,彦根びわこホテル株式会社,H28/09/30,私営・ヘルス,,,彦根
公衆浴場,亀の井ホテル 彦根,522-0002,彦根市松原町,彦根市松原町３７５９,３７５９,アイコニア・ホスピタリティ 株式会社,R04/04/05,私営・ヘルス,,,彦根
公衆浴場,鍼灸サロン ｌｉｌｙ'ｓ ｙｏｕ －リリーズユウ－,522-0064,彦根市本町二丁目,彦根市本町二丁目２－２３,２－２３,,R05/11/16,私営・その他,,,彦根
公衆浴場,彦根ＴＳ がてんの湯,522-0004,彦根市鳥居本町,彦根市鳥居本町２３３７－１,２３３７－１,株式会社フューチャーライフ,R05/11/30,私営・ヘルス,,,彦根
公衆浴場,ＨＯＬＩＴＯ,522-0064,彦根市本町一丁目,彦根市本町一丁目１１－１９ ３Ｆ,１１－１９ ３Ｆ,,R06/05/14,私営・その他,,,彦根
公衆浴場,フィットイージー 彦根店,522-0002,彦根市松原町,彦根市松原町１８３６,１８３６,プラネット株式会社,R06/06/11,私営・サウナ,,,彦根
公衆浴場,ハイパーフィット２４ 彦根店,522-0042,彦根市戸賀町,彦根市戸賀町５７－１,５７－１,株式会社サンミュージック,R06/07/24,私営・サウナ,,,彦根
公衆浴場,ハイパーフィット２４ アネックス彦根店,522-0042,彦根市戸賀町,彦根市戸賀町１３７－１,１３７－１,株式会社サンミュージック,R06/07/24,私営・サウナ,,,彦根
公衆浴場,ＤＯＧＡ ＳＡＵＮＡ,522-0335,犬上郡多賀町藤瀬,犬上郡多賀町藤瀬４２４,４２４,株式会社ひらつか建築,R06/06/11,私営・サウナ,,,彦根
公衆浴場,Ａ２,522-0002,彦根市松原町,彦根市松原町１８７５－３,１８７５－３,株式会社Ａ２,R07/03/31,私営・サウナ,,,彦根
公衆浴場,グリーンパーク山東 鴨池荘 美肌の湯,521-0221,米原市池下,米原市池下８０番地１,８０番地１,奥伊吹観光株式会社,H18/03/31,私営・その他,,,長浜
公衆浴場,サウナ春,526-0805,長浜市榎木町,長浜市榎木町３０,３０,,S48/04/01,私営・サウナ,,,長浜
公衆浴場,ストーンスパ 美の癒し,521-0074,米原市高溝,米原市高溝２１０,２１０,株式会社醍醐,H17/12/20,私営・その他,,,長浜
公衆浴場,伊吹高原の湯,521-0312,米原市上野,米原市上野１８５５（伊吹山３合目）,１８５５（伊吹山３合目）,ピステジャポン株式会社,H17/12/21,私営・その他,,,長浜
公衆浴場,伊吹薬草の里文化センター縄文の湯,521-0314,米原市春照,米原市春照３７,３７,公益財団法人 伊吹山麓ス ポーツ文化振興事業団,H19/04/01,私営・ヘルス,,,長浜
公衆浴場,懐古之湯（想古亭げんない）,529-0431,長浜市木之本町大音,長浜市木之本町大音１５２８,１５２８,,H18/06/21,私営・その他,,,長浜
公衆浴場,岩盤浴ルナハウス,529-0233,長浜市高月町渡岸寺,長浜市高月町渡岸寺１２５,１２５,ルナハウス株式会社,H19/01/24,私営・その他,,,長浜
公衆浴場,健康パークあざい バーデあざい（１階）,526-0203,長浜市野瀬町,長浜市野瀬町８２８,８２８,長浜市,H16/03/29,公営・その他,,,長浜
公衆浴場,健康パークあざい バーデあざい（２階）,526-0203,長浜市野瀬町,長浜市野瀬町８２８,８２８,長浜市,H16/03/29,公営・その他,,,長浜
公衆浴場,姉川コミュニティー防災センター,526-0803,長浜市西上坂町,長浜市西上坂町１１４９－３,１１４９－３,長浜市,H14/12/17,公営・その他,,,長浜
公衆浴場,姉川パーク 家族風呂,521-0307,米原市大久保,米原市大久保７８９,７８９,,H14/04/08,私営・その他,,,長浜
公衆浴場,須賀谷温泉,526-0277,長浜市須賀谷町,長浜市須賀谷町５６,５６,有限会社須賀谷温泉,H16/10/22,私営・その他,,,長浜
公衆浴場,清泉閣,529-0425,長浜市木之本町木之本,長浜市木之本町木之本１３２５,１３２５,,H19/03/27,私営・その他,,,長浜
公衆浴場,浅井林業健康増進センター,526-0273,長浜市高畑町,長浜市高畑町３１６－１,３１６－１,長浜市,H14/02/06,公営・その他,,,長浜
公衆浴場,長浜太閤温泉 Ｇｒａｎｄ Ｍｅｒｕｃｕｒｅ Ｌ ａｋｅ Ｂｉｗａ Ｒｅｓｏｒｔ＆Ｓｐａ,526-0066,長浜市大島町,長浜市大島町３８,３８,シガ・ナガハマ２株式会社,H13/06/29,私営・その他,,,長浜
公衆浴場,尾上温泉,529-0364,長浜市湖北町尾上,長浜市湖北町尾上３１２ 旅館紅鮎内,３１２ 旅館紅鮎内,株式会社紅鮎,H18/12/08,私営・その他,,,長浜
公衆浴場,琵琶湖湯,526-0052,長浜市神前町,長浜市神前町５－１８,５－１８,,H09/10/22,私営・一般,,,長浜
公衆浴場,北近江の湯,529-0205,長浜市高月町唐川,長浜市高月町唐川８９,８９,新木産業株式会社,H10/11/18,私営・ヘルス,,,長浜
公衆浴場,長浜市木之本文化センター浴室,529-0422,長浜市木之本町田部,長浜市木之本町田部５４２,５４２,長浜市,H18/05/25,公営・その他,,,長浜
公衆浴場,余呉の郷 せせらぎ荘,529-0531,長浜市余呉町中河内,長浜市余呉町中河内２７０－１,２７０－１,株式会社マルア興産,H14/03/27,私営・その他,,,長浜
公衆浴場,こりとり工房 和や ２号店,526-0063,長浜市末広町,長浜市末広町２４０－６ ワイエフビル１Ｆ,２４０－６ ワイエフビル１Ｆ,,H21/03/16,私営・その他,,,長浜
公衆浴場,森林文化交流センター,529-0515,長浜市余呉町中之郷,長浜市余呉町中之郷２９５,２９５,株式会社ロハス長浜,H21/11/19,私営・その他,,,長浜
公衆浴場,健康保養地 あねがわ温泉,526-0252,長浜市八島町,長浜市八島町１２５－１,１２５－１,エムエーユー株式会社,H22/06/14,私営・ヘルス,,,長浜
公衆浴場,よしの湯,526-0067,長浜市港町,長浜市港町２－２８,２－２８,滋賀不動産株式会社,H25/05/29,私営・その他,,,長浜
公衆浴場,長浜太閤温泉,526-0065,長浜市公園町,長浜市公園町４－２５,４－２５,株式会社浜湖月,H28/05/25,私営・ヘルス,,,長浜
公衆浴場,酵素温浴 Ｂｉｏｓ ビオス,526-0059,長浜市元浜町,長浜市元浜町１３－１４,１３－１４,株式会社湖北ライフスタイル 研究所,R03/03/23,私営・その他,,,長浜
公衆浴場,ＲＥＳＯＲＴ×ＳＰＡ ＦｕｔｕｒｅＲＥＳＯＲＴ,526-0824,長浜市名越町,長浜市名越町１０１６－４,１０１６－４,株式会社フューチャーリゾー ト,R05/04/14,私営・その他,,,長浜
公衆浴場,ＢＡＲＥ ＨＡＵＳ,526-0244,長浜市内保町,長浜市内保町９８８－１,９８８－１,株式会社つかした建築,R07/02/28,私営・サウナ,,,長浜
公衆浴場,ＳＡＵＮＡ ＆ ＳＰＡ ＳＯＬＥＩＬ,526-0834,長浜市大辰巳町,長浜市大辰巳町４９,４９,株式会社サンミュージック,R07/11/10,私営・ヘルス,,,長浜
公衆浴場,フィットイージー長浜店,526-0021,長浜市八幡中山町,長浜市八幡中山町４７３－１,４７３－１,株式会社ライフ,R08/02/17,私営・サウナ,,,長浜
公衆浴場,フィットイージー長浜店 ＡＮＮＥＸ,526-0021,長浜市八幡中山町,長浜市八幡中山町４８０,４８０,株式会社ライフ,R08/02/17,私営・サウナ,,,長浜
公衆浴場,ＯＵＭＩ ＷＡＶＥ,521-0062,米原市宇賀野,米原市宇賀野１３６３－１,１３６３－１,株式会社草野組,R08/07/15,私営・サウナ,,,長浜
公衆浴場,くつき温泉 てんくう,520-1415,高島市朽木柏,高島市朽木柏３４１番地の３,３４１番地の３,一般財団法人高島まちおこし 公社,H16/04/16,私営・ヘルス,,,高島
公衆浴場,DO BEST あどがわ,520-1212,高島市安曇川町西万木,高島市安曇川町西万木５００,５００,オオヤマホールディング株式 会社,H08/06/28,私営・ヘルス,,,高島
公衆浴場,ホテル 可以登 ANNEX 別館,520-1631,高島市今津町名小路一 丁目,高島市今津町名小路一 丁目６－１０,６－１０,株式会社可以登楼,H17/11/30,私営・その他,,,高島
公衆浴場,マキノ高原温泉さらさ,520-1836,高島市マキノ町牧野,高島市マキノ町牧野９３１－３,９３１－３,マキノ高原観光株式会社,H17/01/01,私営・ヘルス,,,高島
公衆浴場,安曇川デイサービスセンター,520-1217,高島市安曇川町田中,高島市安曇川町田中５５５,５５５,高島市,H03/04/19,公営・ヘルス,,,高島
公衆浴場,奥高島老人保養所,520-1142,高島市鹿ケ瀬,高島市鹿ケ瀬４４９,４４９,,S58/04/01,私営・サウナ,,,高島
公衆浴場,還元陶板浴虎杖伝説の里 ふじと,520-1621,高島市今津町今津,高島市今津町今津６６６－１,６６６－１,有限会社藤戸工務店,H19/11/01,私営・その他,,,高島
公衆浴場,朽木ゴルフ倶楽部,520-1414,高島市朽木宮前坊,高島市朽木宮前坊６７－２１２,６７－２１２,株式会社朽木ゴルフ倶楽部,S62/03/27,私営・ヘルス,,,高島
公衆浴場,健康ハウス癒,520-1605,高島市今津町南新保,高島市今津町南新保４８２－２６,４８２－２６,,H17/04/28,私営・その他,,,高島
公衆浴場,高島Ｂ＆Ｇ海洋センター,520-1103,高島市宮野,高島市宮野１５１６,１５１６,高島市,H15/12/01,公営・ヘルス,,,高島
公衆浴場,森の交流館浴場,520-1601,高島市今津町深清水,高島市今津町深清水２４０５－１,２４０５－１,公益財団法人ひばり,H07/03/22,私営・ヘルス,,,高島
公衆浴場,夢陶館,520-1224,高島市安曇川町上小川,高島市安曇川町上小川９－５,９－５,,H17/05/17,私営・その他,,,高島
公衆浴場,白浜荘,520-1223,高島市安曇川町下小川,高島市安曇川町下小川2300-1,2300-1,有限会社白浜荘,H23/04/15,私営・その他,,,高島
公衆浴場,Ｒａｃｉｎｅ ｈｏｍｅ針江,520-1502,高島市新旭町針江,高島市新旭町針江235,235,株式会社エムアンドアール,H27/07/29,私営・その他,,,高島
公衆浴場,宝船温泉,520-1223,高島市安曇川町下小川,高島市安曇川町下小川２２４８－２,２２４８－２,有限会社宝船温泉,H29/06/05,私営・その他,,,高島
公衆浴場,アクティプラザ琵琶,520-1503,高島市新旭町深溝,高島市新旭町深溝西釜５２０,西釜５２０,株式会社エー.エイチ.エヌ,H29/12/01,私営・その他,,,高島
公衆浴場,マキノ白谷温泉 八王子荘,520-1837,高島市マキノ町白谷,高島市マキノ町白谷３７０－１,３７０－１,株式会社Ｂ.Ｔ.Ｉ．,R01/06/03,私営・その他,,,高島
公衆浴場,朽木ゴルフ倶楽部,520-1414,高島市朽木宮前坊,高島市朽木宮前坊１－２,１－２,株式会社オーレ,R02/07/30,私営・ヘルス,,,高島
公衆浴場,ドッグラングランピング滋賀高島 高島の湯,520-1223,高島市安曇川町下小川,高島市安曇川町下小川２２４９－１１２の一部,２２４９－１１２の一部,株式会社にしがき,R02/09/24,私営・その他,,,高島
公衆浴場,朽木ふれあいセンター浴室棟,520-1401,高島市朽木市場,高島市朽木市場６７６,６７６,,H14/05/22,公営・一般,,,高島
公衆浴場,サンクチュアリコート琵琶湖ベネチアンモダンリ ゾート ＳＰＡ＆ＷＥＬＬＮＥＳＳ,520-1223,高島市安曇川町下小川,高島市安曇川町下小川１１１３,１１１３,リゾートトラスト株式会社,R06/10/01,私営・ヘルス,,,高島
公衆浴場,ＳＴＡＧＥＸ 高島,520-1511,高島市新旭町藁園,高島市新旭町藁園３５４－３,３５４－３,光亜興産株式会社,R04/06/16,私営・サウナ,,,高島
公衆浴場,リラクピング メタセコイア店,520-1834,高島市マキノ町寺久保,高島市マキノ町寺久保６７７－１の一部、６８２－１ の一部、６８３－１の一部,６７７－１の一部、６８２－１ の一部、６８３－１の一部,一般社団法人日本アースマイ ル,R04/10/03,私営・その他,,,高島
公衆浴場,Ｔａｋａ．Ｓｔａ ＣａｍｐＳｉｔｅ,520-1223,高島市安曇川町下小川,高島市安曇川町下小川２３８２－１４,２３８２－１４,株式会社Ｃｉｖｉｌ Ａｓｓ ｉｓｔ,R08/05/19,私営・その他,,,高島
温泉利用,琵琶湖マリオットホテル,524-0101,守山市今浜町,守山市今浜町２８７６,２８７６,森トラスト・ホテルズ＆リ ゾーツ株式会社,H29/10/13,,,,草津
温泉利用,琵琶湖マリオットホテル,524-0101,守山市今浜町,守山市今浜町２８７６,２８７６,森トラスト・ホテルズ＆リ ゾーツ株式会社,H29/11/27,,,,草津
温泉利用,レークさがわ,524-0102,守山市水保町,守山市水保町２８９１－４１,２８９１－４１,佐川アドバンス株式会社,H27/11/19,,,,草津
温泉利用,守山天然温泉 ほたるの湯,524-0021,守山市吉身四丁目,守山市吉身四丁目５－２０,５－２０,有限会社ビージェイホール ディングス,H21/10/21,,,,草津
温泉利用,草津湯元 水春,525-0067,草津市新浜町,草津市新浜町３８０,３８０,株式会社ビーバーレコード,H22/09/17,,,,草津
温泉利用,スーパーホテル滋賀・草津国道1号沿,525-0034,草津市草津一丁目,草津市草津一丁目20－19,20－19,京豊エンジニアリング株式 会社,H27/03/23,,,,草津
温泉利用,守山湯元水春ピエリ守山,524-0101,守山市今浜町,守山市今浜町２６２０－５,２６２０－５,株式会社 ビーバーレコー ド,H31/02/15,,,,草津
温泉利用,ポイントバケーション近江びわ湖,525-0061,草津市北山田町,草津市北山田町５６０,５６０,株式会社リロバケーション ズ,H30/10/18,,,,草津
温泉利用,ダイヤモンド滋賀,528-0208,甲賀市土山町黒川,甲賀市土山町黒川１７１１,１７１１,株式会社ダイヤモンドソサ エティ,H16/05/25,,,,甲賀
温泉利用,信楽たぬき温泉（温泉スタンド）,529-1831,甲賀市信楽町西,甲賀市信楽町西４５９,４５９,,H09/06/09,,,,甲賀
温泉利用,信楽たぬき温泉（足湯）,529-1831,甲賀市信楽町西,甲賀市信楽町西４５９,４５９,有限会社分福,H17/05/23,,,,甲賀
温泉利用,ダイヤモンド滋賀 温浴棟,528-0208,甲賀市土山町黒川,甲賀市土山町黒川１７１１,１７１１,（株）ダイヤモンドソサエ ティ,H20/04/22,,,,甲賀
温泉利用,小川亭,529-1851,甲賀市信楽町長野,甲賀市信楽町長野８７６,８７６,（有）小川亭,H17/04/12,,,,甲賀
温泉利用,宮乃温泉,520-3314,甲賀市甲南町杉谷,甲賀市甲南町杉谷３６４－１,３６４－１,,S32/10/04,,,,甲賀
温泉利用,塩野温泉,520-3315,甲賀市甲南町塩野,甲賀市甲南町塩野２６９,２６９,,S32/10/04,,,,甲賀
温泉利用,タラオレイクヴィラ信楽温泉多羅尾乃湯,529-1821,甲賀市信楽町多羅尾,甲賀市信楽町多羅尾１番地,１番地,株式会社三栄開発,H13/03/30,,,,甲賀
温泉利用,十二坊温泉ゆらら（温泉スタンド）,520-3252,湖南市岩根,湖南市岩根６７８番地２８,６７８番地２８,湖南市,H22/08/10,,,,甲賀
温泉利用,十二坊温泉ゆらら（バーデプール）,520-3252,湖南市岩根,湖南市岩根６７８番地２８,６７８番地２８,湖南市,H22/08/10,,,,甲賀
温泉利用,十二坊温泉ゆらら（浴場）,520-3252,湖南市岩根,湖南市岩根６７８番地２８,６７８番地２８,湖南市,H22/08/10,,,,甲賀
温泉利用,大河原温泉かもしか荘（あいの土山都市との交 流センター）男女浴槽および露天風呂,528-0201,甲賀市土山町大河原,甲賀市土山町大河原１１１９,１１１９,甲賀市,H25/07/18,,,,甲賀
温泉利用,休暇村 近江八幡,,近江八幡市島町,近江八幡市島町宮ヶ浜,宮ヶ浜,一般財団法人休暇村協会,H15/03/19,,,,東近江
温泉利用,天然温泉 蒲生野の湯,,蒲生郡竜王町山之上,蒲生郡竜王町山之上７１０４－１,７１０４－１,竜王蒲生野株式会社,H19/02/28,,,,東近江
温泉利用,永源寺温泉 八風の湯,,東近江市永源寺高野町,東近江市永源寺高野町352,352,株式会社アヤハレークサイ ドホテル,H20/07/23,,,,東近江
温泉利用,長命寺温泉 天葉の湯,523-0808,近江八幡市長命寺町,近江八幡市長命寺町６５－１,６５－１,株式会社心瑛,R02/04/07,,,,東近江
温泉利用,亀の井ホテル 彦根,522-0002,彦根市松原町,彦根市松原町３７５９,３７５９,アイコニア・ホスピタリ ティ株式会社,R04/04/05,,,,彦根
温泉利用,蒼の湖邸 ＢＩＷＡＦＲＯＮＴ ＨＩＫＯＮＥ,522-0002,彦根市松原町,彦根市松原町１４３５－９１,１４３５－９１,株式会社ビワフロント彦根,R05/08/02,,,,彦根
温泉利用,ロテル・デュ・ラク,529-0721,長浜市西浅井町大浦,長浜市西浅井町大浦２０６４,２０６４,新木産業株式会社,H30/11/02,,,,長浜
温泉利用,ゲストハウスコオア,526-0067,長浜市港町,長浜市港町向浜３２０,向浜３２０,光亜興産株式会社,H03/04/12,,,,長浜
温泉利用,Ｇｒａｎｄ Ｍｅｒｃｕｒｅ Ｌａｋｅ Ｂｉ ｗａ Ｒｅｓｏｒｔ＆Ｓｐａ,526-0066,長浜市大島町,長浜市大島町３８,３８,シガ・ナガハマ２株式会社,H13/03/21,,,,長浜
温泉利用,エクシブ琵琶湖,521-0004,米原市磯,米原市磯１４７７－２,１４７７－２,リゾートトラスト株式会社,H09/03/28,,,,長浜
温泉利用,須賀谷温泉,526-0277,長浜市須賀谷町,長浜市須賀谷町５６,５６,有限会社須賀谷温泉,H16/10/22,,,,長浜
温泉利用,旅館紅鮎,529-0364,長浜市湖北町尾上,長浜市湖北町尾上３１２,３１２,株式会社紅鮎,H16/04/06,,,,長浜
温泉利用,北近江の湯,529-0205,長浜市高月町唐川,長浜市高月町唐川８９,８９,新木産業株式会社,H10/11/04,,,,長浜
温泉利用,健康保養地 あねがわ温泉,526-0252,長浜市八島町,長浜市八島町１２５－１,１２５－１,エムエーユー株式会社,H22/06/14,,,,長浜
温泉利用,浜湖月,526-0065,長浜市公園町,長浜市公園町４－２５,４－２５,株式会社浜湖月,H28/05/25,,,,長浜
温泉利用,レジーナリゾートびわ湖長浜,526-0065,長浜市公園町,長浜市公園町４－２２,４－２２,東京建物リゾート株式会社,H30/05/08,,,,長浜
温泉利用,きひろ,529-0364,長浜市湖北町尾上,長浜市湖北町尾上３１３－１３,３１３－１３,株式会社きひろ,H29/11/27,,,,長浜
温泉利用,エクシブ琵琶湖（温泉スタンド）,521-0004,米原市磯,米原市磯１４７７－２,１４７７－２,リゾートトラスト株式会社,R02/05/26,,,,長浜
温泉利用,スーパーホテル滋賀・長浜天然温泉,526-0015,長浜市神照町,長浜市神照町９７４－６,９７４－６,京豊エンジニアリング株式 会社,R07/07/14,,,,長浜
温泉利用,宝船温泉,520-1223,高島市安曇川町下小川,高島市安曇川町下小川２２４８－２,２２４８－２,（有）宝船温泉,S51/03/31,,,,高島
温泉利用,マキノ高原温泉さらさ,520-1836,高島市マキノ町牧野,高島市マキノ町牧野９３１－３,９３１－３,マキノ高原観光（株）,H17/01/01,,,,高島
温泉利用,くつき温泉てんくう,520-1415,高島市朽木柏,高島市朽木柏３４１－３,３４１－３,(財)朽木むらおこし公社,H16/04/16,,,,高島
温泉利用,白谷荘,520-1837,高島市マキノ町白谷,高島市マキノ町白谷３４３,３４３,,H23/06/14,,,,高島
温泉利用,ペンション琵琶湖,520-1837,高島市マキノ町白谷,高島市マキノ町白谷４２０－８,４２０－８,,H25/05/17,,,,高島
温泉利用,マキノ白谷温泉 八王子荘,520-1837,高島市マキノ町白谷,高島市マキノ町白谷３７０－１,３７０－１,株式会社Ｂ.Ｔ.Ｉ.,R01/05/27,,,,高島
温泉利用,ドッグラングランピング滋賀高島 高島の湯,520-1223,高島市安曇川町下小川,高島市安曇川町下小川２２４９－１１２の一部,２２４９－１１２の一部,株式会社にしがき,R02/09/24,,,,高島
温泉利用,ドッグラングランピング滋賀高島 高島の湯,520-1223,高島市安曇川町下小川,高島市安曇川町下小川２２４９－１１２の一部,２２４９－１１２の一部,株式会社にしがき,R02/10/14,,,,高島
温泉利用,ＧＬＡＭＰＩＮＧ ＶＩＬＬＡＧＥ 滋賀今津 浜 貸切風呂,520-1604,高島市今津町浜分,高島市今津町浜分１３５－１ 他,１３５－１ 他,株式会社ＬＵＣＫＥＬ,R03/10/11,,,,高島
温泉利用,レイクサイドテラス琵琶湖,520-1121,高島市勝野,高島市勝野１５３３,１５３３,株式会社にしがき,R04/08/12,,,,高島
温泉利用,Ｐｒｅｍｉｕｍ Ｄｏｇ Ｒｅｓｏｒｔ ＶＩ ＬＬＡ ＭＡＫＩＮＯ,520-1814,高島市マキノ町知内,高島市マキノ町知内１８８４－７,１８８４－７,株式会社にしがき,R04/10/27,,,,高島
温泉利用,貸別荘３－Ｅ－１０,520-1502,高島市新旭町針江,高島市新旭町針江４－６５,４－６５,有限会社常樂園,R05/11/02,,,,高島
温泉利用,ＰＥＡＣＥ ＯＦ ＲＥＳＴ ＴＡＫＡＳＨＩ ＭＡ,520-1502,高島市新旭町針江,高島市新旭町針江２番１５０、２４０、２４１,２番１５０、２４０、２４１,株式会社Ａ．Ｃ．Ｏ,R05/11/07,,,,高島
温泉利用,マキノメタセコイヤグランピング,520-1835,高島市マキノ町石庭,高島市マキノ町石庭４８５番１の一部、４８５番３ の一部、４８５番４の一部,４８５番１の一部、４８５番３ の一部、４８５番４の一部,株式会社 プロキャリ・ラ イフケア,R05/11/07,,,,高島
温泉利用,ＮＥＳＴ琵琶湖 マキノ,520-1822,高島市マキノ町新保,高島市マキノ町新保１４６番１,１４６番１,株式会社 ドレメ,R06/01/18,,,,高島
温泉利用,ドギーズグランピング滋賀今津浜,520-1604,高島市今津町浜分,高島市今津町浜分３６２－１,３６２－１,株式会社ＬＵＣＫＥＬ,R06/04/19,,,,高島
温泉利用,湖畔の隠れ家・知風邸 ３－Ｒ－１１,520-1502,高島市新旭町針江,高島市新旭町針江２－３０７,２－３０７,,R06/06/05,,,,高島
温泉利用,ＮＥＳＴ琵琶湖 マキノ,520-1822,高島市マキノ町新保,高島市マキノ町新保１４６番１,１４６番１,株式会社 ドレメ,R06/07/18,,,,高島
温泉利用,サンクチュアリコート琵琶湖ベネチアンモダン リゾート スパ棟２階,520-1223,高島市安曇川町下小川,高島市安曇川町下小川１１１３,１１１３,リゾートトラスト株式会社,R06/10/01,,,,高島
温泉利用,Ｖｉｌｌａ Ｄｏｇｉｋａ ＴＡＫＡＳＨＩＭ Ａ,520-1502,高島市新旭町針江,高島市新旭町針江５番地１６５,５番地１６５,,R08/04/28,,,,高島
温泉利用,琵琶湖レイクサイド温泉Ｖｉｌｌａログハウス Ｗｏｏｄｙ,520-1502,高島市新旭町針江,高島市新旭町針江５－２８３,５－２８３,ＲＳＹロボテック合同会社,R07/09/30,,,,高島
温泉利用,レイクウエスト,520-1502,高島市新旭町針江,高島市新旭町針江１０４９－３,１０４９－３,ウエストヒルズ有限会社,R07/07/09,,,,高島
温泉利用,アクアヴィラ,520-1502,高島市新旭町針江,高島市新旭町針江５－１５２，５－１５３ １Ｆ 露天風呂,５－１５２，５－１５３ １Ｆ 露天風呂,有限会社ビーネット,R07/07/10,,,,高島
温泉利用,湖恵夢～ｋｏｅｍｕ～,520-1502,高島市新旭町針江,高島市新旭町針江１０２０－２、１０２２－１３,１０２０－２、１０２２－１３,,R07/08/26,,,,高島
温泉利用,Ｂｉｗａ Ｇａｌａｘｙ,520-1112,高島市永田,高島市永田８－４５,８－４５,日本大同投資株式会社,R07/11/13,,,,高島
温泉利用,Ｇａｌａｘｙ Ｇｌａｍｐｉｎｇ Ｄｏｇ Ｐ ｒｅｍｉｕｍ,520-1223,高島市安曇川町下小川,高島市安曇川町下小川２２３２番１８,２２３２番１８,日本大同投資株式会社,R07/12/19,,,,高島
建築物衛生管理業,株式会社メンテナンスセンター,520-3014,栗東市川辺,栗東市川辺５１３－１,５１３－１,株式会社メンテナンスセンター,H16/07/24,建築物飲料水貯 水槽清掃業,,R10/07/23,草津
建築物衛生管理業,株式会社メンテナンスセンター,520-3014,栗東市川辺,栗東市川辺５１３－１,５１３－１,株式会社メンテナンスセンター,H16/07/17,建築物ねずみこ ん虫等防除業,,R10/07/23,草津
建築物衛生管理業,株式会社メンテナンスセンター,520-3014,栗東市川辺,栗東市川辺５１３－１,５１３－１,株式会社メンテナンスセンター,H18/03/01,建築物総合管理 業,,R12/02/28,草津
建築物衛生管理業,ＪＲＡファシリティーズ株式会社 栗東 事業所,520-3005,栗東市御園,栗東市御園１０２８ 栗東トレー ニング・センター内,１０２８ 栗東トレー ニング・センター内,ＪＲＡファシリティーズ株式会社,H25/02/06,建築物空気環境 測定業,,R13/02/05,草津
建築物衛生管理業,イカリ消毒株式会社滋賀営業所,520-3035,栗東市霊仙寺六丁目,栗東市霊仙寺六丁目６－１１,６－１１,イカリ消毒株式会社,H16/12/01,建築物ねずみこ ん虫等防除業,,R10/11/30,草津
建築物衛生管理業,株式会社ビケンテクノ滋賀営業所,520-3005,栗東市御園,栗東市御園８６７－１４,８６７－１４,株式会社ビケンテクノ,H18/05/01,建築物総合管理 業,,R12/04/30,草津
建築物衛生管理業,株式会社アヤハ環境開発,525-0025,草津市西渋川一丁目,草津市西渋川一丁目１７－４９,１７－４９,株式会社アヤハ環境開発,H18/03/01,建築物飲料水貯 水槽清掃業,,R12/03/02,草津
建築物衛生管理業,株式会社アヤハ環境開発,525-0025,草津市西渋川一丁目,草津市西渋川一丁目１７－４９,１７－４９,株式会社アヤハ環境開発,H18/10/05,建築物ねずみこ ん虫等防除業,,R12/10/06,草津
建築物衛生管理業,株式会社アヤハ環境開発,525-0025,草津市西渋川一丁目,草津市西渋川一丁目１７－４９,１７－４９,株式会社アヤハ環境開発,H20/09/03,建築物総合管理 業,,R08/09/02,草津
建築物衛生管理業,株式会社ジェイ・エム・エム,520-3011,栗東市下戸山,栗東市下戸山１１７０－４,１１７０－４,株式会社ジェイ・エム・エム,H16/01/20,建築物清掃業,,R10/01/19,草津
建築物衛生管理業,株式会社スペック,525-0053,草津市矢倉二丁目,草津市矢倉二丁目７－３１－２０３号,７－３１－２０３号,株式会社スペック,H22/09/30,建築物清掃業,,R10/09/29,草津
建築物衛生管理業,株式会社ティ・エム・エス,525-0066,草津市矢橋町,草津市矢橋町１８４８－１,１８４８－１,株式会社ティ・エム・エス,H18/02/13,建築物清掃業,,R12/02/14,草津
建築物衛生管理業,株式会社テクノサイエンス,524-0102,守山市水保町,守山市水保町２４７７番地,２４７７番地,株式会社テクノサイエンス,H17/08/23,建築物飲料水水 質検査業,,R11/08/22,草津
建築物衛生管理業,株式会社テクノス総合メンテナンスサー ビス,525-0031,草津市若竹町,草津市若竹町８－３８,８－３８,株式会社テクノス総合メンテナンスサー ビス,H22/06/01,建築物飲料水貯 水槽清掃業,,R10/05/31,草津
建築物衛生管理業,株式会社テクノス総合メンテナンスサー ビス,525-0031,草津市若竹町,草津市若竹町８－３８,８－３８,株式会社テクノス総合メンテナンスサー ビス,H28/06/10,建築物排水管清 掃業,,R10/06/09,草津
建築物衛生管理業,株式会社テクノス総合メンテナンスサー ビス,525-0031,草津市若竹町,草津市若竹町８－３８,８－３８,株式会社テクノス総合メンテナンスサー ビス,H24/01/31,建築物ねずみこ ん虫等防除業,,R12/01/30,草津
建築物衛生管理業,株式会社テクノス総合メンテナンスサー ビス,525-0031,草津市若竹町,草津市若竹町８－３８,８－３８,株式会社テクノス総合メンテナンスサー ビス,H27/06/18,建築物総合管理 業,,R09/06/17,草津
建築物衛生管理業,株式会社ビワコ建装,520-3014,栗東市川辺,栗東市川辺５１３－２,５１３－２,株式会社ビワコ建装,H16/10/29,建築物飲料水貯 水槽清掃業,,R10/10/29,草津
建築物衛生管理業,株式会社ビワコ建装,520-3014,栗東市川辺,栗東市川辺５１３－２,５１３－２,株式会社ビワコ建装,H18/04/27,建築物ねずみこ ん虫等防除業,,R12/04/26,草津
建築物衛生管理業,株式会社ビワコ建装,520-3014,栗東市川辺,栗東市川辺５１３－２,５１３－２,株式会社ビワコ建装,H18/04/27,建築物総合管理 業,,R12/04/26,草津
建築物衛生管理業,株式会社近江美研,520-2316,野洲市上屋,野洲市上屋１２３,１２３,株式会社近江美研,H17/08/04,建築物飲料水貯 水槽清掃業,,R11/08/03,草津
建築物衛生管理業,株式会社光ビルサービス,525-0066,草津市矢橋町,草津市矢橋町５９３－１,５９３－１,株式会社光ビルサービス,H17/03/09,建築物飲料水貯 水槽清掃業,,R11/03/12,草津
建築物衛生管理業,株式会社光ビルサービス,525-0066,草津市矢橋町,草津市矢橋町５９３－１,５９３－１,株式会社光ビルサービス,H17/02/24,建築物ねずみこ ん虫等防除業,,R11/02/24,草津
建築物衛生管理業,株式会社光ビルサービス,525-0066,草津市矢橋町,草津市矢橋町５９３－１,５９３－１,株式会社光ビルサービス,H17/11/09,建築物総合管理 業,,R11/11/08,草津
建築物衛生管理業,株式会社西日本技術コンサルタント,525-0066,草津市矢橋町,草津市矢橋町６４９,６４９,株式会社西日本技術コンサルタント,H17/11/09,建築物飲料水水 質検査業,,R10/06/26,草津
建築物衛生管理業,栗東総合産業株式会社,520-3036,栗東市十里,栗東市十里２４４番地,２４４番地,栗東総合産業株式会社,H17/03/28,建築物飲料水貯 水槽清掃業,,R11/03/30,草津
建築物衛生管理業,滋賀環境衛生株式会社,520-2332,野洲市妙光寺,野洲市妙光寺３２７－１,３２７－１,滋賀環境衛生株式会社,H18/12/05,建築物ねずみこ ん虫等防除業,,R12/12/04,草津
建築物衛生管理業,守山環整株式会社,524-0103,守山市洲本町,守山市洲本町１２１５番地,１２１５番地,守山環整株式会社,H25/05/01,建築物飲料水貯 水槽清掃業,,R13/04/30,草津
建築物衛生管理業,守山環整株式会社,524-0103,守山市洲本町,守山市洲本町１２１５番地,１２１５番地,守山環整株式会社,H20/05/09,建築物排水管清 掃業,,R14/05/12,草津
建築物衛生管理業,株式会社すぎた,520-2333,野洲市栄,野洲市栄４－２１,４－２１,株式会社すぎた,H18/09/08,建築物清掃業,,R12/09/07,草津
建築物衛生管理業,草津環境管理サービス企業組合,525-0051,草津市木川町,草津市木川町８６５－１９,８６５－１９,草津環境管理サービス企業組合,H16/01/21,建築物清掃業,,R10/02/09,草津
建築物衛生管理業,大五産業株式会社,525-0031,草津市若竹町,草津市若竹町９－２４,９－２４,大五産業株式会社,H25/04/04,建築物飲料水貯 水槽清掃業,,R13/04/03,草津
建築物衛生管理業,日本メンテナンス株式会社,525-0071,草津市南笠東二丁目,草津市南笠東二丁目５－１４,５－１４,日本メンテナンス株式会社,H16/02/02,建築物飲料水貯 水槽清掃業,,R10/02/01,草津
建築物衛生管理業,日本メンテナンス株式会社,525-0071,草津市南笠東二丁目,草津市南笠東二丁目５－１４,５－１４,日本メンテナンス株式会社,H22/07/22,建築物ねずみこ ん虫等防除業,,R10/07/21,草津
建築物衛生管理業,日本メンテナンス株式会社,525-0071,草津市南笠東二丁目,草津市南笠東二丁目５－１４,５－１４,日本メンテナンス株式会社,H18/03/20,建築物総合管理 業,,R12/03/19,草津
建築物衛生管理業,日本管理工業株式会社,520-3005,栗東市御園,栗東市御園４５６－２,４５６－２,日本管理工業株式会社,H18/02/09,建築物飲料水貯 水槽清掃業,,R12/02/09,草津
建築物衛生管理業,日化メンテナンス株式会社 京滋営業所,524-0044,守山市古高町,守山市古高町４０５－１－１,４０５－１－１,日化メンテナンス株式会社,H19/01/25,建築物飲料水貯 水槽清掃業,,R13/01/24,草津
建築物衛生管理業,有限会社アイ・エス・エム,524-0061,守山市赤野井町,守山市赤野井町３０－３,３０－３,有限会社アイ・エス・エム,H17/03/09,建築物ねずみこ ん虫等防除業,,R11/03/09,草津
建築物衛生管理業,大五産業株式会社,525-0031,草津市若竹町,草津市若竹町９－２４,９－２４,大五産業株式会社,H17/03/01,建築物清掃業,,R11/03/10,草津
建築物衛生管理業,有限会社サニター,525-0031,草津市若竹町,草津市若竹町１０－１５,１０－１５,有限会社サニター,H17/04/25,建築物ねずみこ ん虫等防除業,,R11/05/13,草津
建築物衛生管理業,有限会社近江綜合サービス,520-3034,栗東市小平井二丁目,栗東市小平井二丁目１２－１１－１０１,１２－１１－１０１,有限会社近江綜合サービス,H17/11/22,建築物清掃業,,R11/11/23,草津
建築物衛生管理業,環境創研株式会社,520-3024,栗東市小柿九丁目,栗東市小柿九丁目３－２６,３－２６,環境創研株式会社,H22/06/18,建築物飲料水水 質検査業,,R10/06/17,草津
建築物衛生管理業,株式会社信和美 メンテナンス事業部,520-2353,野洲市久野部,野洲市久野部１９９－１,１９９－１,株式会社信和美,H25/11/14,建築物飲料水貯 水槽清掃業,,R13/11/13,草津
建築物衛生管理業,株式会社信和美 メンテナンス事業部,520-2353,野洲市久野部,野洲市久野部１９９－１,１９９－１,株式会社信和美,H25/11/14,建築物ねずみこ ん虫等防除業,,R13/11/13,草津
建築物衛生管理業,株式会社信和美 メンテナンス事業部,520-2353,野洲市久野部,野洲市久野部１９９－１,１９９－１,株式会社信和美,H25/11/14,建築物総合管理 業,,R13/11/13,草津
建築物衛生管理業,クリタ分析センター株式会社 滋賀事業 所,525-0072,草津市笠山七丁目,草津市笠山七丁目4番52号,4番52号,クリタ分析センター株式会社,H26/07/22,建築物飲料水水 質検査業,,R08/07/21,草津
建築物衛生管理業,株式会社ルフト,525-0041,草津市青地町,草津市青地町３４４・２Ｆ,３４４・２Ｆ,株式会社ルフト,H31/02/07,建築物ねずみこ ん虫等防除業,,R13/02/06,草津
建築物衛生管理業,守山環整株式会社,524-0103,守山市洲本町,守山市洲本町１２１５番地,１２１５番地,守山環整株式会社,R02/03/12,建築物総合管理 業,,R14/03/09,草津
建築物衛生管理業,ライフ・テック株式会社 滋賀営業所,524-0102,守山市水保町,守山市水保町２４９,２４９,ライフ・テック株式会社,R02/07/10,建築物清掃業,,R08/07/06,草津
建築物衛生管理業,株式会社クリーンサポート,520-3016,栗東市小野,栗東市小野１０１４,１０１４,株式会社クリーンサポート,R03/03/01,建築物清掃業,,R09/02/14,草津
建築物衛生管理業,ＮＥＣファシリティーズ株式会社環境ソ リューション事業部分析グループ,520-3024,栗東市小柿七丁目,栗東市小柿七丁目９－１,９－１,ＮＥＣファシリティーズ株式会社環境ソ リューション事業部分析グループ,R03/07/15,建築物飲料水水 質検査業,,R09/07/14,草津
建築物衛生管理業,株式会社小寺美装,525-0066,草津市矢橋町,草津市矢橋町１９５６－２,１９５６－２,株式会社小寺美装,R05/03/14,建築物清掃業,,R11/03/13,草津
建築物衛生管理業,株式会社小寺美装,525-0066,草津市矢橋町,草津市矢橋町１９５６－２,１９５６－２,株式会社小寺美装,R05/03/14,建築物飲料水貯 水槽清掃業,,R11/03/13,草津
建築物衛生管理業,株式会社エイチ・アンド・エムズ,525-0029,草津市下笠町,草津市下笠町６６１－１,６６１－１,株式会社エイチ・アンド・エムズ,R06/01/10,建築物清掃業,,R12/01/09,草津
建築物衛生管理業,Ｔｉｅｓ Ｃｌｅａｎ,525-0056,草津市南笠町,草津市南笠町１０５２－２６,１０５２－２６,,R06/01/29,建築物清掃業,,R12/01/28,草津
建築物衛生管理業,アース環境サービス株式会社 京滋支店,524-0041,守山市勝部一丁目,守山市勝部一丁目１７－２５,１７－２５,アース環境サービス株式会社,R06/02/09,建築物ねずみこ ん虫等防除業,,R12/02/08,草津
建築物衛生管理業,大五環整株式会社,525-0031,草津市若竹町,草津市若竹町８－３８,８－３８,大五環整株式会社,R07/02/10,建築物飲料水水 質検査業,,R13/02/09,草津
建築物衛生管理業,株式会社アヤハ環境開発 石部事務所,520-3112,湖南市丸山三丁目,湖南市丸山三丁目２－１,２－１,株式会社アヤハ環境開発,H19/01/17,建築物飲料水水 質検査業,,R13/01/16,甲賀
建築物衛生管理業,株式会社なんてん共働サービス,520-3108,湖南市石部南六丁目,湖南市石部南六丁目１０番１０号,１０番１０号,株式会社なんてん共働サービス,H16/02/02,建築物清掃業,,R10/02/01,甲賀
建築物衛生管理業,株式会社浄美社 滋賀支店,520-3252,湖南市岩根,湖南市岩根３３５２－６,３３５２－６,株式会社浄美社,H18/02/07,建築物ねずみこ ん虫等防除業,,R12/02/06,甲賀
建築物衛生管理業,株式会社浄美社 滋賀支店,520-3252,湖南市岩根,湖南市岩根３３５２－６,３３５２－６,株式会社浄美社,H18/03/07,建築物総合管理 業,,R12/03/06,甲賀
建築物衛生管理業,シガ環境,521-1311,近江八幡市安土町下豊 浦,近江八幡市安土町下豊 浦４８００,４８００,,H24/11/15,建築物ねずみこ ん虫等防除業,,R06/11/14,東近江
建築物衛生管理業,株式会社アクアリサーチ,527-0037,東近江市東今崎町,東近江市東今崎町６－１１,６－１１,株式会社アクアリサーチ,H24/09/28,建築物飲料水水 質検査業,,R12/09/27,東近江
建築物衛生管理業,株式会社ヒロセ,529-1601,蒲生郡日野町松尾,蒲生郡日野町松尾９６０－１,９６０－１,株式会社ヒロセ,H29/10/24,建築物飲料水水 質検査業,,R11/10/23,東近江
建築物衛生管理業,株式会社ヒロセ,529-1601,蒲生郡日野町松尾,蒲生郡日野町松尾９６０－１,９６０－１,株式会社ヒロセ,H20/12/08,建築物飲料水貯 水槽清掃業,,R08/12/08,東近江
建築物衛生管理業,株式会社ライフテックミツダ,527-0071,東近江市今堀町,東近江市今堀町６２１－１,６２１－１,株式会社ライフテックミツダ,H23/11/29,建築物飲料水貯 水槽清掃業,,R11/11/28,東近江
建築物衛生管理業,株式会社ライフテックミツダ,527-0071,東近江市今堀町,東近江市今堀町６２１－１,６２１－１,株式会社ライフテックミツダ,H21/09/14,建築物排水管清 掃業,,R09/09/13,東近江
建築物衛生管理業,株式会社日吉,523-0806,近江八幡市北之庄町,近江八幡市北之庄町９０８,９０８,株式会社日吉,H23/10/17,建築物清掃業,,R11/10/16,東近江
建築物衛生管理業,株式会社日吉,523-0806,近江八幡市北之庄町,近江八幡市北之庄町９０８,９０８,株式会社日吉,H23/09/13,建築物空気環境 測定業,,R11/09/12,東近江
建築物衛生管理業,株式会社日吉,523-0806,近江八幡市北之庄町,近江八幡市北之庄町９０８,９０８,株式会社日吉,H23/08/31,建築物飲料水水 質検査業,,R11/08/30,東近江
建築物衛生管理業,株式会社日吉,523-0806,近江八幡市北之庄町,近江八幡市北之庄町９０８,９０８,株式会社日吉,H23/10/17,建築物飲料水貯 水槽清掃業,,R11/10/16,東近江
建築物衛生管理業,株式会社日吉,523-0806,近江八幡市北之庄町,近江八幡市北之庄町９０８,９０８,株式会社日吉,H24/02/15,建築物ねずみこ ん虫等防除業,,R12/02/14,東近江
建築物衛生管理業,協和メンテナンス,529-1642,蒲生郡日野町上野田,蒲生郡日野町上野田９０４－２,９０４－２,,H19/12/03,建築物飲料水貯 水槽清掃業,,R13/12/03,東近江
建築物衛生管理業,八日市清掃株式会社,527-0025,東近江市八日市東本町,東近江市八日市東本町３－２９,３－２９,八日市清掃株式会社,H16/11/11,建築物飲料水貯 水槽清掃業,,R10/11/10,東近江
建築物衛生管理業,有限会社近江しろあり,523-0053,近江八幡市益田町,近江八幡市益田町２６１－４,２６１－４,有限会社近江しろあり,H24/03/10,建築物ねずみこ ん虫等防除業,,R12/03/09,東近江
建築物衛生管理業,有限会社八厚浄化センター,527-0073,東近江市蛇溝町,東近江市蛇溝町１６８５－１０,１６８５－１０,有限会社八厚浄化センター,H16/05/11,建築物飲料水貯 水槽清掃業,,R10/05/10,東近江
建築物衛生管理業,有限会社八厚浄化センター,527-0073,東近江市蛇溝町,東近江市蛇溝町１６８５－１０,１６８５－１０,有限会社八厚浄化センター,H23/04/14,建築物排水管清 掃業,,R11/04/13,東近江
建築物衛生管理業,有限会社北口産業,527-0091,東近江市小脇町,東近江市小脇町１７３９－７,１７３９－７,有限会社北口産業,H18/09/25,建築物飲料水貯 水槽清掃業,,R12/09/30,東近江
建築物衛生管理業,株式会社シガ防虫,521-1311,近江八幡市安土町下豊 浦,近江八幡市安土町下豊 浦５４１５－９,５４１５－９,株式会社シガ防虫,H25/02/14,建築物ねずみこ ん虫等防除業,,R13/02/13,東近江
建築物衛生管理業,近江研究所,529-1628,蒲生郡日野町西大路,蒲生郡日野町西大路１３９５,１３９５,,H26/09/01,建築物ねずみこ ん虫等防除業,,R08/08/31,東近江
建築物衛生管理業,クリエイティブ,529-1433,東近江市五個荘木流町,東近江市五個荘木流町３８２－３,３８２－３,,H30/04/11,建築物清掃業,,R12/04/10,東近江
建築物衛生管理業,シガ環境,521-1311,近江八幡市安土町下豊 浦,近江八幡市安土町下豊 浦４８００,４８００,,H31/02/22,建築物空気環境 測定業,,R07/02/21,東近江
建築物衛生管理業,村田エンジニアリング株式会社 営業 所・工場,520-2551,蒲生郡竜王町薬師,蒲生郡竜王町薬師１５６８,１５６８,村田エンジニアリング株式会社,R02/07/09,建築物飲料水貯 水槽清掃業,,R08/07/08,東近江
建築物衛生管理業,夏原工業株式会社,522-0201,彦根市高宮町,彦根市高宮町２６８８－１,２６８８－１,夏原工業株式会社,H17/12/02,建築物飲料水水 質検査業,,R11/12/01,彦根
建築物衛生管理業,株式会社コテラ,522-0023,彦根市原町,彦根市原町３６８－１,３６８－１,株式会社コテラ,H17/10/14,建築物飲料水貯 水槽清掃業,,R11/10/13,彦根
建築物衛生管理業,株式会社ナショナルメンテナンス,522-0236,彦根市犬方町,彦根市犬方町７９０,７９０,株式会社ナショナルメンテナンス,H22/03/08,建築物清掃業,,R10/03/04,彦根
建築物衛生管理業,株式会社ナショナルメンテナンス,522-0236,彦根市犬方町,彦根市犬方町７９０,７９０,株式会社ナショナルメンテナンス,H24/05/07,建築物空気環境 測定業,,R12/06/10,彦根
建築物衛生管理業,株式会社ナショナルメンテナンス,522-0236,彦根市犬方町,彦根市犬方町７９０,７９０,株式会社ナショナルメンテナンス,H24/05/22,建築物飲料水貯 水槽清掃業,,R12/05/27,彦根
建築物衛生管理業,株式会社ナショナルメンテナンス,522-0236,彦根市犬方町,彦根市犬方町７９０,７９０,株式会社ナショナルメンテナンス,H16/02/09,建築物ねずみこ ん虫等防除業,,R10/02/13,彦根
建築物衛生管理業,株式会社ナショナルメンテナンス,522-0236,彦根市犬方町,彦根市犬方町７９０,７９０,株式会社ナショナルメンテナンス,H20/12/12,建築物総合管理 業,,R08/12/11,彦根
建築物衛生管理業,株式会社三河屋,522-0075,彦根市佐和町,彦根市佐和町１０－８,１０－８,株式会社三河屋,H18/05/24,建築物飲料水貯 水槽清掃業,,R12/05/23,彦根
建築物衛生管理業,株式会社水工エンジニアリング,522-0236,彦根市犬方町,彦根市犬方町８３４,８３４,株式会社水工エンジニアリング,H17/12/09,建築物飲料水貯 水槽清掃業,,R11/12/14,彦根
建築物衛生管理業,株式会社水工エンジニアリング,522-0236,彦根市犬方町,彦根市犬方町８３４,８３４,株式会社水工エンジニアリング,H20/07/28,建築物排水管清 掃業,,R13/07/31,彦根
建築物衛生管理業,太平ビルサービス株式会社彦根営業所,522-0073,彦根市旭町,彦根市旭町６－２２ 田中ビル３ Ｆ,６－２２ 田中ビル３ Ｆ,太平ビルサービス株式会社,H20/04/15,建築物総合管理 業,,R14/04/15,彦根
建築物衛生管理業,有限会社キタセイ,522-0237,彦根市堀町,彦根市堀町１１７－２６,１１７－２６,有限会社キタセイ,H15/11/26,建築物飲料水貯 水槽清掃業,,R09/11/26,彦根
建築物衛生管理業,有限会社キタセイ,522-0237,彦根市堀町,彦根市堀町１１７－２６,１１７－２６,有限会社キタセイ,H18/06/30,建築物清掃業,,R12/06/29,彦根
建築物衛生管理業,株式会社クラフトユニオン,529-1171,犬上郡豊郷町安食西,犬上郡豊郷町安食西８６９－１,８６９－１,株式会社クラフトユニオン,H21/07/13,建築物清掃業,,R09/07/12,彦根
建築物衛生管理業,喜多嘉和株式会社,522-0007,彦根市古沢町,彦根市古沢町６８５,６８５,喜多嘉和株式会社,H22/06/25,建築物飲料水貯 水槽清掃業,,R10/06/24,彦根
建築物衛生管理業,喜多嘉和株式会社,522-0007,彦根市古沢町,彦根市古沢町６８５,６８５,喜多嘉和株式会社,H28/10/28,建築物排水管清 掃業,,R10/10/28,彦根
建築物衛生管理業,ビューティ・サポート株式会社 第２営 業所,522-0037,彦根市岡町,彦根市岡町１０３－２,１０３－２,ビューティ・サポート株式会社,H24/02/23,建築物清掃業,,R12/02/22,彦根
建築物衛生管理業,日本メンテナスエンジニヤリング株式会 社 滋賀支店,522-0010,彦根市駅東町,彦根市駅東町８－７,８－７,日本メンテナスエンジニヤリング株式会 社,H28/12/27,建築物飲料水貯 水槽清掃業,,R10/12/26,彦根
建築物衛生管理業,近江ビルメンテナンス,522-0238,彦根市広野町,彦根市広野町７,７,,H30/03/23,建築物飲料水貯 水槽清掃業,,R12/03/22,彦根
建築物衛生管理業,有川製薬株式会社,522-0004,彦根市鳥居本町,彦根市鳥居本町４２５,４２５,有川製薬株式会社,R02/01/24,建築物ねずみこ ん虫等防除業,,R14/01/23,彦根
建築物衛生管理業,有限会社木村美装,522-0243,犬上郡甲良町小川原,犬上郡甲良町小川原７５８,７５８,有限会社木村美装,R02/06/30,建築物清掃業,,R14/06/29,彦根
建築物衛生管理業,有限会社アイケン,529-1223,愛知郡愛荘町島川,愛知郡愛荘町島川１１５９,１１５９,有限会社アイケン,R07/07/02,建築物飲料水貯 水槽清掃業,,R13/07/01,彦根
建築物衛生管理業,喜多嘉和株式会社,522-0007,彦根市古沢町,彦根市古沢町６８５,６８５,喜多嘉和株式会社,R07/11/17,建築物総合管理 業,,R13/11/16,彦根
建築物衛生管理業,有限会社セキーグチ,522-0041,彦根市平田町,彦根市平田町５１１,５１１,有限会社セキーグチ,R08/03/02,建築物清掃業,,R14/03/01,彦根
建築物衛生管理業,株式会社クリンテック 長浜営業所,529-0521,長浜市余呉町下余呉,長浜市余呉町下余呉１８９０－１,１８９０－１,株式会社クリンテック,H18/01/16,建築物飲料水貯 水槽清掃業,,R12/01/15,長浜
建築物衛生管理業,株式会社クリンテック 長浜営業所,529-0521,長浜市余呉町下余呉,長浜市余呉町下余呉１８９０－１,１８９０－１,株式会社クリンテック,H21/01/20,建築物総合管理 業,,R09/01/19,長浜
建築物衛生管理業,サンクリーン滋賀株式会社,526-0059,長浜市元浜町,長浜市元浜町３１－７,３１－７,サンクリーン滋賀株式会社,H25/01/11,建築物ねずみこ ん虫等防除業,,R13/01/10,長浜
建築物衛生管理業,株式会社Ｐａｒｆａｉｔ,526-0273,長浜市高畑町,長浜市高畑町１３０番地,１３０番地,株式会社Ｐａｒｆａｉｔ,H16/04/16,建築物清掃業,,R10/04/17,長浜
建築物衛生管理業,株式会社ライフリリーフ,526-0015,長浜市神照町,長浜市神照町７４３,７４３,株式会社ライフリリーフ,H18/05/26,建築物排水管清 掃業,,R12/05/25,長浜
建築物衛生管理業,株式会社サン・グレイス,526-0032,長浜市南高田町,長浜市南高田町６９５－２,６９５－２,株式会社サン・グレイス,H19/10/18,建築物清掃業,,R13/10/17,長浜
建築物衛生管理業,企業組合近江管理美装,526-0015,長浜市神照町,長浜市神照町７１０－２６,７１０－２６,企業組合近江管理美装,H18/09/19,建築物清掃業,,R12/09/18,長浜
建築物衛生管理業,ワイドクリーン,521-0074,米原市高溝,米原市高溝３３０－５,３３０－５,,H22/02/04,建築物飲料水貯 水槽清掃業,,R10/02/03,長浜
建築物衛生管理業,小林産業アースハーモニー,526-0828,長浜市加田町,長浜市加田町１１４９－３,１１４９－３,,H24/01/30,建築物ねずみこ ん虫等防除業,,R12/01/29,長浜
建築物衛生管理業,中日本産業有限会社,521-0321,米原市髙番,米原市髙番３０７－４,３０７－４,中日本産業有限会社,H24/02/06,建築物飲料水貯 水槽清掃業,,R12/02/05,長浜
建築物衛生管理業,ワイドクリーン,521-0074,米原市高溝,米原市高溝３３０－５,３３０－５,,H26/09/02,建築物清掃業,,R08/09/01,長浜
建築物衛生管理業,中日技研株式会社滋賀支店,521-0236,米原市間田,米原市間田３９１ 山東アパート Ⅱ１０２号,３９１ 山東アパート Ⅱ１０２号,中日技研株式会社,H30/12/21,建築物清掃業,,R12/12/20,長浜
建築物衛生管理業,株式会社べんがら,529-0521,長浜市余呉町下余呉,長浜市余呉町下余呉８５６,８５６,株式会社べんがら,H31/01/17,建築物清掃業,,R13/01/16,長浜
建築物衛生管理業,株式会社ウエル,521-0004,米原市磯,米原市磯１４２０－１,１４２０－１,株式会社ウエル,R03/03/03,建築物清掃業,,R09/03/02,長浜
建築物衛生管理業,合同会社ぶどう組,521-0011,米原市中多良,米原市中多良５９１-１８,５９１-１８,合同会社ぶどう組,R03/12/17,建築物空気環境 測定業,,R09/12/15,長浜
建築物衛生管理業,株式会社べんがら,529-0521,長浜市余呉町下余呉,長浜市余呉町下余呉８５６,８５６,株式会社べんがら,R07/12/10,建築物飲料水貯 水槽清掃業,,R13/12/09,長浜
建築物衛生管理業,株式会社べんがら,529-0521,長浜市余呉町下余呉,長浜市余呉町下余呉８５６,８５６,株式会社べんがら,R07/12/10,建築物ねずみこ ん虫等防除業,,R13/12/09,長浜
建築物衛生管理業,株式会社ナオタート,526-0003,長浜市泉町,長浜市泉町１１８６－３,１１８６－３,株式会社ナオタート,R08/01/14,建築物飲料水貯 水槽清掃業,,R14/01/13,長浜
建築物衛生管理業,株式会社アイビックス 滋賀営業所,520-1622,高島市今津町中沼二丁 目,高島市今津町中沼二丁 目２－１２,２－１２,株式会社アイビックス,H24/12/13,建築物ねずみこ ん虫等防除業,,R12/12/12,高島
建築物衛生管理業,株式会社シガ．メンテナンスリサーチ,520-1632,高島市今津町桜町二丁 目,高島市今津町桜町二丁 目１－３,１－３,株式会社シガ．メンテナンスリサーチ,H22/01/13,建築物清掃業,,R10/01/06,高島
建築物衛生管理業,株式会社シガ．メンテナンスリサーチ,520-1632,高島市今津町桜町二丁 目,高島市今津町桜町二丁 目１－３,１－３,株式会社シガ．メンテナンスリサーチ,H27/11/20,建築物ねずみこ ん虫等防除業,,R09/11/17,高島
建築物衛生管理業,株式会社オーイング滋賀支店,520-1532,高島市新旭町熊野本一 丁目,高島市新旭町熊野本一 丁目９－５,９－５,株式会社オーイング,H23/12/15,建築物清掃業,,R11/10/31,高島
建築物衛生管理業,株式会社アイビックス 滋賀営業所,520-1622,高島市今津町中沼二丁 目,高島市今津町中沼二丁 目２番地１２,２番地１２,株式会社アイビックス,H26/06/12,建築物清掃業,,R14/06/11,高島
建築物衛生管理業,株式会社プロクリーン,520-1655,高島市今津町日置前,高島市今津町日置前１６４－１,１６４－１,株式会社プロクリーン,H28/03/25,建築物清掃業,,R10/03/31,高島
遊泳用プール,グンゼスポーツクラブ 南草津店,525-0050,草津市南草津二丁目,草津市南草津二丁目５－６,５－６,グンゼスポーツ株式会社,H20/03/24,通年,,,草津
遊泳用プール,ビバスポーツアカデミー南草津店,525-0055,草津市野路一丁目,草津市野路一丁目１５－５ フェリエ６Ｆ,１５－５ フェリエ６Ｆ,株式会社ビバ,H14/07/18,通年,,,草津
遊泳用プール,ロクハ公園プール,525-0047,草津市追分七丁目,草津市追分七丁目１１－２,１１－２,草津市,S63/07/05,季節,,,草津
遊泳用プール,栗東トレーニングセンター遊泳用プール,520-3005,栗東市御園,栗東市御園１０２８,１０２８,日本中央競馬会栗東トレー ニングセンター,T15/01/01,季節,,,草津
遊泳用プール,ＳＧホールディングスグループ健康増進 センター,524-0102,守山市水保町,守山市水保町２８９１－４１,２８９１－４１,ＳＧホールディングスグ ループ健康保険組合,S62/05/02,通年,,,草津
遊泳用プール,守山スイミングスクール,524-0021,守山市吉身六丁目,守山市吉身六丁目５－４,５－４,株式会社いずみ二一,H07/09/12,通年,,,草津
遊泳用プール,琵琶湖マリオットホテル,524-0101,守山市今浜町,守山市今浜町十軒家２８７６番地,十軒家２８７６番地,森トラスト・ホテルズ＆リ ゾーツ株式会社,H18/05/12,通年,,,草津
遊泳用プール,滋賀県立障害者福祉センター,525-0072,草津市笠山八丁目,草津市笠山八丁目５－１３０,５－１３０,滋賀県,H02/07/06,通年,,,草津
遊泳用プール,草津イトマン・フィットネスクラブ,525-0025,草津市西渋川一丁目,草津市西渋川一丁目９－４４,９－４４,株式会社いずみ二一,H14/01/25,通年,,,草津
遊泳用プール,矢橋帰帆島公園プール,525-0066,草津市矢橋町,草津市矢橋町字帰帆２１０８,字帰帆２１０８,滋賀県,S62/06/29,季節,,,草津
遊泳用プール,ラック栗東,520-3015,栗東市安養寺七丁目,栗東市安養寺七丁目２－９,２－９,株式会社ラック,H22/05/31,通年,,,草津
遊泳用プール,立命館大学ＢＫＣスポーツ健康コモンズ,525-0058,草津市野路東一丁目,草津市野路東一丁目１－１,１－１,学校法人 立命館,H29/05/01,通年,,,草津
遊泳用プール,野洲市健康スポーツセンター,520-2313,野洲市大篠原,野洲市大篠原３３３３－６,３３３３－６,野洲すいむ8NEXT－PFI株式 会社,R02/07/02,通年,,,草津
遊泳用プール,ラック湖南リゾート,520-2342,野洲市野洲,野洲市野洲１４４７－３,１４４７－３,株式会社ラック,R03/01/18,通年,,,草津
遊泳用プール,ラックスイミングクラブ湖南,520-2342,野洲市野洲,野洲市野洲１４４７－３,１４４７－３,株式会社ラック,R03/01/18,通年,,,草津
遊泳用プール,環境学習都市宣言記念公園交流拠点施設,-,守山市,守山市環境学習都市宣言記念公園１－１,環境学習都市宣言記念公園１－１,守山市,R03/04/09,通年,,,草津
遊泳用プール,草津市立プール,525-0037,草津市西大路町,草津市西大路町１３－１０,１３－１０,草津市,R06/07/24,通年,,,草津
遊泳用プール,Ｗｅｌｌ・Ｂｅ（ウエル・ビ）,528-0051,甲賀市水口町北内貴,甲賀市水口町北内貴７７,７７,株式会社水口スポーツセン ター,H01/01/13,通年,,,甲賀
遊泳用プール,オーパスフィットネスクラブ水口,528-0058,甲賀市水口町北泉二丁 目,甲賀市水口町北泉二丁 目３５,３５,株式会社オーパス,H14/10/29,通年,,,甲賀
遊泳用プール,ダイヤモンド滋賀,528-0208,甲賀市土山町黒川,甲賀市土山町黒川１７１１,１７１１,株式会社ダイヤモンドソサ エティ,H16/03/29,季節,,,甲賀
遊泳用プール,タラオレイクヴィラ,529-1821,甲賀市信楽町多羅尾,甲賀市信楽町多羅尾１番地,１番地,株式会社三栄開発,H13/04/23,季節,,,甲賀
遊泳用プール,湖南市雨山市民プール,520-3100,湖南市雨山二丁目,湖南市雨山二丁目１－１,１－１,湖南市,H17/07/13,季節,,,甲賀
遊泳用プール,甲賀市甲賀Ｂ＆Ｇ海洋センター,520-3403,甲賀市甲賀町鳥居野,甲賀市甲賀町鳥居野１０３７番地１,１０３７番地１,甲賀市,H16/10/01,通年,,,甲賀
遊泳用プール,甲賀市青瀬児童プール,528-0221,甲賀市土山町青土,甲賀市土山町青土９３６－１,９３６－１,青瀬児童プール管理組合,H19/07/21,季節,,,甲賀
遊泳用プール,甲賀市立信楽中学校屋内プール,529-1811,甲賀市信楽町江田,甲賀市信楽町江田９５０、９５４－３,９５０、９５４－３,甲賀市,H16/10/01,季節,,,甲賀
遊泳用プール,甲西イトマンスイミングスクール,520-3232,湖南市平松,湖南市平松１０４,１０４,株式会社いずみ二一,H07/09/05,通年,,,甲賀
遊泳用プール,甲南Ｂ＆Ｇ海洋センター,520-3321,甲賀市甲南町葛木,甲賀市甲南町葛木３０－１１,３０－１１,甲賀市,H17/06/01,季節,,,甲賀
遊泳用プール,水口スポーツの森プール,528-0051,甲賀市水口町北内貴,甲賀市水口町北内貴２３０番地,２３０番地,甲賀市,H17/07/01,季節,,,甲賀
遊泳用プール,大甲賀スポーツプラザスイミングプール,520-3413,甲賀市甲賀町油日,甲賀市甲賀町油日９０１,９０１,大場商事株式会社,S51/06/12,季節,,,甲賀
遊泳用プール,天理水口プール,528-0038,甲賀市水口町新町一丁 目,甲賀市水口町新町一丁 目１－３５,１－３５,宗教法人天理教水口大教会,S51/07/03,季節,,,甲賀
遊泳用プール,十二坊温泉ゆらら（バーデプール）,520-3252,湖南市岩根,湖南市岩根６７８番地２８,６７８番地２８,湖南市,H22/08/18,季節,,,甲賀
遊泳用プール,滋賀県立近江学園水泳用プール,520-3111,湖南市東寺四丁目,湖南市東寺四丁目１番１号,１番１号,滋賀県,R02/07/09,季節,,,甲賀
遊泳用プール,八日市イトマンスイミングスクール,527-0025,東近江市八日市東本町,東近江市八日市東本町７－７,７－７,株式会社いずみ二一,H07/09/01,通年,,,東近江
遊泳用プール,ドラゴンスポーツセンター,520-2541,蒲生郡竜王町岡屋,蒲生郡竜王町岡屋３２８２,３２８２,公益財団法人竜王町地域振 興事業団,H12/07/12,通年,,,東近江
遊泳用プール,休暇村 近江八幡,523-0801,近江八幡市沖島町,近江八幡市沖島町宮ヶ浜,宮ヶ浜,一般財団法人休暇村協会,H04/07/01,季節,,,東近江
遊泳用プール,近江八幡スイミングスクール,523-0893,近江八幡市桜宮町,近江八幡市桜宮町２０６－７,２０６－７,株式会社いずみ二一,H07/08/28,通年,,,東近江
遊泳用プール,東近江市湖東プール,527-0113,東近江市池庄町,東近江市池庄町４９６,４９６,東近江市,H17/02/11,通年,,,東近江
遊泳用プール,東近江市布引運動公園プール,527-0071,東近江市今堀町,東近江市今堀町５８１－１１,５８１－１１,東近江市,H17/02/11,通年,,,東近江
遊泳用プール,日野町Ｂ＆Ｇ海洋センター,529-1608,蒲生郡日野町大谷,蒲生郡日野町大谷３４１－１,３４１－１,日野町,S57/06/19,季節,,,東近江
遊泳用プール,コパン近江八幡,523-0891,近江八幡市鷹飼町,近江八幡市鷹飼町３０２,３０２,株式会社コパン,H22/03/05,通年,,,東近江
遊泳用プール,能登川プール,521-1221,東近江市垣見町,東近江市垣見町５０,５０,株式会社いずみ二一,H24/11/22,通年,,,東近江
遊泳用プール,近江八幡市立健康ふれあい公園プール棟,523-0036,近江八幡市竹町,近江八幡市竹町１１７８,１１７８,近江八幡市,H29/05/10,通年,,,東近江
遊泳用プール,けんこうプール,529-1206,愛知郡愛荘町蚊野,愛知郡愛荘町蚊野２９７８－１,２９７８－１,愛荘町,H18/02/13,季節,,,彦根
遊泳用プール,スポーツクラブ アクトス彦根,522-0038,彦根市西沼波町,彦根市西沼波町１４９,１４９,株式会社アクトス,H13/07/17,通年,,,彦根
遊泳用プール,ブリヂストン彦根工場５０Ｍプール,522-0201,彦根市高宮町,彦根市高宮町２１１,２１１,株式会社ブリヂストン,S51/06/15,季節,,,彦根
遊泳用プール,甲良町温水プール,522-0244,犬上郡甲良町在士,犬上郡甲良町在士３５７－１,３５７－１,甲良町,H11/06/16,通年,,,彦根
遊泳用プール,多賀町Ｂ＆Ｇ海洋センター・プール,522-0341,犬上郡多賀町多賀,犬上郡多賀町多賀２４５－２,２４５－２,多賀町,S59/09/12,季節,,,彦根
遊泳用プール,滝の宮スポーツ公園プール,522-0337,犬上郡多賀町富之尾,犬上郡多賀町富之尾１５８６－５,１５８６－５,多賀町,H08/07/15,季節,,,彦根
遊泳用プール,彦根イトマンスイミングスクール,522-0007,彦根市古沢町,彦根市古沢町松縄手南５００,松縄手南５００,株式会社いずみ二一,H07/11/07,通年,,,彦根
遊泳用プール,エル・アテインスイミングスクール彦根,522-0052,彦根市長曽根南町,彦根市長曽根南町４７８,４７８,エルスポーツ株式会社,H19/10/01,通年,,,彦根
遊泳用プール,彦根ビューホテルガーデンプール,522-0002,彦根市松原町,彦根市松原町１４３５－９１,１４３５－９１,株式会社伊東園ホテルズ,H27/07/17,季節,,,彦根
遊泳用プール,コパンスポーツクラブ ビバシティ,522-0044,彦根市竹ケ鼻町,彦根市竹ケ鼻町４３－１ ビバシティひこね内,４３－１ ビバシティひこね内,株式会社平和堂,R02/03/09,通年,,,彦根
遊泳用プール,近江ふるさと会館,522-0056,彦根市開出今町,彦根市開出今町１３５１－３,１３５１－３,社会福祉法人近江ふるさと 会,R04/06/07,通年,,,彦根
遊泳用プール,ビワフロント彦根 レイクサイドプール,522-0002,彦根市松原町,彦根市松原町１４３５－９１（プール所在地 米 原市磯字ホトヒラ2486-9）,１４３５－９１（プール所在地 米 原市磯字ホトヒラ2486-9）,株式会社ビワフロント彦根,R06/07/10,季節,,,彦根
遊泳用プール,エクシブ琵琶湖,521-0004,米原市磯,米原市磯１４７７－２,１４７７－２,リゾートトラスト株式会社,H09/03/21,季節,,,長浜
遊泳用プール,長浜市浅井Ｂ＆Ｇ海洋センター,526-0251,長浜市大依町,長浜市大依町１５,１５,公益財団法人長浜文化ス ポーツ振興事業団,H09/06/05,季節,,,長浜
遊泳用プール,飯之浦硝友クラブ,529-0437,長浜市木之本町飯浦,長浜市木之本町飯浦６８０,６８０,日本電気硝子株式会社滋賀 高月事業場,S59/06/28,季節,,,長浜
遊泳用プール,エル・スポーツ長浜,526-0031,長浜市八幡東町,長浜市八幡東町１３１－１,１３１－１,エルスポーツ株式会社,H02/03/01,通年,,,長浜
遊泳用プール,米原市伊吹Ｂ＆Ｇ海洋センタープール,521-0314,米原市春照,米原市春照７２番地２,７２番地２,米原市,H17/06/03,季節,,,長浜
遊泳用プール,エル・アテインスイミングスクール長浜,526-0031,長浜市八幡東町,長浜市八幡東町３０－１,３０－１,エルスポーツ株式会社,S60/03/25,通年,,,長浜
遊泳用プール,ＧＦＣ奥琵琶湖レイクシア プール,529-0721,長浜市西浅井町大浦,長浜市西浅井町大浦１９９０－２,１９９０－２,株式会社グリーンフィール ド,H01/07/14,季節,,,長浜
遊泳用プール,ロテル・デュ・ラク,529-0721,長浜市西浅井町大浦,長浜市西浅井町大浦２０６４,２０６４,新木産業株式会社,H16/07/26,季節,,,長浜
遊泳用プール,奥びわスポーツの森水泳プール,526-0124,長浜市早崎町,長浜市早崎町１６６７,１６６７,特定非営利活動法人Ｐ． Ｐ．Ｐ．滋賀,H20/07/07,季節,,,長浜
遊泳用プール,米原市山東Ｂ＆Ｇ海洋センタープール,521-0202,米原市柏原,米原市柏原２２９３－１,２２９３－１,米原市,H17/06/03,通年,,,長浜
遊泳用プール,余呉プール,529-0527,長浜市余呉町東野,長浜市余呉町東野３２４,３２４,長浜市,H22/07/20,季節,,,長浜
遊泳用プール,神照運動公園プール,526-0015,長浜市神照町,長浜市神照町３８６－１,３８６－１,公益財団法人長浜文化ス ポーツ振興事業団,H26/06/27,季節,,,長浜
遊泳用プール,あざいカルチャー＆スポーツビレッジ,526-0203,長浜市野瀬町,長浜市野瀬町７３０,７３０,株式会社日本水泳振興会,H28/07/29,季節,,,長浜
遊泳用プール,グランドメルキュール琵琶湖リゾート＆ スパ プール,526-0066,長浜市大島町,長浜市大島町３８,３８,シガ・ナガハマ２株式会社,R06/07/05,季節,,,長浜
遊泳用プール,「てんくう」プール,520-1415,高島市朽木柏,高島市朽木柏３４１－３,３４１－３,一般財団法人高島まちおこ し公社,H07/07/06,季節,,,高島
遊泳用プール,Ｂ＆Ｇ今津海洋センター屋内温水プール,520-1655,高島市今津町日置前,高島市今津町日置前３１０３,３１０３,高島市,H17/01/01,通年,,,高島
遊泳用プール,高島市立今津水泳プール,520-1611,高島市今津町弘川,高島市今津町弘川５７５,５７５,,H17/08/12,季節,,,高島
遊泳用プール,想い出の森 レジャープール,520-1415,高島市朽木柏,高島市朽木柏３４１－３,３４１－３,一般財団法人高島まちおこ し公社,H17/07/21,季節,,,高島
遊泳用プール,白浜荘プール,520-1223,高島市安曇川町下小川,高島市安曇川町下小川２３００－１,２３００－１,有限会社白浜荘,H16/07/13,季節,,,高島
遊泳用プール,奥琵琶湖マキノプリンスホテル,520-1812,高島市マキノ町西浜,高島市マキノ町西浜７６３－２,７６３－２,西武ゴルフ株式会社,H21/10/01,季節,,,高島
遊泳用プール,サンクチュアリコート琵琶湖ベネチアン モダンリゾート スパ棟１階プール,520-1223,高島市安曇川町下小川,高島市安曇川町下小川１１１３,１１１３,リゾートトラスト株式会社,R06/10/01,通年,,,高島
遊泳用プール,高島Ｂ＆Ｇ海洋センター,520-1103,高島市宮野,高島市宮野１５１６番地,１５１６番地,株式会社サンアメニティ大 阪,R08/04/01,通年,,,高島
