カテゴリ,管理番号,施設名,郵便番号,所在地,法人・団体名,開設年月日,有効開始日,有効終了日
病院,,大津赤十字病院,520-8511,大津市長等１丁目１番３５号,日本赤十字社,M 37. 4. 1,,
病院,,市立大津市民病院,520-0804,大津市本宮２丁目９番９号,地方独立行政法人市立大津市民病院,H　29. 4. 1,,
病院,,大津赤十字志賀病院,520-0580,大津市和邇中２９８,日本赤十字社,H14. 7. 1,,
病院,,琵琶湖病院,520-0113,大津市坂本１丁目８番５号,医療法人明和会,S 27.10. 1,,
病院,,独立行政法人地域医療機能推進機構滋賀病院,520-0846,大津市富士見台１６番１号,独立行政法人地域医療機能推進機構,2014-04-01,,
病院,,医療法人藤樹会滋賀里病院,520-0006,大津市滋賀里１丁目１８番４１号,医療法人藤樹会,H 4. 5. 1,,
病院,,医療法人堅田病院,520-0242,大津市本堅田３丁目３３番２４号,医療法人堅田病院,1996-06-01,,
病院,,医療法人華頂会琵琶湖養育院病院,520-2144,大津市大萱７丁目７番２号,医療法人華頂会,H  8. 6. 1,,
病院,,医療法人弘英会琵琶湖大橋病院,520-0232,大津市真野５丁目１番２９号,医療法人弘英会,H  1. 6. 1,,
病院,,山田整形外科病院,520-0242,大津市本堅田５丁目２２番２７号,医療法人山田整形外科病院,2022-11-01,,
病院,,医療法人良善会ひかり病院,520-0002,大津市際川３丁目３５－１,医療法人良善会,H18.12. 1,,
病院,,琵琶湖中央リハビリテーション病院,520-0834,大津市御殿浜２２番３３号,医療法人幸生会,H  8.10. 1,,
病院,,医療法人社団瀬田川病院,520-2142,大津市玉野浦４番２１号,医療法人社団瀬田川病院,S 63. 8. 1,,
病院,,打出病院,520-0806,大津市打出浜１０番４１号,医療法人社団尚青会,2020-11-01,,
病院,,滋賀医科大学医学部附属病院,520-2192,大津市瀬田月輪町,国立大学法人滋賀医科大学,S 53.10. 4,,
病院,,社会福祉法人恩賜財団済生会滋賀県病院,520-3046,栗東市大橋２丁目４番１号,社会福祉法人恩賜財団済生会支部滋賀県済生会,S 12.10.23,,
病院,,社会医療法人誠光会淡海医療センター,525-8585,草津市矢橋町１６６０番,社会医療法人誠光会,S 57. 4. 1,,
病院,,社会医療法人誠光会淡海ふれあい病院,525-8585,草津市矢橋町1629番５,社会医療法人誠光会,2020-10-01,,
病院,,医療法人芙蓉会南草津病院,525-0059,草津市野路五丁目２番３９号,医療法人芙蓉会,S 59. 9. 1,,
病院,,びわこ学園医療福祉センター草津,525-0072,草津市笠山八丁目3-113,社会福祉法人びわこ学園,H  3. 6. 1,,
病院,,市立野洲病院,520-2331,野洲市小篠原１０９４,野洲市,2019-07-01,,
病院,,びわこ学園医療福祉センター野洲,520-2321,野洲市北桜978-2,社会福祉法人びわこ学園,S 41. 2. 1,,
病院,,滋賀県立総合病院,524-8524,守山市守山５丁目４番３０号,滋賀県,S 45.12. 1,,
病院,,湖南病院,520-2433,野洲市八夫２０７７番地,医療法人周行会,H  1. 9. 1,,
病院,,社会福祉法人恩賜財団済生会守山市民病院,524-0022,守山市守山４丁目１４番１号,守山市,S 57. 4. 1,,
病院,,滋賀県立精神医療センター,525-0072,草津市笠山八丁目4-25,滋賀県,H  4. 9. 1,,
病院,,南草津野村病院,525-0059,草津市野路一丁目６番５号,医療法人真心会,H 10. 6. 1,,
病院,,医療法人徳洲会近江草津徳洲会病院,525-0054,草津市東矢倉３丁目３４番５２号,医療法人徳洲会,2003-09-01,,
病院,,独立行政法人国立病院機構紫香楽病院,529-1803,甲賀市信楽町牧９９７番地,独立行政法人国立病院機構,2004-04-01,,
病院,,一般社団法人水口病院,528-0031,甲賀市水口町本町２丁目２番４３号,一般社団法人水口病院,S 24. 4. 2,,
病院,,公立甲賀病院,528-0074,甲賀市水口町松尾１２５６番地,地方独立行政法人公立甲賀病院,2019-04-01,,
病院,,甲賀市立信楽中央病院,529-1851,甲賀市信楽町長野４７３番地,甲賀市,2004-10-01,,
病院,,医療法人社団仁生会甲南病院,520-3321,甲賀市甲南町葛木９５８番地,医療法人社団仁生会,S 42.10.24,,
病院,,医療法人社団美松会生田病院,520-3242,湖南市菩提寺104-13,医療法人社団美松会,H  1. 6. 1,,
病院,,医療法人社団阿星会甲西ﾘﾊﾋﾞﾘ病院,520-3223,湖南市夏見1168番地,医療法人社団阿星会,H 11. 8. 1,,
病院,,近江八幡市立総合医療センター,523-0082,近江八幡市土田町１３７９番地,近江八幡市,S 15. 9. 8,,
病院,,公益財団法人近江兄弟社ヴォーリズ記念病院,523-0805,近江八幡市円山町９２７－１,公益財団法人近江兄弟社,2022-11-01,,
病院,,滋賀八幡病院,523-8503,近江八幡市鷹飼町７４４番地,公益財団法人青樹会,S 27. 7.16,,
病院,,医療法人社団昴会日野記念病院,529-1642,蒲生郡日野町上野田２００番地１,医療法人社団昴会,H  3. 4. 1,,
病院,,独立行政法人国立病院機構東近江総合医療センター,527-8505,東近江市五智町２５５番地,独立行政法人国立病院機構,S 20.12. 1,,
病院,,東近江市立能登川病院,521-1223,東近江市猪子町１９１番地,東近江市,2006-01-01,,
病院,,東近江敬愛病院,527-0025,東近江市八日市東本町８－１６,医療法人敬愛会,S 38. 1. 1,,
病院,,医療法人医誠会神崎中央病院,529-1445,東近江市五個荘清水鼻町９５番地,医療法人医誠会,2003-03-01,,
病院,,医療法人社団幸信会青葉病院,527-0039,東近江市青葉町1-36,医療法人社団幸信会,H 12. 7. 1,,
病院,,医療法人恒仁会近江温泉病院,527-0145,東近江市北坂町９６６番地,医療法人恒仁会,H  5. 7. 1,,
病院,,医療法人社団昴会湖東記念病院,527-0134,東近江市平松町２番地１,医療法人社団昴会,H 12.10.10,,
病院,,彦根市立病院,522-8539,彦根市八坂町１８８２番地,彦根市,M 24. 4.26,,
病院,,公益財団法人豊郷病院,529-1168,犬上郡豊郷町八目１２番地,公益財団法人豊郷病院,T 14. 4.27,,
病院,,医療法人恭昭会彦根中央病院,522-0054,彦根市西今町４２１番地,医療法人恭昭会,2008-04-01,,
病院,,医療法人友仁会友仁山崎病院,522-0044,彦根市竹ヶ鼻町８０番地,医療法人友仁会,H  9. 1. 1,,
病院,,長浜赤十字病院,526-8585,長浜市宮前町１４の７,日本赤十字社,S  7. 4.16,,
病院,,市立長浜病院,526-8580,長浜市大戌亥町３１３番地,長浜市,H  8. 5. 1,,
病院,,セフィロト病院,526-0045,長浜市寺田町２５７番地,社会福祉法人青祥会,2012-04-01,,
病院,,長浜市立湖北病院,529-0493,長浜市木之本町大字黒田１２２１,長浜市,2010-01-01,,
病院,,一般財団法人近江愛隣園今津病院,520-1605,高島市今津町南新保87番地1,一般財団法人近江愛隣園,S 26. 6.26,,
病院,,高島市民病院,520-1121,高島市勝野１６６７番地,高島市,S 33. 4. 1,,
病院,,医療法人マキノ病院,520-1822,高島市マキノ町新保１０９７,医療法人マキノ病院,1997-05-01,,
病院,,57,,,,,,
一般診療所,,あさい内科,525-0066,草津市矢橋町104-1,,2002-04-15,,
一般診療所,,あさの内科クリニック,525-0048,草津市追分南一丁目１番14－１Ｆ号,,2008-11-04,,
一般診療所,,あらい眼科,525-0032,草津市大路2丁目1-27伽羅ｶﾞｰﾃﾞﾝｽｸｴｱ1階,,2007-03-12,,
一般診療所,,医療法人奉仁会　いしだ眼科,525-0027,草津市野村6丁目11番4号ｺﾝﾌｫｰﾚT3,医療法人奉仁会,2007-09-03,,
一般診療所,,尾松医院,525-0027,草津市野村6丁目1-18,医療法人尾松医院,2004-05-06,,
一般診療所,,医療法人加藤乳腺クリニック,525-0037,草津市西大路町8-12,医療法人加藤乳腺クリニック,2005-05-01,,
一般診療所,,医療法人社団加藤内科医院,525-0059,草津市野路１丁目６-５-１０３,医療法人社団加藤内科医院,2007-05-01,,
一般診療所,,医療法人産科婦人科ハピネスバ－スクリニック,525-0066,草津市矢橋町233-3,医療法人産科婦人科ハピネスバースクリニック,2006-10-01,,
一般診療所,,内田内科循環器内科,525-0026,草津市渋川一丁目2-26ザ・草津タワー２階,,2009-09-01,,
一般診療所,,おうみクリニック,525-0067,草津市新浜町85-19,,2004-12-01,,
一般診療所,,おとのりクリニーク,525-0066,草津市矢橋町2070-1-1015,,2010-01-03,,
一般診療所,,加地眼科,525-0055,草津市野路町字片原694-6,医療法人加地クリニック,2016-04-01,,
一般診療所,,神吉医院,525-0032,草津市大路2丁目10-7,,2026-04-01,,
一般診療所,,草津ハートセンター,525-0014,草津市駒井沢町407-1,医療法人ハートセンター,2007-04-01,,
一般診療所,,草津病理アカデミー　桜ヶ丘病理診断クリニック,525-0057,草津市桜ヶ丘4丁目7-10,,2010-02-08,,
一般診療所,,草津レディースクリニック,525-0026,草津市渋川一丁目2-26－207号,医療法人真心会,2009-08-01,,
一般診療所,,くぼた眼科,525-0059,草津市野路一丁目7－21リベリー南草津202,,1999-02-01,,
一般診療所,,マティスメンタルクリニック,525-0032,草津市大路2丁目1-27,,2024-11-01,,
一般診療所,,さとうこどもクリニック,525-0066,草津市矢橋町1203-1,,2009-12-03,,
一般診療所,,滋賀県草津保健所,525-8525,草津市草津３丁目14-75,滋賀県,1989-12-24,,
一般診療所,,しづ井上内科,525-0041,草津市青地町481-3,医療法人桃蘭会,2002-04-01,,
一般診療所,,すぎうら皮ふ科医院,525-0021,草津市川原二丁目15番10号,医療法人すぎうら皮ふ科医院,2007-04-01,,
一般診療所,,第二富田クリニック,525-0014,草津市駒井沢町395-1,医療法人社団富田クリニック,2008-03-03,,
一般診療所,,ダイキン工業㈱滋賀診療所,525-0044,草津市岡本町1000-2,ダイキン工業株式会社滋賀製作所,1970-10-01,,
一般診療所,,たにむらこどもクリニック,525-0027,草津市野村6-1-3ｺﾝﾌｫｰﾚＴ１,医療法人湖幸会,2000-10-01,,
一般診療所,,特別養護老人ホームぽぷら医務室,525-0028,草津市上笠１丁目１番２２号,社会福祉法人みのり,2004-07-01,,
一般診療所,,なかじま医院,525-0047,草津市追分3丁目1-14,,2004-05-11,,
一般診療所,,なかの医院,525-0023,草津市平井１丁目15-26,,2006-10-27,,
一般診療所,,にし内科クリニック,525-0029,草津市下笠町76-5,,2004-11-05,,
一般診療所,,のぞみクリニック,525-0036,草津市草津町1973番地,,2009-09-01,,
一般診療所,,はしたに眼科,525-0032,草津市大路1-11-30,医療法人厚生会,1982-07-27,,
一般診療所,,パナソニック草津健康管理室,525-0058,草津市野路東二丁目３番１－２号,パナソニック健康保険組合,1971-05-21,,
一般診療所,,松本胃腸科クリニック,525-0052,草津市西矢倉3-6-12-11,,2003-10-16,,
一般診療所,,南草津クリニック,525-0059,草津市野路1丁目8-18ｴﾙﾐﾅeeﾋﾞﾙﾃﾞｨﾝｸﾞ,,2023-04-01,,
一般診療所,,医療法人南草津けやきクリニック,525-0050,草津市南草津一丁目1番8-2階 Ｃ号室,医療法人南草津けやきクリニック,2010-03-01,,
一般診療所,,南草津坂本診療所,525-0059,草津市野路1-12-41,,2001-10-01,,
一般診療所,,南草津野村整形外科,525-0059,草津市野路1-6-27,医療法人真心会,2000-06-05,,
一般診療所,,薬師川眼科医院,525-0045,草津市若草5丁目13番地-1若草医療ﾋﾞﾙ内,,2004-04-21,,
一般診療所,,やまもとクリニック,525-0023,草津市平井2-1-1,医療法人　医心会,2011-10-01,,
一般診療所,,医療法人 九谷医院,525-0032,草津市大路1-18-31,医療法人九谷医院,1995-10-01,,
一般診療所,,医療法人 上原眼科,525-0025,草津市西渋川1-2-22,医療法人上原眼科,2004-07-01,,
一般診療所,,医療法人　板谷耳鼻咽喉科,525-0037,草津市西大路町8-28-101,医療法人板谷耳鼻咽喉科,1998-09-01,,
一般診療所,,医療法人宮本クリニック,525-0028,草津市上笠4-6-6,医療法人宮本クリニック,2000-04-01,,
一般診療所,,医療法人社団 あなむら診療所,525-0012,草津市穴村町311,医療法人社団あなむら診療所,2000-05-01,,
一般診療所,,医療法人社団 いずみ医院,525-0033,草津市東草津2-2-53,医療法人社団いずみ医院,1984-09-01,,
一般診療所,,医療法人社団 せき川クリニック,525-0027,草津市野村4-9-10,医療法人社団せき川クリニック,1993-06-01,,
一般診療所,,井上医院,525-0034,草津市草津四丁目5-23,医療法人井上医院,2023-06-01,,
一般診療所,,岡診療所,525-0027,草津市野村6-14-14,,1988-11-28,,
一般診療所,,岡本医院,525-0057,草津市桜ケ丘5-3-10,,1984-11-01,,
一般診療所,,㈱メタルアート診療所,525-0059,草津市野路三丁目2-18,株式会社メタルアート,1971-06-11,,
一般診療所,,橋本内科医院,525-0022,草津市川原町302-5,,1996-12-02,,
一般診療所,,医療法人　佐竹クリニック（内科胃腸科）,525-0037,草津市西大路町8-28-102,医療法人佐竹クリニック,2005-10-01,,
一般診療所,,滋賀県赤十字血液センター,525-0072,草津市笠山7-1-45,日本赤十字社,S54.4.1 H26.2.10,,
一般診療所,,滋賀県赤十字血液センター　草津出張所　びわ湖草津献血ルーム,525-0025,草津市西渋川１丁目1番14号,日本赤十字社,2013-02-14,,
一般診療所,,耳鼻咽喉科岸本医院,525-0027,草津市野村3-17-19,,1995-12-01,,
一般診療所,,医療法人社団湖光会　若草診療所,525-0045,草津市若草5-13-1,医療法人社団湖光会,2003-10-01,,
一般診療所,,ひの医院,525-0027,草津市野村8-9-1,,2026-01-01,,
一般診療所,,水口クリニック,525-0027,草津市野村1-1-10,一般社団法人水口病院 H24.4.1～,1991-09-01,,
一般診療所,,中神産業医クリニック,525-0037,草津市西大路町11-10,,1990-07-01,,
一般診療所,,中野クリニック,525-0032,草津市大路1-15-43,,1995-04-17,,
一般診療所,,津田皮フ科,525-0032,草津市大路1-15-21,医療法人　津田皮フ科,1998-06-22,,
一般診療所,,特別養護老人ホーム菖蒲の郷医務室,525-0042,草津市山寺町８３７番地,社会福祉法人聖優会,1992-07-01,,
一般診療所,,特別養護老人ホーム第二菖蒲の郷医務室,525-0048,草津市追分南５丁目１８番８号,社会福祉法人聖優会,2010-05-21,,
一般診療所,,医療法人久敬会南草津米倉眼科,525-0059,草津市野路1-4-16-301,医療法人久敬会,2025-01-01,,
一般診療所,,入江産婦人科,525-0032,草津市大路2-3-11,,1997-01-03,,
一般診療所,,白波瀬小児科,525-0027,草津市野村8-9-37,,1998-04-01,,
一般診療所,,富田クリニック,525-0025,草津市西渋川1-3-22,医療法人社団富田クリニック,1999-12-01,,
一般診療所,,立命館診療所分室,525-0058,草津市野路東1-1-1,学校法人立命館,1994-04-01,,
一般診療所,,はしもと赤ちゃんキッズクリニック,525-0050,草津市南草津三丁目１番９号,医療法人成育会,2011-04-01,,
一般診療所,,介護老人福祉施設なみき医務室,525-0028,草津市上笠1丁目1-16,社会福祉法人みのり,2011-05-16,,
一般診療所,,医療法人社団ラナンキュラス会 麗ビューティー皮フ科クリニック,525-0037,草津市西大路町４番３２号,医療法人社団ラナンキュラス会,2011-05-30,,
一般診療所,,わかくさ耳鼻咽喉科,525-0045,草津市若草５丁目13-1,,2011-08-01,,
一般診療所,,こまいざわ整形外科クリニック,525-0014,草津市駒井沢町397-1,,2012-04-01,,
一般診療所,,特別養護老人ホーム風和里医務室,525-0044,草津市岡本町217番地,社会福祉法人よつば会,2012-08-01,,
一般診療所,,北山田診療所,525-0061,草津市北山田町245番地１,医療法人　道心会,2012-09-01,,
一般診療所,,KIA　CLINIC　滋賀草津院,535-0032,草津市大路1-15-43　荒川ﾋﾞﾙ２階201,,2013-04-06,,
一般診療所,,清水産婦人科,525-0027,草津市野村三丁目18番5号,医療法人双葉会清水産婦人科,2013-07-31,,
一般診療所,,特別養護老人ホーム　帆の里　医務室,525-0066,草津市矢橋町５００番１,社会福祉法人よつば会,2013-10-01,,
一般診療所,,滋賀県身体障害者更生相談所判定室,525-0072,草津市笠山七丁目8-138　県立長寿社会福祉センタ―別館２階,,2014-02-01,,
一般診療所,,伊藤内科クリニック,525-0037,草津市西大路町4-32　106-1,,2014-03-03,,
一般診療所,,指月病理診断科,525-0024,草津市平井町395-38,,2015-01-17,,
一般診療所,,せの耳鼻咽喉科,525-0023,草津市平井1-19-6,,2015-02-01,,
一般診療所,,由良クリニック眼科分院,525-0067,草津市新浜町300番地イオンモール草津１F,医療法人碧藍会,2015-06-01,,
一般診療所,,ふじさわ小児クリニック,525-0032,草津市大路二丁目9番4号,,2015-09-01,,
一般診療所,,iMEP診療所,525-0055,草津市野路町3023番地,ニプロ株式会社,2016-04-16,,
一般診療所,,かんだクリニック,525-0055,草津市野路町686,,2016-05-06,,
一般診療所,,特別養護老人ホーム　萩の里　医務室,525-0058,草津市野路東二丁目4番10号,社会福祉法人よつば会,2016-07-01,,
一般診療所,,医療法人スマイル　玉川スマイルクリニック,525-0059,草津市野路8丁目22-13,医療法人スマイル,2016-10-01,,
一般診療所,,特別養護老人ホーム　えんゆうの郷,525-0063,草津市南山田町７６１番地,社会福祉法人 誠光福祉会,H.29.4.17,,
一般診療所,,医療法人 瑞明会 滋賀睡眠クリニック,525-0050,草津市南草津1丁目3-1,医療法人 瑞明会,H.29.7.1,,
一般診療所,,なごみ皮膚科クリニック,525-0050,草津市南草津2丁目7-22-2,,H.29.12.1,,
一般診療所,,医療法人おがわ耳鼻咽喉科,525-0047,草津市追分1丁目4番25-2,医療法人おがわ耳鼻咽喉科,2026-04-01,,
一般診療所,,みみ･はな･いびき 耳鼻咽喉科こまクリニック,525-0050,草津市南草津2丁目7-22-2,,H.29.12.3,,
一般診療所,,ささきクリニック,525-0037,草津市西大路町5-2,,2018-04-01,,
一般診療所,,せきがわ内科クリニック,525-0028,草津市上笠2-17-6 アーバス草津1F,,2018-11-07,,
一般診療所,,草津こころのクリニック,525-0032,草津市大路1-12-1 星空館3F,,2019-01-01,,
一般診療所,,竹岡診療所,525-0034,草津市南草津2丁目4-10 ベーネ南草津1F,,2019-02-01,,
一般診療所,,医療法人にじいろ会おぐまファミリークリニック,525-0050,草津市南草津二丁目４－３,医療法人にじいろ会,2019-04-01,,
一般診療所,,医療法人ひつじクリニック,525-0037,草津市西大路町4-32 エストピアプラザ２階,医療法人ひつじクリニック,2019-07-01,,
一般診療所,,医療法人かがやき会そうむらファミリークリニック,525-0048,草津市追分南四丁目6-23,医療法人かがやき会,2022-05-01,,
一般診療所,,医療法人みらいといやまこどもクリニック,525-0047,草津市追分一丁目４番２５-１号,医療法人みらい,2019-10-01,,
一般診療所,,特別養護老人ホームやまでら医務室,525-0042,草津市山寺町1118,社会福祉法人よつば会,2019-10-01,,
一般診療所,,特別養護老人ホームゆうすいのさと診療所,525-0014,草津市駒井沢町４００番地１,社会福祉法人よつば会,2019-10-01,,
一般診療所,,社会医療法人誠光会南草津健診センター,525-0050,草津市南草津二丁目3番地7,社会医療法人誠光会,2019-12-02,,
一般診療所,,みつだ内科クリニック,525-0059,草津市野路4丁目4番1号,,2020-02-03,,
一般診療所,,おかだ内科クリニック,525-0071,草津市南笠東4丁目5-30,,2020-04-01,,
一般診療所,,特別養護老人ホームやわらぎ苑診療所,525-0056,草津市南笠町８９１番地,社会福祉法人よつば会,2020-04-01,,
一般診療所,,特別養護老人ホームしあわせ診療所,525-0056,草津市南笠町９０５番地,社会福祉法人よつば会,2020-04-01,,
一般診療所,,医療法人シーエルリンク南草津あおぞらクリニック,525-0050,草津市南草津3丁目4番3-3,医療法人シーエルリンク,2022-10-01,,
一般診療所,,いりかわ耳鼻咽喉科,525-0050,草津市南草津5丁目4-14,医療法人いりかわ耳鼻咽喉科,Ｒ7.11.1法人化,,
一般診療所,,医療法人山田整形外科クリニック,525-0050,草津市南草津3丁目4番3-1,医療法人山田整形外科クリニック,2022-10-01,,
一般診療所,,久徳医院,525-0034,草津市草津2-4-17,,2020-09-01,,
一般診療所,,医療法人馰野会南草津婦人科まりこクリニック,525-0059,草津市野路1丁目13番5号南草津アクシスビル3階,医療法人馰野会,2020-10-03,,
一般診療所,,特別養護老人ホーム茜の郷,525-0029,草津市下笠町７３３－１,社会福祉法人聖優会,2021-01-01,,
一般診療所,,医療法人霜星会　滋賀美容皮膚科クリニック,525-0059,草津市野路1丁目13-5南草津ｱｸｼｽﾋﾞﾙ4階,医療法人霜星会,2023-12-01,,
一般診療所,,医療法人健尚会こばやし整形外科,525-0026,草津市渋川１丁目２番26-202号,医療法人健尚会,2021-04-01,,
一般診療所,,眞下草津医院,525-0027,草津市野村三丁目16番20-2号,医療法人眞下草津医院,2021-12-01,,
一般診療所,,滋賀もりブレストクリニック,525-0059,草津市野路一丁目13番36号,,2022-01-01,,
一般診療所,,医療法人みらい　南草津こどもクリニック,525-0059,草津市野路一丁目6-5サンコート南草津１F,医療法人みらい,2022-04-01,,
一般診療所,,南草津皮フ科,525-0055,草津市野路町652-3,医療法人A．I．R．,2022-05-02,,
一般診療所,,草津かわはらクリニック,525-0036,草津市草津町1899,医療法人碧河会草津かわはらクリニック,Ｒ7.12.1法人化,,
一般診療所,,メープル・クリニック,525-0059,草津市野路1-14-38-204,医療法人　加風,2023-04-01,,
一般診療所,,とみた腎泌尿器科クリニック,525-0050,草津市南草津二丁目1-30,,2023-04-01,,
一般診療所,,はやし脳神経外科クリニック,525-0066,草津市矢橋町102-8,医療法人かのん,2025-04-01,,
一般診療所,,AGAスキンクリニック滋賀草津院,525-0032,草津市大路一丁目12番1 星空館3階301号室,医療法人社団創美会,2023-04-08,,
一般診療所,,医療法人希会　きぼうクリニック,525-0056,草津市南草津プリムタウン四丁目８番地２－１階,医療法人希会,2023-05-01,,
一般診療所,,いうら皮ふ科クリニック,520-3025,草津市追分南1丁目1-14,医療法人いうら皮ふ科クリニック,2023-05-01,,
一般診療所,,おおにし耳鼻咽喉科,525-0066,草津市矢橋町102番地8 2階,医療法人宗結会,2023-08-01,,
一般診療所,,おかもと内科・糖尿病クリニック,525-0021,草津市川原二丁目16-39,,2023-09-04,,
一般診療所,,カノアビューティ―クリニック,525-0059,草津市野路一丁目８－１８　エルミナeeビルディング203号室,一般社団法人仁秀グループ,2023-10-17,,
一般診療所,,南草津ひだまりハートクリニック,525-0050,草津市南草津三丁目４番７,医療法人シーエルリンク,2023-11-01,,
一般診療所,,TCB 東京中央美容外科・TCB スキンクリニック　草津院,525-0032,草津市大路一丁目1番1号　エルティ９３２ビル３階,医療法人社団メディカルフロンティア,2023-12-02,,
一般診療所,,JIN CLINIC,525-0067,草津市新浜町300 イオンモール草津1F,,2024-04-01,,
一般診療所,,いわさ眼科,525-0025,草津市西渋川1-3-18,,2024-05-01,,
一般診療所,,まごころファミリークリニック,525-0025,草津市西渋川一丁目21番14号1階,医療法人長光会,2024-08-01,,
一般診療所,,医療法人社団廣瀨会銀座クリニック南草津院,525-0059,草津市野路一丁目９番地１７ VENZAITEN BLDG. MINAMIKUSATSU 4階,医療法人社団廣瀨会,2024-12-19,,
一般診療所,,みなくさメンタルクリニック,525-0059,草津市野路二丁目１６－５,,2025-07-01,,
一般診療所,,J  CLINIC,525-0059,草津市野路一丁目１５－５　フェリエ南草津３Ｆ,,2025-07-27,,
一般診療所,,みやはら整形外科,525-0046,草津市追分南二丁目１２番２号,,2025-10-01,,
一般診療所,,南草津おなかと胃・大腸カメラのクリニック,525-0050,草津市南草津二丁目３番１１,医療法人シーエルリンク,2025-11-01,,
一般診療所,,医療法人真樹会　滋賀ひかりハートクリニック,525-0065,草津市橋岡町４２番地１　スリーワン南草津１階,医療法人真樹会,2025-12-01,,
一般診療所,,医療法人四つ葉会よつば会クリニック草津院,525-0026,草津市渋川一丁目１番５０号　近鉄百貨店草津店５階,医療法人四つ葉会,2026-01-07,,
一般診療所,,おひさま眼科,525-0025,草津市西渋川一丁目２３番３０号アル・プラザ２階,医療法人愛光会,2026-02-10,,
一般診療所,,きいろのたね　こどもの発達・不登校クリニック,525-0059,草津市野路一丁目７－２１　リベリ―南草津205号,医療法人杏華会,2026-04-01,,
一般診療所,,ねこのて婦人科クリニック,525-0025,草津市西渋川一丁目２１番１４号　エルミナＭＣビル２階,,2026-05-01,,
一般診療所,,医療法人 かさはら医院,524-0012,守山市播磨田町1456-1,医療法人かさはら医院,2001-04-01,,
一般診療所,,医療法人 さくら会守山さくら内科クリニック,524-0022,守山市守山三丁目10-13,医療法人さくら会守山さくら内科クリニック,2008-10-01,,
一般診療所,,医療法人 やまもと小児科,524-0045,守山市金森町959,医療法人やまもと小児科,2006-04-01,,
一般診療所,,医療法人 藤本クリニック,524-0037,守山市梅田町2-1　セルバ守山204,医療法人藤本クリニック,2021-08-01,,
一般診療所,,医療法人社団 山岡整形外科医院,524-0041,守山市勝部1-17-28,医療法人社団山岡整形外科医院,2006-04-01,,
一般診療所,,医療法人拓真会　つかもと耳鼻咽喉科,524-0037,守山市梅田町15番7号,医療法人拓真会,2009-08-01,,
一般診療所,,うちだクリニック,524-0022,守山市守山5-8-7,,2001-12-10,,
一般診療所,,かいつぶり診療所,524-0022,守山市守山町168-1,社会福祉法人滋賀県障害児協会,2006-09-01,,
一般診療所,,グンゼ株式会社守山工場附属診療所,524-0064,守山市森川原町163,グンゼ株式会社守山工場,,,
一般診療所,,柴田クリニック,524-0012,守山市播磨田町3016-7,,2005-04-11,,
一般診療所,,医療法人德林クリニック,524-0022,守山市守山6-8-3,医療法人德林クリニック,2016-12-01,,
一般診療所,,特別養護老人ホームしがそせい苑医務室,524-0102,守山市水保町2650-1,社会福祉法人明富の郷,2003-03-01,,
一般診療所,,TOPPANｸﾞﾙｰﾌﾟ健康保険組合守山診療所,524-0051,守山市三宅町436-1,TOPPANグループ健康保険組合,1981-07-24,,
一般診療所,,ひろたに医院,524-0054,守山市大林町214-5,,1998-07-21,,
一般診療所,,ふくだ医院,524-0065,守山市山賀町字灰塚1018,,1998-06-19,,
一般診療所,,ふくはら内科クリニック,524-0041,守山市勝部１-16-27-103,,1991-05-13,,
一般診療所,,まつかわ小児科,524-0102,守山市水保町1268-20,,1995-04-14,,
一般診療所,,守山こころのクリニック,524-0041,守山市勝部一丁目１番21-202号,医療法人碧水会,2009-04-01,,
一般診療所,,旭化成守山製造所診療所(健康経営支援センター),524-0002,守山市小島町515,旭化成株式会社守山製造所,2003-12-18,,
一般診療所,,こうざき耳鼻咽喉科,524-0021,守山市吉身二丁目６番５１号,医療法人こうざき耳鼻咽喉科,1986-12-22,,
一般診療所,,医療法人 山本内科,524-0046,守山市今宿1-4-8,医療法人 山本内科,1992-09-01,,
一般診療所,,医療法人 守山内科クリニック,524-0033,守山市浮気町300-15グランドメゾン守山1-101,医療法人守山内科クリニック,1996-09-01,,
一般診療所,,医療法人 北野耳鼻科,524-0022,守山市守山5-146ｰ7,医療法人北野耳鼻科,1999-10-01,,
一般診療所,,医療法人久敬会 米倉眼科診療所,524-0041,守山市勝部１-1-21-501,医療法人久敬会,1991-04-01,,
一般診療所,,医療法人社団 きどわき医院,524-0012,守山市播磨田町3067,医療法人きどわき医院,1998-05-01,,
一般診療所,,医療法人社団 寺内整形外科,524-0022,守山市守山6-1-63,医療法人社団寺内整形外科,1997-06-01,,
一般診療所,,医療法人社団 中西整形外科,524-0021,守山市吉身3-14-21,医療法人社団　中西整形外科,1994-03-01,,
一般診療所,,岸本眼科医院,524-0022,守山市守山1-10-8,医療法人社団岸本眼科医院,1995-02-01,,
一般診療所,,久保婦人科,524-0002,守山市小島町1082,,2007-01-30,,
一般診療所,,坂井クリニック,524-0044,守山市古高町383,,1997-08-25,,
一般診療所,,山本内科婦人科クリニック,524-0037,守山市梅田町1-25,,1996-07-10,,
一般診療所,,医療法人　小西醫院,524-0103,守山市洲本町字1256-6,医療法人小西醫院,2002-04-01,,
一般診療所,,前川医院,524-0102,守山市水保町1278,,2010-04-27,,
一般診療所,,大橋医院,524-0014,守山市石田町234,,2015-04-01,,
一般診療所,,大橋内科医院,524-0014,守山市石田町275-3,医療法人大橋内科医院,2007-04-01,,
一般診療所,,津田内科医院,524-0042,守山市焔魔堂町15,,2009-11-01,,
一般診療所,,藤井内科,524-0004,守山市笠原町1238,,2006-09-01,,
一般診療所,,特別養護老人ホームゆいの里医務室,524-0103,守山市笠原町１３１３番地３,社会福祉法人慈恵会,2023-07-01,,
一般診療所,,内科・胃腸科井上ｸﾘﾆｯｸ,524-0021,守山市吉身3-14-46,,1997-10-01,,
一般診療所,,日本バイリ－ンＫＫ滋賀工場診療所,524-0041,守山市勝部4-1-11,日本バイリーン株式会社滋賀工場,1973-05-01,,
一般診療所,,浜中医院,524-0043,守山市二町町41-1,,1981-04-01,,
一般診療所,,守山じんがみ眼科,524-0012,守山市播磨田町447-4,医療法人博慈会,2007-10-01,,
一般診療所,,峯森内科医院,524-0104,守山市木浜町1670-1,,1999-06-07,,
一般診療所,,すずきクリニック,524-0033,守山市浮気町105-3,,2010-07-26,,
一般診療所,,特別養護老人ホームカナリヤの家医務室,524-0051,守山市三宅町８３３,社会福祉法人友愛,2007-01-01,,
一般診療所,,はたスポーツ整形クリニック,524-0013,守山市下之郷一丁目１５番８号,医療法人はたスポーツ整形クリニック,2012-05-07,,
一般診療所,,なかにし皮フ科クリニック,524-0041,守山市勝部６丁目３番34号,,2013-09-02,,
一般診療所,,医療法人かわひと内科クリニック,524-0041,守山市勝部3丁目15番31-2号,医療法人かわひと内科クリニック,2024-11-01,,
一般診療所,,西藤小児科こどもの呼吸器・ｱﾚﾙｷﾞｰｸﾘﾆｯｸ,524-0022,守山市守山1丁目12-12,医療法人藤城会,2016-09-01,,
一般診療所,,小森眼科クリニック,524-0045,守山市金森町600-1,,2016-10-20,,
一般診療所,,はっとり皮フ科クリニック,524-0041,守山市勝部3丁目15番31-3号,,2017-03-10,,
一般診療所,,ヤザマ内科医院,524-0052,守山市大門町56-1,,2017-05-09,,
一般診療所,,医療法人 叡智会 つつみ耳鼻咽喉科,524-0042,守山市焔魔堂町115-1,医療法人 叡智会,2017-10-01,,
一般診療所,,辻医院,524-0214,守山市立田町1772-2,,2018-07-01,,
一般診療所,,医療法人いがらしクリニック,524-0022,守山市守山6丁目10-34,医療法人いがらしクリニック,2021-10-01,,
一般診療所,,医療法人かわさきクリニック,524-0041,守山市勝部1丁目1-21 小島ビル302号,医療法人かわさきクリニック,2022-10-01,,
一般診療所,,特別養護老人ホームひいらぎ内医務室,524-0016,守山市荒見町８５番地,社会福祉法人近江笑生会,2020-03-01,,
一般診療所,,医療法人せんぎく腎泌尿器科クリニック,524-0045,守山市金森町598-1,医療法人せんぎく腎泌尿器科クリニック,2020-04-01,,
一般診療所,,医療法人くまだキッズファミリークリニック,524-0045,守山市金森町454-4,医療法人くまだキッズファミリークリニック,2020-11-01,,
一般診療所,,荒堀整形外科,524-0052,守山市大門町156番,,2021-01-01,,
一般診療所,,銀座通りクリニック内科・呼吸器内科,524-0022,守山市守山1丁目5番10号　守山銀座ビル東館2階,医療法人さくら会守山さくら内科クリニック,2021-03-08,,
一般診療所,,守山銀座スキンクリニック,524-0022,守山市守山1-5-10　守山銀座ビル東館２F203,,2021-04-01,,
一般診療所,,特別養護老人ホーム南平の郷診療所,524-0053,守山市横江町１５５番地,社会福祉法人日野友愛会,2021-04-01,,
一般診療所,,医療法人翠蓮会　とがの整形外科クリニック,524-0045,守山市金森町603-1,医療法人翠蓮会,Ｒ6.11.1法人化,,
一般診療所,,やまぐち内科医院,524-0012,守山市播磨田町1304番地2,,2022-04-01,,
一般診療所,,さとう内科クリニック,524-0046,守山市今宿四丁目5番17号,,2023-04-01,,
一般診療所,,医療法人社団日翔会　なぎさクリニック,524-0046,守山市今宿二丁目13番24号,医療法人社団日翔会,2023-10-01,,
一般診療所,,おうみ在宅クリニック,524-0043,守山市二町町１９５－４,医療法人　青蘭会,Ｒ7.11.1法人化,,
一般診療所,,特別養護老人ホームサクラベル守山(2階医務室),524-0014,守山市石田町424-1,社会福祉法人あいの土山福祉会,2023-11-01,,
一般診療所,,特別養護老人ホームサクラベル守山(3階医務室),524-0014,守山市石田町424-1,社会福祉法人あいの土山福祉会,2024-07-01,,
一般診療所,,あゆみスキンクリニック,524-0022,守山市守山三丁目７番１１号,,2024-09-01,,
一般診療所,,ブルーレイク消化器内科クリニック,524-0045,守山市金森町605-1,,2025-01-01,,
一般診療所,,ひかり眼科,524-0101,守山市今浜町2620-5ピエリ守山2F,医療法人　ひとみ会,2025-07-01,,
一般診療所,,なかじま小児科アレルギークリニック,524-0041,守山市勝部五丁目６番３４号,医療法人グリーンスウォード,2025-09-01,,
一般診療所,,守山駅前よねくら内科・胃腸内視鏡クリニック,524-0037,守山市梅田町６番２号,,2025-11-04,,
一般診療所,,ぱんだキッズファミリークリニック,524-0037,守山市梅田町６番２号,,2025-11-04,,
一般診療所,,ＫＫＣウエルネス栗東健診クリニック,520-3016,栗東市小野501-1,一般財団法人近畿健康管理センター,1998-03-02,,
一般診療所,,あらき内科クリニック,520-3015,栗東市安養寺１丁目１番20-101号,,2007-01-05,,
一般診療所,,医療法人社団 ふじもと医院,520-3035,栗東市霊仙寺1-2-19  ｴｽﾎﾟ栗東204,医療法人社団ふじもと医院,2002-05-01,,
一般診療所,,医療法人社団 渡辺産婦人科,520-3027,栗東市野尻435,医療法人社団渡辺産婦人科,2000-09-15,,
一般診療所,,医療法人社団三愛小児科診療所,520-3024,栗東市小柿六丁目10-2,医療法人社団三愛小児科診療所,2009-08-01,,
一般診療所,,医療法人秀明会 増田眼科,520-3035,栗東市霊仙寺1丁目2-19  ｴｽﾎﾟ栗東101,医療法人秀明会増田眼科,2002-06-01,,
一般診療所,,おがき耳鼻咽喉科,520-3024,栗東市小柿7-5-10,医療法人おがき耳鼻咽喉科,1994-07-01,,
一般診療所,,かのうクリニック,520-3031,栗東市綣3-10-22グレーシィ栗東ビステージ,,1996-08-08,,
一般診療所,,きづきクリニック,520-3012,栗東市岡195-1,,2008-10-01,,
一般診療所,,医療法人ごとう医院,520-3005,栗東市御園1829-1,医療法人ごとう医院,2003-09-12,,
一般診療所,,こびらい生協診療所,520-3034,栗東市小平井3丁目２－２５,しが健康医療生活協同組合,1996-02-23,,
一般診療所,,一般財団法人競馬共助会栗東診療所,520-3005,栗東市御園1028,一般財団法人競馬共助会,1969-11-18,,
一般診療所,,だんの皮フ科クリニック,520-3031,栗東市綣1丁目10-1,,2007-12-03,,
一般診療所,,社会福祉法人すみれ厚生会 特別養護老人ホーム　栗東すみれ園クリニック,520-3016,栗東市小野３６３番地,社会福祉法人すみれ厚生会,2004-07-01,,
一般診療所,,パームこどもクリニック,520-3027,栗東市野尻440,医療法人パームこどもクリニック,2011-11-01,,
一般診療所,,パナソニック栗東健康管理室,520-3041,栗東市出庭19,パナソニック健康保険組合,1972-12-10,,
一般診療所,,はなだ婦人クリニック,520-3031,栗東市綣3-10-22グレーシィ栗東ビステージ,,2000-07-07,,
一般診療所,,びわこ皮フ科,520-3024,栗東市小柿10丁目16-14,医療法人白兎会,2008-04-01,,
一般診療所,,医療法人　栗東内科・内視鏡クリニック,520-3016,栗東市小野178,医療法人　栗東内科・内視鏡クリニック,2025-04-01,,
一般診療所,,まがらクリニック,520-3036,栗東市十里83-3,,2006-07-27,,
一般診療所,,まるやま医院,520-3027,栗東市野尻590　あかつきビル１階,,2001-08-01,,
一般診療所,,栗東なす耳鼻咽喉科,520-3026,栗東市下鈎864-1,,2007-06-01,,
一般診療所,,医療法人緑青会栗東はた内科医院,520-3032,栗東市苅原233,医療法人緑青会,2023-04-01,,
一般診療所,,医療法人明照会　栗東ピースクリニック,520-3047,栗東市手原3-11-2,医療法人明照会,2007-04-01,,
一般診療所,,医療法人社団 うつのみや医院,520-3036,栗東市十里136-2,医療法人社団うつのみや医院,1992-05-01,,
一般診療所,,医療法人社団 真下胃腸科医院,520-3035,栗東市霊仙寺1-1-52,医療法人社団眞下胃腸科医院,1992-11-16,,
一般診療所,,金沢整形外科ｸﾘﾆｯｸ,520-3016,栗東市小野881,医療法人金沢形成外科クリニック,2000-04-01,,
一般診療所,,栗東雨森診療所,520-3016,栗東市小野442-1,,1988-07-01,,
一般診療所,,清水整形外科医院,520-3026,栗東市下鈎1630,,1996-07-10,,
一般診療所,,積水化学工業㈱滋賀栗東工場診療所,520-3027,栗東市野尻75,積水化学工業株式会社滋賀栗東工場,1973-11-10,,
一般診療所,,特別養護老人ﾎｰﾑ淡海荘医務室,520-3041,栗東市出庭６９７番地の１,社会福祉法人恩賜財団済生会支部滋賀県済生会,1994-04-01,,
一般診療所,,任医院,520-3014,栗東市川辺615,,1991-05-27,,
一般診療所,,梅井外科・皮フ科クリニック,520-3015,栗東市安養寺1-2-25,,1976-11-25,,
一般診療所,,樋上循環器科内科医院,520-3031,栗東市綣5-1-34,,1989-10-23,,
一般診療所,,立石医院,520-3037,栗東市北中小路2-6,,1997-02-01,,
一般診療所,,ちばレディースクリニック,520-3024,栗東市小柿５丁目１３番２号,医療法人ちばレディースクリニック,2012-07-17,,
一般診療所,,湖南広域休日急病診療所,520-3046,栗東市大橋二丁目７番３号,湖南広域行政組合,2014-04-13,,
一般診療所,,くさか眼科,520-3031,栗東市綣２丁目4番5号　ウィングプラザ　1階,,2014-05-02,,
一般診療所,,栗東よしおか小児科,520-3031,栗東市綣３丁目5-17,医療法人ふたば,2015-03-01,,
一般診療所,,にしかわ整形外科クリニック,520-3031,栗東市綣２丁目4番5号　ウィングプラザ　1階,,2017-01-05,,
一般診療所,,栗東えりこ内科クリニック,520-3005,栗東市御園846-1,,2017-03-01,,
一般診療所,,ありかた耳鼻咽喉科,520-3015,栗東市安養寺3丁目11-9,,2017-05-02,,
一般診療所,,特別養護老人ホーム治田の里医務室,524-0102,栗東市川辺６２７番地,社会福祉法人　よつば会,2017-07-01,,
一般診療所,,医療法人 片岡クリニック,520-3015,栗東市安養寺8-1-33　ナガサワメディカルビル２階,医療法人 片岡クリニック,2017-10-01,,
一般診療所,,日清食品株式会社関西工場 医務室,520-3026,栗東市下鈎21番地1,日清食品株式会社関西工場,2018-08-01,,
一般診療所,,さとこ内科クリニック,520-3025,栗東市中沢2丁目5番54号,,2020-08-01,,
一般診療所,,湖南サポートクリニック,520-3015,栗東市安養寺1丁目13-37 Kビル1階B号室,医療法人　慈仁会,2023-10-01,,
一般診療所,,特別養護老人ホームはなえみ医療室,520-3022,栗東市上鈎２６５－１,社会福祉法人　よつば会,2021-04-01,,
一般診療所,,医療法人ひえだクリニック,520-3045,栗東市高野562番地8,医療法人ひえだクリニック,2021-04-06,,
一般診療所,,グリーンライフクリニック,520-3046,栗東市大橋一丁目7-37,,2021-04-17,,
一般診療所,,医療法人あおあお在宅クリニック,520-3025,栗東市中沢二丁目11-10メゾン中沢１階,医療法人あおあお在宅クリニック,2025-06-01,,
一般診療所,,かとう皮フ科クリニック,520-3015,栗東市安養寺１丁目5-14,,2023-04-01,,
一般診療所,,となり眼科,520-3015,栗東市安養寺一丁目9番8号,,2023-04-01,,
一般診療所,,草津栗東みらい内科クリニック,520-3024,栗東市小柿7丁目9-11 滋賀中央ビル２階,,2023-05-01,,
一般診療所,,たにがわクリニック,520-3013,栗東市目川1403番,,2023-06-01,,
一般診療所,,草津眼科クリニック,520-3024,栗東市小柿七丁目9-11,,2023-06-10,,
一般診療所,,こんぜ在宅クリニック,520-3015,栗東市安養寺七丁目1-18 エステートビル２階Ａ号室,,2023-11-17,,
一般診療所,,医療法人あずBaby&Kidsクリニック,520-3035,栗東市霊仙寺三丁目2-30,医療法人あずBaby&Kidsクリニック,2026-04-01,,
一般診療所,,あんようじこどもクリニック,520-3015,栗東市安養寺一丁目9-9,,2024-04-01,,
一般診療所,,草津たにもと脳神経外科クリニック,520-3024,栗東市小柿七丁目1番3号,,2024-04-01,,
一般診療所,,地域密着型特別養護老人ホームるりあんはうすクリニック,520-3016,栗東市小野８１４番地,社会福祉法人　るりあん,2024-05-01,,
一般診療所,,もりた内科クリニック,520-3037,栗東市北中小路字老ノ木３４４番１,,2024-09-01,,
一般診療所,,てはらハートクリニック,520-3047,栗東市手原五丁目６番１２号,医療法人ハートセンター,2025-10-01,,
一般診療所,,医療法人桜井皮ふ科医院,520-2353,野洲市久野部192-1,医療法人桜井皮ふ科医院,2006-04-01,,
一般診療所,,野村内科医院,520-2331,野洲市小篠原2177,医療法人社団医真会,2007-08-01,,
一般診療所,,医療法人吉川医院,524-0201,野洲市吉川928,医療法人吉川医院,2001-10-01,,
一般診療所,,医療法人山地内科,520-2323,野洲市三上279-1,医療法人山地内科,2006-04-01,,
一般診療所,,医療法人森野内科医院,520-2361,野洲市北野1-19-33,医療法人森野内科医院,1988-03-01,,
一般診療所,,医療法人翔誠会　おおはし腎透析クリニック,520-2304,野洲市永原1833番4,医療法人翔誠会,2010-03-25,,
一般診療所,,かねこ整形外科,520-2353,野洲市久野部191-1-1,,2000-07-25,,
一般診療所,,希望が丘クリニック,520-2362,野洲市市三宅2354,,2008-04-01,,
一般診療所,,甲原医院,520-2331,野洲市小篠原2057-1,,2008-11-04,,
一般診療所,,ちかもち内科医院,520-2331,野洲市小篠原2208-1,,2005-06-07,,
一般診療所,,医療法人　遠田整形外科,520-2362,野洲市市三宅（字足ノ堂）2339-1,医療法人　遠田整形外科,2010-03-01,,
一般診療所,,なかにし耳鼻咽喉科,520-2331,野洲市小篠原字入道1033-1,,2001-04-01,,
一般診療所,,本田医院,520-2324,野洲市近江冨士2丁目5-2,医療法人本田医院,1993-06-01,,
一般診療所,,やすホームケアクリニック,520-2331,野洲市小篠原958-3,医療法人こまくさ会,2004-04-01,,
一般診療所,,やすだ眼科,520-2361,野洲市北野1-1-8,,2005-04-01,,
一般診療所,,山田クリニック,520-2362,野洲市市三宅2725,,2001-04-14,,
一般診療所,,伊藤整形外科,520-2343,野洲市大畑14-12,,1981-02-05,,
一般診療所,,医療法人ほりで医院,520-2353,野洲市久野部1-15,医療法人ほりで医院,1988-08-01,,
一般診療所,,医療法人社団すぎやま内科,520-2331,野洲市小篠原1974-1,医療法人社団すぎやま内科,1996-05-01,,
一般診療所,,医療法人社団たちいり小児科医院,520-2353,野洲市久野部198-1,医療法人社団たちいり小児科医院,1998-05-01,,
一般診療所,,医療法人白井医院,520-2304,野洲市永原1833-1,医療法人白井医院,2010-05-01,,
一般診療所,,吉田クリニック,520-2362,野洲市市三宅2732野洲化学ビル１Ｆ,,1999-10-01,,
一般診療所,,滋賀保健研究センター診療所本館,520-2304,野洲市永原664,一般財団法人滋賀保健研究センター,1989-01-05,,
一般診療所,,滋賀保健研究センター診療所別館,520-2304,野洲市永原上町681番２,一般財団法人滋賀保健研究センター,2013-06-12,,
一般診療所,,藤井医院,520-2362,野洲市市三宅2480,医療法人藤井医院,2004-04-01,,
一般診療所,,特別養護老人ﾎｰﾑあやめの里医務室,524-0201,野洲市吉川字里ノ内３８５４番地の１,社会福祉法人野洲慈恵会,2000-10-01,,
一般診療所,,特別養護老人ﾎｰﾑぎおうの里診療所,520-2351,野洲市冨波甲１３４０番地の１,社会福祉法人野洲慈恵会,2005-09-01,,
一般診療所,,特別養護老人ﾎｰﾑ悠紀の里診療所,520-2322,野洲市南桜２１３１番地１,社会福祉法人野洲慈恵会,1991-09-01,,
一般診療所,,南医院,520-2413,野洲市吉地1412,,1992-10-05,,
一般診療所,,北村眼科,520-2341,野洲市行畑1-12-6,,1995-04-01,,
一般診療所,,澤田医院,520-2351,野洲市富波甲1087-１,,2000-05-08,,
一般診療所,,髙田クリニック,520-2341,野洲市行畑736,,2008-07-28,,
一般診療所,,たけだ眼科,520-2351,野洲市冨波甲1086番地５,医療法人 ｸﾞﾘｰﾝｽｳｫｰﾄﾞ,2016-01-04,,
一般診療所,,医療法人 おかもと耳鼻咽喉科クリニック,520-2362,野洲市市三宅2339-4,医療法人おかもと耳鼻咽喉科クリニック,2018-04-01,,
一般診療所,,医療法人くれよん うえだこどもクリニック,520-2331,野洲市小篠原869-1,医療法人くれよん,H.30.10.1,,
一般診療所,,医療法人にしむら整形外科クリニック,520-2304,野洲市永原1834番1,医療法人　にしむら整形外科クリニック,2022-11-01,,
一般診療所,,田中医院,520-2434,野洲市比江816,,2019-08-01,,
一般診療所,,医療法人藤寿会えとうクリニック,520-2413,野洲市吉地1193番1,医療法人藤寿会,2019-10-01,,
一般診療所,,医療法人拓翔会岸本産婦人科,520-2361,野洲市北野1丁目15-35,医療法人拓翔会,2020-04-01,,
一般診療所,,特別養護老人ホーム野洲篠原すみれ園,520-2313,野洲市大篠原９５１番１,社会福祉法人すみれ厚生会,2021-03-01,,
一般診療所,,ミカミクリニック,520-2323,野洲市三上1922-11,,2021-05-07,,
一般診療所,,かつじクリニック,520-2362,野洲市市三宅2373,,2022-07-04,,
一般診療所,,平田レディースクリニック,520-2323,野洲市三上1937-14,,2023-04-01,,
一般診療所,,整形外科にしがわらクリニック,520-2423,野洲市西河原2363,,2023-05-01,,
一般診療所,,おきなか泌尿器科クリニック,520-2423,野洲市行畑672番１,,2025-04-01,,
一般診療所,,あいこうか眼科,528-0005,甲賀市水口町水口６０４０－１,医療法人IC,2026-04-01,,
一般診療所,,医療法人荒川クリニック,520-3214,湖南市梅影町３－１４,医療法人 荒川クリニック,2007-04-01,,
一般診療所,,阿星山診療所,520-3234,湖南市中央５丁目１６８ 甲西中央ビル１０１号,,2008-01-04,,
一般診療所,,あらまき内科クリニック,520-3247,湖南市菩提寺東３－６－２２,,2012-08-01,,
一般診療所,,医療法人浅田クリニック,528-0036,甲賀市水口町東名坂226番地１,医療法人浅田クリニック,2025-11-01,,
一般診療所,,あん医院,528-0042,甲賀市水口町虫生野中央１１９－１,,2002-04-01,,
一般診療所,,今村医院,520-3322,甲賀市甲南町深川２２０１番地,医療法人メディカル甲賀,1997-06-01,,
一般診療所,,医療法人　岩谷医院,528-0024,甲賀市水口町中邸２ー１０,医療法人岩谷医院,1988-03-01,,
一般診療所,,いしい眼科,520-3106,湖南市石部中央六丁目１番３号,,2015-08-01,,
一般診療所,,うだ医院,528-0211,甲賀市土山町北土山１６８４－１,医療法人うだ医院,2005-06-21,,
一般診療所,,医療法人社団太田医院,528-0042,甲賀市水口町虫生野中央８１ー２,医療法人社団 太田医院,1991-04-08,,
一般診療所,,滋賀県立近江学園医局,520-3111,湖南市東寺四丁目１－１,滋賀県,1971-10-01,,
一般診療所,,医療法人小川診療所,520-3107,湖南市石部東２丁目５番３８号,医療法人小川診療所,2018-04-02,,
一般診療所,,株式会社クボタ　滋賀工場診療所,520-3211,湖南市高松２番地１,株式会社クボタ　 滋賀工場　工場長,1974-04-01,,
一般診療所,,医療法人社団寿久　   カズ皮フ科医院,520-3223,湖南市夏見６３４番地２,医療法人社団 寿久,1998-02-02,,
一般診療所,,かなじ耳鼻咽喉科,528-0005,甲賀市水口町水口樫の実５９９３－１,,2003-07-01,,
一般診療所,,医療法人　川端医院,528-0234,甲賀市土山町徳原４５１,医療法人川端医院,1966-04-06,,
一般診療所,,かりゆしクリニック,528-0235,甲賀市土山町大野４０１,,2007-11-01,,
一般診療所,,木村医院,528-0041,甲賀市水口町虫生野１０１５－９,医療法人　木村医院,2022-10-01,,
一般診療所,,こうせい眼科,520-3214,湖南市梅影町３－２０,,2021-06-28,,
一般診療所,,湖南市立水戸診療所,520-3202,湖南市西峰町１番地１,湖南市,2006-04-01,,
一般診療所,,湖南市国民健康保険夏見診療所,520-3223,湖南市夏見１５０６ー１,湖南市,2004-10-01,,
一般診療所,,湖南市国民健康保険岩根診療所,520-3252,湖南市岩根１１５６ー２,湖南市,2004-10-01,,
一般診療所,,しが健康医療生活協同組合 医療生協こうせい駅前診療所,520-3231,湖南市針３３７－１,しが健康医療生活協同組合,2013-03-06,,
一般診療所,,医療法人社団美松会　甲西中央クリニック,520-3234,湖南市中央二丁目１２５番地,医療法人社団美松会,2014-09-01,,
一般診療所,,甲賀市立信楽中央病院　田代出張診療所,529-1814,甲賀市信楽町田代６１９番地,甲賀市,2004-10-01,,
一般診療所,,甲賀市立信楽中央病院　多羅尾出張診療所,529-1821,甲賀市信楽町多羅尾１９１８番地２,甲賀市,2026-04-01,,
一般診療所,,甲賀市立信楽中央病院　朝宮出張診療所,529-1841,甲賀市信楽町上朝宮４６７番地,甲賀市,2025-10-01,,
一般診療所,,厚生労働省第二共済組合　紫香楽病院所属所,529-1803,甲賀市信楽町牧９９７　紫香楽病院内,厚生労働省 第二共済組合,昭和30年7月9日に開設許可,,
一般診療所,,甲賀市立みなくち診療所,528-0049,甲賀市水口町貴生川２９３番地１,甲賀市,2008-04-01,,
一般診療所,,湖南市立石部診療所,520-3107,湖南市石部東五丁目３番１号,湖南市,2006-04-01,,
一般診療所,,湖南整形外科こやまクリニック,520-3106,湖南市石部中央４丁目８番４７号,,2023-04-01,,
一般診療所,,さいとう医院　内科・消化器内科,528-0015,甲賀市甲賀市水口町松栄３番２６号,医療法人景聖健,2022-11-01,,
一般診療所,,佐藤眼科,528-0035,甲賀市水口町名坂781-1,,2007-05-01,,
一般診療所,,佐野医院,520-3106,湖南市石部中央４丁目１－５７,,2006-03-27,,
一般診療所,,しがらきクリニック,529-1851,甲賀市信楽町長野６１９－１,,2003-04-01,,
一般診療所,,耳鼻咽喉科やまもとクリニック,520-3308,甲賀市甲南町野田４７５－６,,2025-10-01,,
一般診療所,,医療法人社団美松会　下田クリニック,520-3201,湖南市下田１５１６番地１,医療法人社団美松会,2018-12-10,,
一般診療所,,医療法人親愛レディースクリニック,528-0041,甲賀市水口町虫生野１０９８－１,医療法人親愛 レディースクリニック,1995-11-01,,
一般診療所,,すずきスキンクリニック,528-0029,甲賀市水口町南林口４９番地,医療法人グリーンスウォード,2016-03-01,,
一般診療所,,積水化学工業株式会社　滋賀水口工場診療所,528-8585,甲賀市水口町泉１２５９,積水化学工業(株)滋賀水口工場　工場長,1963-11-01,,
一般診療所,,医療法人高志会　竹内リウマチ科整形外科,520-3307,甲賀市甲南町野尻７７－１,医療法人高志会,2002-05-01,,
一般診療所,,田代外科・整形外科医院,528-0056,甲賀市水口町泉１２７２,医療法人社団田代外科・整形外科医院,2000-05-01,,
一般診療所,,医療法人社団ゆずりは会 たなか小児科医院,528-0012,甲賀市水口町暁２番３号,医療法人社団ゆずりは会　たなか小児科医院,2004-11-01,,
一般診療所,,たかやま内科クリニック,528-0005,甲賀市水口町水口5546-4,,2024-12-09,,
一般診療所,,医療法人圭裕会　田代クリニック,528-0007,甲賀市水口町新城433番地１,医療法人圭裕会,2025-06-01,,
一般診療所,,つばさクリニック,528-0033,甲賀市水口町綾野３－３３,,2010-10-01,,
一般診療所,,医療法人　寺井医院,520-3332,甲賀市甲南町希望ヶ丘本町6丁目857-81,医療法人寺井医院,1998-09-07,,
一般診療所,,甲賀シルバーケア豊壽園医務室,528-0211,甲賀市土山町北土山４７９,社会福祉法人洗心福祉会,2018-03-01,,
一般診療所,,特別養護老人ホーム    エーデル土山医務室,528-0211,甲賀市土山町北土山２０６２,社会福祉法人あいの土山福祉会,1999-04-01,,
一般診療所,,特別養護老人ホーム　甲賀荘附属診療所,520-3431,甲賀市甲賀町大原中９０４,社会福祉法人 甲賀会,1981-01-15,,
一般診療所,,社会福祉法人近江和順会　特別養護老人ホーム美松苑医務室,520-3231,湖南市針１３２５,社会福祉法人近江和順会,2002-04-11,,
一般診療所,,社会福祉法人近江和順会　特別養護老人ホーム針っ子医務室,520-3231,湖南市針１３２５,社会福祉法人近江和順会,2011-05-16,,
一般診療所,,特別養護老人ホームヴィラ十二坊,520-3252,湖南市岩根６９０－４,社会福祉法人近江和順会,2008-04-01,,
一般診療所,,社会福祉法人近江和順会　特別養護老人ホーム百伝の杜医務室,520-3252,湖南市岩根６９０－４,社会福祉法人近江和順会,2011-05-09,,
一般診療所,,特別養護老人ホーム　せせらぎ苑医務室,520-3321,甲賀市甲南町葛木８５５番地,社会福祉法人甲南会,1997-04-01,,
一般診療所,,特別養護老人ホーム　信楽荘医務室,529-1803,甲賀市信楽町牧１１５９,社会福祉法人信楽福祉会,1992-06-01,,
一般診療所,,特別養護老人ホーム　兆生園医務室,528-0002,甲賀市水口町今郷１０３２番地２５,社会福祉法人天地会,1989-04-01,,
一般診療所,,社会福祉法人　信楽福祉会　特別養護老人ホーム　樹の郷　医務室,528-0067,甲賀市水口町山３３０９,社会福祉法人 信楽福祉会,2012-04-01,,
一般診療所,,特別養護老人ホームレーベンはとがひら医務室,528-0005,甲賀市水口町水口６８３７－５,社会福祉法人近江和順会,2015-07-01,,
一般診療所,,特別養護老人ホームあぼし医務室,520-3112,湖南市丸山四丁目５番１号,社会福祉法人 八起会,2004-10-10,,
一般診療所,,社会福祉法人　八起会　地域密着型特別養護老人ホーム　みやのもり　医務室,520-3102,湖南市宮ノ森１丁目２番１号,社会福祉法人　 八起会,2012-04-01,,
一般診療所,,なごみ内科クリニック,520-3252,湖南市岩根4580,,2014-11-05,,
一般診療所,,中西医院,528-0211,甲賀市土山町北土山石倉１４３３ー２,,1990-03-06,,
一般診療所,,日本精工株式会社石部工場診療所,520-3109,湖南市石部が丘１丁目１番１号,日本精工(株)石部工場執行役工場長,1949-11-01,,
一般診療所,,野村産婦人科,520-3233,湖南市柑子袋６１１番地,医療法人真心会,2003-11-01,,
一般診療所,,のむら小児科,520-3106,湖南市石部中央一丁目３－２６,医療法人社団　のむら小児科,2023-05-01,,
一般診療所,,ハートクリニックこころ,520-3307,甲賀市甲南町野尻４１１番地,医療法人勁草会,2020-10-01,,
一般診療所,,医療法人尚友会　速水医院,528-0058,甲賀市水口町北泉一丁目１２８,医療法人尚友会,2005-04-01,,
一般診療所,,医療法人みのり会　濱田クリニック,528-0005,甲賀市水口町水口５９９２番地１,医療法人みのり会,2011-11-01,,
一般診療所,,医療法人社団平川クリニック,528-0036,甲賀市水口町東名坂１８４ー２,医療法人社団 平川クリニック,2001-05-01,,
一般診療所,,平松耳鼻咽喉科,520-3235,湖南市平松北３丁目７３,,2025-10-01,,
一般診療所,,古西医院,520-3436,甲賀市甲賀町拝坂８３３ー１４１,,1992-01-01,,
一般診療所,,深野内科医院,520-3235,湖南市平松北二丁目５３番,,2004-10-01,,
一般診療所,,医療法人 深井クリニック,528-0064,甲賀市水口町伴中山３８０２番地,医療法人 深井クリニック,2005-10-01,,
一般診療所,,医療法人和晃会ふじた医院,520-3233,湖南市柑子袋５９０番地１,医療法人和晃会ふじた医院,2020-04-01,,
一般診療所,,医療法人社団布留クリニック,520-3301,甲賀市甲南町寺庄１０９８,医療法人社団布留クリニック,1961-12-18,,
一般診療所,,ほしやま内科医院,520-3248,湖南市菩提寺西１－９－２３－１０１,,2002-04-01,,
一般診療所,,医療法人ますだ内科医院,520-3432,甲賀市甲賀町滝２２３１－１,医療法人 ますだ内科医院,2015-10-01,,
一般診療所,,医療法人社団美松会　三雲クリニック,520-3221,湖南市三雲５５６-２,医療法人社団美松会,2015-08-01,,
一般診療所,,水口眼科医院,528-0032,甲賀市水口町八坂３番６５号,,2004-11-01,,
一般診療所,,みなくちこどもクリニック,528-0029,甲賀市水口町南林口４７番地２,医療法人グリーンスウォード,2017-05-01,,
一般診療所,,医療法人社団　村上整形外科クリニック,528-0041,甲賀市水口町虫生野１０９５ー４,医療法人社団村上整形外科クリニック,1999-12-13,,
一般診療所,,むらき眼科,529-1851,甲賀市信楽町長野1363-1,,2017-04-01,,
一般診療所,,医療法人やまもと内科・外科クリニック,528-0042,甲賀市水口町虫生野中央１１１,医療法人やまもと内科・外科クリニック,2017-10-01,,
一般診療所,,障害者支援施設　るりこう園診療所,528-0224,甲賀市土山町野上野４９７,社会福祉法人 瑠璃光園,1985-02-13,,
一般診療所,,和田耳鼻咽喉科医院,528-0017,甲賀市水口町京町６番１１号,,2016-07-01,,
一般診療所,,出目医院,527-0013,東近江市東中野町１－１２,,2009-01-01,,
一般診療所,,医療法人社団広島外科整形外科医院,527-0021,東近江市八日市東浜町１－２７,医療法人社団広島外科整形外科医院,1993-07-01,,
一般診療所,,医療法人社団宮路医院,527-0014,東近江市西中野町３－１６,医療法人社団宮路医院,1992-05-01,,
一般診療所,,パナソニック東近江健康管理室,527-0051,東近江市林田町１５００,パナソニック健康保険組合,1972-08-10,,
一般診療所,,中沢医院,527-0073,東近江市蛇溝町１２０,,1977-04-01,,
一般診療所,,TOPPANグループ健康保険組合 滋賀診療所,527-0046,東近江市妙法寺町１１０１－２０,TOPPANグループ健康保険組合,1981-07-01,,
一般診療所,,東近江市鋳物師診療所,529-1522,東近江市鋳物師町７０８,東近江市,2006-01-01,,
一般診療所,,ひのたに園診療所,529-1601,蒲生郡日野町松尾１２１,社会福祉法人グロー,2011-04-01,,
一般診療所,,東近江市永源寺診療所,527-0231,東近江市山上町１３５２,東近江市,2005-02-11,,
一般診療所,,高畑医院,529-1501,東近江市石塔町２３６－１,,2021-01-01,,
一般診療所,,医療法人社団朝日医院,529-1603,蒲生郡日野町大窪１０１０－１,医療法人社団朝日医院,1992-11-01,,
一般診療所,,医療法人社団山崎クリニック,521-1225,東近江市山路町２９０７,医療法人社団山崎クリニック,2006-12-23,,
一般診療所,,特別養護老人ホーム白寿荘診療所,529-1601,蒲生郡日野町松尾３５９,社会福祉法人湖東会,1986-04-16,,
一般診療所,,医療法人社団明光会南眼科医院,527-0023,東近江市八日市緑町１－７,医療法人社団明光会,1995-09-01,,
一般診療所,,松尾医院,521-1205,東近江市躰光寺町６０４,医療法人湖峰会,2014-04-01,,
一般診療所,,特別養護老人ホーム玉園ハイム内診療所,527-0064,東近江市尻無町１１７０－３,社会福祉法人布引会,1988-06-01,,
一般診療所,,日本電気硝子能登川診療所,521-1211,東近江市今町９０６,日本電気硝子株式会社,1989-04-01,,
一般診療所,,東近江市永源寺東部出張診療所,527-0207,東近江市蓼畑町５１０,東近江市,2005-02-11,,
一般診療所,,中村医院,527-0046,東近江市妙法寺町８８０－１,,1993-04-06,,
一般診療所,,医療法人笠原レディースクリニック,527-0091,東近江市小脇町２４０１－６,医療法人笠原レディースクリック,1993-04-12,,
一般診療所,,特別養護老人ホーム清水苑医務室,529-1441,東近江市五個荘川並町２６８,社会福祉法人六心会,1994-04-01,,
一般診療所,,岡診療所,529-1602,蒲生郡日野町河原一丁目１０番地,,1994-05-09,,
一般診療所,,特別養護老人ホーム能登川園医務室,521-1201,東近江市新宮町５４７,社会福祉法人真寿会,2013-11-01,,
一般診療所,,特別養護老人ホームカルナハウス医務室,527-0001,東近江市建部下野町７９７,社会福祉法人慈照会,1997-04-01,,
一般診療所,,医療法人宮腰内科医院,523-0032,近江八幡市白鳥町２６－１,医療法人宮腰内科医院,1994-08-01,,
一般診療所,,医療法人社団幸信会青葉メディカル,527-0039,東近江市青葉町１番４６号,医療法人社団幸信会,1997-08-11,,
一般診療所,,島田医院,527-0028,東近江市八日市金屋二丁目１－７,,1997-09-01,,
一般診療所,,特別養護老人ホーム誉の松診療所,529-1634,蒲生郡日野町深山口５２４,社会福祉法人日野友愛会,1998-04-01,,
一般診療所,,奥田医院,527-0012,東近江市八日市本町５－９,,1998-04-20,,
一般診療所,,古道医院,529-1404,東近江市宮荘町６８１－２,,1998-05-18,,
一般診療所,,澤井医院,527-0023,東近江市八日市緑町４－１０,,1998-08-01,,
一般診療所,,特別養護老人ホーム赤煉瓦の郷診療所,523-0084,近江八幡市船木町５９番地３,社会福祉法人一善会,1999-04-01,,
一般診療所,,弓削メディカルクリニック,520-2501,蒲生郡竜王町弓削１８２５,医療法人滋賀家庭医療学センター,1999-04-01,,
一般診療所,,医療法人社団小串医院,529-1431,東近江市五個荘山本町８３,医療法人社団小串医院,2000-10-01,,
一般診療所,,医療法人社団こだま耳鼻咽喉科医院,523-0891,近江八幡市鷹飼町１５２９－１,医療法人社団こだま耳鼻咽喉科医院,2000-10-02,,
一般診療所,,おだわら医院,521-1223,東近江市猪子町４３０,,2001-01-01,,
一般診療所,,金岡医院,521-1222,東近江市佐野町２８２－７,医療法人金岡医院,2001-05-01,,
一般診療所,,特別養護老人ホームもみじ診療所,527-0212,東近江市永源寺高野町４３１－２,社会福祉法人八起会,2001-09-10,,
一般診療所,,医療法人広田整形外科,521-1311,近江八幡市安土町下豊浦５２４７,医療法人広田整形外科,2001-11-01,,
一般診療所,,まつざわクリニック,523-0082,近江八幡市土田町２６８－３,,2002-04-26,,
一般診療所,,医療法人育誠会西川小児科医院,523-0892,近江八幡市出町３０９,医療法人育誠会,2002-04-10,,
一般診療所,,福田眼科,523-0891,近江八幡市鷹飼町５２７－１,医療法人厚生会,2002-05-01,,
一般診療所,,明愛眼科,527-0012,東近江市八日市本町３－４　森善ビル１階,,2007-10-01,,
一般診療所,,むらた皮ふ科クリニック,527-0012,東近江市八日市本町３－４　森善ビル２階,医療法人むらた皮ふ科クリニック,2006-08-01,,
一般診療所,,にしはら耳鼻咽喉科,523-0898,近江八幡市鷹飼町南３丁目５－８　OHプラザ１号館,医療法人社団医善会,2005-11-01,,
一般診療所,,在田医院,527-0085,東近江市下羽田町５１－３,医療法人在田医院,2003-05-01,,
一般診療所,,おざき内科医院,527-0091,東近江市小脇町２４０１－８,医療法人おざき内科医院,2003-05-01,,
一般診療所,,水原医院,521-1343,近江八幡市安土町小中２１８,医療法人水原医院,2003-05-01,,
一般診療所,,医療法人社団柴田医院,523-0896,近江八幡市鷹飼町北１丁目８ー６,医療法人社団柴田医院,2006-05-01,,
一般診療所,,緑町診療所,527-0023,東近江市八日市緑町２０－１２,,2003-06-01,,
一般診療所,,つちだ内科医院,527-0023,東近江市八日市緑町３－６,医療法人三方会,2006-05-01,,
一般診療所,,特別養護老人ホームふれあい診療所,523-0015,近江八幡市上田町１３１５－１,社会福祉法人ほのぼの会,2003-09-01,,
一般診療所,,特別養護老人ホームこぼしの家診療所,527-0074,東近江市市辺町３４７７,社会福祉法人八幸会,2004-01-11,,
一般診療所,,特別養護老人ホーム安土やすらぎの郷診療所,521-1311,近江八幡市安土町下豊浦４１４１,社会福祉法人一善会,2004-04-01,,
一般診療所,,医療法人社団おかもと眼科,523-0856,近江八幡市音羽町２４,医療法人社団おかもと眼科,2004-06-01,,
一般診療所,,あいさか小児科,529-1601,蒲生郡日野町松尾二丁目８８－７,医療法人あいさか小児科,2006-04-01,,
一般診療所,,小山眼科クリニック,527-0011,東近江市八日市浜野町1-４８７－１,医療法人社団双秀会,2009-08-01,,
一般診療所,,東近江市あいとう診療所,527-0162,東近江市妹町２９,東近江市,2005-02-11,,
一般診療所,,まえざわクリニック,523-0886,近江八幡市西末町１８－１,医療法人まえざわクリ二ック,2007-10-01,,
一般診療所,,鳥越医院,527-0022,東近江市八日市上之町４－１,,2005-10-05,,
一般診療所,,東洋アルミニウム日野製造所健康管理室,529-1608,蒲生郡日野町大谷３４１－１４,東洋アルミニウム株式会社,2006-02-17,,
一般診療所,,つたむね眼科,521-1222,東近江市佐野町２８２－５,,2006-03-01,,
一般診療所,,吉川整形外科クリニック,521-1222,東近江市佐野町１９５－１,医療法人吉川整形外科クリニック,2006-03-22,,
一般診療所,,関川医院,523-0898,近江八幡市鷹飼町南三丁目１－１４,,2006-03-30,,
一般診療所,,こすぎクリニック,527-0174,東近江市大萩町４６,,2006-04-01,,
一般診療所,,しげもり内科・消化器内科クリニック,523-0033,近江八幡市日吉野町６７５,医療法人エンフォレスト,2007-10-01,,
一般診療所,,えがわ整形外科,527-0023,東近江市八日市緑町６－１０,医療法人三方会,2007-03-01,,
一般診療所,,そのだ耳鼻咽喉科,527-0023,東近江市八日市緑町３－２,医療法人　緑園会,2012-05-01,,
一般診療所,,いがわ耳鼻咽喉科,521-1222,東近江市佐野町３９７－１　東陽オアシス能登川２階－F,,2007-10-01,,
一般診療所,,大林内科循環器科,521-1222,東近江市佐野町３９７－１東陽オアシス能登川１階－B,,2007-10-01,,
一般診療所,,医療法人しもいけメディカルクリニック,529-1601,蒲生郡日野町松尾五丁目５９－３,医療法人しもいけメディカルクリニック,2007-10-01,,
一般診療所,,鎌掛診療所,529-1631,蒲生郡日野町鎌掛２２９２,,2008-02-01,,
一般診療所,,水谷整形外科医院,521-1221,東近江市垣見町１５９８,医療法人瑞晴会,2013-04-01,,
一般診療所,,うえだウィメンズクリニック,523-0031,近江八幡市堀上町１９３－１,,2009-03-16,,
一般診療所,,医療法人扶佐会よこた眼科クリニック,529-1601,蒲生郡日野町松尾１１８９,医療法人扶佐会,2009-07-01,,
一般診療所,,あおき皮フ科,521-1235,東近江市伊庭町２３６,医療法人湖楓会,2018-11-01,,
一般診療所,,医療法人社団こやま整形外科医院,527-0073,東近江市蛇溝町字中道１８０,医療法人社団こやま整形外科医院,2010-04-08,,
一般診療所,,特別養護老人ﾎｰﾑ沖野原医務室,527-0034,東近江市沖野三丁目１０－１８,社会福祉法人日野友愛会,2010-09-23,,
一般診療所,,石塚内科クリニック,520-2552,蒲生郡竜王町大字小口１６５８－１,,2012-01-05,,
一般診療所,,医療法人　きしだ皮ふ科クリニック,523-0058,近江八幡市加茂町３６６０番１,医療法人　きしだ皮ふ科クリニック,2014-10-01,,
一般診療所,,さつき診療所,529-1532,東近江市市子松井町１９１－４,医療法人　さつき診療所,2017-05-01,,
一般診療所,,医療法人かりもと整形外科クリニック,520-2552,蒲生郡竜王町大字小口１６５８－１,医療法人かりもと整形外科クリニック,2015-10-01,,
一般診療所,,東近江市蒲生医療センター,529-1572,東近江市桜川西町３４０,東近江市,2013-04-01,,
一般診療所,,医療法人竹園医院,521-1351,近江八幡市安土町常楽寺５９０,医療法人竹園医院,2013-07-01,,
一般診療所,,東近江行政組合東近江休日急患診療所,527-0045,東近江市中小路町４８３－４,東近江行政組合,2013-09-01,,
一般診療所,,やまぐち内科クリニック,529-1444,東近江市五個荘石塚町２４－７,医療法人やまぐち内科クリニック,2023-05-01,,
一般診療所,,小規模特別養護老人ホームのとがわ医務室,521-1201,東近江市新宮町５４７,社会福祉法人真寿会,2013-11-01,,
一般診療所,,杉原医院,521-1332,近江八幡市安土町東老蘇１１７０－３,,2014-01-01,,
一般診療所,,医療法人健央会　ほりお眼科,523-0898,近江八幡市鷹飼町南三丁目２－４,医療法人健央会,2016-10-01,,
一般診療所,,東近江行政組合 近江八幡休日急患診療所,523-0892,近江八幡市出町３８１,東近江行政組合,1951-04-01,,
一般診療所,,医療法人どひ整形外科クリニック,529-1601,蒲生郡日野町松尾３－１－１,医療法人どひ整形外科クリニック,2014-06-01,,
一般診療所,,おさだファミリークリニック,523-08１1,近江八幡市長田町1２６８番地１,医療法人敬絆会,2014-06-05,,
一般診療所,,まつおファミリークリニック,523-0891,近江八幡市鷹飼町１４８５－６ 　O・Hビル近江八幡,医療法人　敬絆会,2014-10-01,,
一般診療所,,地域密着型特別養護老人ホームきいと医務室,529-1431,東近江市五個荘山本町447-34,社会福祉法人六心会,2014-10-01,,
一般診療所,,東近江市長峰診療所,529-1551,東近江市宮川町２４４－９２１,東近江市,2014-11-12,,
一般診療所,,医療法人レイメイクリニック,527-0033,東近江市東沖野四丁目16-18,医療法人レイメイクリニック,2019-04-01,,
一般診療所,,医療法人布引内科クリニック,527-0072,東近江市布引台一丁目９８０,医療法人布引内科クリニック,2017-04-01,,
一般診療所,,よりずみ医院,523-0056,近江八幡市古川町１１92-77,,2015-09-01,,
一般診療所,,医療法人　川端医院,523-0818,近江八幡市西本郷町東６－７,医療法人　川端医院,2015-10-01,,
一般診療所,,養護老人ホームきぬがさ診療所,529-1441,東近江市五個荘川並町３２２,社会福祉法人グロー,2016-03-01,,
一般診療所,,医療法人よしずみ内科クリニック,523-0041,近江八幡市中小森町１２９番地１,医療法人よしずみ内科クリニック,2017-04-01,,
一般診療所,,おうみリウマチ膠原病内科クリニック,523-0894,近江八幡市中村町２０－２５,,2016-05-01,,
一般診療所,,たなか小児科,527-0023,東近江市八日市緑町５－２７,,2016-08-02,,
一般診療所,,おかもとキッズクリニック,521-1224,東近江市林町６１６,医療法人ＯＫＣ,2016-10-03,,
一般診療所,,白鳥内科,523-0891,近江八幡市鷹飼町４５０－５,,2018-03-01,,
一般診療所,,医療法人なごみ　といやまクリニック,523-0037,近江八幡市東町１８７番地３,医療法人　なごみ,2018-04-01,,
一般診療所,,医療法人宗結会むらかみ耳鼻咽喉科クリニック,523-0041,近江八幡市中小森町３３９－１,医療法人　宗結会,2019-10-01,,
一般診療所,,やましたクリニック,527-0033,東近江市東沖野二丁目1-33,,2018-05-02,,
一般診療所,,ファストメンタルクリニック八幡駅前院,523-0891,近江八幡市鷹飼町１４８５－８－１０２,一般社団法人仁秀グループ,R5.10.1,,
一般診療所,,医療法人大郷会　耳鼻咽喉科坂口クリニック,523-0032,近江八幡市白鳥町４８－７,,2019-09-01,,
一般診療所,,地域密着型特別養護老人ホーム菊水ビラ,527-0115,東近江市下里町字桑ノ木1287番地、1286番地１,社会福祉法人恵泉会,1990-04-01,,
一般診療所,,はしぐち整形外科クリニック,523-0821,近江八幡市多賀町４６０番地,,2020-10-01,,
一般診療所,,Ｂ－ＣＬＩＮＩＣ,521-1221,東近江市垣見町８００－５－二階,,2021-05-02,,
一般診療所,,ハートリズムクリニック,521-1311,近江八幡市安土町下豊浦5385-14,,2021-08-16,,
一般診療所,,あえんぼクリニック,520-2531,蒲生郡竜王町山之上５５７２番地,竜王町,2021-10-01,,
一般診療所,,特別養護老人ホーム四季の郷診療所,523-0063,近江八幡市十王町１０６１,社会福祉法人宝寿会,2022-09-01,,
一般診療所,,地域密着型特別養護老人ホーム漫遊の郷　診療所,523-0063,近江八幡市十王町1061,社会福祉法人宝寿会,2022-09-01,,
一般診療所,,淡海せぼねクリニック,523-0892,近江八幡市出町233番２,一般社団法人　スピナレピオス,2024-01-01,,
一般診療所,,東近江しのはら駅前クリニック,523-0045,近江八幡市安養寺町８７１－１,医療法人あなうさぎ,R5.10.1,,
一般診療所,,たく内科クリニック,521-1221,東近江市垣見町６８２,,2025-12-01,,
一般診療所,,なのはな皮ふ科クリニック,527-0037,東近江市東今崎町１番６号,,2026-03-02,,
一般診療所,,医療法人社団堀江医院,523-0058,近江八幡市加茂町３６６０－５,医療法人社団堀江医院,1967-04-01,,
一般診療所,,山本医院,523-0871,近江八幡市新町三丁目６,,1988-07-28,,
一般診療所,,医療法人社団まつだクリニック,523-0893,近江八幡市桜宮町２１１－３,医療法人社団まつだクリニック,1992-06-12,,
一般診療所,,中村医院,523-0043,近江八幡市池田本町９２７－４,,2018-11-28,,
一般診療所,,医院法人社団顕仁会たに整形外科,523-0894,近江八幡市中村町６５４,医療法人社団顕仁会,1976-07-08,,
一般診療所,,ダイハツ工業（株）滋賀（竜王）工場第１診療所,520-2531,蒲生郡竜王町山之上２９１０,ダイハツ工業（株）,1974-07-24,,
一般診療所,,近江八幡市立沖島診療所,523-0801,近江八幡市沖島町２６８－１,近江八幡市,2010-03-21,,
一般診療所,,小西医院,523-0891,近江八幡市鷹飼町１５１３,,1984-10-23,,
一般診療所,,ダイハツ工業（株）滋賀（竜王）工場第２診療所,520-2531,蒲生郡竜王町山之上３０００,ダイハツ工業（株）,1988-11-01,,
一般診療所,,宮下医院,523-0813,近江八幡市西本郷町８１－１,医療法人社団淡湖史会,1988-12-09,,
一般診療所,,特別養護老人ホーム水茎の里医務室,523-0072,近江八幡市牧町１８８５,社会福祉法人サルビア会,1989-01-14,,
一般診療所,,村上眼科,523-0893,近江八幡市桜宮町２９９－３,,2020-01-06,,
一般診療所,,医療法人ともこどもクリニック,523-0891,近江八幡市鷹飼町４５０－６,医療法人ともこどもクリニック,2010-02-01,,
一般診療所,,太田産婦人科医院,523-0898,近江八幡市鷹飼町南３丁目３－５,,1991-08-01,,
一般診療所,,田原整形外科,523-0032,近江八幡市白鳥町４８－２,,1984-03-01,,
一般診療所,,特別養護老人ホーム万葉の里診療所,520-2531,蒲生郡竜王町山之上６３２,社会福祉法人雪野会,1995-05-09,,
一般診療所,,イチロー内科クリニック,523-0898,近江八幡市鷹飼町南三丁目１－１６,医療法人清心会,1993-07-01,,
一般診療所,,医療法人竹中医院,527-0121,東近江市小池町５３１－２,医療法人竹中医院,2014-04-01,,
一般診療所,,特別養護老人ホーム菊水園診療所,527-0115,東近江市下里町７８９,社会福祉法人恵泉会,1990-06-01,,
一般診療所,,おくのこどもクリニック,527-0034,東近江市沖野四丁目2番38-1号,,R5.9.1,,
一般診療所,,パナソニックホームズ湖東工場健康管理室,527-0124,東近江市中岸本町208,パナソニックホームズ株式会社　湖東工場,2024-06-01,,
一般診療所,,もりた内科・消化器内科クリニック,527-0022,東近江市八日市上之町９番２号,,2024-08-01,,
一般診療所,,近江八幡市立武佐診療所,523-0011,近江八幡市友定町３０５番地,近江八幡市,2024-09-01,,
一般診療所,,ますだホームクリニック,523-0892,近江八幡市出町８０２－１,,2024-11-01,,
一般診療所,,厚生労働省第二共済組合東近江総合医療センター診療部,527-8505,東近江市五智町２５５,厚生労働省第二共済組合東近江総合医療センター所属所,1958-10-10,,
一般診療所,,滋賀県東近江保健所,527-0023,東近江市八日市緑町８－２２,滋賀県,1944-04-01,,
一般診療所,,河村医院,529-1644,蒲生郡日野町内池３７３番地,,2025-04-01,,
一般診療所,,医療法人赤松在宅診療クリニック,523-0891,近江八幡市鷹飼町５４７－２　きよし堂ビル　２F,医療法人赤松在宅診療クリニック,2025-12-01,,
一般診療所,,うらべ在宅クリニック,527-0135,東近江市横溝町３０５－１,,2024-04-01,,
一般診療所,,どらごんクリニック,520-2561,蒲生郡竜王町須恵８１４－９３,医療法人滋賀家庭医療学センター,2023-04-01,,
一般診療所,,足立レディースクリニック,522-0075,彦根市佐和町5-41,,2001-09-01,,
一般診療所,,医療法人池田クリニック彦根,522-0074,彦根市大東町9-16　上野ビル本館2F,医療法人池田クリニック,2011-02-01,,
一般診療所,,いけだ内科医院,522-0055,滋賀県彦根市野瀬町18-8,,2018-10-01,,
一般診療所,,いけだ耳鼻咽喉科,522-0054,彦根市西今町948-5,医療法人あおぞう会,2021-12-01,,
一般診療所,,石川医院,529-1206,愛知郡愛荘町蚊野1882,医療法人原尤会,2007-04-01,,
一般診療所,,医療法人井関診療所,522-0074,彦根市大東町14番15号　上野第Ⅴビル２階,医療法人井関診療所,2015-03-23,,
一般診療所,,伊藤整形外科,522-0054,彦根市西今町1041-18,医療法人社団  伊藤整形外科,1995-05-01,,
一般診療所,,特別養護老人ホームいぬかみ,522-0355,犬上郡多賀町中川原605-2,社会福祉法人湖東会,1994-11-09,,
一般診療所,,特別養護老人ホームいやしのさと医務室,529-1175,犬上郡豊郷町沢517-4,社会福祉法人あすなろ福祉会,2004-10-01,,
一般診療所,,医療法人江竜皮膚科,522-0086,彦根市後三条町593-9,医療法人江竜皮膚科,1994-09-01,,
一般診療所,,近江ふるさと会診療所,521-1101,彦根市石寺町713,社会福祉法人近江ふるさと会,1984-04-12,,
一般診療所,,近江ふるさと会第二診療所,522-0056,彦根市開出今町1343番地3,社会福祉法人近江ふるさと会,1996-05-02,,
一般診療所,,大辻医院　川相診療所,522-0324,犬上郡多賀町川相254,,1992-04-01,,
一般診療所,,おおはし内科循環器科クリニック,522-0086,彦根市後三条町649,,2007-09-01,,
一般診療所,,岡田医院,522-0084,彦根市橋向町44,,2004-04-01,,
一般診療所,,おがわ耳鼻咽喉科クリニック,522-0010,彦根市駅東町15-1　近江鉄道ビル1F,,2010-08-02,,
一般診療所,,医療法人　おくの内科,522-0064,彦根市本町一丁目4-28,医療法人　おくの内科,2000-06-01,,
一般診療所,,医療法人おした整形外科医院,529-1174,犬上郡豊郷町下枝23-1,医療法人おした整形外科医院,2007-04-01,,
一般診療所,,邂逅の郷　診療所,522-0047,彦根市日夏町151,社会福祉法人大樹会,2008-04-01,,
一般診療所,,かみやキッズクリニック,522-0033,彦根市芹川町字塚町472-16,,2016-03-01,,
一般診療所,,上林医院,529-1235,愛知郡愛荘町目加田882,,1994-10-01,,
一般診療所,,北村医院,529-1206,愛知郡愛荘町蚊野1732,医療法人　北村医院,2001-05-01,,
一般診療所,,きたむらクリニック,522-0052,彦根市長曽根南町448-25,,1984-09-17,,
一般診療所,,KKCウェルネスひこね健診クリニック,522-0010,彦根市駅東町15番1,一般財団法人近畿健康管理センター,2010-04-09,,
一般診療所,,独立行政法人国立印刷局彦根工場診療所,522-0027,彦根市東沼波町1157-1,独立行政法人国立印刷局,2003-04-01,,
一般診療所,,小菅医院多賀診療所,522-0341,犬上郡多賀町多賀1328,,2004-04-01,,
一般診療所,,医療法人社団小森医院,522-0073,彦根市旭町2-18,医療法人社団　小森医院,1996-07-01,,
一般診療所,,金亀荘診療所,522-0047,彦根市日夏町151,社会福祉法人大樹会,2011-06-01,,
一般診療所,,医療法人さかたクリニック,529-1156,彦根市清崎町288-37,医療法人　さかたクリニック,1992-06-01,,
一般診療所,,特別養護老人ホームさざなみ苑,522-0068,彦根市城町二丁目30,社会福祉法人さざなみ会,2002-08-01,,
一般診療所,,国立大学法人滋賀大学保健管理センター,522-0069,彦根市馬場1-1-1,国立大学法人滋賀大学,2011-08-03,,
一般診療所,,重森医院,529-1161,犬上郡豊郷町四十九院867,,1997-05-01,,
一般診療所,,しみずクリニック,522-0063,彦根市中央町3-55,医療法人しみずクリニック,2007-04-01,,
一般診療所,,白石外科,521-1123,彦根市肥田町915-33,,1976-12-01,,
一般診療所,,しらいし耳鼻咽喉科,521-1112,彦根市金沢町586-4,,2005-09-01,,
一般診療所,,医療法人青葉会　イーリスウィメンズクリニック,522-0063,彦根市中央町3-73,医療法人青葉会,1999-04-01,,
一般診療所,,医療法人青葉会 イーリスウィメンズクリニック　アリス,522-0057,彦根市八坂町2888番地1,医療法人青葉会,2008-10-01,,
一般診療所,,医療法人源道会杉本整形外科,522-0027,彦根市東沼波町1013-1,,2012-04-01,,
一般診療所,,すみよしクリニック,522-0043,彦根市小泉町106-1・103号,医療法人湖葉会,2010-10-01,,
一般診療所,,星光の里医務室,522-0355,犬上郡多賀町中川原605-2,社会福祉法人湖東会,2013-04-01,,
一般診療所,,積水化学工業(株)多賀工場医務室,522-0314,犬上郡多賀町大字四手字諏訪510-5,積水化学工業株式会社,2010-03-01,,
一般診療所,,特別養護老人ホーム千松の郷診療所,522-0002,彦根市松原町520番-1,社会福祉法人日野友愛会,2012-08-01,,
一般診療所,,特別養護老人ホーム千松の郷Ⅱ番館診療所,522-0002,彦根市松原町524番地,社会福祉法人日野友愛会,2015-05-01,,
一般診療所,,曽我医院,529-1156,彦根市清崎町878番地,,2008-05-01,,
一般診療所,,特別養護老人ホーム多賀清流の里　診療所,522-0322,犬上郡多賀町佐目675番地,社会福祉法人達真会,2004-08-01,,
一般診療所,,高原アイ・クリニック,522-0052,彦根市長曽根南町443,,1992-11-01,,
一般診療所,,高村外科,522-0063,彦根市中央町3-10,,2005-06-17,,
一般診療所,,医療法人　高山内科循環器科,522-0047,彦根市日夏町2680-35,医療法人　高山内科循環器科,2001-10-01,,
一般診療所,,医療法人社団くるみ会田口診療所,521-1114,彦根市彦富町905-3,医療法人社団くるみ会,1996-07-01,,
一般診療所,,たけうち整形外科,522-0063,彦根市中央町3-56,,2024-01-01,,
一般診療所,,医療法人　たけは内科医院,529-1174,犬上郡豊郷町下枝23-2,医療法人たけは内科医院,2007-04-01,,
一般診療所,,医療法人辰巳医院,522-0038,彦根市西沼波町269番地18,,2009-04-01,,
一般診療所,,田中クリニック,522-0056,彦根市開出今町1516番地18,医療法人田中クリニック,2007-04-01,,
一般診療所,,たなか小児科,522-0223,彦根市川瀬馬場町1082番7,,2008-06-02,,
一般診療所,,田宮こども診療所,522-0002,彦根市松原町3614番地,,2011-08-01,,
一般診療所,,つじ泌尿器科クリニック,522-0054,彦根市西今町1131-23,医療法人楓仁会,2019-04-01,,
一般診療所,,堤医院,522-0023,彦根市原町850番地179,,2015-04-01,,
一般診療所,,医療法人　德田医院,521-1104,彦根市出路町218番地の1,医療法人　德田医院,2002-05-01,,
一般診療所,,特別養護老人ホーム　サニープレイス彦根　医務室,521-1122,彦根市三津町446番地1,社会福祉法人心暖まる会,2018-04-01,,
一般診療所,,特別養護老人ホーム　ナースログ,522-0231,彦根市極楽寺町605,社会福祉法人喜創会,2014-10-01,,
一般診療所,,医療法人中川クリニック,529-1315,愛知郡愛荘町沓掛382,医療法人中川クリニック,2018-05-01,,
一般診療所,,なかつか内科医院,522-0223,彦根市川瀬馬場町1079番地1,医療法人玄一会,2023-07-01,,
一般診療所,,医療法人中西医院,522-0087,彦根市芹橋二丁目9番14号,医療法人　中西医院,1998-11-01,,
一般診療所,,特別養護老人ホーム長野の里診療所,529-1303,愛知郡愛荘町長野1499番地,社会福祉法人日野友愛会,2016-12-20,,
一般診療所,,医療法人優心会　中橋整形外科クリニック,522-0201,彦根市高宮町1793番地の3,医療法人優心会,1999-11-01,,
一般診療所,,菜の花心療クリニック,522-0074,彦根市大東町2-29目加田ビル１階,,2014-03-01,,
一般診療所,,医療法人社団成仁会　成美記念クリニック,529-1155,彦根市賀田山町1405-3,医療法人成仁会,2011-04-01,,
一般診療所,,医療法人　成宮クリニック,529-1313,愛知郡愛荘町市917-7,医療法人　成宮クリニック,2003-01-01,,
一般診療所,,西川医院,522-0004,彦根市鳥居本町1732,,2006-07-01,,
一般診療所,,野口小児科,529-1315,愛知郡愛荘町沓掛388,,1980-01-01,,
一般診療所,,医療法人蒼明会　橋添眼科,522-0054,彦根市西今町58-6　北栄ビル1F,医療法人蒼明会,1999-10-01,,
一般診療所,,医療法人若樹会　橋本医院,521-1143,彦根市上西川町384番地,医療法人若樹会,2007-04-01,,
一般診療所,,特別養護老人ホーム　ハッピーライフゆりの郷診療所,529-1313,愛知郡愛荘町市1509番地,社会福祉法人幸忍会,2008-04-01,,
一般診療所,,パナソニック　彦根　健康管理室,522-0037,彦根市岡町33番地,パナソニック健康保険組合,1965-11-01,,
一般診療所,,馬場医院,522-0201,彦根市高宮町3020番地,,1994-04-22,,
一般診療所,,はやし婦人クリニック,522-0044,彦根市竹ケ鼻町658,,2003-04-10,,
一般診療所,,彦根休日急病診療所,522-0057,彦根市八坂町1900番地4,,2014-02-01,,
一般診療所,,ヒフ科クリニック山本,522-0047,彦根市日夏町2878-1,,2015-10-01,,
一般診療所,,ひらたクリニック,522-0041,彦根市平田町448-1,医療法人社団　五心会,2015-07-01,,
一般診療所,,医療法人ひろた皮ふ科医院,522-0054,彦根市西今町142-15,,2000-04-01,,
一般診療所,,特別養護老人ホーム　風蝶木,522-0231,彦根市極楽寺町596,社会福祉法人喜創会,2008-03-31,,
一般診療所,,医療法人仁永会ふくなが皮膚科,522-0052,滋賀県彦根市長曽根南町446番地,医療法人仁永会,2021/11/12個人開設 2022/11/1法人化,,
一般診療所,,ふじせき医院,522-0201,彦根市高宮町2037番地,,1991-12-02,,
一般診療所,,フジテック㈱健康相談室,522-0003,彦根市宮田町591番地1,フジテック㈱,2002-10-01,,
一般診療所,,藤野こどもクリニック,522-0042,彦根市戸賀町36番地6,医療法人藤野こどもクリニック,2014-01-01,,
一般診療所,,ふせクリニック,522-0029,彦根市地蔵町190番地8,医療法人ふせクリニック,2009-10-01,,
一般診療所,,㈱ブリジストン彦根健康管理センター,522-0201,彦根市高宮町211,㈱ブリヂストン彦根工場長,1968-05-01,,
一般診療所,,平和堂健康サポートセンター診療所,522-0054,彦根市西今町1番地,㈱平和堂,2017-02-13,,
一般診療所,,松木診療所,522-0041,彦根市平田町678-10,,2007-04-01,,
一般診療所,,医療法人社団松本医院,522-0047,彦根市日夏町3662,医療法人社団　松本医院,1995-05-01,,
一般診療所,,医療法人遙山会　南彦根クリニック,522-0054,彦根市西今町138,医療法人遙山会,2000-11-01,,
一般診療所,,宮尾医院,522-0244,犬上郡甲良町在士603番地,,2006-03-08,,
一般診療所,,みやざわ内科クリニック,522-0074,大東町458番,,2023-04-01,,
一般診療所,,目加田眼科,522-0086,彦根市後三条町495-5,,2009-03-17,,
一般診療所,,医療法人社団　安澤内科診療所,522-0201,彦根市高宮町2290番地,医療法人社団　安澤内科診療所,1994-09-01,,
一般診療所,,医療法人矢部医院,529-1331,愛知郡愛荘町愛知川1332番地の1,医療法人　矢部医院,1999-04-01,,
一般診療所,,医療法人友仁会山崎外科,522-0083,彦根市河原３丁目1-20,医療法人友仁会,1995-04-01,,
一般診療所,,特別養護老人ホームやまびこ診療所,529-1234,愛知郡愛荘町安孫子1235,社会福祉法人青祥会,1999-12-01,,
一般診療所,,世一クリニック,529-1314,愛知郡愛荘町中宿31番地3,医療法人佑友会,2013-04-01,,
一般診療所,,横野医院,522-0053,彦根市大藪町2035-4,,2013-10-01,,
一般診療所,,医療法人  社団健友会　若松医院,522-0242,犬上郡甲良町尼子2019番地1,医療法人社団健友会,2003-07-01,,
一般診療所,,わかもり皮ふ科クリニック,522-0002,彦根市松原町字石持1892,,2012-06-01,,
一般診療所,,わだ医院,521-1124,彦根市野良田町330-31,,2014-12-01,,
一般診療所,,エミナルクリニック彦根院,522-0201,彦根市高宮町1320-6　nonoHa南彦根1階,医療法人社団エミナル,2024-12-01,,
一般診療所,,かわせ駅前内科・呼吸器内科クリニック,522-0222,彦根市南川瀬町1480-52,,2025-03-01,,
一般診療所,,アザレアクリニック彦根,522-0047,彦根市日夏町730-12,医療法人明医会,2025-04-01,,
一般診療所,,医療法人厚生会　城東眼科,522-0075,彦根市旭町９－３１,医療法人厚生会,2025-09-24,,
一般診療所,,ふるさと診療所,522-0056,彦根市開出今町１３５１－３,社会福祉法人近江ふるさと会,2026-03-01,,
一般診療所,,山下医院,522-0067,彦根市長曽根町5-25-1,,2026-04-01,,
一般診療所,,公益財団法人豊郷病院　ひこね診療所,522-0074,彦根市大東町９－１６,公益財団法人豊郷病院,2026-04-01,,
一般診療所,,ひまわり眼科,522-0201,彦根市竹ヶ鼻町43番地３ビバシティ彦根専門店街１階,,2026-04-01,,
一般診療所,,総合在宅医療クリニック彦根,522-0064,彦根市本町二丁目２－１１,医療法人かがやき,2026-05-01,,
一般診療所,,医療法人堤整形外科 彦根院,522-0007,彦根市古沢町255番地１,医療法人堤整形外科,2026-04-08,,
一般診療所,,老人ホームながはま診療所,5260828,長浜市加田町19-6,社会福祉法人グロー,2011-04-01,,
一般診療所,,西川医院,5260059,長浜市元浜町28-31,,2014-04-11,,
一般診療所,,華房クリニック,5260058,長浜市南呉服町11-21,,2001-01-01,,
一般診療所,,医療法人 下坂クリニック,5260044,長浜市下坂中町177-6,医療法人下坂クリニック,,,
一般診療所,,医療法人 岩本整形外科,5260043,長浜市大戌亥町町738-4,医療法人岩本整形外科,1996-12-01,,
一般診療所,,医療法人緑泉会 水野医院,5210242,米原市長岡600,医療法人緑泉会,2007-04-01,,
一般診療所,,三浦医院,5210225,米原市市場359,,2024-08-13,,
一般診療所,,パナソニック米原健康管理室,5210011,米原市中多良605,パナソニック健康保険組合,,,
一般診療所,,浅井診療所,5260215,長浜市当目町84-7,長浜市,2006-02-13,,
一般診療所,,特別養護老人ホームふくら診療所,5260244,長浜市内保町480,社会福祉法人グロー,2011-04-01,,
一般診療所,,医療法人社団江村医院,5290354,長浜市湖北町山本1178,医療法人社団江村医院,1996-11-01,,
一般診療所,,特別養護老人ホーム青浄苑診療所,5260828,長浜市加田町2995,社会福祉法人青祥会,1982-12-10,,
一般診療所,,中西医院,5260037,長浜市高田町5番37号,,,,
一般診療所,,医療法人橋場レディスクリニック,5260032,長浜市南高田町5-8,医療法人橋場レディスクリニック,,,
一般診療所,,医療法人橋本医院,5260111,長浜市川道町611,医療法人橋本医院,1996-11-01,,
一般診療所,,医療法人厚生会三愛眼科,5260031,長浜市八幡東町9-1,医療法人厚生会,,,
一般診療所,,医療法人社団クリニック・ムライ,5260021,長浜市八幡中山町804-4,医療法人社団クリニック・ムライ,1995-05-01,,
一般診療所,,医療法人メディカルアート澤田医院,5260054,長浜市大宮町5-24,医療法人メディカルアート,2000-05-01,,
一般診療所,,医療法人紫水会近藤クリニック,5260059,長浜市元浜町30-26,医療法人紫水会,1993-06-01,,
一般診療所,,東野医院,5260828,長浜市加田町1839,,,,
一般診療所,,白川眼科クリニック,5260831,長浜市宮司町1105-3 プラムＡ1階,,1991-12-01,,
一般診療所,,太田医院,5290113,長浜市大井町185,,1992-04-01,,
一般診療所,,特別養護老人ホーム坂田青成苑診療所,5210233,米原市野一色1136,社会福祉法人青祥会,1992-04-21,,
一般診療所,,医療法人布施クリニック,5260062,長浜市列見町45-4,医療法人布施クリニック,2002-04-01,,
一般診療所,,医療法人順清会小林クリニック,5260001,長浜市国友町331,医療法人順清会,2007-04-01,,
一般診療所,,医療法人岡崎医院,5260802,長浜市東上坂町1010-1,医療法人岡崎医院,1998-11-01,,
一般診療所,,全国土木建築国民健康保険組合 中部健康管理センター滋賀医務室,5210091,米原市岩脇483 三軌工業株式会社内,全国土木建築国民健康保険組合中部健康管理センター,,,
一般診療所,,澤田耳鼻咽喉科,5260061,長浜市祇園町130-5,,1996-11-01,,
一般診療所,,医療法人浩成会　こだまクリニック,5260244,長浜市内保町1033,医療法人浩成会,1998-05-01,,
一般診療所,,湖北グリーブクリニック,5290102,長浜市月ヶ瀬町525,社会福祉法人滋賀県障害児協会,1997-04-01,,
一般診療所,,医療法人千手会　中川医院,5260103,長浜市曽根町1225,医療法人千手会,2016-05-01,,
一般診療所,,社会福祉法人湖北会あそしあ,5260043,長浜市大戌亥町415-1,社会福祉法人湖北会,1997-12-05,,
一般診療所,,特別養護老人ホーム青芳診療所,5260111,長浜市川道町2572,社会福祉法人青祥会,1998-09-28,,
一般診療所,,中之郷診療所,5290515,長浜市余呉町中之郷2434,長浜市,2010-01-01,,
一般診療所,,みやこクリニック,5290341,長浜市湖北町速水2778,医療法人みやこ,2002-08-01,,
一般診療所,,アップルクリニック,5260058,長浜市南呉服町9-2,,1999-09-06,,
一般診療所,,安達クリニック,5290341,長浜市湖北町速水241-1,医療法人安達会,1999-11-15,,
一般診療所,,医療法人つつみクリニック,5260015,長浜市神照町480-2,医療法人つつみクリニック,2001-10-01,,
一般診療所,,くもん医院,5260042,長浜市勝町20,,,,
一般診療所,,医療法人東川クリニック,5260135,長浜市弓削町342,医療法人東川クリニック,2004-10-01,,
一般診療所,,米原診療所,5210023,米原市三吉581,米原市,2005-02-14,,
一般診療所,,医療法人おくだ医院,5260033,長浜市平方町1185-9,医療法人おくだ医院,2006-04-01,,
一般診療所,,医療法人森上内科循環器科クリニック,5260817,長浜市七条町1023-1,医療法人森上内科循環器科クリニック,2005-04-01,,
一般診療所,,荻野医院,5290425,長浜市木之本町木之本2012,医療法人荻野医院,2015-05-01,,
一般診療所,,特別養護老人ホーム「奥びわこ」,5290721,長浜市西浅井町大浦1788-3,社会福祉法人尊徳会,2003-09-01,,
一般診療所,,医療法人吉田内科クリニック,5210062,米原市宇賀野88-20,医療法人　吉田内科クリニック,2007-04-01,,
一般診療所,,おおはらクリニック,5210225,米原市市場411,医療法人おおはらクリニック,2007-04-01,,
一般診療所,,医療法人さざなみ整形外科,5290112,長浜市宮部町3029-1,医療法人さざなみ整形外科,2006-04-03,,
一般診療所,,嶋田ファミリークリニック,5260244,長浜市内保町737-5,,2005-04-01,,
一般診療所,,医療法人愛帆会よしだクリニック,5260847,長浜市山階町455-3,医療法人愛帆会,2005-04-01,,
一般診療所,,医療法人かしはら診療所,5210202,米原市柏原2100,医療法人かしはら診療所,2007-04-01,,
一般診療所,,特別養護老人ホーム湖北水鳥の里診療所,5290366,長浜市湖北町延勝寺1844,社会福祉法人湖北真幸会,2005-10-01,,
一般診療所,,地域包括ケアセンターいぶき,521-0314,米原市春照58-1,米原市,2006-03-28,,
一般診療所,,伊藤内科医院,5210003,米原市入江1673,,2006-06-02,,
一般診療所,,北村内科循環器科医院,5210016,米原市下多良1丁目7,,1996-11-01,,
一般診療所,,特別養護老人ホームけやきの杜診療所,5290234,長浜市高月町柏原1055,社会福祉法人達真会,2007-04-01,,
一般診療所,,医療法人悠悠会いそクリニック,5210004,米原市磯1729-1,医療法人悠悠会,2007-04-03,,
一般診療所,,佐野クリニック,5260017,長浜市相撲町1475-14,,2007-09-01,,
一般診療所,,のざと内科,5260033,長浜市平方町368-5,,2007-09-01,,
一般診療所,,特別養護老人ホームアンタレス診療所,5260828,長浜市加田町3360番地,社会福祉法人青祥会,2008-04-01,,
一般診療所,,出口皮フ科,5260845,長浜市小堀町80-1,,2008-10-01,,
一般診療所,,医療法人柊英会佐々木クリニック,5260845,長浜市小堀町80-1,医療法人柊英会,2013-10-01,,
一般診療所,,尾崎眼科,5260034,長浜市弥高町175-1,,2009-04-01,,
一般診療所,,虎姫診療所,5290142,長浜市田町61,,2009-08-01,,
一般診療所,,長浜市立湖北病院杉野診療所,5290402,長浜市木之本町杉野2810-3,長浜市,2010-01-01,,
一般診療所,,長浜市立湖北病院金居原診療所,5290401,長浜市木之本町金居原1234,長浜市,2010-01-01,,
一般診療所,,長浜市立湖北病院中河内診療所,5290531,長浜市余呉町中河内86-1,長浜市,2010-01-01,,
一般診療所,,医療法人幸心会たきはた眼科,5290425,長浜市木之本町木之本2012,医療法人幸心会,2010-02-01,,
一般診療所,,長浜米原休日急患診療所,5260831,長浜市宮司町1181-2,長浜市,2012-04-01,,
一般診療所,,特別養護老人ホーム湖北朝日の里診療所,5290366,長浜市湖北町延勝寺297-1,社会福祉法人湖北真幸会,2012-04-01,,
一般診療所,,よねざわ皮膚科クリニック,5260021,長浜市八幡中山町318-35,,2012-05-01,,
一般診療所,,特別養護老人ホームまんてん塩津診療所,5290704,長浜市西浅井町塩津中1123,社会福祉法人まんてん,2012-07-01,,
一般診療所,,一般財団法人名古屋公衆医学研究所 附属診療所　滋賀連絡事務所,5260012,長浜市新庄中町308,一般財団法人名古屋公衆医学研究所,2012-12-07,,
一般診療所,,医療法人弘鳳会おぐりクリニック,5260847,長浜市山階町451番地,医療法人弘鳳会,2013-03-07,,
一般診療所,,特別養護老人ホーム姉川の里診療所,5290113,長浜市大井町973-1,社会福祉法人さざなみ会,2013-05-01,,
一般診療所,,医療法人福光会 塚田医院,5210072,米原市顔戸433番地1,医療法人福光会塚田医院,2018-10-01,,
一般診療所,,医療法人堤整形外科 堤整形外科内科,5260021,長浜市八幡中山町393-1,医療法人堤整形外科,2015-04-01,,
一般診療所,,イワセ整形外科,5260034,長浜市弥高町226番地,,2014-06-02,,
一般診療所,,浅井東診療所,5260203,長浜市野瀬町828,長浜市,2014-10-01,,
一般診療所,,医療法人みふみ会　長浜駅前眼科,5260058,長浜市南呉服町10-22,医療法人みふみ会,2018-03-01,,
一般診療所,,風の街こどもクリニック,5260021,長浜市八幡中山町361,医療法人　豊山会,2018-04-01,,
一般診療所,,近江診療所,5210083,米原市新庄77番1,米原市,2015-10-01,,
一般診療所,,山東診療所,5210218,米原市志賀谷1907番地,米原市,2021-07-01,,
一般診療所,,特別養護老人ホームスマイル診療所,5210093,米原市寺倉603番地の１,社会福祉法人近江薫風会,2016-07-01,,
一般診療所,,特別養護老人ホームあじさいの郷,5290536,長浜市余呉町池原８５,社会福祉法人尊徳会,2016-11-01,,
一般診療所,,特別養護老人ホーム今浜の郷,5260044,長浜市下坂中町200-1,社会福祉法人近江幸楽会,2017-04-01,,
一般診療所,,医療法人　すこやかｋｉｄｓクリニック,5260033,長浜市平方町３２１－３,医療法人　まちのほけんしつ,2017-10-01,,
一般診療所,,つかクリニック,5260034,長浜市弥高町56番地,,2017-10-01,,
一般診療所,,びわこ学園長浜診療所,5260845,長浜市小堀町122番1,社会福祉法人びわこ学園,2018-04-01,,
一般診療所,,地域密着型特別養護老人ホームわが家ひだまり,5210212,米原市本郷603-1,社会福祉法人ひだまり,2018-04-16,,
一般診療所,,公益社団法人地域医療振興協会 にしあざい診療所,5290721,長浜市西浅井町大浦2590,長浜市,2019-04-01,,
一般診療所,,塩津出張診療所,5290701,長浜市西浅井町塩津浜1795,長浜市,2019-04-01,,
一般診療所,,上松医院,5290203,長浜市高月町磯野537,,1993-02-13,,
一般診療所,,日本電気硝子株式会社滋賀高月事業場診療所,5290241,長浜市高月町高月1979,日本電気硝子株式会社 滋賀高月事業場,,,
一般診療所,,医療法人安井医院,5290241,長浜市高月町高月201,医療法人安井医院,1990-10-01,,
一般診療所,,岩根医院,5290425,長浜市木之本町木之本1112,,1991-04-01,,
一般診療所,,前川医院,5290425,長浜市木之本町木之本1324,,2003-12-12,,
一般診療所,,中之郷診療所上丹生出張診療所,5290512,長浜市余呉町上丹生2483,長浜市,2010-01-01,,
一般診療所,,中之郷診療所今市出張診療所,5290535,長浜市余呉町今市546-2,長浜市,2010-01-01,,
一般診療所,,医療法人社団　雨森医院,5290222,長浜市高月町雨森372,医療法人社団雨森医院,1992-05-01,,
一般診療所,,医療法人社団　布施内科医院,5290241,長浜市高月町高月593-4,医療法人社団布施内科医院,1992-12-01,,
一般診療所,,菅浦出張診療所,5290726,長浜市西浅井町菅浦218,長浜市,2010-01-01,,
一般診療所,,特別養護老人ホーム伊香の里診療所,5290426,長浜市木之本町黒田1221,社会福祉法人長浜市社会福祉協議会,2015-01-01,,
一般診療所,,はまたに内科・循環器内科クリニック,5260831,長浜市宮司町1085番地1,,2020-10-01,,
一般診療所,,一般社団法人　京都微生物研究所 付属診療所　滋賀出張所,5260015,長浜市神照町152‐1,一般社団法人　京都微生物研究所,2022-01-01,,
一般診療所,,医療法人社団 きとうクリニック,5260831,長浜市宮司町1200番地 コープながはま2階,医療法人きとうクリニック,2022-03-01,,
一般診療所,,リウマチ科みやもと,5260034,長浜市弥高町269,,2022-03-01,,
一般診療所,,かがい医院,5210073,米原市箕浦372,医療法人社団かがい医院,2006-03-20,,
一般診療所,,医療法人緑泉会水野医院甲津原分院,5210301,米原市甲津原497,医療法人緑泉会,2007-04-01,,
一般診療所,,吉槻診療所,5210304,米原市吉槻656番地,米原市,2022-07-01,,
一般診療所,,ばんば内科・消化器内科,5260037,長浜市高田町11-33,,2023-04-01,,
一般診療所,,エコチル調査京都ユニットセンター長浜支所 詳細調査会場,5260053,長浜市宮前町4-20 フレンドリーハウス匠長浜805,,2024-07-06,,
一般診療所,,さわだ眼科,526-0053,長浜市宮前町10-7,,2024-08-01,,
一般診療所,,みよし呼吸器クリニック,526-0025,長浜市分木町2番16号,,2024-08-01,,
一般診療所,,北びわこ耳鼻咽喉科クリニック,526-0021,長浜市八幡中山町305-6-101,,2024-11-01,,
一般診療所,,ながはま在宅クリニック,526-0031,長浜市八幡東町266-1,,2025-03-01,,
一般診療所,,ジェイズクリニックイースト,5210013,米原市梅ケ原1412,,2025-05-01,,
一般診療所,,神野クリニックfor women's米原,5210062,米原市宇賀野２０７－３,,2026-05-01,,
一般診療所,,マキノ駅前診療所,520-1813,高島市マキノ町高木浜一丁目22-15,,2001-12-04,,
一般診療所,,医療法人中西眼科医院 マキノ診療所,520-1821,高島市マキノ町沢161-97,医療法人 中西眼科医院,2000-01-06,,
一般診療所,,社会福祉法人たかしま会 藤波園医務室,520-1812,高島市マキノ町西浜1415,社会福祉法人たかしま会,2011-03-28,,
一般診療所,,小規模特別養護老人ホームさわの風医務室,520-1821,高島市マキノ町沢1791番地1,社会福祉法人ゆたか会,2011-08-01,,
一般診療所,,あいりんクリニック,520-1622,高島市今津町中沼1丁目5番6号,医療法人あいりんクリニック,2010-04-01,,
一般診療所,,医療法人 前川クリニック,520-1632,高島市今津町桜町1丁目7-3,医療法人 前川クリニック,1993-04-16,,
一般診療所,,医療法人ながおか医院,520-1621,高島市今津町今津1487,医療法人ながおか医院,1994-06-01,,
一般診療所,,医療法人 のぞみ会 藤井医院,520-1605,高島市今津町南新保514-1,医療法人 のぞみ会,2006-04-01,,
一般診療所,,おかだ小児科医院,520-1631,高島市今津町名小路一丁目1-6,,2001-04-20,,
一般診療所,,たるもと整形外科,520-1621,高島市今津町今津452-5,,2011-03-28,,
一般診療所,,陸上自衛隊 今津駐屯地医務室,520-1621,高島市今津町今津平郷,防衛省,1956-03-26,,
一般診療所,,特別養護老人ホーム 清風荘診療所,520-1605,高島市今津町南新保87,社会福祉法人ゆたか会,2000-03-01,,
一般診療所,,高島市民病院朽木診療所,520-1401,高島市朽木市場701,高島市,2014-05-01,,
一般診療所,,高島市民病院平良出張診療所,520-1432,高島市朽木平良100-1,高島市,2005-01-01,,
一般診療所,,朽木特別養護老人ホームやまゆりの里医務室,520-1401,高島市朽木市場656番地,高島市,2005-01-01,,
一般診療所,,東医院,520-1221,高島市安曇川町青柳915,,2006-01-01,,
一般診療所,,澤村医院,520-1216,高島市安曇川町中央4丁目1番地3,,1989-05-06,,
一般診療所,,医療法人土田医院,520-1214,高島市安曇川町末広3丁目22-1,医療法人土田医院,2000-04-01,,
一般診療所,,医療法人氷室内科医院,520-1214,高島市安曇川町末広二丁目12,医療法人 氷室内科医院,2007-04-01,,
一般診療所,,はれやま眼科,520-1214,高島市安曇川町末広3丁目2-2,,1999-04-08,,
一般診療所,,医療法人 林田医院,520-1216,高島市安曇川町中央二丁目2-1,医療法人 林田医院,2007-04-01,,
一般診療所,,特別養護老人ホーム ふじの里医務室,520-1223,高島市安曇川町下小川3220-1,社会福祉法人光養会,1993-04-01,,
一般診療所,,医療法人 湖西クリニック,520-1533,高島市新旭町安井川1218-1,医療法人 湖西クリニック,1994-03-01,,
一般診療所,,澤村クリニック,520-1501,高島市新旭町旭1-7-1,,1991-06-12,,
一般診療所,,医療法人かおり会 本多医院,520-1501,高島市新旭町旭1069-2,医療法人かおり会,1999-01-01,,
一般診療所,,医療法人かおり会 藁園本多医院,520-1512,高島市新旭町太田888-1,医療法人かおり会,2001-11-01,,
一般診療所,,片岡クリニック,520-1522,高島市新旭町新庄989-4,医療法人 片岡クリニック,2006-03-01,,
一般診療所,,医療法人社団 山内耳鼻いんこう科,520-1532,高島市新旭町熊野本１丁目1-15,医療法人社団山内耳鼻いんこう科,2006-08-01,,
一般診療所,,まつもと整形外科,520-1501,高島市新旭町旭870-20,,2006-03-01,,
一般診療所,,ニューサンライズ診療室,520-1511,高島市新旭町藁園2603,社会福祉法人新旭みのり会,2001-04-01,,
一般診療所,,医療法人社団四葉会　まつだ内科歯科クリニック,520-1501,高島市新旭町旭696,医療法人社団四葉会,2011-08-01,,
一般診療所,,やすはら眼科クリニック,520-1532,高島市新旭町熊野本１丁目6-8,,2013-04-08,,
一般診療所,,中坊医院,520-1812,高島市マキノ町西浜1157-69,,2019-02-01,,
一般診療所,,小泉クリニック,520-1212,高島市安曇川町西万木1264-1,,2019-04-01,,
一般診療所,,みやもと整形外科クリニック,520-1216,高島市安曇川町中央3-2-22,,2019-05-01,,
一般診療所,,角川クリニック,520-1648,高島市今津町角川1161-4,社会福祉法人大阪自彊館,2019-08-01,,
一般診療所,,桜美林シューレ高島,520-1521,高島市新旭町北畑650,社会福祉法人清水三記念福祉会,2019-09-01,,
一般診療所,,医療法人景湖ピュアクリニック,520-1604,高島市今津町浜分67-128,医療法人景湖,2022-10-01,,
一般診療所,,うえの内科・消化器内視鏡クリニック,520-1532,高島市新旭町熊野本１丁目1-1,,2023-04-10,,
一般診療所,,特別養護老人ホーム 藤のれん医務室,520-1223,高島市安曇川町下小川127-1,社会福祉法人光養会,2023-07-01,,
一般診療所,,みやもとこども診療所,520-1214,高島市安曇川町末広１丁目14,,2024-08-01,,
一般診療所,,高島市民病院針畑診療所,520-1442,高島市朽木生杉588番地,高島市,2025-01-01,,
一般診療所,,医療法人近江今津駅前メンタルクリニック,520-1631,高島市今津町名小路二丁目７番２号,,2025-12-01,,
一般診療所,,やまにしクリニック,520-1121,高島市勝野638,,2026-02-01,,
一般診療所,,ささきクリニック,520-1233,高島市安曇川町南船木680番地2,,2026-04-01,,
歯科診療所,,アキデンタルクリニック,525-0054,草津市東矢倉２丁目３５番２５号,,2004-12-07,,
歯科診療所,,あゆかわ歯科クリニック,525-0021,草津市川原1丁目８番１０号,医療法人清明会,2014-11-01,,
歯科診療所,,有馬歯科クリニック,525-0034,草津市草津１丁目１０－１６,,1984-04-15,,
歯科診療所,,医療法人社団翔龍会いしい歯科,525-0027,草津市野村一丁目20番28号,医療法人社団翔龍会,2013-10-02,,
歯科診療所,,伊庭歯科医院,525-0067,草津市新浜町430,,2003-04-07,,
歯科診療所,,医療法人耕悠会　草津いりえ歯科クリニック,525-0026,草津市渋川一丁目2-26ザ・草津タワー2F,医療法人耕悠会,2015-10-01,,
歯科診療所,,医療法人聖歯会　マリア歯科クリニック,525-0045,草津市若草５丁目８番地２０,医療法人　聖歯会,2013-04-01,,
歯科診療所,,梅影歯科医院,525-0027,草津市野村７丁目１７－２０,,1994-02-01,,
歯科診療所,,大上歯科医院,525-0033,草津市東草津３丁目５番２７号,,2016-03-01,,
歯科診療所,,岡崎歯科医院,525-0032,草津市大路２丁目３－６,,開設年月日不明,,
歯科診療所,,医療法人社団武琉会　奥田歯科,525-0032,草津市大路二丁目1番7号　ﾌﾟﾚｻﾝｽﾛｼﾞｪ草津　101号,医療法人社団武琉会,2012-10-01,,
歯科診療所,,香川歯科医院,525-0028,草津市上笠３丁目１８－２１,,2006-12-05,,
歯科診療所,,医療法人きのせ歯科医院,525-0054,草津市東矢倉２丁目８番５号,医療法人きのせ歯科医院,1992-04-01,,
歯科診療所,,久徳歯科,525-0034,草津市草津２丁目４－１７,,1993-11-01,,
歯科診療所,,草津駅前デンタルクリニック,525-0032,草津市大路１丁目7-1-111,,2009-09-01,,
歯科診療所,,草津たかはし歯科医院,525-0036,草津市草津町１５２７番地１,,1990-10-10,,
歯科診療所,,草津中央歯科クリニック,525ｰ0028,草津市上笠２丁目３２番３号,,2001-08-20,,
歯科診療所,,後藤歯科医院,525-0034,草津市草津１丁目５－２４,,1977-09-01,,
歯科診療所,,こなん歯科クリニック,525-0036,草津市草津町１５１１,,2024-04-01,,
歯科診療所,,こばやし歯科,525-0066,草津市矢橋町1518-6,,2003-06-06,,
歯科診療所,,こやま歯科医院,525-0048,草津市追分南8丁目3番4号,,2002-05-09,,
歯科診療所,,滋賀県歯科医師会口腔衛生センター,525-0072,草津市笠山７丁目４－４３,一般社団法人滋賀県歯科医師会,1980-07-01,,
歯科診療所,,芝田歯科クリニック,525-0066,草津市矢橋町１１６８番地５,,1999-11-01,,
歯科診療所,,しもがさベリー歯科クリニック,525-0029,草津市下笠町７５番７,,2003-12-18,,
歯科診療所,,十禅歯科クリニック,525-0055,草津市野路東五丁目２５－２４,,2006-01-01,,
歯科診療所,,髙田歯科,525-0059,草津市野路１丁目１４－３８サンマール南草津１階,,1997-06-04,,
歯科診療所,,多喜歯科診療所,525-0048,草津市追分南五丁目10-4,,2009-04-27,,
歯科診療所,,つかだ歯科医院,525-0032,草津市大路1-12-1星空館４階,,2003-12-08,,
歯科診療所,,戸﨑歯科,525-0037,草津市西大路町６－９,,2002-03-01,,
歯科診療所,,医療法人社団ナオデンタルオフィス　竹村歯科,525-0050,草津市南草津２丁目３番地６プリエールソシア１０２号室,医療法人社団ナオデンタルオフィス　竹村歯科,2024-04-01,,
歯科診療所,,にしだ歯科医院,525-0050,草津市南草津二丁目４番５号　102号,,2009-11-01,,
歯科診療所,,林歯科医院,525-0032,草津市大路１丁目１５番６号,,2025-03-01,,
歯科診療所,,医療法人丸山歯科医院,525-0037,草津市西大路町７番７－４号,医療法人丸山歯科医院,2004-04-01,,
歯科診療所,,南草津歯科,525-0059,草津市野路１丁目１３番３６号,医療法人社団真和会,2002-04-01,,
歯科診療所,,みやけ歯科,525-0053,草津市矢倉1-3-57,,2005-05-16,,
歯科診療所,,村井歯科医院,525-0059,草津市野路1-7-21 リベリー南草津,,1997-04-07,,
歯科診療所,,医療法人　むらお矯正歯科クリニック,525-0037,草津市西大路町８－１１,医療法人むらお矯正歯科クリニック,2007-04-01,,
歯科診療所,,草津ほんじょう歯科,525-0067,草津市新浜町300番地イオンモール草津132,医療法人社団碧森会,2012-11-01,,
歯科診療所,,山元歯科医院,525-0051,草津市木川町1118-40,,1976-02-01,,
歯科診療所,,山本歯科クリニック,525-0027,草津市野村8丁目8-14,,2008-03-01,,
歯科診療所,,ふせファミリー歯科,525-0006,草津市志那中町８番６,,2010-05-06,,
歯科診療所,,Ｅデンタルクリニック,525-0023,草津市平井2-8-10　ＴＭ草津ビル1-A,,2011-06-01,,
歯科診療所,,純歯科医院,525-0032,草津市大路１丁目１－１エルティ９３２　２Ｆ,,2011-08-01,,
歯科診療所,,ひとみ小町歯科,525ｰ0028,草津市上笠四丁目３－３０,,2011-09-01,,
歯科診療所,,かず歯科クリニック,525-0025,草津市西渋川１丁目17-20　ﾌｪｰｽﾋﾞﾙ１Ｆ,,2013-04-09,,
歯科診療所,,いしかわ矯正歯科,525-0048,草津市追分南６丁目２０番地９,医療法人寧静会,1990-10-01,,
歯科診療所,,医療法人かがやき歯科クリニック,525-0048,草津市追分南二丁目1番9号,医療法人かがやき歯科クリニック,2016-07-01,,
歯科診療所,,医療法人　あきひこ アキヨシデンタルクリニック,525-0041,草津市青地町６９２番地８,医療法人あきひこ,2018-04-01,,
歯科診療所,,さくら歯科,525-0041,草津市青地町７４３番地　１０１,,2018-08-08,,
歯科診療所,,南草津だいき歯科･矯正歯科,525-0059,草津市野路町片原６８７番１,医療法人社団ディライトデンタルケア,2019-03-01,,
歯科診療所,,にのみや歯科,525-0021,草津市川原二丁目１６－１,,2019-04-01,,
歯科診療所,,淡海デンタルクリニック,525-0041,草津市野村2丁目2-1 ソネット草津102,,2019-06-01,,
歯科診療所,,ひこ矯正歯科,525-0026,草津市渋川1-4-29 ﾌﾟﾃｨﾌｨｰﾙｺｺ1F,,2020-04-01,,
歯科診療所,,医療法人社団オリハラ歯科クリニック,525-0048,草津市追分南3丁目26番11号,医療法人社団オリハラ歯科クリニック,2020-04-01,,
歯科診療所,,医療法人いしはら歯科クリニック,525-0047,草津市追分１丁目４番25-3号,医療法人いしはら歯科クリニック,2020-05-01,,
歯科診療所,,あまつ歯科医院,525-0048,草津市追分南2丁目1-5-1G,,2020-06-01,,
歯科診療所,,みなみ草津ファミリー歯科,525-0055,草津市野路町６９４番地１,医療法人悠翔会,2021-01-01,,
歯科診療所,,堀井歯科医院,525-0063,草津市南山田町７６０－３,,2021-05-01,,
歯科診療所,,医療法人社団ＨＵＮＤＲＥＤ　やまぐち歯科,525-0050,草津市南草津三丁目５番４,医療法人社団ＨＵＮＤＲＥＤ,2021-11-01,,
歯科診療所,,Sono　Dental　Clinic　おとな&こども歯科,525-0034,草津市草津二丁目15番24号,医療法人ＳＤＣ会,2025-05-01,,
歯科診療所,,南草津こども・おとな歯科,525-0059,草津市野路１丁目１３－５南草津アクシスビル２Ｆ,,2022-09-10,,
歯科診療所,,南草津ミライエ歯科おとな＆こども矯正,525-0050,草津市南草津２丁目2番1ブランズシティ南草津1F,,2023-04-06,,
歯科診療所,,草津スマイルアライン歯科・矯正歯科,525-0037,草津市西大路町１番２７号ホテルボストンプラザ草津１階,医療法人新有杏会,2024-12-01,,
歯科診療所,,KANAYAMA DENTAL CLINIC,525-0025,草津市西渋川一丁目２１番１４号　エルミナＭＣビル２階,,2025-04-07,,
歯科診療所,,草津六花矯正歯科・歯科,525-0032,草津市大路1丁目14番1号伽羅ｺｰﾄ草津壱番館地下1階,,2025-07-01,,
歯科診療所,,プリムタウン大人こども歯科,525-0068,草津市南草津プリムタウン二丁目１４番６,,2026-01-06,,
歯科診療所,,横山歯科医院,524-0002,守山市小島町９３５番地の１０６,,1983-10-17,,
歯科診療所,,柴田歯科医院,524-0012,守山市播磨田町1275-1,,1989-09-01,,
歯科診療所,,大橋歯科クリニック,524-0012,守山市播磨田町683-1,,1994-04-25,,
歯科診療所,,うえむら歯科医院,524-0013,守山市下之郷一丁目11番５号,,2002-03-01,,
歯科診療所,,津曲歯科,524-0021,守山市吉身2-6-44,,1978-07-10,,
歯科診療所,,モリタ歯科医院,524-0021,守山市吉身3丁目1-12-1,,2006-10-01,,
歯科診療所,,佐藤歯科医院,524-0022,守山市守山２丁目５番９号,,1993-07-01,,
歯科診療所,,中西歯科医院,524-0022,守山市守山５丁目１－３８,,2017-12-01,,
歯科診療所,,くすの木歯科,524-0022,守山市守山５丁目８番１１号２,医療法人社団ゆうき会,2004-06-01,,
歯科診療所,,西川歯科医院,524-0033,守山市浮気町３００－１５ グランドメゾン守山２－１０７号,,2024-09-01,,
歯科診療所,,東條歯科医院,524-0036,守山市伊勢町４５１番１３２,,1988-12-01,,
歯科診療所,,守山駅前岡村歯科診療所,524-0037,守山市梅田町４番３１号,医療法人金亀会,2003-01-01,,
歯科診療所,,なかの歯科医院,524-0041,守山市勝部３丁目１０－３９ ﾌｧﾐｰﾙ守山１階,,2001-06-01,,
歯科診療所,,おおたに歯科医院　滋賀ペリオ・インプラント,524-0021,守山市吉身４丁目３－１６－４,,2015-03-01,,
歯科診療所,,二町中西歯科医院,524-0043,守山市二町町２１６番地３,,2017-06-01,,
歯科診療所,,ひがき歯科医院,524-0044,守山市古高町３８０番地,,1995-04-17,,
歯科診療所,,高橋歯科医院,524-0046,守山市今宿1丁目２番１５号,,1994-12-12,,
歯科診療所,,ごとう歯科こど・おとな歯科,524-0102,守山市水保町2221-5,,1983-12-01,,
歯科診療所,,医療法人おくむら歯科,524-0102,守山市水保町１２５５番地８,医療法人おくむら歯科,2024-11-01,,
歯科診療所,,坪田歯科医院,524-0102,守山市水保町1136-31,,2002-10-01,,
歯科診療所,,ハル歯科医院,524-0045,守山市金森町９９２,,2011-11-01,,
歯科診療所,,たむら歯科クリニック,524-0037,守山市梅田町10-1-202,,2012-06-01,,
歯科診療所,,医療法人せの歯科医院,524-0012,守山市播磨田町３９１番地２,医療法人せの歯科医院,2013-03-04,,
歯科診療所,,医療法人社団すもと岡本歯科,524-0103,守山市洲本町１２５７番地,医療法人社団すもと岡本歯科,2017-10-01,,
歯科診療所,,明愛デンタルクリニック,524-0033,守山市播磨田町１３１０－８,,2019-01-01,,
歯科診療所,,いろどりファミリー歯科,524-0013,守山市下之郷2丁目1番2号,,2019-02-01,,
歯科診療所,,ほんじょう歯科PIERI MORIYAMA CLINIC,524-0101,守山市今浜町2620-5ピエリ守山2F,,2019-06-03,,
歯科診療所,,医療法人おおた歯科こども歯科,524-0044,守山市古高町81番地5,医療法人おおた歯科こども歯科,2020-04-01,,
歯科診療所,,医療法人在伊鈦会アロハ歯科,524-0041,守山市勝部４丁目１０８８番１０１号,医療法人在伊鈦会,2020-11-01,,
歯科診療所,,守山おとなこども歯科,524-0013,守山市下之郷１丁目８番８号,,2021-03-29,,
歯科診療所,,医療法人永生会　守山駅前歯科,524-0033,守山市浮気町３４６番地２０,医療法人永生会,2021-09-01,,
歯科診療所,,医療法人いろは会いろは歯科・矯正歯科,524-0052,守山市大門町１１１番地１,医療法人いろは会,2025-12-01,,
歯科診療所,,まおか矯正歯科,524-0041,守山市勝部３丁目10-8-101,,2023-04-25,,
歯科診療所,,あさい歯科,524-0102,守山市水保町1214-3,,2023-05-02,,
歯科診療所,,中西訪問歯科,524-0021,守山市吉身三丁目４－２２ プチフルール千１０８号室,,2024-02-26,,
歯科診療所,,ふたば歯科医院,524-0045,守山市金森町３０９－１,,2024-12-01,,
歯科診療所,,もりきた歯科・矯正歯科,524-0016,守山市荒見町245-3,,2025-03-10,,
歯科診療所,,中川歯科医院,520-3014,栗東市川辺５３－１,,1997-08-01,,
歯科診療所,,医療法人　高森歯科,520-3015,栗東市安養寺１丁目１２番３０号,医療法人　高森歯科,2015-01-01,,
歯科診療所,,田園歯科医院,520-3021,栗東市蜂屋966-4,,1991-07-01,,
歯科診療所,,医療法人緑和会草津グリーン歯科,520-3024,栗東市小柿５丁目１０番１１－２－１号２階,医療法人緑和会,1995-08-07,,
歯科診療所,,おざき歯科医院,520-3024,栗東市小柿１０丁目５番５号,,2002-12-04,,
歯科診療所,,堀歯科医院,520-3025,栗東市中沢２丁目１０－３４,,1977-09-01,,
歯科診療所,,みきや歯科,520-3026,栗東市下釣６７６－５　１Ｆ,,2003-04-01,,
歯科診療所,,医療法人矯英会ウイング栗東矯正歯科クリニック,520-3031,栗東市綣３丁目２番１５リーデンススクエア101,医療法人矯英会,2008-11-05,,
歯科診療所,,クボタ歯科医院,520-3031,栗東市綣３丁目９番１８号グレーシィ栗東オーブ1F,,1995-06-15,,
歯科診療所,,医療法人緑和会栗東グリーン歯科,520-3031,栗東市綣４丁目１２番１６号アクア・リンピア2階,医療法人緑和会,1995-01-01,,
歯科診療所,,矢澤歯科医院,520-3031,栗東市綣２丁目２番３４号,,1999-05-09,,
歯科診療所,,畠山歯科医院,520-3033,栗東市笠川61-1,,1989-05-18,,
歯科診療所,,大槻歯科医院,520-3035,栗東市霊仙寺１丁目１番５２号,,1992-11-14,,
歯科診療所,,田中歯科医院,520-3042,栗東市辻658,,2000-01-01,,
歯科診療所,,岩田歯科医院,520-3047,栗東市手原５丁目７－１０,,1994-11-18,,
歯科診療所,,おおはしファミリー歯科,520-3034,栗東市小平井一丁目16-14,,2014-02-07,,
歯科診療所,,医療法人社団まごころ会　うかい歯科,520-3047,栗東市手原２丁目２番８号,医療法人社団まごころ会,2021-10-01,,
歯科診療所,,芦田歯科医院,520-3005,栗東市御園1825,,2016-11-07,,
歯科診療所,,にほ歯科医院,520-3013,栗東市目川１４９１,,2017-03-08,,
歯科診療所,,浅田歯科医院,520-3013,栗東市目川１０５７番,,2018-05-01,,
歯科診療所,,栗東駅前歯科,520-3031,栗東市綣２丁目５番１２号,医療法人 永生会,2018-09-01,,
歯科診療所,,栗東歯科クリニック,520-3042,栗東市辻４５７番地,医療法人徳報会,2020-10-01,,
歯科診療所,,栗東山田歯科,520-3015,栗東市安養寺１丁目３番２２号,,2022-06-01,,
歯科診療所,,医療法人社団いちい歯科・こども矯正歯科,520-2351,野洲市冨波甲１１５８番地の５,医療法人社団いちい歯科・こども矯正歯科,1993-06-01,,
歯科診療所,,上田歯科クリニック,520-2331,野洲市小篠原1264,,2004-04-01,,
歯科診療所,,宇田歯科医院,520-2362,野洲市市三宅２４４９番地,,1994-10-03,,
歯科診療所,,岡本歯科医院,520-2331,野洲市小篠原1099-2レジデンス野崎,,1997-06-04,,
歯科診療所,,桂歯科医院,520-2341,野洲市行畑１丁目１１番３号,,2004-10-01,,
歯科診療所,,かねだ歯科矯正歯科,520-2331,野洲市小篠原１９７７番５ アスフォート野洲,,1984-10-05,,
歯科診療所,,きた歯科医院,520-2331,野洲市小篠原２２１５,,2000-06-01,,
歯科診療所,,坂本歯科医院,520-2341,野洲市行畑７９０番地,医療法人NEXUS,2022-05-01,,
歯科診療所,,はしもとファミリー歯科,520-2423,野洲市西河原２丁目２３７７番地２,,2008-09-30,,
歯科診療所,,はしもと歯科医院,520-2333,野洲市栄３４番１５－１０２,,1992-12-07,,
歯科診療所,,樋上歯科医院,520-2361,野洲市北野１丁目１３番９号,,1985-08-20,,
歯科診療所,,ふるや歯科医院,520-2352,野洲市富波乙８１２－１太陽ハイツ冨波1F,,1999-12-14,,
歯科診療所,,諸頭歯科医院,520-2423,野洲市西河原５８－１,,1997-09-04,,
歯科診療所,,医療法人緑和会野洲グリーン歯科,520-2333,野洲市栄６番２号ポレールさかえ２階,医療法人緑和会,2001-04-01,,
歯科診療所,,きたはら歯科医院,520-2301,野洲市小南１２４０番２,,2014-12-08,,
歯科診療所,,医療法人社団小林歯科医院,520-2331,野洲市小篠原1147-8,医療法人社団小林歯科医院,2019-08-01,,
歯科診療所,,みらいデンタルクリニック,520-2302,野洲市高木１９４番地２,,2020-06-01,,
歯科診療所,,医療法人トリプルウイン野洲U歯科・矯正歯科,520-2353,野洲市久野部１９４番地１,医療法人トリプルウイン,2023-04-01,,
歯科診療所,,芦田歯科医院,520-3221,湖南市三雲４４５,,1937-03-01,,
歯科診療所,,アップルデンタルクリニック,528-0056,甲賀市水口町泉１４０５　ベイシア甲賀店内,,2009-09-01,,
歯科診療所,,いまむら歯科,520-3322,甲賀市甲南町深川１４３０－５,,2023-07-21,,
歯科診療所,,飯田歯科医院,529-1851,甲賀市信楽町長野４５４番地６,,1999-10-23,,
歯科診療所,,いずみ歯科医院,528-0056,甲賀市水口町北泉１－４９,,2001-07-01,,
歯科診療所,,いしだ歯科,520-3107,湖南市石部東２丁目５－５８,,2019-12-03,,
歯科診療所,,医療法人愛全会　いしべ愛歯科,520-3106,湖南市石部中央４丁目６番４１号,医療法人愛全会,1998-09-01,,
歯科診療所,,えくぼ歯科,520-3421,甲賀市甲賀町上野1202,,2016-10-01,,
歯科診療所,,医療法人清風会　小野歯科医院,520-3242,湖南市菩提寺１５８３ー５１,医療法人清風会,2002-05-01,,
歯科診療所,,大矢歯科医院,529-1851,甲賀市信楽町長野１２２１ー６,,1986-07-01,,
歯科診療所,,大野歯科,528-0235,甲賀市土山町大野２４８８ー１,,1991-10-01,,
歯科診療所,,甲賀ラブしがデンタルクリニック歯科・矯正歯科,588-0011,甲賀市水口町高塚1番36-1号,,2022-07-01,,
歯科診療所,,木村歯科医院,520-3308,甲賀市甲南町野田４７５,,2025-10-01,,
歯科診療所,,木村歯科クリニック,528-0028,甲賀市水口町城東４ー８,,1987-08-10,,
歯科診療所,,桑名歯科クリニック,528-0232,甲賀市土山町前野鐘鋳野１３８番地１７,,1986-12-22,,
歯科診療所,,KENGO DENTAL CLINIC,528-0041,甲賀市水口町虫生野1015-7,,2016-10-31,,
歯科診療所,,甲西中央歯科,520-3234,湖南市中央５ー６６ー２　　奴ビル２Ｆ,,1996-10-01,,
歯科診療所,,甲西歯科医院,520-3254,湖南市岩根中央一丁目２６番地,,2024-10-01,,
歯科診療所,,医療法人創成会　滋賀　湖南トラスト歯科・矯正歯科,520-3248,湖南市菩提寺西三丁目１１番２９号,医療法人創成会,2012-04-01,,
歯科診療所,,医療法人　坂本歯科,520-3214,湖南市梅影町３ー１６,医療法人 坂本歯科,1990-10-01,,
歯科診療所,,眞岡歯科医院,520-3301,甲賀市甲南町寺庄１０８１,医療法人眞岡歯科医院,2023-11-01,,
歯科診療所,,さくら歯科,528-0037,甲賀市水口町本綾野５５６－１ 平和堂アルプラザ水口店２階,,2000-12-04,,
歯科診療所,,医療法人　湖蒼会 さねふじ水口歯科診療所,528-0029,甲賀市水口町南林口７－１,医療法人湖蒼会さねふじ水口歯科診療所,2003-06-01,,
歯科診療所,,佐藤歯科医院,520-3107,湖南市石部東１丁目３番６ー１０１号,,1998-03-01,,
歯科診療所,,粲歯科,520-3426,甲賀市甲賀町田堵野９３２－３,,2016-07-07,,
歯科診療所,,Ｓｉｋｉデンタルクリニック,520-3252,湖南市岩根4580　イオンタウン湖南内,,2018-12-01,,
歯科診療所,,医療法人　貴志会　スマイル歯科,520-3107,湖南市石部東三丁目８番８号,医療法人　貴志会,2019-11-01,,
歯科診療所,,竹村歯科医院,520-3301,甲賀市甲南町寺庄９５２,,2015-04-01,,
歯科診療所,,第２馬場歯科医院,528-0042,甲賀市水口町虫生野中央１１５,,1987-12-01,,
歯科診療所,,谷歯科医院,528-0073,甲賀市水口町古城が丘６１０－２６９,,1999-12-03,,
歯科診療所,,冨田歯科医院,520-3313,甲賀市甲南町新治１４８０－２,,2005-11-01,,
歯科診療所,,富山歯科医院,528-0036,甲賀市水口町東名坂７８,,1992-10-01,,
歯科診療所,,夏見歯科医院,520-3223,湖南市夏見１１７１－４,,2003-04-18,,
歯科診療所,,中森デンタルオフィス,520-3234,湖南市中央１丁目２４ー１,,1991-07-26,,
歯科診療所,,内貴歯科医院,520-3106,湖南市石部中央３丁目１番４５号,,1968-02-20,,
歯科診療所,,西田歯科医院,520-3431,甲賀市甲賀町大原中１０７２ー９,,2011-09-06,,
歯科診療所,,ニシカワ歯科,520-3435,甲賀市甲賀町相模２２５ー１　ヴィラ甲賀１０１号,,1992-08-01,,
歯科診療所,,医療法人　泰心会　西田歯科クリニック,528-0064,甲賀市水口町伴中山２５４５番,医療法人　泰心会,2019-11-01,,
歯科診療所,,医療法人社団　馬場歯科医院,528-0049,甲賀市水口町貴生川５６１ー１,医療法人社団　馬場歯科医院,1956-09-03,,
歯科診療所,,ひまわり歯科クリニック,528-0211,甲賀市土山町北土山１４９１ー２,,1998-04-01,,
歯科診療所,,フレンド歯科,520-3248,湖南市菩提寺西一丁目２－３,,2015-04-08,,
歯科診療所,,菩提寺歯科診療所,520-3242,湖南市菩提寺１００９ー４,,1995-04-01,,
歯科診療所,,堀歯科医院,528-0031,甲賀市水口町本町１丁目４ー３４,,2007-05-01,,
歯科診療所,,MATSUDA DENTAL OFFICE,528-0005,甲賀市水口町水口５９９６ー１,,2023-03-16,,
歯科診療所,,樹歯科医院,528-0041,甲賀市水口町虫生野１１６７－１,,2000-12-01,,
歯科診療所,,みね歯科・矯正歯科,528-0020,甲賀市水口町的場９７,,2007-02-21,,
歯科診療所,,みねの歯科医院,520-3108,湖南市石部南７丁目１番７号,,1991-04-01,,
歯科診療所,,室谷歯科医院,520-3252,湖南市岩根３６３-１５,,1988-04-18,,
歯科診療所,,村木歯科医院,529-1851,甲賀市信楽町長野６３２,,2023-07-01,,
歯科診療所,,もとき歯科クリニック,520-3333,甲賀市甲南町希望ヶ丘３丁目２７-９,,1998-02-01,,
歯科診療所,,もんや歯科クリニック,528-0036,甲賀市水口町東名坂２７６,,1999-12-08,,
歯科診療所,,安井歯科医院,520-3414,甲賀市甲賀町大久保１４５,,1980-01-07,,
歯科診療所,,安井歯科医院　水口診療所,528-0057,甲賀市水口町北脇４３０,,平成7年以前,,
歯科診療所,,あかい歯科医院,523-0043,近江八幡市池田本町１１０１－８,,2011-08-01,,
歯科診療所,,あさひ歯科クリニック,523-0891,近江八幡市鷹飼町南３丁目５－８　OHプラザ1階,,1999-05-01,,
歯科診療所,,安土デンタルクリニック,521-1341,近江八幡市安土町上豊浦１３６７,,1996-08-01,,
歯科診療所,,磯部歯科医院,523-0891,近江八幡市鷹飼町７１１－１,,1992-08-01,,
歯科診療所,,医療法人伊東歯科クリニック,523-0896,近江八幡市鷹飼町北３丁目７－６,医療法人伊東歯科クリニック,1996-11-26,,
歯科診療所,,氏家歯科医院,523-0893,近江八幡市桜宮町２１０－１４,,1993-11-15,,
歯科診療所,,江田歯科医院,523-0041,近江八幡市中小森町江元１３９４－１,,2018-09-01,,
歯科診療所,,おおまえ矯正歯科,523-0892,近江八幡市出町９１７－２,,2002-07-15,,
歯科診療所,,岡田歯科医院矯正歯科,529-0058,近江八幡市加茂町３６２４－２,,1992-01-10,,
歯科診療所,,北村歯科医院,523-0862,近江八幡市仲屋町中１９,,1985-04-01,,
歯科診療所,,クラウド歯科・矯正歯科,523-0894,近江八幡市中村町２１－１２,医療法人　CLOUD,2020-10-01,,
歯科診療所,,くらがき歯科医院,523-0031,近江八幡市堀上町３４５－１５,,2004-07-01,,
歯科診療所,,コーラル歯科クリニック,523-0816,近江八幡市西庄町2018-2,,2021-09-02,,
歯科診療所,,さかた歯科クリニック,523-0015,近江八幡市上田町1348-1,,2024-12-03,,
歯科診療所,,サンロード黒岩歯科,523-0891,近江八幡市鷹飼町１５２１番地,医療法人サンロード黒岩歯科,2018-10-01,,
歯科診療所,,医療法人宿院歯科医院,521-1311,近江八幡市安土町下豊浦９２２１－２,医療法人宿院歯科医院,2001-11-01,,
歯科診療所,,せんだ歯科クリ二ック,521-1311,近江八幡市安土町下豊浦２８３３－１,医療法人千慶会,2016-10-01,,
歯科診療所,,髙田歯科医院,523-0061,近江八幡市江頭町４２１,,2026-02-05,,
歯科診療所,,出町歯科クリニック,523-0892,近江八幡市出町６７６－１,,2009-12-02,,
歯科診療所,,寺尾歯科医院,523-0062,近江八幡市丸の内町４－４８,,2003-06-02,,
歯科診療所,,富永歯科医院,523-0016,近江八幡市千僧供町５９１－１,,1989-12-01,,
歯科診療所,,医療法人中村歯科医院,523-0056,近江八幡市古川町１１７３－５０,医療法人中村歯科医院,1995-11-01,,
歯科診療所,,医療法人社団オウル　はちまん駅前歯科,523-0891,近江八幡市鷹飼町５７７,医療法人社団オウル,2023-04-01,,
歯科診療所,,藤関歯科医院,521-1341,近江八幡市安土町上豊浦１２１３－１,,2012-03-01,,
歯科診療所,,フジ歯科クリニック,523-0032,近江八幡市白鳥町８,,2011-06-02,,
歯科診療所,,（医法）湖翔会ふるかわ歯科クリニック,523-0898,近江八幡市鷹飼町南一丁目４－７,（医法）湖翔会ふるかわ歯科クリニック,2012-10-01,,
歯科診療所,,マナベ歯科医院,521-1334,近江八幡市安土町西老蘇５８－１６,,1993-08-17,,
歯科診療所,,医療法人社団旭ヶ丘歯科クリニック,521-1213,東近江市神郷町９３９－３９,医療法人社団旭ヶ丘歯科クリニック,1994-09-01,,
歯科診療所,,阿部D歯科医院,521-1212,東近江市種町１７１０－４,,2017-07-06,,
歯科診療所,,井田歯科診療所,527-0028,東近江市八日市金屋一丁目３－１１,,2009-05-11,,
歯科診療所,,井田歯科本院,527-0029,東近江市八日市町１０－２１,,2009-12-01,,
歯科診療所,,井田歯科医院,527-0045,東近江市中小路町４８２－６,,2009-05-11,,
歯科診療所,,井田歯科東診療所,527-0025,東近江市八日市東本町９－２,,2016-06-01,,
歯科診療所,,いだはいしゃ,527-0011,東近江市八日市浜野町５０３,,1994-10-03,,
歯科診療所,,市田歯科医院,529-1444,東近江市五個荘石塚町１６－１,,1994-01-10,,
歯科診療所,,伊藤歯科医院,521-1231,東近江市能登川町５１－１,,1997-05-06,,
歯科診療所,,おおにし歯科クリニック,527-0013,東近江市東中野町１０－１４,,2003-12-15,,
歯科診療所,,岡田歯科医院,529-1531,東近江市市子川原町９９８,,1996-01-05,,
歯科診療所,,小川歯科医院,521-1221,東近江市垣見町７１９,,2007-01-01,,
歯科診療所,,おがわ東歯科,521-1222,東近江市佐野町４０３－７,,2007-01-05,,
歯科診療所,,織田歯科医院,527-0231,東近江市山上町３６９６,,2003-08-23,,
歯科診療所,,医療法人有知会　加藤歯科医院,529-1421,東近江市五個荘竜田町３３０,医療法人有知会,2019-11-06,,
歯科診療所,,加藤歯科医院,527-0135,東近江市横溝町８７４－３,,2004-05-01,,
歯科診療所,,医療法人社団川副歯科医院,527-0162,東近江市妹町５０３,医療法人社団川副歯科医院,1993-03-01,,
歯科診療所,,川南歯科医院,521-1203,東近江市川南町１０９０,,2017-02-02,,
歯科診療所,,きむら歯科醫院,527-0029,東近江市八日市東浜町２－２８,医療法人KDT,2018-01-01,,
歯科診療所,,クオレ歯科クリニック,521-1222,東近江市佐野町６００－３,医療法人LINK,2021-04-01,,
歯科診療所,,久保デンタルクリニック,520-0051,東近江市林田町１２９２,,2025-01-01,,
歯科診療所,,桜川歯科医院,529-1572,東近江市桜川西町１２９－４,,2000-04-07,,
歯科診療所,,佐々木歯科医院,521-1222,東近江市佐野町４８４－６１,,2003-06-03,,
歯科診療所,,住井歯科医院,527-0033,東近江市東沖野三丁目１－２５,,1984-02-01,,
歯科診療所,,医療法人健歯会住井第二歯科医院,527-0017,東近江市昭和町１－１８,医療法人健歯会,1992-01-01,,
歯科診療所,,東近江だいき歯科・矯正歯科,527-0033,東近江市東沖野４丁目２－５,医療法人社団　ディライトデンタルケア,2017-05-01,,
歯科診療所,,つうざき歯科,527-0031,東近江市幸町１－６８,,2021-03-05,,
歯科診療所,,医療法人にとべ歯科クリニック,521-1221,東近江市垣見町１５９６,医療法人にとべ歯科クリニック,2020-04-01,,
歯科診療所,,にしざわ歯科医院,527-0032,東近江市春日町２－２６,,1991-05-07,,
歯科診療所,,のとがわ中央歯科,521-1224,東近江市林町679,,2015-06-01,,
歯科診療所,,はしもと歯科医院,521-1225,東近江市山路町５９１－４,,1991-10-01,,
歯科診療所,,医療法人郁明会　東近江歯科,527-0015,東近江市中野町９９２－１,医療法人郁明会,2026-07-01,,
歯科診療所,,ひめの歯科クリニック,527-0002,東近江市建部上中町606番地,,2018-04-06,,
歯科診療所,,Be smile歯科・矯正歯科,527-0011,東近江市八日市浜野町２－２２,,2024-09-09,,
歯科診療所,,藤居歯科医院,521-1224,東近江市林町９－２,,2020-02-01,,
歯科診療所,,松吉緑町歯科,527-0023,東近江市八日市緑町１－３,,2000-06-01,,
歯科診療所,,みなみ歯科,527-0028,東近江市八日市金屋二丁目６－３,,2000-04-01,,
歯科診療所,,宮澤歯科医院,529-1422,東近江市五個荘小幡町６６４,,1989-04-14,,
歯科診療所,,村上歯科医院,527-0011,東近江市八日市浜野町４－１,,2005-06-27,,
歯科診療所,,村山歯科医院,527-0104,東近江市読合堂町５９６,,1982-04-03,,
歯科診療所,,村上歯科クリニック,527-0021,東近江市八日市東浜町２－２２,,2016-05-09,,
歯科診療所,,やまだ歯科,529-1441,東近江市五個荘川並町５３－５,,1989-03-03,,
歯科診療所,,竜歯科医院,529-1537,東近江市市子殿町１３３８,医療法人社団竜歯科医院,1994-02-01,,
歯科診療所,,医療法人K・D・T　ノエル歯科,527-0056,東近江市御園町513,医療法人K・D・T,2025-07-31,,
歯科診療所,,門坂歯科医院,529-1603,蒲生郡日野町大窪２０３,,1989-11-01,,
歯科診療所,,神山歯科医院,529-1644,蒲生郡日野町内池３４９－５,,1994-04-02,,
歯科診療所,,住井歯科・矯正歯科,529-1602,蒲生郡日野町河原１丁目７番地,医療法人ノブレス・オブリージュ,2020-10-01,,
歯科診療所,,なかがわ歯科,529-1601,蒲生郡日野町松尾９４３－２,,2011-05-24,,
歯科診療所,,堀歯科医院,529-1601,蒲生郡日野町松尾２－２５,医療法人堀歯科医院,2023-10-01,,
歯科診療所,,もうり歯科,529-1641,蒲生郡日野町日田１０５－１　アイエスプラザ１階,,2003-09-01,,
歯科診療所,,輪田歯科医院,529-1601,蒲生郡日野町松尾１４８１,,1984-06-01,,
歯科診療所,,金谷歯科医院,520-2531,蒲生郡竜王町山之上４５９９,,2005-05-27,,
歯科診療所,,加納歯科医院,520-2564,蒲生郡竜王町山面３５－１５８,,1991-04-01,,
歯科診療所,,医療法人孔永会コウ歯科クリニック,520-2552,蒲生郡竜王町小口１６５８－１,医療法人孔永会,2020-11-01,,
歯科診療所,,平田歯科医院,520-2531,蒲生郡竜王町山之上３４５６,,2005-05-06,,
歯科診療所,,竜王町国民健康保険診療所（歯科）,520-2524,蒲生郡竜王町綾戸２３９－１,竜王町,1977-04-01,,
歯科診療所,,青木歯科医院,521-1113,彦根市稲部町68,医療法人佳秀会,1996-06-01,,
歯科診療所,,あかい矯正歯科,522-0053,彦根市大藪町2160,,2016-02-22,,
歯科診療所,,あかい歯科,522-0042,彦根市戸賀町143-4,,1988-03-01,,
歯科診療所,,医療法人有真会アットホーム彦根歯科医院,522-0007,彦根市古沢町255-1,医療法人有真会,2013-10-07,,
歯科診療所,,朝比奈歯科医院,522-0086,彦根市後三条町41,,2000-09-20,,
歯科診療所,,アンジュデンタルクリニック,522-0010,彦根市駅東町5番8,,2013-10-07,,
歯科診療所,,いけだ歯科高宮診療所,522-0201,彦根市高宮町702-5,,2009-06-05,,
歯科診療所,,イシカワ歯科,522-0043,彦根市小泉町106-1・ウィルライフ南彦根101,,2008-08-01,,
歯科診療所,,井本歯科医院,522-0023,彦根市原町504-35,,1987-03-09,,
歯科診療所,,太田歯科医院,522-0081,彦根市京町３丁目4-15,,2002-01-01,,
歯科診療所,,川尻歯科医院,522-0081,彦根市京町２丁目3-35,,1982-08-16,,
歯科診療所,,かわせ大村歯科医院,522-0222,彦根市南川瀬町1501-20,,2007-05-07,,
歯科診療所,,医療法人きたがわ矯正歯科,522-0201,彦根市高宮町1418-1　ウェルスＭori,医療法人きたがわ矯正歯科,2011-10-01,,
歯科診療所,,北村歯科医院,522-0068,彦根市城町2-15-7,,2016-04-01,,
歯科診療所,,きむら歯科クリニック,522-0086,彦根市後三条町528-8,,1999-08-02,,
歯科診療所,,こば歯科・矯正歯科クリニック,522-0086,彦根市後三条町494-2,,2009-03-01,,
歯科診療所,,サタケ歯科,522-0201,彦根市高宮町1555-1　フェーザントビル１Ｆ,,2014-05-08,,
歯科診療所,,しがや歯科医院,522-0047,彦根市日夏町3800-1,,2013-10-01,,
歯科診療所,,歯科白石医院,522-0037,彦根市岡町5-5,,2009-10-01,,
歯科診療所,,白石歯科,521-1124,彦根市野良田町325-5,,2003-10-01,,
歯科診療所,,杉本歯科医院,522-0232,彦根市蓮台寺町50-50,,1990-04-10,,
歯科診療所,,曽我歯科医院,522-0086,彦根市後三条町260-3,,1996-12-17,,
歯科診療所,,田井中歯科医院,522-0083,彦根市河原１丁目4-22,,1993-03-08,,
歯科診療所,,太陽歯科医院,522-0041,彦根市平田町678-12,,2007-11-29,,
歯科診療所,,たかとり歯科医院,521-1124,彦根市野良田町436-1,医療法人たかとり歯科医院,2021-07-01,,
歯科診療所,,医療法人社団ちひろ会たきい歯科医院,521-1105,彦根市田原町365-1,医療法人社団ちひろ会,2016-04-01,,
歯科診療所,,たなか歯科クリニック,522-0054,彦根市西今町1131-15,,1995-07-03,,
歯科診療所,,長寿歯科医院,522-0041,彦根市平田町422-13,,1995-07-01,,
歯科診療所,,つつみ歯科,522-0023,彦根市原町850-175,,2008-04-02,,
歯科診療所,,中川歯科医院,522-0081,彦根市京町2-8-20,,1995-07-01,,
歯科診療所,,中島歯科医院,522-0071,彦根市元町3-12,,2019-04-01,,
歯科診療所,,医療法人社団野田歯科,522-0075,彦根市佐和町4-1,医療法人社団　野田歯科,1991-05-01,,
歯科診療所,,野村歯科医院,522-0023,彦根市原町180-28,,1989-04-04,,
歯科診療所,,医療法人ヒコネ矯正歯科,522-0074,彦根市大東町10-12　ＣＲＯＳＳ１Ｆ,医療法人ヒコネ矯正歯科,2006-04-01,,
歯科診療所,,文村歯科医院,529-1156,彦根市清崎町500-51,,1994-08-01,,
歯科診療所,,堀口歯科医院,522-0047,彦根市日夏町2680-47,,1993-07-14,,
歯科診療所,,三希子歯科,522-0054,彦根市西今町21-1,,1996-12-17,,
歯科診療所,,ミント歯科,522-0025,彦根市野田山町938-1,,2005-05-01,,
歯科診療所,,慶祐会　むとう歯科医院,522-0054,彦根市西今町363-5,,1999-06-01,,
歯科診療所,,安澤歯科小泉診療所,522-0043,彦根市小泉町106-9,,2007-04-01,,
歯科診療所,,安澤歯科診療所,522-0041,彦根市平田町58-5,,2002-11-01,,
歯科診療所,,やまだファミリー歯科,522-0055,彦根市野瀬町58-2,医療法人やまだファミリークリニック,2017-04-01,,
歯科診療所,,吉田歯科医院,522-0033,彦根市芹川町1463-11,,1988-04-08,,
歯科診療所,,わたなべ歯科医院,522-0004,彦根市鳥居本町490-1　カメリアビル１Ｆ,,1998-06-16,,
歯科診療所,,ふみむらデンタルクリニック,,彦根市川瀬町1643番地1,,2019-03-01,,
歯科診療所,,北村歯科医院,529-1206,愛知郡愛荘町蚊野1865,,2018-02-01,,
歯科診療所,,曽我歯科,529-1313,愛知郡愛荘町市715-1,,1997-05-06,,
歯科診療所,,塚本歯科医院,529-1321,愛知郡愛荘町豊満1292-3,,2004-01-01,,
歯科診療所,,中村歯科医院,529-1313,愛知郡愛荘町市818-7,,1992-08-01,,
歯科診療所,,医療法人金亀会秦荘歯科診療所,529-1234,愛知郡愛荘町安孫子1346,医療法人金亀会,2003-01-01,,
歯科診療所,,ふれあい歯科医院,529-1303,愛知郡愛荘町長野2043-7,,2008-01-04,,
歯科診療所,,宮川歯科医院,529-1315,愛知郡愛荘町沓掛799,,1992-11-02,,
歯科診療所,,若松歯科医院,522-0242,犬上郡甲良町尼子2021-5,,1999-04-02,,
歯科診療所,,藤本歯科医院,522-0341,犬上郡多賀町多賀1328,,2010-11-01,,
歯科診療所,,山口歯科医院,522-0341,犬上郡多賀町多賀1614-21,,2019-02-01,,
歯科診療所,,エムデンタルオフィス,522-0002,彦根市松原1435-111,,2019-08-09,,
歯科診療所,,医療法人優心会きたむら歯科クリニック,522-0041,彦根市平田町137-8,医療法人優心会,2022-10-01,,
歯科診療所,,おおはし歯科クリニック,529-1175,犬上郡豊郷町沢359,,2023-05-09,,
歯科診療所,,医療法人社団ミヤタ歯科,529-1169,犬上郡豊郷町大字石畑山道540番地５　グリーンハウス豊郷別館Ⅱ　101号室・102号室,医療法人社団　ミヤタ歯科,2026-04-01,,
歯科診療所,,いのくち歯科,5260053,長浜市宮前町６－２７,,2008-06-02,,
歯科診療所,,岡野歯科医院,5260059,長浜市元浜町７－３０,,,,
歯科診療所,,西川歯科医院,5260056,長浜市朝日町４－２０,,2010-02-01,,
歯科診療所,,森島歯科医院,5260037,長浜市高田町６－３,,1995-03-18,,
歯科診療所,,武田歯科,5260056,長浜市朝日町８－２５,,1976-10-09,,
歯科診療所,,松山歯科医院,5260025,長浜市分木町６―５５,,1999-11-01,,
歯科診療所,,医療法人宏樹会　下村歯科医院,5210242,米原市長岡１５９９－３,医療法人宏樹会,1991-11-01,,
歯科診療所,,角田歯科医院,5210012,米原市米原５４６,,2005-09-01,,
歯科診療所,,松原歯科医院,5210016,米原市下多良１－15-2,,2016-09-01,,
歯科診療所,,饗場歯科医院,5290111,長浜市三川町１１３８,,1989-06-08,,
歯科診療所,,高橋歯科医院,5260033,長浜市平方町５７７,,1983-11-01,,
歯科診療所,,松岡歯科医院,5260015,長浜市神照町７１９－１８,,1985-03-20,,
歯科診療所,,近江スミダ歯科医院,5210062,米原市宇賀野２６７－１,,,,
歯科診療所,,医療法人社団　中村歯科,5260015,長浜市神照町３４－７,医療法人社団中村歯科,1989-10-01,,
歯科診療所,,成田歯科医院,5260031,長浜市八幡東町９番１号,医療法人益歯会　成田歯科医院,2018-12-01,,
歯科診療所,,つじ歯科医院,5260058,長浜市南呉服町２－１１,,1988-12-05,,
歯科診療所,,浅井しろやま歯科,5260244,長浜市内保町2479,医療法人浅井しろやま歯科,2022-06-01,,
歯科診療所,,樋口歯科,5260817,長浜市七条町７６９,,1989-06-13,,
歯科診療所,,廣部歯科医院,5260841,長浜市新栄町６４０－４,,,,
歯科診療所,,川瀬歯科医院,5260131,長浜市富田町４８７－１,,1991-07-01,,
歯科診療所,,伊藤デンタルクリニック,5210014,米原市梅ケ原栄４７,,1992-03-03,,
歯科診療所,,山根歯科医院,5210072,米原市顔戸１３８０－２,,1993-04-15,,
歯科診療所,,中瀬歯科医院,5260021,長浜市八幡中山町１２９７－１,,1996-09-02,,
歯科診療所,,伊吹歯科クリニック,5260001,長浜市国友町字上前田３２０－８,,1997-05-20,,
歯科診療所,,笹口歯科医院,5260034,長浜市弥高町１００,,1997-10-01,,
歯科診療所,,やす歯科医院,5290341,長浜市湖北町速水２７５２,,1998-11-03,,
歯科診療所,,草野歯科,5260015,長浜市神照町６６８,,1999-03-01,,
歯科診療所,,医療法人ながおか歯科クリニック,5210242,米原市長岡１１９２－１,医療法人長岡歯科クリニック,2005-04-01,,
歯科診療所,,しみず歯科医院,5260014,長浜市口分田町７９０－１,,1998-11-01,,
歯科診療所,,こばやし歯科,5210072,米原市顔戸６８１－１,,2001-03-11,,
歯科診療所,,中之郷歯科診療所,5290515,長浜市余呉町中之郷２４３４,長浜市,2010-01-01,,
歯科診療所,,牧歯科医院,5260111,長浜市川道町１８６７,,2002-08-01,,
歯科診療所,,かが井歯科,5260061,長浜市祇園町７０４－２,,2002-11-12,,
歯科診療所,,大音歯科医院,5290425,長浜市木之本町木之本１０８８,,2019-11-01,,
歯科診療所,,村松歯科クリニック,5210233,米原市野一色３６７－２１,,2003-05-02,,
歯科診療所,,きたむら歯科,5210072,米原市顔戸６１５－４,,2004-05-01,,
歯科診療所,,瀧上歯科医院,5210235,米原市小田1048,,2004-06-01,,
歯科診療所,,ノア歯科クリニック,5260847,長浜市山階町２７１－１ イオン長浜店１階,,2010-03-01,,
歯科診療所,,ほんだ歯科クリニック,5260042,長浜市勝町８３２,,2005-01-04,,
歯科診療所,,本康歯科クリニック,5260103,長浜市曽根町７６７,,2005-04-01,,
歯科診療所,,オリーブ歯科,5260031,長浜市八幡東町６２９－３,,2005-11-09,,
歯科診療所,,たかしな歯科クリニック,5260021,長浜市八幡中山町３８９,,2009-11-05,,
歯科診療所,,あおば横井歯科医院,5290701,長浜市西浅井町塩津浜１４５８,,2013-04-01,,
歯科診療所,,西連寺歯科クリニック,5290343,長浜市湖北町小倉１８３,,2013-04-01,,
歯科診療所,,にのみや歯科医院,521-0314,米原市春照１９１１－１,,2016-08-01,,
歯科診療所,,加納町さわ歯科,5260804,長浜市加納町堂田918,,2018-05-28,,
歯科診療所,,みやび歯科展峰宋ＡＩ,5210035,米原市醒井663-1,,2018-10-10,,
歯科診療所,,ながはま矯正歯科,5260042,長浜市勝町深町455番,,2019-05-01,,
歯科診療所,,おおもと歯科医院,5260831,長浜市宮司町1028‐5,,2021-07-27,,
歯科診療所,,泉歯科医院,5260033,長浜市平方町729,,2021-10-01,,
歯科診療所,,中村歯科,5290241,長浜市高月町高月５９２－４,,1981-05-11,,
歯科診療所,,医療法人　清悠会　横井歯科医院,5290425,長浜市木之本町木之本１７１０－１,医療法人　清悠会　横井歯科医院,1991-04-01,,
歯科診療所,,医療法人安井歯科,5290231,長浜市高月町森本１０８,医療法人安井歯科,1990-10-01,,
歯科診療所,,長浜なかたに歯科,5260831,長浜市宮司町1200番地コープながはま2階,,2022-06-01,,
歯科診療所,,ユキデンタルクリニック,5260244,長浜市内保町2712-1,,2023-02-01,,
歯科診療所,,ながはま祇園歯科,526-0063,長浜市末広町240番地6 ワイエフビル17　1階,医療法人 ユナイテッド,2026-06-01,,
歯科診療所,,林歯科医院,520-1833,高島市マキノ町蛭口1362番地,,2016-11-01,,
歯科診療所,,藤本歯科医院,520-1621,高島市今津町今津1614,,2001-11-13,,
歯科診療所,,堀井歯科医院,520-1623,高島市今津町住吉2-12-8,,1980-05-01,,
歯科診療所,,弘部歯科クリニック,520-1622,高島市今津町中沼一丁目3の9,,2024-05-01,,
歯科診療所,,原田歯科医院,520-1632,高島市今津町桜町一丁目6-1,,2008-01-01,,
歯科診療所,,たつなみ歯科医院,520-1605,高島市今津町南新保165番地,,2001-12-01,,
歯科診療所,,横木歯科医院,520-1212,高島市安曇川町西万木793,,1979-04-01,,
歯科診療所,,歯科山本医院,520-1212,高島市安曇川町西万木641-13,,1994-07-01,,
歯科診療所,,おおやま歯科クリニック,520-1214,高島市安曇川町末広3-8,,1998-04-11,,
歯科診療所,,なかの歯科,520-1214,高島市安曇川町末広4-40-1,医療法人 なかの歯科,2025-04-01,,
歯科診療所,,あだち歯科クリニック,520-1212,高島市安曇川町西万木大将軍811,,2002-04-15,,
歯科診療所,,金田歯科医院,520-1111,高島市鴨2908,,1994-11-04,,
歯科診療所,,藤本歯科医院,520-1522,高島市新旭町新庄625-1,,2008-01-01,,
歯科診療所,,うえはら歯科,520-1501,高島市新旭町旭1-9-4,,2001-06-01,,
歯科診療所,,医療法人社団四葉会　まつだ内科歯科クリニック,520-1501,高島市新旭町旭696,医療法人社団四葉会 松田歯科医院,2011-08-01,,
歯科診療所,,桜井歯科医院,520-1813,高島市マキノ町高木浜1－3－5,,2021-06-01,,
歯科診療所,,野上歯科医院,520-1501,高島市新旭町旭2丁目2-4,医療法人野上歯科医院,2022-12-01,,
歯科診療所,,安原歯科医院,520-1217,高島市安曇川町田中45-3,,2022-12-21,,
歯科診療所,,医療法人前川歯科医院,520-1621,高島市今津町弘川253,医療法人前川歯科医院,2023-01-01,,
歯科診療所,,たむら歯科・こども矯正歯科,520-1214,高島市安曇川町末広三丁目３－１,,2025-09-01,,
歯科技工所,25-2-1,歯科技工物製作所 ケンデン,525-0029,草津市下笠町816-16,,H14. 3. 1,,
歯科技工所,25-2-2,トライデント,525-0029,草津市下笠815-8西村ビル２階,,H13.12.18,,
歯科技工所,25-2-3,湖南歯科技工所,525-0036,草津市草津町1746,,S53. 8. 1,,
歯科技工所,25-2-4,草津ﾃﾞﾝﾀﾙ,525-0041,草津市青地町724,,H 3. 4. 1,,
歯科技工所,25-2-5,ｼﾊﾞﾀ歯科技工所,525-0051,草津市木川町1005番地,,H 1. 3.13,,
歯科技工所,25-2-6,山木ﾃﾞﾝﾀﾙ･ﾗﾎﾞﾗﾄﾘｰ,525-0051,草津市木川町796-4,,S58.11.12,,
歯科技工所,25-2-7,柴田歯科技工所,525-0051,草津市木川町1005,,H12. 1 12,,
歯科技工所,25-2-8,だんばら歯科工房,525-0055,草津市野路八丁目11-3,,H 3. 4.15,,
歯科技工所,25-2-9,ﾜｯﾂｸﾘｴｲﾃｲﾝｸﾞｶﾝﾊﾟﾆｰ,525-0055,草津市野路町2113,,H 9. 6.10,,
歯科技工所,25-2-10,奥田ﾃﾞﾝﾀﾙｸﾗﾌﾄ,525-0056,草津市南笠町1194,,H 3. 2.25,,
歯科技工所,25-2-11,ＷＥＬＬ ＤＥＮＴＡＬ ＰＲＯ,525-0067,草津市新浜町8-10,,H18.5.11,,
歯科技工所,25-2-12,Yac dental laboratory,525-0037,草津市上笠2丁目3-9,,H27.11.12,,
歯科技工所,25-2-13,園田ﾃﾞﾝﾀﾙｸﾗﾌﾄ,525-0034,草津市草津二丁目14-32,,H 4. 1.21,,
歯科技工所,25-2-14,株式会社エイコー桐生,525-0043,草津市馬場町字岩河原1100番地9,株式会社エイコー桐生,H31.2.5,,
歯科技工所,25-2-15,デンタルアシスト,525-0048,草津市追分南2丁目16-10,,H18.12.1,,
歯科技工所,25-2-16,ごうデンタルラボ,525-0032,草津市大路2丁目7-16,,R2.8.13,,
歯科技工所,25-2-17,株式会社 玉ラボ,525-0066,草津市矢橋町1257-4,株式会社 玉ラボ,H13.5.10,,
歯科技工所,25-2-18,Belleclore Petit Lab,525-0032,草津市大路1丁目7-1-111,,H11.5.12,,
歯科技工所,25-2-19,有限会社エヌ・ディー・エル,524-0002,守山市小島町1809-9,,H 2.11. 8,,
歯科技工所,25-2-20,デンティック クラフト,524-0001,守山市川田町1792-3,,H13. 3. 1,,
歯科技工所,25-2-21,カズデンタルファクトリー,524-0022,守山市守山2-11-17,,H12. 1. 1,,
歯科技工所,25-2-22,有限会社ソロモン,524-0037,守山市梅田町4-31,,S63. 2.22,,
歯科技工所,25-2-23,有限会社滋賀ﾃﾞﾝﾀﾙ･ﾗﾎﾞﾗﾄﾘｰ,524-0044,守山市古高町98-6,,S55. 2. 4,,
歯科技工所,25-2-24,Ｍａｅｄａ Ｄｅｎｔａｌ Ｌａｂｏｒａｔｏｒｙ,524-0061,守山市赤野井町1612,,H 5. 9. 7,,
歯科技工所,25-2-25,ﾊﾟｰﾙﾃﾞﾝﾀﾙﾓﾘﾔﾏ,524-0062,守山市杉江町383-1,,S59.10. 1,,
歯科技工所,25-2-26,歯科技工所メタルファーム,524-0101,守山市今浜町2764,,H13. 1. 1,,
歯科技工所,25-2-27,株式会社イマイ,524-0101,守山市今浜町224,,H 3. 7. 3,,
歯科技工所,25-2-28,近江ﾃﾞﾝﾀﾙｱｰﾄ,524-0102,守山市水保町1154-1,,H11. 3.31,,
歯科技工所,25-2-29,イシダデンタル,524-0014,守山市石田町１３１,,H17.11.1,,
歯科技工所,25-2-30,デンタル・ハウス,524-0033,守山市浮気町336-1,,H20.6.1,,
歯科技工所,25-2-31,デンタルラボ 十念,524-0046,守山市今宿町2丁目6-20,,H20.9.22,,
歯科技工所,25-2-32,デンタルアートシン,524-0102,守山市水保町1480-39,,H21.9.24,,
歯科技工所,25-2-33,ラボトリー植田,524-0014,守山市石田町131,,H23.3.22,,
歯科技工所,25-2-34,株式会社 Ｄ－ｂａｓｅ,524-0021,守山市吉身6丁目5番6号,株式会社Ｄ－ｂａｓｅ,H23.1.21,,
歯科技工所,25-2-35,Gunners Dental Lab,524-0102,守山市水保町1423-27,,H26.4.14,,
歯科技工所,25-2-36,eight デンタル ラボ,524-0014,守山市石田町１３１,,H26.10.1,,
歯科技工所,25-2-37,デンタル工房 あすなろ,524-0004,守山市笠原町1084番地3,,H27.4.30,,
歯科技工所,25-2-38,㈱ 匠,524-0102,守山市水保町2222番地,株式会社匠,H27.9.20,,
歯科技工所,25-2-39,PURE DENTAL ART,524-0044,守山市古高町127-16,,H30.11.2,,
歯科技工所,25-2-40,K.D.A.L.,524-0211,守山市小浜町801-1,,H20.7.1,,
歯科技工所,25-2-41,株式会社 D-cloud,524-0021,守山市吉身6丁目5番6号 3Ｆ,株式会社 D-cloud,R2.1.1,,
歯科技工所,25-2-42,つぐラボ,524-0001,守山市川田町1792-3,,44722,,
歯科技工所,25-2-43,りんしょう株式会社,524-0033,守山市浮気町346-20,りんしょう株式会社,44346,,
歯科技工所,25-2-44,株式会社ワシ栗東,520-3013,栗東市目川861-3,株式会社 ワシ栗東,S56. 7.21,,
歯科技工所,25-2-45,ﾃﾞﾝﾀﾙｱｰﾄGOTOH,520-3022,栗東市上鈎426,,H 5. 3.31,,
歯科技工所,25-2-46,ﾌｸｼﾏ･ﾃﾞﾝﾀﾙ,520-3024,栗東市小柿8-3-3,,H 2. 9. 1,,
歯科技工所,25-2-47,株式会社オーシー,520-3031,栗東市小柿5丁目10-11-2-1-2F,株式会社オーシー,H20.10.30,,
歯科技工所,25-2-48,有限会社デンタルワークス,520-3013,栗東市目川843-2,,H18.5.1,,
歯科技工所,25-2-49,ティース工房,520-3042,栗東市辻457,,39448,,
歯科技工所,25-2-50,Grit Dental Laboratory,520-3035,栗東市霊仙寺３丁目1-37 2Ｆ,,45817,,
歯科技工所,25-2-51,デンタルリーブ野洲,520-2304,野洲市永原1107-28,,H15.11.1,,
歯科技工所,25-2-52,清原ﾃﾞﾝﾀﾙﾗﾎﾞﾗﾄﾘｰ,520-2331,野洲市小篠原965-6,,H 6. 4. 1,,
歯科技工所,25-2-53,株式会社アイテック,525-2415,野洲市須原206,株式会社アイテック,H25.6.21,,
歯科技工所,25-2-54,ksg,520-2341,野洲市行畑一丁目8-31,,H23.5.1,,
歯科技工所,25-2-55,株式会社ａｄｖｅｘ,520-2324,野洲市近江富士3-6-28,株式会社ａｄｖｅｘ,40575,,
歯科技工所,25-2-56,有限会社サンデンタルラボラトリー,520-2342,野洲市野洲1748番地５,有限会社サンデンタルラボラトリー,H23.1.1,,
歯科技工所,25-2-57,ヤマモトデンタルラボ,520-2331,野洲市小篠原1552,,H.30.1.19,,
歯科技工所,25-2-58,Foresta Lab,520-2301,野洲市小南471-65,,H.30.1.22,,
歯科技工所,25-2-59,馬杉デンタルラボ,520-2321,野洲市北桜759-3,,R3.3.1,,
歯科技工所,25-2-60,京セラメディカル インプラント デジタルセンター,520-2362,野洲市市三宅800 京セラ株式会社 野洲工場,京セラメディカル株式会社,R7.4.11,,
歯科技工所,25-3-1,辻歯研,520-3413,甲賀市甲賀町油日２２１６－４９,,H27.1.1,,
歯科技工所,25-3-2,鷲尾デンタル・ラボスタジオ,520-3414,甲賀市甲賀町大久保８１２,,H5.4.18,,
歯科技工所,25-3-3,大林デンタルラボ,520-3434,甲賀市甲賀町高野５２４－２,,H22.4.1,,
歯科技工所,25-3-4,ラボ輝,520-3303,甲賀市甲南町上馬杉９６０,,S61.5.16,,
歯科技工所,25-3-5,ニューズ デンタルラボラトリー,520-3308,甲賀市甲南町野田５９９,,M33.1.0,,
歯科技工所,25-3-6,杉本歯研,529-1834,甲賀市信楽町杉山６７０,,S60.8.28,,
歯科技工所,25-3-7,デンタル フュージョン,529-1851,甲賀市信楽町長野３７０番地１,,H15.12.12,,
歯科技工所,25-3-8,西小路デンタルラボラトリー,528-0212,甲賀市土山町南土山甲７０３,,S64.1.5,,
歯科技工所,25-3-9,ウカイラボ,528-0041,甲賀市水口町虫生野７４６,,H7.1.14,,
歯科技工所,25-3-10,池田歯科技工所,528-0022,甲賀市水口町梅ヶ丘６－３９,,H3.12.1,,
歯科技工所,25-3-11,DENTAL CRAFT,528-0054,甲賀市水口町酒人７６６,,H10.8.20,,
歯科技工所,25-3-12,Dental Art SASAYAMA,528-0035,甲賀市水口町山６７８－７０,,H5.11.22,,
歯科技工所,25-3-13,青木デンタルクラフト,520-3106,湖南市石部中央四丁目１－２３,,H18.3.16,,
歯科技工所,25-3-14,石田歯科技工所,520-3242,湖南市サイドタウン二丁目３番３１号,,H13.11.1,,
歯科技工所,25-3-15,アオキデンタルラボラトリー,520-3221,湖南市三雲１３１３－５,,H14.12.25,,
歯科技工所,25-3-16,藤本デンタルオフィス,520-3237,湖南市柑子袋西三丁目13番19号,,平成１５年７月,,
歯科技工所,25-3-17,内貴デンタルスタジオ,520-3221,湖南市三雲１４９６－５５,,H5.3.8,,
歯科技工所,25-3-18,（株）カクキチ,520-3201,湖南市下田１６１７,（株）カクキチ,H23.11.21,,
歯科技工所,25-3-19,村島デンタル・ラボラトリー,529-1831,甲賀市信楽町西３９８番地,,S60.7.1,,
歯科技工所,25-3-20,中川デンタルラボ,520-3201,甲賀市信楽町宮町６０８,,H26.5.5,,
歯科技工所,25-3-21,ｉｗｏｋｋｕ,520-3322,甲賀市甲南町深川１３４－７,,R2.12.11,,
歯科技工所,25-3-22,株式会社 oral design,520-3248,湖南市菩提寺西三丁目11番26号,,R3.3.31,,
歯科技工所,25-3-23,ダイケンデンタルラボ,528-0067,甲賀市水口町山９９,,R5.3.7,,
歯科技工所,25-4-1,吉川デンタルラボラトリー,523-0884,近江八幡市北末町２,,S47.11.25,,
歯科技工所,25-4-2,アイデンタルラボラトリー,523-0058,近江八幡市加茂町１１１７－３,,S58.10.1,,
歯科技工所,25-4-3,（有）中森デンタルラボラトリー,523-0892,近江八幡市出町４２３－２,,H7.2.8,,
歯科技工所,25-4-4,エー・ディー・エス,523-0063,近江八幡市十王町７６７,,H20.6.16,,
歯科技工所,25-4-5,西倉デンタルセラミックス,523-0808,近江八幡市長命寺町２９－８,,H21.7.15,,
歯科技工所,25-4-6,戸井歯科補綴研究所,521-1321,近江八幡市安土町桑実寺３５８,,S50.4.14,,
歯科技工所,25-4-7,Ｊ．デンタルアート,521-1351,近江八幡市安土町常楽寺３８－３５,,H2.5.24,,
歯科技工所,25-4-8,ラボラトリー植田,523-0892,近江八幡市出町２２８－２６,,H30.5.16,,
歯科技工所,25-4-9,矢守技研,527-0004,東近江市建部堺町２９４－７,,H2.1.8,,
歯科技工所,25-4-10,イチダデンタルオフィス,527-0017,東近江市昭和町１－１８住井第二歯科医院気付,,H12.2.1,,
歯科技工所,25-4-11,金村歯研,527-0227,東近江市石谷町５２８－２０,,H13.2.1,,
歯科技工所,25-4-12,デンタル・ラボ・アクア,529-1435,東近江市五個荘伊野部町５６８,,H13.1.22,,
歯科技工所,25-4-13,大辻デンタルラボラトリー,521-1222,東近江市佐野町５６９－９,,S61.11.1,,
歯科技工所,25-4-14,神崎歯科製作所,521-1213,東近江市神郷町１１０９,,H2.4.10,,
歯科技工所,25-4-15,にしきの補綴工房,521-1245,東近江市栗見出在家町７９１,,H7.4.10,,
歯科技工所,25-4-16,北川歯科補綴研究所,521-1212,東近江市種町６４５－１２８,,H8.3.1,,
歯科技工所,25-4-17,平井歯科技工所,527-0074,東近江市市辺町１０７１－１,,H12.4.1,,
歯科技工所,25-4-18,GIKOUYAいぐち,521-1221,東近江市垣見町５４３－１,,H21.6.8,,
歯科技工所,25-4-19,Noya・Dental・Art,527-0028,東近江市八日市金屋３－４－２,,H21.7.20,,
歯科技工所,25-4-20,中村総研デンタルケア（株）,527-0074,東近江市市辺町２３９６,,H24.1.1,,
歯科技工所,25-4-21,辻野デンタルラボ能登川,521-1222,東近江市佐野町４６３－２１,,H26.4.1,,
歯科技工所,25-4-22,Prime Dental Laboratory,521-1222,東近江市佐野町４６３－５,,H27.4.1,,
歯科技工所,25-4-23,英樹工房,527-0137,東近江市西菩提寺町２５７,,H21.1.7,,
歯科技工所,25-4-24,小森デンタルラボラトリー,529-1610,日野町奥之池８６０,,H6.1.10,,
歯科技工所,25-4-25,タツヤマインターナショナル,529-1601,日野町松尾１－７－３,,H21.12.11,,
歯科技工所,25-4-26,ラボハウスカカ,,,,H7.7.16,,
歯科技工所,25-4-27,Oral Bio Design株式会社,529-1431,東近江市五個荘山本町２２０番地,,H30.8.28,,
歯科技工所,25-4-28,ゴンマツデンタルラボ合同会社,521-1235,東近江市伊庭町２３０３,ゴンマツデンタルラボ合同会社,R5.12.28,,
歯科技工所,25-4-29,合同会社PAZAPA,527-0221,東近江市上二俣町１１０５,合同会社PAZAPA,H30.7.5,,
歯科技工所,25-4-30,KDL(コナカ デンタルラボラトリー),523-0083,近江八幡市舟木町1289－2,,R4.4.14,,
歯科技工所,25-4-31,デンタル ラボ Sin,527-0125,東近江市小田苅町２２７８－２５,,R3.3.29,,
歯科技工所,25-4-32,ラボハウス コバヤシ,521-1212,東近江市種町1720番地６９,,R3.3.30,,
歯科技工所,25-5-1,岡本歯科技工所,522-0024,彦根市正法寺町128,,S57.4.15,,
歯科技工所,25-5-2,宮川デンタルラボラトリー,529-1315,愛知郡愛荘町沓掛339,,S57.7.15,,
歯科技工所,25-5-3,有限会社タキイ・デンタル・アート,521-1124,彦根市野良田町320,有限会社タキイ・デンタル・アート,S59.8.1,,
歯科技工所,25-5-4,ファイン・デンタル,522-0052,彦根市中薮町634-37,,H29.9.28,,
歯科技工所,25-5-5,久保歯研,522-0023,彦根市原町850-69,,H5.7.2,,
歯科技工所,25-5-6,ノグチ・デンタル・ファクトリー,522-0201,彦根市高宮町2199,,H6.8.18,,
歯科技工所,25-5-7,Ｎ．Ｄラボラトリー,522-0051,彦根市中薮町776-39,,H25.4.1,,
歯科技工所,25-5-8,渡辺デンタルアトリエ,521-1132,彦根市下稲葉町408,,H7.6.1,,
歯科技工所,25-5-9,田中デンタル・クラフト,522-0064,彦根市本町一丁目9-5,,H8.1.4,,
歯科技工所,25-5-10,デンタル・ワークス・ミヤモリ,522-0222,彦根市南川瀬町1078,,H13.2.1,,
歯科技工所,25-5-11,義歯研究所,521-1124,彦根市野良田町319,,H17.9.1,,
歯科技工所,25-5-12,Ｉ．Ｄ．Ｌａｂ,522-0024,彦根市正法寺町480-15,,H22.4.1,,
歯科技工所,25-5-13,デンタルラボＳｉｎ,522-0023,彦根市原町850-187-10B,,H25.9.17,,
歯科技工所,25-5-14,Dental works F.L.Y,522-0352,犬上郡多賀町久徳183-21,,H25.9.20,,
歯科技工所,25-5-15,小川技研,522-0023,彦根市原町813-9,,H29.4.1,,
歯科技工所,25-5-16,テクニカ,522-0223,彦根市川瀬南町1392-33,,H23.4.1,,
歯科技工所,25-5-17,斉藤ラボ,529-1175,豊郷町沢347-1,,H31.1.10,,
歯科技工所,25-5-18,キタマチデンタル,522-0041,彦根市平田町137-8,,R3.6.1,,
歯科技工所,25-5-19,ミホデンタルスタジオ,522-0004,彦根市鳥居本町2341番地5,,R4.3.1,,
歯科技工所,25-5-20,ハザマデントサーブ,522-0262,犬上郡甲良町横関354番地,,R5.5.16,,
歯科技工所,25-5-21,ＤＥＮＴＡＬ LABO D-BASE,529-1223,愛知郡愛荘町島川1290-12,,R6.4.1,,
歯科技工所,25-5-22,オガワセラミックス,522-0025,彦根市野田山町587-4,,R6.7.25,,
歯科技工所,25-5-23,Kｄ・Labo,522-0043,彦根市小泉町310-15-103,,R3.10.16,,
歯科技工所,25-5-24,株式会社 フジ・デンタルラボ 彦根支店,522-0222,彦根市南川瀬町1520番地2川瀬駅前ﾛｰﾀｽﾋﾞﾙ2F,（株）フジ・デンタルラボ,R6.9.26,,
歯科技工所,25-6-1,寺居歯科技工所,5260236,長浜市野村町745,,S55.11.1,,
歯科技工所,25-6-2,福永歯科技工所,5260023,長浜市三ツ矢町13-37,,S60.2.15,,
歯科技工所,25-6-3,デンタルラボ藤田,5260844,長浜市南田附町313-5,,H7.4.1,,
歯科技工所,25-6-4,湖北歯科技工所,5260056,長浜市朝日町7-1,,S53.8.20,,
歯科技工所,25-6-5,近藤歯科技工所,5260045,長浜市寺田町70-2,,H1.12.1,,
歯科技工所,25-6-6,今西デンタル・ラボ・ラトリー,5260833,長浜市永久寺町811-2,,H4.7.31,,
歯科技工所,25-6-7,多賀技研,5260053,長浜市宮前町9-9,,H5.5.1,,
歯科技工所,25-6-8,上田歯科技工所,5260044,長浜市下坂中町325-1ｴｸｼﾘｱ下坂東101,,H28.4.2,,
歯科技工所,25-6-9,デンタルパレス,5260017,長浜市相撲町1381-36,,H11.4.1,,
歯科技工所,25-6-10,上阪技工所,5290113,長浜市大井町1000,,H12.3.30,,
歯科技工所,25-6-11,デンタルクラフト,5210003,米原市入江259-14,,H13.4.1,,
歯科技工所,25-6-12,ナリタデンタルラボラトリー,5260032,長浜市南高田町1-27,,H15.2.14,,
歯科技工所,25-6-13,片山デンタルラボラトリー,5210322,米原市杉沢547-11,,H15.4.1,,
歯科技工所,25-6-14,イブキデンタルデザイン,5210313,米原市弥高476,,H16.5.1,,
歯科技工所,25-6-15,アイバデンタルクリエイター,5290113,長浜市大井町203,,H18.3.3,,
歯科技工所,25-6-16,Ｙ’Ｓデンタルラボラトリー,5260021,長浜市八幡中山町1175-9,,H18.6.20,,
歯科技工所,25-6-17,滋賀デンタルスタジオ,5260213,長浜市醍醐町291-1,,H19.5.18,,
歯科技工所,25-6-18,ゴールドデンタルラボラトリー,5260056,長浜市朝日町21-7,,H23.8.30,,
歯科技工所,25-6-19,清水歯科技工所,5260052,長浜市神前町5-8,,H27.4.1,,
歯科技工所,25-6-20,Dental Create KUNITOMO,5260001,長浜市国友町543,,H29.4.17,,
歯科技工所,25-6-21,医療法人益歯会 成田歯科医院技工所,5260036,長浜市地福寺町10番28号,医療法人益歯会 成田歯科医院,H30.12.1,,
歯科技工所,25-6-22,ピュアデンタルスタジオ,5210226,米原市朝日５６９,,H25.4.1,,
歯科技工所,25-6-23,長浜デンタルアート,5260063,長浜市末広町２９６－１８,,H7.5.6,,
歯科技工所,25-7-1,株式会社キャスティングオカモト,520-1603,高島市今津町北仰452,株式会社キャスティングオカモト,H5.1.9,,
歯科技工所,25-7-2,Ｔデンタルファクトリー,520-1621,高島市今津町今津名小路2-1-22,,H5.9.1,,
歯科技工所,25-7-3,エフ・デンタルラボ,520-1511,高島市新旭町藁園2524-23,,H6.6.27,,
歯科技工所,25-7-4,ヒロ・デンタルクラフト,520-1217,高島市安曇川町田中1598-77,,H18.5.1,,
歯科技工所,25-7-5,かきもと Ｄｅｎｔｓ Ｌａｂｏ,520-1201,高島市安曇川町上古賀1269,,H29.3.21,,
歯科技工所,25-7-6,西村歯科補綴研究所,520-1121,高島市勝野1195,,S50.1.8,,
歯科技工所,25-7-7,大塚技工所,520-1142,高島市鹿ケ瀬372-1,,H4.9.1,,
薬局,20007-100,株式会社永寿薬局,520-2331,野洲市小篠原２２１５,株式会社永寿薬局,,2024-01-01,2029-12-31
薬局,20017-100,長谷川薬局,525-0023,草津市平井一丁目４－２５,,,2024-01-01,2029-12-31
薬局,20022-100,ＡＢＣ薬局,520-3035,栗東市霊仙寺二丁目１－３２,,,2024-01-01,2029-12-31
薬局,20027-100,有限会社扇庄薬局　守山店,524-0022,守山市守山六丁目１－２２,有限会社扇庄薬局,,2024-01-01,2029-12-31
薬局,20032-100,油定薬局,520-2304,野洲市永原５１７,株式会社アブラサダ,,2023-01-01,2028-12-31
薬局,20033-100,誠心堂薬局,524-0036,守山市伊勢町４５１－１３４,,,2023-01-01,2028-12-31
薬局,20050-100,滋賀県薬剤師会　会営薬局,525-0072,草津市笠山七丁目４－５２,一般社団法人滋賀県薬剤師会,,2022-01-01,2027-12-31
薬局,20055-100,ティエス調剤薬局　守山店,524-0033,守山市浮気町３００－１５　グランドメゾン１０２,株式会社ティエスプラン,,2023-01-01,2028-12-31
薬局,20059-100,アルファー薬局,520-2331,野洲市小篠原１１１１－１,株式会社アルファー薬品,,2024-01-01,2029-12-31
薬局,20061-100,スマイル薬局,520-3024,栗東市小柿六丁目１－４１－１－１,有限会社スマイル,,2024-01-01,2029-12-31
薬局,20078-100,ティエス調剤薬局　南草津店,525-0055,草津市野路一丁目６－５,株式会社ティエスプラン,,2024-01-01,2029-12-31
薬局,20644-100,ティエス調剤薬局　野路店,525-0055,草津市野路五丁目４－１,株式会社ティエスプラン,,2024-01-01,2029-12-31
薬局,20682-100,ティエス調剤薬局　野村店,525-0027,草津市野村八丁目９－３８,株式会社ティエスプラン,,2021-01-01,2026-12-31
薬局,20695-100,スズキ調剤薬局　大宝店,520-3035,栗東市霊仙寺一丁目２－１９　ＥＳＰＯ栗東１Ｆ,スズキ薬局株式会社,,2022-01-01,2027-12-31
薬局,20706-100,ふれあい薬局,524-0022,守山市守山四丁目１３－２,株式会社近畿予防医学研究所,,2022-01-01,2027-12-31
薬局,20777-100,スマイル薬局　野洲店,520-2362,野洲市市三宅２７３２,有限会社スマイル,,2023-01-01,2028-12-31
薬局,20821-100,もも薬局　穴村店,525-0012,草津市穴村町３１４－１,有限会社もも薬局,,2024-01-01,2029-12-31
薬局,20831-100,ドリーム薬局　南草津店,525-0055,草津市野路一丁目６－５,有限会社未来,,2024-01-01,2029-12-31
薬局,20867-100,ササ薬局　野洲店,520-2331,野洲市小篠原１２６６,有限会社ササ薬局,,2025-01-01,2030-12-31
薬局,20898-100,オードリー薬局,520-3016,栗東市小野８８１－３,,,2025-01-01,2030-12-31
薬局,20948-100,パスカル薬局,525-0032,草津市大路一丁目１１－１６,株式会社パスカルシステム,,2026-01-01,2031-12-31
薬局,20956-100,小島薬局,524-0041,守山市勝部一丁目１－２１－１０２,有限会社こじま,,2026-01-01,2031-12-31
薬局,21506-100,やよい調剤薬局,520-3024,栗東市小柿十丁目１６－１１,,,2026-01-01,2031-12-31
薬局,21521-100,ほとめき薬局,520-2323,野洲市三上２７７－１,有限会社イツモ,,2026-01-01,2031-12-31
薬局,21533-100,スギ薬局　守山店,524-0021,守山市吉身三丁目１４－３０,株式会社スギ薬局,,2026-01-01,2031-12-31
薬局,21576-100,ハーモニー薬局・かがやき店,525-0048,草津市追分南二丁目１１－７,有限会社ジャパン・クリエティブ,,2026-01-01,2031-12-31
薬局,21626-100,スズキ調剤薬局　南草津店,525-0050,草津市南草津一丁目１－８,スズキ薬局株式会社,,2021-01-01,2026-12-31
薬局,21631-100,みのり薬局,520-3027,栗東市野尻４４０－４,株式会社ＭＹＮＳ,,2021-01-01,2026-12-31
薬局,21650-100,ティエス調剤薬局　草津駅前店,525-0026,草津市渋川一丁目２－２６　ザ・草津タワー２階,株式会社ティエスプラン,,2021-01-01,2026-12-31
薬局,21661-100,パンプキン調剤薬局,520-2413,野洲市吉地一丁目１１９３－２,株式会社ケイ・エム・シー,,2021-01-01,2026-12-31
薬局,21679-100,南草津プラス薬局,525-0050,草津市南草津三丁目１－１４,有限会社プラス薬局,,2021-01-01,2026-12-31
薬局,21687-100,アイランド薬局　守山店,524-0022,守山市守山三丁目１０－１１,アポクリート株式会社,,2022-01-01,2027-12-31
薬局,21724-100,ユタカ薬局　西草津,525-0028,草津市上笠二丁目３３－１２,株式会社ユタカファーマシー,,2022-01-01,2027-12-31
薬局,21783-100,イオン薬局　草津店,525-0067,草津市新浜町３００,イオンリテール株式会社,,2023-01-01,2028-12-31
薬局,21788-100,さわだ薬局,525-0013,草津市新堂町４９－５,株式会社スリーエムコーポレーション,,2023-01-01,2028-12-31
薬局,21821-100,オレンジ薬局,520-2362,野洲市市三宅２３３９－３,株式会社オレンジメディカル,,2023-01-01,2028-12-31
薬局,21830-100,ハーモニー薬局　守山石田店,524-0014,守山市石田町２７５－７,株式会社ウッドゲート,,2023-01-01,2028-12-31
薬局,21832-100,追分口プラス薬局,525-0047,草津市追分三丁目１－７,有限会社プラス薬局,,2023-01-01,2028-12-31
薬局,21856-100,尾﨑薬局,524-0214,守山市立田町１７７２－３,有限会社ハイメディカル,,2024-01-01,2029-12-31
薬局,21869-100,日本調剤　栗東薬局,520-3046,栗東市大橋二丁目６－１８,日本調剤株式会社,,2024-01-01,2029-12-31
薬局,21870-100,ハト薬局,525-0066,草津市矢橋町６０１－６,,,2024-01-01,2029-12-31
薬局,21894-100,みのり薬局　大門店,524-0052,守山市大門町３４－８,株式会社ＭＹＮＳ,,2024-01-01,2029-12-31
薬局,21895-100,スギ薬局　野洲店,520-2331,野洲市小篠原１９８０－５,株式会社スギ薬局,,2024-01-01,2029-12-31
薬局,21897-100,ひだまり薬局,525-0066,草津市矢橋町１０４－３,,,2024-01-01,2029-12-31
薬局,21919-100,こまいざわ薬局,525-0014,草津市駒井沢町４０５－２,株式会社スリーエムコーポレーション,,2025-01-01,2030-12-31
薬局,21929-100,ティエス調剤薬局　矢橋店,525-0066,草津市矢橋町１５６５－１,株式会社ティエスプラン,,2025-01-01,2030-12-31
薬局,21938-100,おひさま薬局　都賀山通り店,524-0041,守山市勝部六丁目３－３３,株式会社サン調剤薬局,,2025-01-01,2030-12-31
薬局,21947-100,琵琶湖おおはし薬局,524-0102,守山市水保町１２６８－２１,株式会社愛知メディックス,,2025-01-01,2030-12-31
薬局,21948-100,つくし薬局　玉川店,525-0059,草津市野路八丁目２２－２９,有限会社つくし薬局,,2025-01-01,2030-12-31
薬局,21959-100,ＪＲＡファシリティーズ株式会社　栗東薬局,520-3005,栗東市御園１０２８,ＪＲＡファシリティーズ株式会社,,2025-01-01,2030-12-31
薬局,21966-100,吉井薬局　南草津店,525-0059,草津市野路一丁目７－２１　リベリー南草津２階,,,2026-01-01,2031-12-31
薬局,21972-100,ハーモニー薬局・草津店,525-0037,草津市西大路町４－３２,有限会社ジャパン・クリエティブ,,2026-01-01,2031-12-31
薬局,21986-100,クスリのアオキ　目川薬局,520-3013,栗東市目川１４３３,株式会社クスリのアオキ,,2026-01-01,2031-12-31
薬局,21989-100,ウエルシア薬局野洲小篠原店,520-2331,野洲市小篠原１６１１－１,ウエルシア薬局株式会社,,2026-01-01,2031-12-31
薬局,21990-100,クスリのアオキ霊仙寺薬局,520-3035,栗東市霊仙寺一丁目４－６,株式会社クスリのアオキ,,2026-01-01,2031-12-31
薬局,21995-100,ウエルシア薬局　栗東手原店,520-3047,栗東市手原一丁目９－１７,ウエルシア薬局株式会社,,2026-01-01,2031-12-31
薬局,22029-100,おはな薬局,525-0023,草津市平井一丁目１８－４,,,2021-01-01,2026-12-31
薬局,22054-100,調剤薬局ツルハドラッグ栗東安養寺店,520-3015,栗東市安養寺八丁目２－２２,株式会社ツルハ,,2021-01-01,2026-12-31
薬局,22059-100,ウエルシア薬局滋賀守山店,524-0022,守山市守山六丁目１０－３７,ウエルシア薬局株式会社,,2021-01-01,2026-12-31
薬局,22063-100,もりのこ調剤薬局,524-0021,守山市吉身一丁目５－１４,株式会社愛知メディックス,,2021-01-01,2026-12-31
薬局,22112-100,日本調剤　草津薬局,525-0037,草津市西大路町７－７,日本調剤株式会社,,2021-01-01,2026-12-31
薬局,22126-100,中山メディカル薬局,525-0047,草津市追分一丁目４－２５－１,株式会社愛知メディックス,,2022-01-01,2027-12-31
薬局,22130-100,なの花薬局　栗東大宝店,520-3035,栗東市霊仙寺一丁目１－５３,株式会社なの花西日本,,2022-01-01,2027-12-31
薬局,22131-100,なの花薬局　草津野村店,525-0027,草津市野村六丁目１－３　コンフォーレＴ１　１Ｆ,株式会社なの花西日本,,2022-01-01,2027-12-31
薬局,22132-100,ポニー薬局,520-2331,野洲市小篠原１９５７－２,株式会社なみかコーポレーション,,2022-01-01,2027-12-31
薬局,22134-100,うさぎ調剤薬局　南草津店,525-0050,草津市南草津二丁目４－３,株式会社うさぎメディケア,,2022-01-01,2027-12-31
薬局,22137-100,サン調剤薬局　えんま堂店,524-0042,守山市焔魔堂町１１５－１,株式会社サン調剤薬局,,2022-01-01,2027-12-31
薬局,21003-100,すこやか薬局,524-0022,守山市守山五丁目６－５３,株式会社近畿予防医学研究所,,2021-01-01,2026-12-31
薬局,21005-100,たんぽぽ薬局　守山店,524-0022,守山市守山五丁目５－２７,たんぽぽ薬局株式会社,,2021-01-01,2026-12-31
薬局,21016-100,プラス薬局,525-0045,草津市若草五丁目１３－３,有限会社プラス薬局,,2022-01-01,2027-12-31
薬局,21047-100,調剤薬局しづ,525-0041,草津市青地町４９６－３,株式会社愛知メディックス,,2022-01-01,2027-12-31
薬局,21069-100,あおぞら調剤薬局　上笠店,525-0028,草津市上笠三丁目２７－２１,有限会社青空,,2022-01-01,2027-12-31
薬局,21077-100,あおぞら調剤薬局　大路店,525-0032,草津市大路一丁目１５－４３　１Ｆ,有限会社青空,,2022-01-01,2027-12-31
薬局,21285-100,ムラセ薬局　南草津店,525-0059,草津市野路一丁目１４－４７,有限会社ムラセ薬局,,2024-01-01,2029-12-31
薬局,21293-100,ユタカ調剤薬局　守山Ⅱ,524-0045,守山市金森町９６３,株式会社ユタカファーマシー,,2024-01-01,2029-12-31
薬局,21364-100,スズキ薬局　栗東店,520-3015,栗東市安養寺一丁目１－２０－１０２号,スズキ薬局株式会社,,2024-01-01,2029-12-31
薬局,21406-100,ハーモニー薬局,524-0021,守山市吉身三丁目１７－２９,株式会社ハーモニー・ウェルネス,,2024-01-01,2029-12-31
薬局,21447-100,ハーモニー薬局・野洲店,520-2351,野洲市冨波甲１０８７－３,株式会社ハーモニー・ウェルネス,,2025-01-01,2030-12-31
薬局,21459-100,サン調剤薬局,524-0021,守山市吉身二丁目６－２３,株式会社サン調剤薬局,,2025-01-01,2030-12-31
薬局,22139-100,スギ薬局　草津店,525-0036,草津市草津町１５２０－１,株式会社スギ薬局,,2022-01-01,2027-12-31
薬局,22141-100,ふれあい薬局・コープもりやま前,524-0041,守山市勝部三丁目１５－３１－１,株式会社近畿予防医学研究所,,2022-01-01,2027-12-31
薬局,22160-100,ヤクゴ薬局　守山店,524-0103,守山市洲本町１２５６－７,株式会社ファルマスター,,2022-01-01,2027-12-31
薬局,22170-100,スズキ調剤薬局　栗東駅前店,520-3031,栗東市綣二丁目４－５　ウイングプラザ１Ｆ,スズキ薬局株式会社,,2023-01-01,2028-12-31
薬局,22175-100,はなちゃん薬局,524-0013,守山市下之郷三丁目１－４１－１,株式会社はなちゃん薬局,,2023-01-01,2028-12-31
薬局,22186-100,栗東シンザン像前調剤薬局,520-3005,栗東市御園８４６－１,株式会社ＬＥＶＥＬ－Ｋ,,2023-01-01,2028-12-31
薬局,22193-100,もりやま薬局,524-0033,守山市浮気町２１６－１,株式会社スリーエムコーポレーション,,2023-01-01,2028-12-31
薬局,22195-100,どんぐり薬局安養寺店,520-3015,栗東市安養寺三丁目１１－１１,株式会社チェックポイント,,2023-01-01,2028-12-31
薬局,22196-100,どれみ薬局,520-2331,野洲市小篠原８６９－８,有限会社メディネット,,2023-01-01,2028-12-31
薬局,22213-100,フロンティア薬局滋賀医大店,525-0072,草津市笠山七丁目６－５３,株式会社フロンティア,,2023-01-01,2028-12-31
薬局,22214-100,日本調剤　滋賀医大前薬局,525-0072,草津市笠山七丁目６－５３,日本調剤株式会社,,2023-01-01,2028-12-31
薬局,22225-100,りぼん薬局　野洲店,520-2331,野洲市小篠原２０５５,株式会社サンポーウェルズ,,2024-01-01,2029-12-31
薬局,22229-100,アイセイ薬局　南草津店,525-0050,草津市南草津二丁目７－２２,株式会社アイセイ薬局,,2023-01-01,2028-12-31
薬局,22230-100,ふれあい薬局・栗東,520-3046,栗東市大橋二丁目７－４,株式会社近畿予防医学研究所,,2024-01-01,2029-12-31
薬局,22232-100,とまと薬局　行畑店,520-2341,野洲市行畑７２８,株式会社アルテア,,2024-01-01,2029-12-31
薬局,22241-100,ふれあい薬局・金森,524-0045,守山市金森町５９８－２,株式会社近畿予防医学研究所,,2024-01-01,2029-12-31
薬局,22252-100,ますだ薬局　守山店,524-0022,守山市守山五丁目８－１３,有限会社メディテック,,2024-01-01,2029-12-31
薬局,22258-100,クオール薬局こびらい店,520-3034,栗東市小平井三丁目２－２４,クオール株式会社,,2024-01-01,2029-12-31
薬局,22260-100,スギ薬局　守山東店,524-0041,守山市勝部五丁目７－１８,株式会社スギ薬局,,2024-01-01,2029-12-31
薬局,22272-100,スギ薬局　栗東ひがし店,520-3041,栗東市出庭５２３－１,株式会社スギ薬局,,2025-01-01,2030-12-31
薬局,22275-100,つばさ薬局　野洲店,520-2353,野洲市久野部１９４－３,有限会社ムラセ薬局,,2025-01-01,2030-12-31
薬局,22281-100,ぎおう薬局,520-2304,野洲市永原１８３４－４,株式会社三和メディカル,,2025-01-01,2030-12-31
薬局,22284-100,スギ薬局　草津大路店,525-0032,草津市大路三丁目５－８,株式会社スギ薬局,,2025-01-01,2030-12-31
薬局,22289-100,はなちゃん薬局　２号店,524-0045,守山市金森町４５２－７,株式会社はなちゃん薬局,,2025-01-01,2030-12-31
薬局,22292-100,マリーンピア薬局,525-0037,草津市西大路町４－３２　クサツウエストロイヤルタワー２－７区画,株式会社マーメイド,,2025-01-01,2030-12-31
薬局,22293-100,ハーモニー薬局・追分店,525-0048,草津市追分南四丁目６－２４,株式会社ハーモニー・レゾナンス,,2025-01-01,2030-12-31
薬局,22306-100,つなぐ薬局　栗東店,520-3047,栗東市手原五丁目６－１４,有限会社協同プラン,,2025-01-01,2030-12-31
薬局,22312-100,ウエルシア薬局　草津野路店,525-0059,草津市野路四丁目４－１,ウエルシア薬局株式会社,,2026-01-01,2031-12-31
薬局,22313-100,ドリーム薬局　手原店,520-3047,栗東市手原三丁目１１－４,有限会社協同プラン,,2026-01-01,2031-12-31
薬局,22326-100,凡凡薬局　御園店,520-3005,栗東市御園１８２９－２,株式会社メディカル一光,,2026-03-01,2032-02-29
薬局,22328-100,にこ薬局,520-3031,栗東市綣三丁目１０－２２－１Ｆ－２Ａ,株式会社メディカルハブジャパン,,2026-01-01,2031-12-31
薬局,22330-100,マロン薬局,520-3031,栗東市綣一丁目１０－１２,シマタニ株式会社,,2026-01-01,2031-12-31
薬局,22338-100,金太郎薬局　栗東店,520-3027,栗東市野尻５９０,株式会社メタルファーマシー,,2026-01-01,2031-12-31
薬局,22341-100,つばさ薬局　中沢店,520-3025,栗東市中沢二丁目５－５３,有限会社ムラセ薬局,,2026-01-01,2031-12-31
薬局,22342-100,エリー薬局　南草津店,525-0050,草津市南草津五丁目６－１,合同会社エリーファ,,2026-01-01,2031-12-31
薬局,22346-100,みやもと薬局　草津店,525-0023,草津市平井一丁目１５－３１,株式会社みやもと薬局,,2026-01-01,2031-12-31
薬局,22350-100,ユタカ薬局　栗東野尻,520-3027,栗東市野尻５８０,株式会社ユタカファーマシー,,2026-01-01,2031-12-31
薬局,22377-100,スギ薬局　エイスクエア店,525-0025,草津市西渋川一丁目２３－３　エイスクエアＳＡＲＡ東館１階,株式会社スギ薬局,,2021-01-25,2026-12-31
薬局,22378-100,健幸薬局南草津ＬＡＢＯ,525-0059,草津市野路一丁目１３－５　１階,株式会社健幸ＬＡＢＯ,,2021-01-27,2026-12-31
薬局,22379-100,りあん薬局,520-3045,栗東市高野５６２－７　プロスペリテⅡ　１階,株式会社レークケア,,2021-01-27,2026-12-31
薬局,22383-100,クスリのアオキ川田薬局,524-0001,守山市川田町７５７－１,株式会社クスリのアオキ,,2021-03-01,2026-12-31
薬局,22391-100,アイランド薬局　守山銀座店,524-0022,守山市守山一丁目５－１０－１０３,アポクリート株式会社,,2021-03-10,2026-12-31
薬局,22413-100,はなちゃん薬局　３号店,520-3031,栗東市綣三丁目５－９,株式会社はなちゃん薬局,,2021-05-01,2026-12-31
薬局,22419-100,クスリのアオキ野洲薬局,520-2331,野洲市小篠原１２６９－２,株式会社クスリのアオキ,,2021-06-01,2026-12-31
薬局,22428-100,守山ゆう薬局,524-0045,守山市金森町６０３－５,株式会社京都南調剤薬局,,2021-09-03,2026-12-31
薬局,22431-100,みのり薬局野村店,525-0027,草津市野村三丁目１６－２０－１,株式会社ＭＹＮＳ,,2021-10-06,2026-12-31
薬局,22439-100,キリン堂薬局　守山梅田店,524-0037,守山市梅田町１１－１９,株式会社キリン堂,,2021-12-15,2026-12-31
薬局,22444-100,ウエルシア薬局　野洲市三宅店,520-2362,野洲市市三宅２３７５,ウエルシア薬局株式会社,,2022-01-17,2027-12-31
薬局,22456-100,ウエルシア薬局　守山今宿店,524-0046,守山市今宿四丁目５－１０,ウエルシア薬局株式会社,,2022-04-20,2027-12-31
薬局,22463-100,ユタカ薬局南草津,525-0055,草津市野路町６８９－３,株式会社ユタカファーマシー,,2022-05-01,2027-12-31
薬局,22464-100,スズキ調剤薬局　野路店,525-0055,草津市野路町６５２－３,スズキ薬局株式会社,,2022-04-25,2027-12-31
薬局,22468-100,キリン堂薬局　草津追分店,525-0048,草津市追分南六丁目１－６,株式会社キリン堂,,2022-05-30,2027-12-31
薬局,22477-100,カルム薬局,520-2353,野洲市久野部１９８－１,株式会社カルムファーマシー,,2022-09-06,2027-12-31
薬局,22478-100,サンドラッグ野洲薬局,520-2331,野洲市小篠原１０００　アルプラザ野洲店１階,株式会社サンドラッグ,,2022-09-09,2027-12-31
薬局,22483-100,ウエルシア薬局　滋賀草津町店,525-0036,草津市草津町１８９９,ウエルシア薬局株式会社,,2022-11-18,2027-12-31
薬局,22519-100,高寿薬局,525-0067,草津市新浜町８５－１９,プラスファーマ株式会社,,2023-03-01,2028-12-31
薬局,22520-100,はりまだゆう薬局,524-0012,守山市播磨田町３０６０,株式会社京都南調剤薬局,,2023-04-01,2028-12-31
薬局,22522-100,レモン薬局　矢橋店,525-0066,草津市矢橋町１０２－８,株式会社ネクサス,,2023-04-01,2028-12-31
薬局,22536-100,おひさま薬局　目川店,520-3013,栗東市目川１４０２,株式会社サン調剤薬局,,2023-05-02,2028-12-31
薬局,22543-100,ユタカ薬局栗東小柿,520-3024,栗東市小柿六丁目４－２８,株式会社ユタカファーマシー,,2023-06-21,2028-12-31
薬局,22545-100,いちえ薬局草津店,525-0034,草津市草津三丁目４－１４,アールコネクト株式会社,,2023-06-30,2028-12-31
薬局,22547-100,ユタカ薬局栗東安養寺,520-3015,栗東市安養寺三丁目１－３９,株式会社ユタカファーマシー,,2023-07-24,2028-12-31
薬局,22551-100,アイ薬局,525-0032,草津市大路二丁目１－２７　伽羅ガーデンスクエア１０３,株式会社マーレ薬品,,2023-08-21,2028-12-31
薬局,22552-100,さくら薬局　草津店,525-0022,草津市川原二丁目１６－４１,株式会社Ｄｉｘ,,2023-09-01,2028-12-31
薬局,22558-100,クスリのアオキ草津下物薬局,525-0001,草津市下物町５１－１,株式会社クスリのアオキ,,2023-11-01,2028-12-31
薬局,22567-100,リブラ薬局,525-0032,草津市大路一丁目６－１６,株式会社フィールドファーマシー,,2023-12-01,2028-12-31
薬局,22568-100,リブラ薬局大路店,525-0032,草津市大路二丁目１０－８,株式会社フィールドファーマシー,,2023-12-01,2028-12-31
薬局,22569-100,キリン堂薬局　守山播磨田店,524-0012,守山市播磨田町３０６３,株式会社キリン堂,,2023-12-01,2028-12-31
薬局,22573-100,キリン堂薬局　栗東店,520-3035,栗東市霊仙寺三丁目２－２９,株式会社キリン堂,,2024-03-01,2029-12-31
薬局,22576-100,たんぽぽ薬局　草津店,525-0054,草津市東矢倉三丁目３３－３４,たんぽぽ薬局株式会社,,2024-02-20,2029-12-31
薬局,22579-100,リペアス調剤薬局　栗東小柿店,520-3024,栗東市小柿七丁目１－２,株式会社みらいファーマシー,,2024-03-01,2029-12-31
薬局,22591-100,あけとみ薬局,524-0104,守山市木浜町１６７０－３,株式会社あけとみ,,2024-05-01,2029-12-31
薬局,22594-100,ふれあいハート薬局,525-0061,草津市北山田町２４７－１,株式会社ミルキーマリーンホールディングス,,2024-05-01,2029-12-31
薬局,22598-100,アピス薬局野洲店,520-2433,野洲市八夫２０７７－２,株式会社ウィーズ,,2024-06-01,2029-12-31
薬局,22599-100,はな薬局　栗東店,520-3012,栗東市岡１９５－４,株式会社ウィーズ,,2024-06-01,2029-12-31
薬局,22602-100,ユタカ薬局野洲,520-2352,野洲市冨波乙８２８,株式会社ユタカファーマシー,,2024-07-05,2029-12-31
薬局,22604-100,すまいる薬局　草津店,525-0025,草津市西渋川一丁目２１－１４　エルミナＭＣビル１階,株式会社ＬＩＮＫＴＨ,,2024-07-29,2029-12-31
薬局,22605-100,ふれあい薬局・大宝,520-3037,栗東市北中小路３４４－３,株式会社近畿予防医学研究所,,2024-09-01,2029-12-31
薬局,22614-100,ハーモニー薬局はりまだ店,524-0012,守山市播磨田町１４５６－１－１,株式会社ウッドゲート,,2024-09-30,2029-12-31
薬局,22616-100,あすなろ薬局,525-0029,草津市下笠町７６－６,株式会社いずみ薬局,,2024-11-01,2029-12-31
薬局,22641-100,阪神調剤薬局　草津矢橋店,525-0066,草津市矢橋町１６２９－１５,株式会社スギ薬局,,2025-03-01,2030-12-31
薬局,22642-100,阪神調剤薬局　栗東店,520-3046,栗東市大橋二丁目５－３６,株式会社スギ薬局,,2025-03-01,2030-12-31
薬局,22643-100,みどり薬局　草津店,525-0066,草津市矢橋町１６１３－１,シップヘルスケアファーマシー株式会社,,2025-04-01,2031-03-31
薬局,22645-100,アイセイ薬局　南草津けやき通り店,525-0050,草津市南草津三丁目４－３－２,株式会社アイセイ薬局,,2025-04-01,2030-12-31
薬局,22646-100,アイセイハート薬局　南草津三丁目店,525-0050,草津市南草津三丁目４－４,株式会社アイセイ薬局,,2025-04-01,2030-12-31
薬局,22647-100,アイセイハート薬局　草津店,520-3024,栗東市小柿七丁目９－１１　クリニックステーション草津１階,株式会社アイセイ薬局,,2025-04-01,2030-12-31
薬局,22648-100,アイセイハート薬局　栗東安養寺店,520-3015,栗東市安養寺一丁目９－１０,株式会社アイセイ薬局,,2025-04-01,2030-12-31
薬局,22649-100,マミー薬局,520-2331,野洲市小篠原１１０９－４,株式会社ストレチア,,2025-04-01,2030-12-31
薬局,22650-100,ハーモニー薬局・行畑店,520-2341,野洲市行畑６７２－２,株式会社ハーモニー・ウェルネス,,2025-04-01,2030-12-31
薬局,22651-100,ユタカ薬局守山,524-0044,守山市古高町３８４,株式会社ユタカファーマシー,,2025-04-04,2030-12-31
薬局,22667-100,すまいる調剤薬局,524-0012,守山市播磨田町１３０７－９,株式会社ウィーズ,,2025-09-01,2030-12-31
薬局,22670-100,ファーマライズ薬局　栗東店,520-3031,栗東市綣三丁目５－２,ｎｅｘｔ　ＰＨ株式会社,,2025-09-01,2030-12-31
薬局,22671-100,みつば薬局,520-2331,野洲市小篠原９５８－３４,株式会社レークケア,,2025-09-01,2030-12-31
薬局,22674-100,ラブリー薬局,524-0037,守山市梅田町１５－８,株式会社ＲｉＴＡ,,2025-11-01,2030-12-31
薬局,22676-100,なの花薬局フレンドタウン守山店,524-0037,守山市梅田町６－２,株式会社なの花西日本,,2025-11-01,2030-12-31
薬局,22678-100,大野養真堂薬局大林店,524-0054,守山市大林町２１４－１,株式会社サンポーウェルズ,,2025-11-01,2030-12-31
薬局,30021-100,有限会社ひまわり薬局,528-0042,甲賀市水口町虫生野中央８０－２,有限会社ひまわり薬局,,2023-01-01,2028-12-31
薬局,30025-100,城山薬局,529-1851,甲賀市信楽町長野６２３－３,有限会社オクタ,,2024-01-01,2029-12-31
薬局,30319-100,ササ薬局,520-3248,湖南市菩提寺西三丁目７－６,有限会社ササ薬局,,2023-01-01,2028-12-31
薬局,30340-100,ひまわり薬局　虫生野店,528-0041,甲賀市水口町虫生野１１００－１,有限会社ひまわり薬局,,2023-01-01,2028-12-31
薬局,30393-100,有限会社こうなん薬局,520-3321,甲賀市甲南町木１０２５－１,有限会社こうなん薬局,,2026-01-01,2031-12-31
薬局,30394-100,有限会社福澤薬局,520-3107,湖南市石部東二丁目５－３７,有限会社福澤薬局,,2026-01-01,2031-12-31
薬局,30396-100,ひまわり薬局　水口店,528-0025,甲賀市水口町西林口４４０,有限会社ひまわり薬局,,2026-01-01,2031-12-31
薬局,30402-100,ユタカ調剤薬局　水口暁,528-0012,甲賀市水口町暁５１３３,株式会社ユタカファーマシー,,2021-01-01,2026-12-31
薬局,30403-100,さいとう調剤薬局,528-0005,甲賀市水口町水口５５４６－３,有限会社さいとう調剤薬局,,2021-01-01,2026-12-31
薬局,30404-100,さいとう調剤薬局　菩提寺店,520-3242,湖南市菩提寺西一丁目９－２３－１０２,有限会社さいとう調剤薬局,,2021-01-01,2026-12-31
薬局,30408-100,ひまわり薬局　城南店,528-0005,甲賀市水口町水口５９６２,有限会社ひまわり薬局,,2021-01-01,2026-12-31
薬局,30416-100,ティエス調剤薬局　甲西店,520-3253,湖南市正福寺１３１６－１,株式会社ティエスプラン,,2022-01-01,2027-12-31
薬局,30516-100,おおつぐ薬局　平松店,520-3235,湖南市平松北二丁目６０,有限会社おおつぐ薬局,,2023-01-01,2028-12-31
薬局,30600-100,調剤薬局マリーン　甲賀店,528-0235,甲賀市土山町大野４０１－３,株式会社愛知メディックス,,2025-01-01,2030-12-31
薬局,30610-100,さいとう調剤薬局　石部店,520-3107,湖南市石部東五丁目３－３,有限会社さいとう調剤薬局,,2026-01-01,2031-12-31
薬局,30632-100,有限会社福澤薬局　甲西店,520-3232,湖南市平松北三丁目７０,有限会社福澤薬局,,2026-01-01,2031-12-31
薬局,30654-100,やくさ薬局,520-3332,甲賀市甲南町希望ケ丘本町六丁目８５７－７８,株式会社やくさ薬局,,2021-01-01,2026-12-31
薬局,30703-100,自然派薬局ぎんのもり,520-3236,湖南市柑子袋東三丁目５－１４,,,2023-01-01,2028-12-31
薬局,30733-100,日本調剤水口薬局,528-0074,甲賀市水口町松尾１２５２－３,日本調剤株式会社,,2025-01-01,2030-12-31
薬局,30743-100,甲賀薬局甲南店,520-3307,甲賀市甲南町野尻４９９－１,株式会社レークケア,,2025-01-01,2030-12-31
薬局,30745-100,スギ薬局　水口松尾店,528-0074,甲賀市水口町松尾８２９－１,株式会社スギ薬局,,2025-01-01,2030-12-31
薬局,30759-100,ティエス調剤薬局　湖南中央店,520-3234,湖南市中央二丁目１１９－５,株式会社ティエスプラン,,2026-01-01,2031-12-31
薬局,30761-100,ウエルシア薬局甲賀水口貴生川店,528-0049,甲賀市水口町貴生川二丁目６２,ウエルシア薬局株式会社,,2026-01-01,2031-12-31
薬局,30764-100,名坂調剤薬局,528-0036,甲賀市水口町東名坂２４６－１,株式会社ＹＨファーマ,,2026-01-01,2031-12-31
薬局,30771-100,甲賀みえる薬局,520-3432,甲賀市甲賀町滝２２３５－１,株式会社レークケア,,2021-01-01,2026-12-31
薬局,30775-100,ひまわり薬局　東名坂店,528-0036,甲賀市水口町東名坂１８９－１,有限会社ひまわり薬局,,2021-01-01,2026-12-31
薬局,30807-100,ひまわり薬局南林口店,528-0000,甲賀市水口町南林口４７,有限会社ひまわり薬局,,2022-01-01,2027-12-31
薬局,30810-100,ティエス調剤薬局　三雲店,520-3221,湖南市三雲３９８－１,株式会社ティエスプラン,,2022-01-01,2027-12-31
薬局,30813-100,下田薬局,520-3201,湖南市下田１５２８,株式会社裕愛ファーマシーズ,,2022-01-01,2027-12-31
薬局,30819-100,クスリのアオキ　石部東薬局,520-3107,湖南市石部東六丁目４－１０,株式会社クスリのアオキ,,2022-01-01,2027-12-31
薬局,30821-100,いしべ調剤薬局,520-3106,湖南市石部中央四丁目１－５８,株式会社マーレ薬品,,2022-01-01,2027-12-31
薬局,30840-100,クスリのアオキ水口薬局,528-0005,甲賀市水口町水口６０２０－１,株式会社クスリのアオキ,,2023-01-01,2028-12-31
薬局,30842-100,コナン薬局,520-3223,湖南市夏見６３４－２,シマタニ株式会社,,2023-01-01,2028-12-31
薬局,30855-100,しがらき薬局,529-1851,甲賀市信楽町長野４７５－１,有限会社向陽,,2024-01-01,2029-12-31
薬局,30858-100,そらな薬局,520-3301,甲賀市甲南町寺庄１０９８,株式会社レークケア,,2024-01-01,2029-12-31
薬局,30862-100,クオール薬局貴生川店,528-0041,甲賀市水口町虫生野９９６－３０,クオール株式会社,,2024-01-01,2029-12-31
薬局,30863-100,クオール薬局水口店,528-0074,甲賀市水口町松尾７４４－１２６,クオール株式会社,,2024-01-01,2029-12-31
薬局,30864-100,クオール薬局名坂店,528-0035,甲賀市水口町名坂９０,クオール株式会社,,2024-01-01,2029-12-31
薬局,30865-100,クオール薬局伴谷店,528-0064,甲賀市水口町伴中山３８１３－３,クオール株式会社,,2024-01-01,2029-12-31
薬局,30866-100,クオール薬局泉店,528-0058,甲賀市水口町北泉一丁目１２７,クオール株式会社,,2024-01-01,2029-12-31
薬局,30867-100,クオール薬局梅影店,520-3214,湖南市梅影町３－１５,クオール株式会社,,2024-01-01,2029-12-31
薬局,30868-100,クオール薬局甲西店,520-3231,湖南市針２５２－１,クオール株式会社,,2024-01-01,2029-12-31
薬局,30869-100,クオール薬局柑子袋店,520-3233,湖南市柑子袋６０８－４,クオール株式会社,,2024-01-01,2029-12-31
薬局,30885-100,フラワー薬局信楽店,529-1851,甲賀市信楽町長野４７９－１３,株式会社メディカル一光,,2025-09-01,2031-08-31
薬局,30901-100,甲賀れいめい薬局,528-0056,甲賀市水口町泉１３００－４,株式会社レークケア,,2026-01-01,2031-12-31
薬局,30928-100,ユニスマイル薬局　あやの店,528-0033,甲賀市水口町綾野３－３１,株式会社ユニスマイル,,2022-04-01,2027-12-31
薬局,30929-100,ユニスマイル薬局　水口店,528-0031,甲賀市水口町本町二丁目２－４０（１Ｆ）,株式会社ユニスマイル,,2022-04-01,2027-12-31
薬局,30930-100,ユニスマイル薬局　北土山店,528-0211,甲賀市土山町北土山１６７８,株式会社ユニスマイル,,2022-04-01,2027-12-31
薬局,30931-100,フタツカ薬局　湖南店,520-3247,湖南市菩提寺東三丁目６－２０,株式会社ココカラファインヘルスケア,,2022-04-01,2027-12-31
薬局,30934-100,せせらぎ調剤薬局,528-0017,甲賀市水口町京町６－１２,合同会社ハチワレファーマシー,,2022-07-01,2027-12-31
薬局,30935-100,みらい薬局石部,520-3106,湖南市石部中央一丁目３－２４,みらいソリューション株式会社,,2022-06-01,2027-12-31
薬局,30944-100,このはな薬局,528-0234,甲賀市土山町徳原４５６,株式会社サーノシマモト,,2022-11-04,2027-12-31
薬局,30960-100,ユタカ薬局水口的場,528-0020,甲賀市水口町的場１０６,株式会社ユタカファーマシー,,2022-12-06,2027-12-31
薬局,30966-100,サカイ薬局,528-0041,甲賀市水口町虫生野１０３１,,,2024-01-01,2029-12-31
薬局,30968-100,調剤薬局ツルハドラッグ湖南岩根店,520-3252,湖南市岩根４５８０　イオンタウン湖南１階,株式会社ツルハ,,2024-02-01,2029-12-31
薬局,30970-100,けんしん薬局,528-0015,甲賀市水口町松栄３－２４,株式会社メディカルウイングス,,2024-04-01,2029-12-31
薬局,30983-100,あいこうか薬局,528-0074,甲賀市水口町松尾８３０－２,株式会社ウィーズ,,2024-11-01,2029-12-31
薬局,30991-100,レークケア薬局,520-3322,甲賀市甲南町深川２１７６,株式会社レークケア,,2024-12-23,2029-12-31
薬局,30993-100,ユタカ薬局甲南,520-3313,甲賀市甲南町新治２０２７,株式会社ユタカファーマシー,,2025-01-01,2030-12-31
薬局,30997-100,Ｉ＆Ｈ滋賀甲南薬局,520-3321,甲賀市甲南町木１００４－１,株式会社スギ薬局,,2025-03-01,2030-12-31
薬局,30998-100,ユタカ調剤薬局甲西中央,520-3234,湖南市中央一丁目４０－１,株式会社ユタカファーマシー,,2025-04-03,2030-12-31
薬局,31011-100,みんなの薬局,528-0007,甲賀市水口町新城４３２－１,株式会社よりそう,,2025-06-01,2030-12-31
薬局,31015-100,ユタカ薬局甲西,520-3254,湖南市岩根中央三丁目７,株式会社ユタカファーマシー,,2025-09-02,2030-12-31
薬局,31020-100,さつき薬局　野田店,520-3308,甲賀市甲南町野田４５１,株式会社豊盟,,2025-12-03,2030-12-31
薬局,40001-100,カギヤ薬局,527-0012,東近江市八日市本町１３－９,株式会社鎰屋薬局,,2024-01-01,2029-12-31
薬局,40006-100,有限会社能登川薬局片山回天堂,521-1221,東近江市垣見町７８６,有限会社能登川薬局片山回天堂,,2022-01-01,2027-12-31
薬局,40007-100,本庄治良堂薬局,521-1221,東近江市垣見町８００－５,株式会社本庄治良堂,,2024-01-01,2029-12-31
薬局,40018-100,アイ薬局,527-0033,東近江市東沖野三丁目８－７３,,,2023-01-01,2028-12-31
薬局,40244-100,株式会社シガヤクヒン　北里薬局,523-0063,近江八幡市十王町３４６－３,株式会社シガヤクヒン,,2022-01-01,2027-12-31
薬局,40254-100,薬局ケンコーファーマシー,523-0864,近江八幡市為心町元１５,有限会社ケンコー,,2022-01-01,2027-12-31
薬局,40256-100,ツメ薬局,523-0046,近江八幡市上野町２０－１,ツメ薬品株式会社,,2023-01-01,2028-12-31
薬局,40531-100,みやもと薬局,523-0004,近江八幡市西生来町１４２４,,,2022-01-01,2027-12-31
薬局,40541-100,ユタカ調剤薬局　安土,521-1311,近江八幡市安土町下豊浦４７０５－１,株式会社ユタカファーマシー,,2022-01-01,2027-12-31
薬局,40547-100,八幡ますだ薬局,523-0891,近江八幡市鷹飼町南三丁目３－４,有限会社メディテック,,2022-01-01,2027-12-31
薬局,40592-100,有限会社フクチ薬局,521-1341,近江八幡市安土町上豊浦１３８７,有限会社フクチ薬局,,2023-01-01,2028-12-31
薬局,40629-100,ひまわり薬局　近江八幡店,523-0813,近江八幡市西本郷町東６－６,有限会社ひまわり薬局,,2024-01-01,2029-12-31
薬局,40642-100,ファースト薬局,520-2501,蒲生郡竜王町弓削１８２５－２,有限会社メディネット,,2025-01-01,2030-12-31
薬局,40663-100,ふれあい薬局・八日市,527-0039,東近江市青葉町１－４５,株式会社近畿予防医学研究所,,2025-01-01,2030-12-31
薬局,40680-100,マイン薬局,523-0082,近江八幡市土田町２６８－４,有限会社マイン薬局,,2026-01-01,2031-12-31
薬局,40683-100,わたなべ調剤薬局　八日市店,527-0012,東近江市八日市本町２ー７　かわとらビル１Ｆ,株式会社クロスメディック,,2026-01-01,2031-12-31
薬局,40711-100,有限会社丸山薬局,527-0231,東近江市山上町９２３－２,有限会社丸山薬局,,2021-01-01,2026-12-31
薬局,40736-100,つじく薬局,521-1205,東近江市躰光寺町６１０－４,辻九薬品販売株式会社,,2021-01-01,2026-12-31
薬局,40866-100,ファルコ薬局　湖東店,527-0134,東近江市平松町１１０６－１,株式会社ファルコファーマシーズ,,2022-01-01,2027-12-31
薬局,40997-100,カギヤ薬局愛東,527-0162,東近江市妹町１７１－１,有限会社コジマ,,2023-01-01,2028-12-31
薬局,41035-100,きしむら調剤薬局,529-1601,蒲生郡日野町松尾二丁目８８番地３,有限会社きしむら調剤薬局,,2024-01-01,2029-12-31
薬局,41049-100,じゅうおう薬局,523-0063,近江八幡市十王町８２－４,株式会社　ファーマネット,,2024-01-01,2029-12-31
薬局,41080-100,いづつ薬局　篠原店,523-0056,近江八幡市古川町１１９２－７９,有限会社　いづつ薬局,,2025-01-01,2030-12-31
薬局,41081-100,スズキ調剤薬局　能登川店,521-1222,東近江市佐野町３９７－１,スズキ薬局株式会社,,2025-01-01,2030-12-31
薬局,41090-100,フジイ薬局,523-0016,近江八幡市千僧供町２６３－４,フジイ薬局株式会社,,2025-01-01,2030-12-31
薬局,41106-100,ハーモニー薬局・能登川店,521-1221,東近江市垣見町１５９８－２,株式会社ハーモニー・ウェルネス,,2026-01-01,2031-12-31
薬局,41196-100,いちえ薬局,521-1351,近江八幡市安土町常楽寺６０,株式会社ケイファーマ,,2022-01-01,2027-12-31
薬局,41201-100,さくら薬局　東近江佐野店,521-1222,東近江市佐野町１９６,クラフト株式会社,,2022-01-01,2027-12-31
薬局,41203-100,金太郎薬局　東近江店,527-0121,東近江市小池町５３１－１,株式会社ケイング,,2022-01-01,2027-12-31
薬局,41205-100,ユタカ薬局日野,529-1601,蒲生郡日野町松尾９４８－１０,株式会社ユタカファーマシー,,2022-01-01,2027-12-31
薬局,41216-100,いずみ薬局,523-0891,近江八幡市鷹飼町４５０－１２,株式会社いずみ薬局,,2022-01-01,2027-12-31
薬局,41229-100,ユタカ薬局近江八幡,523-0893,近江八幡市桜宮町２００－９,株式会社ユタカファーマシー,,2022-01-01,2027-12-31
薬局,41241-100,さわだ薬局　八日市店,527-0022,東近江市八日市上之町４－２８,株式会社スリーエムコーポレーション,,2023-01-01,2028-12-31
薬局,41267-100,かも調剤薬局,523-0058,近江八幡市加茂町３６６０－６,株式会社メイプル,,2024-01-01,2029-12-31
薬局,41270-100,ユタカ薬局竜王,520-2552,蒲生郡竜王町小口１６６４－１,株式会社ユタカファーマシー,,2024-01-01,2029-12-31
薬局,41288-100,スギ薬局　近江八幡店,523-0894,近江八幡市中村町４９－１３,株式会社スギ薬局,,2024-01-01,2029-12-31
薬局,41295-100,さくらみや薬局,523-0893,近江八幡市桜宮町２９９－１,プラスファーマ株式会社,,2025-01-01,2030-12-31
薬局,41310-100,老蘇薬局,521-1332,近江八幡市安土町東老蘇１１７１－４,有限会社シナプス,,2025-01-01,2030-12-31
薬局,41343-100,ひまわり薬局　わたむき店,529-1601,蒲生郡日野町松尾三丁目１－８,有限会社ひまわり薬局,,2026-01-01,2031-12-31
薬局,41351-100,ウエルシア薬局東近江八日市店,527-0015,東近江市中野町２６９,ウエルシア薬局株式会社,,2026-01-01,2031-12-31
薬局,41354-100,ユタカ薬局八日市,527-0013,東近江市東中野町３１４,株式会社ユタカファーマシー,,2026-01-01,2031-12-31
薬局,41378-100,スマート調剤薬局,527-0174,東近江市大萩町４６,株式会社仁徳,,2021-01-01,2026-12-31
薬局,41410-100,さつき薬局,523-0041,近江八幡市中小森町２７０－２２,有限会社おおつぐ薬局,,2022-01-01,2027-12-31
薬局,41411-100,なの花薬局　近江八幡店,523-0893,近江八幡市桜宮町２１１－５,株式会社なの花西日本,,2022-01-01,2027-12-31
薬局,41415-100,いろは調剤薬局,527-0072,東近江市布引台一丁目９８０－２２,株式会社マーレ薬品,,2022-01-01,2027-12-31
薬局,41420-100,つばさ薬局緑町店,527-0023,東近江市八日市緑町５－２６,有限会社ムラセ薬局,,2022-01-01,2027-12-31
薬局,41422-100,スギ薬局　八日市店,527-0025,東近江市八日市東本町６－４８,株式会社スギ薬局,,2022-01-01,2027-12-31
薬局,41423-100,アイセイ薬局　近江八幡店,523-0033,近江八幡市日吉野町６７３,株式会社アイセイ薬局,,2022-01-01,2027-12-31
薬局,41425-100,ヤクゴ薬局日野店,529-1601,蒲生郡日野町松尾９８８－４,株式会社ファルマスター,,2022-01-01,2027-12-31
薬局,41426-100,ヤクゴ薬局日野おおくぼ店,529-1603,蒲生郡日野町大窪１０１２－４,株式会社ファルマスター,,2022-01-01,2027-12-31
薬局,41427-100,ヤクゴ薬局平田店,527-0085,東近江市下羽田町３０－１,株式会社ファルマスター,,2022-01-01,2027-12-31
薬局,41428-100,ヤクゴ薬局能登川店,521-1223,東近江市猪子町１３１－３,株式会社ファルマスター,,2022-01-01,2027-12-31
薬局,41430-100,ヤクゴ薬局ぶーめらん店,523-0892,近江八幡市出町３０８－１,株式会社ファルマスター,,2022-01-01,2027-12-31
薬局,41434-100,ウエルシア薬局　近江八幡若宮店,523-0037,近江八幡市東町１８７－１,ウエルシア薬局株式会社,,2022-01-01,2027-12-31
薬局,41459-100,クスリのアオキ東近江幸町薬局,527-0031,東近江市幸町１－８,株式会社クスリのアオキ,,2023-01-01,2028-12-31
薬局,41469-100,いちえ薬局　中小森店,523-0041,近江八幡市中小森町３３９－１,株式会社ケイリザルト,,2024-01-01,2029-12-31
薬局,41476-100,スギ薬局　近江八幡北店,523-0828,近江八幡市宮内町１８７,株式会社スギ薬局,,2024-01-01,2029-12-31
薬局,41481-100,クオール薬局桜川店,529-1572,東近江市桜川西町３４０－３７９,クオール株式会社,,2024-01-01,2029-12-31
薬局,41494-100,ユタカ薬局　能登川,521-1224,東近江市林町２３６,株式会社ユタカファーマシー,,2025-01-01,2030-12-31
薬局,41501-100,クスリのアオキ出町薬局,523-0892,近江八幡市出町１８０,株式会社クスリのアオキ,,2025-01-01,2030-12-31
薬局,41503-100,調剤薬局マリーン五個荘店,529-1444,東近江市五個荘石塚町２４,株式会社マーレ薬品,,2025-01-01,2030-12-31
薬局,41504-100,スギ薬局　能登川店,521-1221,東近江市垣見町９７１,株式会社スギ薬局,,2025-01-01,2030-12-31
薬局,41512-100,フラワー薬局湖東店,527-0134,東近江市平松町３０－１,株式会社メディカル一光,,2025-09-01,2031-08-31
薬局,41513-100,フラワー薬局日野店,529-1601,蒲生郡日野町松尾五丁目５８－１,株式会社メディカル一光,,2025-09-01,2031-08-31
薬局,41514-100,フラワー薬局近江八幡店,523-0891,近江八幡市鷹飼町７４３－５,株式会社メディカル一光,,2025-09-01,2031-08-31
薬局,41515-100,キリン堂薬局　近江八幡医療センター前店,523-0082,近江八幡市土田町２９６－１コンフォート・レジデンス１階,株式会社キリン堂,,2025-01-01,2030-12-31
薬局,41523-100,ウエルシア薬局　近江八幡多賀町店,523-0821,近江八幡市多賀町４６０,ウエルシア薬局株式会社,,2026-01-01,2031-12-31
薬局,41533-100,Ｖ・drug　東近江医療センター前薬局,527-0045,東近江市中小路町６３７－３,中部薬品株式会社,,2026-01-01,2031-12-31
薬局,41534-100,すずらん薬局蒲生店,529-1572,東近江市桜川西町８７８,株式会社マーレ薬品,,2026-01-01,2031-12-31
薬局,41537-100,ウエルシア薬局　東近江沖野店,527-0034,東近江市沖野四丁目１－７,ウエルシア薬局株式会社,,2026-01-01,2031-12-31
薬局,41547-100,ゆうなみ薬局,523-0856,近江八幡市音羽町２４－１,株式会社ＳＦＧファーマシー,,2021-01-01,2026-12-31
薬局,41551-100,ウエルシア薬局　近江八幡鷹飼店,523-0891,近江八幡市鷹飼町４５５－１,ウエルシア薬局株式会社,,2021-03-08,2026-12-31
薬局,41560-100,ヤクゴ薬局近江八幡駅南店,523-0813,近江八幡市西本郷町７８番地４,株式会社ファルマスター,,2021-07-08,2026-12-31
薬局,41563-100,ふれあい　さふ谷薬局,529-1551,東近江市宮川町２４４－９０８,株式会社近畿予防医学研究所,,2021-09-01,2026-12-31
薬局,41565-100,スギ薬局　近江八幡南店,523-0891,近江八幡市鷹飼町南三丁目１番地１１,株式会社スギ薬局,,2021-10-14,2026-12-31
薬局,41567-100,やまのうえ薬局,520-2531,蒲生郡竜王町山之上５５７２,有限会社メディネット,,2021-10-01,2026-12-31
薬局,41577-100,かえる薬局　篠原駅前店,523-0045,近江八幡市安養寺町８７４－１,,,2022-03-08,2027-12-31
薬局,41579-100,Ｖ・ｄｒｕｇ　東近江ひよこ薬局,529-1532,東近江市市子松井町１９１－３,中部薬品株式会社,,2022-04-01,2027-12-31
薬局,41585-100,クスリのアオキ安土薬局,521-1311,近江八幡市安土町下豊浦８７１３－１,株式会社クスリのアオキ,,2022-05-01,2027-12-31
薬局,41592-100,近江八幡ゆう薬局,523-0891,近江八幡市鷹飼町５４７－２　きよし堂ビル１階,株式会社京都南調剤薬局,,2022-06-01,2027-12-31
薬局,41605-100,ヤクゴ薬局　まるやま水郷店,523-0805,近江八幡市円山町９２７－７,株式会社ファルマスター,,2022-10-01,2027-12-31
薬局,41606-100,ファースト薬局　八日市店,527-0073,東近江市蛇溝町１２０－３,有限会社メディネット,,2022-10-01,2027-12-31
薬局,41629-100,いちえ薬局八日市緑町店,527-0023,東近江市八日市緑町２８－１,株式会社ケイファーマ,,2023-01-05,2028-12-31
薬局,41636-100,クスリのアオキ日野薬局,529-1601,蒲生郡日野町松尾一丁目１８,株式会社クスリのアオキ,,2023-05-01,2028-12-31
薬局,41643-100,ピーチ薬局,523-0892,近江八幡市出町４１７－１,シマタニ株式会社,,2023-06-16,2028-12-31
薬局,41644-100,りゅうおう薬局,520-2561,蒲生郡竜王町須惠８１４－９８,株式会社ワイファーマ,,2023-06-01,2028-12-31
薬局,41650-100,ウエルシア薬局　東近江市子殿店,529-1537,東近江市市子殿町２４０－２,ウエルシア薬局株式会社,,2023-10-20,2028-12-31
薬局,41654-100,スギ薬局　近江八幡西店,523-0031,近江八幡市堀上町１２７－１,株式会社スギ薬局,,2023-11-23,2028-12-31
薬局,41658-100,スギ薬局　八日市南店,527-0013,東近江市東中野町４－２３,株式会社スギ薬局,,2023-12-21,2028-12-31
薬局,41666-100,いづつ薬局,523-0898,近江八幡市鷹飼町南三丁目４－３,有限会社いづつ薬局,,2024-04-01,2029-12-31
薬局,41669-100,キリン堂薬局　近江八幡店,523-0896,近江八幡市鷹飼町北一丁目８－３,株式会社キリン堂,,2024-05-07,2029-12-31
薬局,41673-100,コストコホールセール東近江倉庫店薬局,527-0045,東近江市中小路町２０１－１,コストコホールセールジャパン株式会社,,2024-07-08,2029-12-31
薬局,41677-100,八日市ゆう薬局,527-0022,東近江市八日市上之町９－２－２,株式会社京都南調剤薬局,,2024-08-05,2029-12-31
薬局,41683-100,クスリのアオキ湖東薬局,527-0113,東近江市池庄町２１３１,株式会社クスリのアオキ,,2024-11-01,2029-12-31
薬局,41685-100,ファーマライズ薬局　キクヤ東本町店,527-0025,東近江市八日市東本町３－１０,ｎｅｘｔ　ＰＨ株式会社,,2024-12-02,2029-12-31
薬局,41686-100,ファーマライズ薬局　キクヤ緑町店,527-0023,東近江市八日市緑町３－１,ｎｅｘｔ　ＰＨ株式会社,,2024-12-02,2029-12-31
薬局,41687-100,ファーマライズ薬局　キクヤ建部店,527-0023,東近江市八日市緑町２－８,ｎｅｘｔ　ＰＨ株式会社,,2024-12-02,2029-12-31
薬局,41688-100,ファーマライズ薬局　キクヤ春日店,527-0033,東近江市東沖野二丁目２－１,ｎｅｘｔ　ＰＨ株式会社,,2024-12-02,2029-12-31
薬局,41689-100,ファーマライズ薬局　キクヤ小脇店,527-0015,東近江市中野町８００－１,ｎｅｘｔ　ＰＨ株式会社,,2024-12-02,2029-12-31
薬局,41690-100,ファーマライズ薬局　キクヤ札の辻店,527-0033,東近江市東沖野四丁目１６－１７,ｎｅｘｔ　ＰＨ株式会社,,2024-12-02,2029-12-31
薬局,41695-100,阪神調剤薬局　東近江店,527-0045,東近江市中小路町４９４－４,株式会社スギ薬局,,2025-03-01,2030-12-31
薬局,41696-100,わかば薬局　神崎店,529-1445,東近江市五個荘清水鼻町１２６－１,シップヘルスケアファーマシー株式会社,,2025-04-01,2031-03-31
薬局,41697-100,あづち薬局,521-1351,近江八幡市安土町常楽寺４１６,株式会社ストレチア,,2025-04-01,2030-12-31
薬局,41698-100,ウエルシア薬局　東近江佐野町店,521-1222,東近江市佐野町６６５－１,ウエルシア薬局株式会社,,2025-03-24,2030-12-31
薬局,41718-100,イオン薬局近江八幡店,523-0898,近江八幡市鷹飼町南三丁目７　イオン近江八幡店２階,イオンリテール株式会社,,2025-08-04,2030-12-31
薬局,41725-100,ひのき薬局,529-1644,蒲生郡日野町内池３７１,株式会社ＨＡＰ,,2025-11-05,2030-12-31
薬局,41728-100,みやもと薬局長田町店,523-0811,近江八幡市長田町１２６８－３,株式会社みやもと薬局,,2025-12-01,2030-12-31
薬局,41729-100,ユタカ薬局能登川佐野,521-1222,東近江市佐野町１９８－１,株式会社ユタカファーマシー,,2025-12-05,2030-12-31
薬局,41737-100,やすらぎ薬局　近江八幡店,523-0891,近江八幡市鷹飼町１５０４－１,株式会社アルファメデイックス,,2026-02-01,2031-12-31
薬局,41739-100,キリン堂薬局　近江八幡西店,523-0082,近江八幡市土田町１３９６－１,株式会社キリン堂,,2026-03-01,2031-12-31
薬局,41741-100,Ｖ・ｄｒｕｇ　東近江東今崎薬局,527-0037,東近江市東今崎町１－７,中部薬品株式会社,,2026-03-16,2031-12-31
薬局,60003-100,有限会社丁子屋薬局,522-0088,彦根市銀座町４－１８,有限会社丁子屋薬局,,2024-01-01,2029-12-31
薬局,60021-100,吉坂薬局,522-0064,彦根市本町二丁目２－４,,,2024-01-01,2029-12-31
薬局,60023-100,有川薬局,522-0004,彦根市鳥居本町４２５,,,2022-01-01,2027-12-31
薬局,60028-100,ぷるす調剤薬局,522-0054,彦根市西今町４１９－１,有限会社勇樹企画,,2023-01-01,2028-12-31
薬局,60034-100,大丸屋薬局,522-0201,彦根市高宮町１８９０,,,2023-01-01,2028-12-31
薬局,60040-100,山口大学堂薬局,522-0341,犬上郡多賀町多賀６４４,,,2024-01-01,2029-12-31
薬局,60043-100,すみれ調剤薬局,522-0023,彦根市原町８５０－２６６,株式会社原町薬局,,2024-01-01,2029-12-31
薬局,60354-100,キリン堂薬局　南彦根店,522-0054,彦根市西今町４３５－１,株式会社キリン堂,,2024-01-01,2029-12-31
薬局,60381-100,のぞみ調剤薬局,522-0087,彦根市芹橋二丁目９－１１,有限会社シナプス,,2022-01-01,2027-12-31
薬局,60391-100,調剤薬局　明治,522-0084,彦根市橋向町４３,,,2022-01-01,2027-12-31
薬局,60432-100,河瀬調剤薬局,529-1156,彦根市清崎町２９２－１,有限会社シナプス,,2024-01-01,2029-12-31
薬局,60437-100,青楓堂薬局,522-0087,彦根市芹橋一丁目１－３４,,,2024-01-01,2029-12-31
薬局,60443-100,ひまわり調剤薬局,522-0064,彦根市本町一丁目４－２３,有限会社ひまわり調剤薬局,,2024-01-01,2029-12-31
薬局,60462-100,渡辺薬局,522-0089,彦根市錦町２－１４,,,2024-01-01,2029-12-31
薬局,60495-100,めぐみ薬局　日夏店,522-0047,彦根市日夏町３６６１ー５,有限会社シナプス,,2025-01-01,2030-12-31
薬局,60497-100,花しょうぶ調剤薬局,522-0083,彦根市河原二丁目２－７,,,2026-01-01,2031-12-31
薬局,60512-100,彦根かいえ薬局,522-0056,彦根市開出今町１５２４ー４,株式会社彦薬,,2026-01-01,2031-12-31
薬局,60548-100,わかば薬局,522-0047,彦根市日夏町１８７５－２８,,,2021-01-01,2026-12-31
薬局,60568-100,疋田調剤薬局,521-1123,彦根市肥田町９８１－２,株式会社疋田薬房,,2022-01-01,2027-12-31
薬局,60615-100,のぞみ薬局　愛知川店,529-1315,愛知郡愛荘町沓掛３８６－５,有限会社シナプス,,2023-01-01,2028-12-31
薬局,60791-100,いなえ澁谷薬局,521-1143,彦根市上西川町３８５－３,株式会社薬膳企画,,2025-01-01,2030-12-31
薬局,60804-100,せり薬局,522-0086,彦根市後三条町６４５,株式会社原町薬局,,2025-01-01,2030-12-31
薬局,60805-100,わたなべ調剤薬局　彦根店,522-0029,彦根市地蔵町１９０－７,株式会社クロスメディック,,2025-01-01,2030-12-31
薬局,60806-100,リリー薬局,522-0043,彦根市小泉町１０６－１　ウイルライフ南彦根１０５,,,2025-01-01,2030-12-31
薬局,60809-100,野の花薬局,522-0067,彦根市長曽根町５－２６－５,,,2025-01-01,2030-12-31
薬局,60839-100,スギ薬局　彦根西今店,522-0054,彦根市西今町９５２－３,株式会社スギ薬局,,2026-01-01,2031-12-31
薬局,60840-100,スギ薬局　南彦根店,522-0043,彦根市小泉町１０６－１０,株式会社スギ薬局,,2026-01-01,2031-12-31
薬局,60880-100,後三条ハッピー薬局,522-0086,彦根市後三条町４９５－３－１Ｆ,株式会社岡建産,,2021-01-01,2026-12-31
薬局,60881-100,ヤマグチ薬局　彦根野瀬店,522-0055,彦根市野瀬町２４－１,株式会社ヤマグチ薬局,,2021-01-01,2026-12-31
薬局,60906-100,ユタカ薬局　彦根南,522-0055,彦根市野瀬町１５４－１,株式会社ユタカファーマシー,,2022-01-01,2027-12-31
薬局,60922-100,さん調剤薬局,522-0042,彦根市戸賀町３８－４,,,2022-01-01,2027-12-31
薬局,60923-100,ふれあい薬局・彦根駅前,522-0010,彦根市駅東町１５－１　近江鉄道ビル,株式会社近畿予防医学研究所,,2022-01-01,2027-12-31
薬局,60932-100,たかみや薬局,522-0201,彦根市高宮町２９４１－１８,株式会社ノースメディック,,2022-01-01,2027-12-31
薬局,60937-100,森野成蹊堂薬局,529-1303,愛知郡愛荘町長野１９５９,,,2022-01-01,2027-12-31
薬局,60955-100,ツタ薬局　愛荘店,529-1313,愛知郡愛荘町市９１６－４,株式会社サン・アイビー,,2023-01-01,2028-12-31
薬局,60988-100,スギ薬局　河瀬店,522-0223,彦根市川瀬馬場町１０８０－１,株式会社スギ薬局,,2024-01-01,2029-12-31
薬局,61008-100,きずな薬局,522-0053,彦根市大藪町２０３５－６,株式会社キズナファーマシー,,2025-01-01,2030-12-31
薬局,61031-100,彦根ハッピー薬局,522-0074,彦根市大東町２－３０　ＳＡＮＧＯビル1階,株式会社岡建産,,2026-01-01,2031-12-31
薬局,61033-100,ユタカ調剤薬局日夏,522-0047,彦根市日夏町３６９６,株式会社ユタカファーマシー,,2026-01-01,2031-12-31
薬局,61036-100,ふれあい回天堂薬局,529-1169,犬上郡豊郷町石畑２０４－５,株式会社近畿予防医学研究所,,2026-01-01,2031-12-31
薬局,61046-100,のぞみ薬局　東沼波店,522-0027,彦根市東沼波町１０１８,有限会社シナプス,,2026-01-01,2031-12-31
薬局,61054-100,スギ薬局　稲枝店,521-1124,彦根市野良田町３１１,株式会社スギ薬局,,2026-01-01,2031-12-31
薬局,61067-100,さくら薬局　彦根川瀬馬場店,522-0223,彦根市川瀬馬場町１０８２－４,クラフト株式会社,,2021-01-01,2026-12-31
薬局,61073-100,そうごう薬局彦根日夏店,522-0047,彦根市日夏町２８８１－１,総合メディカル株式会社,,2021-01-01,2026-12-31
薬局,61095-100,ツタ薬局　彦根店,522-0033,彦根市芹川町４７２－１７,カワテイノベーション株式会社,,2022-01-01,2027-12-31
薬局,61100-100,すずらん薬局,522-0054,彦根市西今町１３８－１１,株式会社近畿予防医学研究所,,2022-01-01,2027-12-31
薬局,61107-100,クスリのアオキ西今薬局,522-0054,彦根市西今町３１４－１,株式会社クスリのアオキ,,2022-01-01,2027-12-31
薬局,61114-100,ヤクゴ薬局豊郷店,529-1168,犬上郡豊郷町八目１９－２,株式会社ファルマスター,,2022-01-01,2027-12-31
薬局,61115-100,ヤクゴ薬局豊郷フラワー店,529-1169,犬上郡豊郷町石畑２１３－３,株式会社ファルマスター,,2022-01-01,2027-12-31
薬局,61116-100,ヤクゴ薬局南豊郷店,529-1174,犬上郡豊郷町下枝２３－７,株式会社ファルマスター,,2022-01-01,2027-12-31
薬局,61117-100,ヤクゴ薬局彦根店,522-0054,彦根市西今町１１３１－１７,株式会社ファルマスター,,2022-01-01,2027-12-31
薬局,61130-100,キリン堂薬局　彦根市立病院前店,522-0056,彦根市開出今町１７３３－５－１１０,株式会社キリン堂,,2023-01-01,2028-12-31
薬局,61144-100,スギ薬局　彦根中央店,522-0039,彦根市和田町４７－２,株式会社スギ薬局,,2023-01-01,2028-12-31
薬局,61170-100,クオール薬局彦根店,522-0056,彦根市開出今町１７３３－５－１０１,クオール株式会社,,2024-01-01,2029-12-31
薬局,61178-100,スマイルひこね薬局,522-0002,彦根市松原町３６１４,株式会社ファルマリンク,,2025-01-01,2030-12-31
薬局,61179-100,クスリのアオキ彦根駅前薬局,522-0074,彦根市大東町７－３０,株式会社クスリのアオキ,,2025-01-01,2030-12-31
薬局,61193-100,トマト調剤薬局,522-0074,彦根市大東町１４－４,,,2026-01-01,2031-12-31
薬局,61201-100,ユタカ薬局　彦根高宮,522-0201,彦根市高宮町１５５８,株式会社ユタカファーマシー,,2021-01-08,2026-12-31
薬局,61218-100,ひなつ薬局,522-0047,彦根市日夏町６７０－１,,,2021-12-06,2026-12-31
薬局,61222-100,松原調剤薬局,522-0002,彦根市松原町１８９２－２－２,株式会社オリザ,,2022-02-01,2027-12-31
薬局,61256-100,さつき調剤薬局,522-0201,彦根市高宮町１７９３－１,,,2023-03-31,2028-12-31
薬局,61268-100,キリン堂薬局　彦根後三条店,522-0086,彦根市後三条町６３１,株式会社キリン堂,,2023-11-01,2028-12-31
薬局,61272-100,春日薬局　賀田山店,529-1155,彦根市賀田山町１４１０－４,株式会社Ｐｓ,,2023-12-01,2028-12-31
薬局,61289-100,アピス薬局　彦根店,522-0063,彦根市中央町３－５５,株式会社ウィーズ,,2024-06-01,2029-12-31
薬局,61290-100,アピス薬局　稲枝店,521-1104,彦根市出路町３５１－１,株式会社ウィーズ,,2024-06-01,2029-12-31
薬局,61291-100,アピス薬局　沼波店,522-0038,彦根市西沼波町２６９－２３,株式会社ウィーズ,,2024-06-01,2029-12-31
薬局,61305-100,ファーマライズ薬局　キクヤ愛知川店,529-1331,愛知郡愛荘町愛知川１５３５－４,ｎｅｘｔ　ＰＨ株式会社,,2024-12-02,2029-12-31
薬局,61307-100,阪神調剤薬局　南彦根店,522-0054,彦根市西今町２１－１,株式会社スギ薬局,,2025-03-01,2030-12-31
薬局,61308-100,つづく薬局,522-0222,彦根市南川瀬町１４８０－３７,有限会社クローバー薬局,,2025-03-15,2030-12-31
薬局,61320-100,いちえ薬局甲良店,522-0242,犬上郡甲良町尼子２００８－１,株式会社ケイファーマ,,2025-09-30,2030-12-31
薬局,61325-100,阪神調剤薬局　彦根北店,522-0056,彦根市開出今町１７１６－６,株式会社スギ薬局,,2026-01-01,2031-12-31
薬局,61327-100,ともちか薬局,522-0063,彦根市中央町１－１８,株式会社ＴＺＯ　Ｌｉｎｋ,,2026-01-28,2031-12-31
薬局,61331-100,彦根調剤薬局,522-0007,彦根市古沢町２５５－１　イオンタウン彦根１階,株式会社セレネファーマシー,,2026-03-31,2031-12-31
薬局,61332-100,のぞみ薬局　旭町店,522-0073,彦根市旭町５－２,有限会社シナプス,,2026-03-26,2031-12-31
薬局,70006-100,久保薬局,521-0314,米原市春照１１２１－２,,,2024-01-01,2029-12-31
薬局,70022-100,スマイル薬局,526-0831,長浜市宮司町１０９６－１２,有限会社スマイルメディカル,,2024-01-01,2029-12-31
薬局,70272-100,漢方の本陣薬局,529-0425,長浜市木之本町木之本１５７７　望月ビル１Ｆ,有限会社本陣薬局,,2022-01-01,2027-12-31
薬局,70411-100,長生堂薬局,526-0024,長浜市三ツ矢元町４－２８,有限会社長生堂,,2023-01-01,2028-12-31
薬局,70454-100,ふれあい薬局・八幡中山,526-0021,長浜市八幡中山町８０２,株式会社 近畿予防医学研究所,,2024-01-01,2029-12-31
薬局,70480-100,ふれあい薬局・大戌亥,526-0043,長浜市大戌亥町７３８－７,株式会社 近畿予防医学研究所,,2025-01-01,2030-12-31
薬局,70499-100,タケシタ薬局六荘店,526-0042,長浜市勝町２１－１,有限会社くすりのタケシタ,,2025-01-01,2030-12-31
薬局,70671-100,スマイル平方薬局,526-0033,長浜市平方町１１８８,有限会社スマイルメディカル,,2023-01-01,2028-12-31
薬局,70734-100,くるみ調剤薬局,529-0142,長浜市田町６２－１,株式会社ケアネット,,2024-01-01,2029-12-31
薬局,70751-100,ヤマグチ薬局　米原入江店,521-0003,米原市入江１６７３－２,株式会社ヤマグチ薬局,,2025-01-01,2030-12-31
薬局,70781-100,たんぽぽ薬局木之本店,529-0426,長浜市木之本町黒田１０９０－１,たんぽぽ薬局株式会社,,2026-01-01,2031-12-31
薬局,70783-100,ユタカ薬局　木之本,529-0426,長浜市木之本町黒田１０７５－１,株式会社ユタカファーマシー,,2026-01-01,2031-12-31
薬局,70791-100,たんぽぽ薬局　長浜店,526-0043,長浜市大戌亥町２５５,たんぽぽ薬局株式会社,,2026-01-01,2031-12-31
薬局,70799-100,ユタカ薬局　長浜八幡中山,526-0021,長浜市八幡中山町５０３,株式会社ユタカファーマシー,,2026-01-01,2031-12-31
薬局,70807-100,ワカモリ薬局,526-0845,長浜市小堀町８０－４,有限会社　ワカモリ薬局,,2026-01-01,2031-12-31
薬局,70810-100,スギ薬局　滋賀高月店,529-0261,長浜市高月町東物部１２４－１,株式会社　スギ薬局,,2026-01-01,2031-12-31
薬局,70812-100,スギ薬局　長浜インター店,526-0014,長浜市口分田町４６６,株式会社　スギ薬局,,2026-01-01,2031-12-31
薬局,70829-100,ふれあい薬局・とらひめ,529-0113,長浜市大井町１８６－２,株式会社近畿予防医学研究所,,2021-01-01,2026-12-31
薬局,70838-100,ヤマグチ薬局　列見町店,526-0062,長浜市列見町４０－７,株式会社ヤマグチ薬局,,2021-01-01,2026-12-31
薬局,70861-100,つばさ薬局,529-0425,長浜市木之本町木之本２０１５　生活館内,株式会社ドリームファーマシーズ,,2022-01-01,2027-12-31
薬局,70868-100,さくら薬局　長浜川道店,526-0111,長浜市川道町５１３－５,クラフト株式会社,,2022-01-01,2027-12-31
薬局,70869-100,そよかぜ薬局,529-0112,長浜市宮部町３０２９－２,クラフト株式会社,,2022-01-01,2027-12-31
薬局,70870-100,さくら薬局　長浜宮前店,526-0053,長浜市宮前町６－１７,クラフト株式会社,,2022-01-01,2027-12-31
薬局,70871-100,さくら薬局　長浜元浜店,526-0059,長浜市元浜町３１－１５,クラフト株式会社,,2022-01-01,2027-12-31
薬局,70872-100,さくら薬局　長浜下坂店,526-0044,長浜市下坂中町２２７－４,クラフト株式会社,,2022-01-01,2027-12-31
薬局,70877-100,いるか薬局寺田店,526-0045,長浜市寺田町２４７－１,株式会社ムーンファーマシーズ,,2022-01-01,2027-12-31
薬局,70894-100,イオン薬局長浜店,526-0847,長浜市山階町２７１－１　イオン長浜店１Ｆ,イオンリテール株式会社,,2023-01-01,2028-12-31
薬局,70910-100,どんぐり薬局,526-0021,長浜市八幡中山町３１８－４１,株式会社チェックポイント,,2024-01-01,2029-12-31
薬局,70918-100,ユタカ調剤薬局近江,521-0073,米原市箕浦３６６－３,株式会社ユタカファーマシー,,2024-01-01,2029-12-31
薬局,70942-100,スギ薬局　長浜店,526-0025,長浜市分木町４－２９,株式会社スギ薬局,,2025-01-01,2030-12-31
薬局,70944-100,スギ薬局　近江店,521-0073,米原市箕浦３６１－３,株式会社スギ薬局,,2025-01-01,2030-12-31
薬局,70948-100,ふれあい薬局・こほく,529-0341,長浜市湖北町速水２４６－３,株式会社近畿予防医学研究所,,2025-01-01,2030-12-31
薬局,70955-100,くぼ薬局,521-0314,米原市春照１３０－３,合同会社伊吹メディカルサプライ,,2026-01-01,2031-12-31
薬局,70958-100,すこやか薬局・長浜,526-0034,長浜市弥高町１８０,株式会社近畿予防医学研究所,,2026-01-01,2031-12-31
薬局,70964-100,みよし調剤薬局,521-0023,米原市三吉５５６,セグエ株式会社,,2026-01-01,2031-12-31
薬局,70968-100,そうごう薬局　長浜店,529-0354,長浜市湖北町山本１２０２,総合メディカル株式会社,,2021-01-01,2026-12-31
薬局,70974-100,長生堂薬局　速水店,529-0341,長浜市湖北町速水２８１６,株式会社ログアップ,,2021-01-01,2026-12-31
薬局,70979-100,クスリのアオキ宮司薬局,526-0831,長浜市宮司町６７７,株式会社クスリのアオキ,,2021-01-01,2026-12-31
薬局,70981-100,近江ローズ薬局,521-0072,米原市顔戸４３０－４,株式会社ミルキーマリーンホールディングス,,2021-01-01,2026-12-31
薬局,70986-100,どんぐり薬局近江店,521-0083,米原市新庄７７－２,株式会社チェックポイント,,2021-01-01,2026-12-31
薬局,71029-100,ユタカ薬局長浜,526-0033,長浜市平方町３７５－４,株式会社ユタカファーマシー,,2022-01-01,2027-12-31
薬局,71044-100,エン薬局　長浜風の街店,526-0021,長浜市八幡中山町３６１　風の街キャンスシティ２内,株式会社アクシスト,,2023-01-01,2028-12-31
薬局,71054-100,タケシタ薬局,521-0016,米原市下多良一丁目５９,有限会社くすりのタケシタ,,2024-01-01,2029-12-31
薬局,71065-100,イズミヤ調剤薬局,526-0031,長浜市八幡東町９－１,株式会社いずみや商店,,2024-01-01,2029-12-31
薬局,71066-100,ほたるの薬局上坂,526-0802,長浜市東上坂町１０１０－２,株式会社ウィルウェスト,,2024-01-01,2029-12-31
薬局,71072-100,アイン薬局　木之本店,529-0426,長浜市木之本町黒田１０８６－５,株式会社アインファーマシーズ,,2024-01-01,2029-12-31
薬局,71074-100,ふれあい長浜調剤薬局,526-0052,長浜市神前町９－３５,株式会社近畿予防医学研究所,,2024-01-01,2029-12-31
薬局,71078-100,スギ薬局　木之本店,529-0425,長浜市木之本町木之本１５８６－４,株式会社スギ薬局,,2025-01-01,2030-12-31
薬局,71081-100,にしあざい調剤薬局,529-0721,長浜市西浅井町大浦２５９０,有限会社グッドライフ,,2025-01-01,2030-12-31
薬局,71083-100,そうごう薬局　高月店,529-0241,長浜市高月町高月２９１,総合メディカル株式会社,,2025-01-01,2030-12-31
薬局,71087-100,ファーマライズ薬局　元浜町店,526-0059,長浜市元浜町２９－５,ファーマライズ株式会社,,2025-01-01,2030-12-31
薬局,71089-100,ファーマライズ薬局　長浜七条店,526-0817,長浜市七条町１０２６－４,ファーマライズ株式会社,,2025-01-01,2030-12-31
薬局,71114-100,キリン堂調剤薬局　長浜店,526-0043,長浜市大戌亥町２５４－１,株式会社キリン堂,,2026-01-01,2031-12-31
薬局,71117-100,ヤマグチ薬局　内保店,526-0244,長浜市内保町７４０－５,株式会社ヤマグチ薬局,,2026-01-01,2031-12-31
薬局,71119-100,クスリのアオキ平方薬局,526-0033,長浜市平方町３２８,株式会社クスリのアオキ,,2026-01-01,2031-12-31
薬局,71128-100,ふれあい薬局・みやし,526-0831,長浜市宮司町１０８６－３,株式会社近畿予防医学研究所,,2026-01-01,2031-12-31
薬局,71136-100,ほたるの薬局,526-0203,長浜市野瀬町８３４－１,株式会社ウィルウェスト,,2021-01-01,2026-12-31
薬局,71145-100,スギ薬局　高田店,526-0037,長浜市高田町１１－３３,株式会社スギ薬局,,2021-05-16,2026-12-31
薬局,71146-100,クスリのアオキ神照薬局,526-0015,長浜市神照町９３１,株式会社クスリのアオキ,,2021-06-01,2026-12-31
薬局,71148-100,はごろも薬局,529-0515,長浜市余呉町中之郷１１５８,合同会社ＮＡＵ,,2021-07-01,2026-12-31
薬局,71160-100,コスモス調剤薬局　八幡中山店,526-0021,長浜市八幡中山町３０５－４,株式会社コスモス薬品,,2021-12-27,2026-12-31
薬局,71164-100,ユタカ薬局長浜宮司,526-0831,長浜市宮司町１２００,株式会社ユタカファーマシー,,2022-03-07,2027-12-31
薬局,71174-100,クスリのアオキ浅井薬局,526-0244,長浜市内保町２７０９－１,株式会社クスリのアオキ,,2022-07-01,2027-12-31
薬局,71175-100,スギ薬局　在宅調剤センター高田店,526-0037,長浜市高田町１１－３３,株式会社スギ薬局,,2022-07-06,2027-12-31
薬局,71176-100,クスリのアオキ虎姫薬局,529-0141,長浜市五村２０９－１,株式会社クスリのアオキ,,2022-08-01,2027-12-31
薬局,71197-100,スギ薬局　長浜南店,526-0042,長浜市勝町１０５,株式会社スギ薬局,,2023-04-20,2028-12-31
薬局,71206-100,ユタカ薬局３６５,521-0236,米原市間田５０６－２,株式会社ユタカファーマシー,,2023-06-23,2028-12-31
薬局,71207-100,ユタカ薬局浅井,526-0242,長浜市三田町１７４４－１,株式会社ユタカファーマシー,,2023-06-23,2028-12-31
薬局,71209-100,うぃんぐ薬局,521-0234,米原市井之口１８１,株式会社Ｐｒｏ,,2023-06-27,2028-12-31
薬局,71210-100,ユタカ薬局長浜祇園,526-0061,長浜市祇園町２１,株式会社ユタカファーマシー,,2023-08-01,2028-12-31
薬局,71238-100,どんぐり薬局中山店,526-0025,長浜市分木町２－１７,株式会社チェックポイント,,2024-07-30,2029-12-31
薬局,71240-100,ユタカ薬局高月,529-0241,長浜市高月町高月９１０－１,株式会社ユタカファーマシー,,2024-09-02,2029-12-31
薬局,71242-100,長浜調剤薬局,526-0021,長浜市八幡中山町３９４,株式会社セレネファーマシー,,2024-09-01,2029-12-31
薬局,71244-100,クオール薬局長浜高月店,529-0233,長浜市高月町渡岸寺１５３－７,クオール株式会社,,2024-11-01,2029-12-31
薬局,71246-100,ニカ薬局　長浜店,526-0021,長浜市八幡中山町３０５－６－１０２,株式会社ニカスト,,2024-11-01,2029-12-31
薬局,71250-100,ユタカ薬局米原下多良,521-0016,米原市下多良二丁目５６,株式会社ユタカファーマシー,,2024-12-05,2029-12-31
薬局,71253-100,ケアリア調剤薬局,526-0043,長浜市大戌亥町２８８－５,株式会社ケアリアプラス,,2025-03-01,2030-12-31
薬局,71254-100,阪神調剤薬局　長浜店,526-0052,長浜市神前町９－３７,株式会社スギ薬局,,2025-03-01,2030-12-31
薬局,71255-100,春日薬局　米原店,521-0013,米原市梅ケ原１４１３－１,株式会社Ｐｓ,,2025-02-25,2030-12-31
薬局,90172-100,株式会社ルックドイ薬局　安曇川店,520-1214,高島市安曇川町末広三丁目１８,株式会社　ルックドイ薬局,,2023-01-01,2028-12-31
薬局,90202-100,ひかり薬局,520-1501,高島市新旭町旭１０６７ー２,有限会社ウィズ・ピース,,2024-01-01,2029-12-31
薬局,90203-100,たんぽぽ薬局高島店,520-1121,高島市勝野２２４０－１,たんぽぽ薬局株式会社,,2024-01-01,2029-12-31
薬局,90212-100,ケーエーシー薬局,520-1605,高島市今津町南新保１６５番地,有限会社ケーエーシー,,2025-01-01,2030-12-31
薬局,90223-100,有限会社今井薬局　駅前店,520-1631,高島市今津町名小路一丁目３－７,有限会社今井薬局,,2026-01-01,2031-12-31
薬局,90228-100,つくし薬局　新旭店,520-1532,高島市新旭町熊野本一丁目１－１６,有限会社つくし薬局,,2021-01-01,2026-12-31
薬局,90244-100,株式会社戸井薬局今津駅前店,520-1622,高島市今津町中沼二丁目１－２,株式会社戸井薬局,,2022-01-01,2027-12-31
薬局,90299-100,ふれあい薬局・今津,520-1621,高島市今津町今津１５０４－４,株式会社近畿予防医学研究所,,2024-01-01,2029-12-31
薬局,90310-100,フタバ薬局新旭店,520-1501,高島市新旭町旭１０３０－３,株式会社フタバ,,2025-01-01,2030-12-31
薬局,90338-100,りんご薬局,520-1632,高島市今津町桜町一丁目７－９,株式会社りんご,,2022-01-01,2027-12-31
薬局,90339-100,たかひげ調剤薬局,520-1501,高島市新旭町旭７１１－１,株式会社マーレ薬品,,2023-01-01,2028-12-31
薬局,90344-100,千寿堂薬局,520-1214,高島市安曇川町末広三丁目２３－２,有限会社コスモメディカル,,2024-01-01,2029-12-31
薬局,90345-100,たんぽぽ薬局　新高島店,520-1121,高島市勝野２２５４－２８,たんぽぽ薬局株式会社,,2024-01-01,2029-12-31
薬局,90350-100,琵琶湖さざなみ薬局,520-1121,高島市勝野１９９－７,株式会社愛知メディックス,,2024-01-01,2029-12-31
薬局,90361-100,めぐみ薬局　新旭店,520-1532,高島市新旭町熊野本一丁目６－１１,株式会社恵,,2025-01-01,2030-12-31
薬局,90365-100,共創未来　高島薬局,520-1823,高島市マキノ町中庄４７３－９１,株式会社ファーマみらい,,2025-01-01,2030-12-31
薬局,90388-100,ユタカ薬局　安曇川,520-1212,高島市安曇川町西万木429,株式会社ユタカファーマシー,,2023-01-01,2028-12-31
薬局,90394-100,ウエルシア薬局　高島新旭店,520-1501,高島市新旭町旭６１０－１,ウエルシア薬局株式会社,,2025-01-01,2030-12-31
薬局,90398-100,ドリーム薬局　安曇川店,520-1212,高島市安曇川町西万木１２６４－３,有限会社未来,,2025-01-01,2030-12-31
薬局,90401-100,ふれあい薬局・高島,520-1121,高島市勝野２２４６－４,株式会社近畿予防医学研究所,,2025-01-01,2030-12-31
薬局,90411-100,みつばち調剤薬局,520-1216,高島市安曇川町中央二丁目３－１４,株式会社スリーエム,,2021-02-01,2026-12-31
薬局,90424-100,とうじゅ薬局,520-1501,高島市新旭町旭一丁目８－５　エスパ１階,株式会社メディカルシーズン,,2022-08-01,2027-12-31
薬局,90434-100,調剤薬局マリーンマキノ病院前店,520-1823,高島市マキノ町中庄４７３－１３１,株式会社アテナファーマシー,,2024-02-01,2029-12-31
薬局,90447-100,戸井薬局,520-1533,高島市新旭町安井川１２５２－１,株式会社　ルックドイ薬局,,2026-01-21,2031-12-31
薬局,90449-100,とうじゅ薬局,520-1216,高島市安曇川町中央三丁目１番２７,株式会社メディカルシーズン,,2026-04-27,2031-12-31
店舗販売業,20127-350,平和堂薬品　アル・プラザ守山,524-0012,守山市播磨田町１８５－１,株式会社平和堂,,2021-01-01,2026-12-31
店舗販売業,20148-350,セイシンドー,525-0066,草津市矢橋町２３－９３,,,2022-01-01,2027-12-31
店舗販売業,20805-350,Ｂｅａｕｔｙ Ｒｏａｄ　アル・プラザ野洲,520-2331,野洲市小篠原１０００,株式会社平和堂,,2023-01-01,2028-12-31
店舗販売業,20846-350,ドラッグユタカ　守山店,524-0044,守山市古高町３８４,株式会社ユタカファーマシー,,2021-01-01,2026-12-31
店舗販売業,20849-350,クスリキリン堂　栗東店,520-3035,栗東市霊仙寺三丁目２－２９,株式会社キリン堂,,2021-01-01,2026-12-31
店舗販売業,20911-350,平和堂薬品　くさつ平和堂,525-0032,草津市大路一丁目１０－２７　くさつ平和堂地下１階内,株式会社平和堂,,2021-01-01,2026-12-31
店舗販売業,20922-350,Ｂｅａｕｔｙ　Ｒｏａｄ　アル・プラザ草津,525-0025,草津市西渋川一丁目２３－３０　アルプラザ草津１階内,株式会社平和堂,,2021-01-01,2026-12-31
店舗販売業,20937-350,クスリキリン堂　守山梅田店,524-0037,守山市梅田町１１－１９,株式会社キリン堂,,2021-01-01,2026-12-31
店舗販売業,20945-350,ココカラファイン　フェリエ南草津店,525-0055,草津市野路一丁目１５－５　フェリエ南草津内１階,株式会社ココカラファイン　ヘルスケア,,2021-01-01,2026-12-31
店舗販売業,20957-350,小島薬店,524-0022,守山市守山一丁目９－５,有限会社こじま,,2024-01-01,2029-12-31
店舗販売業,20989-350,ＨＥｉＷＡドラッグ　アル・プラザ栗東,520-3031,栗東市綣二丁目３－２２　アルプラザ栗東１階内,株式会社平和堂,,2021-01-01,2026-12-31
店舗販売業,21362-350,松喬堂,520-2331,野洲市小篠原１９９２－７　大生ビルⅡ１０３,,,2024-01-01,2029-12-31
店舗販売業,21388-350,クスリキリン堂　守山播磨田店,524-0012,守山市播磨田町３０６３,株式会社キリン堂,,2021-01-01,2026-12-31
店舗販売業,21450-350,クスリキリン堂　草津追分店,525-0048,草津市追分南六丁目１－６,株式会社キリン堂,,2021-01-01,2026-12-31
店舗販売業,21460-350,ドラッグユタカ　志津東草津店,525-0047,草津市追分一丁目３－３０,株式会社ユタカファーマシー,,2022-01-01,2027-12-31
店舗販売業,21474-350,ココカラファイン　ガーデンシティ草津店,525-0032,草津市大路一丁目１－１　エルティ９３２＆ガーデンシティ草津２階,株式会社ココカラファイン　ヘルスケア,,2021-01-01,2026-12-31
店舗販売業,21483-350,クスリキリン堂　守山水保店,524-0102,守山市水保町１２６７,株式会社キリン堂,,2021-01-01,2026-12-31
店舗販売業,21512-350,ドラッグユタカ　栗東高野店,520-3045,栗東市高野６２０－１,株式会社ユタカファーマシー,,2021-01-01,2026-12-31
店舗販売業,21628-350,ドラッグユタカ　西草津店,525-0028,草津市上笠二丁目３３－１２,株式会社ユタカファーマシー,,2022-01-01,2027-12-31
店舗販売業,21632-350,Ｋａｍｐｏ　Ｓａｌｏｎ　Ｆｌｏｒａ,525-0059,草津市野路一丁目１４－３８　サンマール南草津３０３,株式会社ＦＬＯＲＡ,,2024-01-01,2029-12-31
店舗販売業,21675-350,西友野洲店　薬売場,520-2362,野洲市市三宅１０１３,株式会社西友,,2021-01-01,2026-12-31
店舗販売業,21682-350,株式会社薬舗たんぽぽ,520-3015,栗東市安養寺二丁目５－１５,株式会社薬舗たんぽぽ,,2021-01-01,2026-12-31
店舗販売業,21728-350,クスリキリン堂　野洲店,520-2353,野洲市久野部１４９－１,株式会社キリン堂,,2022-01-01,2027-12-31
店舗販売業,21760-350,西友南草津店　薬売場,525-0055,草津市野路一丁目１３－３６,株式会社西友,,2022-01-01,2027-12-31
店舗販売業,21775-350,なかたに薬店,525-0005,草津市志那町９１６,,,2023-01-01,2028-12-31
店舗販売業,21777-350,健康相談にこにこ堂,525-0053,草津市矢倉一丁目５－３３,有限会社にこにこ堂,,2023-01-01,2028-12-31
店舗販売業,21815-350,ザ・ビッグエクストラ野洲店ドラッグ,520-2435,野洲市乙窪４８０－１,イオンビッグ株式会社,,2023-01-01,2028-12-31
店舗販売業,21889-350,野洲行畑薬店,520-2341,野洲市行畑二丁目１－３　１F,,,2024-01-01,2029-12-31
店舗販売業,21906-350,ドラッグジャパン　栗東店,520-3024,栗東市小柿三丁目５,株式会社スギ薬局,,2025-01-01,2030-12-31
店舗販売業,21914-350,ココカラファイン　平井店,525-0023,草津市平井五丁目１７－１３,株式会社ココカラファイン　ヘルスケア,,2025-01-01,2030-12-31
店舗販売業,21928-350,ドラッグユタカ　栗東安養寺店,520-3015,栗東市安養寺三丁目１－３９,株式会社ユタカファーマシー,,2025-01-01,2030-12-31
店舗販売業,21958-350,タムラ薬販,520-2341,野洲市行畑２６４－１,,,2025-01-01,2030-12-31
店舗販売業,21963-350,クスリのアオキ　霊仙寺店,520-3035,栗東市霊仙寺一丁目４－６,株式会社クスリのアオキ,,2026-01-01,2031-12-31
店舗販売業,21964-350,クスリのアオキ　目川店,520-3013,栗東市目川１４３３,株式会社クスリのアオキ,,2026-01-01,2031-12-31
店舗販売業,21985-350,ウエルシア野洲小篠原店,520-2331,野洲市小篠原１６１１－１,ウエルシア薬局株式会社,,2026-01-01,2031-12-31
店舗販売業,21991-350,ウエルシア滋賀守山店,524-0022,守山市守山六丁目１０－３７,ウエルシア薬局株式会社,,2026-01-01,2031-12-31
店舗販売業,21994-350,ウエルシア栗東手原店,520-3047,栗東市手原一丁目９－１７,ウエルシア薬局株式会社,,2026-01-01,2031-12-31
店舗販売業,22010-350,クスリキリン堂　草津図書館前店,525-0036,草津市草津町１５４２,株式会社キリン堂,,2026-01-01,2031-12-31
店舗販売業,22055-350,ツルハドラッグ栗東安養寺店,520-3015,栗東市安養寺八丁目２－２２,株式会社ツルハ,,2021-01-01,2026-12-31
店舗販売業,22097-350,ドラッグユタカ栗東小柿店,520-3024,栗東市小柿六丁目４－２８,株式会社ユタカファーマシー,,2021-01-01,2026-12-31
店舗販売業,22108-350,薬マツモトキヨシ　ピエリ守山店,524-0101,守山市今浜町２６２０－５　ピエリ守山１階,株式会社マツモトキヨシ,,2021-01-01,2026-12-31
店舗販売業,22118-350,ドラッグユタカ野洲店,520-2352,野洲市冨波乙８２８,株式会社ユタカファーマシー,,2022-01-01,2027-12-31
店舗販売業,22140-350,スギドラッグ　草津店,525-0036,草津市草津町１５２０－１,株式会社スギ薬局,,2022-01-01,2027-12-31
店舗販売業,22162-350,クスリのアオキ　川田店,524-0001,守山市川田町７５７－１,株式会社クスリのアオキ,,2022-01-01,2027-12-31
店舗販売業,22165-350,Ｖ・ｄｒｕｇ　霊仙寺店,520-3035,栗東市霊仙寺五丁目３－２０,中部薬品株式会社,,2022-01-01,2027-12-31
店舗販売業,22212-350,ドラッグコスモスへそ店,520-3031,栗東市綣四丁目２－２１,株式会社コスモス薬品,,2023-01-01,2028-12-31
店舗販売業,22240-350,ドラッグユタカ守山播磨田店,524-0012,守山市播磨田町６６３－１,株式会社ユタカファーマシー,,2024-01-01,2029-12-31
店舗販売業,22262-350,スギドラッグ　守山東店,524-0041,守山市勝部五丁目７－１８,株式会社スギ薬局,,2024-01-01,2029-12-31
店舗販売業,22273-350,スギドラッグ　栗東ひがし店,520-3041,栗東市出庭５２３－１,株式会社スギ薬局,,2025-01-01,2030-12-31
店舗販売業,22283-350,スギドラッグ　草津大路店,525-0032,草津市大路三丁目５－８,株式会社スギ薬局,,2025-01-01,2030-12-31
店舗販売業,22317-350,ウエルシア草津野路店,525-0059,草津市野路四丁目４－１,ウエルシア薬局株式会社,,2026-01-01,2031-12-31
店舗販売業,22318-350,ドラッグユタカ　栗東野尻店,520-3027,栗東市野尻５８０,株式会社ユタカファーマシー,,2026-01-01,2031-12-31
店舗販売業,22356-350,スギドラッグ　野洲店,520-2331,野洲市小篠原１９８０－５,株式会社スギ薬局,,2026-01-01,2031-12-31
店舗販売業,22357-350,クスリのアオキ野洲店,520-2331,野洲市小篠原１２６９－２,株式会社クスリのアオキ,,2026-01-01,2031-12-31
店舗販売業,22363-350,ドラッグユタカ草津追分南店,525-0048,草津市追分南二丁目１１－１１,株式会社ユタカファーマシー,,2026-01-01,2031-12-31
店舗販売業,22376-350,スギドラッグ　エイスクエア店,525-0025,草津市西渋川一丁目２３－３　エイスクエアＳＡＲＡ東館１階,株式会社スギ薬局,,2021-01-25,2026-12-31
店舗販売業,22435-350,ローソンＳ栗東大橋店,520-3046,栗東市大橋七丁目２－２２,株式会社ＦＲＬ,,2021-10-12,2026-12-31
店舗販売業,22438-350,ウエルシア野洲市三宅店,520-2362,野洲市市三宅２３７５,ウエルシア薬局株式会社,,2021-11-15,2026-12-31
店舗販売業,22440-350,ウエルシア守山今宿店,524-0046,守山市今宿四丁目５－１０,ウエルシア薬局株式会社,,2021-12-13,2026-12-31
店舗販売業,22451-350,株式会社高岡屋,525-0034,草津市草津三丁目９－１４,株式会社高岡屋,,2022-02-03,2027-12-31
店舗販売業,22454-350,スギドラッグ　南草津店,525-0055,草津市南草津プリムタウン四丁目１７－３０　ルビットパーク南草津,株式会社スギ薬局,,2022-04-06,2027-12-31
店舗販売業,22455-350,ドラッグユタカ南草津店,525-0055,草津市野路町６８９－３,株式会社ユタカファーマシー,,2022-04-19,2027-12-31
店舗販売業,22467-350,ウエルシア滋賀草津町店,525-0036,草津市草津町１８９９,ウエルシア薬局株式会社,,2022-05-17,2027-12-31
店舗販売業,22474-350,スーパーセンタートライアル草津矢橋店,525-0066,草津市矢橋町２２１,株式会社トライアルストアーズ,,2022-08-24,2027-12-31
店舗販売業,22475-350,サンドラッグ野洲店,520-2331,野洲市小篠原１０００　アルプラザ野洲店１階,株式会社サンドラッグ,,2022-08-19,2027-12-31
店舗販売業,22502-350,ドラッグコスモス川原店,525-0022,草津市川原一丁目９－１,株式会社コスモス薬品,,2022-12-05,2027-12-31
店舗販売業,22513-350,フジ薬品　アルプラザ,525-0025,草津市西渋川一丁目２３－３０　アルプラザ草津内,有限会社フジ薬局,,2023-01-12,2028-12-31
店舗販売業,22524-350,マルワ漢方,525-0032,草津市大路一丁目８－２５　エムビル１Ｆ,,,2023-03-22,2028-12-31
店舗販売業,22542-350,クスリのアオキ草津下物店,525-0001,草津市下物町５１－１,株式会社クスリのアオキ,,2023-06-28,2028-12-31
店舗販売業,22582-350,松喬堂,520-2331,野洲市小篠原１９７９,,,2024-02-28,2029-12-31
店舗販売業,22610-350,ローソン　栗東御園店,520-3005,栗東市御園１８９３,,,2025-02-03,2030-12-31
店舗販売業,22612-350,クスリキリン堂　守山駅前店,524-0037,守山市梅田町２８－１,株式会社キリン堂,,2024-09-05,2029-12-31
店舗販売業,22617-350,ゲンキー小島店,524-0002,守山市小島町１６０２,ゲンキー株式会社,,2024-11-04,2030-11-03
店舗販売業,22628-350,クスリのアオキ草津野村店,525-0027,草津市野村四丁目３－３,株式会社クスリのアオキ,,2025-02-05,2030-12-31
店舗販売業,22636-350,薬マツモトキヨシ　ハズイタウン守山店,524-0045,守山市金森町４８８,株式会社マツモトキヨシ,,2025-02-12,2030-12-31
店舗販売業,22653-350,スギドラッグ　守山店,524-0021,守山市吉身三丁目１４－３０,株式会社スギ薬局,,2025-05-01,2030-12-31
店舗販売業,22654-350,ゲンキ―山田店,525-0061,草津市北山田町坊ノ後６９－１,ゲンキ―株式会社,,2025-05-12,2031-05-11
店舗販売業,22662-350,クスリキリン堂　草津かがやき通り店,525-0048,草津市追分南三丁目２５－４,株式会社キリン堂,,2025-07-01,2030-12-31
店舗販売業,22664-350,ドラッグコスモス小柿店,520-3024,栗東市小柿三丁目４－４３,株式会社コスモス薬品,,2025-07-14,2030-12-31
店舗販売業,22691-350,ゲンキー西渋川店,525-0025,草津市西渋川二丁目１－２８,ゲンキー株式会社,,2026-03-09,2032-03-08
店舗販売業,22694-350,ドラッグコスモス下鈎店,520-3026,栗東市下鈎８９６,株式会社コスモス薬品,,2026-03-17,2031-12-31
店舗販売業,30034-350,昭和化学工業株式会社,520-3433,甲賀市甲賀町大原市場１５７,昭和化学工業株式会社,,2022-01-01,2027-12-31
店舗販売業,30035-350,日新製薬株式会社,528-0013,甲賀市水口町宮の前２－６２,日新製薬株式会社,,2024-01-01,2029-12-31
店舗販売業,30074-350,ニコニコ薬店,520-3105,湖南市石部西一丁目３－４,,,2023-01-01,2028-12-31
店舗販売業,30309-350,健康相談処たつおか,528-0235,甲賀市土山町大野４９５８－１,,,2022-01-01,2027-12-31
店舗販売業,30366-350,平和堂薬品　アル・プラザ水口,528-0037,甲賀市水口町本綾野５６６－１,株式会社平和堂,,2021-01-01,2026-12-31
店舗販売業,30380-350,ドラッグユタカ　信楽店,529-1835,甲賀市信楽町長野１２８０－３,株式会社ユタカファーマシー,,2022-01-01,2027-12-31
店舗販売業,30399-350,ドラッグユタカ　水口店,528-0037,甲賀市水口町本綾野２－２,株式会社ユタカファーマシー,,2021-01-01,2026-12-31
店舗販売業,30566-350,ドラッグユタカ　甲南店,520-3313,甲賀市甲南町新治２０２７,株式会社ユタカファーマシー,,2022-01-01,2027-12-31
店舗販売業,30567-350,ドラッグユタカ　土山店,528-0235,甲賀市土山町大野４９４６－１,株式会社ユタカファーマシー,,2021-01-01,2026-12-31
店舗販売業,30573-350,カインズ　甲賀店,528-0056,甲賀市水口町泉１４０５,株式会社カインズ,,2021-01-01,2026-12-31
店舗販売業,30631-350,クスリキリン堂　甲南町店,520-3311,甲賀市甲南町竜法師３３８－３　フレンドタウン甲賀,株式会社キリン堂,,2021-01-01,2026-12-31
店舗販売業,30655-350,ドラッグユタカ　水口暁店,528-0012,甲賀市水口町暁５１３３,株式会社ユタカファーマシー,,2021-01-01,2026-12-31
店舗販売業,30697-350,西友水口店薬売場,528-0005,甲賀市水口町水口６０８４－１,株式会社西友,,2023-01-01,2028-12-31
店舗販売業,30699-350,日新薬品工業株式会社,520-3426,甲賀市甲賀町田堵野８０－１,日新薬品工業株式会社,,2023-01-01,2028-12-31
店舗販売業,30715-350,こぶけ薬品,528-0017,甲賀市水口町京町６－１,,,2024-01-01,2029-12-31
店舗販売業,30716-350,こぶけ薬品,528-0042,甲賀市水口町虫生野中央９０,,,2024-01-01,2029-12-31
店舗販売業,30722-350,スギドラッグ　甲西店,520-3252,湖南市岩根３６７,株式会社スギ薬局,,2024-01-01,2029-12-31
店舗販売業,30735-350,株式会社大正堂,528-0028,甲賀市水口町城東３－３８,株式会社大正堂,,2025-01-01,2030-12-31
店舗販売業,30744-350,ツルハドラッグ　菩提寺店,520-3242,湖南市菩提寺西三丁目１１－１３,株式会社ツルハ,,2025-01-01,2030-12-31
店舗販売業,30758-350,ウエルシア甲賀水口貴生川店,528-0049,甲賀市水口町貴生川二丁目６２,ウエルシア薬局株式会社,,2026-01-01,2031-12-31
店舗販売業,30766-350,ザ・ビッグエクストラ湖南店ドラッグ,520-3252,湖南市岩根４５８０,イオンビッグ株式会社,,2026-01-01,2031-12-31
店舗販売業,30805-350,ドラッグコスモス夏見店,520-3223,湖南市夏見２１３１,株式会社コスモス薬品,,2022-01-01,2027-12-31
店舗販売業,30808-350,クスリのアオキ石部東店,520-3107,湖南市石部東六丁目４－１０,株式会社クスリのアオキ,,2022-01-01,2027-12-31
店舗販売業,30815-350,ドラッグユタカ　石部店,520-3106,湖南市石部中央六丁目１－３１,株式会社ユタカファーマシー,,2022-01-01,2027-12-31
店舗販売業,30823-350,クスリのアオキ　水口店,528-0005,甲賀市水口町水口６０２０－１,株式会社クスリのアオキ,,2022-01-01,2027-12-31
店舗販売業,30824-350,ドラッグジャパン　信楽店,529-1851,甲賀市信楽町長野１２９６－１,株式会社スギ薬局,,2022-01-01,2027-12-31
店舗販売業,30853-350,スーパーセンタートライアル湖南店,520-3233,湖南市柑子袋２５０－５,株式会社トライアルストアーズ,,2024-01-01,2029-12-31
店舗販売業,30871-350,ドラッグユタカ甲西店,520-3254,湖南市岩根中央三丁目７,株式会社ユタカファーマシー,,2024-01-01,2029-12-31
店舗販売業,30887-350,ドラッグコスモス甲南野田店,520-3308,甲賀市甲南町野田５０５－１,株式会社コスモス薬品,,2025-01-01,2030-12-31
店舗販売業,30893-350,ドラッグコスモス石部店,520-3106,湖南市石部中央四丁目７－４０,株式会社コスモス薬品,,2026-01-01,2031-12-31
店舗販売業,30896-350,ドラッグコスモス名坂店,528-0036,甲賀市水口町東名坂２８３－１,株式会社コスモス薬品,,2026-01-01,2031-12-31
店舗販売業,30897-350,ドラッグユタカ水口的場店,528-0000,甲賀市水口町的場１０６,株式会社ユタカファーマシー,,2026-01-01,2031-12-31
店舗販売業,30903-350,大野養真堂,528-0005,甲賀市水口町水口３２０５,有限会社大野養真堂,,2026-01-01,2031-12-31
店舗販売業,30906-350,ドラッグコスモス甲賀市役所前店,528-0005,甲賀市水口町水口６１９５,株式会社コスモス薬品,,2026-01-01,2031-12-31
店舗販売業,30912-350,クスリのアオキ土山店,528-0235,甲賀市土山町大野５００５－１,株式会社クスリのアオキ,,2021-03-31,2026-12-31
店舗販売業,30915-350,クスリのアオキ三雲店,520-3221,湖南市三雲２３８－５,株式会社クスリのアオキ,,2021-04-28,2026-12-31
店舗販売業,30924-350,クスリのアオキ甲賀店,520-3433,甲賀市甲賀町大原市場７９９,株式会社クスリのアオキ,,2022-01-19,2027-12-31
店舗販売業,30961-350,ゲンキー土山頓宮店,528-0232,甲賀市土山町前野１１７－１,ゲンキー株式会社,,2023-01-16,2029-01-15
店舗販売業,30967-350,ツルハドラッグ湖南岩根店,520-3252,湖南市岩根４５８０　イオンタウン湖南　１階,株式会社ツルハ,,2024-02-01,2029-12-31
店舗販売業,30971-350,ゲンキー甲南野田店,520-3308,甲賀市甲南町野田７９１－１,ゲンキー株式会社,,2024-04-01,2029-12-31
店舗販売業,31000-350,ドラッグユタカ甲西中央店,520-3234,湖南市中央一丁目４０－１,株式会社ユタカファーマシー,,2025-03-26,2030-12-31
店舗販売業,31006-350,ゲンキー信楽店,529-1851,甲賀市信楽町長野６７２,ゲンキー株式会社,,2025-05-26,2030-12-31
店舗販売業,31019-350,自然と漢方　サンポウ,520-3322,甲賀市甲南町深川２５３１－２,株式会社志貫堂,,2025-10-27,2030-12-31
店舗販売業,40004-350,太陽堂　本店,527-0029,東近江市八日市町１３－１５,株式会社太陽堂薬局,,2021-01-01,2026-12-31
店舗販売業,40037-350,ドラッグユタカ　五個荘店,529-1413,東近江市五個荘簗瀬町４－３,株式会社ユタカファーマシー,,2021-01-01,2026-12-31
店舗販売業,40282-350,島田薬品,520-2531,蒲生郡竜王町山之上４５８２－１,,,2022-01-01,2027-12-31
店舗販売業,40283-350,中村薬品,523-0005,近江八幡市末広町６７１,,,2024-01-01,2029-12-31
店舗販売業,40525-350,福地製薬株式会社　日野工場,529-1606,蒲生郡日野町寺尻８２４,福地製薬株式会社,,2023-01-01,2028-12-31
店舗販売業,40532-350,ドラッグユタカ　八日市店,527-0013,東近江市東中野町３１４,株式会社ユタカファーマシー,,2021-01-01,2026-12-31
店舗販売業,40599-350,片岡薬店,523-0005,近江八幡市末広町７３４,,,2023-01-01,2028-12-31
店舗販売業,40627-350,ドラッグユタカ　八日市御園店,527-0057,東近江市岡田町１１８,株式会社ユタカファーマシー,,2022-01-01,2027-12-31
店舗販売業,40685-350,ドラッグユタカ　能登川店,521-1224,東近江市林町２３６,株式会社ユタカファーマシー,,2022-01-01,2027-12-31
店舗販売業,40700-350,ＣｏＣｏドラ　フレンドマート能登川店,521-1221,東近江市垣見町１５１５　フレンドマート能登川店内,株式会社平和堂,,2023-01-01,2028-12-31
店舗販売業,40724-350,ケンユードラッグ,527-0016,東近江市今崎町１６３　ＭＥＧＡドン・キホーテＵＮＹ東近江店内,,,2024-01-01,2029-12-31
店舗販売業,40734-350,クスリキリン堂　東浜店,527-0021,東近江市八日市東浜町２－２４,株式会社キリン堂,,2021-01-01,2026-12-31
店舗販売業,41008-350,ドラッグユタカ　日野店,529-1601,蒲生郡日野町松尾９４８－１０,株式会社ユタカファーマシー,,2022-01-01,2027-12-31
店舗販売業,41057-350,株式会社　近江兄弟社,523-8515,近江八幡市魚屋町元２９,株式会社　近江兄弟社,,2024-01-01,2029-12-31
店舗販売業,41070-350,平和堂薬品　アル・プラザ近江八幡,523-0893,近江八幡市桜宮町２０２－１　アルプラザ近江八幡１階内,株式会社平和堂,,2024-01-01,2029-12-31
店舗販売業,41181-350,鳥居薬品,523-0013,近江八幡市長光寺町２１,,,2022-01-01,2027-12-31
店舗販売業,41184-350,株式会社日吉,523-0821,近江八幡市多賀町３７２－２,株式会社日吉,,2022-01-01,2027-12-31
店舗販売業,41202-350,ドラッグユタカ安土店,521-1311,近江八幡市安土町下豊浦４７０５－１,株式会社ユタカファーマシー,,2022-01-01,2027-12-31
店舗販売業,41206-350,有限会社八幡健康プラザ,523-0061,近江八幡市江頭町４６２－１,有限会社八幡健康プラザ,,2022-01-01,2027-12-31
店舗販売業,41230-350,ドラッグユタカ近江八幡店,523-0893,近江八幡市桜宮町２００－９,株式会社ユタカファーマシー,,2022-01-01,2027-12-31
店舗販売業,41237-350,ドラッグユタカ竜王店,520-2552,蒲生郡竜王町小口１６６４－１,株式会社ユタカファーマシー,,2023-01-01,2028-12-31
店舗販売業,41276-350,日野薬品工業株式会社,529-1642,蒲生郡日野町上野田１１９,日野薬品工業株式会社,,2024-01-01,2029-12-31
店舗販売業,41315-350,蒲生ドラッグ,529-1537,東近江市市子殿町１３８６,株式会社レークケア,,2025-01-01,2030-12-31
店舗販売業,41320-350,堀井百薬堂,523-0057,近江八幡市田中江町２３８,,,2025-01-01,2030-12-31
店舗販売業,41325-350,ソムリエの薬剤師がやってるお店です。,523-0061,近江八幡市江頭町４４８－３,株式会社日本飲兵衛薬剤師機構,,2025-01-01,2030-12-31
店舗販売業,41330-350,スギドラッグ　八日市店,527-0025,東近江市八日市東本町６－４８,株式会社スギ薬局,,2026-01-01,2031-12-31
店舗販売業,41335-350,クスリのアオキ東近江幸町店,527-0031,東近江市幸町１－８,株式会社クスリのアオキ,,2026-01-01,2031-12-31
店舗販売業,41339-350,平和堂薬品　フレンドマート日野店,529-1601,蒲生郡日野町松尾８４４－１０,株式会社平和堂,,2026-01-01,2031-12-31
店舗販売業,41349-350,ウエルシア東近江八日市店,527-0015,東近江市中野町２６９,ウエルシア薬局株式会社,,2026-01-01,2031-12-31
店舗販売業,41350-350,クスリのアオキ東沖野店,527-0033,東近江市東沖野五丁目１７－１,株式会社クスリのアオキ,,2026-01-01,2031-12-31
店舗販売業,41369-350,有限会社くすりのエンゼル,527-0042,東近江市外町５６１－２,有限会社くすりのエンゼル,,2021-01-01,2026-12-31
店舗販売業,41405-350,ローソン　日野河原店,529-1602,蒲生郡日野町河原一丁目１７,株式会社酢屋忠本店,,2022-01-01,2027-12-31
店舗販売業,41414-350,ドラッグユタカ近江八幡十王店,523-0063,近江八幡市十王町８６－４,株式会社ユタカファーマシー,,2022-01-01,2027-12-31
店舗販売業,41416-350,マツモトキヨシＯＵＴＬＥＴ　三井アウトレットパーク滋賀竜王店,520-2551,蒲生郡竜王町薬師１１７８－６９４,株式会社マツモトキヨシ,,2022-01-01,2027-12-31
店舗販売業,41433-350,平和堂薬品　アル・プラザ八日市,527-0011,東近江市八日市浜野町３－１　アル・プラザ八日市１階,株式会社平和堂,,2022-01-01,2027-12-31
店舗販売業,41435-350,ウエルシア　近江八幡若宮店,523-0037,近江八幡市東町１８７－１,ウエルシア薬局株式会社,,2022-01-01,2027-12-31
店舗販売業,41442-350,山田薬舗,529-1601,蒲生郡日野町松尾１５１６,,,2023-01-01,2028-12-31
店舗販売業,41448-350,ドラッグコスモス蒲生日野店,529-1641,蒲生郡日野町日田６５,株式会社コスモス薬品,,2023-01-01,2028-12-31
店舗販売業,41453-350,和音漢方堂,523-0893,近江八幡市桜宮町２０６－２０　ヤマセビル１－Ａ,,,2023-01-01,2028-12-31
店舗販売業,41464-350,ウエルシア　東近江沖野店,527-0034,東近江市沖野四丁目１－７,ウエルシア薬局株式会社,,2024-01-01,2029-12-31
店舗販売業,41473-350,ドラッグコスモス中野店,527-0015,東近江市中野町６０３－１,株式会社コスモス薬品,,2024-01-01,2029-12-31
店舗販売業,41474-350,クスリのアオキ日野店,529-1601,蒲生郡日野町松尾一丁目１８,株式会社クスリのアオキ,,2024-01-01,2029-12-31
店舗販売業,41477-350,スギドラッグ　近江八幡北店,523-0828,近江八幡市宮内町１８７,株式会社スギ薬局,,2024-01-01,2029-12-31
店舗販売業,41479-350,クスリのアオキ清水店,527-0018,東近江市八日市清水三丁目２－２７,株式会社クスリのアオキ,,2024-01-01,2029-12-31
店舗販売業,41482-350,ドラッグユタカ近江八幡武佐店,523-0012,近江八幡市武佐町４９４－４,株式会社ユタカファーマシー,,2024-01-01,2029-12-31
店舗販売業,41483-350,ウエルシア近江八幡多賀町店,523-0821,近江八幡市多賀町４６０,ウエルシア薬局株式会社,,2024-01-01,2029-12-31
店舗販売業,41496-350,クスリのアオキ出町店,523-0892,近江八幡市出町１８０,株式会社クスリのアオキ,,2025-01-01,2030-12-31
店舗販売業,41505-350,スギドラッグ能登川店,521-1221,東近江市垣見町９７１,株式会社スギ薬局,,2025-01-01,2030-12-31
店舗販売業,41538-350,西友八日市店　薬売場,527-0023,東近江市八日市緑町９－３０,株式会社西友,,2026-01-01,2031-12-31
店舗販売業,41552-350,ウエルシア近江八幡鷹飼店,523-0891,近江八幡市鷹飼町４５５－１,ウエルシア薬局株式会社,,2021-03-11,2026-12-31
店舗販売業,41557-350,クスリのアオキ五個荘店,529-1415,東近江市五個荘五位田町１１番地,株式会社クスリのアオキ,,2021-05-06,2026-12-31
店舗販売業,41566-350,スギドラッグ　近江八幡南店,523-0891,近江八幡市鷹飼町南三丁目１番地１１,株式会社スギ薬局,,2021-09-24,2026-12-31
店舗販売業,41572-350,クスリのアオキ安土店,521-1311,近江八幡市安土町下豊浦８７１３－１,株式会社クスリのアオキ,,2022-01-04,2027-12-31
店舗販売業,41573-350,養生庵　sakai,527-0004,東近江市建部堺町２０８,,,2022-01-20,2027-12-31
店舗販売業,41590-350,ゲンキー八日市御園店,527-0052,東近江市寺町５８８－２,ゲンキー株式会社,,2022-05-24,2028-05-23
店舗販売業,41593-350,クスリのアオキ湖東店,527-0113,東近江市池庄町２１３１,株式会社クスリのアオキ,,2022-06-22,2027-12-31
店舗販売業,41594-350,ゲンキーひばり通り店,527-0034,東近江市沖野二丁目字沖野１１７,ゲンキー株式会社,,2022-07-05,2027-12-31
店舗販売業,41604-350,ゲンキー五個荘店,529-1444,東近江市五個荘石塚町１９０－４,ゲンキー株式会社,,2022-09-19,2028-09-18
店舗販売業,41627-350,クスリキリン堂　近江八幡西庄店,523-0816,近江八幡市西庄町２７８１,株式会社キリン堂,,2022-12-16,2027-12-31
店舗販売業,41649-350,ゲンキー山之上店,520-2531,蒲生郡竜王町山之上５１８９,ゲンキー株式会社,,2023-10-16,2029-10-15
店舗販売業,41651-350,ウエルシア　東近江市子殿店,529-1537,東近江市市子殿町２４０－２,ウエルシア薬局株式会社,,2023-10-23,2028-12-31
店舗販売業,41653-350,スギドラッグ　近江八幡西店,523-0031,近江八幡市堀上町１２７－１,株式会社スギ薬局,,2023-11-02,2028-12-31
店舗販売業,41659-350,スギドラッグ　八日市南店,527-0013,東近江市東中野町４－２３,株式会社スギ薬局,,2023-12-01,2028-12-31
店舗販売業,41663-350,ゲンキー湖東長店,527-0122,東近江市長町１４１－４,ゲンキー株式会社,,2024-02-19,2030-02-18
店舗販売業,41694-350,クスリのアオキ近江八幡白鳥店,523-0032,近江八幡市白鳥町９７－１,株式会社クスリのアオキ,,2025-01-15,2030-12-31
店舗販売業,41699-350,ウエルシア東近江佐野町店,521-1222,東近江市佐野町６６５－１,ウエルシア薬局株式会社,,2025-03-24,2030-12-31
店舗販売業,41700-350,ゲンキー八日市清水店,527-0018,東近江市八日市清水二丁目１２－３１,ゲンキー株式会社,,2025-04-07,2031-04-06
店舗販売業,41703-350,スギドラッグ　近江八幡店,523-0894,近江八幡市中村町４９－１３,株式会社スギ薬局,,2025-05-01,2030-12-31
店舗販売業,41704-350,ゲンキー鷹飼店,523-0896,近江八幡市鷹飼町北三丁目２－９,ゲンキー株式会社,,2025-05-05,2031-05-04
店舗販売業,41705-350,ゲンキー猪子店,521-1223,東近江市猪子町４３７－３,ゲンキー株式会社,,2025-05-12,2031-05-11
店舗販売業,41717-350,スーパーセンタートライアル近江八幡店,523-0083,近江八幡市小船木町８３１－１,株式会社トライアルストアーズ,,2025-08-07,2030-12-31
店舗販売業,41730-350,ドラッグユタカ能登川佐野店,521-1222,東近江市佐野町１９８－１,株式会社ユタカファーマシー,,2025-12-05,2030-12-31
店舗販売業,41738-350,ゲンキー江頭店,523-0061,近江八幡市江頭町４３８－２,ゲンキー株式会社,,2026-03-02,2032-03-01
店舗販売業,41740-350,ゲンキー内池店,529-1644,蒲生郡日野町内池９３１,ゲンキー株式会社,,2026-03-30,2032-03-29
店舗販売業,60362-350,ドラッグユタカ　彦根高宮店,522-0201,彦根市高宮町１５５８,株式会社ユタカファーマシー,,2022-01-01,2027-12-31
店舗販売業,60534-350,ドラッグユタカ　彦根店,522-0069,彦根市馬場一丁目７－２,株式会社ユタカファーマシー,,2022-01-01,2027-12-31
店舗販売業,60721-350,カインズ彦根店,522-0069,彦根市馬場二丁目１－１,株式会社カインズ,,2021-01-01,2026-12-31
店舗販売業,60835-350,ドラッグユタカ　彦根地蔵店,522-0029,彦根市地蔵町１８０－３,株式会社ユタカファーマシー,,2021-01-01,2026-12-31
店舗販売業,60887-350,ドラッグユタカ　甲良店,522-0244,犬上郡甲良町在士８０９,株式会社ユタカファーマシー,,2021-01-01,2026-12-31
店舗販売業,60899-350,クスリキリン堂　南彦根店,522-0054,彦根市西今町４３５－１,株式会社キリン堂,,2021-01-01,2026-12-31
店舗販売業,60907-350,ドラッグユタカ　彦根南店,522-0055,彦根市野瀬町１５４－１,株式会社ユタカファーマシー,,2022-01-01,2027-12-31
店舗販売業,60916-350,Ｂｅａｕｔｙ　Ｒｏａｄ　アル・プラザ彦根,522-0074,彦根市大東町２－２８　アルプラザ彦根１Ｆ内,株式会社平和堂,,2022-01-01,2027-12-31
店舗販売業,60917-350,ウェルネス　サワ,522-0044,彦根市竹ケ鼻町４３－２　ＶｉｖａＣｉｔｙ彦根１Ｆ,株式会社エスウィン,,2022-01-01,2027-12-31
店舗販売業,60919-350,スギドラッグ　彦根東店,522-0038,彦根市西沼波町２６４－１,株式会社スギ薬局,,2022-01-01,2027-12-31
店舗販売業,60930-350,サンドラッグ　愛知川店,529-1331,愛知郡愛荘町愛知川５８　平和堂愛知川店アモール内,株式会社サンドラッグ,,2022-01-01,2027-12-31
店舗販売業,60962-350,びわこ薬品,522-0027,彦根市東沼波町２４９－２,,,2024-01-01,2029-12-31
店舗販売業,60978-350,ベイシア　彦根店,522-0069,彦根市馬場二丁目１－１,株式会社ベイシア,,2024-01-01,2029-12-31
店舗販売業,60979-350,スギドラッグ　稲枝店,521-1124,彦根市野良田町３１１,株式会社スギ薬局,,2024-01-01,2029-12-31
店舗販売業,61016-350,Ｂｅａｕｔｙ　Ｒｏａｄ ビバシティ平和堂,522-0044,彦根市竹ケ鼻町４３－１　ビバシティ平和堂1階内,株式会社平和堂,,2025-01-01,2030-12-31
店舗販売業,61017-350,ザ・ビッグエクストラ彦根店ドラッグ,522-0007,彦根市古沢町２５５－１,イオンビッグ株式会社,,2025-01-01,2030-12-31
店舗販売業,61034-350,ドラッグユタカ日夏店,522-0047,彦根市日夏町３６９６,株式会社ユタカファーマシー,,2026-01-01,2031-12-31
店舗販売業,61049-350,クスリキリン堂　彦根後三条店,522-0086,彦根市後三条町６３１,株式会社キリン堂,,2026-01-01,2031-12-31
店舗販売業,61102-350,クスリのアオキ西今店,522-0054,彦根市西今町３１４－１,株式会社クスリのアオキ,,2022-01-01,2027-12-31
店舗販売業,61112-350,ドラッグユタカ彦根中央店,522-0043,彦根市小泉町８６９－４,株式会社ユタカファーマシー,,2022-01-01,2027-12-31
店舗販売業,61121-350,ドラッグコスモス豊郷店,529-1175,犬上郡豊郷町沢１７９－４,株式会社コスモス薬品,,2022-01-01,2027-12-31
店舗販売業,61125-350,ドラッグコスモスベルロード店,522-0041,彦根市平田町５４６,株式会社コスモス薬品,,2022-01-01,2027-12-31
店舗販売業,61133-350,ザ・ビッグ豊郷店ドラッグ,529-1173,犬上郡豊郷町高野瀬１９７－１　ザ・ビッグ豊郷店内,イオンビッグ株式会社,,2023-01-01,2028-12-31
店舗販売業,61143-350,クスリのアオキ彦根駅前店,522-0074,彦根市大東町７－３０,株式会社クスリのアオキ,,2023-01-01,2028-12-31
店舗販売業,61145-350,スギドラッグ彦根中央店,522-0039,彦根市和田町４７－２,株式会社スギ薬局,,2023-01-01,2028-12-31
店舗販売業,61169-350,ドラッグコスモス彦根駅東店,522-0010,彦根市駅東町３－３,株式会社コスモス薬品,,2024-01-01,2029-12-31
店舗販売業,61171-350,ドラッグコスモス愛知川店,529-1321,愛知郡愛荘町豊満１２５９,株式会社コスモス薬品,,2024-01-01,2029-12-31
店舗販売業,61173-350,近江治療院　東洋療法専門院,522-0054,彦根市西今町７２０－３２,,,2024-01-01,2029-12-31
店舗販売業,61188-350,薬　小川長寿堂,522-0341,犬上郡多賀町多賀６４３,,,2026-01-01,2031-12-31
店舗販売業,61216-350,クスリのアオキ岡町店,522-0037,彦根市岡町２５－１,株式会社クスリのアオキ,,2021-10-27,2026-12-31
店舗販売業,61251-350,クスリのアオキ秦荘店,529-1234,愛知郡愛荘町安孫子２４３,株式会社クスリのアオキ,,2023-01-04,2028-12-31
店舗販売業,61261-350,ゲンキー後三条店,522-0051,彦根市中藪町５９７－２,ゲンキー株式会社,,2023-05-29,2028-12-31
店舗販売業,61262-350,漢方相談　ウェルネスサワ,522-0236,彦根市犬方町６９３,株式会社エスウィン,,2023-06-30,2028-12-31
店舗販売業,61296-350,ゲンキー川瀬馬場店,522-0223,彦根市川瀬馬場町１０８９－１,ゲンキー株式会社,,2024-07-15,2029-12-31
店舗販売業,61302-350,スギドラッグ　河瀬店,522-0223,彦根市川瀬馬場町１０８０－１,株式会社スギ薬局,,2024-09-01,2029-12-31
店舗販売業,61313-350,ゲンキー高宮店,522-0201,彦根市高宮町８０３－１,ゲンキー株式会社,,2025-05-19,2031-05-18
店舗販売業,61314-350,ゲンキー甲良店,522-0244,犬上郡甲良町在士３４８－１,ゲンキー株式会社,,2025-06-09,2031-06-08
店舗販売業,61330-350,メガセンタートライアル彦根店,522-0223,彦根市川瀬馬場町２２０,株式会社トライアルストアーズ,,2026-03-19,2031-12-31
店舗販売業,70052-350,和光薬品,529-0133,長浜市新旭町１６６,,,2024-01-01,2029-12-31
店舗販売業,70053-350,片山薬店,526-0059,長浜市元浜町１１－２５,,,2023-01-01,2028-12-31
店舗販売業,70056-350,ドラッグミヤゲン,526-0053,長浜市宮前町１６－７,有限会社宮源商店,,2023-01-01,2028-12-31
店舗販売業,70422-350,川薬留,526-0059,長浜市元浜町２７－１２,,,2024-01-01,2029-12-31
店舗販売業,70442-350,ドラッグユタカ　３６５店,521-0236,米原市間田５０６－２,株式会社ユタカファーマシー,,2021-01-01,2026-12-31
店舗販売業,70521-350,ドラッグユタカ　浅井店,526-0242,長浜市三田町１７４４－１,株式会社ユタカファーマシー,,2021-01-01,2026-12-31
店舗販売業,70736-350,クスリキリン堂　米原店,521-0016,米原市下多良三丁目２２,株式会社キリン堂,,2021-01-01,2026-12-31
店舗販売業,70843-350,株式会社小林老舗,526-0203,長浜市野瀬町８８０,株式会社小林老舗,,2021-01-01,2026-12-31
店舗販売業,70876-350,ドラッグユタカ長浜八幡中山店,526-0021,長浜市八幡中山町５０３,株式会社ユタカファーマシー,,2022-01-01,2027-12-31
店舗販売業,70879-350,ドラッグユタカ木之本店,529-0426,長浜市木之本町黒田１０７５－１,株式会社ユタカファーマシー,,2022-01-01,2027-12-31
店舗販売業,70883-350,宮本漢方薬店,526-0802,長浜市東上坂町８５８,,,2023-01-01,2028-12-31
店舗販売業,70919-350,ドラッグユタカ近江店,521-0073,米原市箕浦３６６－３,株式会社ユタカファーマシー,,2024-01-01,2029-12-31
店舗販売業,70923-350,Ｂｅａｕｔｙ　Ｒｏａｄ　アルプラザ長浜,526-0845,長浜市小堀町４５０　アル・プラザ長浜１階内,株式会社平和堂,,2024-01-01,2029-12-31
店舗販売業,70932-350,ザ・ビッグ高月店ドラッグ,529-0261,長浜市高月町東物部４５－１,イオンビッグ株式会社,,2025-01-01,2030-12-31
店舗販売業,70943-350,スギドラッグ　長浜店,526-0025,長浜市分木町４－２９,株式会社スギ薬局,,2025-01-01,2030-12-31
店舗販売業,70945-350,スギドラッグ　近江店,521-0073,米原市箕浦３６１－３,株式会社スギ薬局,,2025-01-01,2030-12-31
店舗販売業,70962-350,クスリのアオキ宮司店,526-0831,長浜市宮司町６７７,株式会社クスリのアオキ,,2026-01-01,2031-12-31
店舗販売業,70971-350,平和堂薬品　フレンドマート長浜駅前店,526-0057,長浜市北船町１－１５,株式会社平和堂,,2021-01-01,2026-12-31
店舗販売業,70973-350,ドラッグユタカ長浜店,526-0033,長浜市平方町３７５－４,株式会社ユタカファーマシー,,2021-01-01,2026-12-31
店舗販売業,71053-350,ドラッグコスモス八幡中山店,526-0021,長浜市八幡中山町３０５－４,株式会社コスモス薬品,,2023-01-01,2028-12-31
店舗販売業,71055-350,イズミヤ薬品,526-0031,長浜市八幡東町９－１　長浜楽市１Ｆ,株式会社いずみや商店,,2024-01-01,2029-12-31
店舗販売業,71056-350,いずみや薬店,526-0801,長浜市千草町５１－１２,株式会社いずみや商店,,2024-01-01,2029-12-31
店舗販売業,71070-350,ドラッグコスモス高月店,529-0205,長浜市高月町唐川１３－１,株式会社コスモス薬品,,2024-01-01,2029-12-31
店舗販売業,71073-350,クスリのアオキ神照店,526-0015,長浜市神照町９３１,株式会社クスリのアオキ,,2024-01-01,2029-12-31
店舗販売業,71077-350,クスリのアオキ平方店,526-0033,長浜市平方町３２８,株式会社クスリのアオキ,,2025-01-01,2030-12-31
店舗販売業,71079-350,スギドラッグ　木之本店,529-0425,長浜市木之本町木之本１５８６－４,株式会社スギ薬局,,2025-01-01,2030-12-31
店舗販売業,71084-350,クスリのアオキ近江店,521-0062,米原市宇賀野２５５－１,株式会社クスリのアオキ,,2025-01-01,2030-12-31
店舗販売業,71097-350,ドラッグユタカ長浜園店,526-0061,長浜市祇園町２１,株式会社ユタカファーマシー,,2025-01-01,2030-12-31
店舗販売業,71100-350,くすりのヨシイ,526-0031,長浜市八幡東町３０８－４　１Ｆ,有限会社セイファ,,2025-01-01,2030-12-31
店舗販売業,71132-350,ドラッグユタカ　米原下多良店,521-0016,米原市下多良二丁目５６,株式会社ユタカファーマシー,,2026-01-01,2031-12-31
店舗販売業,71139-350,ドラッグユタカ長浜宮司店,526-0831,長浜市宮司町１２００,株式会社ユタカファーマシー,,2021-03-01,2026-12-31
店舗販売業,71142-350,スギドラッグ　長浜中央店,526-0031,長浜市八幡東町４５０,株式会社スギ薬局,,2021-04-08,2026-12-31
店舗販売業,71151-350,ゲンキー木之本店,529-0425,長浜市木之本町木之本１５１７,ゲンキー株式会社,,2021-08-06,2027-08-05
店舗販売業,71152-350,ドラッグコスモス長浜祇??園店,526-0061,長浜市祇園町３０４－１,株式会社コスモス薬品,,2021-09-09,2026-12-31
店舗販売業,71154-350,クスリのアオキ長浜加納店,526-0804,長浜市加納町６５５－７,株式会社クスリのアオキ,,2021-09-29,2026-12-31
店舗販売業,71161-350,クスリのアオキ虎姫店,529-0141,長浜市五村２０９－１,株式会社クスリのアオキ,,2022-01-26,2027-12-31
店舗販売業,71162-350,ゲンキー米原駅西店,521-0016,米原市下多良一丁目３８,ゲンキー株式会社,,2022-02-14,2028-02-13
店舗販売業,71168-350,クスリのアオキ浅井店,526-0244,長浜市内保町２７０９－１,株式会社クスリのアオキ,,2022-05-18,2027-12-31
店舗販売業,71169-350,ゲンキーびわ店,526-0105,長浜市細江町追崎１２－５,ゲンキー株式会社,,2022-05-26,2028-05-25
店舗販売業,71170-350,ゲンキー湖北店,529-0331,長浜市湖北町八日市下法事９８９－１,ゲンキー株式会社,,2022-05-19,2028-05-18
店舗販売業,71171-350,ゲンキー浅井店,526-0244,長浜市内保町大池８３－２,ゲンキー株式会社,,2022-05-26,2028-05-25
店舗販売業,71178-350,クスリのアオキ山東店,521-0236,米原市間田５８１－４,株式会社クスリのアオキ,,2022-08-17,2027-12-31
店舗販売業,71195-350,ゲンキー近江店,521-0062,米原市宇賀野２１２－１,ゲンキー株式会社,,2023-03-02,2029-03-01
店舗販売業,71198-350,スギドラッグ　長浜南店,526-0042,長浜市勝町１０５,株式会社スギ薬局,,2023-04-04,2028-12-31
店舗販売業,71201-350,ゲンキー西浅井店,529-0701,長浜市西浅井町塩津浜１２０８－６,ゲンキー株式会社,,2023-04-17,2029-04-16
店舗販売業,71202-350,医心堂薬店,521-0236,米原市間田１７３,医心堂健康センター合同会社,,2023-04-06,2028-12-31
店舗販売業,71203-350,ゲンキー山東店,521-0232,米原市坂口１５５,ゲンキー株式会社,,2023-05-12,2029-05-11
店舗販売業,71214-350,ゲンキー河南店,521-0021,米原市河南３４０－１,ゲンキー株式会社,,2023-10-09,2029-10-08
店舗販売業,71241-350,ドラッグユタカ高月店,529-0241,長浜市高月町高月９１０－１,株式会社ユタカファーマシー,,2024-09-16,2029-12-31
店舗販売業,71270-350,ゲンキー南小足店,526-0843,長浜市南小足町２４８,ゲンキー株式会社,,2026-03-02,2032-03-01
店舗販売業,71272-350,ゲンキー杉澤店,521-0322,米原市杉澤９１６,ゲンキー株式会社,,2026-04-13,2032-04-12
店舗販売業,71273-350,ゲンキー地福寺店,526-0036,長浜市地福寺町１０－４０,ゲンキー株式会社,,2026-04-13,2032-04-12
店舗販売業,90019-350,伊場薬店,520-1217,高島市安曇川町田中４３７－２,,,2022-01-01,2027-12-31
店舗販売業,90227-350,ドラッグユタカ安曇川店,520-1212,高島市安曇川町西万木４２９,株式会社ユタカファーマシー,,2022-01-01,2027-12-31
店舗販売業,90308-350,ドラッグユタカ今津店,520-1621,高島市今津町今津１７００,株式会社ユタカファーマシー,,2022-01-01,2027-12-31
店舗販売業,90332-350,Ｂｅａｕｔｙ Ｒｏａｄ　あどがわ店,520-1212,高島市安曇川町西万木５５　平和堂あどがわ店内,株式会社平和堂,,2022-01-01,2027-12-31
店舗販売業,90360-350,ドラッグジャパン　新旭店,520-1522,高島市新旭町新庄1002,株式会社スギ薬局,,2025-01-01,2030-12-31
店舗販売業,90370-350,ドラッグジャパン　今津店,520-1605,高島市今津町南新保４９４－１,株式会社スギ薬局,,2021-01-01,2026-12-31
店舗販売業,90383-350,ドラッグコスモス安曇川店,520-1212,高島市安曇川町西万木１９３,株式会社コスモス薬品,,2022-01-01,2027-12-31
店舗販売業,90393-350,ウエルシア高島新旭店,520-1501,高島市新旭町旭６１０-１,ウエルシア薬局株式会社,,2024-01-01,2029-12-31
店舗販売業,90395-350,SUPER CENTER PLANT 高島店,520-1221,高島市安曇川町青柳１４８６－１,株式会社ＰＬＡＮＴ,,2025-01-01,2030-12-31
店舗販売業,90419-350,きんとく薬舗,520-1221,高島市安曇川町青柳９８５－１,,,2022-01-01,2027-12-31
店舗販売業,90420-350,ゲンキー今津弘川店,520-1611,高島市今津町弘川２９１－１,ゲンキー株式会社,,2022-01-31,2027-12-31
店舗販売業,90421-350,ゲンキー新旭店,520-1501,高島市新旭町旭６５２－１,ゲンキー株式会社,,2022-02-07,2027-12-31
店舗販売業,90425-350,クスリのアオキ高島新旭店,520-1532,高島市新旭町熊野本一丁目７－２,株式会社クスリのアオキ,,2022-08-31,2027-12-31
店舗販売業,90427-350,ゲンキー安曇川店,520-1213,高島市安曇川町五番領１２８－１,ゲンキー株式会社,,2022-11-14,2027-12-31
店舗販売業,90429-350,ドラッグコスモス今津店,520-1611,高島市今津町弘川６５０,株式会社コスモス薬品,,2023-01-06,2028-12-31
店舗販売業,90441-350,クスリのアオキ近江今津店,520-1621,高島市今津町今津１６７７－１９,株式会社クスリのアオキ,,2025-03-26,2030-12-31
